file_name,character,split
Training\a\1.jpg,a,Training
Training\a\10.jpg,a,Training
Training\a\100.jpg,a,Training
Training\a\101.jpg,a,Training
Training\a\102.jpg,a,Training
Training\a\103.jpg,a,Training
Training\a\104.jpg,a,Training
Training\a\105.jpg,a,Training
Training\a\106.jpg,a,Training
Training\a\107.jpg,a,Training
Training\a\108.jpg,a,Training
Training\a\109.jpg,a,Training
Training\a\11.jpg,a,Training
Training\a\110.jpg,a,Training
Training\a\111.jpg,a,Training
Training\a\112.jpg,a,Training
Training\a\113.jpg,a,Training
Training\a\114.jpg,a,Training
Training\a\115.jpg,a,Training
Training\a\116.jpg,a,Training
Training\a\117.jpg,a,Training
Training\a\118.jpg,a,Training
Training\a\119.jpg,a,Training
Training\a\12.jpg,a,Training
Training\a\120.jpg,a,Training
Training\a\121.jpg,a,Training
Training\a\122.jpg,a,Training
Training\a\123.jpg,a,Training
Training\a\124.jpg,a,Training
Training\a\125.jpg,a,Training
Training\a\126.jpg,a,Training
Training\a\127.jpg,a,Training
Training\a\128.jpg,a,Training
Training\a\129.jpg,a,Training
Training\a\13.jpg,a,Training
Training\a\130.jpg,a,Training
Training\a\131.jpg,a,Training
Training\a\132.jpg,a,Training
Training\a\133.jpg,a,Training
Training\a\134.jpg,a,Training
Training\a\135.jpg,a,Training
Training\a\136.jpg,a,Training
Training\a\137.jpg,a,Training
Training\a\138.jpg,a,Training
Training\a\139.jpg,a,Training
Training\a\14.jpg,a,Training
Training\a\140.jpg,a,Training
Training\a\141.jpg,a,Training
Training\a\142.jpg,a,Training
Training\a\143.jpg,a,Training
Training\a\144.jpg,a,Training
Training\a\145.jpg,a,Training
Training\a\146.jpg,a,Training
Training\a\147.jpg,a,Training
Training\a\148.jpg,a,Training
Training\a\149.jpg,a,Training
Training\a\15.jpg,a,Training
Training\a\150.jpg,a,Training
Training\a\151.jpg,a,Training
Training\a\152.jpg,a,Training
Training\a\153.jpg,a,Training
Training\a\154.jpg,a,Training
Training\a\155.jpg,a,Training
Training\a\156.jpg,a,Training
Training\a\157.jpg,a,Training
Training\a\158.jpg,a,Training
Training\a\159.jpg,a,Training
Training\a\16.jpg,a,Training
Training\a\160.jpg,a,Training
Training\a\161.jpg,a,Training
Training\a\162.jpg,a,Training
Training\a\163.jpg,a,Training
Training\a\164.jpg,a,Training
Training\a\165.jpg,a,Training
Training\a\166.jpg,a,Training
Training\a\167.jpg,a,Training
Training\a\168.jpg,a,Training
Training\a\169.jpg,a,Training
Training\a\17.jpg,a,Training
Training\a\170.jpg,a,Training
Training\a\171.jpg,a,Training
Training\a\172.jpg,a,Training
Training\a\173.jpg,a,Training
Training\a\174.jpg,a,Training
Training\a\175.jpg,a,Training
Training\a\176.jpg,a,Training
Training\a\177.jpg,a,Training
Training\a\178.jpg,a,Training
Training\a\179.jpg,a,Training
Training\a\18.jpg,a,Training
Training\a\180.jpg,a,Training
Training\a\181.jpg,a,Training
Training\a\182.jpg,a,Training
Training\a\183.jpg,a,Training
Training\a\184.jpg,a,Training
Training\a\185.jpg,a,Training
Training\a\186.jpg,a,Training
Training\a\187.jpg,a,Training
Training\a\188.jpg,a,Training
Training\a\189.jpg,a,Training
Training\a\19.jpg,a,Training
Training\a\190.jpg,a,Training
Training\a\191.jpg,a,Training
Training\a\192.jpg,a,Training
Training\a\193.jpg,a,Training
Training\a\194.jpg,a,Training
Training\a\195.jpg,a,Training
Training\a\196.jpg,a,Training
Training\a\197.jpg,a,Training
Training\a\198.jpg,a,Training
Training\a\199.jpg,a,Training
Training\a\2.jpg,a,Training
Training\a\20.jpg,a,Training
Training\a\200.jpg,a,Training
Training\a\201.jpg,a,Training
Training\a\202.jpg,a,Training
Training\a\203.jpg,a,Training
Training\a\204.jpg,a,Training
Training\a\205.jpg,a,Training
Training\a\206.jpg,a,Training
Training\a\207.jpg,a,Training
Training\a\208.jpg,a,Training
Training\a\209.jpg,a,Training
Training\a\21.jpg,a,Training
Training\a\210.jpg,a,Training
Training\a\211.jpg,a,Training
Training\a\212.jpg,a,Training
Training\a\213.jpg,a,Training
Training\a\214.jpg,a,Training
Training\a\215.jpg,a,Training
Training\a\216.jpg,a,Training
Training\a\217.jpg,a,Training
Training\a\218.jpg,a,Training
Training\a\219.jpg,a,Training
Training\a\22.jpg,a,Training
Training\a\220.jpg,a,Training
Training\a\221.jpg,a,Training
Training\a\222.jpg,a,Training
Training\a\223.jpg,a,Training
Training\a\224.jpg,a,Training
Training\a\225.jpg,a,Training
Training\a\226.jpg,a,Training
Training\a\227.jpg,a,Training
Training\a\228.jpg,a,Training
Training\a\229.jpg,a,Training
Training\a\23.jpg,a,Training
Training\a\230.jpg,a,Training
Training\a\231.jpg,a,Training
Training\a\232.jpg,a,Training
Training\a\233.jpg,a,Training
Training\a\234.jpg,a,Training
Training\a\235.jpg,a,Training
Training\a\236.jpg,a,Training
Training\a\237.jpg,a,Training
Training\a\238.jpg,a,Training
Training\a\239.jpg,a,Training
Training\a\24.jpg,a,Training
Training\a\240.jpg,a,Training
Training\a\241.jpg,a,Training
Training\a\242.jpg,a,Training
Training\a\243.jpg,a,Training
Training\a\244.jpg,a,Training
Training\a\245.jpg,a,Training
Training\a\246.jpg,a,Training
Training\a\247.jpg,a,Training
Training\a\248.jpg,a,Training
Training\a\249.jpg,a,Training
Training\a\25.jpg,a,Training
Training\a\250.jpg,a,Training
Training\a\251.jpg,a,Training
Training\a\252.jpg,a,Training
Training\a\253.jpg,a,Training
Training\a\254.jpg,a,Training
Training\a\255.jpg,a,Training
Training\a\256.jpg,a,Training
Training\a\257.jpg,a,Training
Training\a\258.jpg,a,Training
Training\a\259.jpg,a,Training
Training\a\26.jpg,a,Training
Training\a\260.jpg,a,Training
Training\a\261.jpg,a,Training
Training\a\262.jpg,a,Training
Training\a\263.jpg,a,Training
Training\a\264.jpg,a,Training
Training\a\265.jpg,a,Training
Training\a\266.jpg,a,Training
Training\a\267.jpg,a,Training
Training\a\268.jpg,a,Training
Training\a\269.jpg,a,Training
Training\a\27.jpg,a,Training
Training\a\270.jpg,a,Training
Training\a\271.jpg,a,Training
Training\a\272.jpg,a,Training
Training\a\273.jpg,a,Training
Training\a\274.jpg,a,Training
Training\a\275.jpg,a,Training
Training\a\276.jpg,a,Training
Training\a\277.jpg,a,Training
Training\a\278.jpg,a,Training
Training\a\279.jpg,a,Training
Training\a\28.jpg,a,Training
Training\a\280.jpg,a,Training
Training\a\281.jpg,a,Training
Training\a\282.jpg,a,Training
Training\a\283.jpg,a,Training
Training\a\284.jpg,a,Training
Training\a\285.jpg,a,Training
Training\a\286.jpg,a,Training
Training\a\287.jpg,a,Training
Training\a\288.jpg,a,Training
Training\a\289.jpg,a,Training
Training\a\29.jpg,a,Training
Training\a\290.jpg,a,Training
Training\a\291.jpg,a,Training
Training\a\292.jpg,a,Training
Training\a\293.jpg,a,Training
Training\a\294.jpg,a,Training
Training\a\295.jpg,a,Training
Training\a\296.jpg,a,Training
Training\a\297.jpg,a,Training
Training\a\298.jpg,a,Training
Training\a\299.jpg,a,Training
Training\a\3.jpg,a,Training
Training\a\30.jpg,a,Training
Training\a\300.jpg,a,Training
Training\a\301.jpg,a,Training
Training\a\302.jpg,a,Training
Training\a\303.jpg,a,Training
Training\a\304.jpg,a,Training
Training\a\305.jpg,a,Training
Training\a\306.jpg,a,Training
Training\a\307.jpg,a,Training
Training\a\308.jpg,a,Training
Training\a\309.jpg,a,Training
Training\a\31.jpg,a,Training
Training\a\310.jpg,a,Training
Training\a\311.jpg,a,Training
Training\a\312.jpg,a,Training
Training\a\313.jpg,a,Training
Training\a\314.jpg,a,Training
Training\a\315.jpg,a,Training
Training\a\316.jpg,a,Training
Training\a\317.jpg,a,Training
Training\a\318.jpg,a,Training
Training\a\319.jpg,a,Training
Training\a\32.jpg,a,Training
Training\a\320.jpg,a,Training
Training\a\321.jpg,a,Training
Training\a\322.jpg,a,Training
Training\a\323.jpg,a,Training
Training\a\324.jpg,a,Training
Training\a\325.jpg,a,Training
Training\a\326.jpg,a,Training
Training\a\327.jpg,a,Training
Training\a\328.jpg,a,Training
Training\a\329.jpg,a,Training
Training\a\33.jpg,a,Training
Training\a\330.jpg,a,Training
Training\a\331.jpg,a,Training
Training\a\332.jpg,a,Training
Training\a\333.jpg,a,Training
Training\a\334.jpg,a,Training
Training\a\335.jpg,a,Training
Training\a\336.jpg,a,Training
Training\a\337.jpg,a,Training
Training\a\338.jpg,a,Training
Training\a\339.jpg,a,Training
Training\a\34.jpg,a,Training
Training\a\340.jpg,a,Training
Training\a\341.jpg,a,Training
Training\a\342.jpg,a,Training
Training\a\343.jpg,a,Training
Training\a\344.jpg,a,Training
Training\a\345.jpg,a,Training
Training\a\346.jpg,a,Training
Training\a\347.jpg,a,Training
Training\a\348.jpg,a,Training
Training\a\349.jpg,a,Training
Training\a\35.jpg,a,Training
Training\a\350.jpg,a,Training
Training\a\351.jpg,a,Training
Training\a\352.jpg,a,Training
Training\a\353.jpg,a,Training
Training\a\354.jpg,a,Training
Training\a\355.jpg,a,Training
Training\a\356.jpg,a,Training
Training\a\357.jpg,a,Training
Training\a\358.jpg,a,Training
Training\a\359.jpg,a,Training
Training\a\36.jpg,a,Training
Training\a\360.jpg,a,Training
Training\a\361.jpg,a,Training
Training\a\362.jpg,a,Training
Training\a\363.jpg,a,Training
Training\a\364.jpg,a,Training
Training\a\365.jpg,a,Training
Training\a\366.jpg,a,Training
Training\a\367.jpg,a,Training
Training\a\368.jpg,a,Training
Training\a\369.jpg,a,Training
Training\a\37.jpg,a,Training
Training\a\370.jpg,a,Training
Training\a\371.jpg,a,Training
Training\a\372.jpg,a,Training
Training\a\373.jpg,a,Training
Training\a\374.jpg,a,Training
Training\a\375.jpg,a,Training
Training\a\376.jpg,a,Training
Training\a\377.jpg,a,Training
Training\a\378.jpg,a,Training
Training\a\379.jpg,a,Training
Training\a\38.jpg,a,Training
Training\a\380.jpg,a,Training
Training\a\381.jpg,a,Training
Training\a\382.jpg,a,Training
Training\a\383.jpg,a,Training
Training\a\384.jpg,a,Training
Training\a\385.jpg,a,Training
Training\a\386.jpg,a,Training
Training\a\387.jpg,a,Training
Training\a\388.jpg,a,Training
Training\a\389.jpg,a,Training
Training\a\39.jpg,a,Training
Training\a\390.jpg,a,Training
Training\a\391.jpg,a,Training
Training\a\392.jpg,a,Training
Training\a\393.jpg,a,Training
Training\a\394.jpg,a,Training
Training\a\395.jpg,a,Training
Training\a\396.jpg,a,Training
Training\a\397.jpg,a,Training
Training\a\398.jpg,a,Training
Training\a\399.jpg,a,Training
Training\a\4.jpg,a,Training
Training\a\40.jpg,a,Training
Training\a\400.jpg,a,Training
Training\a\401.jpg,a,Training
Training\a\402.jpg,a,Training
Training\a\403.jpg,a,Training
Training\a\404.jpg,a,Training
Training\a\405.jpg,a,Training
Training\a\406.jpg,a,Training
Training\a\407.jpg,a,Training
Training\a\408.jpg,a,Training
Training\a\409.jpg,a,Training
Training\a\41.jpg,a,Training
Training\a\410.jpg,a,Training
Training\a\411.jpg,a,Training
Training\a\412.jpg,a,Training
Training\a\413.jpg,a,Training
Training\a\414.jpg,a,Training
Training\a\415.jpg,a,Training
Training\a\416.jpg,a,Training
Training\a\417.jpg,a,Training
Training\a\418.jpg,a,Training
Training\a\419.jpg,a,Training
Training\a\42.jpg,a,Training
Training\a\420.jpg,a,Training
Training\a\43.jpg,a,Training
Training\a\44.jpg,a,Training
Training\a\45.jpg,a,Training
Training\a\46.jpg,a,Training
Training\a\47.jpg,a,Training
Training\a\48.jpg,a,Training
Training\a\49.jpg,a,Training
Training\a\5.jpg,a,Training
Training\a\50.jpg,a,Training
Training\a\51.jpg,a,Training
Training\a\52.jpg,a,Training
Training\a\53.jpg,a,Training
Training\a\54.jpg,a,Training
Training\a\55.jpg,a,Training
Training\a\56.jpg,a,Training
Training\a\57.jpg,a,Training
Training\a\58.jpg,a,Training
Training\a\59.jpg,a,Training
Training\a\6.jpg,a,Training
Training\a\60.jpg,a,Training
Training\a\61.jpg,a,Training
Training\a\62.jpg,a,Training
Training\a\63.jpg,a,Training
Training\a\64.jpg,a,Training
Training\a\65.jpg,a,Training
Training\a\66.jpg,a,Training
Training\a\67.jpg,a,Training
Training\a\68.jpg,a,Training
Training\a\69.jpg,a,Training
Training\a\7.jpg,a,Training
Training\a\70.jpg,a,Training
Training\a\71.jpg,a,Training
Training\a\72.jpg,a,Training
Training\a\73.jpg,a,Training
Training\a\74.jpg,a,Training
Training\a\75.jpg,a,Training
Training\a\76.jpg,a,Training
Training\a\77.jpg,a,Training
Training\a\78.jpg,a,Training
Training\a\79.jpg,a,Training
Training\a\8.jpg,a,Training
Training\a\80.jpg,a,Training
Training\a\81.jpg,a,Training
Training\a\82.jpg,a,Training
Training\a\83.jpg,a,Training
Training\a\84.jpg,a,Training
Training\a\85.jpg,a,Training
Training\a\86.jpg,a,Training
Training\a\87.jpg,a,Training
Training\a\88.jpg,a,Training
Training\a\89.jpg,a,Training
Training\a\9.jpg,a,Training
Training\a\90.jpg,a,Training
Training\a\91.jpg,a,Training
Training\a\92.jpg,a,Training
Training\a\93.jpg,a,Training
Training\a\94.jpg,a,Training
Training\a\95.jpg,a,Training
Training\a\96.jpg,a,Training
Training\a\97.jpg,a,Training
Training\a\98.jpg,a,Training
Training\a\99.jpg,a,Training
Training\aa\1.jpg,aa,Training
Training\aa\10.jpg,aa,Training
Training\aa\100.jpg,aa,Training
Training\aa\101.jpg,aa,Training
Training\aa\102.jpg,aa,Training
Training\aa\103.jpg,aa,Training
Training\aa\104.jpg,aa,Training
Training\aa\105.jpg,aa,Training
Training\aa\106.jpg,aa,Training
Training\aa\107.jpg,aa,Training
Training\aa\108.jpg,aa,Training
Training\aa\109.jpg,aa,Training
Training\aa\11.jpg,aa,Training
Training\aa\110.jpg,aa,Training
Training\aa\111.jpg,aa,Training
Training\aa\112.jpg,aa,Training
Training\aa\113.jpg,aa,Training
Training\aa\114.jpg,aa,Training
Training\aa\115.jpg,aa,Training
Training\aa\116.jpg,aa,Training
Training\aa\117.jpg,aa,Training
Training\aa\118.jpg,aa,Training
Training\aa\119.jpg,aa,Training
Training\aa\12.jpg,aa,Training
Training\aa\120.jpg,aa,Training
Training\aa\121.jpg,aa,Training
Training\aa\122.jpg,aa,Training
Training\aa\123.jpg,aa,Training
Training\aa\124.jpg,aa,Training
Training\aa\125.jpg,aa,Training
Training\aa\126.jpg,aa,Training
Training\aa\127.jpg,aa,Training
Training\aa\128.jpg,aa,Training
Training\aa\129.jpg,aa,Training
Training\aa\13.jpg,aa,Training
Training\aa\130.jpg,aa,Training
Training\aa\131.jpg,aa,Training
Training\aa\132.jpg,aa,Training
Training\aa\133.jpg,aa,Training
Training\aa\134.jpg,aa,Training
Training\aa\135.jpg,aa,Training
Training\aa\136.jpg,aa,Training
Training\aa\137.jpg,aa,Training
Training\aa\138.jpg,aa,Training
Training\aa\139.jpg,aa,Training
Training\aa\14.jpg,aa,Training
Training\aa\140.jpg,aa,Training
Training\aa\141.jpg,aa,Training
Training\aa\142.jpg,aa,Training
Training\aa\143.jpg,aa,Training
Training\aa\144.jpg,aa,Training
Training\aa\145.jpg,aa,Training
Training\aa\146.jpg,aa,Training
Training\aa\147.jpg,aa,Training
Training\aa\148.jpg,aa,Training
Training\aa\149.jpg,aa,Training
Training\aa\15.jpg,aa,Training
Training\aa\150.jpg,aa,Training
Training\aa\151.jpg,aa,Training
Training\aa\152.jpg,aa,Training
Training\aa\153.jpg,aa,Training
Training\aa\154.jpg,aa,Training
Training\aa\155.jpg,aa,Training
Training\aa\156.jpg,aa,Training
Training\aa\157.jpg,aa,Training
Training\aa\158.jpg,aa,Training
Training\aa\159.jpg,aa,Training
Training\aa\16.jpg,aa,Training
Training\aa\160.jpg,aa,Training
Training\aa\161.jpg,aa,Training
Training\aa\162.jpg,aa,Training
Training\aa\163.jpg,aa,Training
Training\aa\164.jpg,aa,Training
Training\aa\165.jpg,aa,Training
Training\aa\166.jpg,aa,Training
Training\aa\167.jpg,aa,Training
Training\aa\168.jpg,aa,Training
Training\aa\169.jpg,aa,Training
Training\aa\17.jpg,aa,Training
Training\aa\170.jpg,aa,Training
Training\aa\171.jpg,aa,Training
Training\aa\172.jpg,aa,Training
Training\aa\173.jpg,aa,Training
Training\aa\174.jpg,aa,Training
Training\aa\175.jpg,aa,Training
Training\aa\176.jpg,aa,Training
Training\aa\177.jpg,aa,Training
Training\aa\178.jpg,aa,Training
Training\aa\179.jpg,aa,Training
Training\aa\18.jpg,aa,Training
Training\aa\180.jpg,aa,Training
Training\aa\181.jpg,aa,Training
Training\aa\182.jpg,aa,Training
Training\aa\183.jpg,aa,Training
Training\aa\184.jpg,aa,Training
Training\aa\185.jpg,aa,Training
Training\aa\186.jpg,aa,Training
Training\aa\187.jpg,aa,Training
Training\aa\188.jpg,aa,Training
Training\aa\189.jpg,aa,Training
Training\aa\19.jpg,aa,Training
Training\aa\190.jpg,aa,Training
Training\aa\191.jpg,aa,Training
Training\aa\192.jpg,aa,Training
Training\aa\193.jpg,aa,Training
Training\aa\194.jpg,aa,Training
Training\aa\195.jpg,aa,Training
Training\aa\196.jpg,aa,Training
Training\aa\197.jpg,aa,Training
Training\aa\198.jpg,aa,Training
Training\aa\199.jpg,aa,Training
Training\aa\2.jpg,aa,Training
Training\aa\20.jpg,aa,Training
Training\aa\200.jpg,aa,Training
Training\aa\201.jpg,aa,Training
Training\aa\202.jpg,aa,Training
Training\aa\203.jpg,aa,Training
Training\aa\204.jpg,aa,Training
Training\aa\205.jpg,aa,Training
Training\aa\206.jpg,aa,Training
Training\aa\207.jpg,aa,Training
Training\aa\208.jpg,aa,Training
Training\aa\209.jpg,aa,Training
Training\aa\21.jpg,aa,Training
Training\aa\210.jpg,aa,Training
Training\aa\211.jpg,aa,Training
Training\aa\212.jpg,aa,Training
Training\aa\213.jpg,aa,Training
Training\aa\214.jpg,aa,Training
Training\aa\215.jpg,aa,Training
Training\aa\216.jpg,aa,Training
Training\aa\217.jpg,aa,Training
Training\aa\218.jpg,aa,Training
Training\aa\219.jpg,aa,Training
Training\aa\22.jpg,aa,Training
Training\aa\220.jpg,aa,Training
Training\aa\221.jpg,aa,Training
Training\aa\222.jpg,aa,Training
Training\aa\223.jpg,aa,Training
Training\aa\224.jpg,aa,Training
Training\aa\225.jpg,aa,Training
Training\aa\226.jpg,aa,Training
Training\aa\227.jpg,aa,Training
Training\aa\228.jpg,aa,Training
Training\aa\229.jpg,aa,Training
Training\aa\23.jpg,aa,Training
Training\aa\230.jpg,aa,Training
Training\aa\231.jpg,aa,Training
Training\aa\232.jpg,aa,Training
Training\aa\233.jpg,aa,Training
Training\aa\234.jpg,aa,Training
Training\aa\235.jpg,aa,Training
Training\aa\236.jpg,aa,Training
Training\aa\237.jpg,aa,Training
Training\aa\238.jpg,aa,Training
Training\aa\239.jpg,aa,Training
Training\aa\24.jpg,aa,Training
Training\aa\240.jpg,aa,Training
Training\aa\241.jpg,aa,Training
Training\aa\242.jpg,aa,Training
Training\aa\243.jpg,aa,Training
Training\aa\244.jpg,aa,Training
Training\aa\245.jpg,aa,Training
Training\aa\246.jpg,aa,Training
Training\aa\247.jpg,aa,Training
Training\aa\248.jpg,aa,Training
Training\aa\249.jpg,aa,Training
Training\aa\25.jpg,aa,Training
Training\aa\250.jpg,aa,Training
Training\aa\251.jpg,aa,Training
Training\aa\252.jpg,aa,Training
Training\aa\253.jpg,aa,Training
Training\aa\254.jpg,aa,Training
Training\aa\255.jpg,aa,Training
Training\aa\256.jpg,aa,Training
Training\aa\257.jpg,aa,Training
Training\aa\258.jpg,aa,Training
Training\aa\259.jpg,aa,Training
Training\aa\26.jpg,aa,Training
Training\aa\260.jpg,aa,Training
Training\aa\261.jpg,aa,Training
Training\aa\262.jpg,aa,Training
Training\aa\263.jpg,aa,Training
Training\aa\264.jpg,aa,Training
Training\aa\265.jpg,aa,Training
Training\aa\266.jpg,aa,Training
Training\aa\267.jpg,aa,Training
Training\aa\268.jpg,aa,Training
Training\aa\269.jpg,aa,Training
Training\aa\27.jpg,aa,Training
Training\aa\270.jpg,aa,Training
Training\aa\271.jpg,aa,Training
Training\aa\272.jpg,aa,Training
Training\aa\273.jpg,aa,Training
Training\aa\274.jpg,aa,Training
Training\aa\275.jpg,aa,Training
Training\aa\276.jpg,aa,Training
Training\aa\277.jpg,aa,Training
Training\aa\278.jpg,aa,Training
Training\aa\279.jpg,aa,Training
Training\aa\28.jpg,aa,Training
Training\aa\280.jpg,aa,Training
Training\aa\281.jpg,aa,Training
Training\aa\282.jpg,aa,Training
Training\aa\283.jpg,aa,Training
Training\aa\284.jpg,aa,Training
Training\aa\285.jpg,aa,Training
Training\aa\286.jpg,aa,Training
Training\aa\287.jpg,aa,Training
Training\aa\288.jpg,aa,Training
Training\aa\289.jpg,aa,Training
Training\aa\29.jpg,aa,Training
Training\aa\290.jpg,aa,Training
Training\aa\291.jpg,aa,Training
Training\aa\292.jpg,aa,Training
Training\aa\293.jpg,aa,Training
Training\aa\294.jpg,aa,Training
Training\aa\295.jpg,aa,Training
Training\aa\296.jpg,aa,Training
Training\aa\297.jpg,aa,Training
Training\aa\298.jpg,aa,Training
Training\aa\299.jpg,aa,Training
Training\aa\3.jpg,aa,Training
Training\aa\30.jpg,aa,Training
Training\aa\300.jpg,aa,Training
Training\aa\301.jpg,aa,Training
Training\aa\302.jpg,aa,Training
Training\aa\303.jpg,aa,Training
Training\aa\304.jpg,aa,Training
Training\aa\305.jpg,aa,Training
Training\aa\306.jpg,aa,Training
Training\aa\307.jpg,aa,Training
Training\aa\308.jpg,aa,Training
Training\aa\309.jpg,aa,Training
Training\aa\31.jpg,aa,Training
Training\aa\310.jpg,aa,Training
Training\aa\311.jpg,aa,Training
Training\aa\312.jpg,aa,Training
Training\aa\313.jpg,aa,Training
Training\aa\314.jpg,aa,Training
Training\aa\315.jpg,aa,Training
Training\aa\316.jpg,aa,Training
Training\aa\317.jpg,aa,Training
Training\aa\318.jpg,aa,Training
Training\aa\319.jpg,aa,Training
Training\aa\32.jpg,aa,Training
Training\aa\320.jpg,aa,Training
Training\aa\321.jpg,aa,Training
Training\aa\322.jpg,aa,Training
Training\aa\323.jpg,aa,Training
Training\aa\324.jpg,aa,Training
Training\aa\325.jpg,aa,Training
Training\aa\326.jpg,aa,Training
Training\aa\327.jpg,aa,Training
Training\aa\328.jpg,aa,Training
Training\aa\329.jpg,aa,Training
Training\aa\33.jpg,aa,Training
Training\aa\330.jpg,aa,Training
Training\aa\331.jpg,aa,Training
Training\aa\332.jpg,aa,Training
Training\aa\333.jpg,aa,Training
Training\aa\334.jpg,aa,Training
Training\aa\335.jpg,aa,Training
Training\aa\336.jpg,aa,Training
Training\aa\337.jpg,aa,Training
Training\aa\338.jpg,aa,Training
Training\aa\339.jpg,aa,Training
Training\aa\34.jpg,aa,Training
Training\aa\340.jpg,aa,Training
Training\aa\341.jpg,aa,Training
Training\aa\342.jpg,aa,Training
Training\aa\343.jpg,aa,Training
Training\aa\344.jpg,aa,Training
Training\aa\345.jpg,aa,Training
Training\aa\346.jpg,aa,Training
Training\aa\347.jpg,aa,Training
Training\aa\348.jpg,aa,Training
Training\aa\349.jpg,aa,Training
Training\aa\35.jpg,aa,Training
Training\aa\350.jpg,aa,Training
Training\aa\351.jpg,aa,Training
Training\aa\352.jpg,aa,Training
Training\aa\353.jpg,aa,Training
Training\aa\354.jpg,aa,Training
Training\aa\355.jpg,aa,Training
Training\aa\356.jpg,aa,Training
Training\aa\357.jpg,aa,Training
Training\aa\358.jpg,aa,Training
Training\aa\359.jpg,aa,Training
Training\aa\36.jpg,aa,Training
Training\aa\360.jpg,aa,Training
Training\aa\361.jpg,aa,Training
Training\aa\362.jpg,aa,Training
Training\aa\363.jpg,aa,Training
Training\aa\364.jpg,aa,Training
Training\aa\365.jpg,aa,Training
Training\aa\366.jpg,aa,Training
Training\aa\367.jpg,aa,Training
Training\aa\368.jpg,aa,Training
Training\aa\369.jpg,aa,Training
Training\aa\37.jpg,aa,Training
Training\aa\370.jpg,aa,Training
Training\aa\371.jpg,aa,Training
Training\aa\372.jpg,aa,Training
Training\aa\373.jpg,aa,Training
Training\aa\374.jpg,aa,Training
Training\aa\375.jpg,aa,Training
Training\aa\376.jpg,aa,Training
Training\aa\377.jpg,aa,Training
Training\aa\378.jpg,aa,Training
Training\aa\379.jpg,aa,Training
Training\aa\38.jpg,aa,Training
Training\aa\380.jpg,aa,Training
Training\aa\381.jpg,aa,Training
Training\aa\382.jpg,aa,Training
Training\aa\383.jpg,aa,Training
Training\aa\384.jpg,aa,Training
Training\aa\385.jpg,aa,Training
Training\aa\386.jpg,aa,Training
Training\aa\387.jpg,aa,Training
Training\aa\388.jpg,aa,Training
Training\aa\389.jpg,aa,Training
Training\aa\39.jpg,aa,Training
Training\aa\390.jpg,aa,Training
Training\aa\391.jpg,aa,Training
Training\aa\392.jpg,aa,Training
Training\aa\393.jpg,aa,Training
Training\aa\394.jpg,aa,Training
Training\aa\395.jpg,aa,Training
Training\aa\396.jpg,aa,Training
Training\aa\397.jpg,aa,Training
Training\aa\398.jpg,aa,Training
Training\aa\399.jpg,aa,Training
Training\aa\4.jpg,aa,Training
Training\aa\40.jpg,aa,Training
Training\aa\400.jpg,aa,Training
Training\aa\401.jpg,aa,Training
Training\aa\402.jpg,aa,Training
Training\aa\403.jpg,aa,Training
Training\aa\404.jpg,aa,Training
Training\aa\405.jpg,aa,Training
Training\aa\406.jpg,aa,Training
Training\aa\407.jpg,aa,Training
Training\aa\408.jpg,aa,Training
Training\aa\409.jpg,aa,Training
Training\aa\41.jpg,aa,Training
Training\aa\410.jpg,aa,Training
Training\aa\411.jpg,aa,Training
Training\aa\412.jpg,aa,Training
Training\aa\413.jpg,aa,Training
Training\aa\414.jpg,aa,Training
Training\aa\415.jpg,aa,Training
Training\aa\416.jpg,aa,Training
Training\aa\417.jpg,aa,Training
Training\aa\418.jpg,aa,Training
Training\aa\419.jpg,aa,Training
Training\aa\42.jpg,aa,Training
Training\aa\420.jpg,aa,Training
Training\aa\43.jpg,aa,Training
Training\aa\44.jpg,aa,Training
Training\aa\45.jpg,aa,Training
Training\aa\46.jpg,aa,Training
Training\aa\47.jpg,aa,Training
Training\aa\48.jpg,aa,Training
Training\aa\49.jpg,aa,Training
Training\aa\5.jpg,aa,Training
Training\aa\50.jpg,aa,Training
Training\aa\51.jpg,aa,Training
Training\aa\52.jpg,aa,Training
Training\aa\53.jpg,aa,Training
Training\aa\54.jpg,aa,Training
Training\aa\55.jpg,aa,Training
Training\aa\56.jpg,aa,Training
Training\aa\57.jpg,aa,Training
Training\aa\58.jpg,aa,Training
Training\aa\59.jpg,aa,Training
Training\aa\6.jpg,aa,Training
Training\aa\60.jpg,aa,Training
Training\aa\61.jpg,aa,Training
Training\aa\62.jpg,aa,Training
Training\aa\63.jpg,aa,Training
Training\aa\64.jpg,aa,Training
Training\aa\65.jpg,aa,Training
Training\aa\66.jpg,aa,Training
Training\aa\67.jpg,aa,Training
Training\aa\68.jpg,aa,Training
Training\aa\69.jpg,aa,Training
Training\aa\7.jpg,aa,Training
Training\aa\70.jpg,aa,Training
Training\aa\71.jpg,aa,Training
Training\aa\72.jpg,aa,Training
Training\aa\73.jpg,aa,Training
Training\aa\74.jpg,aa,Training
Training\aa\75.jpg,aa,Training
Training\aa\76.jpg,aa,Training
Training\aa\77.jpg,aa,Training
Training\aa\78.jpg,aa,Training
Training\aa\79.jpg,aa,Training
Training\aa\8.jpg,aa,Training
Training\aa\80.jpg,aa,Training
Training\aa\81.jpg,aa,Training
Training\aa\82.jpg,aa,Training
Training\aa\83.jpg,aa,Training
Training\aa\84.jpg,aa,Training
Training\aa\85.jpg,aa,Training
Training\aa\86.jpg,aa,Training
Training\aa\87.jpg,aa,Training
Training\aa\88.jpg,aa,Training
Training\aa\89.jpg,aa,Training
Training\aa\9.jpg,aa,Training
Training\aa\90.jpg,aa,Training
Training\aa\91.jpg,aa,Training
Training\aa\92.jpg,aa,Training
Training\aa\93.jpg,aa,Training
Training\aa\94.jpg,aa,Training
Training\aa\95.jpg,aa,Training
Training\aa\96.jpg,aa,Training
Training\aa\97.jpg,aa,Training
Training\aa\98.jpg,aa,Training
Training\aa\99.jpg,aa,Training
Training\ah\1.jpg,ah,Training
Training\ah\10.jpg,ah,Training
Training\ah\100.jpg,ah,Training
Training\ah\101.jpg,ah,Training
Training\ah\102.jpg,ah,Training
Training\ah\103.jpg,ah,Training
Training\ah\104.jpg,ah,Training
Training\ah\105.jpg,ah,Training
Training\ah\106.jpg,ah,Training
Training\ah\107.jpg,ah,Training
Training\ah\108.jpg,ah,Training
Training\ah\109.jpg,ah,Training
Training\ah\11.jpg,ah,Training
Training\ah\110.jpg,ah,Training
Training\ah\111.jpg,ah,Training
Training\ah\112.jpg,ah,Training
Training\ah\113.jpg,ah,Training
Training\ah\114.jpg,ah,Training
Training\ah\115.jpg,ah,Training
Training\ah\116.jpg,ah,Training
Training\ah\117.jpg,ah,Training
Training\ah\118.jpg,ah,Training
Training\ah\119.jpg,ah,Training
Training\ah\12.jpg,ah,Training
Training\ah\120.jpg,ah,Training
Training\ah\121.jpg,ah,Training
Training\ah\122.jpg,ah,Training
Training\ah\123.jpg,ah,Training
Training\ah\124.jpg,ah,Training
Training\ah\125.jpg,ah,Training
Training\ah\126.jpg,ah,Training
Training\ah\127.jpg,ah,Training
Training\ah\128.jpg,ah,Training
Training\ah\129.jpg,ah,Training
Training\ah\13.jpg,ah,Training
Training\ah\130.jpg,ah,Training
Training\ah\131.jpg,ah,Training
Training\ah\132.jpg,ah,Training
Training\ah\133.jpg,ah,Training
Training\ah\134.jpg,ah,Training
Training\ah\135.jpg,ah,Training
Training\ah\136.jpg,ah,Training
Training\ah\137.jpg,ah,Training
Training\ah\138.jpg,ah,Training
Training\ah\139.jpg,ah,Training
Training\ah\14.jpg,ah,Training
Training\ah\140.jpg,ah,Training
Training\ah\141.jpg,ah,Training
Training\ah\142.jpg,ah,Training
Training\ah\143.jpg,ah,Training
Training\ah\144.jpg,ah,Training
Training\ah\145.jpg,ah,Training
Training\ah\146.jpg,ah,Training
Training\ah\147.jpg,ah,Training
Training\ah\148.jpg,ah,Training
Training\ah\149.jpg,ah,Training
Training\ah\15.jpg,ah,Training
Training\ah\150.jpg,ah,Training
Training\ah\151.jpg,ah,Training
Training\ah\152.jpg,ah,Training
Training\ah\153.jpg,ah,Training
Training\ah\154.jpg,ah,Training
Training\ah\155.jpg,ah,Training
Training\ah\156.jpg,ah,Training
Training\ah\157.jpg,ah,Training
Training\ah\158.jpg,ah,Training
Training\ah\159.jpg,ah,Training
Training\ah\16.jpg,ah,Training
Training\ah\160.jpg,ah,Training
Training\ah\161.jpg,ah,Training
Training\ah\162.jpg,ah,Training
Training\ah\163.jpg,ah,Training
Training\ah\164.jpg,ah,Training
Training\ah\165.jpg,ah,Training
Training\ah\166.jpg,ah,Training
Training\ah\167.jpg,ah,Training
Training\ah\168.jpg,ah,Training
Training\ah\169.jpg,ah,Training
Training\ah\17.jpg,ah,Training
Training\ah\170.jpg,ah,Training
Training\ah\171.jpg,ah,Training
Training\ah\172.jpg,ah,Training
Training\ah\173.jpg,ah,Training
Training\ah\174.jpg,ah,Training
Training\ah\175.jpg,ah,Training
Training\ah\176.jpg,ah,Training
Training\ah\177.jpg,ah,Training
Training\ah\178.jpg,ah,Training
Training\ah\179.jpg,ah,Training
Training\ah\18.jpg,ah,Training
Training\ah\180.jpg,ah,Training
Training\ah\181.jpg,ah,Training
Training\ah\182.jpg,ah,Training
Training\ah\183.jpg,ah,Training
Training\ah\184.jpg,ah,Training
Training\ah\185.jpg,ah,Training
Training\ah\186.jpg,ah,Training
Training\ah\187.jpg,ah,Training
Training\ah\188.jpg,ah,Training
Training\ah\189.jpg,ah,Training
Training\ah\19.jpg,ah,Training
Training\ah\190.jpg,ah,Training
Training\ah\191.jpg,ah,Training
Training\ah\192.jpg,ah,Training
Training\ah\193.jpg,ah,Training
Training\ah\194.jpg,ah,Training
Training\ah\195.jpg,ah,Training
Training\ah\196.jpg,ah,Training
Training\ah\197.jpg,ah,Training
Training\ah\198.jpg,ah,Training
Training\ah\199.jpg,ah,Training
Training\ah\2.jpg,ah,Training
Training\ah\20.jpg,ah,Training
Training\ah\200.jpg,ah,Training
Training\ah\201.jpg,ah,Training
Training\ah\202.jpg,ah,Training
Training\ah\203.jpg,ah,Training
Training\ah\204.jpg,ah,Training
Training\ah\205.jpg,ah,Training
Training\ah\206.jpg,ah,Training
Training\ah\207.jpg,ah,Training
Training\ah\208.jpg,ah,Training
Training\ah\209.jpg,ah,Training
Training\ah\21.jpg,ah,Training
Training\ah\210.jpg,ah,Training
Training\ah\211.jpg,ah,Training
Training\ah\212.jpg,ah,Training
Training\ah\213.jpg,ah,Training
Training\ah\214.jpg,ah,Training
Training\ah\215.jpg,ah,Training
Training\ah\216.jpg,ah,Training
Training\ah\217.jpg,ah,Training
Training\ah\218.jpg,ah,Training
Training\ah\219.jpg,ah,Training
Training\ah\22.jpg,ah,Training
Training\ah\220.jpg,ah,Training
Training\ah\221.jpg,ah,Training
Training\ah\222.jpg,ah,Training
Training\ah\223.jpg,ah,Training
Training\ah\224.jpg,ah,Training
Training\ah\225.jpg,ah,Training
Training\ah\226.jpg,ah,Training
Training\ah\227.jpg,ah,Training
Training\ah\228.jpg,ah,Training
Training\ah\229.jpg,ah,Training
Training\ah\23.jpg,ah,Training
Training\ah\230.jpg,ah,Training
Training\ah\231.jpg,ah,Training
Training\ah\232.jpg,ah,Training
Training\ah\233.jpg,ah,Training
Training\ah\234.jpg,ah,Training
Training\ah\235.jpg,ah,Training
Training\ah\236.jpg,ah,Training
Training\ah\237.jpg,ah,Training
Training\ah\238.jpg,ah,Training
Training\ah\239.jpg,ah,Training
Training\ah\24.jpg,ah,Training
Training\ah\240.jpg,ah,Training
Training\ah\241.jpg,ah,Training
Training\ah\242.jpg,ah,Training
Training\ah\243.jpg,ah,Training
Training\ah\244.jpg,ah,Training
Training\ah\245.jpg,ah,Training
Training\ah\246.jpg,ah,Training
Training\ah\247.jpg,ah,Training
Training\ah\248.jpg,ah,Training
Training\ah\249.jpg,ah,Training
Training\ah\25.jpg,ah,Training
Training\ah\250.jpg,ah,Training
Training\ah\251.jpg,ah,Training
Training\ah\252.jpg,ah,Training
Training\ah\253.jpg,ah,Training
Training\ah\254.jpg,ah,Training
Training\ah\255.jpg,ah,Training
Training\ah\256.jpg,ah,Training
Training\ah\257.jpg,ah,Training
Training\ah\258.jpg,ah,Training
Training\ah\259.jpg,ah,Training
Training\ah\26.jpg,ah,Training
Training\ah\260.jpg,ah,Training
Training\ah\261.jpg,ah,Training
Training\ah\262.jpg,ah,Training
Training\ah\263.jpg,ah,Training
Training\ah\264.jpg,ah,Training
Training\ah\265.jpg,ah,Training
Training\ah\266.jpg,ah,Training
Training\ah\267.jpg,ah,Training
Training\ah\268.jpg,ah,Training
Training\ah\269.jpg,ah,Training
Training\ah\27.jpg,ah,Training
Training\ah\270.jpg,ah,Training
Training\ah\271.jpg,ah,Training
Training\ah\272.jpg,ah,Training
Training\ah\273.jpg,ah,Training
Training\ah\274.jpg,ah,Training
Training\ah\275.jpg,ah,Training
Training\ah\276.jpg,ah,Training
Training\ah\277.jpg,ah,Training
Training\ah\278.jpg,ah,Training
Training\ah\279.jpg,ah,Training
Training\ah\28.jpg,ah,Training
Training\ah\280.jpg,ah,Training
Training\ah\281.jpg,ah,Training
Training\ah\282.jpg,ah,Training
Training\ah\283.jpg,ah,Training
Training\ah\284.jpg,ah,Training
Training\ah\285.jpg,ah,Training
Training\ah\286.jpg,ah,Training
Training\ah\287.jpg,ah,Training
Training\ah\288.jpg,ah,Training
Training\ah\289.jpg,ah,Training
Training\ah\29.jpg,ah,Training
Training\ah\290.jpg,ah,Training
Training\ah\291.jpg,ah,Training
Training\ah\292.jpg,ah,Training
Training\ah\293.jpg,ah,Training
Training\ah\294.jpg,ah,Training
Training\ah\295.jpg,ah,Training
Training\ah\296.jpg,ah,Training
Training\ah\297.jpg,ah,Training
Training\ah\298.jpg,ah,Training
Training\ah\299.jpg,ah,Training
Training\ah\3.jpg,ah,Training
Training\ah\30.jpg,ah,Training
Training\ah\300.jpg,ah,Training
Training\ah\301.jpg,ah,Training
Training\ah\302.jpg,ah,Training
Training\ah\303.jpg,ah,Training
Training\ah\304.jpg,ah,Training
Training\ah\305.jpg,ah,Training
Training\ah\306.jpg,ah,Training
Training\ah\307.jpg,ah,Training
Training\ah\308.jpg,ah,Training
Training\ah\309.jpg,ah,Training
Training\ah\31.jpg,ah,Training
Training\ah\310.jpg,ah,Training
Training\ah\311.jpg,ah,Training
Training\ah\312.jpg,ah,Training
Training\ah\313.jpg,ah,Training
Training\ah\314.jpg,ah,Training
Training\ah\315.jpg,ah,Training
Training\ah\316.jpg,ah,Training
Training\ah\317.jpg,ah,Training
Training\ah\318.jpg,ah,Training
Training\ah\319.jpg,ah,Training
Training\ah\32.jpg,ah,Training
Training\ah\320.jpg,ah,Training
Training\ah\321.jpg,ah,Training
Training\ah\322.jpg,ah,Training
Training\ah\323.jpg,ah,Training
Training\ah\324.jpg,ah,Training
Training\ah\325.jpg,ah,Training
Training\ah\326.jpg,ah,Training
Training\ah\327.jpg,ah,Training
Training\ah\328.jpg,ah,Training
Training\ah\329.jpg,ah,Training
Training\ah\33.jpg,ah,Training
Training\ah\330.jpg,ah,Training
Training\ah\331.jpg,ah,Training
Training\ah\332.jpg,ah,Training
Training\ah\333.jpg,ah,Training
Training\ah\334.jpg,ah,Training
Training\ah\335.jpg,ah,Training
Training\ah\336.jpg,ah,Training
Training\ah\337.jpg,ah,Training
Training\ah\338.jpg,ah,Training
Training\ah\339.jpg,ah,Training
Training\ah\34.jpg,ah,Training
Training\ah\340.jpg,ah,Training
Training\ah\341.jpg,ah,Training
Training\ah\342.jpg,ah,Training
Training\ah\343.jpg,ah,Training
Training\ah\344.jpg,ah,Training
Training\ah\345.jpg,ah,Training
Training\ah\346.jpg,ah,Training
Training\ah\347.jpg,ah,Training
Training\ah\348.jpg,ah,Training
Training\ah\349.jpg,ah,Training
Training\ah\35.jpg,ah,Training
Training\ah\350.jpg,ah,Training
Training\ah\351.jpg,ah,Training
Training\ah\352.jpg,ah,Training
Training\ah\353.jpg,ah,Training
Training\ah\354.jpg,ah,Training
Training\ah\355.jpg,ah,Training
Training\ah\356.jpg,ah,Training
Training\ah\357.jpg,ah,Training
Training\ah\358.jpg,ah,Training
Training\ah\359.jpg,ah,Training
Training\ah\36.jpg,ah,Training
Training\ah\360.jpg,ah,Training
Training\ah\361.jpg,ah,Training
Training\ah\362.jpg,ah,Training
Training\ah\363.jpg,ah,Training
Training\ah\364.jpg,ah,Training
Training\ah\365.jpg,ah,Training
Training\ah\366.jpg,ah,Training
Training\ah\367.jpg,ah,Training
Training\ah\368.jpg,ah,Training
Training\ah\369.jpg,ah,Training
Training\ah\37.jpg,ah,Training
Training\ah\370.jpg,ah,Training
Training\ah\371.jpg,ah,Training
Training\ah\372.jpg,ah,Training
Training\ah\373.jpg,ah,Training
Training\ah\374.jpg,ah,Training
Training\ah\375.jpg,ah,Training
Training\ah\376.jpg,ah,Training
Training\ah\377.jpg,ah,Training
Training\ah\378.jpg,ah,Training
Training\ah\379.jpg,ah,Training
Training\ah\38.jpg,ah,Training
Training\ah\380.jpg,ah,Training
Training\ah\381.jpg,ah,Training
Training\ah\382.jpg,ah,Training
Training\ah\383.jpg,ah,Training
Training\ah\384.jpg,ah,Training
Training\ah\385.jpg,ah,Training
Training\ah\386.jpg,ah,Training
Training\ah\387.jpg,ah,Training
Training\ah\388.jpg,ah,Training
Training\ah\389.jpg,ah,Training
Training\ah\39.jpg,ah,Training
Training\ah\390.jpg,ah,Training
Training\ah\391.jpg,ah,Training
Training\ah\392.jpg,ah,Training
Training\ah\393.jpg,ah,Training
Training\ah\394.jpg,ah,Training
Training\ah\395.jpg,ah,Training
Training\ah\396.jpg,ah,Training
Training\ah\397.jpg,ah,Training
Training\ah\398.jpg,ah,Training
Training\ah\399.jpg,ah,Training
Training\ah\4.jpg,ah,Training
Training\ah\40.jpg,ah,Training
Training\ah\400.jpg,ah,Training
Training\ah\401.jpg,ah,Training
Training\ah\402.jpg,ah,Training
Training\ah\403.jpg,ah,Training
Training\ah\404.jpg,ah,Training
Training\ah\405.jpg,ah,Training
Training\ah\406.jpg,ah,Training
Training\ah\407.jpg,ah,Training
Training\ah\408.jpg,ah,Training
Training\ah\409.jpg,ah,Training
Training\ah\41.jpg,ah,Training
Training\ah\410.jpg,ah,Training
Training\ah\411.jpg,ah,Training
Training\ah\412.jpg,ah,Training
Training\ah\413.jpg,ah,Training
Training\ah\414.jpg,ah,Training
Training\ah\415.jpg,ah,Training
Training\ah\416.jpg,ah,Training
Training\ah\417.jpg,ah,Training
Training\ah\418.jpg,ah,Training
Training\ah\419.jpg,ah,Training
Training\ah\42.jpg,ah,Training
Training\ah\420.jpg,ah,Training
Training\ah\43.jpg,ah,Training
Training\ah\44.jpg,ah,Training
Training\ah\45.jpg,ah,Training
Training\ah\46.jpg,ah,Training
Training\ah\47.jpg,ah,Training
Training\ah\48.jpg,ah,Training
Training\ah\49.jpg,ah,Training
Training\ah\5.jpg,ah,Training
Training\ah\50.jpg,ah,Training
Training\ah\51.jpg,ah,Training
Training\ah\52.jpg,ah,Training
Training\ah\53.jpg,ah,Training
Training\ah\54.jpg,ah,Training
Training\ah\55.jpg,ah,Training
Training\ah\56.jpg,ah,Training
Training\ah\57.jpg,ah,Training
Training\ah\58.jpg,ah,Training
Training\ah\59.jpg,ah,Training
Training\ah\6.jpg,ah,Training
Training\ah\60.jpg,ah,Training
Training\ah\61.jpg,ah,Training
Training\ah\62.jpg,ah,Training
Training\ah\63.jpg,ah,Training
Training\ah\64.jpg,ah,Training
Training\ah\65.jpg,ah,Training
Training\ah\66.jpg,ah,Training
Training\ah\67.jpg,ah,Training
Training\ah\68.jpg,ah,Training
Training\ah\69.jpg,ah,Training
Training\ah\7.jpg,ah,Training
Training\ah\70.jpg,ah,Training
Training\ah\71.jpg,ah,Training
Training\ah\72.jpg,ah,Training
Training\ah\73.jpg,ah,Training
Training\ah\74.jpg,ah,Training
Training\ah\75.jpg,ah,Training
Training\ah\76.jpg,ah,Training
Training\ah\77.jpg,ah,Training
Training\ah\78.jpg,ah,Training
Training\ah\79.jpg,ah,Training
Training\ah\8.jpg,ah,Training
Training\ah\80.jpg,ah,Training
Training\ah\81.jpg,ah,Training
Training\ah\82.jpg,ah,Training
Training\ah\83.jpg,ah,Training
Training\ah\84.jpg,ah,Training
Training\ah\85.jpg,ah,Training
Training\ah\86.jpg,ah,Training
Training\ah\87.jpg,ah,Training
Training\ah\88.jpg,ah,Training
Training\ah\89.jpg,ah,Training
Training\ah\9.jpg,ah,Training
Training\ah\90.jpg,ah,Training
Training\ah\91.jpg,ah,Training
Training\ah\92.jpg,ah,Training
Training\ah\93.jpg,ah,Training
Training\ah\94.jpg,ah,Training
Training\ah\95.jpg,ah,Training
Training\ah\96.jpg,ah,Training
Training\ah\97.jpg,ah,Training
Training\ah\98.jpg,ah,Training
Training\ah\99.jpg,ah,Training
Training\ai\1.jpg,ai,Training
Training\ai\10.jpg,ai,Training
Training\ai\100.jpg,ai,Training
Training\ai\101.jpg,ai,Training
Training\ai\102.jpg,ai,Training
Training\ai\103.jpg,ai,Training
Training\ai\104.jpg,ai,Training
Training\ai\105.jpg,ai,Training
Training\ai\106.jpg,ai,Training
Training\ai\107.jpg,ai,Training
Training\ai\108.jpg,ai,Training
Training\ai\109.jpg,ai,Training
Training\ai\11.jpg,ai,Training
Training\ai\110.jpg,ai,Training
Training\ai\111.jpg,ai,Training
Training\ai\112.jpg,ai,Training
Training\ai\113.jpg,ai,Training
Training\ai\114.jpg,ai,Training
Training\ai\115.jpg,ai,Training
Training\ai\116.jpg,ai,Training
Training\ai\117.jpg,ai,Training
Training\ai\118.jpg,ai,Training
Training\ai\119.jpg,ai,Training
Training\ai\12.jpg,ai,Training
Training\ai\120.jpg,ai,Training
Training\ai\121.jpg,ai,Training
Training\ai\122.jpg,ai,Training
Training\ai\123.jpg,ai,Training
Training\ai\124.jpg,ai,Training
Training\ai\125.jpg,ai,Training
Training\ai\126.jpg,ai,Training
Training\ai\127.jpg,ai,Training
Training\ai\128.jpg,ai,Training
Training\ai\129.jpg,ai,Training
Training\ai\13.jpg,ai,Training
Training\ai\130.jpg,ai,Training
Training\ai\131.jpg,ai,Training
Training\ai\132.jpg,ai,Training
Training\ai\133.jpg,ai,Training
Training\ai\134.jpg,ai,Training
Training\ai\135.jpg,ai,Training
Training\ai\136.jpg,ai,Training
Training\ai\137.jpg,ai,Training
Training\ai\138.jpg,ai,Training
Training\ai\139.jpg,ai,Training
Training\ai\14.jpg,ai,Training
Training\ai\140.jpg,ai,Training
Training\ai\141.jpg,ai,Training
Training\ai\142.jpg,ai,Training
Training\ai\143.jpg,ai,Training
Training\ai\144.jpg,ai,Training
Training\ai\145.jpg,ai,Training
Training\ai\146.jpg,ai,Training
Training\ai\147.jpg,ai,Training
Training\ai\148.jpg,ai,Training
Training\ai\149.jpg,ai,Training
Training\ai\15.jpg,ai,Training
Training\ai\150.jpg,ai,Training
Training\ai\151.jpg,ai,Training
Training\ai\152.jpg,ai,Training
Training\ai\153.jpg,ai,Training
Training\ai\154.jpg,ai,Training
Training\ai\155.jpg,ai,Training
Training\ai\156.jpg,ai,Training
Training\ai\157.jpg,ai,Training
Training\ai\158.jpg,ai,Training
Training\ai\159.jpg,ai,Training
Training\ai\16.jpg,ai,Training
Training\ai\160.jpg,ai,Training
Training\ai\161.jpg,ai,Training
Training\ai\162.jpg,ai,Training
Training\ai\163.jpg,ai,Training
Training\ai\164.jpg,ai,Training
Training\ai\165.jpg,ai,Training
Training\ai\166.jpg,ai,Training
Training\ai\167.jpg,ai,Training
Training\ai\168.jpg,ai,Training
Training\ai\169.jpg,ai,Training
Training\ai\17.jpg,ai,Training
Training\ai\170.jpg,ai,Training
Training\ai\171.jpg,ai,Training
Training\ai\172.jpg,ai,Training
Training\ai\173.jpg,ai,Training
Training\ai\174.jpg,ai,Training
Training\ai\175.jpg,ai,Training
Training\ai\176.jpg,ai,Training
Training\ai\177.jpg,ai,Training
Training\ai\178.jpg,ai,Training
Training\ai\179.jpg,ai,Training
Training\ai\18.jpg,ai,Training
Training\ai\180.jpg,ai,Training
Training\ai\181.jpg,ai,Training
Training\ai\182.jpg,ai,Training
Training\ai\183.jpg,ai,Training
Training\ai\184.jpg,ai,Training
Training\ai\185.jpg,ai,Training
Training\ai\186.jpg,ai,Training
Training\ai\187.jpg,ai,Training
Training\ai\188.jpg,ai,Training
Training\ai\189.jpg,ai,Training
Training\ai\19.jpg,ai,Training
Training\ai\190.jpg,ai,Training
Training\ai\191.jpg,ai,Training
Training\ai\192.jpg,ai,Training
Training\ai\193.jpg,ai,Training
Training\ai\194.jpg,ai,Training
Training\ai\195.jpg,ai,Training
Training\ai\196.jpg,ai,Training
Training\ai\197.jpg,ai,Training
Training\ai\198.jpg,ai,Training
Training\ai\199.jpg,ai,Training
Training\ai\2.jpg,ai,Training
Training\ai\20.jpg,ai,Training
Training\ai\200.jpg,ai,Training
Training\ai\201.jpg,ai,Training
Training\ai\202.jpg,ai,Training
Training\ai\203.jpg,ai,Training
Training\ai\204.jpg,ai,Training
Training\ai\205.jpg,ai,Training
Training\ai\206.jpg,ai,Training
Training\ai\207.jpg,ai,Training
Training\ai\208.jpg,ai,Training
Training\ai\209.jpg,ai,Training
Training\ai\21.jpg,ai,Training
Training\ai\210.jpg,ai,Training
Training\ai\211.jpg,ai,Training
Training\ai\212.jpg,ai,Training
Training\ai\213.jpg,ai,Training
Training\ai\214.jpg,ai,Training
Training\ai\215.jpg,ai,Training
Training\ai\216.jpg,ai,Training
Training\ai\217.jpg,ai,Training
Training\ai\218.jpg,ai,Training
Training\ai\219.jpg,ai,Training
Training\ai\22.jpg,ai,Training
Training\ai\220.jpg,ai,Training
Training\ai\221.jpg,ai,Training
Training\ai\222.jpg,ai,Training
Training\ai\223.jpg,ai,Training
Training\ai\224.jpg,ai,Training
Training\ai\225.jpg,ai,Training
Training\ai\226.jpg,ai,Training
Training\ai\227.jpg,ai,Training
Training\ai\228.jpg,ai,Training
Training\ai\229.jpg,ai,Training
Training\ai\23.jpg,ai,Training
Training\ai\230.jpg,ai,Training
Training\ai\231.jpg,ai,Training
Training\ai\232.jpg,ai,Training
Training\ai\233.jpg,ai,Training
Training\ai\234.jpg,ai,Training
Training\ai\235.jpg,ai,Training
Training\ai\236.jpg,ai,Training
Training\ai\237.jpg,ai,Training
Training\ai\238.jpg,ai,Training
Training\ai\239.jpg,ai,Training
Training\ai\24.jpg,ai,Training
Training\ai\240.jpg,ai,Training
Training\ai\241.jpg,ai,Training
Training\ai\242.jpg,ai,Training
Training\ai\243.jpg,ai,Training
Training\ai\244.jpg,ai,Training
Training\ai\245.jpg,ai,Training
Training\ai\246.jpg,ai,Training
Training\ai\247.jpg,ai,Training
Training\ai\248.jpg,ai,Training
Training\ai\249.jpg,ai,Training
Training\ai\25.jpg,ai,Training
Training\ai\250.jpg,ai,Training
Training\ai\251.jpg,ai,Training
Training\ai\252.jpg,ai,Training
Training\ai\253.jpg,ai,Training
Training\ai\254.jpg,ai,Training
Training\ai\255.jpg,ai,Training
Training\ai\256.jpg,ai,Training
Training\ai\257.jpg,ai,Training
Training\ai\258.jpg,ai,Training
Training\ai\259.jpg,ai,Training
Training\ai\26.jpg,ai,Training
Training\ai\260.jpg,ai,Training
Training\ai\261.jpg,ai,Training
Training\ai\262.jpg,ai,Training
Training\ai\263.jpg,ai,Training
Training\ai\264.jpg,ai,Training
Training\ai\265.jpg,ai,Training
Training\ai\266.jpg,ai,Training
Training\ai\267.jpg,ai,Training
Training\ai\268.jpg,ai,Training
Training\ai\269.jpg,ai,Training
Training\ai\27.jpg,ai,Training
Training\ai\270.jpg,ai,Training
Training\ai\271.jpg,ai,Training
Training\ai\272.jpg,ai,Training
Training\ai\273.jpg,ai,Training
Training\ai\274.jpg,ai,Training
Training\ai\275.jpg,ai,Training
Training\ai\276.jpg,ai,Training
Training\ai\277.jpg,ai,Training
Training\ai\278.jpg,ai,Training
Training\ai\279.jpg,ai,Training
Training\ai\28.jpg,ai,Training
Training\ai\280.jpg,ai,Training
Training\ai\281.jpg,ai,Training
Training\ai\282.jpg,ai,Training
Training\ai\283.jpg,ai,Training
Training\ai\284.jpg,ai,Training
Training\ai\285.jpg,ai,Training
Training\ai\286.jpg,ai,Training
Training\ai\287.jpg,ai,Training
Training\ai\288.jpg,ai,Training
Training\ai\289.jpg,ai,Training
Training\ai\29.jpg,ai,Training
Training\ai\290.jpg,ai,Training
Training\ai\291.jpg,ai,Training
Training\ai\292.jpg,ai,Training
Training\ai\293.jpg,ai,Training
Training\ai\294.jpg,ai,Training
Training\ai\295.jpg,ai,Training
Training\ai\296.jpg,ai,Training
Training\ai\297.jpg,ai,Training
Training\ai\298.jpg,ai,Training
Training\ai\299.jpg,ai,Training
Training\ai\3.jpg,ai,Training
Training\ai\30.jpg,ai,Training
Training\ai\300.jpg,ai,Training
Training\ai\301.jpg,ai,Training
Training\ai\302.jpg,ai,Training
Training\ai\303.jpg,ai,Training
Training\ai\304.jpg,ai,Training
Training\ai\305.jpg,ai,Training
Training\ai\306.jpg,ai,Training
Training\ai\307.jpg,ai,Training
Training\ai\308.jpg,ai,Training
Training\ai\309.jpg,ai,Training
Training\ai\31.jpg,ai,Training
Training\ai\310.jpg,ai,Training
Training\ai\311.jpg,ai,Training
Training\ai\312.jpg,ai,Training
Training\ai\313.jpg,ai,Training
Training\ai\314.jpg,ai,Training
Training\ai\315.jpg,ai,Training
Training\ai\316.jpg,ai,Training
Training\ai\317.jpg,ai,Training
Training\ai\318.jpg,ai,Training
Training\ai\319.jpg,ai,Training
Training\ai\32.jpg,ai,Training
Training\ai\320.jpg,ai,Training
Training\ai\321.jpg,ai,Training
Training\ai\322.jpg,ai,Training
Training\ai\323.jpg,ai,Training
Training\ai\324.jpg,ai,Training
Training\ai\325.jpg,ai,Training
Training\ai\326.jpg,ai,Training
Training\ai\327.jpg,ai,Training
Training\ai\328.jpg,ai,Training
Training\ai\329.jpg,ai,Training
Training\ai\33.jpg,ai,Training
Training\ai\330.jpg,ai,Training
Training\ai\331.jpg,ai,Training
Training\ai\332.jpg,ai,Training
Training\ai\333.jpg,ai,Training
Training\ai\334.jpg,ai,Training
Training\ai\335.jpg,ai,Training
Training\ai\336.jpg,ai,Training
Training\ai\337.jpg,ai,Training
Training\ai\338.jpg,ai,Training
Training\ai\339.jpg,ai,Training
Training\ai\34.jpg,ai,Training
Training\ai\340.jpg,ai,Training
Training\ai\341.jpg,ai,Training
Training\ai\342.jpg,ai,Training
Training\ai\343.jpg,ai,Training
Training\ai\344.jpg,ai,Training
Training\ai\345.jpg,ai,Training
Training\ai\346.jpg,ai,Training
Training\ai\347.jpg,ai,Training
Training\ai\348.jpg,ai,Training
Training\ai\349.jpg,ai,Training
Training\ai\35.jpg,ai,Training
Training\ai\350.jpg,ai,Training
Training\ai\351.jpg,ai,Training
Training\ai\352.jpg,ai,Training
Training\ai\353.jpg,ai,Training
Training\ai\354.jpg,ai,Training
Training\ai\355.jpg,ai,Training
Training\ai\356.jpg,ai,Training
Training\ai\357.jpg,ai,Training
Training\ai\358.jpg,ai,Training
Training\ai\359.jpg,ai,Training
Training\ai\36.jpg,ai,Training
Training\ai\360.jpg,ai,Training
Training\ai\361.jpg,ai,Training
Training\ai\362.jpg,ai,Training
Training\ai\363.jpg,ai,Training
Training\ai\364.jpg,ai,Training
Training\ai\365.jpg,ai,Training
Training\ai\366.jpg,ai,Training
Training\ai\367.jpg,ai,Training
Training\ai\368.jpg,ai,Training
Training\ai\369.jpg,ai,Training
Training\ai\37.jpg,ai,Training
Training\ai\370.jpg,ai,Training
Training\ai\371.jpg,ai,Training
Training\ai\372.jpg,ai,Training
Training\ai\373.jpg,ai,Training
Training\ai\374.jpg,ai,Training
Training\ai\375.jpg,ai,Training
Training\ai\376.jpg,ai,Training
Training\ai\377.jpg,ai,Training
Training\ai\378.jpg,ai,Training
Training\ai\379.jpg,ai,Training
Training\ai\38.jpg,ai,Training
Training\ai\380.jpg,ai,Training
Training\ai\381.jpg,ai,Training
Training\ai\382.jpg,ai,Training
Training\ai\383.jpg,ai,Training
Training\ai\384.jpg,ai,Training
Training\ai\385.jpg,ai,Training
Training\ai\386.jpg,ai,Training
Training\ai\387.jpg,ai,Training
Training\ai\388.jpg,ai,Training
Training\ai\389.jpg,ai,Training
Training\ai\39.jpg,ai,Training
Training\ai\390.jpg,ai,Training
Training\ai\391.jpg,ai,Training
Training\ai\392.jpg,ai,Training
Training\ai\393.jpg,ai,Training
Training\ai\394.jpg,ai,Training
Training\ai\395.jpg,ai,Training
Training\ai\396.jpg,ai,Training
Training\ai\397.jpg,ai,Training
Training\ai\398.jpg,ai,Training
Training\ai\399.jpg,ai,Training
Training\ai\4.jpg,ai,Training
Training\ai\40.jpg,ai,Training
Training\ai\400.jpg,ai,Training
Training\ai\401.jpg,ai,Training
Training\ai\402.jpg,ai,Training
Training\ai\403.jpg,ai,Training
Training\ai\404.jpg,ai,Training
Training\ai\405.jpg,ai,Training
Training\ai\406.jpg,ai,Training
Training\ai\407.jpg,ai,Training
Training\ai\408.jpg,ai,Training
Training\ai\409.jpg,ai,Training
Training\ai\41.jpg,ai,Training
Training\ai\410.jpg,ai,Training
Training\ai\411.jpg,ai,Training
Training\ai\412.jpg,ai,Training
Training\ai\413.jpg,ai,Training
Training\ai\414.jpg,ai,Training
Training\ai\415.jpg,ai,Training
Training\ai\416.jpg,ai,Training
Training\ai\417.jpg,ai,Training
Training\ai\418.jpg,ai,Training
Training\ai\419.jpg,ai,Training
Training\ai\42.jpg,ai,Training
Training\ai\420.jpg,ai,Training
Training\ai\43.jpg,ai,Training
Training\ai\44.jpg,ai,Training
Training\ai\45.jpg,ai,Training
Training\ai\46.jpg,ai,Training
Training\ai\47.jpg,ai,Training
Training\ai\48.jpg,ai,Training
Training\ai\49.jpg,ai,Training
Training\ai\5.jpg,ai,Training
Training\ai\50.jpg,ai,Training
Training\ai\51.jpg,ai,Training
Training\ai\52.jpg,ai,Training
Training\ai\53.jpg,ai,Training
Training\ai\54.jpg,ai,Training
Training\ai\55.jpg,ai,Training
Training\ai\56.jpg,ai,Training
Training\ai\57.jpg,ai,Training
Training\ai\58.jpg,ai,Training
Training\ai\59.jpg,ai,Training
Training\ai\6.jpg,ai,Training
Training\ai\60.jpg,ai,Training
Training\ai\61.jpg,ai,Training
Training\ai\62.jpg,ai,Training
Training\ai\63.jpg,ai,Training
Training\ai\64.jpg,ai,Training
Training\ai\65.jpg,ai,Training
Training\ai\66.jpg,ai,Training
Training\ai\67.jpg,ai,Training
Training\ai\68.jpg,ai,Training
Training\ai\69.jpg,ai,Training
Training\ai\7.jpg,ai,Training
Training\ai\70.jpg,ai,Training
Training\ai\71.jpg,ai,Training
Training\ai\72.jpg,ai,Training
Training\ai\73.jpg,ai,Training
Training\ai\74.jpg,ai,Training
Training\ai\75.jpg,ai,Training
Training\ai\76.jpg,ai,Training
Training\ai\77.jpg,ai,Training
Training\ai\78.jpg,ai,Training
Training\ai\79.jpg,ai,Training
Training\ai\8.jpg,ai,Training
Training\ai\80.jpg,ai,Training
Training\ai\81.jpg,ai,Training
Training\ai\82.jpg,ai,Training
Training\ai\83.jpg,ai,Training
Training\ai\84.jpg,ai,Training
Training\ai\85.jpg,ai,Training
Training\ai\86.jpg,ai,Training
Training\ai\87.jpg,ai,Training
Training\ai\88.jpg,ai,Training
Training\ai\89.jpg,ai,Training
Training\ai\9.jpg,ai,Training
Training\ai\90.jpg,ai,Training
Training\ai\91.jpg,ai,Training
Training\ai\92.jpg,ai,Training
Training\ai\93.jpg,ai,Training
Training\ai\94.jpg,ai,Training
Training\ai\95.jpg,ai,Training
Training\ai\96.jpg,ai,Training
Training\ai\97.jpg,ai,Training
Training\ai\98.jpg,ai,Training
Training\ai\99.jpg,ai,Training
Training\am\1.jpg,am,Training
Training\am\10.jpg,am,Training
Training\am\100.jpg,am,Training
Training\am\101.jpg,am,Training
Training\am\102.jpg,am,Training
Training\am\103.jpg,am,Training
Training\am\104.jpg,am,Training
Training\am\105.jpg,am,Training
Training\am\106.jpg,am,Training
Training\am\107.jpg,am,Training
Training\am\108.jpg,am,Training
Training\am\109.jpg,am,Training
Training\am\11.jpg,am,Training
Training\am\110.jpg,am,Training
Training\am\111.jpg,am,Training
Training\am\112.jpg,am,Training
Training\am\113.jpg,am,Training
Training\am\114.jpg,am,Training
Training\am\115.jpg,am,Training
Training\am\116.jpg,am,Training
Training\am\117.jpg,am,Training
Training\am\118.jpg,am,Training
Training\am\119.jpg,am,Training
Training\am\12.jpg,am,Training
Training\am\120.jpg,am,Training
Training\am\121.jpg,am,Training
Training\am\122.jpg,am,Training
Training\am\123.jpg,am,Training
Training\am\124.jpg,am,Training
Training\am\125.jpg,am,Training
Training\am\126.jpg,am,Training
Training\am\127.jpg,am,Training
Training\am\128.jpg,am,Training
Training\am\129.jpg,am,Training
Training\am\13.jpg,am,Training
Training\am\130.jpg,am,Training
Training\am\131.jpg,am,Training
Training\am\132.jpg,am,Training
Training\am\133.jpg,am,Training
Training\am\134.jpg,am,Training
Training\am\135.jpg,am,Training
Training\am\136.jpg,am,Training
Training\am\137.jpg,am,Training
Training\am\138.jpg,am,Training
Training\am\139.jpg,am,Training
Training\am\14.jpg,am,Training
Training\am\140.jpg,am,Training
Training\am\141.jpg,am,Training
Training\am\142.jpg,am,Training
Training\am\143.jpg,am,Training
Training\am\144.jpg,am,Training
Training\am\145.jpg,am,Training
Training\am\146.jpg,am,Training
Training\am\147.jpg,am,Training
Training\am\148.jpg,am,Training
Training\am\149.jpg,am,Training
Training\am\15.jpg,am,Training
Training\am\150.jpg,am,Training
Training\am\151.jpg,am,Training
Training\am\152.jpg,am,Training
Training\am\153.jpg,am,Training
Training\am\154.jpg,am,Training
Training\am\155.jpg,am,Training
Training\am\156.jpg,am,Training
Training\am\157.jpg,am,Training
Training\am\158.jpg,am,Training
Training\am\159.jpg,am,Training
Training\am\16.jpg,am,Training
Training\am\160.jpg,am,Training
Training\am\161.jpg,am,Training
Training\am\162.jpg,am,Training
Training\am\163.jpg,am,Training
Training\am\164.jpg,am,Training
Training\am\165.jpg,am,Training
Training\am\166.jpg,am,Training
Training\am\167.jpg,am,Training
Training\am\168.jpg,am,Training
Training\am\169.jpg,am,Training
Training\am\17.jpg,am,Training
Training\am\170.jpg,am,Training
Training\am\171.jpg,am,Training
Training\am\172.jpg,am,Training
Training\am\173.jpg,am,Training
Training\am\174.jpg,am,Training
Training\am\175.jpg,am,Training
Training\am\176.jpg,am,Training
Training\am\177.jpg,am,Training
Training\am\178.jpg,am,Training
Training\am\179.jpg,am,Training
Training\am\18.jpg,am,Training
Training\am\180.jpg,am,Training
Training\am\181.jpg,am,Training
Training\am\182.jpg,am,Training
Training\am\183.jpg,am,Training
Training\am\184.jpg,am,Training
Training\am\185.jpg,am,Training
Training\am\186.jpg,am,Training
Training\am\187.jpg,am,Training
Training\am\188.jpg,am,Training
Training\am\189.jpg,am,Training
Training\am\19.jpg,am,Training
Training\am\190.jpg,am,Training
Training\am\191.jpg,am,Training
Training\am\192.jpg,am,Training
Training\am\193.jpg,am,Training
Training\am\194.jpg,am,Training
Training\am\195.jpg,am,Training
Training\am\196.jpg,am,Training
Training\am\197.jpg,am,Training
Training\am\198.jpg,am,Training
Training\am\199.jpg,am,Training
Training\am\2.jpg,am,Training
Training\am\20.jpg,am,Training
Training\am\200.jpg,am,Training
Training\am\201.jpg,am,Training
Training\am\202.jpg,am,Training
Training\am\203.jpg,am,Training
Training\am\204.jpg,am,Training
Training\am\205.jpg,am,Training
Training\am\206.jpg,am,Training
Training\am\207.jpg,am,Training
Training\am\208.jpg,am,Training
Training\am\209.jpg,am,Training
Training\am\21.jpg,am,Training
Training\am\210.jpg,am,Training
Training\am\211.jpg,am,Training
Training\am\212.jpg,am,Training
Training\am\213.jpg,am,Training
Training\am\214.jpg,am,Training
Training\am\215.jpg,am,Training
Training\am\216.jpg,am,Training
Training\am\217.jpg,am,Training
Training\am\218.jpg,am,Training
Training\am\219.jpg,am,Training
Training\am\22.jpg,am,Training
Training\am\220.jpg,am,Training
Training\am\221.jpg,am,Training
Training\am\222.jpg,am,Training
Training\am\223.jpg,am,Training
Training\am\224.jpg,am,Training
Training\am\225.jpg,am,Training
Training\am\226.jpg,am,Training
Training\am\227.jpg,am,Training
Training\am\228.jpg,am,Training
Training\am\229.jpg,am,Training
Training\am\23.jpg,am,Training
Training\am\230.jpg,am,Training
Training\am\231.jpg,am,Training
Training\am\232.jpg,am,Training
Training\am\233.jpg,am,Training
Training\am\234.jpg,am,Training
Training\am\235.jpg,am,Training
Training\am\236.jpg,am,Training
Training\am\237.jpg,am,Training
Training\am\238.jpg,am,Training
Training\am\239.jpg,am,Training
Training\am\24.jpg,am,Training
Training\am\240.jpg,am,Training
Training\am\241.jpg,am,Training
Training\am\242.jpg,am,Training
Training\am\243.jpg,am,Training
Training\am\244.jpg,am,Training
Training\am\245.jpg,am,Training
Training\am\246.jpg,am,Training
Training\am\247.jpg,am,Training
Training\am\248.jpg,am,Training
Training\am\249.jpg,am,Training
Training\am\25.jpg,am,Training
Training\am\250.jpg,am,Training
Training\am\251.jpg,am,Training
Training\am\252.jpg,am,Training
Training\am\253.jpg,am,Training
Training\am\254.jpg,am,Training
Training\am\255.jpg,am,Training
Training\am\256.jpg,am,Training
Training\am\257.jpg,am,Training
Training\am\258.jpg,am,Training
Training\am\259.jpg,am,Training
Training\am\26.jpg,am,Training
Training\am\260.jpg,am,Training
Training\am\261.jpg,am,Training
Training\am\262.jpg,am,Training
Training\am\263.jpg,am,Training
Training\am\264.jpg,am,Training
Training\am\265.jpg,am,Training
Training\am\266.jpg,am,Training
Training\am\267.jpg,am,Training
Training\am\268.jpg,am,Training
Training\am\269.jpg,am,Training
Training\am\27.jpg,am,Training
Training\am\270.jpg,am,Training
Training\am\271.jpg,am,Training
Training\am\272.jpg,am,Training
Training\am\273.jpg,am,Training
Training\am\274.jpg,am,Training
Training\am\275.jpg,am,Training
Training\am\276.jpg,am,Training
Training\am\277.jpg,am,Training
Training\am\278.jpg,am,Training
Training\am\279.jpg,am,Training
Training\am\28.jpg,am,Training
Training\am\280.jpg,am,Training
Training\am\281.jpg,am,Training
Training\am\282.jpg,am,Training
Training\am\283.jpg,am,Training
Training\am\284.jpg,am,Training
Training\am\285.jpg,am,Training
Training\am\286.jpg,am,Training
Training\am\287.jpg,am,Training
Training\am\288.jpg,am,Training
Training\am\289.jpg,am,Training
Training\am\29.jpg,am,Training
Training\am\290.jpg,am,Training
Training\am\291.jpg,am,Training
Training\am\292.jpg,am,Training
Training\am\293.jpg,am,Training
Training\am\294.jpg,am,Training
Training\am\295.jpg,am,Training
Training\am\296.jpg,am,Training
Training\am\297.jpg,am,Training
Training\am\298.jpg,am,Training
Training\am\299.jpg,am,Training
Training\am\3.jpg,am,Training
Training\am\30.jpg,am,Training
Training\am\300.jpg,am,Training
Training\am\301.jpg,am,Training
Training\am\302.jpg,am,Training
Training\am\303.jpg,am,Training
Training\am\304.jpg,am,Training
Training\am\305.jpg,am,Training
Training\am\306.jpg,am,Training
Training\am\307.jpg,am,Training
Training\am\308.jpg,am,Training
Training\am\309.jpg,am,Training
Training\am\31.jpg,am,Training
Training\am\310.jpg,am,Training
Training\am\311.jpg,am,Training
Training\am\312.jpg,am,Training
Training\am\313.jpg,am,Training
Training\am\314.jpg,am,Training
Training\am\315.jpg,am,Training
Training\am\316.jpg,am,Training
Training\am\317.jpg,am,Training
Training\am\318.jpg,am,Training
Training\am\319.jpg,am,Training
Training\am\32.jpg,am,Training
Training\am\320.jpg,am,Training
Training\am\321.jpg,am,Training
Training\am\322.jpg,am,Training
Training\am\323.jpg,am,Training
Training\am\324.jpg,am,Training
Training\am\325.jpg,am,Training
Training\am\326.jpg,am,Training
Training\am\327.jpg,am,Training
Training\am\328.jpg,am,Training
Training\am\329.jpg,am,Training
Training\am\33.jpg,am,Training
Training\am\330.jpg,am,Training
Training\am\331.jpg,am,Training
Training\am\332.jpg,am,Training
Training\am\333.jpg,am,Training
Training\am\334.jpg,am,Training
Training\am\335.jpg,am,Training
Training\am\336.jpg,am,Training
Training\am\337.jpg,am,Training
Training\am\338.jpg,am,Training
Training\am\339.jpg,am,Training
Training\am\34.jpg,am,Training
Training\am\340.jpg,am,Training
Training\am\341.jpg,am,Training
Training\am\342.jpg,am,Training
Training\am\343.jpg,am,Training
Training\am\344.jpg,am,Training
Training\am\345.jpg,am,Training
Training\am\346.jpg,am,Training
Training\am\347.jpg,am,Training
Training\am\348.jpg,am,Training
Training\am\349.jpg,am,Training
Training\am\35.jpg,am,Training
Training\am\350.jpg,am,Training
Training\am\351.jpg,am,Training
Training\am\352.jpg,am,Training
Training\am\353.jpg,am,Training
Training\am\354.jpg,am,Training
Training\am\355.jpg,am,Training
Training\am\356.jpg,am,Training
Training\am\357.jpg,am,Training
Training\am\358.jpg,am,Training
Training\am\359.jpg,am,Training
Training\am\36.jpg,am,Training
Training\am\360.jpg,am,Training
Training\am\361.jpg,am,Training
Training\am\362.jpg,am,Training
Training\am\363.jpg,am,Training
Training\am\364.jpg,am,Training
Training\am\365.jpg,am,Training
Training\am\366.jpg,am,Training
Training\am\367.jpg,am,Training
Training\am\368.jpg,am,Training
Training\am\369.jpg,am,Training
Training\am\37.jpg,am,Training
Training\am\370.jpg,am,Training
Training\am\371.jpg,am,Training
Training\am\372.jpg,am,Training
Training\am\373.jpg,am,Training
Training\am\374.jpg,am,Training
Training\am\375.jpg,am,Training
Training\am\376.jpg,am,Training
Training\am\377.jpg,am,Training
Training\am\378.jpg,am,Training
Training\am\379.jpg,am,Training
Training\am\38.jpg,am,Training
Training\am\380.jpg,am,Training
Training\am\381.jpg,am,Training
Training\am\382.jpg,am,Training
Training\am\383.jpg,am,Training
Training\am\384.jpg,am,Training
Training\am\385.jpg,am,Training
Training\am\386.jpg,am,Training
Training\am\387.jpg,am,Training
Training\am\388.jpg,am,Training
Training\am\389.jpg,am,Training
Training\am\39.jpg,am,Training
Training\am\390.jpg,am,Training
Training\am\391.jpg,am,Training
Training\am\392.jpg,am,Training
Training\am\393.jpg,am,Training
Training\am\394.jpg,am,Training
Training\am\395.jpg,am,Training
Training\am\396.jpg,am,Training
Training\am\397.jpg,am,Training
Training\am\398.jpg,am,Training
Training\am\399.jpg,am,Training
Training\am\4.jpg,am,Training
Training\am\40.jpg,am,Training
Training\am\400.jpg,am,Training
Training\am\401.jpg,am,Training
Training\am\402.jpg,am,Training
Training\am\403.jpg,am,Training
Training\am\404.jpg,am,Training
Training\am\405.jpg,am,Training
Training\am\406.jpg,am,Training
Training\am\407.jpg,am,Training
Training\am\408.jpg,am,Training
Training\am\409.jpg,am,Training
Training\am\41.jpg,am,Training
Training\am\410.jpg,am,Training
Training\am\411.jpg,am,Training
Training\am\412.jpg,am,Training
Training\am\413.jpg,am,Training
Training\am\414.jpg,am,Training
Training\am\415.jpg,am,Training
Training\am\416.jpg,am,Training
Training\am\417.jpg,am,Training
Training\am\418.jpg,am,Training
Training\am\419.jpg,am,Training
Training\am\42.jpg,am,Training
Training\am\420.jpg,am,Training
Training\am\43.jpg,am,Training
Training\am\44.jpg,am,Training
Training\am\45.jpg,am,Training
Training\am\46.jpg,am,Training
Training\am\47.jpg,am,Training
Training\am\48.jpg,am,Training
Training\am\49.jpg,am,Training
Training\am\5.jpg,am,Training
Training\am\50.jpg,am,Training
Training\am\51.jpg,am,Training
Training\am\52.jpg,am,Training
Training\am\53.jpg,am,Training
Training\am\54.jpg,am,Training
Training\am\55.jpg,am,Training
Training\am\56.jpg,am,Training
Training\am\57.jpg,am,Training
Training\am\58.jpg,am,Training
Training\am\59.jpg,am,Training
Training\am\6.jpg,am,Training
Training\am\60.jpg,am,Training
Training\am\61.jpg,am,Training
Training\am\62.jpg,am,Training
Training\am\63.jpg,am,Training
Training\am\64.jpg,am,Training
Training\am\65.jpg,am,Training
Training\am\66.jpg,am,Training
Training\am\67.jpg,am,Training
Training\am\68.jpg,am,Training
Training\am\69.jpg,am,Training
Training\am\7.jpg,am,Training
Training\am\70.jpg,am,Training
Training\am\71.jpg,am,Training
Training\am\72.jpg,am,Training
Training\am\73.jpg,am,Training
Training\am\74.jpg,am,Training
Training\am\75.jpg,am,Training
Training\am\76.jpg,am,Training
Training\am\77.jpg,am,Training
Training\am\78.jpg,am,Training
Training\am\79.jpg,am,Training
Training\am\8.jpg,am,Training
Training\am\80.jpg,am,Training
Training\am\81.jpg,am,Training
Training\am\82.jpg,am,Training
Training\am\83.jpg,am,Training
Training\am\84.jpg,am,Training
Training\am\85.jpg,am,Training
Training\am\86.jpg,am,Training
Training\am\87.jpg,am,Training
Training\am\88.jpg,am,Training
Training\am\89.jpg,am,Training
Training\am\9.jpg,am,Training
Training\am\90.jpg,am,Training
Training\am\91.jpg,am,Training
Training\am\92.jpg,am,Training
Training\am\93.jpg,am,Training
Training\am\94.jpg,am,Training
Training\am\95.jpg,am,Training
Training\am\96.jpg,am,Training
Training\am\97.jpg,am,Training
Training\am\98.jpg,am,Training
Training\am\99.jpg,am,Training
Training\au\1.jpg,au,Training
Training\au\10.jpg,au,Training
Training\au\100.jpg,au,Training
Training\au\101.jpg,au,Training
Training\au\102.jpg,au,Training
Training\au\103.jpg,au,Training
Training\au\104.jpg,au,Training
Training\au\105.jpg,au,Training
Training\au\106.jpg,au,Training
Training\au\107.jpg,au,Training
Training\au\108.jpg,au,Training
Training\au\109.jpg,au,Training
Training\au\11.jpg,au,Training
Training\au\110.jpg,au,Training
Training\au\111.jpg,au,Training
Training\au\112.jpg,au,Training
Training\au\113.jpg,au,Training
Training\au\114.jpg,au,Training
Training\au\115.jpg,au,Training
Training\au\116.jpg,au,Training
Training\au\117.jpg,au,Training
Training\au\118.jpg,au,Training
Training\au\119.jpg,au,Training
Training\au\12.jpg,au,Training
Training\au\120.jpg,au,Training
Training\au\121.jpg,au,Training
Training\au\122.jpg,au,Training
Training\au\123.jpg,au,Training
Training\au\124.jpg,au,Training
Training\au\125.jpg,au,Training
Training\au\126.jpg,au,Training
Training\au\127.jpg,au,Training
Training\au\128.jpg,au,Training
Training\au\129.jpg,au,Training
Training\au\13.jpg,au,Training
Training\au\130.jpg,au,Training
Training\au\131.jpg,au,Training
Training\au\132.jpg,au,Training
Training\au\133.jpg,au,Training
Training\au\134.jpg,au,Training
Training\au\135.jpg,au,Training
Training\au\136.jpg,au,Training
Training\au\137.jpg,au,Training
Training\au\138.jpg,au,Training
Training\au\139.jpg,au,Training
Training\au\14.jpg,au,Training
Training\au\140.jpg,au,Training
Training\au\141.jpg,au,Training
Training\au\142.jpg,au,Training
Training\au\143.jpg,au,Training
Training\au\144.jpg,au,Training
Training\au\145.jpg,au,Training
Training\au\146.jpg,au,Training
Training\au\147.jpg,au,Training
Training\au\148.jpg,au,Training
Training\au\149.jpg,au,Training
Training\au\15.jpg,au,Training
Training\au\150.jpg,au,Training
Training\au\151.jpg,au,Training
Training\au\152.jpg,au,Training
Training\au\153.jpg,au,Training
Training\au\154.jpg,au,Training
Training\au\155.jpg,au,Training
Training\au\156.jpg,au,Training
Training\au\157.jpg,au,Training
Training\au\158.jpg,au,Training
Training\au\159.jpg,au,Training
Training\au\16.jpg,au,Training
Training\au\160.jpg,au,Training
Training\au\161.jpg,au,Training
Training\au\162.jpg,au,Training
Training\au\163.jpg,au,Training
Training\au\164.jpg,au,Training
Training\au\165.jpg,au,Training
Training\au\166.jpg,au,Training
Training\au\167.jpg,au,Training
Training\au\168.jpg,au,Training
Training\au\169.jpg,au,Training
Training\au\17.jpg,au,Training
Training\au\170.jpg,au,Training
Training\au\171.jpg,au,Training
Training\au\172.jpg,au,Training
Training\au\173.jpg,au,Training
Training\au\174.jpg,au,Training
Training\au\175.jpg,au,Training
Training\au\176.jpg,au,Training
Training\au\177.jpg,au,Training
Training\au\178.jpg,au,Training
Training\au\179.jpg,au,Training
Training\au\18.jpg,au,Training
Training\au\180.jpg,au,Training
Training\au\181.jpg,au,Training
Training\au\182.jpg,au,Training
Training\au\183.jpg,au,Training
Training\au\184.jpg,au,Training
Training\au\185.jpg,au,Training
Training\au\186.jpg,au,Training
Training\au\187.jpg,au,Training
Training\au\188.jpg,au,Training
Training\au\189.jpg,au,Training
Training\au\19.jpg,au,Training
Training\au\190.jpg,au,Training
Training\au\191.jpg,au,Training
Training\au\192.jpg,au,Training
Training\au\193.jpg,au,Training
Training\au\194.jpg,au,Training
Training\au\195.jpg,au,Training
Training\au\196.jpg,au,Training
Training\au\197.jpg,au,Training
Training\au\198.jpg,au,Training
Training\au\199.jpg,au,Training
Training\au\2.jpg,au,Training
Training\au\20.jpg,au,Training
Training\au\200.jpg,au,Training
Training\au\201.jpg,au,Training
Training\au\202.jpg,au,Training
Training\au\203.jpg,au,Training
Training\au\204.jpg,au,Training
Training\au\205.jpg,au,Training
Training\au\206.jpg,au,Training
Training\au\207.jpg,au,Training
Training\au\208.jpg,au,Training
Training\au\209.jpg,au,Training
Training\au\21.jpg,au,Training
Training\au\210.jpg,au,Training
Training\au\211.jpg,au,Training
Training\au\212.jpg,au,Training
Training\au\213.jpg,au,Training
Training\au\214.jpg,au,Training
Training\au\215.jpg,au,Training
Training\au\216.jpg,au,Training
Training\au\217.jpg,au,Training
Training\au\218.jpg,au,Training
Training\au\219.jpg,au,Training
Training\au\22.jpg,au,Training
Training\au\220.jpg,au,Training
Training\au\221.jpg,au,Training
Training\au\222.jpg,au,Training
Training\au\223.jpg,au,Training
Training\au\224.jpg,au,Training
Training\au\225.jpg,au,Training
Training\au\226.jpg,au,Training
Training\au\227.jpg,au,Training
Training\au\228.jpg,au,Training
Training\au\229.jpg,au,Training
Training\au\23.jpg,au,Training
Training\au\230.jpg,au,Training
Training\au\231.jpg,au,Training
Training\au\232.jpg,au,Training
Training\au\233.jpg,au,Training
Training\au\234.jpg,au,Training
Training\au\235.jpg,au,Training
Training\au\236.jpg,au,Training
Training\au\237.jpg,au,Training
Training\au\238.jpg,au,Training
Training\au\239.jpg,au,Training
Training\au\24.jpg,au,Training
Training\au\240.jpg,au,Training
Training\au\241.jpg,au,Training
Training\au\242.jpg,au,Training
Training\au\243.jpg,au,Training
Training\au\244.jpg,au,Training
Training\au\245.jpg,au,Training
Training\au\246.jpg,au,Training
Training\au\247.jpg,au,Training
Training\au\248.jpg,au,Training
Training\au\249.jpg,au,Training
Training\au\25.jpg,au,Training
Training\au\250.jpg,au,Training
Training\au\251.jpg,au,Training
Training\au\252.jpg,au,Training
Training\au\253.jpg,au,Training
Training\au\254.jpg,au,Training
Training\au\255.jpg,au,Training
Training\au\256.jpg,au,Training
Training\au\257.jpg,au,Training
Training\au\258.jpg,au,Training
Training\au\259.jpg,au,Training
Training\au\26.jpg,au,Training
Training\au\260.jpg,au,Training
Training\au\261.jpg,au,Training
Training\au\262.jpg,au,Training
Training\au\263.jpg,au,Training
Training\au\264.jpg,au,Training
Training\au\265.jpg,au,Training
Training\au\266.jpg,au,Training
Training\au\267.jpg,au,Training
Training\au\268.jpg,au,Training
Training\au\269.jpg,au,Training
Training\au\27.jpg,au,Training
Training\au\270.jpg,au,Training
Training\au\271.jpg,au,Training
Training\au\272.jpg,au,Training
Training\au\273.jpg,au,Training
Training\au\274.jpg,au,Training
Training\au\275.jpg,au,Training
Training\au\276.jpg,au,Training
Training\au\277.jpg,au,Training
Training\au\278.jpg,au,Training
Training\au\279.jpg,au,Training
Training\au\28.jpg,au,Training
Training\au\280.jpg,au,Training
Training\au\281.jpg,au,Training
Training\au\282.jpg,au,Training
Training\au\283.jpg,au,Training
Training\au\284.jpg,au,Training
Training\au\285.jpg,au,Training
Training\au\286.jpg,au,Training
Training\au\287.jpg,au,Training
Training\au\288.jpg,au,Training
Training\au\289.jpg,au,Training
Training\au\29.jpg,au,Training
Training\au\290.jpg,au,Training
Training\au\291.jpg,au,Training
Training\au\292.jpg,au,Training
Training\au\293.jpg,au,Training
Training\au\294.jpg,au,Training
Training\au\295.jpg,au,Training
Training\au\296.jpg,au,Training
Training\au\297.jpg,au,Training
Training\au\298.jpg,au,Training
Training\au\299.jpg,au,Training
Training\au\3.jpg,au,Training
Training\au\30.jpg,au,Training
Training\au\300.jpg,au,Training
Training\au\301.jpg,au,Training
Training\au\302.jpg,au,Training
Training\au\303.jpg,au,Training
Training\au\304.jpg,au,Training
Training\au\305.jpg,au,Training
Training\au\306.jpg,au,Training
Training\au\307.jpg,au,Training
Training\au\308.jpg,au,Training
Training\au\309.jpg,au,Training
Training\au\31.jpg,au,Training
Training\au\310.jpg,au,Training
Training\au\311.jpg,au,Training
Training\au\312.jpg,au,Training
Training\au\313.jpg,au,Training
Training\au\314.jpg,au,Training
Training\au\315.jpg,au,Training
Training\au\316.jpg,au,Training
Training\au\317.jpg,au,Training
Training\au\318.jpg,au,Training
Training\au\319.jpg,au,Training
Training\au\32.jpg,au,Training
Training\au\320.jpg,au,Training
Training\au\321.jpg,au,Training
Training\au\322.jpg,au,Training
Training\au\323.jpg,au,Training
Training\au\324.jpg,au,Training
Training\au\325.jpg,au,Training
Training\au\326.jpg,au,Training
Training\au\327.jpg,au,Training
Training\au\328.jpg,au,Training
Training\au\329.jpg,au,Training
Training\au\33.jpg,au,Training
Training\au\330.jpg,au,Training
Training\au\331.jpg,au,Training
Training\au\332.jpg,au,Training
Training\au\333.jpg,au,Training
Training\au\334.jpg,au,Training
Training\au\335.jpg,au,Training
Training\au\336.jpg,au,Training
Training\au\337.jpg,au,Training
Training\au\338.jpg,au,Training
Training\au\339.jpg,au,Training
Training\au\34.jpg,au,Training
Training\au\340.jpg,au,Training
Training\au\341.jpg,au,Training
Training\au\342.jpg,au,Training
Training\au\343.jpg,au,Training
Training\au\344.jpg,au,Training
Training\au\345.jpg,au,Training
Training\au\346.jpg,au,Training
Training\au\347.jpg,au,Training
Training\au\348.jpg,au,Training
Training\au\349.jpg,au,Training
Training\au\35.jpg,au,Training
Training\au\350.jpg,au,Training
Training\au\351.jpg,au,Training
Training\au\352.jpg,au,Training
Training\au\353.jpg,au,Training
Training\au\354.jpg,au,Training
Training\au\355.jpg,au,Training
Training\au\356.jpg,au,Training
Training\au\357.jpg,au,Training
Training\au\358.jpg,au,Training
Training\au\359.jpg,au,Training
Training\au\36.jpg,au,Training
Training\au\360.jpg,au,Training
Training\au\361.jpg,au,Training
Training\au\362.jpg,au,Training
Training\au\363.jpg,au,Training
Training\au\364.jpg,au,Training
Training\au\365.jpg,au,Training
Training\au\366.jpg,au,Training
Training\au\367.jpg,au,Training
Training\au\368.jpg,au,Training
Training\au\369.jpg,au,Training
Training\au\37.jpg,au,Training
Training\au\370.jpg,au,Training
Training\au\371.jpg,au,Training
Training\au\372.jpg,au,Training
Training\au\373.jpg,au,Training
Training\au\374.jpg,au,Training
Training\au\375.jpg,au,Training
Training\au\376.jpg,au,Training
Training\au\377.jpg,au,Training
Training\au\378.jpg,au,Training
Training\au\379.jpg,au,Training
Training\au\38.jpg,au,Training
Training\au\380.jpg,au,Training
Training\au\381.jpg,au,Training
Training\au\382.jpg,au,Training
Training\au\383.jpg,au,Training
Training\au\384.jpg,au,Training
Training\au\385.jpg,au,Training
Training\au\386.jpg,au,Training
Training\au\387.jpg,au,Training
Training\au\388.jpg,au,Training
Training\au\389.jpg,au,Training
Training\au\39.jpg,au,Training
Training\au\390.jpg,au,Training
Training\au\391.jpg,au,Training
Training\au\392.jpg,au,Training
Training\au\393.jpg,au,Training
Training\au\394.jpg,au,Training
Training\au\395.jpg,au,Training
Training\au\396.jpg,au,Training
Training\au\397.jpg,au,Training
Training\au\398.jpg,au,Training
Training\au\399.jpg,au,Training
Training\au\4.jpg,au,Training
Training\au\40.jpg,au,Training
Training\au\400.jpg,au,Training
Training\au\401.jpg,au,Training
Training\au\402.jpg,au,Training
Training\au\403.jpg,au,Training
Training\au\404.jpg,au,Training
Training\au\405.jpg,au,Training
Training\au\406.jpg,au,Training
Training\au\407.jpg,au,Training
Training\au\408.jpg,au,Training
Training\au\409.jpg,au,Training
Training\au\41.jpg,au,Training
Training\au\410.jpg,au,Training
Training\au\411.jpg,au,Training
Training\au\412.jpg,au,Training
Training\au\413.jpg,au,Training
Training\au\414.jpg,au,Training
Training\au\415.jpg,au,Training
Training\au\416.jpg,au,Training
Training\au\417.jpg,au,Training
Training\au\418.jpg,au,Training
Training\au\419.jpg,au,Training
Training\au\42.jpg,au,Training
Training\au\420.jpg,au,Training
Training\au\43.jpg,au,Training
Training\au\44.jpg,au,Training
Training\au\45.jpg,au,Training
Training\au\46.jpg,au,Training
Training\au\47.jpg,au,Training
Training\au\48.jpg,au,Training
Training\au\49.jpg,au,Training
Training\au\5.jpg,au,Training
Training\au\50.jpg,au,Training
Training\au\51.jpg,au,Training
Training\au\52.jpg,au,Training
Training\au\53.jpg,au,Training
Training\au\54.jpg,au,Training
Training\au\55.jpg,au,Training
Training\au\56.jpg,au,Training
Training\au\57.jpg,au,Training
Training\au\58.jpg,au,Training
Training\au\59.jpg,au,Training
Training\au\6.jpg,au,Training
Training\au\60.jpg,au,Training
Training\au\61.jpg,au,Training
Training\au\62.jpg,au,Training
Training\au\63.jpg,au,Training
Training\au\64.jpg,au,Training
Training\au\65.jpg,au,Training
Training\au\66.jpg,au,Training
Training\au\67.jpg,au,Training
Training\au\68.jpg,au,Training
Training\au\69.jpg,au,Training
Training\au\7.jpg,au,Training
Training\au\70.jpg,au,Training
Training\au\71.jpg,au,Training
Training\au\72.jpg,au,Training
Training\au\73.jpg,au,Training
Training\au\74.jpg,au,Training
Training\au\75.jpg,au,Training
Training\au\76.jpg,au,Training
Training\au\77.jpg,au,Training
Training\au\78.jpg,au,Training
Training\au\79.jpg,au,Training
Training\au\8.jpg,au,Training
Training\au\80.jpg,au,Training
Training\au\81.jpg,au,Training
Training\au\82.jpg,au,Training
Training\au\83.jpg,au,Training
Training\au\84.jpg,au,Training
Training\au\85.jpg,au,Training
Training\au\86.jpg,au,Training
Training\au\87.jpg,au,Training
Training\au\88.jpg,au,Training
Training\au\89.jpg,au,Training
Training\au\9.jpg,au,Training
Training\au\90.jpg,au,Training
Training\au\91.jpg,au,Training
Training\au\92.jpg,au,Training
Training\au\93.jpg,au,Training
Training\au\94.jpg,au,Training
Training\au\95.jpg,au,Training
Training\au\96.jpg,au,Training
Training\au\97.jpg,au,Training
Training\au\98.jpg,au,Training
Training\au\99.jpg,au,Training
Training\ba\1.jpg,ba,Training
Training\ba\10.jpg,ba,Training
Training\ba\100.jpg,ba,Training
Training\ba\101.jpg,ba,Training
Training\ba\102.jpg,ba,Training
Training\ba\103.jpg,ba,Training
Training\ba\104.jpg,ba,Training
Training\ba\105.jpg,ba,Training
Training\ba\106.jpg,ba,Training
Training\ba\107.jpg,ba,Training
Training\ba\108.jpg,ba,Training
Training\ba\109.jpg,ba,Training
Training\ba\11.jpg,ba,Training
Training\ba\110.jpg,ba,Training
Training\ba\111.jpg,ba,Training
Training\ba\112.jpg,ba,Training
Training\ba\113.jpg,ba,Training
Training\ba\114.jpg,ba,Training
Training\ba\115.jpg,ba,Training
Training\ba\116.jpg,ba,Training
Training\ba\117.jpg,ba,Training
Training\ba\118.jpg,ba,Training
Training\ba\119.jpg,ba,Training
Training\ba\12.jpg,ba,Training
Training\ba\120.jpg,ba,Training
Training\ba\121.jpg,ba,Training
Training\ba\122.jpg,ba,Training
Training\ba\123.jpg,ba,Training
Training\ba\124.jpg,ba,Training
Training\ba\125.jpg,ba,Training
Training\ba\126.jpg,ba,Training
Training\ba\127.jpg,ba,Training
Training\ba\128.jpg,ba,Training
Training\ba\129.jpg,ba,Training
Training\ba\13.jpg,ba,Training
Training\ba\130.jpg,ba,Training
Training\ba\131.jpg,ba,Training
Training\ba\132.jpg,ba,Training
Training\ba\133.jpg,ba,Training
Training\ba\134.jpg,ba,Training
Training\ba\135.jpg,ba,Training
Training\ba\136.jpg,ba,Training
Training\ba\137.jpg,ba,Training
Training\ba\138.jpg,ba,Training
Training\ba\139.jpg,ba,Training
Training\ba\14.jpg,ba,Training
Training\ba\140.jpg,ba,Training
Training\ba\141.jpg,ba,Training
Training\ba\142.jpg,ba,Training
Training\ba\143.jpg,ba,Training
Training\ba\144.jpg,ba,Training
Training\ba\145.jpg,ba,Training
Training\ba\146.jpg,ba,Training
Training\ba\147.jpg,ba,Training
Training\ba\148.jpg,ba,Training
Training\ba\149.jpg,ba,Training
Training\ba\15.jpg,ba,Training
Training\ba\150.jpg,ba,Training
Training\ba\151.jpg,ba,Training
Training\ba\152.jpg,ba,Training
Training\ba\153.jpg,ba,Training
Training\ba\154.jpg,ba,Training
Training\ba\155.jpg,ba,Training
Training\ba\156.jpg,ba,Training
Training\ba\157.jpg,ba,Training
Training\ba\158.jpg,ba,Training
Training\ba\159.jpg,ba,Training
Training\ba\16.jpg,ba,Training
Training\ba\160.jpg,ba,Training
Training\ba\161.jpg,ba,Training
Training\ba\162.jpg,ba,Training
Training\ba\163.jpg,ba,Training
Training\ba\164.jpg,ba,Training
Training\ba\165.jpg,ba,Training
Training\ba\166.jpg,ba,Training
Training\ba\167.jpg,ba,Training
Training\ba\168.jpg,ba,Training
Training\ba\169.jpg,ba,Training
Training\ba\17.jpg,ba,Training
Training\ba\170.jpg,ba,Training
Training\ba\171.jpg,ba,Training
Training\ba\172.jpg,ba,Training
Training\ba\173.jpg,ba,Training
Training\ba\174.jpg,ba,Training
Training\ba\175.jpg,ba,Training
Training\ba\176.jpg,ba,Training
Training\ba\177.jpg,ba,Training
Training\ba\178.jpg,ba,Training
Training\ba\179.jpg,ba,Training
Training\ba\18.jpg,ba,Training
Training\ba\180.jpg,ba,Training
Training\ba\181.jpg,ba,Training
Training\ba\182.jpg,ba,Training
Training\ba\183.jpg,ba,Training
Training\ba\184.jpg,ba,Training
Training\ba\185.jpg,ba,Training
Training\ba\186.jpg,ba,Training
Training\ba\187.jpg,ba,Training
Training\ba\188.jpg,ba,Training
Training\ba\189.jpg,ba,Training
Training\ba\19.jpg,ba,Training
Training\ba\190.jpg,ba,Training
Training\ba\191.jpg,ba,Training
Training\ba\192.jpg,ba,Training
Training\ba\193.jpg,ba,Training
Training\ba\194.jpg,ba,Training
Training\ba\195.jpg,ba,Training
Training\ba\196.jpg,ba,Training
Training\ba\197.jpg,ba,Training
Training\ba\198.jpg,ba,Training
Training\ba\199.jpg,ba,Training
Training\ba\2.jpg,ba,Training
Training\ba\20.jpg,ba,Training
Training\ba\200.jpg,ba,Training
Training\ba\201.jpg,ba,Training
Training\ba\202.jpg,ba,Training
Training\ba\203.jpg,ba,Training
Training\ba\204.jpg,ba,Training
Training\ba\205.jpg,ba,Training
Training\ba\206.jpg,ba,Training
Training\ba\207.jpg,ba,Training
Training\ba\208.jpg,ba,Training
Training\ba\209.jpg,ba,Training
Training\ba\21.jpg,ba,Training
Training\ba\210.jpg,ba,Training
Training\ba\211.jpg,ba,Training
Training\ba\212.jpg,ba,Training
Training\ba\213.jpg,ba,Training
Training\ba\214.jpg,ba,Training
Training\ba\215.jpg,ba,Training
Training\ba\216.jpg,ba,Training
Training\ba\217.jpg,ba,Training
Training\ba\218.jpg,ba,Training
Training\ba\219.jpg,ba,Training
Training\ba\22.jpg,ba,Training
Training\ba\220.jpg,ba,Training
Training\ba\221.jpg,ba,Training
Training\ba\222.jpg,ba,Training
Training\ba\223.jpg,ba,Training
Training\ba\224.jpg,ba,Training
Training\ba\225.jpg,ba,Training
Training\ba\226.jpg,ba,Training
Training\ba\227.jpg,ba,Training
Training\ba\228.jpg,ba,Training
Training\ba\229.jpg,ba,Training
Training\ba\23.jpg,ba,Training
Training\ba\230.jpg,ba,Training
Training\ba\231.jpg,ba,Training
Training\ba\232.jpg,ba,Training
Training\ba\233.jpg,ba,Training
Training\ba\234.jpg,ba,Training
Training\ba\235.jpg,ba,Training
Training\ba\236.jpg,ba,Training
Training\ba\237.jpg,ba,Training
Training\ba\238.jpg,ba,Training
Training\ba\239.jpg,ba,Training
Training\ba\24.jpg,ba,Training
Training\ba\240.jpg,ba,Training
Training\ba\241.jpg,ba,Training
Training\ba\242.jpg,ba,Training
Training\ba\243.jpg,ba,Training
Training\ba\244.jpg,ba,Training
Training\ba\245.jpg,ba,Training
Training\ba\246.jpg,ba,Training
Training\ba\247.jpg,ba,Training
Training\ba\248.jpg,ba,Training
Training\ba\249.jpg,ba,Training
Training\ba\25.jpg,ba,Training
Training\ba\250.jpg,ba,Training
Training\ba\251.jpg,ba,Training
Training\ba\252.jpg,ba,Training
Training\ba\253.jpg,ba,Training
Training\ba\254.jpg,ba,Training
Training\ba\255.jpg,ba,Training
Training\ba\256.jpg,ba,Training
Training\ba\257.jpg,ba,Training
Training\ba\258.jpg,ba,Training
Training\ba\259.jpg,ba,Training
Training\ba\26.jpg,ba,Training
Training\ba\260.jpg,ba,Training
Training\ba\261.jpg,ba,Training
Training\ba\262.jpg,ba,Training
Training\ba\263.jpg,ba,Training
Training\ba\264.jpg,ba,Training
Training\ba\265.jpg,ba,Training
Training\ba\266.jpg,ba,Training
Training\ba\267.jpg,ba,Training
Training\ba\268.jpg,ba,Training
Training\ba\269.jpg,ba,Training
Training\ba\27.jpg,ba,Training
Training\ba\270.jpg,ba,Training
Training\ba\271.jpg,ba,Training
Training\ba\272.jpg,ba,Training
Training\ba\273.jpg,ba,Training
Training\ba\274.jpg,ba,Training
Training\ba\275.jpg,ba,Training
Training\ba\276.jpg,ba,Training
Training\ba\277.jpg,ba,Training
Training\ba\278.jpg,ba,Training
Training\ba\279.jpg,ba,Training
Training\ba\28.jpg,ba,Training
Training\ba\280.jpg,ba,Training
Training\ba\281.jpg,ba,Training
Training\ba\282.jpg,ba,Training
Training\ba\283.jpg,ba,Training
Training\ba\284.jpg,ba,Training
Training\ba\285.jpg,ba,Training
Training\ba\286.jpg,ba,Training
Training\ba\287.jpg,ba,Training
Training\ba\288.jpg,ba,Training
Training\ba\289.jpg,ba,Training
Training\ba\29.jpg,ba,Training
Training\ba\290.jpg,ba,Training
Training\ba\291.jpg,ba,Training
Training\ba\292.jpg,ba,Training
Training\ba\293.jpg,ba,Training
Training\ba\294.jpg,ba,Training
Training\ba\295.jpg,ba,Training
Training\ba\296.jpg,ba,Training
Training\ba\297.jpg,ba,Training
Training\ba\298.jpg,ba,Training
Training\ba\299.jpg,ba,Training
Training\ba\3.jpg,ba,Training
Training\ba\30.jpg,ba,Training
Training\ba\300.jpg,ba,Training
Training\ba\301.jpg,ba,Training
Training\ba\302.jpg,ba,Training
Training\ba\303.jpg,ba,Training
Training\ba\304.jpg,ba,Training
Training\ba\305.jpg,ba,Training
Training\ba\306.jpg,ba,Training
Training\ba\307.jpg,ba,Training
Training\ba\308.jpg,ba,Training
Training\ba\309.jpg,ba,Training
Training\ba\31.jpg,ba,Training
Training\ba\310.jpg,ba,Training
Training\ba\311.jpg,ba,Training
Training\ba\312.jpg,ba,Training
Training\ba\313.jpg,ba,Training
Training\ba\314.jpg,ba,Training
Training\ba\315.jpg,ba,Training
Training\ba\316.jpg,ba,Training
Training\ba\317.jpg,ba,Training
Training\ba\318.jpg,ba,Training
Training\ba\319.jpg,ba,Training
Training\ba\32.jpg,ba,Training
Training\ba\320.jpg,ba,Training
Training\ba\321.jpg,ba,Training
Training\ba\322.jpg,ba,Training
Training\ba\323.jpg,ba,Training
Training\ba\324.jpg,ba,Training
Training\ba\325.jpg,ba,Training
Training\ba\326.jpg,ba,Training
Training\ba\327.jpg,ba,Training
Training\ba\328.jpg,ba,Training
Training\ba\329.jpg,ba,Training
Training\ba\33.jpg,ba,Training
Training\ba\330.jpg,ba,Training
Training\ba\331.jpg,ba,Training
Training\ba\332.jpg,ba,Training
Training\ba\333.jpg,ba,Training
Training\ba\334.jpg,ba,Training
Training\ba\335.jpg,ba,Training
Training\ba\336.jpg,ba,Training
Training\ba\337.jpg,ba,Training
Training\ba\338.jpg,ba,Training
Training\ba\339.jpg,ba,Training
Training\ba\34.jpg,ba,Training
Training\ba\340.jpg,ba,Training
Training\ba\341.jpg,ba,Training
Training\ba\342.jpg,ba,Training
Training\ba\343.jpg,ba,Training
Training\ba\344.jpg,ba,Training
Training\ba\345.jpg,ba,Training
Training\ba\346.jpg,ba,Training
Training\ba\347.jpg,ba,Training
Training\ba\348.jpg,ba,Training
Training\ba\349.jpg,ba,Training
Training\ba\35.jpg,ba,Training
Training\ba\350.jpg,ba,Training
Training\ba\351.jpg,ba,Training
Training\ba\352.jpg,ba,Training
Training\ba\353.jpg,ba,Training
Training\ba\354.jpg,ba,Training
Training\ba\355.jpg,ba,Training
Training\ba\356.jpg,ba,Training
Training\ba\357.jpg,ba,Training
Training\ba\358.jpg,ba,Training
Training\ba\359.jpg,ba,Training
Training\ba\36.jpg,ba,Training
Training\ba\360.jpg,ba,Training
Training\ba\361.jpg,ba,Training
Training\ba\362.jpg,ba,Training
Training\ba\363.jpg,ba,Training
Training\ba\364.jpg,ba,Training
Training\ba\365.jpg,ba,Training
Training\ba\366.jpg,ba,Training
Training\ba\367.jpg,ba,Training
Training\ba\368.jpg,ba,Training
Training\ba\369.jpg,ba,Training
Training\ba\37.jpg,ba,Training
Training\ba\370.jpg,ba,Training
Training\ba\371.jpg,ba,Training
Training\ba\372.jpg,ba,Training
Training\ba\373.jpg,ba,Training
Training\ba\374.jpg,ba,Training
Training\ba\375.jpg,ba,Training
Training\ba\376.jpg,ba,Training
Training\ba\377.jpg,ba,Training
Training\ba\378.jpg,ba,Training
Training\ba\379.jpg,ba,Training
Training\ba\38.jpg,ba,Training
Training\ba\380.jpg,ba,Training
Training\ba\381.jpg,ba,Training
Training\ba\382.jpg,ba,Training
Training\ba\383.jpg,ba,Training
Training\ba\384.jpg,ba,Training
Training\ba\385.jpg,ba,Training
Training\ba\386.jpg,ba,Training
Training\ba\387.jpg,ba,Training
Training\ba\388.jpg,ba,Training
Training\ba\389.jpg,ba,Training
Training\ba\39.jpg,ba,Training
Training\ba\390.jpg,ba,Training
Training\ba\391.jpg,ba,Training
Training\ba\392.jpg,ba,Training
Training\ba\393.jpg,ba,Training
Training\ba\394.jpg,ba,Training
Training\ba\395.jpg,ba,Training
Training\ba\396.jpg,ba,Training
Training\ba\397.jpg,ba,Training
Training\ba\398.jpg,ba,Training
Training\ba\399.jpg,ba,Training
Training\ba\4.jpg,ba,Training
Training\ba\40.jpg,ba,Training
Training\ba\400.jpg,ba,Training
Training\ba\401.jpg,ba,Training
Training\ba\402.jpg,ba,Training
Training\ba\403.jpg,ba,Training
Training\ba\404.jpg,ba,Training
Training\ba\405.jpg,ba,Training
Training\ba\406.jpg,ba,Training
Training\ba\407.jpg,ba,Training
Training\ba\408.jpg,ba,Training
Training\ba\409.jpg,ba,Training
Training\ba\41.jpg,ba,Training
Training\ba\410.jpg,ba,Training
Training\ba\411.jpg,ba,Training
Training\ba\412.jpg,ba,Training
Training\ba\413.jpg,ba,Training
Training\ba\414.jpg,ba,Training
Training\ba\415.jpg,ba,Training
Training\ba\416.jpg,ba,Training
Training\ba\417.jpg,ba,Training
Training\ba\418.jpg,ba,Training
Training\ba\419.jpg,ba,Training
Training\ba\42.jpg,ba,Training
Training\ba\420.jpg,ba,Training
Training\ba\43.jpg,ba,Training
Training\ba\44.jpg,ba,Training
Training\ba\45.jpg,ba,Training
Training\ba\46.jpg,ba,Training
Training\ba\47.jpg,ba,Training
Training\ba\48.jpg,ba,Training
Training\ba\49.jpg,ba,Training
Training\ba\5.jpg,ba,Training
Training\ba\50.jpg,ba,Training
Training\ba\51.jpg,ba,Training
Training\ba\52.jpg,ba,Training
Training\ba\53.jpg,ba,Training
Training\ba\54.jpg,ba,Training
Training\ba\55.jpg,ba,Training
Training\ba\56.jpg,ba,Training
Training\ba\57.jpg,ba,Training
Training\ba\58.jpg,ba,Training
Training\ba\59.jpg,ba,Training
Training\ba\6.jpg,ba,Training
Training\ba\60.jpg,ba,Training
Training\ba\61.jpg,ba,Training
Training\ba\62.jpg,ba,Training
Training\ba\63.jpg,ba,Training
Training\ba\64.jpg,ba,Training
Training\ba\65.jpg,ba,Training
Training\ba\66.jpg,ba,Training
Training\ba\67.jpg,ba,Training
Training\ba\68.jpg,ba,Training
Training\ba\69.jpg,ba,Training
Training\ba\7.jpg,ba,Training
Training\ba\70.jpg,ba,Training
Training\ba\71.jpg,ba,Training
Training\ba\72.jpg,ba,Training
Training\ba\73.jpg,ba,Training
Training\ba\74.jpg,ba,Training
Training\ba\75.jpg,ba,Training
Training\ba\76.jpg,ba,Training
Training\ba\77.jpg,ba,Training
Training\ba\78.jpg,ba,Training
Training\ba\79.jpg,ba,Training
Training\ba\8.jpg,ba,Training
Training\ba\80.jpg,ba,Training
Training\ba\81.jpg,ba,Training
Training\ba\82.jpg,ba,Training
Training\ba\83.jpg,ba,Training
Training\ba\84.jpg,ba,Training
Training\ba\85.jpg,ba,Training
Training\ba\86.jpg,ba,Training
Training\ba\87.jpg,ba,Training
Training\ba\88.jpg,ba,Training
Training\ba\89.jpg,ba,Training
Training\ba\9.jpg,ba,Training
Training\ba\90.jpg,ba,Training
Training\ba\91.jpg,ba,Training
Training\ba\92.jpg,ba,Training
Training\ba\93.jpg,ba,Training
Training\ba\94.jpg,ba,Training
Training\ba\95.jpg,ba,Training
Training\ba\96.jpg,ba,Training
Training\ba\97.jpg,ba,Training
Training\ba\98.jpg,ba,Training
Training\ba\99.jpg,ba,Training
Training\bha\1.jpg,bha,Training
Training\bha\10.jpg,bha,Training
Training\bha\100.jpg,bha,Training
Training\bha\101.jpg,bha,Training
Training\bha\102.jpg,bha,Training
Training\bha\103.jpg,bha,Training
Training\bha\104.jpg,bha,Training
Training\bha\105.jpg,bha,Training
Training\bha\106.jpg,bha,Training
Training\bha\107.jpg,bha,Training
Training\bha\108.jpg,bha,Training
Training\bha\109.jpg,bha,Training
Training\bha\11.jpg,bha,Training
Training\bha\110.jpg,bha,Training
Training\bha\111.jpg,bha,Training
Training\bha\112.jpg,bha,Training
Training\bha\113.jpg,bha,Training
Training\bha\114.jpg,bha,Training
Training\bha\115.jpg,bha,Training
Training\bha\116.jpg,bha,Training
Training\bha\117.jpg,bha,Training
Training\bha\118.jpg,bha,Training
Training\bha\119.jpg,bha,Training
Training\bha\12.jpg,bha,Training
Training\bha\120.jpg,bha,Training
Training\bha\121.jpg,bha,Training
Training\bha\122.jpg,bha,Training
Training\bha\123.jpg,bha,Training
Training\bha\124.jpg,bha,Training
Training\bha\125.jpg,bha,Training
Training\bha\126.jpg,bha,Training
Training\bha\127.jpg,bha,Training
Training\bha\128.jpg,bha,Training
Training\bha\129.jpg,bha,Training
Training\bha\13.jpg,bha,Training
Training\bha\130.jpg,bha,Training
Training\bha\131.jpg,bha,Training
Training\bha\132.jpg,bha,Training
Training\bha\133.jpg,bha,Training
Training\bha\134.jpg,bha,Training
Training\bha\135.jpg,bha,Training
Training\bha\136.jpg,bha,Training
Training\bha\137.jpg,bha,Training
Training\bha\138.jpg,bha,Training
Training\bha\139.jpg,bha,Training
Training\bha\14.jpg,bha,Training
Training\bha\140.jpg,bha,Training
Training\bha\141.jpg,bha,Training
Training\bha\142.jpg,bha,Training
Training\bha\143.jpg,bha,Training
Training\bha\144.jpg,bha,Training
Training\bha\145.jpg,bha,Training
Training\bha\146.jpg,bha,Training
Training\bha\147.jpg,bha,Training
Training\bha\148.jpg,bha,Training
Training\bha\149.jpg,bha,Training
Training\bha\15.jpg,bha,Training
Training\bha\150.jpg,bha,Training
Training\bha\151.jpg,bha,Training
Training\bha\152.jpg,bha,Training
Training\bha\153.jpg,bha,Training
Training\bha\154.jpg,bha,Training
Training\bha\155.jpg,bha,Training
Training\bha\156.jpg,bha,Training
Training\bha\157.jpg,bha,Training
Training\bha\158.jpg,bha,Training
Training\bha\159.jpg,bha,Training
Training\bha\16.jpg,bha,Training
Training\bha\160.jpg,bha,Training
Training\bha\161.jpg,bha,Training
Training\bha\162.jpg,bha,Training
Training\bha\163.jpg,bha,Training
Training\bha\164.jpg,bha,Training
Training\bha\165.jpg,bha,Training
Training\bha\166.jpg,bha,Training
Training\bha\167.jpg,bha,Training
Training\bha\168.jpg,bha,Training
Training\bha\169.jpg,bha,Training
Training\bha\17.jpg,bha,Training
Training\bha\170.jpg,bha,Training
Training\bha\171.jpg,bha,Training
Training\bha\172.jpg,bha,Training
Training\bha\173.jpg,bha,Training
Training\bha\174.jpg,bha,Training
Training\bha\175.jpg,bha,Training
Training\bha\176.jpg,bha,Training
Training\bha\177.jpg,bha,Training
Training\bha\178.jpg,bha,Training
Training\bha\179.jpg,bha,Training
Training\bha\18.jpg,bha,Training
Training\bha\180.jpg,bha,Training
Training\bha\181.jpg,bha,Training
Training\bha\182.jpg,bha,Training
Training\bha\183.jpg,bha,Training
Training\bha\184.jpg,bha,Training
Training\bha\185.jpg,bha,Training
Training\bha\186.jpg,bha,Training
Training\bha\187.jpg,bha,Training
Training\bha\188.jpg,bha,Training
Training\bha\189.jpg,bha,Training
Training\bha\19.jpg,bha,Training
Training\bha\190.jpg,bha,Training
Training\bha\191.jpg,bha,Training
Training\bha\192.jpg,bha,Training
Training\bha\193.jpg,bha,Training
Training\bha\194.jpg,bha,Training
Training\bha\195.jpg,bha,Training
Training\bha\196.jpg,bha,Training
Training\bha\197.jpg,bha,Training
Training\bha\198.jpg,bha,Training
Training\bha\199.jpg,bha,Training
Training\bha\2.jpg,bha,Training
Training\bha\20.jpg,bha,Training
Training\bha\200.jpg,bha,Training
Training\bha\201.jpg,bha,Training
Training\bha\202.jpg,bha,Training
Training\bha\203.jpg,bha,Training
Training\bha\204.jpg,bha,Training
Training\bha\205.jpg,bha,Training
Training\bha\206.jpg,bha,Training
Training\bha\207.jpg,bha,Training
Training\bha\208.jpg,bha,Training
Training\bha\209.jpg,bha,Training
Training\bha\21.jpg,bha,Training
Training\bha\210.jpg,bha,Training
Training\bha\211.jpg,bha,Training
Training\bha\212.jpg,bha,Training
Training\bha\213.jpg,bha,Training
Training\bha\214.jpg,bha,Training
Training\bha\215.jpg,bha,Training
Training\bha\216.jpg,bha,Training
Training\bha\217.jpg,bha,Training
Training\bha\218.jpg,bha,Training
Training\bha\219.jpg,bha,Training
Training\bha\22.jpg,bha,Training
Training\bha\220.jpg,bha,Training
Training\bha\221.jpg,bha,Training
Training\bha\222.jpg,bha,Training
Training\bha\223.jpg,bha,Training
Training\bha\224.jpg,bha,Training
Training\bha\225.jpg,bha,Training
Training\bha\226.jpg,bha,Training
Training\bha\227.jpg,bha,Training
Training\bha\228.jpg,bha,Training
Training\bha\229.jpg,bha,Training
Training\bha\23.jpg,bha,Training
Training\bha\230.jpg,bha,Training
Training\bha\231.jpg,bha,Training
Training\bha\232.jpg,bha,Training
Training\bha\233.jpg,bha,Training
Training\bha\234.jpg,bha,Training
Training\bha\235.jpg,bha,Training
Training\bha\236.jpg,bha,Training
Training\bha\237.jpg,bha,Training
Training\bha\238.jpg,bha,Training
Training\bha\239.jpg,bha,Training
Training\bha\24.jpg,bha,Training
Training\bha\240.jpg,bha,Training
Training\bha\241.jpg,bha,Training
Training\bha\242.jpg,bha,Training
Training\bha\243.jpg,bha,Training
Training\bha\244.jpg,bha,Training
Training\bha\245.jpg,bha,Training
Training\bha\246.jpg,bha,Training
Training\bha\247.jpg,bha,Training
Training\bha\248.jpg,bha,Training
Training\bha\249.jpg,bha,Training
Training\bha\25.jpg,bha,Training
Training\bha\250.jpg,bha,Training
Training\bha\251.jpg,bha,Training
Training\bha\252.jpg,bha,Training
Training\bha\253.jpg,bha,Training
Training\bha\254.jpg,bha,Training
Training\bha\255.jpg,bha,Training
Training\bha\256.jpg,bha,Training
Training\bha\257.jpg,bha,Training
Training\bha\258.jpg,bha,Training
Training\bha\259.jpg,bha,Training
Training\bha\26.jpg,bha,Training
Training\bha\260.jpg,bha,Training
Training\bha\261.jpg,bha,Training
Training\bha\262.jpg,bha,Training
Training\bha\263.jpg,bha,Training
Training\bha\264.jpg,bha,Training
Training\bha\265.jpg,bha,Training
Training\bha\266.jpg,bha,Training
Training\bha\267.jpg,bha,Training
Training\bha\268.jpg,bha,Training
Training\bha\269.jpg,bha,Training
Training\bha\27.jpg,bha,Training
Training\bha\270.jpg,bha,Training
Training\bha\271.jpg,bha,Training
Training\bha\272.jpg,bha,Training
Training\bha\273.jpg,bha,Training
Training\bha\274.jpg,bha,Training
Training\bha\275.jpg,bha,Training
Training\bha\276.jpg,bha,Training
Training\bha\277.jpg,bha,Training
Training\bha\278.jpg,bha,Training
Training\bha\279.jpg,bha,Training
Training\bha\28.jpg,bha,Training
Training\bha\280.jpg,bha,Training
Training\bha\281.jpg,bha,Training
Training\bha\282.jpg,bha,Training
Training\bha\283.jpg,bha,Training
Training\bha\284.jpg,bha,Training
Training\bha\285.jpg,bha,Training
Training\bha\286.jpg,bha,Training
Training\bha\287.jpg,bha,Training
Training\bha\288.jpg,bha,Training
Training\bha\289.jpg,bha,Training
Training\bha\29.jpg,bha,Training
Training\bha\290.jpg,bha,Training
Training\bha\291.jpg,bha,Training
Training\bha\292.jpg,bha,Training
Training\bha\293.jpg,bha,Training
Training\bha\294.jpg,bha,Training
Training\bha\295.jpg,bha,Training
Training\bha\296.jpg,bha,Training
Training\bha\297.jpg,bha,Training
Training\bha\298.jpg,bha,Training
Training\bha\299.jpg,bha,Training
Training\bha\3.jpg,bha,Training
Training\bha\30.jpg,bha,Training
Training\bha\300.jpg,bha,Training
Training\bha\301.jpg,bha,Training
Training\bha\302.jpg,bha,Training
Training\bha\303.jpg,bha,Training
Training\bha\304.jpg,bha,Training
Training\bha\305.jpg,bha,Training
Training\bha\306.jpg,bha,Training
Training\bha\307.jpg,bha,Training
Training\bha\308.jpg,bha,Training
Training\bha\309.jpg,bha,Training
Training\bha\31.jpg,bha,Training
Training\bha\310.jpg,bha,Training
Training\bha\311.jpg,bha,Training
Training\bha\312.jpg,bha,Training
Training\bha\313.jpg,bha,Training
Training\bha\314.jpg,bha,Training
Training\bha\315.jpg,bha,Training
Training\bha\316.jpg,bha,Training
Training\bha\317.jpg,bha,Training
Training\bha\318.jpg,bha,Training
Training\bha\319.jpg,bha,Training
Training\bha\32.jpg,bha,Training
Training\bha\320.jpg,bha,Training
Training\bha\321.jpg,bha,Training
Training\bha\322.jpg,bha,Training
Training\bha\323.jpg,bha,Training
Training\bha\324.jpg,bha,Training
Training\bha\325.jpg,bha,Training
Training\bha\326.jpg,bha,Training
Training\bha\327.jpg,bha,Training
Training\bha\328.jpg,bha,Training
Training\bha\329.jpg,bha,Training
Training\bha\33.jpg,bha,Training
Training\bha\330.jpg,bha,Training
Training\bha\331.jpg,bha,Training
Training\bha\332.jpg,bha,Training
Training\bha\333.jpg,bha,Training
Training\bha\334.jpg,bha,Training
Training\bha\335.jpg,bha,Training
Training\bha\336.jpg,bha,Training
Training\bha\337.jpg,bha,Training
Training\bha\338.jpg,bha,Training
Training\bha\339.jpg,bha,Training
Training\bha\34.jpg,bha,Training
Training\bha\340.jpg,bha,Training
Training\bha\341.jpg,bha,Training
Training\bha\342.jpg,bha,Training
Training\bha\343.jpg,bha,Training
Training\bha\344.jpg,bha,Training
Training\bha\345.jpg,bha,Training
Training\bha\346.jpg,bha,Training
Training\bha\347.jpg,bha,Training
Training\bha\348.jpg,bha,Training
Training\bha\349.jpg,bha,Training
Training\bha\35.jpg,bha,Training
Training\bha\350.jpg,bha,Training
Training\bha\351.jpg,bha,Training
Training\bha\352.jpg,bha,Training
Training\bha\353.jpg,bha,Training
Training\bha\354.jpg,bha,Training
Training\bha\355.jpg,bha,Training
Training\bha\356.jpg,bha,Training
Training\bha\357.jpg,bha,Training
Training\bha\358.jpg,bha,Training
Training\bha\359.jpg,bha,Training
Training\bha\36.jpg,bha,Training
Training\bha\360.jpg,bha,Training
Training\bha\361.jpg,bha,Training
Training\bha\362.jpg,bha,Training
Training\bha\363.jpg,bha,Training
Training\bha\364.jpg,bha,Training
Training\bha\365.jpg,bha,Training
Training\bha\366.jpg,bha,Training
Training\bha\367.jpg,bha,Training
Training\bha\368.jpg,bha,Training
Training\bha\369.jpg,bha,Training
Training\bha\37.jpg,bha,Training
Training\bha\370.jpg,bha,Training
Training\bha\371.jpg,bha,Training
Training\bha\372.jpg,bha,Training
Training\bha\373.jpg,bha,Training
Training\bha\374.jpg,bha,Training
Training\bha\375.jpg,bha,Training
Training\bha\376.jpg,bha,Training
Training\bha\377.jpg,bha,Training
Training\bha\378.jpg,bha,Training
Training\bha\379.jpg,bha,Training
Training\bha\38.jpg,bha,Training
Training\bha\380.jpg,bha,Training
Training\bha\381.jpg,bha,Training
Training\bha\382.jpg,bha,Training
Training\bha\383.jpg,bha,Training
Training\bha\384.jpg,bha,Training
Training\bha\385.jpg,bha,Training
Training\bha\386.jpg,bha,Training
Training\bha\387.jpg,bha,Training
Training\bha\388.jpg,bha,Training
Training\bha\389.jpg,bha,Training
Training\bha\39.jpg,bha,Training
Training\bha\390.jpg,bha,Training
Training\bha\391.jpg,bha,Training
Training\bha\392.jpg,bha,Training
Training\bha\393.jpg,bha,Training
Training\bha\394.jpg,bha,Training
Training\bha\395.jpg,bha,Training
Training\bha\396.jpg,bha,Training
Training\bha\397.jpg,bha,Training
Training\bha\398.jpg,bha,Training
Training\bha\399.jpg,bha,Training
Training\bha\4.jpg,bha,Training
Training\bha\40.jpg,bha,Training
Training\bha\400.jpg,bha,Training
Training\bha\401.jpg,bha,Training
Training\bha\402.jpg,bha,Training
Training\bha\403.jpg,bha,Training
Training\bha\404.jpg,bha,Training
Training\bha\405.jpg,bha,Training
Training\bha\406.jpg,bha,Training
Training\bha\407.jpg,bha,Training
Training\bha\408.jpg,bha,Training
Training\bha\409.jpg,bha,Training
Training\bha\41.jpg,bha,Training
Training\bha\410.jpg,bha,Training
Training\bha\411.jpg,bha,Training
Training\bha\412.jpg,bha,Training
Training\bha\413.jpg,bha,Training
Training\bha\414.jpg,bha,Training
Training\bha\415.jpg,bha,Training
Training\bha\416.jpg,bha,Training
Training\bha\417.jpg,bha,Training
Training\bha\418.jpg,bha,Training
Training\bha\419.jpg,bha,Training
Training\bha\42.jpg,bha,Training
Training\bha\420.jpg,bha,Training
Training\bha\43.jpg,bha,Training
Training\bha\44.jpg,bha,Training
Training\bha\45.jpg,bha,Training
Training\bha\46.jpg,bha,Training
Training\bha\47.jpg,bha,Training
Training\bha\48.jpg,bha,Training
Training\bha\49.jpg,bha,Training
Training\bha\5.jpg,bha,Training
Training\bha\50.jpg,bha,Training
Training\bha\51.jpg,bha,Training
Training\bha\52.jpg,bha,Training
Training\bha\53.jpg,bha,Training
Training\bha\54.jpg,bha,Training
Training\bha\55.jpg,bha,Training
Training\bha\56.jpg,bha,Training
Training\bha\57.jpg,bha,Training
Training\bha\58.jpg,bha,Training
Training\bha\59.jpg,bha,Training
Training\bha\6.jpg,bha,Training
Training\bha\60.jpg,bha,Training
Training\bha\61.jpg,bha,Training
Training\bha\62.jpg,bha,Training
Training\bha\63.jpg,bha,Training
Training\bha\64.jpg,bha,Training
Training\bha\65.jpg,bha,Training
Training\bha\66.jpg,bha,Training
Training\bha\67.jpg,bha,Training
Training\bha\68.jpg,bha,Training
Training\bha\69.jpg,bha,Training
Training\bha\7.jpg,bha,Training
Training\bha\70.jpg,bha,Training
Training\bha\71.jpg,bha,Training
Training\bha\72.jpg,bha,Training
Training\bha\73.jpg,bha,Training
Training\bha\74.jpg,bha,Training
Training\bha\75.jpg,bha,Training
Training\bha\76.jpg,bha,Training
Training\bha\77.jpg,bha,Training
Training\bha\78.jpg,bha,Training
Training\bha\79.jpg,bha,Training
Training\bha\8.jpg,bha,Training
Training\bha\80.jpg,bha,Training
Training\bha\81.jpg,bha,Training
Training\bha\82.jpg,bha,Training
Training\bha\83.jpg,bha,Training
Training\bha\84.jpg,bha,Training
Training\bha\85.jpg,bha,Training
Training\bha\86.jpg,bha,Training
Training\bha\87.jpg,bha,Training
Training\bha\88.jpg,bha,Training
Training\bha\89.jpg,bha,Training
Training\bha\9.jpg,bha,Training
Training\bha\90.jpg,bha,Training
Training\bha\91.jpg,bha,Training
Training\bha\92.jpg,bha,Training
Training\bha\93.jpg,bha,Training
Training\bha\94.jpg,bha,Training
Training\bha\95.jpg,bha,Training
Training\bha\96.jpg,bha,Training
Training\bha\97.jpg,bha,Training
Training\bha\98.jpg,bha,Training
Training\bha\99.jpg,bha,Training
Training\ca\1.jpg,ca,Training
Training\ca\10.jpg,ca,Training
Training\ca\100.jpg,ca,Training
Training\ca\101.jpg,ca,Training
Training\ca\102.jpg,ca,Training
Training\ca\103.jpg,ca,Training
Training\ca\104.jpg,ca,Training
Training\ca\105.jpg,ca,Training
Training\ca\106.jpg,ca,Training
Training\ca\107.jpg,ca,Training
Training\ca\108.jpg,ca,Training
Training\ca\109.jpg,ca,Training
Training\ca\11.jpg,ca,Training
Training\ca\110.jpg,ca,Training
Training\ca\111.jpg,ca,Training
Training\ca\112.jpg,ca,Training
Training\ca\113.jpg,ca,Training
Training\ca\114.jpg,ca,Training
Training\ca\115.jpg,ca,Training
Training\ca\116.jpg,ca,Training
Training\ca\117.jpg,ca,Training
Training\ca\118.jpg,ca,Training
Training\ca\119.jpg,ca,Training
Training\ca\12.jpg,ca,Training
Training\ca\120.jpg,ca,Training
Training\ca\121.jpg,ca,Training
Training\ca\122.jpg,ca,Training
Training\ca\123.jpg,ca,Training
Training\ca\124.jpg,ca,Training
Training\ca\125.jpg,ca,Training
Training\ca\126.jpg,ca,Training
Training\ca\127.jpg,ca,Training
Training\ca\128.jpg,ca,Training
Training\ca\129.jpg,ca,Training
Training\ca\13.jpg,ca,Training
Training\ca\130.jpg,ca,Training
Training\ca\131.jpg,ca,Training
Training\ca\132.jpg,ca,Training
Training\ca\133.jpg,ca,Training
Training\ca\134.jpg,ca,Training
Training\ca\135.jpg,ca,Training
Training\ca\136.jpg,ca,Training
Training\ca\137.jpg,ca,Training
Training\ca\138.jpg,ca,Training
Training\ca\139.jpg,ca,Training
Training\ca\14.jpg,ca,Training
Training\ca\140.jpg,ca,Training
Training\ca\141.jpg,ca,Training
Training\ca\142.jpg,ca,Training
Training\ca\143.jpg,ca,Training
Training\ca\144.jpg,ca,Training
Training\ca\145.jpg,ca,Training
Training\ca\146.jpg,ca,Training
Training\ca\147.jpg,ca,Training
Training\ca\148.jpg,ca,Training
Training\ca\149.jpg,ca,Training
Training\ca\15.jpg,ca,Training
Training\ca\150.jpg,ca,Training
Training\ca\151.jpg,ca,Training
Training\ca\152.jpg,ca,Training
Training\ca\153.jpg,ca,Training
Training\ca\154.jpg,ca,Training
Training\ca\155.jpg,ca,Training
Training\ca\156.jpg,ca,Training
Training\ca\157.jpg,ca,Training
Training\ca\158.jpg,ca,Training
Training\ca\159.jpg,ca,Training
Training\ca\16.jpg,ca,Training
Training\ca\160.jpg,ca,Training
Training\ca\161.jpg,ca,Training
Training\ca\162.jpg,ca,Training
Training\ca\163.jpg,ca,Training
Training\ca\164.jpg,ca,Training
Training\ca\165.jpg,ca,Training
Training\ca\166.jpg,ca,Training
Training\ca\167.jpg,ca,Training
Training\ca\168.jpg,ca,Training
Training\ca\169.jpg,ca,Training
Training\ca\17.jpg,ca,Training
Training\ca\170.jpg,ca,Training
Training\ca\171.jpg,ca,Training
Training\ca\172.jpg,ca,Training
Training\ca\173.jpg,ca,Training
Training\ca\174.jpg,ca,Training
Training\ca\175.jpg,ca,Training
Training\ca\176.jpg,ca,Training
Training\ca\177.jpg,ca,Training
Training\ca\178.jpg,ca,Training
Training\ca\179.jpg,ca,Training
Training\ca\18.jpg,ca,Training
Training\ca\180.jpg,ca,Training
Training\ca\181.jpg,ca,Training
Training\ca\182.jpg,ca,Training
Training\ca\183.jpg,ca,Training
Training\ca\184.jpg,ca,Training
Training\ca\185.jpg,ca,Training
Training\ca\186.jpg,ca,Training
Training\ca\187.jpg,ca,Training
Training\ca\188.jpg,ca,Training
Training\ca\189.jpg,ca,Training
Training\ca\19.jpg,ca,Training
Training\ca\190.jpg,ca,Training
Training\ca\191.jpg,ca,Training
Training\ca\192.jpg,ca,Training
Training\ca\193.jpg,ca,Training
Training\ca\194.jpg,ca,Training
Training\ca\195.jpg,ca,Training
Training\ca\196.jpg,ca,Training
Training\ca\197.jpg,ca,Training
Training\ca\198.jpg,ca,Training
Training\ca\199.jpg,ca,Training
Training\ca\2.jpg,ca,Training
Training\ca\20.jpg,ca,Training
Training\ca\200.jpg,ca,Training
Training\ca\201.jpg,ca,Training
Training\ca\202.jpg,ca,Training
Training\ca\203.jpg,ca,Training
Training\ca\204.jpg,ca,Training
Training\ca\205.jpg,ca,Training
Training\ca\206.jpg,ca,Training
Training\ca\207.jpg,ca,Training
Training\ca\208.jpg,ca,Training
Training\ca\209.jpg,ca,Training
Training\ca\21.jpg,ca,Training
Training\ca\210.jpg,ca,Training
Training\ca\211.jpg,ca,Training
Training\ca\212.jpg,ca,Training
Training\ca\213.jpg,ca,Training
Training\ca\214.jpg,ca,Training
Training\ca\215.jpg,ca,Training
Training\ca\216.jpg,ca,Training
Training\ca\217.jpg,ca,Training
Training\ca\218.jpg,ca,Training
Training\ca\219.jpg,ca,Training
Training\ca\22.jpg,ca,Training
Training\ca\220.jpg,ca,Training
Training\ca\221.jpg,ca,Training
Training\ca\222.jpg,ca,Training
Training\ca\223.jpg,ca,Training
Training\ca\224.jpg,ca,Training
Training\ca\225.jpg,ca,Training
Training\ca\226.jpg,ca,Training
Training\ca\227.jpg,ca,Training
Training\ca\228.jpg,ca,Training
Training\ca\229.jpg,ca,Training
Training\ca\23.jpg,ca,Training
Training\ca\230.jpg,ca,Training
Training\ca\231.jpg,ca,Training
Training\ca\232.jpg,ca,Training
Training\ca\233.jpg,ca,Training
Training\ca\234.jpg,ca,Training
Training\ca\235.jpg,ca,Training
Training\ca\236.jpg,ca,Training
Training\ca\237.jpg,ca,Training
Training\ca\238.jpg,ca,Training
Training\ca\239.jpg,ca,Training
Training\ca\24.jpg,ca,Training
Training\ca\240.jpg,ca,Training
Training\ca\241.jpg,ca,Training
Training\ca\242.jpg,ca,Training
Training\ca\243.jpg,ca,Training
Training\ca\244.jpg,ca,Training
Training\ca\245.jpg,ca,Training
Training\ca\246.jpg,ca,Training
Training\ca\247.jpg,ca,Training
Training\ca\248.jpg,ca,Training
Training\ca\249.jpg,ca,Training
Training\ca\25.jpg,ca,Training
Training\ca\250.jpg,ca,Training
Training\ca\251.jpg,ca,Training
Training\ca\252.jpg,ca,Training
Training\ca\253.jpg,ca,Training
Training\ca\254.jpg,ca,Training
Training\ca\255.jpg,ca,Training
Training\ca\256.jpg,ca,Training
Training\ca\257.jpg,ca,Training
Training\ca\258.jpg,ca,Training
Training\ca\259.jpg,ca,Training
Training\ca\26.jpg,ca,Training
Training\ca\260.jpg,ca,Training
Training\ca\261.jpg,ca,Training
Training\ca\262.jpg,ca,Training
Training\ca\263.jpg,ca,Training
Training\ca\264.jpg,ca,Training
Training\ca\265.jpg,ca,Training
Training\ca\266.jpg,ca,Training
Training\ca\267.jpg,ca,Training
Training\ca\268.jpg,ca,Training
Training\ca\269.jpg,ca,Training
Training\ca\27.jpg,ca,Training
Training\ca\270.jpg,ca,Training
Training\ca\271.jpg,ca,Training
Training\ca\272.jpg,ca,Training
Training\ca\273.jpg,ca,Training
Training\ca\274.jpg,ca,Training
Training\ca\275.jpg,ca,Training
Training\ca\276.jpg,ca,Training
Training\ca\277.jpg,ca,Training
Training\ca\278.jpg,ca,Training
Training\ca\279.jpg,ca,Training
Training\ca\28.jpg,ca,Training
Training\ca\280.jpg,ca,Training
Training\ca\281.jpg,ca,Training
Training\ca\282.jpg,ca,Training
Training\ca\283.jpg,ca,Training
Training\ca\284.jpg,ca,Training
Training\ca\285.jpg,ca,Training
Training\ca\286.jpg,ca,Training
Training\ca\287.jpg,ca,Training
Training\ca\288.jpg,ca,Training
Training\ca\289.jpg,ca,Training
Training\ca\29.jpg,ca,Training
Training\ca\290.jpg,ca,Training
Training\ca\291.jpg,ca,Training
Training\ca\292.jpg,ca,Training
Training\ca\293.jpg,ca,Training
Training\ca\294.jpg,ca,Training
Training\ca\295.jpg,ca,Training
Training\ca\296.jpg,ca,Training
Training\ca\297.jpg,ca,Training
Training\ca\298.jpg,ca,Training
Training\ca\299.jpg,ca,Training
Training\ca\3.jpg,ca,Training
Training\ca\30.jpg,ca,Training
Training\ca\300.jpg,ca,Training
Training\ca\301.jpg,ca,Training
Training\ca\302.jpg,ca,Training
Training\ca\303.jpg,ca,Training
Training\ca\304.jpg,ca,Training
Training\ca\305.jpg,ca,Training
Training\ca\306.jpg,ca,Training
Training\ca\307.jpg,ca,Training
Training\ca\308.jpg,ca,Training
Training\ca\309.jpg,ca,Training
Training\ca\31.jpg,ca,Training
Training\ca\310.jpg,ca,Training
Training\ca\311.jpg,ca,Training
Training\ca\312.jpg,ca,Training
Training\ca\313.jpg,ca,Training
Training\ca\314.jpg,ca,Training
Training\ca\315.jpg,ca,Training
Training\ca\316.jpg,ca,Training
Training\ca\317.jpg,ca,Training
Training\ca\318.jpg,ca,Training
Training\ca\319.jpg,ca,Training
Training\ca\32.jpg,ca,Training
Training\ca\320.jpg,ca,Training
Training\ca\321.jpg,ca,Training
Training\ca\322.jpg,ca,Training
Training\ca\323.jpg,ca,Training
Training\ca\324.jpg,ca,Training
Training\ca\325.jpg,ca,Training
Training\ca\326.jpg,ca,Training
Training\ca\327.jpg,ca,Training
Training\ca\328.jpg,ca,Training
Training\ca\329.jpg,ca,Training
Training\ca\33.jpg,ca,Training
Training\ca\330.jpg,ca,Training
Training\ca\331.jpg,ca,Training
Training\ca\332.jpg,ca,Training
Training\ca\333.jpg,ca,Training
Training\ca\334.jpg,ca,Training
Training\ca\335.jpg,ca,Training
Training\ca\336.jpg,ca,Training
Training\ca\337.jpg,ca,Training
Training\ca\338.jpg,ca,Training
Training\ca\339.jpg,ca,Training
Training\ca\34.jpg,ca,Training
Training\ca\340.jpg,ca,Training
Training\ca\341.jpg,ca,Training
Training\ca\342.jpg,ca,Training
Training\ca\343.jpg,ca,Training
Training\ca\344.jpg,ca,Training
Training\ca\345.jpg,ca,Training
Training\ca\346.jpg,ca,Training
Training\ca\347.jpg,ca,Training
Training\ca\348.jpg,ca,Training
Training\ca\349.jpg,ca,Training
Training\ca\35.jpg,ca,Training
Training\ca\350.jpg,ca,Training
Training\ca\351.jpg,ca,Training
Training\ca\352.jpg,ca,Training
Training\ca\353.jpg,ca,Training
Training\ca\354.jpg,ca,Training
Training\ca\355.jpg,ca,Training
Training\ca\356.jpg,ca,Training
Training\ca\357.jpg,ca,Training
Training\ca\358.jpg,ca,Training
Training\ca\359.jpg,ca,Training
Training\ca\36.jpg,ca,Training
Training\ca\360.jpg,ca,Training
Training\ca\361.jpg,ca,Training
Training\ca\362.jpg,ca,Training
Training\ca\363.jpg,ca,Training
Training\ca\364.jpg,ca,Training
Training\ca\365.jpg,ca,Training
Training\ca\366.jpg,ca,Training
Training\ca\367.jpg,ca,Training
Training\ca\368.jpg,ca,Training
Training\ca\369.jpg,ca,Training
Training\ca\37.jpg,ca,Training
Training\ca\370.jpg,ca,Training
Training\ca\371.jpg,ca,Training
Training\ca\372.jpg,ca,Training
Training\ca\373.jpg,ca,Training
Training\ca\374.jpg,ca,Training
Training\ca\375.jpg,ca,Training
Training\ca\376.jpg,ca,Training
Training\ca\377.jpg,ca,Training
Training\ca\378.jpg,ca,Training
Training\ca\379.jpg,ca,Training
Training\ca\38.jpg,ca,Training
Training\ca\380.jpg,ca,Training
Training\ca\381.jpg,ca,Training
Training\ca\382.jpg,ca,Training
Training\ca\383.jpg,ca,Training
Training\ca\384.jpg,ca,Training
Training\ca\385.jpg,ca,Training
Training\ca\386.jpg,ca,Training
Training\ca\387.jpg,ca,Training
Training\ca\388.jpg,ca,Training
Training\ca\389.jpg,ca,Training
Training\ca\39.jpg,ca,Training
Training\ca\390.jpg,ca,Training
Training\ca\391.jpg,ca,Training
Training\ca\392.jpg,ca,Training
Training\ca\393.jpg,ca,Training
Training\ca\394.jpg,ca,Training
Training\ca\395.jpg,ca,Training
Training\ca\396.jpg,ca,Training
Training\ca\397.jpg,ca,Training
Training\ca\398.jpg,ca,Training
Training\ca\399.jpg,ca,Training
Training\ca\4.jpg,ca,Training
Training\ca\40.jpg,ca,Training
Training\ca\400.jpg,ca,Training
Training\ca\401.jpg,ca,Training
Training\ca\402.jpg,ca,Training
Training\ca\403.jpg,ca,Training
Training\ca\404.jpg,ca,Training
Training\ca\405.jpg,ca,Training
Training\ca\406.jpg,ca,Training
Training\ca\407.jpg,ca,Training
Training\ca\408.jpg,ca,Training
Training\ca\409.jpg,ca,Training
Training\ca\41.jpg,ca,Training
Training\ca\410.jpg,ca,Training
Training\ca\411.jpg,ca,Training
Training\ca\412.jpg,ca,Training
Training\ca\413.jpg,ca,Training
Training\ca\414.jpg,ca,Training
Training\ca\415.jpg,ca,Training
Training\ca\416.jpg,ca,Training
Training\ca\417.jpg,ca,Training
Training\ca\418.jpg,ca,Training
Training\ca\419.jpg,ca,Training
Training\ca\42.jpg,ca,Training
Training\ca\420.jpg,ca,Training
Training\ca\43.jpg,ca,Training
Training\ca\44.jpg,ca,Training
Training\ca\45.jpg,ca,Training
Training\ca\46.jpg,ca,Training
Training\ca\47.jpg,ca,Training
Training\ca\48.jpg,ca,Training
Training\ca\49.jpg,ca,Training
Training\ca\5.jpg,ca,Training
Training\ca\50.jpg,ca,Training
Training\ca\51.jpg,ca,Training
Training\ca\52.jpg,ca,Training
Training\ca\53.jpg,ca,Training
Training\ca\54.jpg,ca,Training
Training\ca\55.jpg,ca,Training
Training\ca\56.jpg,ca,Training
Training\ca\57.jpg,ca,Training
Training\ca\58.jpg,ca,Training
Training\ca\59.jpg,ca,Training
Training\ca\6.jpg,ca,Training
Training\ca\60.jpg,ca,Training
Training\ca\61.jpg,ca,Training
Training\ca\62.jpg,ca,Training
Training\ca\63.jpg,ca,Training
Training\ca\64.jpg,ca,Training
Training\ca\65.jpg,ca,Training
Training\ca\66.jpg,ca,Training
Training\ca\67.jpg,ca,Training
Training\ca\68.jpg,ca,Training
Training\ca\69.jpg,ca,Training
Training\ca\7.jpg,ca,Training
Training\ca\70.jpg,ca,Training
Training\ca\71.jpg,ca,Training
Training\ca\72.jpg,ca,Training
Training\ca\73.jpg,ca,Training
Training\ca\74.jpg,ca,Training
Training\ca\75.jpg,ca,Training
Training\ca\76.jpg,ca,Training
Training\ca\77.jpg,ca,Training
Training\ca\78.jpg,ca,Training
Training\ca\79.jpg,ca,Training
Training\ca\8.jpg,ca,Training
Training\ca\80.jpg,ca,Training
Training\ca\81.jpg,ca,Training
Training\ca\82.jpg,ca,Training
Training\ca\83.jpg,ca,Training
Training\ca\84.jpg,ca,Training
Training\ca\85.jpg,ca,Training
Training\ca\86.jpg,ca,Training
Training\ca\87.jpg,ca,Training
Training\ca\88.jpg,ca,Training
Training\ca\89.jpg,ca,Training
Training\ca\9.jpg,ca,Training
Training\ca\90.jpg,ca,Training
Training\ca\91.jpg,ca,Training
Training\ca\92.jpg,ca,Training
Training\ca\93.jpg,ca,Training
Training\ca\94.jpg,ca,Training
Training\ca\95.jpg,ca,Training
Training\ca\96.jpg,ca,Training
Training\ca\97.jpg,ca,Training
Training\ca\98.jpg,ca,Training
Training\ca\99.jpg,ca,Training
Training\cha\1.jpg,cha,Training
Training\cha\10.jpg,cha,Training
Training\cha\100.jpg,cha,Training
Training\cha\101.jpg,cha,Training
Training\cha\102.jpg,cha,Training
Training\cha\103.jpg,cha,Training
Training\cha\104.jpg,cha,Training
Training\cha\105.jpg,cha,Training
Training\cha\106.jpg,cha,Training
Training\cha\107.jpg,cha,Training
Training\cha\108.jpg,cha,Training
Training\cha\109.jpg,cha,Training
Training\cha\11.jpg,cha,Training
Training\cha\110.jpg,cha,Training
Training\cha\111.jpg,cha,Training
Training\cha\112.jpg,cha,Training
Training\cha\113.jpg,cha,Training
Training\cha\114.jpg,cha,Training
Training\cha\115.jpg,cha,Training
Training\cha\116.jpg,cha,Training
Training\cha\117.jpg,cha,Training
Training\cha\118.jpg,cha,Training
Training\cha\119.jpg,cha,Training
Training\cha\12.jpg,cha,Training
Training\cha\120.jpg,cha,Training
Training\cha\121.jpg,cha,Training
Training\cha\122.jpg,cha,Training
Training\cha\123.jpg,cha,Training
Training\cha\124.jpg,cha,Training
Training\cha\125.jpg,cha,Training
Training\cha\126.jpg,cha,Training
Training\cha\127.jpg,cha,Training
Training\cha\128.jpg,cha,Training
Training\cha\129.jpg,cha,Training
Training\cha\13.jpg,cha,Training
Training\cha\130.jpg,cha,Training
Training\cha\131.jpg,cha,Training
Training\cha\132.jpg,cha,Training
Training\cha\133.jpg,cha,Training
Training\cha\134.jpg,cha,Training
Training\cha\135.jpg,cha,Training
Training\cha\136.jpg,cha,Training
Training\cha\137.jpg,cha,Training
Training\cha\138.jpg,cha,Training
Training\cha\139.jpg,cha,Training
Training\cha\14.jpg,cha,Training
Training\cha\140.jpg,cha,Training
Training\cha\141.jpg,cha,Training
Training\cha\142.jpg,cha,Training
Training\cha\143.jpg,cha,Training
Training\cha\144.jpg,cha,Training
Training\cha\145.jpg,cha,Training
Training\cha\146.jpg,cha,Training
Training\cha\147.jpg,cha,Training
Training\cha\148.jpg,cha,Training
Training\cha\149.jpg,cha,Training
Training\cha\15.jpg,cha,Training
Training\cha\150.jpg,cha,Training
Training\cha\151.jpg,cha,Training
Training\cha\152.jpg,cha,Training
Training\cha\153.jpg,cha,Training
Training\cha\154.jpg,cha,Training
Training\cha\155.jpg,cha,Training
Training\cha\156.jpg,cha,Training
Training\cha\157.jpg,cha,Training
Training\cha\158.jpg,cha,Training
Training\cha\159.jpg,cha,Training
Training\cha\16.jpg,cha,Training
Training\cha\160.jpg,cha,Training
Training\cha\161.jpg,cha,Training
Training\cha\162.jpg,cha,Training
Training\cha\163.jpg,cha,Training
Training\cha\164.jpg,cha,Training
Training\cha\165.jpg,cha,Training
Training\cha\166.jpg,cha,Training
Training\cha\167.jpg,cha,Training
Training\cha\168.jpg,cha,Training
Training\cha\169.jpg,cha,Training
Training\cha\17.jpg,cha,Training
Training\cha\170.jpg,cha,Training
Training\cha\171.jpg,cha,Training
Training\cha\172.jpg,cha,Training
Training\cha\173.jpg,cha,Training
Training\cha\174.jpg,cha,Training
Training\cha\175.jpg,cha,Training
Training\cha\176.jpg,cha,Training
Training\cha\177.jpg,cha,Training
Training\cha\178.jpg,cha,Training
Training\cha\179.jpg,cha,Training
Training\cha\18.jpg,cha,Training
Training\cha\180.jpg,cha,Training
Training\cha\181.jpg,cha,Training
Training\cha\182.jpg,cha,Training
Training\cha\183.jpg,cha,Training
Training\cha\184.jpg,cha,Training
Training\cha\185.jpg,cha,Training
Training\cha\186.jpg,cha,Training
Training\cha\187.jpg,cha,Training
Training\cha\188.jpg,cha,Training
Training\cha\189.jpg,cha,Training
Training\cha\19.jpg,cha,Training
Training\cha\190.jpg,cha,Training
Training\cha\191.jpg,cha,Training
Training\cha\192.jpg,cha,Training
Training\cha\193.jpg,cha,Training
Training\cha\194.jpg,cha,Training
Training\cha\195.jpg,cha,Training
Training\cha\196.jpg,cha,Training
Training\cha\197.jpg,cha,Training
Training\cha\198.jpg,cha,Training
Training\cha\199.jpg,cha,Training
Training\cha\2.jpg,cha,Training
Training\cha\20.jpg,cha,Training
Training\cha\200.jpg,cha,Training
Training\cha\201.jpg,cha,Training
Training\cha\202.jpg,cha,Training
Training\cha\203.jpg,cha,Training
Training\cha\204.jpg,cha,Training
Training\cha\205.jpg,cha,Training
Training\cha\206.jpg,cha,Training
Training\cha\207.jpg,cha,Training
Training\cha\208.jpg,cha,Training
Training\cha\209.jpg,cha,Training
Training\cha\21.jpg,cha,Training
Training\cha\210.jpg,cha,Training
Training\cha\211.jpg,cha,Training
Training\cha\212.jpg,cha,Training
Training\cha\213.jpg,cha,Training
Training\cha\214.jpg,cha,Training
Training\cha\215.jpg,cha,Training
Training\cha\216.jpg,cha,Training
Training\cha\217.jpg,cha,Training
Training\cha\218.jpg,cha,Training
Training\cha\219.jpg,cha,Training
Training\cha\22.jpg,cha,Training
Training\cha\220.jpg,cha,Training
Training\cha\221.jpg,cha,Training
Training\cha\222.jpg,cha,Training
Training\cha\223.jpg,cha,Training
Training\cha\224.jpg,cha,Training
Training\cha\225.jpg,cha,Training
Training\cha\226.jpg,cha,Training
Training\cha\227.jpg,cha,Training
Training\cha\228.jpg,cha,Training
Training\cha\229.jpg,cha,Training
Training\cha\23.jpg,cha,Training
Training\cha\230.jpg,cha,Training
Training\cha\231.jpg,cha,Training
Training\cha\232.jpg,cha,Training
Training\cha\233.jpg,cha,Training
Training\cha\234.jpg,cha,Training
Training\cha\235.jpg,cha,Training
Training\cha\236.jpg,cha,Training
Training\cha\237.jpg,cha,Training
Training\cha\238.jpg,cha,Training
Training\cha\239.jpg,cha,Training
Training\cha\24.jpg,cha,Training
Training\cha\240.jpg,cha,Training
Training\cha\241.jpg,cha,Training
Training\cha\242.jpg,cha,Training
Training\cha\243.jpg,cha,Training
Training\cha\244.jpg,cha,Training
Training\cha\245.jpg,cha,Training
Training\cha\246.jpg,cha,Training
Training\cha\247.jpg,cha,Training
Training\cha\248.jpg,cha,Training
Training\cha\249.jpg,cha,Training
Training\cha\25.jpg,cha,Training
Training\cha\250.jpg,cha,Training
Training\cha\251.jpg,cha,Training
Training\cha\252.jpg,cha,Training
Training\cha\253.jpg,cha,Training
Training\cha\254.jpg,cha,Training
Training\cha\255.jpg,cha,Training
Training\cha\256.jpg,cha,Training
Training\cha\257.jpg,cha,Training
Training\cha\258.jpg,cha,Training
Training\cha\259.jpg,cha,Training
Training\cha\26.jpg,cha,Training
Training\cha\260.jpg,cha,Training
Training\cha\261.jpg,cha,Training
Training\cha\262.jpg,cha,Training
Training\cha\263.jpg,cha,Training
Training\cha\264.jpg,cha,Training
Training\cha\265.jpg,cha,Training
Training\cha\266.jpg,cha,Training
Training\cha\267.jpg,cha,Training
Training\cha\268.jpg,cha,Training
Training\cha\269.jpg,cha,Training
Training\cha\27.jpg,cha,Training
Training\cha\270.jpg,cha,Training
Training\cha\271.jpg,cha,Training
Training\cha\272.jpg,cha,Training
Training\cha\273.jpg,cha,Training
Training\cha\274.jpg,cha,Training
Training\cha\275.jpg,cha,Training
Training\cha\276.jpg,cha,Training
Training\cha\277.jpg,cha,Training
Training\cha\278.jpg,cha,Training
Training\cha\279.jpg,cha,Training
Training\cha\28.jpg,cha,Training
Training\cha\280.jpg,cha,Training
Training\cha\281.jpg,cha,Training
Training\cha\282.jpg,cha,Training
Training\cha\283.jpg,cha,Training
Training\cha\284.jpg,cha,Training
Training\cha\285.jpg,cha,Training
Training\cha\286.jpg,cha,Training
Training\cha\287.jpg,cha,Training
Training\cha\288.jpg,cha,Training
Training\cha\289.jpg,cha,Training
Training\cha\29.jpg,cha,Training
Training\cha\290.jpg,cha,Training
Training\cha\291.jpg,cha,Training
Training\cha\292.jpg,cha,Training
Training\cha\293.jpg,cha,Training
Training\cha\294.jpg,cha,Training
Training\cha\295.jpg,cha,Training
Training\cha\296.jpg,cha,Training
Training\cha\297.jpg,cha,Training
Training\cha\298.jpg,cha,Training
Training\cha\299.jpg,cha,Training
Training\cha\3.jpg,cha,Training
Training\cha\30.jpg,cha,Training
Training\cha\300.jpg,cha,Training
Training\cha\301.jpg,cha,Training
Training\cha\302.jpg,cha,Training
Training\cha\303.jpg,cha,Training
Training\cha\304.jpg,cha,Training
Training\cha\305.jpg,cha,Training
Training\cha\306.jpg,cha,Training
Training\cha\307.jpg,cha,Training
Training\cha\308.jpg,cha,Training
Training\cha\309.jpg,cha,Training
Training\cha\31.jpg,cha,Training
Training\cha\310.jpg,cha,Training
Training\cha\311.jpg,cha,Training
Training\cha\312.jpg,cha,Training
Training\cha\313.jpg,cha,Training
Training\cha\314.jpg,cha,Training
Training\cha\315.jpg,cha,Training
Training\cha\316.jpg,cha,Training
Training\cha\317.jpg,cha,Training
Training\cha\318.jpg,cha,Training
Training\cha\319.jpg,cha,Training
Training\cha\32.jpg,cha,Training
Training\cha\320.jpg,cha,Training
Training\cha\321.jpg,cha,Training
Training\cha\322.jpg,cha,Training
Training\cha\323.jpg,cha,Training
Training\cha\324.jpg,cha,Training
Training\cha\325.jpg,cha,Training
Training\cha\326.jpg,cha,Training
Training\cha\327.jpg,cha,Training
Training\cha\328.jpg,cha,Training
Training\cha\329.jpg,cha,Training
Training\cha\33.jpg,cha,Training
Training\cha\330.jpg,cha,Training
Training\cha\331.jpg,cha,Training
Training\cha\332.jpg,cha,Training
Training\cha\333.jpg,cha,Training
Training\cha\334.jpg,cha,Training
Training\cha\335.jpg,cha,Training
Training\cha\336.jpg,cha,Training
Training\cha\337.jpg,cha,Training
Training\cha\338.jpg,cha,Training
Training\cha\339.jpg,cha,Training
Training\cha\34.jpg,cha,Training
Training\cha\340.jpg,cha,Training
Training\cha\341.jpg,cha,Training
Training\cha\342.jpg,cha,Training
Training\cha\343.jpg,cha,Training
Training\cha\344.jpg,cha,Training
Training\cha\345.jpg,cha,Training
Training\cha\346.jpg,cha,Training
Training\cha\347.jpg,cha,Training
Training\cha\348.jpg,cha,Training
Training\cha\349.jpg,cha,Training
Training\cha\35.jpg,cha,Training
Training\cha\350.jpg,cha,Training
Training\cha\351.jpg,cha,Training
Training\cha\352.jpg,cha,Training
Training\cha\353.jpg,cha,Training
Training\cha\354.jpg,cha,Training
Training\cha\355.jpg,cha,Training
Training\cha\356.jpg,cha,Training
Training\cha\357.jpg,cha,Training
Training\cha\358.jpg,cha,Training
Training\cha\359.jpg,cha,Training
Training\cha\36.jpg,cha,Training
Training\cha\360.jpg,cha,Training
Training\cha\361.jpg,cha,Training
Training\cha\362.jpg,cha,Training
Training\cha\363.jpg,cha,Training
Training\cha\364.jpg,cha,Training
Training\cha\365.jpg,cha,Training
Training\cha\366.jpg,cha,Training
Training\cha\367.jpg,cha,Training
Training\cha\368.jpg,cha,Training
Training\cha\369.jpg,cha,Training
Training\cha\37.jpg,cha,Training
Training\cha\370.jpg,cha,Training
Training\cha\371.jpg,cha,Training
Training\cha\372.jpg,cha,Training
Training\cha\373.jpg,cha,Training
Training\cha\374.jpg,cha,Training
Training\cha\375.jpg,cha,Training
Training\cha\376.jpg,cha,Training
Training\cha\377.jpg,cha,Training
Training\cha\378.jpg,cha,Training
Training\cha\379.jpg,cha,Training
Training\cha\38.jpg,cha,Training
Training\cha\380.jpg,cha,Training
Training\cha\381.jpg,cha,Training
Training\cha\382.jpg,cha,Training
Training\cha\383.jpg,cha,Training
Training\cha\384.jpg,cha,Training
Training\cha\385.jpg,cha,Training
Training\cha\386.jpg,cha,Training
Training\cha\387.jpg,cha,Training
Training\cha\388.jpg,cha,Training
Training\cha\389.jpg,cha,Training
Training\cha\39.jpg,cha,Training
Training\cha\390.jpg,cha,Training
Training\cha\391.jpg,cha,Training
Training\cha\392.jpg,cha,Training
Training\cha\393.jpg,cha,Training
Training\cha\394.jpg,cha,Training
Training\cha\395.jpg,cha,Training
Training\cha\396.jpg,cha,Training
Training\cha\397.jpg,cha,Training
Training\cha\398.jpg,cha,Training
Training\cha\399.jpg,cha,Training
Training\cha\4.jpg,cha,Training
Training\cha\40.jpg,cha,Training
Training\cha\400.jpg,cha,Training
Training\cha\401.jpg,cha,Training
Training\cha\402.jpg,cha,Training
Training\cha\403.jpg,cha,Training
Training\cha\404.jpg,cha,Training
Training\cha\405.jpg,cha,Training
Training\cha\406.jpg,cha,Training
Training\cha\407.jpg,cha,Training
Training\cha\408.jpg,cha,Training
Training\cha\409.jpg,cha,Training
Training\cha\41.jpg,cha,Training
Training\cha\410.jpg,cha,Training
Training\cha\411.jpg,cha,Training
Training\cha\412.jpg,cha,Training
Training\cha\413.jpg,cha,Training
Training\cha\414.jpg,cha,Training
Training\cha\415.jpg,cha,Training
Training\cha\416.jpg,cha,Training
Training\cha\417.jpg,cha,Training
Training\cha\418.jpg,cha,Training
Training\cha\419.jpg,cha,Training
Training\cha\42.jpg,cha,Training
Training\cha\420.jpg,cha,Training
Training\cha\43.jpg,cha,Training
Training\cha\44.jpg,cha,Training
Training\cha\45.jpg,cha,Training
Training\cha\46.jpg,cha,Training
Training\cha\47.jpg,cha,Training
Training\cha\48.jpg,cha,Training
Training\cha\49.jpg,cha,Training
Training\cha\5.jpg,cha,Training
Training\cha\50.jpg,cha,Training
Training\cha\51.jpg,cha,Training
Training\cha\52.jpg,cha,Training
Training\cha\53.jpg,cha,Training
Training\cha\54.jpg,cha,Training
Training\cha\55.jpg,cha,Training
Training\cha\56.jpg,cha,Training
Training\cha\57.jpg,cha,Training
Training\cha\58.jpg,cha,Training
Training\cha\59.jpg,cha,Training
Training\cha\6.jpg,cha,Training
Training\cha\60.jpg,cha,Training
Training\cha\61.jpg,cha,Training
Training\cha\62.jpg,cha,Training
Training\cha\63.jpg,cha,Training
Training\cha\64.jpg,cha,Training
Training\cha\65.jpg,cha,Training
Training\cha\66.jpg,cha,Training
Training\cha\67.jpg,cha,Training
Training\cha\68.jpg,cha,Training
Training\cha\69.jpg,cha,Training
Training\cha\7.jpg,cha,Training
Training\cha\70.jpg,cha,Training
Training\cha\71.jpg,cha,Training
Training\cha\72.jpg,cha,Training
Training\cha\73.jpg,cha,Training
Training\cha\74.jpg,cha,Training
Training\cha\75.jpg,cha,Training
Training\cha\76.jpg,cha,Training
Training\cha\77.jpg,cha,Training
Training\cha\78.jpg,cha,Training
Training\cha\79.jpg,cha,Training
Training\cha\8.jpg,cha,Training
Training\cha\80.jpg,cha,Training
Training\cha\81.jpg,cha,Training
Training\cha\82.jpg,cha,Training
Training\cha\83.jpg,cha,Training
Training\cha\84.jpg,cha,Training
Training\cha\85.jpg,cha,Training
Training\cha\86.jpg,cha,Training
Training\cha\87.jpg,cha,Training
Training\cha\88.jpg,cha,Training
Training\cha\89.jpg,cha,Training
Training\cha\9.jpg,cha,Training
Training\cha\90.jpg,cha,Training
Training\cha\91.jpg,cha,Training
Training\cha\92.jpg,cha,Training
Training\cha\93.jpg,cha,Training
Training\cha\94.jpg,cha,Training
Training\cha\95.jpg,cha,Training
Training\cha\96.jpg,cha,Training
Training\cha\97.jpg,cha,Training
Training\cha\98.jpg,cha,Training
Training\cha\99.jpg,cha,Training
Training\da\1.jpg,da,Training
Training\da\10.jpg,da,Training
Training\da\100.jpg,da,Training
Training\da\101.jpg,da,Training
Training\da\102.jpg,da,Training
Training\da\103.jpg,da,Training
Training\da\104.jpg,da,Training
Training\da\105.jpg,da,Training
Training\da\106.jpg,da,Training
Training\da\107.jpg,da,Training
Training\da\108.jpg,da,Training
Training\da\109.jpg,da,Training
Training\da\11.jpg,da,Training
Training\da\110.jpg,da,Training
Training\da\111.jpg,da,Training
Training\da\112.jpg,da,Training
Training\da\113.jpg,da,Training
Training\da\114.jpg,da,Training
Training\da\115.jpg,da,Training
Training\da\116.jpg,da,Training
Training\da\117.jpg,da,Training
Training\da\118.jpg,da,Training
Training\da\119.jpg,da,Training
Training\da\12.jpg,da,Training
Training\da\120.jpg,da,Training
Training\da\121.jpg,da,Training
Training\da\122.jpg,da,Training
Training\da\123.jpg,da,Training
Training\da\124.jpg,da,Training
Training\da\125.jpg,da,Training
Training\da\126.jpg,da,Training
Training\da\127.jpg,da,Training
Training\da\128.jpg,da,Training
Training\da\129.jpg,da,Training
Training\da\13.jpg,da,Training
Training\da\130.jpg,da,Training
Training\da\131.jpg,da,Training
Training\da\132.jpg,da,Training
Training\da\133.jpg,da,Training
Training\da\134.jpg,da,Training
Training\da\135.jpg,da,Training
Training\da\136.jpg,da,Training
Training\da\137.jpg,da,Training
Training\da\138.jpg,da,Training
Training\da\139.jpg,da,Training
Training\da\14.jpg,da,Training
Training\da\140.jpg,da,Training
Training\da\141.jpg,da,Training
Training\da\142.jpg,da,Training
Training\da\143.jpg,da,Training
Training\da\144.jpg,da,Training
Training\da\145.jpg,da,Training
Training\da\146.jpg,da,Training
Training\da\147.jpg,da,Training
Training\da\148.jpg,da,Training
Training\da\149.jpg,da,Training
Training\da\15.jpg,da,Training
Training\da\150.jpg,da,Training
Training\da\151.jpg,da,Training
Training\da\152.jpg,da,Training
Training\da\153.jpg,da,Training
Training\da\154.jpg,da,Training
Training\da\155.jpg,da,Training
Training\da\156.jpg,da,Training
Training\da\157.jpg,da,Training
Training\da\158.jpg,da,Training
Training\da\159.jpg,da,Training
Training\da\16.jpg,da,Training
Training\da\160.jpg,da,Training
Training\da\161.jpg,da,Training
Training\da\162.jpg,da,Training
Training\da\163.jpg,da,Training
Training\da\164.jpg,da,Training
Training\da\165.jpg,da,Training
Training\da\166.jpg,da,Training
Training\da\167.jpg,da,Training
Training\da\168.jpg,da,Training
Training\da\169.jpg,da,Training
Training\da\17.jpg,da,Training
Training\da\170.jpg,da,Training
Training\da\171.jpg,da,Training
Training\da\172.jpg,da,Training
Training\da\173.jpg,da,Training
Training\da\174.jpg,da,Training
Training\da\175.jpg,da,Training
Training\da\176.jpg,da,Training
Training\da\177.jpg,da,Training
Training\da\178.jpg,da,Training
Training\da\179.jpg,da,Training
Training\da\18.jpg,da,Training
Training\da\180.jpg,da,Training
Training\da\181.jpg,da,Training
Training\da\182.jpg,da,Training
Training\da\183.jpg,da,Training
Training\da\184.jpg,da,Training
Training\da\185.jpg,da,Training
Training\da\186.jpg,da,Training
Training\da\187.jpg,da,Training
Training\da\188.jpg,da,Training
Training\da\189.jpg,da,Training
Training\da\19.jpg,da,Training
Training\da\190.jpg,da,Training
Training\da\191.jpg,da,Training
Training\da\192.jpg,da,Training
Training\da\193.jpg,da,Training
Training\da\194.jpg,da,Training
Training\da\195.jpg,da,Training
Training\da\196.jpg,da,Training
Training\da\197.jpg,da,Training
Training\da\198.jpg,da,Training
Training\da\199.jpg,da,Training
Training\da\2.jpg,da,Training
Training\da\20.jpg,da,Training
Training\da\200.jpg,da,Training
Training\da\201.jpg,da,Training
Training\da\202.jpg,da,Training
Training\da\203.jpg,da,Training
Training\da\204.jpg,da,Training
Training\da\205.jpg,da,Training
Training\da\206.jpg,da,Training
Training\da\207.jpg,da,Training
Training\da\208.jpg,da,Training
Training\da\209.jpg,da,Training
Training\da\21.jpg,da,Training
Training\da\210.jpg,da,Training
Training\da\211.jpg,da,Training
Training\da\212.jpg,da,Training
Training\da\213.jpg,da,Training
Training\da\214.jpg,da,Training
Training\da\215.jpg,da,Training
Training\da\216.jpg,da,Training
Training\da\217.jpg,da,Training
Training\da\218.jpg,da,Training
Training\da\219.jpg,da,Training
Training\da\22.jpg,da,Training
Training\da\220.jpg,da,Training
Training\da\221.jpg,da,Training
Training\da\222.jpg,da,Training
Training\da\223.jpg,da,Training
Training\da\224.jpg,da,Training
Training\da\225.jpg,da,Training
Training\da\226.jpg,da,Training
Training\da\227.jpg,da,Training
Training\da\228.jpg,da,Training
Training\da\229.jpg,da,Training
Training\da\23.jpg,da,Training
Training\da\230.jpg,da,Training
Training\da\231.jpg,da,Training
Training\da\232.jpg,da,Training
Training\da\233.jpg,da,Training
Training\da\234.jpg,da,Training
Training\da\235.jpg,da,Training
Training\da\236.jpg,da,Training
Training\da\237.jpg,da,Training
Training\da\238.jpg,da,Training
Training\da\239.jpg,da,Training
Training\da\24.jpg,da,Training
Training\da\240.jpg,da,Training
Training\da\241.jpg,da,Training
Training\da\242.jpg,da,Training
Training\da\243.jpg,da,Training
Training\da\244.jpg,da,Training
Training\da\245.jpg,da,Training
Training\da\246.jpg,da,Training
Training\da\247.jpg,da,Training
Training\da\248.jpg,da,Training
Training\da\249.jpg,da,Training
Training\da\25.jpg,da,Training
Training\da\250.jpg,da,Training
Training\da\251.jpg,da,Training
Training\da\252.jpg,da,Training
Training\da\253.jpg,da,Training
Training\da\254.jpg,da,Training
Training\da\255.jpg,da,Training
Training\da\256.jpg,da,Training
Training\da\257.jpg,da,Training
Training\da\258.jpg,da,Training
Training\da\259.jpg,da,Training
Training\da\26.jpg,da,Training
Training\da\260.jpg,da,Training
Training\da\261.jpg,da,Training
Training\da\262.jpg,da,Training
Training\da\263.jpg,da,Training
Training\da\264.jpg,da,Training
Training\da\265.jpg,da,Training
Training\da\266.jpg,da,Training
Training\da\267.jpg,da,Training
Training\da\268.jpg,da,Training
Training\da\269.jpg,da,Training
Training\da\27.jpg,da,Training
Training\da\270.jpg,da,Training
Training\da\271.jpg,da,Training
Training\da\272.jpg,da,Training
Training\da\273.jpg,da,Training
Training\da\274.jpg,da,Training
Training\da\275.jpg,da,Training
Training\da\276.jpg,da,Training
Training\da\277.jpg,da,Training
Training\da\278.jpg,da,Training
Training\da\279.jpg,da,Training
Training\da\28.jpg,da,Training
Training\da\280.jpg,da,Training
Training\da\281.jpg,da,Training
Training\da\282.jpg,da,Training
Training\da\283.jpg,da,Training
Training\da\284.jpg,da,Training
Training\da\285.jpg,da,Training
Training\da\286.jpg,da,Training
Training\da\287.jpg,da,Training
Training\da\288.jpg,da,Training
Training\da\289.jpg,da,Training
Training\da\29.jpg,da,Training
Training\da\290.jpg,da,Training
Training\da\291.jpg,da,Training
Training\da\292.jpg,da,Training
Training\da\293.jpg,da,Training
Training\da\294.jpg,da,Training
Training\da\295.jpg,da,Training
Training\da\296.jpg,da,Training
Training\da\297.jpg,da,Training
Training\da\298.jpg,da,Training
Training\da\299.jpg,da,Training
Training\da\3.jpg,da,Training
Training\da\30.jpg,da,Training
Training\da\300.jpg,da,Training
Training\da\301.jpg,da,Training
Training\da\302.jpg,da,Training
Training\da\303.jpg,da,Training
Training\da\304.jpg,da,Training
Training\da\305.jpg,da,Training
Training\da\306.jpg,da,Training
Training\da\307.jpg,da,Training
Training\da\308.jpg,da,Training
Training\da\309.jpg,da,Training
Training\da\31.jpg,da,Training
Training\da\310.jpg,da,Training
Training\da\311.jpg,da,Training
Training\da\312.jpg,da,Training
Training\da\313.jpg,da,Training
Training\da\314.jpg,da,Training
Training\da\315.jpg,da,Training
Training\da\316.jpg,da,Training
Training\da\317.jpg,da,Training
Training\da\318.jpg,da,Training
Training\da\319.jpg,da,Training
Training\da\32.jpg,da,Training
Training\da\320.jpg,da,Training
Training\da\321.jpg,da,Training
Training\da\322.jpg,da,Training
Training\da\323.jpg,da,Training
Training\da\324.jpg,da,Training
Training\da\325.jpg,da,Training
Training\da\326.jpg,da,Training
Training\da\327.jpg,da,Training
Training\da\328.jpg,da,Training
Training\da\329.jpg,da,Training
Training\da\33.jpg,da,Training
Training\da\330.jpg,da,Training
Training\da\331.jpg,da,Training
Training\da\332.jpg,da,Training
Training\da\333.jpg,da,Training
Training\da\334.jpg,da,Training
Training\da\335.jpg,da,Training
Training\da\336.jpg,da,Training
Training\da\337.jpg,da,Training
Training\da\338.jpg,da,Training
Training\da\339.jpg,da,Training
Training\da\34.jpg,da,Training
Training\da\340.jpg,da,Training
Training\da\341.jpg,da,Training
Training\da\342.jpg,da,Training
Training\da\343.jpg,da,Training
Training\da\344.jpg,da,Training
Training\da\345.jpg,da,Training
Training\da\346.jpg,da,Training
Training\da\347.jpg,da,Training
Training\da\348.jpg,da,Training
Training\da\349.jpg,da,Training
Training\da\35.jpg,da,Training
Training\da\350.jpg,da,Training
Training\da\351.jpg,da,Training
Training\da\352.jpg,da,Training
Training\da\353.jpg,da,Training
Training\da\354.jpg,da,Training
Training\da\355.jpg,da,Training
Training\da\356.jpg,da,Training
Training\da\357.jpg,da,Training
Training\da\358.jpg,da,Training
Training\da\359.jpg,da,Training
Training\da\36.jpg,da,Training
Training\da\360.jpg,da,Training
Training\da\361.jpg,da,Training
Training\da\362.jpg,da,Training
Training\da\363.jpg,da,Training
Training\da\364.jpg,da,Training
Training\da\365.jpg,da,Training
Training\da\366.jpg,da,Training
Training\da\367.jpg,da,Training
Training\da\368.jpg,da,Training
Training\da\369.jpg,da,Training
Training\da\37.jpg,da,Training
Training\da\370.jpg,da,Training
Training\da\371.jpg,da,Training
Training\da\372.jpg,da,Training
Training\da\373.jpg,da,Training
Training\da\374.jpg,da,Training
Training\da\375.jpg,da,Training
Training\da\376.jpg,da,Training
Training\da\377.jpg,da,Training
Training\da\378.jpg,da,Training
Training\da\379.jpg,da,Training
Training\da\38.jpg,da,Training
Training\da\380.jpg,da,Training
Training\da\381.jpg,da,Training
Training\da\382.jpg,da,Training
Training\da\383.jpg,da,Training
Training\da\384.jpg,da,Training
Training\da\385.jpg,da,Training
Training\da\386.jpg,da,Training
Training\da\387.jpg,da,Training
Training\da\388.jpg,da,Training
Training\da\389.jpg,da,Training
Training\da\39.jpg,da,Training
Training\da\390.jpg,da,Training
Training\da\391.jpg,da,Training
Training\da\392.jpg,da,Training
Training\da\393.jpg,da,Training
Training\da\394.jpg,da,Training
Training\da\395.jpg,da,Training
Training\da\396.jpg,da,Training
Training\da\397.jpg,da,Training
Training\da\398.jpg,da,Training
Training\da\399.jpg,da,Training
Training\da\4.jpg,da,Training
Training\da\40.jpg,da,Training
Training\da\400.jpg,da,Training
Training\da\401.jpg,da,Training
Training\da\402.jpg,da,Training
Training\da\403.jpg,da,Training
Training\da\404.jpg,da,Training
Training\da\405.jpg,da,Training
Training\da\406.jpg,da,Training
Training\da\407.jpg,da,Training
Training\da\408.jpg,da,Training
Training\da\409.jpg,da,Training
Training\da\41.jpg,da,Training
Training\da\410.jpg,da,Training
Training\da\411.jpg,da,Training
Training\da\412.jpg,da,Training
Training\da\413.jpg,da,Training
Training\da\414.jpg,da,Training
Training\da\415.jpg,da,Training
Training\da\416.jpg,da,Training
Training\da\417.jpg,da,Training
Training\da\418.jpg,da,Training
Training\da\419.jpg,da,Training
Training\da\42.jpg,da,Training
Training\da\420.jpg,da,Training
Training\da\43.jpg,da,Training
Training\da\44.jpg,da,Training
Training\da\45.jpg,da,Training
Training\da\46.jpg,da,Training
Training\da\47.jpg,da,Training
Training\da\48.jpg,da,Training
Training\da\49.jpg,da,Training
Training\da\5.jpg,da,Training
Training\da\50.jpg,da,Training
Training\da\51.jpg,da,Training
Training\da\52.jpg,da,Training
Training\da\53.jpg,da,Training
Training\da\54.jpg,da,Training
Training\da\55.jpg,da,Training
Training\da\56.jpg,da,Training
Training\da\57.jpg,da,Training
Training\da\58.jpg,da,Training
Training\da\59.jpg,da,Training
Training\da\6.jpg,da,Training
Training\da\60.jpg,da,Training
Training\da\61.jpg,da,Training
Training\da\62.jpg,da,Training
Training\da\63.jpg,da,Training
Training\da\64.jpg,da,Training
Training\da\65.jpg,da,Training
Training\da\66.jpg,da,Training
Training\da\67.jpg,da,Training
Training\da\68.jpg,da,Training
Training\da\69.jpg,da,Training
Training\da\7.jpg,da,Training
Training\da\70.jpg,da,Training
Training\da\71.jpg,da,Training
Training\da\72.jpg,da,Training
Training\da\73.jpg,da,Training
Training\da\74.jpg,da,Training
Training\da\75.jpg,da,Training
Training\da\76.jpg,da,Training
Training\da\77.jpg,da,Training
Training\da\78.jpg,da,Training
Training\da\79.jpg,da,Training
Training\da\8.jpg,da,Training
Training\da\80.jpg,da,Training
Training\da\81.jpg,da,Training
Training\da\82.jpg,da,Training
Training\da\83.jpg,da,Training
Training\da\84.jpg,da,Training
Training\da\85.jpg,da,Training
Training\da\86.jpg,da,Training
Training\da\87.jpg,da,Training
Training\da\88.jpg,da,Training
Training\da\89.jpg,da,Training
Training\da\9.jpg,da,Training
Training\da\90.jpg,da,Training
Training\da\91.jpg,da,Training
Training\da\92.jpg,da,Training
Training\da\93.jpg,da,Training
Training\da\94.jpg,da,Training
Training\da\95.jpg,da,Training
Training\da\96.jpg,da,Training
Training\da\97.jpg,da,Training
Training\da\98.jpg,da,Training
Training\da\99.jpg,da,Training
Training\de\1.jpg,de,Training
Training\de\10.jpg,de,Training
Training\de\100.jpg,de,Training
Training\de\101.jpg,de,Training
Training\de\102.jpg,de,Training
Training\de\103.jpg,de,Training
Training\de\104.jpg,de,Training
Training\de\105.jpg,de,Training
Training\de\106.jpg,de,Training
Training\de\107.jpg,de,Training
Training\de\108.jpg,de,Training
Training\de\109.jpg,de,Training
Training\de\11.jpg,de,Training
Training\de\110.jpg,de,Training
Training\de\111.jpg,de,Training
Training\de\112.jpg,de,Training
Training\de\113.jpg,de,Training
Training\de\114.jpg,de,Training
Training\de\115.jpg,de,Training
Training\de\116.jpg,de,Training
Training\de\117.jpg,de,Training
Training\de\118.jpg,de,Training
Training\de\119.jpg,de,Training
Training\de\12.jpg,de,Training
Training\de\120.jpg,de,Training
Training\de\121.jpg,de,Training
Training\de\122.jpg,de,Training
Training\de\123.jpg,de,Training
Training\de\124.jpg,de,Training
Training\de\125.jpg,de,Training
Training\de\126.jpg,de,Training
Training\de\127.jpg,de,Training
Training\de\128.jpg,de,Training
Training\de\129.jpg,de,Training
Training\de\13.jpg,de,Training
Training\de\130.jpg,de,Training
Training\de\131.jpg,de,Training
Training\de\132.jpg,de,Training
Training\de\133.jpg,de,Training
Training\de\134.jpg,de,Training
Training\de\135.jpg,de,Training
Training\de\136.jpg,de,Training
Training\de\137.jpg,de,Training
Training\de\138.jpg,de,Training
Training\de\139.jpg,de,Training
Training\de\14.jpg,de,Training
Training\de\140.jpg,de,Training
Training\de\141.jpg,de,Training
Training\de\142.jpg,de,Training
Training\de\143.jpg,de,Training
Training\de\144.jpg,de,Training
Training\de\145.jpg,de,Training
Training\de\146.jpg,de,Training
Training\de\147.jpg,de,Training
Training\de\148.jpg,de,Training
Training\de\149.jpg,de,Training
Training\de\15.jpg,de,Training
Training\de\150.jpg,de,Training
Training\de\151.jpg,de,Training
Training\de\152.jpg,de,Training
Training\de\153.jpg,de,Training
Training\de\154.jpg,de,Training
Training\de\155.jpg,de,Training
Training\de\156.jpg,de,Training
Training\de\157.jpg,de,Training
Training\de\158.jpg,de,Training
Training\de\159.jpg,de,Training
Training\de\16.jpg,de,Training
Training\de\160.jpg,de,Training
Training\de\161.jpg,de,Training
Training\de\162.jpg,de,Training
Training\de\163.jpg,de,Training
Training\de\164.jpg,de,Training
Training\de\165.jpg,de,Training
Training\de\166.jpg,de,Training
Training\de\167.jpg,de,Training
Training\de\168.jpg,de,Training
Training\de\169.jpg,de,Training
Training\de\17.jpg,de,Training
Training\de\170.jpg,de,Training
Training\de\171.jpg,de,Training
Training\de\172.jpg,de,Training
Training\de\173.jpg,de,Training
Training\de\174.jpg,de,Training
Training\de\175.jpg,de,Training
Training\de\176.jpg,de,Training
Training\de\177.jpg,de,Training
Training\de\178.jpg,de,Training
Training\de\179.jpg,de,Training
Training\de\18.jpg,de,Training
Training\de\180.jpg,de,Training
Training\de\181.jpg,de,Training
Training\de\182.jpg,de,Training
Training\de\183.jpg,de,Training
Training\de\184.jpg,de,Training
Training\de\185.jpg,de,Training
Training\de\186.jpg,de,Training
Training\de\187.jpg,de,Training
Training\de\188.jpg,de,Training
Training\de\189.jpg,de,Training
Training\de\19.jpg,de,Training
Training\de\190.jpg,de,Training
Training\de\191.jpg,de,Training
Training\de\192.jpg,de,Training
Training\de\193.jpg,de,Training
Training\de\194.jpg,de,Training
Training\de\195.jpg,de,Training
Training\de\196.jpg,de,Training
Training\de\197.jpg,de,Training
Training\de\198.jpg,de,Training
Training\de\199.jpg,de,Training
Training\de\2.jpg,de,Training
Training\de\20.jpg,de,Training
Training\de\200.jpg,de,Training
Training\de\201.jpg,de,Training
Training\de\202.jpg,de,Training
Training\de\203.jpg,de,Training
Training\de\204.jpg,de,Training
Training\de\205.jpg,de,Training
Training\de\206.jpg,de,Training
Training\de\207.jpg,de,Training
Training\de\208.jpg,de,Training
Training\de\209.jpg,de,Training
Training\de\21.jpg,de,Training
Training\de\210.jpg,de,Training
Training\de\211.jpg,de,Training
Training\de\212.jpg,de,Training
Training\de\213.jpg,de,Training
Training\de\214.jpg,de,Training
Training\de\215.jpg,de,Training
Training\de\216.jpg,de,Training
Training\de\217.jpg,de,Training
Training\de\218.jpg,de,Training
Training\de\219.jpg,de,Training
Training\de\22.jpg,de,Training
Training\de\220.jpg,de,Training
Training\de\221.jpg,de,Training
Training\de\222.jpg,de,Training
Training\de\223.jpg,de,Training
Training\de\224.jpg,de,Training
Training\de\225.jpg,de,Training
Training\de\226.jpg,de,Training
Training\de\227.jpg,de,Training
Training\de\228.jpg,de,Training
Training\de\229.jpg,de,Training
Training\de\23.jpg,de,Training
Training\de\230.jpg,de,Training
Training\de\231.jpg,de,Training
Training\de\232.jpg,de,Training
Training\de\233.jpg,de,Training
Training\de\234.jpg,de,Training
Training\de\235.jpg,de,Training
Training\de\236.jpg,de,Training
Training\de\237.jpg,de,Training
Training\de\238.jpg,de,Training
Training\de\239.jpg,de,Training
Training\de\24.jpg,de,Training
Training\de\240.jpg,de,Training
Training\de\241.jpg,de,Training
Training\de\242.jpg,de,Training
Training\de\243.jpg,de,Training
Training\de\244.jpg,de,Training
Training\de\245.jpg,de,Training
Training\de\246.jpg,de,Training
Training\de\247.jpg,de,Training
Training\de\248.jpg,de,Training
Training\de\249.jpg,de,Training
Training\de\25.jpg,de,Training
Training\de\250.jpg,de,Training
Training\de\251.jpg,de,Training
Training\de\252.jpg,de,Training
Training\de\253.jpg,de,Training
Training\de\254.jpg,de,Training
Training\de\255.jpg,de,Training
Training\de\256.jpg,de,Training
Training\de\257.jpg,de,Training
Training\de\258.jpg,de,Training
Training\de\259.jpg,de,Training
Training\de\26.jpg,de,Training
Training\de\260.jpg,de,Training
Training\de\261.jpg,de,Training
Training\de\262.jpg,de,Training
Training\de\263.jpg,de,Training
Training\de\264.jpg,de,Training
Training\de\265.jpg,de,Training
Training\de\266.jpg,de,Training
Training\de\267.jpg,de,Training
Training\de\268.jpg,de,Training
Training\de\269.jpg,de,Training
Training\de\27.jpg,de,Training
Training\de\270.jpg,de,Training
Training\de\271.jpg,de,Training
Training\de\272.jpg,de,Training
Training\de\273.jpg,de,Training
Training\de\274.jpg,de,Training
Training\de\275.jpg,de,Training
Training\de\276.jpg,de,Training
Training\de\277.jpg,de,Training
Training\de\278.jpg,de,Training
Training\de\279.jpg,de,Training
Training\de\28.jpg,de,Training
Training\de\280.jpg,de,Training
Training\de\281.jpg,de,Training
Training\de\282.jpg,de,Training
Training\de\283.jpg,de,Training
Training\de\284.jpg,de,Training
Training\de\285.jpg,de,Training
Training\de\286.jpg,de,Training
Training\de\287.jpg,de,Training
Training\de\288.jpg,de,Training
Training\de\289.jpg,de,Training
Training\de\29.jpg,de,Training
Training\de\290.jpg,de,Training
Training\de\291.jpg,de,Training
Training\de\292.jpg,de,Training
Training\de\293.jpg,de,Training
Training\de\294.jpg,de,Training
Training\de\295.jpg,de,Training
Training\de\296.jpg,de,Training
Training\de\297.jpg,de,Training
Training\de\298.jpg,de,Training
Training\de\299.jpg,de,Training
Training\de\3.jpg,de,Training
Training\de\30.jpg,de,Training
Training\de\300.jpg,de,Training
Training\de\301.jpg,de,Training
Training\de\302.jpg,de,Training
Training\de\303.jpg,de,Training
Training\de\304.jpg,de,Training
Training\de\305.jpg,de,Training
Training\de\306.jpg,de,Training
Training\de\307.jpg,de,Training
Training\de\308.jpg,de,Training
Training\de\309.jpg,de,Training
Training\de\31.jpg,de,Training
Training\de\310.jpg,de,Training
Training\de\311.jpg,de,Training
Training\de\312.jpg,de,Training
Training\de\313.jpg,de,Training
Training\de\314.jpg,de,Training
Training\de\315.jpg,de,Training
Training\de\316.jpg,de,Training
Training\de\317.jpg,de,Training
Training\de\318.jpg,de,Training
Training\de\319.jpg,de,Training
Training\de\32.jpg,de,Training
Training\de\320.jpg,de,Training
Training\de\321.jpg,de,Training
Training\de\322.jpg,de,Training
Training\de\323.jpg,de,Training
Training\de\324.jpg,de,Training
Training\de\325.jpg,de,Training
Training\de\326.jpg,de,Training
Training\de\327.jpg,de,Training
Training\de\328.jpg,de,Training
Training\de\329.jpg,de,Training
Training\de\33.jpg,de,Training
Training\de\330.jpg,de,Training
Training\de\331.jpg,de,Training
Training\de\332.jpg,de,Training
Training\de\333.jpg,de,Training
Training\de\334.jpg,de,Training
Training\de\335.jpg,de,Training
Training\de\336.jpg,de,Training
Training\de\337.jpg,de,Training
Training\de\338.jpg,de,Training
Training\de\339.jpg,de,Training
Training\de\34.jpg,de,Training
Training\de\340.jpg,de,Training
Training\de\341.jpg,de,Training
Training\de\342.jpg,de,Training
Training\de\343.jpg,de,Training
Training\de\344.jpg,de,Training
Training\de\345.jpg,de,Training
Training\de\346.jpg,de,Training
Training\de\347.jpg,de,Training
Training\de\348.jpg,de,Training
Training\de\349.jpg,de,Training
Training\de\35.jpg,de,Training
Training\de\350.jpg,de,Training
Training\de\351.jpg,de,Training
Training\de\352.jpg,de,Training
Training\de\353.jpg,de,Training
Training\de\354.jpg,de,Training
Training\de\355.jpg,de,Training
Training\de\356.jpg,de,Training
Training\de\357.jpg,de,Training
Training\de\358.jpg,de,Training
Training\de\359.jpg,de,Training
Training\de\36.jpg,de,Training
Training\de\360.jpg,de,Training
Training\de\361.jpg,de,Training
Training\de\362.jpg,de,Training
Training\de\363.jpg,de,Training
Training\de\364.jpg,de,Training
Training\de\365.jpg,de,Training
Training\de\366.jpg,de,Training
Training\de\367.jpg,de,Training
Training\de\368.jpg,de,Training
Training\de\369.jpg,de,Training
Training\de\37.jpg,de,Training
Training\de\370.jpg,de,Training
Training\de\371.jpg,de,Training
Training\de\372.jpg,de,Training
Training\de\373.jpg,de,Training
Training\de\374.jpg,de,Training
Training\de\375.jpg,de,Training
Training\de\376.jpg,de,Training
Training\de\377.jpg,de,Training
Training\de\378.jpg,de,Training
Training\de\379.jpg,de,Training
Training\de\38.jpg,de,Training
Training\de\380.jpg,de,Training
Training\de\381.jpg,de,Training
Training\de\382.jpg,de,Training
Training\de\383.jpg,de,Training
Training\de\384.jpg,de,Training
Training\de\385.jpg,de,Training
Training\de\386.jpg,de,Training
Training\de\387.jpg,de,Training
Training\de\388.jpg,de,Training
Training\de\389.jpg,de,Training
Training\de\39.jpg,de,Training
Training\de\390.jpg,de,Training
Training\de\391.jpg,de,Training
Training\de\392.jpg,de,Training
Training\de\393.jpg,de,Training
Training\de\394.jpg,de,Training
Training\de\395.jpg,de,Training
Training\de\396.jpg,de,Training
Training\de\397.jpg,de,Training
Training\de\398.jpg,de,Training
Training\de\399.jpg,de,Training
Training\de\4.jpg,de,Training
Training\de\40.jpg,de,Training
Training\de\400.jpg,de,Training
Training\de\401.jpg,de,Training
Training\de\402.jpg,de,Training
Training\de\403.jpg,de,Training
Training\de\404.jpg,de,Training
Training\de\405.jpg,de,Training
Training\de\406.jpg,de,Training
Training\de\407.jpg,de,Training
Training\de\408.jpg,de,Training
Training\de\409.jpg,de,Training
Training\de\41.jpg,de,Training
Training\de\410.jpg,de,Training
Training\de\411.jpg,de,Training
Training\de\412.jpg,de,Training
Training\de\413.jpg,de,Training
Training\de\414.jpg,de,Training
Training\de\415.jpg,de,Training
Training\de\416.jpg,de,Training
Training\de\417.jpg,de,Training
Training\de\418.jpg,de,Training
Training\de\419.jpg,de,Training
Training\de\42.jpg,de,Training
Training\de\420.jpg,de,Training
Training\de\43.jpg,de,Training
Training\de\44.jpg,de,Training
Training\de\45.jpg,de,Training
Training\de\46.jpg,de,Training
Training\de\47.jpg,de,Training
Training\de\48.jpg,de,Training
Training\de\49.jpg,de,Training
Training\de\5.jpg,de,Training
Training\de\50.jpg,de,Training
Training\de\51.jpg,de,Training
Training\de\52.jpg,de,Training
Training\de\53.jpg,de,Training
Training\de\54.jpg,de,Training
Training\de\55.jpg,de,Training
Training\de\56.jpg,de,Training
Training\de\57.jpg,de,Training
Training\de\58.jpg,de,Training
Training\de\59.jpg,de,Training
Training\de\6.jpg,de,Training
Training\de\60.jpg,de,Training
Training\de\61.jpg,de,Training
Training\de\62.jpg,de,Training
Training\de\63.jpg,de,Training
Training\de\64.jpg,de,Training
Training\de\65.jpg,de,Training
Training\de\66.jpg,de,Training
Training\de\67.jpg,de,Training
Training\de\68.jpg,de,Training
Training\de\69.jpg,de,Training
Training\de\7.jpg,de,Training
Training\de\70.jpg,de,Training
Training\de\71.jpg,de,Training
Training\de\72.jpg,de,Training
Training\de\73.jpg,de,Training
Training\de\74.jpg,de,Training
Training\de\75.jpg,de,Training
Training\de\76.jpg,de,Training
Training\de\77.jpg,de,Training
Training\de\78.jpg,de,Training
Training\de\79.jpg,de,Training
Training\de\8.jpg,de,Training
Training\de\80.jpg,de,Training
Training\de\81.jpg,de,Training
Training\de\82.jpg,de,Training
Training\de\83.jpg,de,Training
Training\de\84.jpg,de,Training
Training\de\85.jpg,de,Training
Training\de\86.jpg,de,Training
Training\de\87.jpg,de,Training
Training\de\88.jpg,de,Training
Training\de\89.jpg,de,Training
Training\de\9.jpg,de,Training
Training\de\90.jpg,de,Training
Training\de\91.jpg,de,Training
Training\de\92.jpg,de,Training
Training\de\93.jpg,de,Training
Training\de\94.jpg,de,Training
Training\de\95.jpg,de,Training
Training\de\96.jpg,de,Training
Training\de\97.jpg,de,Training
Training\de\98.jpg,de,Training
Training\de\99.jpg,de,Training
Training\dha\1.jpg,dha,Training
Training\dha\10.jpg,dha,Training
Training\dha\100.jpg,dha,Training
Training\dha\101.jpg,dha,Training
Training\dha\102.jpg,dha,Training
Training\dha\103.jpg,dha,Training
Training\dha\104.jpg,dha,Training
Training\dha\105.jpg,dha,Training
Training\dha\106.jpg,dha,Training
Training\dha\107.jpg,dha,Training
Training\dha\108.jpg,dha,Training
Training\dha\109.jpg,dha,Training
Training\dha\11.jpg,dha,Training
Training\dha\110.jpg,dha,Training
Training\dha\111.jpg,dha,Training
Training\dha\112.jpg,dha,Training
Training\dha\113.jpg,dha,Training
Training\dha\114.jpg,dha,Training
Training\dha\115.jpg,dha,Training
Training\dha\116.jpg,dha,Training
Training\dha\117.jpg,dha,Training
Training\dha\118.jpg,dha,Training
Training\dha\119.jpg,dha,Training
Training\dha\12.jpg,dha,Training
Training\dha\120.jpg,dha,Training
Training\dha\121.jpg,dha,Training
Training\dha\122.jpg,dha,Training
Training\dha\123.jpg,dha,Training
Training\dha\124.jpg,dha,Training
Training\dha\125.jpg,dha,Training
Training\dha\126.jpg,dha,Training
Training\dha\127.jpg,dha,Training
Training\dha\128.jpg,dha,Training
Training\dha\129.jpg,dha,Training
Training\dha\13.jpg,dha,Training
Training\dha\130.jpg,dha,Training
Training\dha\131.jpg,dha,Training
Training\dha\132.jpg,dha,Training
Training\dha\133.jpg,dha,Training
Training\dha\134.jpg,dha,Training
Training\dha\135.jpg,dha,Training
Training\dha\136.jpg,dha,Training
Training\dha\137.jpg,dha,Training
Training\dha\138.jpg,dha,Training
Training\dha\139.jpg,dha,Training
Training\dha\14.jpg,dha,Training
Training\dha\140.jpg,dha,Training
Training\dha\141.jpg,dha,Training
Training\dha\142.jpg,dha,Training
Training\dha\143.jpg,dha,Training
Training\dha\144.jpg,dha,Training
Training\dha\145.jpg,dha,Training
Training\dha\146.jpg,dha,Training
Training\dha\147.jpg,dha,Training
Training\dha\148.jpg,dha,Training
Training\dha\149.jpg,dha,Training
Training\dha\15.jpg,dha,Training
Training\dha\150.jpg,dha,Training
Training\dha\151.jpg,dha,Training
Training\dha\152.jpg,dha,Training
Training\dha\153.jpg,dha,Training
Training\dha\154.jpg,dha,Training
Training\dha\155.jpg,dha,Training
Training\dha\156.jpg,dha,Training
Training\dha\157.jpg,dha,Training
Training\dha\158.jpg,dha,Training
Training\dha\159.jpg,dha,Training
Training\dha\16.jpg,dha,Training
Training\dha\160.jpg,dha,Training
Training\dha\161.jpg,dha,Training
Training\dha\162.jpg,dha,Training
Training\dha\163.jpg,dha,Training
Training\dha\164.jpg,dha,Training
Training\dha\165.jpg,dha,Training
Training\dha\166.jpg,dha,Training
Training\dha\167.jpg,dha,Training
Training\dha\168.jpg,dha,Training
Training\dha\169.jpg,dha,Training
Training\dha\17.jpg,dha,Training
Training\dha\170.jpg,dha,Training
Training\dha\171.jpg,dha,Training
Training\dha\172.jpg,dha,Training
Training\dha\173.jpg,dha,Training
Training\dha\174.jpg,dha,Training
Training\dha\175.jpg,dha,Training
Training\dha\176.jpg,dha,Training
Training\dha\177.jpg,dha,Training
Training\dha\178.jpg,dha,Training
Training\dha\179.jpg,dha,Training
Training\dha\18.jpg,dha,Training
Training\dha\180.jpg,dha,Training
Training\dha\181.jpg,dha,Training
Training\dha\182.jpg,dha,Training
Training\dha\183.jpg,dha,Training
Training\dha\184.jpg,dha,Training
Training\dha\185.jpg,dha,Training
Training\dha\186.jpg,dha,Training
Training\dha\187.jpg,dha,Training
Training\dha\188.jpg,dha,Training
Training\dha\189.jpg,dha,Training
Training\dha\19.jpg,dha,Training
Training\dha\190.jpg,dha,Training
Training\dha\191.jpg,dha,Training
Training\dha\192.jpg,dha,Training
Training\dha\193.jpg,dha,Training
Training\dha\194.jpg,dha,Training
Training\dha\195.jpg,dha,Training
Training\dha\196.jpg,dha,Training
Training\dha\197.jpg,dha,Training
Training\dha\198.jpg,dha,Training
Training\dha\199.jpg,dha,Training
Training\dha\2.jpg,dha,Training
Training\dha\20.jpg,dha,Training
Training\dha\200.jpg,dha,Training
Training\dha\201.jpg,dha,Training
Training\dha\202.jpg,dha,Training
Training\dha\203.jpg,dha,Training
Training\dha\204.jpg,dha,Training
Training\dha\205.jpg,dha,Training
Training\dha\206.jpg,dha,Training
Training\dha\207.jpg,dha,Training
Training\dha\208.jpg,dha,Training
Training\dha\209.jpg,dha,Training
Training\dha\21.jpg,dha,Training
Training\dha\210.jpg,dha,Training
Training\dha\211.jpg,dha,Training
Training\dha\212.jpg,dha,Training
Training\dha\213.jpg,dha,Training
Training\dha\214.jpg,dha,Training
Training\dha\215.jpg,dha,Training
Training\dha\216.jpg,dha,Training
Training\dha\217.jpg,dha,Training
Training\dha\218.jpg,dha,Training
Training\dha\219.jpg,dha,Training
Training\dha\22.jpg,dha,Training
Training\dha\220.jpg,dha,Training
Training\dha\221.jpg,dha,Training
Training\dha\222.jpg,dha,Training
Training\dha\223.jpg,dha,Training
Training\dha\224.jpg,dha,Training
Training\dha\225.jpg,dha,Training
Training\dha\226.jpg,dha,Training
Training\dha\227.jpg,dha,Training
Training\dha\228.jpg,dha,Training
Training\dha\229.jpg,dha,Training
Training\dha\23.jpg,dha,Training
Training\dha\230.jpg,dha,Training
Training\dha\231.jpg,dha,Training
Training\dha\232.jpg,dha,Training
Training\dha\233.jpg,dha,Training
Training\dha\234.jpg,dha,Training
Training\dha\235.jpg,dha,Training
Training\dha\236.jpg,dha,Training
Training\dha\237.jpg,dha,Training
Training\dha\238.jpg,dha,Training
Training\dha\239.jpg,dha,Training
Training\dha\24.jpg,dha,Training
Training\dha\240.jpg,dha,Training
Training\dha\241.jpg,dha,Training
Training\dha\242.jpg,dha,Training
Training\dha\243.jpg,dha,Training
Training\dha\244.jpg,dha,Training
Training\dha\245.jpg,dha,Training
Training\dha\246.jpg,dha,Training
Training\dha\247.jpg,dha,Training
Training\dha\248.jpg,dha,Training
Training\dha\249.jpg,dha,Training
Training\dha\25.jpg,dha,Training
Training\dha\250.jpg,dha,Training
Training\dha\251.jpg,dha,Training
Training\dha\252.jpg,dha,Training
Training\dha\253.jpg,dha,Training
Training\dha\254.jpg,dha,Training
Training\dha\255.jpg,dha,Training
Training\dha\256.jpg,dha,Training
Training\dha\257.jpg,dha,Training
Training\dha\258.jpg,dha,Training
Training\dha\259.jpg,dha,Training
Training\dha\26.jpg,dha,Training
Training\dha\260.jpg,dha,Training
Training\dha\261.jpg,dha,Training
Training\dha\262.jpg,dha,Training
Training\dha\263.jpg,dha,Training
Training\dha\264.jpg,dha,Training
Training\dha\265.jpg,dha,Training
Training\dha\266.jpg,dha,Training
Training\dha\267.jpg,dha,Training
Training\dha\268.jpg,dha,Training
Training\dha\269.jpg,dha,Training
Training\dha\27.jpg,dha,Training
Training\dha\270.jpg,dha,Training
Training\dha\271.jpg,dha,Training
Training\dha\272.jpg,dha,Training
Training\dha\273.jpg,dha,Training
Training\dha\274.jpg,dha,Training
Training\dha\275.jpg,dha,Training
Training\dha\276.jpg,dha,Training
Training\dha\277.jpg,dha,Training
Training\dha\278.jpg,dha,Training
Training\dha\279.jpg,dha,Training
Training\dha\28.jpg,dha,Training
Training\dha\280.jpg,dha,Training
Training\dha\281.jpg,dha,Training
Training\dha\282.jpg,dha,Training
Training\dha\283.jpg,dha,Training
Training\dha\284.jpg,dha,Training
Training\dha\285.jpg,dha,Training
Training\dha\286.jpg,dha,Training
Training\dha\287.jpg,dha,Training
Training\dha\288.jpg,dha,Training
Training\dha\289.jpg,dha,Training
Training\dha\29.jpg,dha,Training
Training\dha\290.jpg,dha,Training
Training\dha\291.jpg,dha,Training
Training\dha\292.jpg,dha,Training
Training\dha\293.jpg,dha,Training
Training\dha\294.jpg,dha,Training
Training\dha\295.jpg,dha,Training
Training\dha\296.jpg,dha,Training
Training\dha\297.jpg,dha,Training
Training\dha\298.jpg,dha,Training
Training\dha\299.jpg,dha,Training
Training\dha\3.jpg,dha,Training
Training\dha\30.jpg,dha,Training
Training\dha\300.jpg,dha,Training
Training\dha\301.jpg,dha,Training
Training\dha\302.jpg,dha,Training
Training\dha\303.jpg,dha,Training
Training\dha\304.jpg,dha,Training
Training\dha\305.jpg,dha,Training
Training\dha\306.jpg,dha,Training
Training\dha\307.jpg,dha,Training
Training\dha\308.jpg,dha,Training
Training\dha\309.jpg,dha,Training
Training\dha\31.jpg,dha,Training
Training\dha\310.jpg,dha,Training
Training\dha\311.jpg,dha,Training
Training\dha\312.jpg,dha,Training
Training\dha\313.jpg,dha,Training
Training\dha\314.jpg,dha,Training
Training\dha\315.jpg,dha,Training
Training\dha\316.jpg,dha,Training
Training\dha\317.jpg,dha,Training
Training\dha\318.jpg,dha,Training
Training\dha\319.jpg,dha,Training
Training\dha\32.jpg,dha,Training
Training\dha\320.jpg,dha,Training
Training\dha\321.jpg,dha,Training
Training\dha\322.jpg,dha,Training
Training\dha\323.jpg,dha,Training
Training\dha\324.jpg,dha,Training
Training\dha\325.jpg,dha,Training
Training\dha\326.jpg,dha,Training
Training\dha\327.jpg,dha,Training
Training\dha\328.jpg,dha,Training
Training\dha\329.jpg,dha,Training
Training\dha\33.jpg,dha,Training
Training\dha\330.jpg,dha,Training
Training\dha\331.jpg,dha,Training
Training\dha\332.jpg,dha,Training
Training\dha\333.jpg,dha,Training
Training\dha\334.jpg,dha,Training
Training\dha\335.jpg,dha,Training
Training\dha\336.jpg,dha,Training
Training\dha\337.jpg,dha,Training
Training\dha\338.jpg,dha,Training
Training\dha\339.jpg,dha,Training
Training\dha\34.jpg,dha,Training
Training\dha\340.jpg,dha,Training
Training\dha\341.jpg,dha,Training
Training\dha\342.jpg,dha,Training
Training\dha\343.jpg,dha,Training
Training\dha\344.jpg,dha,Training
Training\dha\345.jpg,dha,Training
Training\dha\346.jpg,dha,Training
Training\dha\347.jpg,dha,Training
Training\dha\348.jpg,dha,Training
Training\dha\349.jpg,dha,Training
Training\dha\35.jpg,dha,Training
Training\dha\350.jpg,dha,Training
Training\dha\351.jpg,dha,Training
Training\dha\352.jpg,dha,Training
Training\dha\353.jpg,dha,Training
Training\dha\354.jpg,dha,Training
Training\dha\355.jpg,dha,Training
Training\dha\356.jpg,dha,Training
Training\dha\357.jpg,dha,Training
Training\dha\358.jpg,dha,Training
Training\dha\359.jpg,dha,Training
Training\dha\36.jpg,dha,Training
Training\dha\360.jpg,dha,Training
Training\dha\361.jpg,dha,Training
Training\dha\362.jpg,dha,Training
Training\dha\363.jpg,dha,Training
Training\dha\364.jpg,dha,Training
Training\dha\365.jpg,dha,Training
Training\dha\366.jpg,dha,Training
Training\dha\367.jpg,dha,Training
Training\dha\368.jpg,dha,Training
Training\dha\369.jpg,dha,Training
Training\dha\37.jpg,dha,Training
Training\dha\370.jpg,dha,Training
Training\dha\371.jpg,dha,Training
Training\dha\372.jpg,dha,Training
Training\dha\373.jpg,dha,Training
Training\dha\374.jpg,dha,Training
Training\dha\375.jpg,dha,Training
Training\dha\376.jpg,dha,Training
Training\dha\377.jpg,dha,Training
Training\dha\378.jpg,dha,Training
Training\dha\379.jpg,dha,Training
Training\dha\38.jpg,dha,Training
Training\dha\380.jpg,dha,Training
Training\dha\381.jpg,dha,Training
Training\dha\382.jpg,dha,Training
Training\dha\383.jpg,dha,Training
Training\dha\384.jpg,dha,Training
Training\dha\385.jpg,dha,Training
Training\dha\386.jpg,dha,Training
Training\dha\387.jpg,dha,Training
Training\dha\388.jpg,dha,Training
Training\dha\389.jpg,dha,Training
Training\dha\39.jpg,dha,Training
Training\dha\390.jpg,dha,Training
Training\dha\391.jpg,dha,Training
Training\dha\392.jpg,dha,Training
Training\dha\393.jpg,dha,Training
Training\dha\394.jpg,dha,Training
Training\dha\395.jpg,dha,Training
Training\dha\396.jpg,dha,Training
Training\dha\397.jpg,dha,Training
Training\dha\398.jpg,dha,Training
Training\dha\399.jpg,dha,Training
Training\dha\4.jpg,dha,Training
Training\dha\40.jpg,dha,Training
Training\dha\400.jpg,dha,Training
Training\dha\401.jpg,dha,Training
Training\dha\402.jpg,dha,Training
Training\dha\403.jpg,dha,Training
Training\dha\404.jpg,dha,Training
Training\dha\405.jpg,dha,Training
Training\dha\406.jpg,dha,Training
Training\dha\407.jpg,dha,Training
Training\dha\408.jpg,dha,Training
Training\dha\409.jpg,dha,Training
Training\dha\41.jpg,dha,Training
Training\dha\410.jpg,dha,Training
Training\dha\411.jpg,dha,Training
Training\dha\412.jpg,dha,Training
Training\dha\413.jpg,dha,Training
Training\dha\414.jpg,dha,Training
Training\dha\415.jpg,dha,Training
Training\dha\416.jpg,dha,Training
Training\dha\417.jpg,dha,Training
Training\dha\418.jpg,dha,Training
Training\dha\419.jpg,dha,Training
Training\dha\42.jpg,dha,Training
Training\dha\420.jpg,dha,Training
Training\dha\43.jpg,dha,Training
Training\dha\44.jpg,dha,Training
Training\dha\45.jpg,dha,Training
Training\dha\46.jpg,dha,Training
Training\dha\47.jpg,dha,Training
Training\dha\48.jpg,dha,Training
Training\dha\49.jpg,dha,Training
Training\dha\5.jpg,dha,Training
Training\dha\50.jpg,dha,Training
Training\dha\51.jpg,dha,Training
Training\dha\52.jpg,dha,Training
Training\dha\53.jpg,dha,Training
Training\dha\54.jpg,dha,Training
Training\dha\55.jpg,dha,Training
Training\dha\56.jpg,dha,Training
Training\dha\57.jpg,dha,Training
Training\dha\58.jpg,dha,Training
Training\dha\59.jpg,dha,Training
Training\dha\6.jpg,dha,Training
Training\dha\60.jpg,dha,Training
Training\dha\61.jpg,dha,Training
Training\dha\62.jpg,dha,Training
Training\dha\63.jpg,dha,Training
Training\dha\64.jpg,dha,Training
Training\dha\65.jpg,dha,Training
Training\dha\66.jpg,dha,Training
Training\dha\67.jpg,dha,Training
Training\dha\68.jpg,dha,Training
Training\dha\69.jpg,dha,Training
Training\dha\7.jpg,dha,Training
Training\dha\70.jpg,dha,Training
Training\dha\71.jpg,dha,Training
Training\dha\72.jpg,dha,Training
Training\dha\73.jpg,dha,Training
Training\dha\74.jpg,dha,Training
Training\dha\75.jpg,dha,Training
Training\dha\76.jpg,dha,Training
Training\dha\77.jpg,dha,Training
Training\dha\78.jpg,dha,Training
Training\dha\79.jpg,dha,Training
Training\dha\8.jpg,dha,Training
Training\dha\80.jpg,dha,Training
Training\dha\81.jpg,dha,Training
Training\dha\82.jpg,dha,Training
Training\dha\83.jpg,dha,Training
Training\dha\84.jpg,dha,Training
Training\dha\85.jpg,dha,Training
Training\dha\86.jpg,dha,Training
Training\dha\87.jpg,dha,Training
Training\dha\88.jpg,dha,Training
Training\dha\89.jpg,dha,Training
Training\dha\9.jpg,dha,Training
Training\dha\90.jpg,dha,Training
Training\dha\91.jpg,dha,Training
Training\dha\92.jpg,dha,Training
Training\dha\93.jpg,dha,Training
Training\dha\94.jpg,dha,Training
Training\dha\95.jpg,dha,Training
Training\dha\96.jpg,dha,Training
Training\dha\97.jpg,dha,Training
Training\dha\98.jpg,dha,Training
Training\dha\99.jpg,dha,Training
Training\dhe\1.jpg,dhe,Training
Training\dhe\10.jpg,dhe,Training
Training\dhe\100.jpg,dhe,Training
Training\dhe\101.jpg,dhe,Training
Training\dhe\102.jpg,dhe,Training
Training\dhe\103.jpg,dhe,Training
Training\dhe\104.jpg,dhe,Training
Training\dhe\105.jpg,dhe,Training
Training\dhe\106.jpg,dhe,Training
Training\dhe\107.jpg,dhe,Training
Training\dhe\108.jpg,dhe,Training
Training\dhe\109.jpg,dhe,Training
Training\dhe\11.jpg,dhe,Training
Training\dhe\110.jpg,dhe,Training
Training\dhe\111.jpg,dhe,Training
Training\dhe\112.jpg,dhe,Training
Training\dhe\113.jpg,dhe,Training
Training\dhe\114.jpg,dhe,Training
Training\dhe\115.jpg,dhe,Training
Training\dhe\116.jpg,dhe,Training
Training\dhe\117.jpg,dhe,Training
Training\dhe\118.jpg,dhe,Training
Training\dhe\119.jpg,dhe,Training
Training\dhe\12.jpg,dhe,Training
Training\dhe\120.jpg,dhe,Training
Training\dhe\121.jpg,dhe,Training
Training\dhe\122.jpg,dhe,Training
Training\dhe\123.jpg,dhe,Training
Training\dhe\124.jpg,dhe,Training
Training\dhe\125.jpg,dhe,Training
Training\dhe\126.jpg,dhe,Training
Training\dhe\127.jpg,dhe,Training
Training\dhe\128.jpg,dhe,Training
Training\dhe\129.jpg,dhe,Training
Training\dhe\13.jpg,dhe,Training
Training\dhe\130.jpg,dhe,Training
Training\dhe\131.jpg,dhe,Training
Training\dhe\132.jpg,dhe,Training
Training\dhe\133.jpg,dhe,Training
Training\dhe\134.jpg,dhe,Training
Training\dhe\135.jpg,dhe,Training
Training\dhe\136.jpg,dhe,Training
Training\dhe\137.jpg,dhe,Training
Training\dhe\138.jpg,dhe,Training
Training\dhe\139.jpg,dhe,Training
Training\dhe\14.jpg,dhe,Training
Training\dhe\140.jpg,dhe,Training
Training\dhe\141.jpg,dhe,Training
Training\dhe\142.jpg,dhe,Training
Training\dhe\143.jpg,dhe,Training
Training\dhe\144.jpg,dhe,Training
Training\dhe\145.jpg,dhe,Training
Training\dhe\146.jpg,dhe,Training
Training\dhe\147.jpg,dhe,Training
Training\dhe\148.jpg,dhe,Training
Training\dhe\149.jpg,dhe,Training
Training\dhe\15.jpg,dhe,Training
Training\dhe\150.jpg,dhe,Training
Training\dhe\151.jpg,dhe,Training
Training\dhe\152.jpg,dhe,Training
Training\dhe\153.jpg,dhe,Training
Training\dhe\154.jpg,dhe,Training
Training\dhe\155.jpg,dhe,Training
Training\dhe\156.jpg,dhe,Training
Training\dhe\157.jpg,dhe,Training
Training\dhe\158.jpg,dhe,Training
Training\dhe\159.jpg,dhe,Training
Training\dhe\16.jpg,dhe,Training
Training\dhe\160.jpg,dhe,Training
Training\dhe\161.jpg,dhe,Training
Training\dhe\162.jpg,dhe,Training
Training\dhe\163.jpg,dhe,Training
Training\dhe\164.jpg,dhe,Training
Training\dhe\165.jpg,dhe,Training
Training\dhe\166.jpg,dhe,Training
Training\dhe\167.jpg,dhe,Training
Training\dhe\168.jpg,dhe,Training
Training\dhe\169.jpg,dhe,Training
Training\dhe\17.jpg,dhe,Training
Training\dhe\170.jpg,dhe,Training
Training\dhe\171.jpg,dhe,Training
Training\dhe\172.jpg,dhe,Training
Training\dhe\173.jpg,dhe,Training
Training\dhe\174.jpg,dhe,Training
Training\dhe\175.jpg,dhe,Training
Training\dhe\176.jpg,dhe,Training
Training\dhe\177.jpg,dhe,Training
Training\dhe\178.jpg,dhe,Training
Training\dhe\179.jpg,dhe,Training
Training\dhe\18.jpg,dhe,Training
Training\dhe\180.jpg,dhe,Training
Training\dhe\181.jpg,dhe,Training
Training\dhe\182.jpg,dhe,Training
Training\dhe\183.jpg,dhe,Training
Training\dhe\184.jpg,dhe,Training
Training\dhe\185.jpg,dhe,Training
Training\dhe\186.jpg,dhe,Training
Training\dhe\187.jpg,dhe,Training
Training\dhe\188.jpg,dhe,Training
Training\dhe\189.jpg,dhe,Training
Training\dhe\19.jpg,dhe,Training
Training\dhe\190.jpg,dhe,Training
Training\dhe\191.jpg,dhe,Training
Training\dhe\192.jpg,dhe,Training
Training\dhe\193.jpg,dhe,Training
Training\dhe\194.jpg,dhe,Training
Training\dhe\195.jpg,dhe,Training
Training\dhe\196.jpg,dhe,Training
Training\dhe\197.jpg,dhe,Training
Training\dhe\198.jpg,dhe,Training
Training\dhe\199.jpg,dhe,Training
Training\dhe\2.jpg,dhe,Training
Training\dhe\20.jpg,dhe,Training
Training\dhe\200.jpg,dhe,Training
Training\dhe\201.jpg,dhe,Training
Training\dhe\202.jpg,dhe,Training
Training\dhe\203.jpg,dhe,Training
Training\dhe\204.jpg,dhe,Training
Training\dhe\205.jpg,dhe,Training
Training\dhe\206.jpg,dhe,Training
Training\dhe\207.jpg,dhe,Training
Training\dhe\208.jpg,dhe,Training
Training\dhe\209.jpg,dhe,Training
Training\dhe\21.jpg,dhe,Training
Training\dhe\210.jpg,dhe,Training
Training\dhe\211.jpg,dhe,Training
Training\dhe\212.jpg,dhe,Training
Training\dhe\213.jpg,dhe,Training
Training\dhe\214.jpg,dhe,Training
Training\dhe\215.jpg,dhe,Training
Training\dhe\216.jpg,dhe,Training
Training\dhe\217.jpg,dhe,Training
Training\dhe\218.jpg,dhe,Training
Training\dhe\219.jpg,dhe,Training
Training\dhe\22.jpg,dhe,Training
Training\dhe\220.jpg,dhe,Training
Training\dhe\221.jpg,dhe,Training
Training\dhe\222.jpg,dhe,Training
Training\dhe\223.jpg,dhe,Training
Training\dhe\224.jpg,dhe,Training
Training\dhe\225.jpg,dhe,Training
Training\dhe\226.jpg,dhe,Training
Training\dhe\227.jpg,dhe,Training
Training\dhe\228.jpg,dhe,Training
Training\dhe\229.jpg,dhe,Training
Training\dhe\23.jpg,dhe,Training
Training\dhe\230.jpg,dhe,Training
Training\dhe\231.jpg,dhe,Training
Training\dhe\232.jpg,dhe,Training
Training\dhe\233.jpg,dhe,Training
Training\dhe\234.jpg,dhe,Training
Training\dhe\235.jpg,dhe,Training
Training\dhe\236.jpg,dhe,Training
Training\dhe\237.jpg,dhe,Training
Training\dhe\238.jpg,dhe,Training
Training\dhe\239.jpg,dhe,Training
Training\dhe\24.jpg,dhe,Training
Training\dhe\240.jpg,dhe,Training
Training\dhe\241.jpg,dhe,Training
Training\dhe\242.jpg,dhe,Training
Training\dhe\243.jpg,dhe,Training
Training\dhe\244.jpg,dhe,Training
Training\dhe\245.jpg,dhe,Training
Training\dhe\246.jpg,dhe,Training
Training\dhe\247.jpg,dhe,Training
Training\dhe\248.jpg,dhe,Training
Training\dhe\249.jpg,dhe,Training
Training\dhe\25.jpg,dhe,Training
Training\dhe\250.jpg,dhe,Training
Training\dhe\251.jpg,dhe,Training
Training\dhe\252.jpg,dhe,Training
Training\dhe\253.jpg,dhe,Training
Training\dhe\254.jpg,dhe,Training
Training\dhe\255.jpg,dhe,Training
Training\dhe\256.jpg,dhe,Training
Training\dhe\257.jpg,dhe,Training
Training\dhe\258.jpg,dhe,Training
Training\dhe\259.jpg,dhe,Training
Training\dhe\26.jpg,dhe,Training
Training\dhe\260.jpg,dhe,Training
Training\dhe\261.jpg,dhe,Training
Training\dhe\262.jpg,dhe,Training
Training\dhe\263.jpg,dhe,Training
Training\dhe\264.jpg,dhe,Training
Training\dhe\265.jpg,dhe,Training
Training\dhe\266.jpg,dhe,Training
Training\dhe\267.jpg,dhe,Training
Training\dhe\268.jpg,dhe,Training
Training\dhe\269.jpg,dhe,Training
Training\dhe\27.jpg,dhe,Training
Training\dhe\270.jpg,dhe,Training
Training\dhe\271.jpg,dhe,Training
Training\dhe\272.jpg,dhe,Training
Training\dhe\273.jpg,dhe,Training
Training\dhe\274.jpg,dhe,Training
Training\dhe\275.jpg,dhe,Training
Training\dhe\276.jpg,dhe,Training
Training\dhe\277.jpg,dhe,Training
Training\dhe\278.jpg,dhe,Training
Training\dhe\279.jpg,dhe,Training
Training\dhe\28.jpg,dhe,Training
Training\dhe\280.jpg,dhe,Training
Training\dhe\281.jpg,dhe,Training
Training\dhe\282.jpg,dhe,Training
Training\dhe\283.jpg,dhe,Training
Training\dhe\284.jpg,dhe,Training
Training\dhe\285.jpg,dhe,Training
Training\dhe\286.jpg,dhe,Training
Training\dhe\287.jpg,dhe,Training
Training\dhe\288.jpg,dhe,Training
Training\dhe\289.jpg,dhe,Training
Training\dhe\29.jpg,dhe,Training
Training\dhe\290.jpg,dhe,Training
Training\dhe\291.jpg,dhe,Training
Training\dhe\292.jpg,dhe,Training
Training\dhe\293.jpg,dhe,Training
Training\dhe\294.jpg,dhe,Training
Training\dhe\295.jpg,dhe,Training
Training\dhe\296.jpg,dhe,Training
Training\dhe\297.jpg,dhe,Training
Training\dhe\298.jpg,dhe,Training
Training\dhe\299.jpg,dhe,Training
Training\dhe\3.jpg,dhe,Training
Training\dhe\30.jpg,dhe,Training
Training\dhe\300.jpg,dhe,Training
Training\dhe\301.jpg,dhe,Training
Training\dhe\302.jpg,dhe,Training
Training\dhe\303.jpg,dhe,Training
Training\dhe\304.jpg,dhe,Training
Training\dhe\305.jpg,dhe,Training
Training\dhe\306.jpg,dhe,Training
Training\dhe\307.jpg,dhe,Training
Training\dhe\308.jpg,dhe,Training
Training\dhe\309.jpg,dhe,Training
Training\dhe\31.jpg,dhe,Training
Training\dhe\310.jpg,dhe,Training
Training\dhe\311.jpg,dhe,Training
Training\dhe\312.jpg,dhe,Training
Training\dhe\313.jpg,dhe,Training
Training\dhe\314.jpg,dhe,Training
Training\dhe\315.jpg,dhe,Training
Training\dhe\316.jpg,dhe,Training
Training\dhe\317.jpg,dhe,Training
Training\dhe\318.jpg,dhe,Training
Training\dhe\319.jpg,dhe,Training
Training\dhe\32.jpg,dhe,Training
Training\dhe\320.jpg,dhe,Training
Training\dhe\321.jpg,dhe,Training
Training\dhe\322.jpg,dhe,Training
Training\dhe\323.jpg,dhe,Training
Training\dhe\324.jpg,dhe,Training
Training\dhe\325.jpg,dhe,Training
Training\dhe\326.jpg,dhe,Training
Training\dhe\327.jpg,dhe,Training
Training\dhe\328.jpg,dhe,Training
Training\dhe\329.jpg,dhe,Training
Training\dhe\33.jpg,dhe,Training
Training\dhe\330.jpg,dhe,Training
Training\dhe\331.jpg,dhe,Training
Training\dhe\332.jpg,dhe,Training
Training\dhe\333.jpg,dhe,Training
Training\dhe\334.jpg,dhe,Training
Training\dhe\335.jpg,dhe,Training
Training\dhe\336.jpg,dhe,Training
Training\dhe\337.jpg,dhe,Training
Training\dhe\338.jpg,dhe,Training
Training\dhe\339.jpg,dhe,Training
Training\dhe\34.jpg,dhe,Training
Training\dhe\340.jpg,dhe,Training
Training\dhe\341.jpg,dhe,Training
Training\dhe\342.jpg,dhe,Training
Training\dhe\343.jpg,dhe,Training
Training\dhe\344.jpg,dhe,Training
Training\dhe\345.jpg,dhe,Training
Training\dhe\346.jpg,dhe,Training
Training\dhe\347.jpg,dhe,Training
Training\dhe\348.jpg,dhe,Training
Training\dhe\349.jpg,dhe,Training
Training\dhe\35.jpg,dhe,Training
Training\dhe\350.jpg,dhe,Training
Training\dhe\351.jpg,dhe,Training
Training\dhe\352.jpg,dhe,Training
Training\dhe\353.jpg,dhe,Training
Training\dhe\354.jpg,dhe,Training
Training\dhe\355.jpg,dhe,Training
Training\dhe\356.jpg,dhe,Training
Training\dhe\357.jpg,dhe,Training
Training\dhe\358.jpg,dhe,Training
Training\dhe\359.jpg,dhe,Training
Training\dhe\36.jpg,dhe,Training
Training\dhe\360.jpg,dhe,Training
Training\dhe\361.jpg,dhe,Training
Training\dhe\362.jpg,dhe,Training
Training\dhe\363.jpg,dhe,Training
Training\dhe\364.jpg,dhe,Training
Training\dhe\365.jpg,dhe,Training
Training\dhe\366.jpg,dhe,Training
Training\dhe\367.jpg,dhe,Training
Training\dhe\368.jpg,dhe,Training
Training\dhe\369.jpg,dhe,Training
Training\dhe\37.jpg,dhe,Training
Training\dhe\370.jpg,dhe,Training
Training\dhe\371.jpg,dhe,Training
Training\dhe\372.jpg,dhe,Training
Training\dhe\373.jpg,dhe,Training
Training\dhe\374.jpg,dhe,Training
Training\dhe\375.jpg,dhe,Training
Training\dhe\376.jpg,dhe,Training
Training\dhe\377.jpg,dhe,Training
Training\dhe\378.jpg,dhe,Training
Training\dhe\379.jpg,dhe,Training
Training\dhe\38.jpg,dhe,Training
Training\dhe\380.jpg,dhe,Training
Training\dhe\381.jpg,dhe,Training
Training\dhe\382.jpg,dhe,Training
Training\dhe\383.jpg,dhe,Training
Training\dhe\384.jpg,dhe,Training
Training\dhe\385.jpg,dhe,Training
Training\dhe\386.jpg,dhe,Training
Training\dhe\387.jpg,dhe,Training
Training\dhe\388.jpg,dhe,Training
Training\dhe\389.jpg,dhe,Training
Training\dhe\39.jpg,dhe,Training
Training\dhe\390.jpg,dhe,Training
Training\dhe\391.jpg,dhe,Training
Training\dhe\392.jpg,dhe,Training
Training\dhe\393.jpg,dhe,Training
Training\dhe\394.jpg,dhe,Training
Training\dhe\395.jpg,dhe,Training
Training\dhe\396.jpg,dhe,Training
Training\dhe\397.jpg,dhe,Training
Training\dhe\398.jpg,dhe,Training
Training\dhe\399.jpg,dhe,Training
Training\dhe\4.jpg,dhe,Training
Training\dhe\40.jpg,dhe,Training
Training\dhe\400.jpg,dhe,Training
Training\dhe\401.jpg,dhe,Training
Training\dhe\402.jpg,dhe,Training
Training\dhe\403.jpg,dhe,Training
Training\dhe\404.jpg,dhe,Training
Training\dhe\405.jpg,dhe,Training
Training\dhe\406.jpg,dhe,Training
Training\dhe\407.jpg,dhe,Training
Training\dhe\408.jpg,dhe,Training
Training\dhe\409.jpg,dhe,Training
Training\dhe\41.jpg,dhe,Training
Training\dhe\410.jpg,dhe,Training
Training\dhe\411.jpg,dhe,Training
Training\dhe\412.jpg,dhe,Training
Training\dhe\413.jpg,dhe,Training
Training\dhe\414.jpg,dhe,Training
Training\dhe\415.jpg,dhe,Training
Training\dhe\416.jpg,dhe,Training
Training\dhe\417.jpg,dhe,Training
Training\dhe\418.jpg,dhe,Training
Training\dhe\419.jpg,dhe,Training
Training\dhe\42.jpg,dhe,Training
Training\dhe\420.jpg,dhe,Training
Training\dhe\43.jpg,dhe,Training
Training\dhe\44.jpg,dhe,Training
Training\dhe\45.jpg,dhe,Training
Training\dhe\46.jpg,dhe,Training
Training\dhe\47.jpg,dhe,Training
Training\dhe\48.jpg,dhe,Training
Training\dhe\49.jpg,dhe,Training
Training\dhe\5.jpg,dhe,Training
Training\dhe\50.jpg,dhe,Training
Training\dhe\51.jpg,dhe,Training
Training\dhe\52.jpg,dhe,Training
Training\dhe\53.jpg,dhe,Training
Training\dhe\54.jpg,dhe,Training
Training\dhe\55.jpg,dhe,Training
Training\dhe\56.jpg,dhe,Training
Training\dhe\57.jpg,dhe,Training
Training\dhe\58.jpg,dhe,Training
Training\dhe\59.jpg,dhe,Training
Training\dhe\6.jpg,dhe,Training
Training\dhe\60.jpg,dhe,Training
Training\dhe\61.jpg,dhe,Training
Training\dhe\62.jpg,dhe,Training
Training\dhe\63.jpg,dhe,Training
Training\dhe\64.jpg,dhe,Training
Training\dhe\65.jpg,dhe,Training
Training\dhe\66.jpg,dhe,Training
Training\dhe\67.jpg,dhe,Training
Training\dhe\68.jpg,dhe,Training
Training\dhe\69.jpg,dhe,Training
Training\dhe\7.jpg,dhe,Training
Training\dhe\70.jpg,dhe,Training
Training\dhe\71.jpg,dhe,Training
Training\dhe\72.jpg,dhe,Training
Training\dhe\73.jpg,dhe,Training
Training\dhe\74.jpg,dhe,Training
Training\dhe\75.jpg,dhe,Training
Training\dhe\76.jpg,dhe,Training
Training\dhe\77.jpg,dhe,Training
Training\dhe\78.jpg,dhe,Training
Training\dhe\79.jpg,dhe,Training
Training\dhe\8.jpg,dhe,Training
Training\dhe\80.jpg,dhe,Training
Training\dhe\81.jpg,dhe,Training
Training\dhe\82.jpg,dhe,Training
Training\dhe\83.jpg,dhe,Training
Training\dhe\84.jpg,dhe,Training
Training\dhe\85.jpg,dhe,Training
Training\dhe\86.jpg,dhe,Training
Training\dhe\87.jpg,dhe,Training
Training\dhe\88.jpg,dhe,Training
Training\dhe\89.jpg,dhe,Training
Training\dhe\9.jpg,dhe,Training
Training\dhe\90.jpg,dhe,Training
Training\dhe\91.jpg,dhe,Training
Training\dhe\92.jpg,dhe,Training
Training\dhe\93.jpg,dhe,Training
Training\dhe\94.jpg,dhe,Training
Training\dhe\95.jpg,dhe,Training
Training\dhe\96.jpg,dhe,Training
Training\dhe\97.jpg,dhe,Training
Training\dhe\98.jpg,dhe,Training
Training\dhe\99.jpg,dhe,Training
Training\e\1.jpg,e,Training
Training\e\10.jpg,e,Training
Training\e\100.jpg,e,Training
Training\e\101.jpg,e,Training
Training\e\102.jpg,e,Training
Training\e\103.jpg,e,Training
Training\e\104.jpg,e,Training
Training\e\105.jpg,e,Training
Training\e\106.jpg,e,Training
Training\e\107.jpg,e,Training
Training\e\108.jpg,e,Training
Training\e\109.jpg,e,Training
Training\e\11.jpg,e,Training
Training\e\110.jpg,e,Training
Training\e\111.jpg,e,Training
Training\e\112.jpg,e,Training
Training\e\113.jpg,e,Training
Training\e\114.jpg,e,Training
Training\e\115.jpg,e,Training
Training\e\116.jpg,e,Training
Training\e\117.jpg,e,Training
Training\e\118.jpg,e,Training
Training\e\119.jpg,e,Training
Training\e\12.jpg,e,Training
Training\e\120.jpg,e,Training
Training\e\121.jpg,e,Training
Training\e\122.jpg,e,Training
Training\e\123.jpg,e,Training
Training\e\124.jpg,e,Training
Training\e\125.jpg,e,Training
Training\e\126.jpg,e,Training
Training\e\127.jpg,e,Training
Training\e\128.jpg,e,Training
Training\e\129.jpg,e,Training
Training\e\13.jpg,e,Training
Training\e\130.jpg,e,Training
Training\e\131.jpg,e,Training
Training\e\132.jpg,e,Training
Training\e\133.jpg,e,Training
Training\e\134.jpg,e,Training
Training\e\135.jpg,e,Training
Training\e\136.jpg,e,Training
Training\e\137.jpg,e,Training
Training\e\138.jpg,e,Training
Training\e\139.jpg,e,Training
Training\e\14.jpg,e,Training
Training\e\140.jpg,e,Training
Training\e\141.jpg,e,Training
Training\e\142.jpg,e,Training
Training\e\143.jpg,e,Training
Training\e\144.jpg,e,Training
Training\e\145.jpg,e,Training
Training\e\146.jpg,e,Training
Training\e\147.jpg,e,Training
Training\e\148.jpg,e,Training
Training\e\149.jpg,e,Training
Training\e\15.jpg,e,Training
Training\e\150.jpg,e,Training
Training\e\151.jpg,e,Training
Training\e\152.jpg,e,Training
Training\e\153.jpg,e,Training
Training\e\154.jpg,e,Training
Training\e\155.jpg,e,Training
Training\e\156.jpg,e,Training
Training\e\157.jpg,e,Training
Training\e\158.jpg,e,Training
Training\e\159.jpg,e,Training
Training\e\16.jpg,e,Training
Training\e\160.jpg,e,Training
Training\e\161.jpg,e,Training
Training\e\162.jpg,e,Training
Training\e\163.jpg,e,Training
Training\e\164.jpg,e,Training
Training\e\165.jpg,e,Training
Training\e\166.jpg,e,Training
Training\e\167.jpg,e,Training
Training\e\168.jpg,e,Training
Training\e\169.jpg,e,Training
Training\e\17.jpg,e,Training
Training\e\170.jpg,e,Training
Training\e\171.jpg,e,Training
Training\e\172.jpg,e,Training
Training\e\173.jpg,e,Training
Training\e\174.jpg,e,Training
Training\e\175.jpg,e,Training
Training\e\176.jpg,e,Training
Training\e\177.jpg,e,Training
Training\e\178.jpg,e,Training
Training\e\179.jpg,e,Training
Training\e\18.jpg,e,Training
Training\e\180.jpg,e,Training
Training\e\181.jpg,e,Training
Training\e\182.jpg,e,Training
Training\e\183.jpg,e,Training
Training\e\184.jpg,e,Training
Training\e\185.jpg,e,Training
Training\e\186.jpg,e,Training
Training\e\187.jpg,e,Training
Training\e\188.jpg,e,Training
Training\e\189.jpg,e,Training
Training\e\19.jpg,e,Training
Training\e\190.jpg,e,Training
Training\e\191.jpg,e,Training
Training\e\192.jpg,e,Training
Training\e\193.jpg,e,Training
Training\e\194.jpg,e,Training
Training\e\195.jpg,e,Training
Training\e\196.jpg,e,Training
Training\e\197.jpg,e,Training
Training\e\198.jpg,e,Training
Training\e\199.jpg,e,Training
Training\e\2.jpg,e,Training
Training\e\20.jpg,e,Training
Training\e\200.jpg,e,Training
Training\e\201.jpg,e,Training
Training\e\202.jpg,e,Training
Training\e\203.jpg,e,Training
Training\e\204.jpg,e,Training
Training\e\205.jpg,e,Training
Training\e\206.jpg,e,Training
Training\e\207.jpg,e,Training
Training\e\208.jpg,e,Training
Training\e\209.jpg,e,Training
Training\e\21.jpg,e,Training
Training\e\210.jpg,e,Training
Training\e\211.jpg,e,Training
Training\e\212.jpg,e,Training
Training\e\213.jpg,e,Training
Training\e\214.jpg,e,Training
Training\e\215.jpg,e,Training
Training\e\216.jpg,e,Training
Training\e\217.jpg,e,Training
Training\e\218.jpg,e,Training
Training\e\219.jpg,e,Training
Training\e\22.jpg,e,Training
Training\e\220.jpg,e,Training
Training\e\221.jpg,e,Training
Training\e\222.jpg,e,Training
Training\e\223.jpg,e,Training
Training\e\224.jpg,e,Training
Training\e\225.jpg,e,Training
Training\e\226.jpg,e,Training
Training\e\227.jpg,e,Training
Training\e\228.jpg,e,Training
Training\e\229.jpg,e,Training
Training\e\23.jpg,e,Training
Training\e\230.jpg,e,Training
Training\e\231.jpg,e,Training
Training\e\232.jpg,e,Training
Training\e\233.jpg,e,Training
Training\e\234.jpg,e,Training
Training\e\235.jpg,e,Training
Training\e\236.jpg,e,Training
Training\e\237.jpg,e,Training
Training\e\238.jpg,e,Training
Training\e\239.jpg,e,Training
Training\e\24.jpg,e,Training
Training\e\240.jpg,e,Training
Training\e\241.jpg,e,Training
Training\e\242.jpg,e,Training
Training\e\243.jpg,e,Training
Training\e\244.jpg,e,Training
Training\e\245.jpg,e,Training
Training\e\246.jpg,e,Training
Training\e\247.jpg,e,Training
Training\e\248.jpg,e,Training
Training\e\249.jpg,e,Training
Training\e\25.jpg,e,Training
Training\e\250.jpg,e,Training
Training\e\251.jpg,e,Training
Training\e\252.jpg,e,Training
Training\e\253.jpg,e,Training
Training\e\254.jpg,e,Training
Training\e\255.jpg,e,Training
Training\e\256.jpg,e,Training
Training\e\257.jpg,e,Training
Training\e\258.jpg,e,Training
Training\e\259.jpg,e,Training
Training\e\26.jpg,e,Training
Training\e\260.jpg,e,Training
Training\e\261.jpg,e,Training
Training\e\262.jpg,e,Training
Training\e\263.jpg,e,Training
Training\e\264.jpg,e,Training
Training\e\265.jpg,e,Training
Training\e\266.jpg,e,Training
Training\e\267.jpg,e,Training
Training\e\268.jpg,e,Training
Training\e\269.jpg,e,Training
Training\e\27.jpg,e,Training
Training\e\270.jpg,e,Training
Training\e\271.jpg,e,Training
Training\e\272.jpg,e,Training
Training\e\273.jpg,e,Training
Training\e\274.jpg,e,Training
Training\e\275.jpg,e,Training
Training\e\276.jpg,e,Training
Training\e\277.jpg,e,Training
Training\e\278.jpg,e,Training
Training\e\279.jpg,e,Training
Training\e\28.jpg,e,Training
Training\e\280.jpg,e,Training
Training\e\281.jpg,e,Training
Training\e\282.jpg,e,Training
Training\e\283.jpg,e,Training
Training\e\284.jpg,e,Training
Training\e\285.jpg,e,Training
Training\e\286.jpg,e,Training
Training\e\287.jpg,e,Training
Training\e\288.jpg,e,Training
Training\e\289.jpg,e,Training
Training\e\29.jpg,e,Training
Training\e\290.jpg,e,Training
Training\e\291.jpg,e,Training
Training\e\292.jpg,e,Training
Training\e\293.jpg,e,Training
Training\e\294.jpg,e,Training
Training\e\295.jpg,e,Training
Training\e\296.jpg,e,Training
Training\e\297.jpg,e,Training
Training\e\298.jpg,e,Training
Training\e\299.jpg,e,Training
Training\e\3.jpg,e,Training
Training\e\30.jpg,e,Training
Training\e\300.jpg,e,Training
Training\e\301.jpg,e,Training
Training\e\302.jpg,e,Training
Training\e\303.jpg,e,Training
Training\e\304.jpg,e,Training
Training\e\305.jpg,e,Training
Training\e\306.jpg,e,Training
Training\e\307.jpg,e,Training
Training\e\308.jpg,e,Training
Training\e\309.jpg,e,Training
Training\e\31.jpg,e,Training
Training\e\310.jpg,e,Training
Training\e\311.jpg,e,Training
Training\e\312.jpg,e,Training
Training\e\313.jpg,e,Training
Training\e\314.jpg,e,Training
Training\e\315.jpg,e,Training
Training\e\316.jpg,e,Training
Training\e\317.jpg,e,Training
Training\e\318.jpg,e,Training
Training\e\319.jpg,e,Training
Training\e\32.jpg,e,Training
Training\e\320.jpg,e,Training
Training\e\321.jpg,e,Training
Training\e\322.jpg,e,Training
Training\e\323.jpg,e,Training
Training\e\324.jpg,e,Training
Training\e\325.jpg,e,Training
Training\e\326.jpg,e,Training
Training\e\327.jpg,e,Training
Training\e\328.jpg,e,Training
Training\e\329.jpg,e,Training
Training\e\33.jpg,e,Training
Training\e\330.jpg,e,Training
Training\e\331.jpg,e,Training
Training\e\332.jpg,e,Training
Training\e\333.jpg,e,Training
Training\e\334.jpg,e,Training
Training\e\335.jpg,e,Training
Training\e\336.jpg,e,Training
Training\e\337.jpg,e,Training
Training\e\338.jpg,e,Training
Training\e\339.jpg,e,Training
Training\e\34.jpg,e,Training
Training\e\340.jpg,e,Training
Training\e\341.jpg,e,Training
Training\e\342.jpg,e,Training
Training\e\343.jpg,e,Training
Training\e\344.jpg,e,Training
Training\e\345.jpg,e,Training
Training\e\346.jpg,e,Training
Training\e\347.jpg,e,Training
Training\e\348.jpg,e,Training
Training\e\349.jpg,e,Training
Training\e\35.jpg,e,Training
Training\e\350.jpg,e,Training
Training\e\351.jpg,e,Training
Training\e\352.jpg,e,Training
Training\e\353.jpg,e,Training
Training\e\354.jpg,e,Training
Training\e\355.jpg,e,Training
Training\e\356.jpg,e,Training
Training\e\357.jpg,e,Training
Training\e\358.jpg,e,Training
Training\e\359.jpg,e,Training
Training\e\36.jpg,e,Training
Training\e\360.jpg,e,Training
Training\e\361.jpg,e,Training
Training\e\362.jpg,e,Training
Training\e\363.jpg,e,Training
Training\e\364.jpg,e,Training
Training\e\365.jpg,e,Training
Training\e\366.jpg,e,Training
Training\e\367.jpg,e,Training
Training\e\368.jpg,e,Training
Training\e\369.jpg,e,Training
Training\e\37.jpg,e,Training
Training\e\370.jpg,e,Training
Training\e\371.jpg,e,Training
Training\e\372.jpg,e,Training
Training\e\373.jpg,e,Training
Training\e\374.jpg,e,Training
Training\e\375.jpg,e,Training
Training\e\376.jpg,e,Training
Training\e\377.jpg,e,Training
Training\e\378.jpg,e,Training
Training\e\379.jpg,e,Training
Training\e\38.jpg,e,Training
Training\e\380.jpg,e,Training
Training\e\381.jpg,e,Training
Training\e\382.jpg,e,Training
Training\e\383.jpg,e,Training
Training\e\384.jpg,e,Training
Training\e\385.jpg,e,Training
Training\e\386.jpg,e,Training
Training\e\387.jpg,e,Training
Training\e\388.jpg,e,Training
Training\e\389.jpg,e,Training
Training\e\39.jpg,e,Training
Training\e\390.jpg,e,Training
Training\e\391.jpg,e,Training
Training\e\392.jpg,e,Training
Training\e\393.jpg,e,Training
Training\e\394.jpg,e,Training
Training\e\395.jpg,e,Training
Training\e\396.jpg,e,Training
Training\e\397.jpg,e,Training
Training\e\398.jpg,e,Training
Training\e\399.jpg,e,Training
Training\e\4.jpg,e,Training
Training\e\40.jpg,e,Training
Training\e\400.jpg,e,Training
Training\e\401.jpg,e,Training
Training\e\402.jpg,e,Training
Training\e\403.jpg,e,Training
Training\e\404.jpg,e,Training
Training\e\405.jpg,e,Training
Training\e\406.jpg,e,Training
Training\e\407.jpg,e,Training
Training\e\408.jpg,e,Training
Training\e\409.jpg,e,Training
Training\e\41.jpg,e,Training
Training\e\410.jpg,e,Training
Training\e\411.jpg,e,Training
Training\e\412.jpg,e,Training
Training\e\413.jpg,e,Training
Training\e\414.jpg,e,Training
Training\e\415.jpg,e,Training
Training\e\416.jpg,e,Training
Training\e\417.jpg,e,Training
Training\e\418.jpg,e,Training
Training\e\419.jpg,e,Training
Training\e\42.jpg,e,Training
Training\e\420.jpg,e,Training
Training\e\43.jpg,e,Training
Training\e\44.jpg,e,Training
Training\e\45.jpg,e,Training
Training\e\46.jpg,e,Training
Training\e\47.jpg,e,Training
Training\e\48.jpg,e,Training
Training\e\49.jpg,e,Training
Training\e\5.jpg,e,Training
Training\e\50.jpg,e,Training
Training\e\51.jpg,e,Training
Training\e\52.jpg,e,Training
Training\e\53.jpg,e,Training
Training\e\54.jpg,e,Training
Training\e\55.jpg,e,Training
Training\e\56.jpg,e,Training
Training\e\57.jpg,e,Training
Training\e\58.jpg,e,Training
Training\e\59.jpg,e,Training
Training\e\6.jpg,e,Training
Training\e\60.jpg,e,Training
Training\e\61.jpg,e,Training
Training\e\62.jpg,e,Training
Training\e\63.jpg,e,Training
Training\e\64.jpg,e,Training
Training\e\65.jpg,e,Training
Training\e\66.jpg,e,Training
Training\e\67.jpg,e,Training
Training\e\68.jpg,e,Training
Training\e\69.jpg,e,Training
Training\e\7.jpg,e,Training
Training\e\70.jpg,e,Training
Training\e\71.jpg,e,Training
Training\e\72.jpg,e,Training
Training\e\73.jpg,e,Training
Training\e\74.jpg,e,Training
Training\e\75.jpg,e,Training
Training\e\76.jpg,e,Training
Training\e\77.jpg,e,Training
Training\e\78.jpg,e,Training
Training\e\79.jpg,e,Training
Training\e\8.jpg,e,Training
Training\e\80.jpg,e,Training
Training\e\81.jpg,e,Training
Training\e\82.jpg,e,Training
Training\e\83.jpg,e,Training
Training\e\84.jpg,e,Training
Training\e\85.jpg,e,Training
Training\e\86.jpg,e,Training
Training\e\87.jpg,e,Training
Training\e\88.jpg,e,Training
Training\e\89.jpg,e,Training
Training\e\9.jpg,e,Training
Training\e\90.jpg,e,Training
Training\e\91.jpg,e,Training
Training\e\92.jpg,e,Training
Training\e\93.jpg,e,Training
Training\e\94.jpg,e,Training
Training\e\95.jpg,e,Training
Training\e\96.jpg,e,Training
Training\e\97.jpg,e,Training
Training\e\98.jpg,e,Training
Training\e\99.jpg,e,Training
Training\ga\1.jpg,ga,Training
Training\ga\10.jpg,ga,Training
Training\ga\100.jpg,ga,Training
Training\ga\101.jpg,ga,Training
Training\ga\102.jpg,ga,Training
Training\ga\103.jpg,ga,Training
Training\ga\104.jpg,ga,Training
Training\ga\105.jpg,ga,Training
Training\ga\106.jpg,ga,Training
Training\ga\107.jpg,ga,Training
Training\ga\108.jpg,ga,Training
Training\ga\109.jpg,ga,Training
Training\ga\11.jpg,ga,Training
Training\ga\110.jpg,ga,Training
Training\ga\111.jpg,ga,Training
Training\ga\112.jpg,ga,Training
Training\ga\113.jpg,ga,Training
Training\ga\114.jpg,ga,Training
Training\ga\115.jpg,ga,Training
Training\ga\116.jpg,ga,Training
Training\ga\117.jpg,ga,Training
Training\ga\118.jpg,ga,Training
Training\ga\119.jpg,ga,Training
Training\ga\12.jpg,ga,Training
Training\ga\120.jpg,ga,Training
Training\ga\121.jpg,ga,Training
Training\ga\122.jpg,ga,Training
Training\ga\123.jpg,ga,Training
Training\ga\124.jpg,ga,Training
Training\ga\125.jpg,ga,Training
Training\ga\126.jpg,ga,Training
Training\ga\127.jpg,ga,Training
Training\ga\128.jpg,ga,Training
Training\ga\129.jpg,ga,Training
Training\ga\13.jpg,ga,Training
Training\ga\130.jpg,ga,Training
Training\ga\131.jpg,ga,Training
Training\ga\132.jpg,ga,Training
Training\ga\133.jpg,ga,Training
Training\ga\134.jpg,ga,Training
Training\ga\135.jpg,ga,Training
Training\ga\136.jpg,ga,Training
Training\ga\137.jpg,ga,Training
Training\ga\138.jpg,ga,Training
Training\ga\139.jpg,ga,Training
Training\ga\14.jpg,ga,Training
Training\ga\140.jpg,ga,Training
Training\ga\141.jpg,ga,Training
Training\ga\142.jpg,ga,Training
Training\ga\143.jpg,ga,Training
Training\ga\144.jpg,ga,Training
Training\ga\145.jpg,ga,Training
Training\ga\146.jpg,ga,Training
Training\ga\147.jpg,ga,Training
Training\ga\148.jpg,ga,Training
Training\ga\149.jpg,ga,Training
Training\ga\15.jpg,ga,Training
Training\ga\150.jpg,ga,Training
Training\ga\151.jpg,ga,Training
Training\ga\152.jpg,ga,Training
Training\ga\153.jpg,ga,Training
Training\ga\154.jpg,ga,Training
Training\ga\155.jpg,ga,Training
Training\ga\156.jpg,ga,Training
Training\ga\157.jpg,ga,Training
Training\ga\158.jpg,ga,Training
Training\ga\159.jpg,ga,Training
Training\ga\16.jpg,ga,Training
Training\ga\160.jpg,ga,Training
Training\ga\161.jpg,ga,Training
Training\ga\162.jpg,ga,Training
Training\ga\163.jpg,ga,Training
Training\ga\164.jpg,ga,Training
Training\ga\165.jpg,ga,Training
Training\ga\166.jpg,ga,Training
Training\ga\167.jpg,ga,Training
Training\ga\168.jpg,ga,Training
Training\ga\169.jpg,ga,Training
Training\ga\17.jpg,ga,Training
Training\ga\170.jpg,ga,Training
Training\ga\171.jpg,ga,Training
Training\ga\172.jpg,ga,Training
Training\ga\173.jpg,ga,Training
Training\ga\174.jpg,ga,Training
Training\ga\175.jpg,ga,Training
Training\ga\176.jpg,ga,Training
Training\ga\177.jpg,ga,Training
Training\ga\178.jpg,ga,Training
Training\ga\179.jpg,ga,Training
Training\ga\18.jpg,ga,Training
Training\ga\180.jpg,ga,Training
Training\ga\181.jpg,ga,Training
Training\ga\182.jpg,ga,Training
Training\ga\183.jpg,ga,Training
Training\ga\184.jpg,ga,Training
Training\ga\185.jpg,ga,Training
Training\ga\186.jpg,ga,Training
Training\ga\187.jpg,ga,Training
Training\ga\188.jpg,ga,Training
Training\ga\189.jpg,ga,Training
Training\ga\19.jpg,ga,Training
Training\ga\190.jpg,ga,Training
Training\ga\191.jpg,ga,Training
Training\ga\192.jpg,ga,Training
Training\ga\193.jpg,ga,Training
Training\ga\194.jpg,ga,Training
Training\ga\195.jpg,ga,Training
Training\ga\196.jpg,ga,Training
Training\ga\197.jpg,ga,Training
Training\ga\198.jpg,ga,Training
Training\ga\199.jpg,ga,Training
Training\ga\2.jpg,ga,Training
Training\ga\20.jpg,ga,Training
Training\ga\200.jpg,ga,Training
Training\ga\201.jpg,ga,Training
Training\ga\202.jpg,ga,Training
Training\ga\203.jpg,ga,Training
Training\ga\204.jpg,ga,Training
Training\ga\205.jpg,ga,Training
Training\ga\206.jpg,ga,Training
Training\ga\207.jpg,ga,Training
Training\ga\208.jpg,ga,Training
Training\ga\209.jpg,ga,Training
Training\ga\21.jpg,ga,Training
Training\ga\210.jpg,ga,Training
Training\ga\211.jpg,ga,Training
Training\ga\212.jpg,ga,Training
Training\ga\213.jpg,ga,Training
Training\ga\214.jpg,ga,Training
Training\ga\215.jpg,ga,Training
Training\ga\216.jpg,ga,Training
Training\ga\217.jpg,ga,Training
Training\ga\218.jpg,ga,Training
Training\ga\219.jpg,ga,Training
Training\ga\22.jpg,ga,Training
Training\ga\220.jpg,ga,Training
Training\ga\221.jpg,ga,Training
Training\ga\222.jpg,ga,Training
Training\ga\223.jpg,ga,Training
Training\ga\224.jpg,ga,Training
Training\ga\225.jpg,ga,Training
Training\ga\226.jpg,ga,Training
Training\ga\227.jpg,ga,Training
Training\ga\228.jpg,ga,Training
Training\ga\229.jpg,ga,Training
Training\ga\23.jpg,ga,Training
Training\ga\230.jpg,ga,Training
Training\ga\231.jpg,ga,Training
Training\ga\232.jpg,ga,Training
Training\ga\233.jpg,ga,Training
Training\ga\234.jpg,ga,Training
Training\ga\235.jpg,ga,Training
Training\ga\236.jpg,ga,Training
Training\ga\237.jpg,ga,Training
Training\ga\238.jpg,ga,Training
Training\ga\239.jpg,ga,Training
Training\ga\24.jpg,ga,Training
Training\ga\240.jpg,ga,Training
Training\ga\241.jpg,ga,Training
Training\ga\242.jpg,ga,Training
Training\ga\243.jpg,ga,Training
Training\ga\244.jpg,ga,Training
Training\ga\245.jpg,ga,Training
Training\ga\246.jpg,ga,Training
Training\ga\247.jpg,ga,Training
Training\ga\248.jpg,ga,Training
Training\ga\249.jpg,ga,Training
Training\ga\25.jpg,ga,Training
Training\ga\250.jpg,ga,Training
Training\ga\251.jpg,ga,Training
Training\ga\252.jpg,ga,Training
Training\ga\253.jpg,ga,Training
Training\ga\254.jpg,ga,Training
Training\ga\255.jpg,ga,Training
Training\ga\256.jpg,ga,Training
Training\ga\257.jpg,ga,Training
Training\ga\258.jpg,ga,Training
Training\ga\259.jpg,ga,Training
Training\ga\26.jpg,ga,Training
Training\ga\260.jpg,ga,Training
Training\ga\261.jpg,ga,Training
Training\ga\262.jpg,ga,Training
Training\ga\263.jpg,ga,Training
Training\ga\264.jpg,ga,Training
Training\ga\265.jpg,ga,Training
Training\ga\266.jpg,ga,Training
Training\ga\267.jpg,ga,Training
Training\ga\268.jpg,ga,Training
Training\ga\269.jpg,ga,Training
Training\ga\27.jpg,ga,Training
Training\ga\270.jpg,ga,Training
Training\ga\271.jpg,ga,Training
Training\ga\272.jpg,ga,Training
Training\ga\273.jpg,ga,Training
Training\ga\274.jpg,ga,Training
Training\ga\275.jpg,ga,Training
Training\ga\276.jpg,ga,Training
Training\ga\277.jpg,ga,Training
Training\ga\278.jpg,ga,Training
Training\ga\279.jpg,ga,Training
Training\ga\28.jpg,ga,Training
Training\ga\280.jpg,ga,Training
Training\ga\281.jpg,ga,Training
Training\ga\282.jpg,ga,Training
Training\ga\283.jpg,ga,Training
Training\ga\284.jpg,ga,Training
Training\ga\285.jpg,ga,Training
Training\ga\286.jpg,ga,Training
Training\ga\287.jpg,ga,Training
Training\ga\288.jpg,ga,Training
Training\ga\289.jpg,ga,Training
Training\ga\29.jpg,ga,Training
Training\ga\290.jpg,ga,Training
Training\ga\291.jpg,ga,Training
Training\ga\292.jpg,ga,Training
Training\ga\293.jpg,ga,Training
Training\ga\294.jpg,ga,Training
Training\ga\295.jpg,ga,Training
Training\ga\296.jpg,ga,Training
Training\ga\297.jpg,ga,Training
Training\ga\298.jpg,ga,Training
Training\ga\299.jpg,ga,Training
Training\ga\3.jpg,ga,Training
Training\ga\30.jpg,ga,Training
Training\ga\300.jpg,ga,Training
Training\ga\301.jpg,ga,Training
Training\ga\302.jpg,ga,Training
Training\ga\303.jpg,ga,Training
Training\ga\304.jpg,ga,Training
Training\ga\305.jpg,ga,Training
Training\ga\306.jpg,ga,Training
Training\ga\307.jpg,ga,Training
Training\ga\308.jpg,ga,Training
Training\ga\309.jpg,ga,Training
Training\ga\31.jpg,ga,Training
Training\ga\310.jpg,ga,Training
Training\ga\311.jpg,ga,Training
Training\ga\312.jpg,ga,Training
Training\ga\313.jpg,ga,Training
Training\ga\314.jpg,ga,Training
Training\ga\315.jpg,ga,Training
Training\ga\316.jpg,ga,Training
Training\ga\317.jpg,ga,Training
Training\ga\318.jpg,ga,Training
Training\ga\319.jpg,ga,Training
Training\ga\32.jpg,ga,Training
Training\ga\320.jpg,ga,Training
Training\ga\321.jpg,ga,Training
Training\ga\322.jpg,ga,Training
Training\ga\323.jpg,ga,Training
Training\ga\324.jpg,ga,Training
Training\ga\325.jpg,ga,Training
Training\ga\326.jpg,ga,Training
Training\ga\327.jpg,ga,Training
Training\ga\328.jpg,ga,Training
Training\ga\329.jpg,ga,Training
Training\ga\33.jpg,ga,Training
Training\ga\330.jpg,ga,Training
Training\ga\331.jpg,ga,Training
Training\ga\332.jpg,ga,Training
Training\ga\333.jpg,ga,Training
Training\ga\334.jpg,ga,Training
Training\ga\335.jpg,ga,Training
Training\ga\336.jpg,ga,Training
Training\ga\337.jpg,ga,Training
Training\ga\338.jpg,ga,Training
Training\ga\339.jpg,ga,Training
Training\ga\34.jpg,ga,Training
Training\ga\340.jpg,ga,Training
Training\ga\341.jpg,ga,Training
Training\ga\342.jpg,ga,Training
Training\ga\343.jpg,ga,Training
Training\ga\344.jpg,ga,Training
Training\ga\345.jpg,ga,Training
Training\ga\346.jpg,ga,Training
Training\ga\347.jpg,ga,Training
Training\ga\348.jpg,ga,Training
Training\ga\349.jpg,ga,Training
Training\ga\35.jpg,ga,Training
Training\ga\350.jpg,ga,Training
Training\ga\351.jpg,ga,Training
Training\ga\352.jpg,ga,Training
Training\ga\353.jpg,ga,Training
Training\ga\354.jpg,ga,Training
Training\ga\355.jpg,ga,Training
Training\ga\356.jpg,ga,Training
Training\ga\357.jpg,ga,Training
Training\ga\358.jpg,ga,Training
Training\ga\359.jpg,ga,Training
Training\ga\36.jpg,ga,Training
Training\ga\360.jpg,ga,Training
Training\ga\361.jpg,ga,Training
Training\ga\362.jpg,ga,Training
Training\ga\363.jpg,ga,Training
Training\ga\364.jpg,ga,Training
Training\ga\365.jpg,ga,Training
Training\ga\366.jpg,ga,Training
Training\ga\367.jpg,ga,Training
Training\ga\368.jpg,ga,Training
Training\ga\369.jpg,ga,Training
Training\ga\37.jpg,ga,Training
Training\ga\370.jpg,ga,Training
Training\ga\371.jpg,ga,Training
Training\ga\372.jpg,ga,Training
Training\ga\373.jpg,ga,Training
Training\ga\374.jpg,ga,Training
Training\ga\375.jpg,ga,Training
Training\ga\376.jpg,ga,Training
Training\ga\377.jpg,ga,Training
Training\ga\378.jpg,ga,Training
Training\ga\379.jpg,ga,Training
Training\ga\38.jpg,ga,Training
Training\ga\380.jpg,ga,Training
Training\ga\381.jpg,ga,Training
Training\ga\382.jpg,ga,Training
Training\ga\383.jpg,ga,Training
Training\ga\384.jpg,ga,Training
Training\ga\385.jpg,ga,Training
Training\ga\386.jpg,ga,Training
Training\ga\387.jpg,ga,Training
Training\ga\388.jpg,ga,Training
Training\ga\389.jpg,ga,Training
Training\ga\39.jpg,ga,Training
Training\ga\390.jpg,ga,Training
Training\ga\391.jpg,ga,Training
Training\ga\392.jpg,ga,Training
Training\ga\393.jpg,ga,Training
Training\ga\394.jpg,ga,Training
Training\ga\395.jpg,ga,Training
Training\ga\396.jpg,ga,Training
Training\ga\397.jpg,ga,Training
Training\ga\398.jpg,ga,Training
Training\ga\399.jpg,ga,Training
Training\ga\4.jpg,ga,Training
Training\ga\40.jpg,ga,Training
Training\ga\400.jpg,ga,Training
Training\ga\401.jpg,ga,Training
Training\ga\402.jpg,ga,Training
Training\ga\403.jpg,ga,Training
Training\ga\404.jpg,ga,Training
Training\ga\405.jpg,ga,Training
Training\ga\406.jpg,ga,Training
Training\ga\407.jpg,ga,Training
Training\ga\408.jpg,ga,Training
Training\ga\409.jpg,ga,Training
Training\ga\41.jpg,ga,Training
Training\ga\410.jpg,ga,Training
Training\ga\411.jpg,ga,Training
Training\ga\412.jpg,ga,Training
Training\ga\413.jpg,ga,Training
Training\ga\414.jpg,ga,Training
Training\ga\415.jpg,ga,Training
Training\ga\416.jpg,ga,Training
Training\ga\417.jpg,ga,Training
Training\ga\418.jpg,ga,Training
Training\ga\419.jpg,ga,Training
Training\ga\42.jpg,ga,Training
Training\ga\420.jpg,ga,Training
Training\ga\43.jpg,ga,Training
Training\ga\44.jpg,ga,Training
Training\ga\45.jpg,ga,Training
Training\ga\46.jpg,ga,Training
Training\ga\47.jpg,ga,Training
Training\ga\48.jpg,ga,Training
Training\ga\49.jpg,ga,Training
Training\ga\5.jpg,ga,Training
Training\ga\50.jpg,ga,Training
Training\ga\51.jpg,ga,Training
Training\ga\52.jpg,ga,Training
Training\ga\53.jpg,ga,Training
Training\ga\54.jpg,ga,Training
Training\ga\55.jpg,ga,Training
Training\ga\56.jpg,ga,Training
Training\ga\57.jpg,ga,Training
Training\ga\58.jpg,ga,Training
Training\ga\59.jpg,ga,Training
Training\ga\6.jpg,ga,Training
Training\ga\60.jpg,ga,Training
Training\ga\61.jpg,ga,Training
Training\ga\62.jpg,ga,Training
Training\ga\63.jpg,ga,Training
Training\ga\64.jpg,ga,Training
Training\ga\65.jpg,ga,Training
Training\ga\66.jpg,ga,Training
Training\ga\67.jpg,ga,Training
Training\ga\68.jpg,ga,Training
Training\ga\69.jpg,ga,Training
Training\ga\7.jpg,ga,Training
Training\ga\70.jpg,ga,Training
Training\ga\71.jpg,ga,Training
Training\ga\72.jpg,ga,Training
Training\ga\73.jpg,ga,Training
Training\ga\74.jpg,ga,Training
Training\ga\75.jpg,ga,Training
Training\ga\76.jpg,ga,Training
Training\ga\77.jpg,ga,Training
Training\ga\78.jpg,ga,Training
Training\ga\79.jpg,ga,Training
Training\ga\8.jpg,ga,Training
Training\ga\80.jpg,ga,Training
Training\ga\81.jpg,ga,Training
Training\ga\82.jpg,ga,Training
Training\ga\83.jpg,ga,Training
Training\ga\84.jpg,ga,Training
Training\ga\85.jpg,ga,Training
Training\ga\86.jpg,ga,Training
Training\ga\87.jpg,ga,Training
Training\ga\88.jpg,ga,Training
Training\ga\89.jpg,ga,Training
Training\ga\9.jpg,ga,Training
Training\ga\90.jpg,ga,Training
Training\ga\91.jpg,ga,Training
Training\ga\92.jpg,ga,Training
Training\ga\93.jpg,ga,Training
Training\ga\94.jpg,ga,Training
Training\ga\95.jpg,ga,Training
Training\ga\96.jpg,ga,Training
Training\ga\97.jpg,ga,Training
Training\ga\98.jpg,ga,Training
Training\ga\99.jpg,ga,Training
Training\gha\1.jpg,gha,Training
Training\gha\10.jpg,gha,Training
Training\gha\100.jpg,gha,Training
Training\gha\101.jpg,gha,Training
Training\gha\102.jpg,gha,Training
Training\gha\103.jpg,gha,Training
Training\gha\104.jpg,gha,Training
Training\gha\105.jpg,gha,Training
Training\gha\106.jpg,gha,Training
Training\gha\107.jpg,gha,Training
Training\gha\108.jpg,gha,Training
Training\gha\109.jpg,gha,Training
Training\gha\11.jpg,gha,Training
Training\gha\110.jpg,gha,Training
Training\gha\111.jpg,gha,Training
Training\gha\112.jpg,gha,Training
Training\gha\113.jpg,gha,Training
Training\gha\114.jpg,gha,Training
Training\gha\115.jpg,gha,Training
Training\gha\116.jpg,gha,Training
Training\gha\117.jpg,gha,Training
Training\gha\118.jpg,gha,Training
Training\gha\119.jpg,gha,Training
Training\gha\12.jpg,gha,Training
Training\gha\120.jpg,gha,Training
Training\gha\121.jpg,gha,Training
Training\gha\122.jpg,gha,Training
Training\gha\123.jpg,gha,Training
Training\gha\124.jpg,gha,Training
Training\gha\125.jpg,gha,Training
Training\gha\126.jpg,gha,Training
Training\gha\127.jpg,gha,Training
Training\gha\128.jpg,gha,Training
Training\gha\129.jpg,gha,Training
Training\gha\13.jpg,gha,Training
Training\gha\130.jpg,gha,Training
Training\gha\131.jpg,gha,Training
Training\gha\132.jpg,gha,Training
Training\gha\133.jpg,gha,Training
Training\gha\134.jpg,gha,Training
Training\gha\135.jpg,gha,Training
Training\gha\136.jpg,gha,Training
Training\gha\137.jpg,gha,Training
Training\gha\138.jpg,gha,Training
Training\gha\139.jpg,gha,Training
Training\gha\14.jpg,gha,Training
Training\gha\140.jpg,gha,Training
Training\gha\141.jpg,gha,Training
Training\gha\142.jpg,gha,Training
Training\gha\143.jpg,gha,Training
Training\gha\144.jpg,gha,Training
Training\gha\145.jpg,gha,Training
Training\gha\146.jpg,gha,Training
Training\gha\147.jpg,gha,Training
Training\gha\148.jpg,gha,Training
Training\gha\149.jpg,gha,Training
Training\gha\15.jpg,gha,Training
Training\gha\150.jpg,gha,Training
Training\gha\151.jpg,gha,Training
Training\gha\152.jpg,gha,Training
Training\gha\153.jpg,gha,Training
Training\gha\154.jpg,gha,Training
Training\gha\155.jpg,gha,Training
Training\gha\156.jpg,gha,Training
Training\gha\157.jpg,gha,Training
Training\gha\158.jpg,gha,Training
Training\gha\159.jpg,gha,Training
Training\gha\16.jpg,gha,Training
Training\gha\160.jpg,gha,Training
Training\gha\161.jpg,gha,Training
Training\gha\162.jpg,gha,Training
Training\gha\163.jpg,gha,Training
Training\gha\164.jpg,gha,Training
Training\gha\165.jpg,gha,Training
Training\gha\166.jpg,gha,Training
Training\gha\167.jpg,gha,Training
Training\gha\168.jpg,gha,Training
Training\gha\169.jpg,gha,Training
Training\gha\17.jpg,gha,Training
Training\gha\170.jpg,gha,Training
Training\gha\171.jpg,gha,Training
Training\gha\172.jpg,gha,Training
Training\gha\173.jpg,gha,Training
Training\gha\174.jpg,gha,Training
Training\gha\175.jpg,gha,Training
Training\gha\176.jpg,gha,Training
Training\gha\177.jpg,gha,Training
Training\gha\178.jpg,gha,Training
Training\gha\179.jpg,gha,Training
Training\gha\18.jpg,gha,Training
Training\gha\180.jpg,gha,Training
Training\gha\181.jpg,gha,Training
Training\gha\182.jpg,gha,Training
Training\gha\183.jpg,gha,Training
Training\gha\184.jpg,gha,Training
Training\gha\185.jpg,gha,Training
Training\gha\186.jpg,gha,Training
Training\gha\187.jpg,gha,Training
Training\gha\188.jpg,gha,Training
Training\gha\189.jpg,gha,Training
Training\gha\19.jpg,gha,Training
Training\gha\190.jpg,gha,Training
Training\gha\191.jpg,gha,Training
Training\gha\192.jpg,gha,Training
Training\gha\193.jpg,gha,Training
Training\gha\194.jpg,gha,Training
Training\gha\195.jpg,gha,Training
Training\gha\196.jpg,gha,Training
Training\gha\197.jpg,gha,Training
Training\gha\198.jpg,gha,Training
Training\gha\199.jpg,gha,Training
Training\gha\2.jpg,gha,Training
Training\gha\20.jpg,gha,Training
Training\gha\200.jpg,gha,Training
Training\gha\201.jpg,gha,Training
Training\gha\202.jpg,gha,Training
Training\gha\203.jpg,gha,Training
Training\gha\204.jpg,gha,Training
Training\gha\205.jpg,gha,Training
Training\gha\206.jpg,gha,Training
Training\gha\207.jpg,gha,Training
Training\gha\208.jpg,gha,Training
Training\gha\209.jpg,gha,Training
Training\gha\21.jpg,gha,Training
Training\gha\210.jpg,gha,Training
Training\gha\211.jpg,gha,Training
Training\gha\212.jpg,gha,Training
Training\gha\213.jpg,gha,Training
Training\gha\214.jpg,gha,Training
Training\gha\215.jpg,gha,Training
Training\gha\216.jpg,gha,Training
Training\gha\217.jpg,gha,Training
Training\gha\218.jpg,gha,Training
Training\gha\219.jpg,gha,Training
Training\gha\22.jpg,gha,Training
Training\gha\220.jpg,gha,Training
Training\gha\221.jpg,gha,Training
Training\gha\222.jpg,gha,Training
Training\gha\223.jpg,gha,Training
Training\gha\224.jpg,gha,Training
Training\gha\225.jpg,gha,Training
Training\gha\226.jpg,gha,Training
Training\gha\227.jpg,gha,Training
Training\gha\228.jpg,gha,Training
Training\gha\229.jpg,gha,Training
Training\gha\23.jpg,gha,Training
Training\gha\230.jpg,gha,Training
Training\gha\231.jpg,gha,Training
Training\gha\232.jpg,gha,Training
Training\gha\233.jpg,gha,Training
Training\gha\234.jpg,gha,Training
Training\gha\235.jpg,gha,Training
Training\gha\236.jpg,gha,Training
Training\gha\237.jpg,gha,Training
Training\gha\238.jpg,gha,Training
Training\gha\239.jpg,gha,Training
Training\gha\24.jpg,gha,Training
Training\gha\240.jpg,gha,Training
Training\gha\241.jpg,gha,Training
Training\gha\242.jpg,gha,Training
Training\gha\243.jpg,gha,Training
Training\gha\244.jpg,gha,Training
Training\gha\245.jpg,gha,Training
Training\gha\246.jpg,gha,Training
Training\gha\247.jpg,gha,Training
Training\gha\248.jpg,gha,Training
Training\gha\249.jpg,gha,Training
Training\gha\25.jpg,gha,Training
Training\gha\250.jpg,gha,Training
Training\gha\251.jpg,gha,Training
Training\gha\252.jpg,gha,Training
Training\gha\253.jpg,gha,Training
Training\gha\254.jpg,gha,Training
Training\gha\255.jpg,gha,Training
Training\gha\256.jpg,gha,Training
Training\gha\257.jpg,gha,Training
Training\gha\258.jpg,gha,Training
Training\gha\259.jpg,gha,Training
Training\gha\26.jpg,gha,Training
Training\gha\260.jpg,gha,Training
Training\gha\261.jpg,gha,Training
Training\gha\262.jpg,gha,Training
Training\gha\263.jpg,gha,Training
Training\gha\264.jpg,gha,Training
Training\gha\265.jpg,gha,Training
Training\gha\266.jpg,gha,Training
Training\gha\267.jpg,gha,Training
Training\gha\268.jpg,gha,Training
Training\gha\269.jpg,gha,Training
Training\gha\27.jpg,gha,Training
Training\gha\270.jpg,gha,Training
Training\gha\271.jpg,gha,Training
Training\gha\272.jpg,gha,Training
Training\gha\273.jpg,gha,Training
Training\gha\274.jpg,gha,Training
Training\gha\275.jpg,gha,Training
Training\gha\276.jpg,gha,Training
Training\gha\277.jpg,gha,Training
Training\gha\278.jpg,gha,Training
Training\gha\279.jpg,gha,Training
Training\gha\28.jpg,gha,Training
Training\gha\280.jpg,gha,Training
Training\gha\281.jpg,gha,Training
Training\gha\282.jpg,gha,Training
Training\gha\283.jpg,gha,Training
Training\gha\284.jpg,gha,Training
Training\gha\285.jpg,gha,Training
Training\gha\286.jpg,gha,Training
Training\gha\287.jpg,gha,Training
Training\gha\288.jpg,gha,Training
Training\gha\289.jpg,gha,Training
Training\gha\29.jpg,gha,Training
Training\gha\290.jpg,gha,Training
Training\gha\291.jpg,gha,Training
Training\gha\292.jpg,gha,Training
Training\gha\293.jpg,gha,Training
Training\gha\294.jpg,gha,Training
Training\gha\295.jpg,gha,Training
Training\gha\296.jpg,gha,Training
Training\gha\297.jpg,gha,Training
Training\gha\298.jpg,gha,Training
Training\gha\299.jpg,gha,Training
Training\gha\3.jpg,gha,Training
Training\gha\30.jpg,gha,Training
Training\gha\300.jpg,gha,Training
Training\gha\301.jpg,gha,Training
Training\gha\302.jpg,gha,Training
Training\gha\303.jpg,gha,Training
Training\gha\304.jpg,gha,Training
Training\gha\305.jpg,gha,Training
Training\gha\306.jpg,gha,Training
Training\gha\307.jpg,gha,Training
Training\gha\308.jpg,gha,Training
Training\gha\309.jpg,gha,Training
Training\gha\31.jpg,gha,Training
Training\gha\310.jpg,gha,Training
Training\gha\311.jpg,gha,Training
Training\gha\312.jpg,gha,Training
Training\gha\313.jpg,gha,Training
Training\gha\314.jpg,gha,Training
Training\gha\315.jpg,gha,Training
Training\gha\316.jpg,gha,Training
Training\gha\317.jpg,gha,Training
Training\gha\318.jpg,gha,Training
Training\gha\319.jpg,gha,Training
Training\gha\32.jpg,gha,Training
Training\gha\320.jpg,gha,Training
Training\gha\321.jpg,gha,Training
Training\gha\322.jpg,gha,Training
Training\gha\323.jpg,gha,Training
Training\gha\324.jpg,gha,Training
Training\gha\325.jpg,gha,Training
Training\gha\326.jpg,gha,Training
Training\gha\327.jpg,gha,Training
Training\gha\328.jpg,gha,Training
Training\gha\329.jpg,gha,Training
Training\gha\33.jpg,gha,Training
Training\gha\330.jpg,gha,Training
Training\gha\331.jpg,gha,Training
Training\gha\332.jpg,gha,Training
Training\gha\333.jpg,gha,Training
Training\gha\334.jpg,gha,Training
Training\gha\335.jpg,gha,Training
Training\gha\336.jpg,gha,Training
Training\gha\337.jpg,gha,Training
Training\gha\338.jpg,gha,Training
Training\gha\339.jpg,gha,Training
Training\gha\34.jpg,gha,Training
Training\gha\340.jpg,gha,Training
Training\gha\341.jpg,gha,Training
Training\gha\342.jpg,gha,Training
Training\gha\343.jpg,gha,Training
Training\gha\344.jpg,gha,Training
Training\gha\345.jpg,gha,Training
Training\gha\346.jpg,gha,Training
Training\gha\347.jpg,gha,Training
Training\gha\348.jpg,gha,Training
Training\gha\349.jpg,gha,Training
Training\gha\35.jpg,gha,Training
Training\gha\350.jpg,gha,Training
Training\gha\351.jpg,gha,Training
Training\gha\352.jpg,gha,Training
Training\gha\353.jpg,gha,Training
Training\gha\354.jpg,gha,Training
Training\gha\355.jpg,gha,Training
Training\gha\356.jpg,gha,Training
Training\gha\357.jpg,gha,Training
Training\gha\358.jpg,gha,Training
Training\gha\359.jpg,gha,Training
Training\gha\36.jpg,gha,Training
Training\gha\360.jpg,gha,Training
Training\gha\361.jpg,gha,Training
Training\gha\362.jpg,gha,Training
Training\gha\363.jpg,gha,Training
Training\gha\364.jpg,gha,Training
Training\gha\365.jpg,gha,Training
Training\gha\366.jpg,gha,Training
Training\gha\367.jpg,gha,Training
Training\gha\368.jpg,gha,Training
Training\gha\369.jpg,gha,Training
Training\gha\37.jpg,gha,Training
Training\gha\370.jpg,gha,Training
Training\gha\371.jpg,gha,Training
Training\gha\372.jpg,gha,Training
Training\gha\373.jpg,gha,Training
Training\gha\374.jpg,gha,Training
Training\gha\375.jpg,gha,Training
Training\gha\376.jpg,gha,Training
Training\gha\377.jpg,gha,Training
Training\gha\378.jpg,gha,Training
Training\gha\379.jpg,gha,Training
Training\gha\38.jpg,gha,Training
Training\gha\380.jpg,gha,Training
Training\gha\381.jpg,gha,Training
Training\gha\382.jpg,gha,Training
Training\gha\383.jpg,gha,Training
Training\gha\384.jpg,gha,Training
Training\gha\385.jpg,gha,Training
Training\gha\386.jpg,gha,Training
Training\gha\387.jpg,gha,Training
Training\gha\388.jpg,gha,Training
Training\gha\389.jpg,gha,Training
Training\gha\39.jpg,gha,Training
Training\gha\390.jpg,gha,Training
Training\gha\391.jpg,gha,Training
Training\gha\392.jpg,gha,Training
Training\gha\393.jpg,gha,Training
Training\gha\394.jpg,gha,Training
Training\gha\395.jpg,gha,Training
Training\gha\396.jpg,gha,Training
Training\gha\397.jpg,gha,Training
Training\gha\398.jpg,gha,Training
Training\gha\399.jpg,gha,Training
Training\gha\4.jpg,gha,Training
Training\gha\40.jpg,gha,Training
Training\gha\400.jpg,gha,Training
Training\gha\401.jpg,gha,Training
Training\gha\402.jpg,gha,Training
Training\gha\403.jpg,gha,Training
Training\gha\404.jpg,gha,Training
Training\gha\405.jpg,gha,Training
Training\gha\406.jpg,gha,Training
Training\gha\407.jpg,gha,Training
Training\gha\408.jpg,gha,Training
Training\gha\409.jpg,gha,Training
Training\gha\41.jpg,gha,Training
Training\gha\410.jpg,gha,Training
Training\gha\411.jpg,gha,Training
Training\gha\412.jpg,gha,Training
Training\gha\413.jpg,gha,Training
Training\gha\414.jpg,gha,Training
Training\gha\415.jpg,gha,Training
Training\gha\416.jpg,gha,Training
Training\gha\417.jpg,gha,Training
Training\gha\418.jpg,gha,Training
Training\gha\419.jpg,gha,Training
Training\gha\42.jpg,gha,Training
Training\gha\420.jpg,gha,Training
Training\gha\43.jpg,gha,Training
Training\gha\44.jpg,gha,Training
Training\gha\45.jpg,gha,Training
Training\gha\46.jpg,gha,Training
Training\gha\47.jpg,gha,Training
Training\gha\48.jpg,gha,Training
Training\gha\49.jpg,gha,Training
Training\gha\5.jpg,gha,Training
Training\gha\50.jpg,gha,Training
Training\gha\51.jpg,gha,Training
Training\gha\52.jpg,gha,Training
Training\gha\53.jpg,gha,Training
Training\gha\54.jpg,gha,Training
Training\gha\55.jpg,gha,Training
Training\gha\56.jpg,gha,Training
Training\gha\57.jpg,gha,Training
Training\gha\58.jpg,gha,Training
Training\gha\59.jpg,gha,Training
Training\gha\6.jpg,gha,Training
Training\gha\60.jpg,gha,Training
Training\gha\61.jpg,gha,Training
Training\gha\62.jpg,gha,Training
Training\gha\63.jpg,gha,Training
Training\gha\64.jpg,gha,Training
Training\gha\65.jpg,gha,Training
Training\gha\66.jpg,gha,Training
Training\gha\67.jpg,gha,Training
Training\gha\68.jpg,gha,Training
Training\gha\69.jpg,gha,Training
Training\gha\7.jpg,gha,Training
Training\gha\70.jpg,gha,Training
Training\gha\71.jpg,gha,Training
Training\gha\72.jpg,gha,Training
Training\gha\73.jpg,gha,Training
Training\gha\74.jpg,gha,Training
Training\gha\75.jpg,gha,Training
Training\gha\76.jpg,gha,Training
Training\gha\77.jpg,gha,Training
Training\gha\78.jpg,gha,Training
Training\gha\79.jpg,gha,Training
Training\gha\8.jpg,gha,Training
Training\gha\80.jpg,gha,Training
Training\gha\81.jpg,gha,Training
Training\gha\82.jpg,gha,Training
Training\gha\83.jpg,gha,Training
Training\gha\84.jpg,gha,Training
Training\gha\85.jpg,gha,Training
Training\gha\86.jpg,gha,Training
Training\gha\87.jpg,gha,Training
Training\gha\88.jpg,gha,Training
Training\gha\89.jpg,gha,Training
Training\gha\9.jpg,gha,Training
Training\gha\90.jpg,gha,Training
Training\gha\91.jpg,gha,Training
Training\gha\92.jpg,gha,Training
Training\gha\93.jpg,gha,Training
Training\gha\94.jpg,gha,Training
Training\gha\95.jpg,gha,Training
Training\gha\96.jpg,gha,Training
Training\gha\97.jpg,gha,Training
Training\gha\98.jpg,gha,Training
Training\gha\99.jpg,gha,Training
Training\gya\1.jpg,gya,Training
Training\gya\10.jpg,gya,Training
Training\gya\100.jpg,gya,Training
Training\gya\101.jpg,gya,Training
Training\gya\102.jpg,gya,Training
Training\gya\103.jpg,gya,Training
Training\gya\104.jpg,gya,Training
Training\gya\105.jpg,gya,Training
Training\gya\106.jpg,gya,Training
Training\gya\107.jpg,gya,Training
Training\gya\108.jpg,gya,Training
Training\gya\109.jpg,gya,Training
Training\gya\11.jpg,gya,Training
Training\gya\110.jpg,gya,Training
Training\gya\111.jpg,gya,Training
Training\gya\112.jpg,gya,Training
Training\gya\113.jpg,gya,Training
Training\gya\114.jpg,gya,Training
Training\gya\115.jpg,gya,Training
Training\gya\116.jpg,gya,Training
Training\gya\117.jpg,gya,Training
Training\gya\118.jpg,gya,Training
Training\gya\119.jpg,gya,Training
Training\gya\12.jpg,gya,Training
Training\gya\120.jpg,gya,Training
Training\gya\121.jpg,gya,Training
Training\gya\122.jpg,gya,Training
Training\gya\123.jpg,gya,Training
Training\gya\124.jpg,gya,Training
Training\gya\125.jpg,gya,Training
Training\gya\126.jpg,gya,Training
Training\gya\127.jpg,gya,Training
Training\gya\128.jpg,gya,Training
Training\gya\129.jpg,gya,Training
Training\gya\13.jpg,gya,Training
Training\gya\130.jpg,gya,Training
Training\gya\131.jpg,gya,Training
Training\gya\132.jpg,gya,Training
Training\gya\133.jpg,gya,Training
Training\gya\134.jpg,gya,Training
Training\gya\135.jpg,gya,Training
Training\gya\136.jpg,gya,Training
Training\gya\137.jpg,gya,Training
Training\gya\138.jpg,gya,Training
Training\gya\139.jpg,gya,Training
Training\gya\14.jpg,gya,Training
Training\gya\140.jpg,gya,Training
Training\gya\141.jpg,gya,Training
Training\gya\142.jpg,gya,Training
Training\gya\143.jpg,gya,Training
Training\gya\144.jpg,gya,Training
Training\gya\145.jpg,gya,Training
Training\gya\146.jpg,gya,Training
Training\gya\147.jpg,gya,Training
Training\gya\148.jpg,gya,Training
Training\gya\149.jpg,gya,Training
Training\gya\15.jpg,gya,Training
Training\gya\150.jpg,gya,Training
Training\gya\151.jpg,gya,Training
Training\gya\152.jpg,gya,Training
Training\gya\153.jpg,gya,Training
Training\gya\154.jpg,gya,Training
Training\gya\155.jpg,gya,Training
Training\gya\156.jpg,gya,Training
Training\gya\157.jpg,gya,Training
Training\gya\158.jpg,gya,Training
Training\gya\159.jpg,gya,Training
Training\gya\16.jpg,gya,Training
Training\gya\160.jpg,gya,Training
Training\gya\161.jpg,gya,Training
Training\gya\162.jpg,gya,Training
Training\gya\163.jpg,gya,Training
Training\gya\164.jpg,gya,Training
Training\gya\165.jpg,gya,Training
Training\gya\166.jpg,gya,Training
Training\gya\167.jpg,gya,Training
Training\gya\168.jpg,gya,Training
Training\gya\169.jpg,gya,Training
Training\gya\17.jpg,gya,Training
Training\gya\170.jpg,gya,Training
Training\gya\171.jpg,gya,Training
Training\gya\172.jpg,gya,Training
Training\gya\173.jpg,gya,Training
Training\gya\174.jpg,gya,Training
Training\gya\175.jpg,gya,Training
Training\gya\176.jpg,gya,Training
Training\gya\177.jpg,gya,Training
Training\gya\178.jpg,gya,Training
Training\gya\179.jpg,gya,Training
Training\gya\18.jpg,gya,Training
Training\gya\180.jpg,gya,Training
Training\gya\181.jpg,gya,Training
Training\gya\182.jpg,gya,Training
Training\gya\183.jpg,gya,Training
Training\gya\184.jpg,gya,Training
Training\gya\185.jpg,gya,Training
Training\gya\186.jpg,gya,Training
Training\gya\187.jpg,gya,Training
Training\gya\188.jpg,gya,Training
Training\gya\189.jpg,gya,Training
Training\gya\19.jpg,gya,Training
Training\gya\190.jpg,gya,Training
Training\gya\191.jpg,gya,Training
Training\gya\192.jpg,gya,Training
Training\gya\193.jpg,gya,Training
Training\gya\194.jpg,gya,Training
Training\gya\195.jpg,gya,Training
Training\gya\196.jpg,gya,Training
Training\gya\197.jpg,gya,Training
Training\gya\198.jpg,gya,Training
Training\gya\199.jpg,gya,Training
Training\gya\2.jpg,gya,Training
Training\gya\20.jpg,gya,Training
Training\gya\200.jpg,gya,Training
Training\gya\201.jpg,gya,Training
Training\gya\202.jpg,gya,Training
Training\gya\203.jpg,gya,Training
Training\gya\204.jpg,gya,Training
Training\gya\205.jpg,gya,Training
Training\gya\206.jpg,gya,Training
Training\gya\207.jpg,gya,Training
Training\gya\208.jpg,gya,Training
Training\gya\209.jpg,gya,Training
Training\gya\21.jpg,gya,Training
Training\gya\210.jpg,gya,Training
Training\gya\211.jpg,gya,Training
Training\gya\212.jpg,gya,Training
Training\gya\213.jpg,gya,Training
Training\gya\214.jpg,gya,Training
Training\gya\215.jpg,gya,Training
Training\gya\216.jpg,gya,Training
Training\gya\217.jpg,gya,Training
Training\gya\218.jpg,gya,Training
Training\gya\219.jpg,gya,Training
Training\gya\22.jpg,gya,Training
Training\gya\220.jpg,gya,Training
Training\gya\221.jpg,gya,Training
Training\gya\222.jpg,gya,Training
Training\gya\223.jpg,gya,Training
Training\gya\224.jpg,gya,Training
Training\gya\225.jpg,gya,Training
Training\gya\226.jpg,gya,Training
Training\gya\227.jpg,gya,Training
Training\gya\228.jpg,gya,Training
Training\gya\229.jpg,gya,Training
Training\gya\23.jpg,gya,Training
Training\gya\230.jpg,gya,Training
Training\gya\231.jpg,gya,Training
Training\gya\232.jpg,gya,Training
Training\gya\233.jpg,gya,Training
Training\gya\234.jpg,gya,Training
Training\gya\235.jpg,gya,Training
Training\gya\236.jpg,gya,Training
Training\gya\237.jpg,gya,Training
Training\gya\238.jpg,gya,Training
Training\gya\239.jpg,gya,Training
Training\gya\24.jpg,gya,Training
Training\gya\240.jpg,gya,Training
Training\gya\241.jpg,gya,Training
Training\gya\242.jpg,gya,Training
Training\gya\243.jpg,gya,Training
Training\gya\244.jpg,gya,Training
Training\gya\245.jpg,gya,Training
Training\gya\246.jpg,gya,Training
Training\gya\247.jpg,gya,Training
Training\gya\248.jpg,gya,Training
Training\gya\249.jpg,gya,Training
Training\gya\25.jpg,gya,Training
Training\gya\250.jpg,gya,Training
Training\gya\251.jpg,gya,Training
Training\gya\252.jpg,gya,Training
Training\gya\253.jpg,gya,Training
Training\gya\254.jpg,gya,Training
Training\gya\255.jpg,gya,Training
Training\gya\256.jpg,gya,Training
Training\gya\257.jpg,gya,Training
Training\gya\258.jpg,gya,Training
Training\gya\259.jpg,gya,Training
Training\gya\26.jpg,gya,Training
Training\gya\260.jpg,gya,Training
Training\gya\261.jpg,gya,Training
Training\gya\262.jpg,gya,Training
Training\gya\263.jpg,gya,Training
Training\gya\264.jpg,gya,Training
Training\gya\265.jpg,gya,Training
Training\gya\266.jpg,gya,Training
Training\gya\267.jpg,gya,Training
Training\gya\268.jpg,gya,Training
Training\gya\269.jpg,gya,Training
Training\gya\27.jpg,gya,Training
Training\gya\270.jpg,gya,Training
Training\gya\271.jpg,gya,Training
Training\gya\272.jpg,gya,Training
Training\gya\273.jpg,gya,Training
Training\gya\274.jpg,gya,Training
Training\gya\275.jpg,gya,Training
Training\gya\276.jpg,gya,Training
Training\gya\277.jpg,gya,Training
Training\gya\278.jpg,gya,Training
Training\gya\279.jpg,gya,Training
Training\gya\28.jpg,gya,Training
Training\gya\280.jpg,gya,Training
Training\gya\281.jpg,gya,Training
Training\gya\282.jpg,gya,Training
Training\gya\283.jpg,gya,Training
Training\gya\284.jpg,gya,Training
Training\gya\285.jpg,gya,Training
Training\gya\286.jpg,gya,Training
Training\gya\287.jpg,gya,Training
Training\gya\288.jpg,gya,Training
Training\gya\289.jpg,gya,Training
Training\gya\29.jpg,gya,Training
Training\gya\290.jpg,gya,Training
Training\gya\291.jpg,gya,Training
Training\gya\292.jpg,gya,Training
Training\gya\293.jpg,gya,Training
Training\gya\294.jpg,gya,Training
Training\gya\295.jpg,gya,Training
Training\gya\296.jpg,gya,Training
Training\gya\297.jpg,gya,Training
Training\gya\298.jpg,gya,Training
Training\gya\299.jpg,gya,Training
Training\gya\3.jpg,gya,Training
Training\gya\30.jpg,gya,Training
Training\gya\300.jpg,gya,Training
Training\gya\301.jpg,gya,Training
Training\gya\302.jpg,gya,Training
Training\gya\303.jpg,gya,Training
Training\gya\304.jpg,gya,Training
Training\gya\305.jpg,gya,Training
Training\gya\306.jpg,gya,Training
Training\gya\307.jpg,gya,Training
Training\gya\308.jpg,gya,Training
Training\gya\309.jpg,gya,Training
Training\gya\31.jpg,gya,Training
Training\gya\310.jpg,gya,Training
Training\gya\311.jpg,gya,Training
Training\gya\312.jpg,gya,Training
Training\gya\313.jpg,gya,Training
Training\gya\314.jpg,gya,Training
Training\gya\315.jpg,gya,Training
Training\gya\316.jpg,gya,Training
Training\gya\317.jpg,gya,Training
Training\gya\318.jpg,gya,Training
Training\gya\319.jpg,gya,Training
Training\gya\32.jpg,gya,Training
Training\gya\320.jpg,gya,Training
Training\gya\321.jpg,gya,Training
Training\gya\322.jpg,gya,Training
Training\gya\323.jpg,gya,Training
Training\gya\324.jpg,gya,Training
Training\gya\325.jpg,gya,Training
Training\gya\326.jpg,gya,Training
Training\gya\327.jpg,gya,Training
Training\gya\328.jpg,gya,Training
Training\gya\329.jpg,gya,Training
Training\gya\33.jpg,gya,Training
Training\gya\330.jpg,gya,Training
Training\gya\331.jpg,gya,Training
Training\gya\332.jpg,gya,Training
Training\gya\333.jpg,gya,Training
Training\gya\334.jpg,gya,Training
Training\gya\335.jpg,gya,Training
Training\gya\336.jpg,gya,Training
Training\gya\337.jpg,gya,Training
Training\gya\338.jpg,gya,Training
Training\gya\339.jpg,gya,Training
Training\gya\34.jpg,gya,Training
Training\gya\340.jpg,gya,Training
Training\gya\341.jpg,gya,Training
Training\gya\342.jpg,gya,Training
Training\gya\343.jpg,gya,Training
Training\gya\344.jpg,gya,Training
Training\gya\345.jpg,gya,Training
Training\gya\346.jpg,gya,Training
Training\gya\347.jpg,gya,Training
Training\gya\348.jpg,gya,Training
Training\gya\349.jpg,gya,Training
Training\gya\35.jpg,gya,Training
Training\gya\350.jpg,gya,Training
Training\gya\351.jpg,gya,Training
Training\gya\352.jpg,gya,Training
Training\gya\353.jpg,gya,Training
Training\gya\354.jpg,gya,Training
Training\gya\355.jpg,gya,Training
Training\gya\356.jpg,gya,Training
Training\gya\357.jpg,gya,Training
Training\gya\358.jpg,gya,Training
Training\gya\359.jpg,gya,Training
Training\gya\36.jpg,gya,Training
Training\gya\360.jpg,gya,Training
Training\gya\361.jpg,gya,Training
Training\gya\362.jpg,gya,Training
Training\gya\363.jpg,gya,Training
Training\gya\364.jpg,gya,Training
Training\gya\365.jpg,gya,Training
Training\gya\366.jpg,gya,Training
Training\gya\367.jpg,gya,Training
Training\gya\368.jpg,gya,Training
Training\gya\369.jpg,gya,Training
Training\gya\37.jpg,gya,Training
Training\gya\370.jpg,gya,Training
Training\gya\371.jpg,gya,Training
Training\gya\372.jpg,gya,Training
Training\gya\373.jpg,gya,Training
Training\gya\374.jpg,gya,Training
Training\gya\375.jpg,gya,Training
Training\gya\376.jpg,gya,Training
Training\gya\377.jpg,gya,Training
Training\gya\378.jpg,gya,Training
Training\gya\379.jpg,gya,Training
Training\gya\38.jpg,gya,Training
Training\gya\380.jpg,gya,Training
Training\gya\381.jpg,gya,Training
Training\gya\382.jpg,gya,Training
Training\gya\383.jpg,gya,Training
Training\gya\384.jpg,gya,Training
Training\gya\385.jpg,gya,Training
Training\gya\386.jpg,gya,Training
Training\gya\387.jpg,gya,Training
Training\gya\388.jpg,gya,Training
Training\gya\389.jpg,gya,Training
Training\gya\39.jpg,gya,Training
Training\gya\390.jpg,gya,Training
Training\gya\391.jpg,gya,Training
Training\gya\392.jpg,gya,Training
Training\gya\393.jpg,gya,Training
Training\gya\394.jpg,gya,Training
Training\gya\395.jpg,gya,Training
Training\gya\396.jpg,gya,Training
Training\gya\397.jpg,gya,Training
Training\gya\398.jpg,gya,Training
Training\gya\399.jpg,gya,Training
Training\gya\4.jpg,gya,Training
Training\gya\40.jpg,gya,Training
Training\gya\400.jpg,gya,Training
Training\gya\401.jpg,gya,Training
Training\gya\402.jpg,gya,Training
Training\gya\403.jpg,gya,Training
Training\gya\404.jpg,gya,Training
Training\gya\405.jpg,gya,Training
Training\gya\406.jpg,gya,Training
Training\gya\407.jpg,gya,Training
Training\gya\408.jpg,gya,Training
Training\gya\409.jpg,gya,Training
Training\gya\41.jpg,gya,Training
Training\gya\410.jpg,gya,Training
Training\gya\411.jpg,gya,Training
Training\gya\412.jpg,gya,Training
Training\gya\413.jpg,gya,Training
Training\gya\414.jpg,gya,Training
Training\gya\415.jpg,gya,Training
Training\gya\416.jpg,gya,Training
Training\gya\417.jpg,gya,Training
Training\gya\418.jpg,gya,Training
Training\gya\419.jpg,gya,Training
Training\gya\42.jpg,gya,Training
Training\gya\420.jpg,gya,Training
Training\gya\43.jpg,gya,Training
Training\gya\44.jpg,gya,Training
Training\gya\45.jpg,gya,Training
Training\gya\46.jpg,gya,Training
Training\gya\47.jpg,gya,Training
Training\gya\48.jpg,gya,Training
Training\gya\49.jpg,gya,Training
Training\gya\5.jpg,gya,Training
Training\gya\50.jpg,gya,Training
Training\gya\51.jpg,gya,Training
Training\gya\52.jpg,gya,Training
Training\gya\53.jpg,gya,Training
Training\gya\54.jpg,gya,Training
Training\gya\55.jpg,gya,Training
Training\gya\56.jpg,gya,Training
Training\gya\57.jpg,gya,Training
Training\gya\58.jpg,gya,Training
Training\gya\59.jpg,gya,Training
Training\gya\6.jpg,gya,Training
Training\gya\60.jpg,gya,Training
Training\gya\61.jpg,gya,Training
Training\gya\62.jpg,gya,Training
Training\gya\63.jpg,gya,Training
Training\gya\64.jpg,gya,Training
Training\gya\65.jpg,gya,Training
Training\gya\66.jpg,gya,Training
Training\gya\67.jpg,gya,Training
Training\gya\68.jpg,gya,Training
Training\gya\69.jpg,gya,Training
Training\gya\7.jpg,gya,Training
Training\gya\70.jpg,gya,Training
Training\gya\71.jpg,gya,Training
Training\gya\72.jpg,gya,Training
Training\gya\73.jpg,gya,Training
Training\gya\74.jpg,gya,Training
Training\gya\75.jpg,gya,Training
Training\gya\76.jpg,gya,Training
Training\gya\77.jpg,gya,Training
Training\gya\78.jpg,gya,Training
Training\gya\79.jpg,gya,Training
Training\gya\8.jpg,gya,Training
Training\gya\80.jpg,gya,Training
Training\gya\81.jpg,gya,Training
Training\gya\82.jpg,gya,Training
Training\gya\83.jpg,gya,Training
Training\gya\84.jpg,gya,Training
Training\gya\85.jpg,gya,Training
Training\gya\86.jpg,gya,Training
Training\gya\87.jpg,gya,Training
Training\gya\88.jpg,gya,Training
Training\gya\89.jpg,gya,Training
Training\gya\9.jpg,gya,Training
Training\gya\90.jpg,gya,Training
Training\gya\91.jpg,gya,Training
Training\gya\92.jpg,gya,Training
Training\gya\93.jpg,gya,Training
Training\gya\94.jpg,gya,Training
Training\gya\95.jpg,gya,Training
Training\gya\96.jpg,gya,Training
Training\gya\97.jpg,gya,Training
Training\gya\98.jpg,gya,Training
Training\gya\99.jpg,gya,Training
Training\ha\1.jpg,ha,Training
Training\ha\10.jpg,ha,Training
Training\ha\100.jpg,ha,Training
Training\ha\101.jpg,ha,Training
Training\ha\102.jpg,ha,Training
Training\ha\103.jpg,ha,Training
Training\ha\104.jpg,ha,Training
Training\ha\105.jpg,ha,Training
Training\ha\106.jpg,ha,Training
Training\ha\107.jpg,ha,Training
Training\ha\108.jpg,ha,Training
Training\ha\109.jpg,ha,Training
Training\ha\11.jpg,ha,Training
Training\ha\110.jpg,ha,Training
Training\ha\111.jpg,ha,Training
Training\ha\112.jpg,ha,Training
Training\ha\113.jpg,ha,Training
Training\ha\114.jpg,ha,Training
Training\ha\115.jpg,ha,Training
Training\ha\116.jpg,ha,Training
Training\ha\117.jpg,ha,Training
Training\ha\118.jpg,ha,Training
Training\ha\119.jpg,ha,Training
Training\ha\12.jpg,ha,Training
Training\ha\120.jpg,ha,Training
Training\ha\121.jpg,ha,Training
Training\ha\122.jpg,ha,Training
Training\ha\123.jpg,ha,Training
Training\ha\124.jpg,ha,Training
Training\ha\125.jpg,ha,Training
Training\ha\126.jpg,ha,Training
Training\ha\127.jpg,ha,Training
Training\ha\128.jpg,ha,Training
Training\ha\129.jpg,ha,Training
Training\ha\13.jpg,ha,Training
Training\ha\130.jpg,ha,Training
Training\ha\131.jpg,ha,Training
Training\ha\132.jpg,ha,Training
Training\ha\133.jpg,ha,Training
Training\ha\134.jpg,ha,Training
Training\ha\135.jpg,ha,Training
Training\ha\136.jpg,ha,Training
Training\ha\137.jpg,ha,Training
Training\ha\138.jpg,ha,Training
Training\ha\139.jpg,ha,Training
Training\ha\14.jpg,ha,Training
Training\ha\140.jpg,ha,Training
Training\ha\141.jpg,ha,Training
Training\ha\142.jpg,ha,Training
Training\ha\143.jpg,ha,Training
Training\ha\144.jpg,ha,Training
Training\ha\145.jpg,ha,Training
Training\ha\146.jpg,ha,Training
Training\ha\147.jpg,ha,Training
Training\ha\148.jpg,ha,Training
Training\ha\149.jpg,ha,Training
Training\ha\15.jpg,ha,Training
Training\ha\150.jpg,ha,Training
Training\ha\151.jpg,ha,Training
Training\ha\152.jpg,ha,Training
Training\ha\153.jpg,ha,Training
Training\ha\154.jpg,ha,Training
Training\ha\155.jpg,ha,Training
Training\ha\156.jpg,ha,Training
Training\ha\157.jpg,ha,Training
Training\ha\158.jpg,ha,Training
Training\ha\159.jpg,ha,Training
Training\ha\16.jpg,ha,Training
Training\ha\160.jpg,ha,Training
Training\ha\161.jpg,ha,Training
Training\ha\162.jpg,ha,Training
Training\ha\163.jpg,ha,Training
Training\ha\164.jpg,ha,Training
Training\ha\165.jpg,ha,Training
Training\ha\166.jpg,ha,Training
Training\ha\167.jpg,ha,Training
Training\ha\168.jpg,ha,Training
Training\ha\169.jpg,ha,Training
Training\ha\17.jpg,ha,Training
Training\ha\170.jpg,ha,Training
Training\ha\171.jpg,ha,Training
Training\ha\172.jpg,ha,Training
Training\ha\173.jpg,ha,Training
Training\ha\174.jpg,ha,Training
Training\ha\175.jpg,ha,Training
Training\ha\176.jpg,ha,Training
Training\ha\177.jpg,ha,Training
Training\ha\178.jpg,ha,Training
Training\ha\179.jpg,ha,Training
Training\ha\18.jpg,ha,Training
Training\ha\180.jpg,ha,Training
Training\ha\181.jpg,ha,Training
Training\ha\182.jpg,ha,Training
Training\ha\183.jpg,ha,Training
Training\ha\184.jpg,ha,Training
Training\ha\185.jpg,ha,Training
Training\ha\186.jpg,ha,Training
Training\ha\187.jpg,ha,Training
Training\ha\188.jpg,ha,Training
Training\ha\189.jpg,ha,Training
Training\ha\19.jpg,ha,Training
Training\ha\190.jpg,ha,Training
Training\ha\191.jpg,ha,Training
Training\ha\192.jpg,ha,Training
Training\ha\193.jpg,ha,Training
Training\ha\194.jpg,ha,Training
Training\ha\195.jpg,ha,Training
Training\ha\196.jpg,ha,Training
Training\ha\197.jpg,ha,Training
Training\ha\198.jpg,ha,Training
Training\ha\199.jpg,ha,Training
Training\ha\2.jpg,ha,Training
Training\ha\20.jpg,ha,Training
Training\ha\200.jpg,ha,Training
Training\ha\201.jpg,ha,Training
Training\ha\202.jpg,ha,Training
Training\ha\203.jpg,ha,Training
Training\ha\204.jpg,ha,Training
Training\ha\205.jpg,ha,Training
Training\ha\206.jpg,ha,Training
Training\ha\207.jpg,ha,Training
Training\ha\208.jpg,ha,Training
Training\ha\209.jpg,ha,Training
Training\ha\21.jpg,ha,Training
Training\ha\210.jpg,ha,Training
Training\ha\211.jpg,ha,Training
Training\ha\212.jpg,ha,Training
Training\ha\213.jpg,ha,Training
Training\ha\214.jpg,ha,Training
Training\ha\215.jpg,ha,Training
Training\ha\216.jpg,ha,Training
Training\ha\217.jpg,ha,Training
Training\ha\218.jpg,ha,Training
Training\ha\219.jpg,ha,Training
Training\ha\22.jpg,ha,Training
Training\ha\220.jpg,ha,Training
Training\ha\221.jpg,ha,Training
Training\ha\222.jpg,ha,Training
Training\ha\223.jpg,ha,Training
Training\ha\224.jpg,ha,Training
Training\ha\225.jpg,ha,Training
Training\ha\226.jpg,ha,Training
Training\ha\227.jpg,ha,Training
Training\ha\228.jpg,ha,Training
Training\ha\229.jpg,ha,Training
Training\ha\23.jpg,ha,Training
Training\ha\230.jpg,ha,Training
Training\ha\231.jpg,ha,Training
Training\ha\232.jpg,ha,Training
Training\ha\233.jpg,ha,Training
Training\ha\234.jpg,ha,Training
Training\ha\235.jpg,ha,Training
Training\ha\236.jpg,ha,Training
Training\ha\237.jpg,ha,Training
Training\ha\238.jpg,ha,Training
Training\ha\239.jpg,ha,Training
Training\ha\24.jpg,ha,Training
Training\ha\240.jpg,ha,Training
Training\ha\241.jpg,ha,Training
Training\ha\242.jpg,ha,Training
Training\ha\243.jpg,ha,Training
Training\ha\244.jpg,ha,Training
Training\ha\245.jpg,ha,Training
Training\ha\246.jpg,ha,Training
Training\ha\247.jpg,ha,Training
Training\ha\248.jpg,ha,Training
Training\ha\249.jpg,ha,Training
Training\ha\25.jpg,ha,Training
Training\ha\250.jpg,ha,Training
Training\ha\251.jpg,ha,Training
Training\ha\252.jpg,ha,Training
Training\ha\253.jpg,ha,Training
Training\ha\254.jpg,ha,Training
Training\ha\255.jpg,ha,Training
Training\ha\256.jpg,ha,Training
Training\ha\257.jpg,ha,Training
Training\ha\258.jpg,ha,Training
Training\ha\259.jpg,ha,Training
Training\ha\26.jpg,ha,Training
Training\ha\260.jpg,ha,Training
Training\ha\261.jpg,ha,Training
Training\ha\262.jpg,ha,Training
Training\ha\263.jpg,ha,Training
Training\ha\264.jpg,ha,Training
Training\ha\265.jpg,ha,Training
Training\ha\266.jpg,ha,Training
Training\ha\267.jpg,ha,Training
Training\ha\268.jpg,ha,Training
Training\ha\269.jpg,ha,Training
Training\ha\27.jpg,ha,Training
Training\ha\270.jpg,ha,Training
Training\ha\271.jpg,ha,Training
Training\ha\272.jpg,ha,Training
Training\ha\273.jpg,ha,Training
Training\ha\274.jpg,ha,Training
Training\ha\275.jpg,ha,Training
Training\ha\276.jpg,ha,Training
Training\ha\277.jpg,ha,Training
Training\ha\278.jpg,ha,Training
Training\ha\279.jpg,ha,Training
Training\ha\28.jpg,ha,Training
Training\ha\280.jpg,ha,Training
Training\ha\281.jpg,ha,Training
Training\ha\282.jpg,ha,Training
Training\ha\283.jpg,ha,Training
Training\ha\284.jpg,ha,Training
Training\ha\285.jpg,ha,Training
Training\ha\286.jpg,ha,Training
Training\ha\287.jpg,ha,Training
Training\ha\288.jpg,ha,Training
Training\ha\289.jpg,ha,Training
Training\ha\29.jpg,ha,Training
Training\ha\290.jpg,ha,Training
Training\ha\291.jpg,ha,Training
Training\ha\292.jpg,ha,Training
Training\ha\293.jpg,ha,Training
Training\ha\294.jpg,ha,Training
Training\ha\295.jpg,ha,Training
Training\ha\296.jpg,ha,Training
Training\ha\297.jpg,ha,Training
Training\ha\298.jpg,ha,Training
Training\ha\299.jpg,ha,Training
Training\ha\3.jpg,ha,Training
Training\ha\30.jpg,ha,Training
Training\ha\300.jpg,ha,Training
Training\ha\301.jpg,ha,Training
Training\ha\302.jpg,ha,Training
Training\ha\303.jpg,ha,Training
Training\ha\304.jpg,ha,Training
Training\ha\305.jpg,ha,Training
Training\ha\306.jpg,ha,Training
Training\ha\307.jpg,ha,Training
Training\ha\308.jpg,ha,Training
Training\ha\309.jpg,ha,Training
Training\ha\31.jpg,ha,Training
Training\ha\310.jpg,ha,Training
Training\ha\311.jpg,ha,Training
Training\ha\312.jpg,ha,Training
Training\ha\313.jpg,ha,Training
Training\ha\314.jpg,ha,Training
Training\ha\315.jpg,ha,Training
Training\ha\316.jpg,ha,Training
Training\ha\317.jpg,ha,Training
Training\ha\318.jpg,ha,Training
Training\ha\319.jpg,ha,Training
Training\ha\32.jpg,ha,Training
Training\ha\320.jpg,ha,Training
Training\ha\321.jpg,ha,Training
Training\ha\322.jpg,ha,Training
Training\ha\323.jpg,ha,Training
Training\ha\324.jpg,ha,Training
Training\ha\325.jpg,ha,Training
Training\ha\326.jpg,ha,Training
Training\ha\327.jpg,ha,Training
Training\ha\328.jpg,ha,Training
Training\ha\329.jpg,ha,Training
Training\ha\33.jpg,ha,Training
Training\ha\330.jpg,ha,Training
Training\ha\331.jpg,ha,Training
Training\ha\332.jpg,ha,Training
Training\ha\333.jpg,ha,Training
Training\ha\334.jpg,ha,Training
Training\ha\335.jpg,ha,Training
Training\ha\336.jpg,ha,Training
Training\ha\337.jpg,ha,Training
Training\ha\338.jpg,ha,Training
Training\ha\339.jpg,ha,Training
Training\ha\34.jpg,ha,Training
Training\ha\340.jpg,ha,Training
Training\ha\341.jpg,ha,Training
Training\ha\342.jpg,ha,Training
Training\ha\343.jpg,ha,Training
Training\ha\344.jpg,ha,Training
Training\ha\345.jpg,ha,Training
Training\ha\346.jpg,ha,Training
Training\ha\347.jpg,ha,Training
Training\ha\348.jpg,ha,Training
Training\ha\349.jpg,ha,Training
Training\ha\35.jpg,ha,Training
Training\ha\350.jpg,ha,Training
Training\ha\351.jpg,ha,Training
Training\ha\352.jpg,ha,Training
Training\ha\353.jpg,ha,Training
Training\ha\354.jpg,ha,Training
Training\ha\355.jpg,ha,Training
Training\ha\356.jpg,ha,Training
Training\ha\357.jpg,ha,Training
Training\ha\358.jpg,ha,Training
Training\ha\359.jpg,ha,Training
Training\ha\36.jpg,ha,Training
Training\ha\360.jpg,ha,Training
Training\ha\361.jpg,ha,Training
Training\ha\362.jpg,ha,Training
Training\ha\363.jpg,ha,Training
Training\ha\364.jpg,ha,Training
Training\ha\365.jpg,ha,Training
Training\ha\366.jpg,ha,Training
Training\ha\367.jpg,ha,Training
Training\ha\368.jpg,ha,Training
Training\ha\369.jpg,ha,Training
Training\ha\37.jpg,ha,Training
Training\ha\370.jpg,ha,Training
Training\ha\371.jpg,ha,Training
Training\ha\372.jpg,ha,Training
Training\ha\373.jpg,ha,Training
Training\ha\374.jpg,ha,Training
Training\ha\375.jpg,ha,Training
Training\ha\376.jpg,ha,Training
Training\ha\377.jpg,ha,Training
Training\ha\378.jpg,ha,Training
Training\ha\379.jpg,ha,Training
Training\ha\38.jpg,ha,Training
Training\ha\380.jpg,ha,Training
Training\ha\381.jpg,ha,Training
Training\ha\382.jpg,ha,Training
Training\ha\383.jpg,ha,Training
Training\ha\384.jpg,ha,Training
Training\ha\385.jpg,ha,Training
Training\ha\386.jpg,ha,Training
Training\ha\387.jpg,ha,Training
Training\ha\388.jpg,ha,Training
Training\ha\389.jpg,ha,Training
Training\ha\39.jpg,ha,Training
Training\ha\390.jpg,ha,Training
Training\ha\391.jpg,ha,Training
Training\ha\392.jpg,ha,Training
Training\ha\393.jpg,ha,Training
Training\ha\394.jpg,ha,Training
Training\ha\395.jpg,ha,Training
Training\ha\396.jpg,ha,Training
Training\ha\397.jpg,ha,Training
Training\ha\398.jpg,ha,Training
Training\ha\399.jpg,ha,Training
Training\ha\4.jpg,ha,Training
Training\ha\40.jpg,ha,Training
Training\ha\400.jpg,ha,Training
Training\ha\401.jpg,ha,Training
Training\ha\402.jpg,ha,Training
Training\ha\403.jpg,ha,Training
Training\ha\404.jpg,ha,Training
Training\ha\405.jpg,ha,Training
Training\ha\406.jpg,ha,Training
Training\ha\407.jpg,ha,Training
Training\ha\408.jpg,ha,Training
Training\ha\409.jpg,ha,Training
Training\ha\41.jpg,ha,Training
Training\ha\410.jpg,ha,Training
Training\ha\411.jpg,ha,Training
Training\ha\412.jpg,ha,Training
Training\ha\413.jpg,ha,Training
Training\ha\414.jpg,ha,Training
Training\ha\415.jpg,ha,Training
Training\ha\416.jpg,ha,Training
Training\ha\417.jpg,ha,Training
Training\ha\418.jpg,ha,Training
Training\ha\419.jpg,ha,Training
Training\ha\42.jpg,ha,Training
Training\ha\420.jpg,ha,Training
Training\ha\43.jpg,ha,Training
Training\ha\44.jpg,ha,Training
Training\ha\45.jpg,ha,Training
Training\ha\46.jpg,ha,Training
Training\ha\47.jpg,ha,Training
Training\ha\48.jpg,ha,Training
Training\ha\49.jpg,ha,Training
Training\ha\5.jpg,ha,Training
Training\ha\50.jpg,ha,Training
Training\ha\51.jpg,ha,Training
Training\ha\52.jpg,ha,Training
Training\ha\53.jpg,ha,Training
Training\ha\54.jpg,ha,Training
Training\ha\55.jpg,ha,Training
Training\ha\56.jpg,ha,Training
Training\ha\57.jpg,ha,Training
Training\ha\58.jpg,ha,Training
Training\ha\59.jpg,ha,Training
Training\ha\6.jpg,ha,Training
Training\ha\60.jpg,ha,Training
Training\ha\61.jpg,ha,Training
Training\ha\62.jpg,ha,Training
Training\ha\63.jpg,ha,Training
Training\ha\64.jpg,ha,Training
Training\ha\65.jpg,ha,Training
Training\ha\66.jpg,ha,Training
Training\ha\67.jpg,ha,Training
Training\ha\68.jpg,ha,Training
Training\ha\69.jpg,ha,Training
Training\ha\7.jpg,ha,Training
Training\ha\70.jpg,ha,Training
Training\ha\71.jpg,ha,Training
Training\ha\72.jpg,ha,Training
Training\ha\73.jpg,ha,Training
Training\ha\74.jpg,ha,Training
Training\ha\75.jpg,ha,Training
Training\ha\76.jpg,ha,Training
Training\ha\77.jpg,ha,Training
Training\ha\78.jpg,ha,Training
Training\ha\79.jpg,ha,Training
Training\ha\8.jpg,ha,Training
Training\ha\80.jpg,ha,Training
Training\ha\81.jpg,ha,Training
Training\ha\82.jpg,ha,Training
Training\ha\83.jpg,ha,Training
Training\ha\84.jpg,ha,Training
Training\ha\85.jpg,ha,Training
Training\ha\86.jpg,ha,Training
Training\ha\87.jpg,ha,Training
Training\ha\88.jpg,ha,Training
Training\ha\89.jpg,ha,Training
Training\ha\9.jpg,ha,Training
Training\ha\90.jpg,ha,Training
Training\ha\91.jpg,ha,Training
Training\ha\92.jpg,ha,Training
Training\ha\93.jpg,ha,Training
Training\ha\94.jpg,ha,Training
Training\ha\95.jpg,ha,Training
Training\ha\96.jpg,ha,Training
Training\ha\97.jpg,ha,Training
Training\ha\98.jpg,ha,Training
Training\ha\99.jpg,ha,Training
Training\i\1.jpg,i,Training
Training\i\10.jpg,i,Training
Training\i\100.jpg,i,Training
Training\i\101.jpg,i,Training
Training\i\102.jpg,i,Training
Training\i\103.jpg,i,Training
Training\i\104.jpg,i,Training
Training\i\105.jpg,i,Training
Training\i\106.jpg,i,Training
Training\i\107.jpg,i,Training
Training\i\108.jpg,i,Training
Training\i\109.jpg,i,Training
Training\i\11.jpg,i,Training
Training\i\110.jpg,i,Training
Training\i\111.jpg,i,Training
Training\i\112.jpg,i,Training
Training\i\113.jpg,i,Training
Training\i\114.jpg,i,Training
Training\i\115.jpg,i,Training
Training\i\116.jpg,i,Training
Training\i\117.jpg,i,Training
Training\i\118.jpg,i,Training
Training\i\119.jpg,i,Training
Training\i\12.jpg,i,Training
Training\i\120.jpg,i,Training
Training\i\121.jpg,i,Training
Training\i\122.jpg,i,Training
Training\i\123.jpg,i,Training
Training\i\124.jpg,i,Training
Training\i\125.jpg,i,Training
Training\i\126.jpg,i,Training
Training\i\127.jpg,i,Training
Training\i\128.jpg,i,Training
Training\i\129.jpg,i,Training
Training\i\13.jpg,i,Training
Training\i\130.jpg,i,Training
Training\i\131.jpg,i,Training
Training\i\132.jpg,i,Training
Training\i\133.jpg,i,Training
Training\i\134.jpg,i,Training
Training\i\135.jpg,i,Training
Training\i\136.jpg,i,Training
Training\i\137.jpg,i,Training
Training\i\138.jpg,i,Training
Training\i\139.jpg,i,Training
Training\i\14.jpg,i,Training
Training\i\140.jpg,i,Training
Training\i\141.jpg,i,Training
Training\i\142.jpg,i,Training
Training\i\143.jpg,i,Training
Training\i\144.jpg,i,Training
Training\i\145.jpg,i,Training
Training\i\146.jpg,i,Training
Training\i\147.jpg,i,Training
Training\i\148.jpg,i,Training
Training\i\149.jpg,i,Training
Training\i\15.jpg,i,Training
Training\i\150.jpg,i,Training
Training\i\151.jpg,i,Training
Training\i\152.jpg,i,Training
Training\i\153.jpg,i,Training
Training\i\154.jpg,i,Training
Training\i\155.jpg,i,Training
Training\i\156.jpg,i,Training
Training\i\157.jpg,i,Training
Training\i\158.jpg,i,Training
Training\i\159.jpg,i,Training
Training\i\16.jpg,i,Training
Training\i\160.jpg,i,Training
Training\i\161.jpg,i,Training
Training\i\162.jpg,i,Training
Training\i\163.jpg,i,Training
Training\i\164.jpg,i,Training
Training\i\165.jpg,i,Training
Training\i\166.jpg,i,Training
Training\i\167.jpg,i,Training
Training\i\168.jpg,i,Training
Training\i\169.jpg,i,Training
Training\i\17.jpg,i,Training
Training\i\170.jpg,i,Training
Training\i\171.jpg,i,Training
Training\i\172.jpg,i,Training
Training\i\173.jpg,i,Training
Training\i\174.jpg,i,Training
Training\i\175.jpg,i,Training
Training\i\176.jpg,i,Training
Training\i\177.jpg,i,Training
Training\i\178.jpg,i,Training
Training\i\179.jpg,i,Training
Training\i\18.jpg,i,Training
Training\i\180.jpg,i,Training
Training\i\181.jpg,i,Training
Training\i\182.jpg,i,Training
Training\i\183.jpg,i,Training
Training\i\184.jpg,i,Training
Training\i\185.jpg,i,Training
Training\i\186.jpg,i,Training
Training\i\187.jpg,i,Training
Training\i\188.jpg,i,Training
Training\i\189.jpg,i,Training
Training\i\19.jpg,i,Training
Training\i\190.jpg,i,Training
Training\i\191.jpg,i,Training
Training\i\192.jpg,i,Training
Training\i\193.jpg,i,Training
Training\i\194.jpg,i,Training
Training\i\195.jpg,i,Training
Training\i\196.jpg,i,Training
Training\i\197.jpg,i,Training
Training\i\198.jpg,i,Training
Training\i\199.jpg,i,Training
Training\i\2.jpg,i,Training
Training\i\20.jpg,i,Training
Training\i\200.jpg,i,Training
Training\i\201.jpg,i,Training
Training\i\202.jpg,i,Training
Training\i\203.jpg,i,Training
Training\i\204.jpg,i,Training
Training\i\205.jpg,i,Training
Training\i\206.jpg,i,Training
Training\i\207.jpg,i,Training
Training\i\208.jpg,i,Training
Training\i\209.jpg,i,Training
Training\i\21.jpg,i,Training
Training\i\210.jpg,i,Training
Training\i\211.jpg,i,Training
Training\i\212.jpg,i,Training
Training\i\213.jpg,i,Training
Training\i\214.jpg,i,Training
Training\i\215.jpg,i,Training
Training\i\216.jpg,i,Training
Training\i\217.jpg,i,Training
Training\i\218.jpg,i,Training
Training\i\219.jpg,i,Training
Training\i\22.jpg,i,Training
Training\i\220.jpg,i,Training
Training\i\221.jpg,i,Training
Training\i\222.jpg,i,Training
Training\i\223.jpg,i,Training
Training\i\224.jpg,i,Training
Training\i\225.jpg,i,Training
Training\i\226.jpg,i,Training
Training\i\227.jpg,i,Training
Training\i\228.jpg,i,Training
Training\i\229.jpg,i,Training
Training\i\23.jpg,i,Training
Training\i\230.jpg,i,Training
Training\i\231.jpg,i,Training
Training\i\232.jpg,i,Training
Training\i\233.jpg,i,Training
Training\i\234.jpg,i,Training
Training\i\235.jpg,i,Training
Training\i\236.jpg,i,Training
Training\i\237.jpg,i,Training
Training\i\238.jpg,i,Training
Training\i\239.jpg,i,Training
Training\i\24.jpg,i,Training
Training\i\240.jpg,i,Training
Training\i\241.jpg,i,Training
Training\i\242.jpg,i,Training
Training\i\243.jpg,i,Training
Training\i\244.jpg,i,Training
Training\i\245.jpg,i,Training
Training\i\246.jpg,i,Training
Training\i\247.jpg,i,Training
Training\i\248.jpg,i,Training
Training\i\249.jpg,i,Training
Training\i\25.jpg,i,Training
Training\i\250.jpg,i,Training
Training\i\251.jpg,i,Training
Training\i\252.jpg,i,Training
Training\i\253.jpg,i,Training
Training\i\254.jpg,i,Training
Training\i\255.jpg,i,Training
Training\i\256.jpg,i,Training
Training\i\257.jpg,i,Training
Training\i\258.jpg,i,Training
Training\i\259.jpg,i,Training
Training\i\26.jpg,i,Training
Training\i\260.jpg,i,Training
Training\i\261.jpg,i,Training
Training\i\262.jpg,i,Training
Training\i\263.jpg,i,Training
Training\i\264.jpg,i,Training
Training\i\265.jpg,i,Training
Training\i\266.jpg,i,Training
Training\i\267.jpg,i,Training
Training\i\268.jpg,i,Training
Training\i\269.jpg,i,Training
Training\i\27.jpg,i,Training
Training\i\270.jpg,i,Training
Training\i\271.jpg,i,Training
Training\i\272.jpg,i,Training
Training\i\273.jpg,i,Training
Training\i\274.jpg,i,Training
Training\i\275.jpg,i,Training
Training\i\276.jpg,i,Training
Training\i\277.jpg,i,Training
Training\i\278.jpg,i,Training
Training\i\279.jpg,i,Training
Training\i\28.jpg,i,Training
Training\i\280.jpg,i,Training
Training\i\281.jpg,i,Training
Training\i\282.jpg,i,Training
Training\i\283.jpg,i,Training
Training\i\284.jpg,i,Training
Training\i\285.jpg,i,Training
Training\i\286.jpg,i,Training
Training\i\287.jpg,i,Training
Training\i\288.jpg,i,Training
Training\i\289.jpg,i,Training
Training\i\29.jpg,i,Training
Training\i\290.jpg,i,Training
Training\i\291.jpg,i,Training
Training\i\292.jpg,i,Training
Training\i\293.jpg,i,Training
Training\i\294.jpg,i,Training
Training\i\295.jpg,i,Training
Training\i\296.jpg,i,Training
Training\i\297.jpg,i,Training
Training\i\298.jpg,i,Training
Training\i\299.jpg,i,Training
Training\i\3.jpg,i,Training
Training\i\30.jpg,i,Training
Training\i\300.jpg,i,Training
Training\i\301.jpg,i,Training
Training\i\302.jpg,i,Training
Training\i\303.jpg,i,Training
Training\i\304.jpg,i,Training
Training\i\305.jpg,i,Training
Training\i\306.jpg,i,Training
Training\i\307.jpg,i,Training
Training\i\308.jpg,i,Training
Training\i\309.jpg,i,Training
Training\i\31.jpg,i,Training
Training\i\310.jpg,i,Training
Training\i\311.jpg,i,Training
Training\i\312.jpg,i,Training
Training\i\313.jpg,i,Training
Training\i\314.jpg,i,Training
Training\i\315.jpg,i,Training
Training\i\316.jpg,i,Training
Training\i\317.jpg,i,Training
Training\i\318.jpg,i,Training
Training\i\319.jpg,i,Training
Training\i\32.jpg,i,Training
Training\i\320.jpg,i,Training
Training\i\321.jpg,i,Training
Training\i\322.jpg,i,Training
Training\i\323.jpg,i,Training
Training\i\324.jpg,i,Training
Training\i\325.jpg,i,Training
Training\i\326.jpg,i,Training
Training\i\327.jpg,i,Training
Training\i\328.jpg,i,Training
Training\i\329.jpg,i,Training
Training\i\33.jpg,i,Training
Training\i\330.jpg,i,Training
Training\i\331.jpg,i,Training
Training\i\332.jpg,i,Training
Training\i\333.jpg,i,Training
Training\i\334.jpg,i,Training
Training\i\335.jpg,i,Training
Training\i\336.jpg,i,Training
Training\i\337.jpg,i,Training
Training\i\338.jpg,i,Training
Training\i\339.jpg,i,Training
Training\i\34.jpg,i,Training
Training\i\340.jpg,i,Training
Training\i\341.jpg,i,Training
Training\i\342.jpg,i,Training
Training\i\343.jpg,i,Training
Training\i\344.jpg,i,Training
Training\i\345.jpg,i,Training
Training\i\346.jpg,i,Training
Training\i\347.jpg,i,Training
Training\i\348.jpg,i,Training
Training\i\349.jpg,i,Training
Training\i\35.jpg,i,Training
Training\i\350.jpg,i,Training
Training\i\351.jpg,i,Training
Training\i\352.jpg,i,Training
Training\i\353.jpg,i,Training
Training\i\354.jpg,i,Training
Training\i\355.jpg,i,Training
Training\i\356.jpg,i,Training
Training\i\357.jpg,i,Training
Training\i\358.jpg,i,Training
Training\i\359.jpg,i,Training
Training\i\36.jpg,i,Training
Training\i\360.jpg,i,Training
Training\i\361.jpg,i,Training
Training\i\362.jpg,i,Training
Training\i\363.jpg,i,Training
Training\i\364.jpg,i,Training
Training\i\365.jpg,i,Training
Training\i\366.jpg,i,Training
Training\i\367.jpg,i,Training
Training\i\368.jpg,i,Training
Training\i\369.jpg,i,Training
Training\i\37.jpg,i,Training
Training\i\370.jpg,i,Training
Training\i\371.jpg,i,Training
Training\i\372.jpg,i,Training
Training\i\373.jpg,i,Training
Training\i\374.jpg,i,Training
Training\i\375.jpg,i,Training
Training\i\376.jpg,i,Training
Training\i\377.jpg,i,Training
Training\i\378.jpg,i,Training
Training\i\379.jpg,i,Training
Training\i\38.jpg,i,Training
Training\i\380.jpg,i,Training
Training\i\381.jpg,i,Training
Training\i\382.jpg,i,Training
Training\i\383.jpg,i,Training
Training\i\384.jpg,i,Training
Training\i\385.jpg,i,Training
Training\i\386.jpg,i,Training
Training\i\387.jpg,i,Training
Training\i\388.jpg,i,Training
Training\i\389.jpg,i,Training
Training\i\39.jpg,i,Training
Training\i\390.jpg,i,Training
Training\i\391.jpg,i,Training
Training\i\392.jpg,i,Training
Training\i\393.jpg,i,Training
Training\i\394.jpg,i,Training
Training\i\395.jpg,i,Training
Training\i\396.jpg,i,Training
Training\i\397.jpg,i,Training
Training\i\398.jpg,i,Training
Training\i\399.jpg,i,Training
Training\i\4.jpg,i,Training
Training\i\40.jpg,i,Training
Training\i\400.jpg,i,Training
Training\i\401.jpg,i,Training
Training\i\402.jpg,i,Training
Training\i\403.jpg,i,Training
Training\i\404.jpg,i,Training
Training\i\405.jpg,i,Training
Training\i\406.jpg,i,Training
Training\i\407.jpg,i,Training
Training\i\408.jpg,i,Training
Training\i\409.jpg,i,Training
Training\i\41.jpg,i,Training
Training\i\410.jpg,i,Training
Training\i\411.jpg,i,Training
Training\i\412.jpg,i,Training
Training\i\413.jpg,i,Training
Training\i\414.jpg,i,Training
Training\i\415.jpg,i,Training
Training\i\416.jpg,i,Training
Training\i\417.jpg,i,Training
Training\i\418.jpg,i,Training
Training\i\419.jpg,i,Training
Training\i\42.jpg,i,Training
Training\i\420.jpg,i,Training
Training\i\43.jpg,i,Training
Training\i\44.jpg,i,Training
Training\i\45.jpg,i,Training
Training\i\46.jpg,i,Training
Training\i\47.jpg,i,Training
Training\i\48.jpg,i,Training
Training\i\49.jpg,i,Training
Training\i\5.jpg,i,Training
Training\i\50.jpg,i,Training
Training\i\51.jpg,i,Training
Training\i\52.jpg,i,Training
Training\i\53.jpg,i,Training
Training\i\54.jpg,i,Training
Training\i\55.jpg,i,Training
Training\i\56.jpg,i,Training
Training\i\57.jpg,i,Training
Training\i\58.jpg,i,Training
Training\i\59.jpg,i,Training
Training\i\6.jpg,i,Training
Training\i\60.jpg,i,Training
Training\i\61.jpg,i,Training
Training\i\62.jpg,i,Training
Training\i\63.jpg,i,Training
Training\i\64.jpg,i,Training
Training\i\65.jpg,i,Training
Training\i\66.jpg,i,Training
Training\i\67.jpg,i,Training
Training\i\68.jpg,i,Training
Training\i\69.jpg,i,Training
Training\i\7.jpg,i,Training
Training\i\70.jpg,i,Training
Training\i\71.jpg,i,Training
Training\i\72.jpg,i,Training
Training\i\73.jpg,i,Training
Training\i\74.jpg,i,Training
Training\i\75.jpg,i,Training
Training\i\76.jpg,i,Training
Training\i\77.jpg,i,Training
Training\i\78.jpg,i,Training
Training\i\79.jpg,i,Training
Training\i\8.jpg,i,Training
Training\i\80.jpg,i,Training
Training\i\81.jpg,i,Training
Training\i\82.jpg,i,Training
Training\i\83.jpg,i,Training
Training\i\84.jpg,i,Training
Training\i\85.jpg,i,Training
Training\i\86.jpg,i,Training
Training\i\87.jpg,i,Training
Training\i\88.jpg,i,Training
Training\i\89.jpg,i,Training
Training\i\9.jpg,i,Training
Training\i\90.jpg,i,Training
Training\i\91.jpg,i,Training
Training\i\92.jpg,i,Training
Training\i\93.jpg,i,Training
Training\i\94.jpg,i,Training
Training\i\95.jpg,i,Training
Training\i\96.jpg,i,Training
Training\i\97.jpg,i,Training
Training\i\98.jpg,i,Training
Training\i\99.jpg,i,Training
Training\ja\1.jpg,ja,Training
Training\ja\10.jpg,ja,Training
Training\ja\100.jpg,ja,Training
Training\ja\101.jpg,ja,Training
Training\ja\102.jpg,ja,Training
Training\ja\103.jpg,ja,Training
Training\ja\104.jpg,ja,Training
Training\ja\105.jpg,ja,Training
Training\ja\106.jpg,ja,Training
Training\ja\107.jpg,ja,Training
Training\ja\108.jpg,ja,Training
Training\ja\109.jpg,ja,Training
Training\ja\11.jpg,ja,Training
Training\ja\110.jpg,ja,Training
Training\ja\111.jpg,ja,Training
Training\ja\112.jpg,ja,Training
Training\ja\113.jpg,ja,Training
Training\ja\114.jpg,ja,Training
Training\ja\115.jpg,ja,Training
Training\ja\116.jpg,ja,Training
Training\ja\117.jpg,ja,Training
Training\ja\118.jpg,ja,Training
Training\ja\119.jpg,ja,Training
Training\ja\12.jpg,ja,Training
Training\ja\120.jpg,ja,Training
Training\ja\121.jpg,ja,Training
Training\ja\122.jpg,ja,Training
Training\ja\123.jpg,ja,Training
Training\ja\124.jpg,ja,Training
Training\ja\125.jpg,ja,Training
Training\ja\126.jpg,ja,Training
Training\ja\127.jpg,ja,Training
Training\ja\128.jpg,ja,Training
Training\ja\129.jpg,ja,Training
Training\ja\13.jpg,ja,Training
Training\ja\130.jpg,ja,Training
Training\ja\131.jpg,ja,Training
Training\ja\132.jpg,ja,Training
Training\ja\133.jpg,ja,Training
Training\ja\134.jpg,ja,Training
Training\ja\135.jpg,ja,Training
Training\ja\136.jpg,ja,Training
Training\ja\137.jpg,ja,Training
Training\ja\138.jpg,ja,Training
Training\ja\139.jpg,ja,Training
Training\ja\14.jpg,ja,Training
Training\ja\140.jpg,ja,Training
Training\ja\141.jpg,ja,Training
Training\ja\142.jpg,ja,Training
Training\ja\143.jpg,ja,Training
Training\ja\144.jpg,ja,Training
Training\ja\145.jpg,ja,Training
Training\ja\146.jpg,ja,Training
Training\ja\147.jpg,ja,Training
Training\ja\148.jpg,ja,Training
Training\ja\149.jpg,ja,Training
Training\ja\15.jpg,ja,Training
Training\ja\150.jpg,ja,Training
Training\ja\151.jpg,ja,Training
Training\ja\152.jpg,ja,Training
Training\ja\153.jpg,ja,Training
Training\ja\154.jpg,ja,Training
Training\ja\155.jpg,ja,Training
Training\ja\156.jpg,ja,Training
Training\ja\157.jpg,ja,Training
Training\ja\158.jpg,ja,Training
Training\ja\159.jpg,ja,Training
Training\ja\16.jpg,ja,Training
Training\ja\160.jpg,ja,Training
Training\ja\161.jpg,ja,Training
Training\ja\162.jpg,ja,Training
Training\ja\163.jpg,ja,Training
Training\ja\164.jpg,ja,Training
Training\ja\165.jpg,ja,Training
Training\ja\166.jpg,ja,Training
Training\ja\167.jpg,ja,Training
Training\ja\168.jpg,ja,Training
Training\ja\169.jpg,ja,Training
Training\ja\17.jpg,ja,Training
Training\ja\170.jpg,ja,Training
Training\ja\171.jpg,ja,Training
Training\ja\172.jpg,ja,Training
Training\ja\173.jpg,ja,Training
Training\ja\174.jpg,ja,Training
Training\ja\175.jpg,ja,Training
Training\ja\176.jpg,ja,Training
Training\ja\177.jpg,ja,Training
Training\ja\178.jpg,ja,Training
Training\ja\179.jpg,ja,Training
Training\ja\18.jpg,ja,Training
Training\ja\180.jpg,ja,Training
Training\ja\181.jpg,ja,Training
Training\ja\182.jpg,ja,Training
Training\ja\183.jpg,ja,Training
Training\ja\184.jpg,ja,Training
Training\ja\185.jpg,ja,Training
Training\ja\186.jpg,ja,Training
Training\ja\187.jpg,ja,Training
Training\ja\188.jpg,ja,Training
Training\ja\189.jpg,ja,Training
Training\ja\19.jpg,ja,Training
Training\ja\190.jpg,ja,Training
Training\ja\191.jpg,ja,Training
Training\ja\192.jpg,ja,Training
Training\ja\193.jpg,ja,Training
Training\ja\194.jpg,ja,Training
Training\ja\195.jpg,ja,Training
Training\ja\196.jpg,ja,Training
Training\ja\197.jpg,ja,Training
Training\ja\198.jpg,ja,Training
Training\ja\199.jpg,ja,Training
Training\ja\2.jpg,ja,Training
Training\ja\20.jpg,ja,Training
Training\ja\200.jpg,ja,Training
Training\ja\201.jpg,ja,Training
Training\ja\202.jpg,ja,Training
Training\ja\203.jpg,ja,Training
Training\ja\204.jpg,ja,Training
Training\ja\205.jpg,ja,Training
Training\ja\206.jpg,ja,Training
Training\ja\207.jpg,ja,Training
Training\ja\208.jpg,ja,Training
Training\ja\209.jpg,ja,Training
Training\ja\21.jpg,ja,Training
Training\ja\210.jpg,ja,Training
Training\ja\211.jpg,ja,Training
Training\ja\212.jpg,ja,Training
Training\ja\213.jpg,ja,Training
Training\ja\214.jpg,ja,Training
Training\ja\215.jpg,ja,Training
Training\ja\216.jpg,ja,Training
Training\ja\217.jpg,ja,Training
Training\ja\218.jpg,ja,Training
Training\ja\219.jpg,ja,Training
Training\ja\22.jpg,ja,Training
Training\ja\220.jpg,ja,Training
Training\ja\221.jpg,ja,Training
Training\ja\222.jpg,ja,Training
Training\ja\223.jpg,ja,Training
Training\ja\224.jpg,ja,Training
Training\ja\225.jpg,ja,Training
Training\ja\226.jpg,ja,Training
Training\ja\227.jpg,ja,Training
Training\ja\228.jpg,ja,Training
Training\ja\229.jpg,ja,Training
Training\ja\23.jpg,ja,Training
Training\ja\230.jpg,ja,Training
Training\ja\231.jpg,ja,Training
Training\ja\232.jpg,ja,Training
Training\ja\233.jpg,ja,Training
Training\ja\234.jpg,ja,Training
Training\ja\235.jpg,ja,Training
Training\ja\236.jpg,ja,Training
Training\ja\237.jpg,ja,Training
Training\ja\238.jpg,ja,Training
Training\ja\239.jpg,ja,Training
Training\ja\24.jpg,ja,Training
Training\ja\240.jpg,ja,Training
Training\ja\241.jpg,ja,Training
Training\ja\242.jpg,ja,Training
Training\ja\243.jpg,ja,Training
Training\ja\244.jpg,ja,Training
Training\ja\245.jpg,ja,Training
Training\ja\246.jpg,ja,Training
Training\ja\247.jpg,ja,Training
Training\ja\248.jpg,ja,Training
Training\ja\249.jpg,ja,Training
Training\ja\25.jpg,ja,Training
Training\ja\250.jpg,ja,Training
Training\ja\251.jpg,ja,Training
Training\ja\252.jpg,ja,Training
Training\ja\253.jpg,ja,Training
Training\ja\254.jpg,ja,Training
Training\ja\255.jpg,ja,Training
Training\ja\256.jpg,ja,Training
Training\ja\257.jpg,ja,Training
Training\ja\258.jpg,ja,Training
Training\ja\259.jpg,ja,Training
Training\ja\26.jpg,ja,Training
Training\ja\260.jpg,ja,Training
Training\ja\261.jpg,ja,Training
Training\ja\262.jpg,ja,Training
Training\ja\263.jpg,ja,Training
Training\ja\264.jpg,ja,Training
Training\ja\265.jpg,ja,Training
Training\ja\266.jpg,ja,Training
Training\ja\267.jpg,ja,Training
Training\ja\268.jpg,ja,Training
Training\ja\269.jpg,ja,Training
Training\ja\27.jpg,ja,Training
Training\ja\270.jpg,ja,Training
Training\ja\271.jpg,ja,Training
Training\ja\272.jpg,ja,Training
Training\ja\273.jpg,ja,Training
Training\ja\274.jpg,ja,Training
Training\ja\275.jpg,ja,Training
Training\ja\276.jpg,ja,Training
Training\ja\277.jpg,ja,Training
Training\ja\278.jpg,ja,Training
Training\ja\279.jpg,ja,Training
Training\ja\28.jpg,ja,Training
Training\ja\280.jpg,ja,Training
Training\ja\281.jpg,ja,Training
Training\ja\282.jpg,ja,Training
Training\ja\283.jpg,ja,Training
Training\ja\284.jpg,ja,Training
Training\ja\285.jpg,ja,Training
Training\ja\286.jpg,ja,Training
Training\ja\287.jpg,ja,Training
Training\ja\288.jpg,ja,Training
Training\ja\289.jpg,ja,Training
Training\ja\29.jpg,ja,Training
Training\ja\290.jpg,ja,Training
Training\ja\291.jpg,ja,Training
Training\ja\292.jpg,ja,Training
Training\ja\293.jpg,ja,Training
Training\ja\294.jpg,ja,Training
Training\ja\295.jpg,ja,Training
Training\ja\296.jpg,ja,Training
Training\ja\297.jpg,ja,Training
Training\ja\298.jpg,ja,Training
Training\ja\299.jpg,ja,Training
Training\ja\3.jpg,ja,Training
Training\ja\30.jpg,ja,Training
Training\ja\300.jpg,ja,Training
Training\ja\301.jpg,ja,Training
Training\ja\302.jpg,ja,Training
Training\ja\303.jpg,ja,Training
Training\ja\304.jpg,ja,Training
Training\ja\305.jpg,ja,Training
Training\ja\306.jpg,ja,Training
Training\ja\307.jpg,ja,Training
Training\ja\308.jpg,ja,Training
Training\ja\309.jpg,ja,Training
Training\ja\31.jpg,ja,Training
Training\ja\310.jpg,ja,Training
Training\ja\311.jpg,ja,Training
Training\ja\312.jpg,ja,Training
Training\ja\313.jpg,ja,Training
Training\ja\314.jpg,ja,Training
Training\ja\315.jpg,ja,Training
Training\ja\316.jpg,ja,Training
Training\ja\317.jpg,ja,Training
Training\ja\318.jpg,ja,Training
Training\ja\319.jpg,ja,Training
Training\ja\32.jpg,ja,Training
Training\ja\320.jpg,ja,Training
Training\ja\321.jpg,ja,Training
Training\ja\322.jpg,ja,Training
Training\ja\323.jpg,ja,Training
Training\ja\324.jpg,ja,Training
Training\ja\325.jpg,ja,Training
Training\ja\326.jpg,ja,Training
Training\ja\327.jpg,ja,Training
Training\ja\328.jpg,ja,Training
Training\ja\329.jpg,ja,Training
Training\ja\33.jpg,ja,Training
Training\ja\330.jpg,ja,Training
Training\ja\331.jpg,ja,Training
Training\ja\332.jpg,ja,Training
Training\ja\333.jpg,ja,Training
Training\ja\334.jpg,ja,Training
Training\ja\335.jpg,ja,Training
Training\ja\336.jpg,ja,Training
Training\ja\337.jpg,ja,Training
Training\ja\338.jpg,ja,Training
Training\ja\339.jpg,ja,Training
Training\ja\34.jpg,ja,Training
Training\ja\340.jpg,ja,Training
Training\ja\341.jpg,ja,Training
Training\ja\342.jpg,ja,Training
Training\ja\343.jpg,ja,Training
Training\ja\344.jpg,ja,Training
Training\ja\345.jpg,ja,Training
Training\ja\346.jpg,ja,Training
Training\ja\347.jpg,ja,Training
Training\ja\348.jpg,ja,Training
Training\ja\349.jpg,ja,Training
Training\ja\35.jpg,ja,Training
Training\ja\350.jpg,ja,Training
Training\ja\351.jpg,ja,Training
Training\ja\352.jpg,ja,Training
Training\ja\353.jpg,ja,Training
Training\ja\354.jpg,ja,Training
Training\ja\355.jpg,ja,Training
Training\ja\356.jpg,ja,Training
Training\ja\357.jpg,ja,Training
Training\ja\358.jpg,ja,Training
Training\ja\359.jpg,ja,Training
Training\ja\36.jpg,ja,Training
Training\ja\360.jpg,ja,Training
Training\ja\361.jpg,ja,Training
Training\ja\362.jpg,ja,Training
Training\ja\363.jpg,ja,Training
Training\ja\364.jpg,ja,Training
Training\ja\365.jpg,ja,Training
Training\ja\366.jpg,ja,Training
Training\ja\367.jpg,ja,Training
Training\ja\368.jpg,ja,Training
Training\ja\369.jpg,ja,Training
Training\ja\37.jpg,ja,Training
Training\ja\370.jpg,ja,Training
Training\ja\371.jpg,ja,Training
Training\ja\372.jpg,ja,Training
Training\ja\373.jpg,ja,Training
Training\ja\374.jpg,ja,Training
Training\ja\375.jpg,ja,Training
Training\ja\376.jpg,ja,Training
Training\ja\377.jpg,ja,Training
Training\ja\378.jpg,ja,Training
Training\ja\379.jpg,ja,Training
Training\ja\38.jpg,ja,Training
Training\ja\380.jpg,ja,Training
Training\ja\381.jpg,ja,Training
Training\ja\382.jpg,ja,Training
Training\ja\383.jpg,ja,Training
Training\ja\384.jpg,ja,Training
Training\ja\385.jpg,ja,Training
Training\ja\386.jpg,ja,Training
Training\ja\387.jpg,ja,Training
Training\ja\388.jpg,ja,Training
Training\ja\389.jpg,ja,Training
Training\ja\39.jpg,ja,Training
Training\ja\390.jpg,ja,Training
Training\ja\391.jpg,ja,Training
Training\ja\392.jpg,ja,Training
Training\ja\393.jpg,ja,Training
Training\ja\394.jpg,ja,Training
Training\ja\395.jpg,ja,Training
Training\ja\396.jpg,ja,Training
Training\ja\397.jpg,ja,Training
Training\ja\398.jpg,ja,Training
Training\ja\399.jpg,ja,Training
Training\ja\4.jpg,ja,Training
Training\ja\40.jpg,ja,Training
Training\ja\400.jpg,ja,Training
Training\ja\401.jpg,ja,Training
Training\ja\402.jpg,ja,Training
Training\ja\403.jpg,ja,Training
Training\ja\404.jpg,ja,Training
Training\ja\405.jpg,ja,Training
Training\ja\406.jpg,ja,Training
Training\ja\407.jpg,ja,Training
Training\ja\408.jpg,ja,Training
Training\ja\409.jpg,ja,Training
Training\ja\41.jpg,ja,Training
Training\ja\410.jpg,ja,Training
Training\ja\411.jpg,ja,Training
Training\ja\412.jpg,ja,Training
Training\ja\413.jpg,ja,Training
Training\ja\414.jpg,ja,Training
Training\ja\415.jpg,ja,Training
Training\ja\416.jpg,ja,Training
Training\ja\417.jpg,ja,Training
Training\ja\418.jpg,ja,Training
Training\ja\419.jpg,ja,Training
Training\ja\42.jpg,ja,Training
Training\ja\420.jpg,ja,Training
Training\ja\43.jpg,ja,Training
Training\ja\44.jpg,ja,Training
Training\ja\45.jpg,ja,Training
Training\ja\46.jpg,ja,Training
Training\ja\47.jpg,ja,Training
Training\ja\48.jpg,ja,Training
Training\ja\49.jpg,ja,Training
Training\ja\5.jpg,ja,Training
Training\ja\50.jpg,ja,Training
Training\ja\51.jpg,ja,Training
Training\ja\52.jpg,ja,Training
Training\ja\53.jpg,ja,Training
Training\ja\54.jpg,ja,Training
Training\ja\55.jpg,ja,Training
Training\ja\56.jpg,ja,Training
Training\ja\57.jpg,ja,Training
Training\ja\58.jpg,ja,Training
Training\ja\59.jpg,ja,Training
Training\ja\6.jpg,ja,Training
Training\ja\60.jpg,ja,Training
Training\ja\61.jpg,ja,Training
Training\ja\62.jpg,ja,Training
Training\ja\63.jpg,ja,Training
Training\ja\64.jpg,ja,Training
Training\ja\65.jpg,ja,Training
Training\ja\66.jpg,ja,Training
Training\ja\67.jpg,ja,Training
Training\ja\68.jpg,ja,Training
Training\ja\69.jpg,ja,Training
Training\ja\7.jpg,ja,Training
Training\ja\70.jpg,ja,Training
Training\ja\71.jpg,ja,Training
Training\ja\72.jpg,ja,Training
Training\ja\73.jpg,ja,Training
Training\ja\74.jpg,ja,Training
Training\ja\75.jpg,ja,Training
Training\ja\76.jpg,ja,Training
Training\ja\77.jpg,ja,Training
Training\ja\78.jpg,ja,Training
Training\ja\79.jpg,ja,Training
Training\ja\8.jpg,ja,Training
Training\ja\80.jpg,ja,Training
Training\ja\81.jpg,ja,Training
Training\ja\82.jpg,ja,Training
Training\ja\83.jpg,ja,Training
Training\ja\84.jpg,ja,Training
Training\ja\85.jpg,ja,Training
Training\ja\86.jpg,ja,Training
Training\ja\87.jpg,ja,Training
Training\ja\88.jpg,ja,Training
Training\ja\89.jpg,ja,Training
Training\ja\9.jpg,ja,Training
Training\ja\90.jpg,ja,Training
Training\ja\91.jpg,ja,Training
Training\ja\92.jpg,ja,Training
Training\ja\93.jpg,ja,Training
Training\ja\94.jpg,ja,Training
Training\ja\95.jpg,ja,Training
Training\ja\96.jpg,ja,Training
Training\ja\97.jpg,ja,Training
Training\ja\98.jpg,ja,Training
Training\ja\99.jpg,ja,Training
Training\jha\1.jpg,jha,Training
Training\jha\10.jpg,jha,Training
Training\jha\100.jpg,jha,Training
Training\jha\101.jpg,jha,Training
Training\jha\102.jpg,jha,Training
Training\jha\103.jpg,jha,Training
Training\jha\104.jpg,jha,Training
Training\jha\105.jpg,jha,Training
Training\jha\106.jpg,jha,Training
Training\jha\107.jpg,jha,Training
Training\jha\108.jpg,jha,Training
Training\jha\109.jpg,jha,Training
Training\jha\11.jpg,jha,Training
Training\jha\110.jpg,jha,Training
Training\jha\111.jpg,jha,Training
Training\jha\112.jpg,jha,Training
Training\jha\113.jpg,jha,Training
Training\jha\114.jpg,jha,Training
Training\jha\115.jpg,jha,Training
Training\jha\116.jpg,jha,Training
Training\jha\117.jpg,jha,Training
Training\jha\118.jpg,jha,Training
Training\jha\119.jpg,jha,Training
Training\jha\12.jpg,jha,Training
Training\jha\120.jpg,jha,Training
Training\jha\121.jpg,jha,Training
Training\jha\122.jpg,jha,Training
Training\jha\123.jpg,jha,Training
Training\jha\124.jpg,jha,Training
Training\jha\125.jpg,jha,Training
Training\jha\126.jpg,jha,Training
Training\jha\127.jpg,jha,Training
Training\jha\128.jpg,jha,Training
Training\jha\129.jpg,jha,Training
Training\jha\13.jpg,jha,Training
Training\jha\130.jpg,jha,Training
Training\jha\131.jpg,jha,Training
Training\jha\132.jpg,jha,Training
Training\jha\133.jpg,jha,Training
Training\jha\134.jpg,jha,Training
Training\jha\135.jpg,jha,Training
Training\jha\136.jpg,jha,Training
Training\jha\137.jpg,jha,Training
Training\jha\138.jpg,jha,Training
Training\jha\139.jpg,jha,Training
Training\jha\14.jpg,jha,Training
Training\jha\140.jpg,jha,Training
Training\jha\141.jpg,jha,Training
Training\jha\142.jpg,jha,Training
Training\jha\143.jpg,jha,Training
Training\jha\144.jpg,jha,Training
Training\jha\145.jpg,jha,Training
Training\jha\146.jpg,jha,Training
Training\jha\147.jpg,jha,Training
Training\jha\148.jpg,jha,Training
Training\jha\149.jpg,jha,Training
Training\jha\15.jpg,jha,Training
Training\jha\150.jpg,jha,Training
Training\jha\151.jpg,jha,Training
Training\jha\152.jpg,jha,Training
Training\jha\153.jpg,jha,Training
Training\jha\154.jpg,jha,Training
Training\jha\155.jpg,jha,Training
Training\jha\156.jpg,jha,Training
Training\jha\157.jpg,jha,Training
Training\jha\158.jpg,jha,Training
Training\jha\159.jpg,jha,Training
Training\jha\16.jpg,jha,Training
Training\jha\160.jpg,jha,Training
Training\jha\161.jpg,jha,Training
Training\jha\162.jpg,jha,Training
Training\jha\163.jpg,jha,Training
Training\jha\164.jpg,jha,Training
Training\jha\165.jpg,jha,Training
Training\jha\166.jpg,jha,Training
Training\jha\167.jpg,jha,Training
Training\jha\168.jpg,jha,Training
Training\jha\169.jpg,jha,Training
Training\jha\17.jpg,jha,Training
Training\jha\170.jpg,jha,Training
Training\jha\171.jpg,jha,Training
Training\jha\172.jpg,jha,Training
Training\jha\173.jpg,jha,Training
Training\jha\174.jpg,jha,Training
Training\jha\175.jpg,jha,Training
Training\jha\176.jpg,jha,Training
Training\jha\177.jpg,jha,Training
Training\jha\178.jpg,jha,Training
Training\jha\179.jpg,jha,Training
Training\jha\18.jpg,jha,Training
Training\jha\180.jpg,jha,Training
Training\jha\181.jpg,jha,Training
Training\jha\182.jpg,jha,Training
Training\jha\183.jpg,jha,Training
Training\jha\184.jpg,jha,Training
Training\jha\185.jpg,jha,Training
Training\jha\186.jpg,jha,Training
Training\jha\187.jpg,jha,Training
Training\jha\188.jpg,jha,Training
Training\jha\189.jpg,jha,Training
Training\jha\19.jpg,jha,Training
Training\jha\190.jpg,jha,Training
Training\jha\191.jpg,jha,Training
Training\jha\192.jpg,jha,Training
Training\jha\193.jpg,jha,Training
Training\jha\194.jpg,jha,Training
Training\jha\195.jpg,jha,Training
Training\jha\196.jpg,jha,Training
Training\jha\197.jpg,jha,Training
Training\jha\198.jpg,jha,Training
Training\jha\199.jpg,jha,Training
Training\jha\2.jpg,jha,Training
Training\jha\20.jpg,jha,Training
Training\jha\200.jpg,jha,Training
Training\jha\201.jpg,jha,Training
Training\jha\202.jpg,jha,Training
Training\jha\203.jpg,jha,Training
Training\jha\204.jpg,jha,Training
Training\jha\205.jpg,jha,Training
Training\jha\206.jpg,jha,Training
Training\jha\207.jpg,jha,Training
Training\jha\208.jpg,jha,Training
Training\jha\209.jpg,jha,Training
Training\jha\21.jpg,jha,Training
Training\jha\210.jpg,jha,Training
Training\jha\211.jpg,jha,Training
Training\jha\212.jpg,jha,Training
Training\jha\213.jpg,jha,Training
Training\jha\214.jpg,jha,Training
Training\jha\215.jpg,jha,Training
Training\jha\216.jpg,jha,Training
Training\jha\217.jpg,jha,Training
Training\jha\218.jpg,jha,Training
Training\jha\219.jpg,jha,Training
Training\jha\22.jpg,jha,Training
Training\jha\220.jpg,jha,Training
Training\jha\221.jpg,jha,Training
Training\jha\222.jpg,jha,Training
Training\jha\223.jpg,jha,Training
Training\jha\224.jpg,jha,Training
Training\jha\225.jpg,jha,Training
Training\jha\226.jpg,jha,Training
Training\jha\227.jpg,jha,Training
Training\jha\228.jpg,jha,Training
Training\jha\229.jpg,jha,Training
Training\jha\23.jpg,jha,Training
Training\jha\230.jpg,jha,Training
Training\jha\231.jpg,jha,Training
Training\jha\232.jpg,jha,Training
Training\jha\233.jpg,jha,Training
Training\jha\234.jpg,jha,Training
Training\jha\235.jpg,jha,Training
Training\jha\236.jpg,jha,Training
Training\jha\237.jpg,jha,Training
Training\jha\238.jpg,jha,Training
Training\jha\239.jpg,jha,Training
Training\jha\24.jpg,jha,Training
Training\jha\240.jpg,jha,Training
Training\jha\241.jpg,jha,Training
Training\jha\242.jpg,jha,Training
Training\jha\243.jpg,jha,Training
Training\jha\244.jpg,jha,Training
Training\jha\245.jpg,jha,Training
Training\jha\246.jpg,jha,Training
Training\jha\247.jpg,jha,Training
Training\jha\248.jpg,jha,Training
Training\jha\249.jpg,jha,Training
Training\jha\25.jpg,jha,Training
Training\jha\250.jpg,jha,Training
Training\jha\251.jpg,jha,Training
Training\jha\252.jpg,jha,Training
Training\jha\253.jpg,jha,Training
Training\jha\254.jpg,jha,Training
Training\jha\255.jpg,jha,Training
Training\jha\256.jpg,jha,Training
Training\jha\257.jpg,jha,Training
Training\jha\258.jpg,jha,Training
Training\jha\259.jpg,jha,Training
Training\jha\26.jpg,jha,Training
Training\jha\260.jpg,jha,Training
Training\jha\261.jpg,jha,Training
Training\jha\262.jpg,jha,Training
Training\jha\263.jpg,jha,Training
Training\jha\264.jpg,jha,Training
Training\jha\265.jpg,jha,Training
Training\jha\266.jpg,jha,Training
Training\jha\267.jpg,jha,Training
Training\jha\268.jpg,jha,Training
Training\jha\269.jpg,jha,Training
Training\jha\27.jpg,jha,Training
Training\jha\270.jpg,jha,Training
Training\jha\271.jpg,jha,Training
Training\jha\272.jpg,jha,Training
Training\jha\273.jpg,jha,Training
Training\jha\274.jpg,jha,Training
Training\jha\275.jpg,jha,Training
Training\jha\276.jpg,jha,Training
Training\jha\277.jpg,jha,Training
Training\jha\278.jpg,jha,Training
Training\jha\279.jpg,jha,Training
Training\jha\28.jpg,jha,Training
Training\jha\280.jpg,jha,Training
Training\jha\281.jpg,jha,Training
Training\jha\282.jpg,jha,Training
Training\jha\283.jpg,jha,Training
Training\jha\284.jpg,jha,Training
Training\jha\285.jpg,jha,Training
Training\jha\286.jpg,jha,Training
Training\jha\287.jpg,jha,Training
Training\jha\288.jpg,jha,Training
Training\jha\289.jpg,jha,Training
Training\jha\29.jpg,jha,Training
Training\jha\290.jpg,jha,Training
Training\jha\291.jpg,jha,Training
Training\jha\292.jpg,jha,Training
Training\jha\293.jpg,jha,Training
Training\jha\294.jpg,jha,Training
Training\jha\295.jpg,jha,Training
Training\jha\296.jpg,jha,Training
Training\jha\297.jpg,jha,Training
Training\jha\298.jpg,jha,Training
Training\jha\299.jpg,jha,Training
Training\jha\3.jpg,jha,Training
Training\jha\30.jpg,jha,Training
Training\jha\300.jpg,jha,Training
Training\jha\301.jpg,jha,Training
Training\jha\302.jpg,jha,Training
Training\jha\303.jpg,jha,Training
Training\jha\304.jpg,jha,Training
Training\jha\305.jpg,jha,Training
Training\jha\306.jpg,jha,Training
Training\jha\307.jpg,jha,Training
Training\jha\308.jpg,jha,Training
Training\jha\309.jpg,jha,Training
Training\jha\31.jpg,jha,Training
Training\jha\310.jpg,jha,Training
Training\jha\311.jpg,jha,Training
Training\jha\312.jpg,jha,Training
Training\jha\313.jpg,jha,Training
Training\jha\314.jpg,jha,Training
Training\jha\315.jpg,jha,Training
Training\jha\316.jpg,jha,Training
Training\jha\317.jpg,jha,Training
Training\jha\318.jpg,jha,Training
Training\jha\319.jpg,jha,Training
Training\jha\32.jpg,jha,Training
Training\jha\320.jpg,jha,Training
Training\jha\321.jpg,jha,Training
Training\jha\322.jpg,jha,Training
Training\jha\323.jpg,jha,Training
Training\jha\324.jpg,jha,Training
Training\jha\325.jpg,jha,Training
Training\jha\326.jpg,jha,Training
Training\jha\327.jpg,jha,Training
Training\jha\328.jpg,jha,Training
Training\jha\329.jpg,jha,Training
Training\jha\33.jpg,jha,Training
Training\jha\330.jpg,jha,Training
Training\jha\331.jpg,jha,Training
Training\jha\332.jpg,jha,Training
Training\jha\333.jpg,jha,Training
Training\jha\334.jpg,jha,Training
Training\jha\335.jpg,jha,Training
Training\jha\336.jpg,jha,Training
Training\jha\337.jpg,jha,Training
Training\jha\338.jpg,jha,Training
Training\jha\339.jpg,jha,Training
Training\jha\34.jpg,jha,Training
Training\jha\340.jpg,jha,Training
Training\jha\341.jpg,jha,Training
Training\jha\342.jpg,jha,Training
Training\jha\343.jpg,jha,Training
Training\jha\344.jpg,jha,Training
Training\jha\345.jpg,jha,Training
Training\jha\346.jpg,jha,Training
Training\jha\347.jpg,jha,Training
Training\jha\348.jpg,jha,Training
Training\jha\349.jpg,jha,Training
Training\jha\35.jpg,jha,Training
Training\jha\350.jpg,jha,Training
Training\jha\351.jpg,jha,Training
Training\jha\352.jpg,jha,Training
Training\jha\353.jpg,jha,Training
Training\jha\354.jpg,jha,Training
Training\jha\355.jpg,jha,Training
Training\jha\356.jpg,jha,Training
Training\jha\357.jpg,jha,Training
Training\jha\358.jpg,jha,Training
Training\jha\359.jpg,jha,Training
Training\jha\36.jpg,jha,Training
Training\jha\360.jpg,jha,Training
Training\jha\361.jpg,jha,Training
Training\jha\362.jpg,jha,Training
Training\jha\363.jpg,jha,Training
Training\jha\364.jpg,jha,Training
Training\jha\365.jpg,jha,Training
Training\jha\366.jpg,jha,Training
Training\jha\367.jpg,jha,Training
Training\jha\368.jpg,jha,Training
Training\jha\369.jpg,jha,Training
Training\jha\37.jpg,jha,Training
Training\jha\370.jpg,jha,Training
Training\jha\371.jpg,jha,Training
Training\jha\372.jpg,jha,Training
Training\jha\373.jpg,jha,Training
Training\jha\374.jpg,jha,Training
Training\jha\375.jpg,jha,Training
Training\jha\376.jpg,jha,Training
Training\jha\377.jpg,jha,Training
Training\jha\378.jpg,jha,Training
Training\jha\379.jpg,jha,Training
Training\jha\38.jpg,jha,Training
Training\jha\380.jpg,jha,Training
Training\jha\381.jpg,jha,Training
Training\jha\382.jpg,jha,Training
Training\jha\383.jpg,jha,Training
Training\jha\384.jpg,jha,Training
Training\jha\385.jpg,jha,Training
Training\jha\386.jpg,jha,Training
Training\jha\387.jpg,jha,Training
Training\jha\388.jpg,jha,Training
Training\jha\389.jpg,jha,Training
Training\jha\39.jpg,jha,Training
Training\jha\390.jpg,jha,Training
Training\jha\391.jpg,jha,Training
Training\jha\392.jpg,jha,Training
Training\jha\393.jpg,jha,Training
Training\jha\394.jpg,jha,Training
Training\jha\395.jpg,jha,Training
Training\jha\396.jpg,jha,Training
Training\jha\397.jpg,jha,Training
Training\jha\398.jpg,jha,Training
Training\jha\399.jpg,jha,Training
Training\jha\4.jpg,jha,Training
Training\jha\40.jpg,jha,Training
Training\jha\400.jpg,jha,Training
Training\jha\401.jpg,jha,Training
Training\jha\402.jpg,jha,Training
Training\jha\403.jpg,jha,Training
Training\jha\404.jpg,jha,Training
Training\jha\405.jpg,jha,Training
Training\jha\406.jpg,jha,Training
Training\jha\407.jpg,jha,Training
Training\jha\408.jpg,jha,Training
Training\jha\409.jpg,jha,Training
Training\jha\41.jpg,jha,Training
Training\jha\410.jpg,jha,Training
Training\jha\411.jpg,jha,Training
Training\jha\412.jpg,jha,Training
Training\jha\413.jpg,jha,Training
Training\jha\414.jpg,jha,Training
Training\jha\415.jpg,jha,Training
Training\jha\416.jpg,jha,Training
Training\jha\417.jpg,jha,Training
Training\jha\418.jpg,jha,Training
Training\jha\419.jpg,jha,Training
Training\jha\42.jpg,jha,Training
Training\jha\420.jpg,jha,Training
Training\jha\43.jpg,jha,Training
Training\jha\44.jpg,jha,Training
Training\jha\45.jpg,jha,Training
Training\jha\46.jpg,jha,Training
Training\jha\47.jpg,jha,Training
Training\jha\48.jpg,jha,Training
Training\jha\49.jpg,jha,Training
Training\jha\5.jpg,jha,Training
Training\jha\50.jpg,jha,Training
Training\jha\51.jpg,jha,Training
Training\jha\52.jpg,jha,Training
Training\jha\53.jpg,jha,Training
Training\jha\54.jpg,jha,Training
Training\jha\55.jpg,jha,Training
Training\jha\56.jpg,jha,Training
Training\jha\57.jpg,jha,Training
Training\jha\58.jpg,jha,Training
Training\jha\59.jpg,jha,Training
Training\jha\6.jpg,jha,Training
Training\jha\60.jpg,jha,Training
Training\jha\61.jpg,jha,Training
Training\jha\62.jpg,jha,Training
Training\jha\63.jpg,jha,Training
Training\jha\64.jpg,jha,Training
Training\jha\65.jpg,jha,Training
Training\jha\66.jpg,jha,Training
Training\jha\67.jpg,jha,Training
Training\jha\68.jpg,jha,Training
Training\jha\69.jpg,jha,Training
Training\jha\7.jpg,jha,Training
Training\jha\70.jpg,jha,Training
Training\jha\71.jpg,jha,Training
Training\jha\72.jpg,jha,Training
Training\jha\73.jpg,jha,Training
Training\jha\74.jpg,jha,Training
Training\jha\75.jpg,jha,Training
Training\jha\76.jpg,jha,Training
Training\jha\77.jpg,jha,Training
Training\jha\78.jpg,jha,Training
Training\jha\79.jpg,jha,Training
Training\jha\8.jpg,jha,Training
Training\jha\80.jpg,jha,Training
Training\jha\81.jpg,jha,Training
Training\jha\82.jpg,jha,Training
Training\jha\83.jpg,jha,Training
Training\jha\84.jpg,jha,Training
Training\jha\85.jpg,jha,Training
Training\jha\86.jpg,jha,Training
Training\jha\87.jpg,jha,Training
Training\jha\88.jpg,jha,Training
Training\jha\89.jpg,jha,Training
Training\jha\9.jpg,jha,Training
Training\jha\90.jpg,jha,Training
Training\jha\91.jpg,jha,Training
Training\jha\92.jpg,jha,Training
Training\jha\93.jpg,jha,Training
Training\jha\94.jpg,jha,Training
Training\jha\95.jpg,jha,Training
Training\jha\96.jpg,jha,Training
Training\jha\97.jpg,jha,Training
Training\jha\98.jpg,jha,Training
Training\jha\99.jpg,jha,Training
Training\ka\1.jpg,ka,Training
Training\ka\10.jpg,ka,Training
Training\ka\100.jpg,ka,Training
Training\ka\101.jpg,ka,Training
Training\ka\102.jpg,ka,Training
Training\ka\103.jpg,ka,Training
Training\ka\104.jpg,ka,Training
Training\ka\105.jpg,ka,Training
Training\ka\106.jpg,ka,Training
Training\ka\107.jpg,ka,Training
Training\ka\108.jpg,ka,Training
Training\ka\109.jpg,ka,Training
Training\ka\11.jpg,ka,Training
Training\ka\110.jpg,ka,Training
Training\ka\111.jpg,ka,Training
Training\ka\112.jpg,ka,Training
Training\ka\113.jpg,ka,Training
Training\ka\114.jpg,ka,Training
Training\ka\115.jpg,ka,Training
Training\ka\116.jpg,ka,Training
Training\ka\117.jpg,ka,Training
Training\ka\118.jpg,ka,Training
Training\ka\119.jpg,ka,Training
Training\ka\12.jpg,ka,Training
Training\ka\120.jpg,ka,Training
Training\ka\121.jpg,ka,Training
Training\ka\122.jpg,ka,Training
Training\ka\123.jpg,ka,Training
Training\ka\124.jpg,ka,Training
Training\ka\125.jpg,ka,Training
Training\ka\126.jpg,ka,Training
Training\ka\127.jpg,ka,Training
Training\ka\128.jpg,ka,Training
Training\ka\129.jpg,ka,Training
Training\ka\13.jpg,ka,Training
Training\ka\130.jpg,ka,Training
Training\ka\131.jpg,ka,Training
Training\ka\132.jpg,ka,Training
Training\ka\133.jpg,ka,Training
Training\ka\134.jpg,ka,Training
Training\ka\135.jpg,ka,Training
Training\ka\136.jpg,ka,Training
Training\ka\137.jpg,ka,Training
Training\ka\138.jpg,ka,Training
Training\ka\139.jpg,ka,Training
Training\ka\14.jpg,ka,Training
Training\ka\140.jpg,ka,Training
Training\ka\141.jpg,ka,Training
Training\ka\142.jpg,ka,Training
Training\ka\143.jpg,ka,Training
Training\ka\144.jpg,ka,Training
Training\ka\145.jpg,ka,Training
Training\ka\146.jpg,ka,Training
Training\ka\147.jpg,ka,Training
Training\ka\148.jpg,ka,Training
Training\ka\149.jpg,ka,Training
Training\ka\15.jpg,ka,Training
Training\ka\150.jpg,ka,Training
Training\ka\151.jpg,ka,Training
Training\ka\152.jpg,ka,Training
Training\ka\153.jpg,ka,Training
Training\ka\154.jpg,ka,Training
Training\ka\155.jpg,ka,Training
Training\ka\156.jpg,ka,Training
Training\ka\157.jpg,ka,Training
Training\ka\158.jpg,ka,Training
Training\ka\159.jpg,ka,Training
Training\ka\16.jpg,ka,Training
Training\ka\160.jpg,ka,Training
Training\ka\161.jpg,ka,Training
Training\ka\162.jpg,ka,Training
Training\ka\163.jpg,ka,Training
Training\ka\164.jpg,ka,Training
Training\ka\165.jpg,ka,Training
Training\ka\166.jpg,ka,Training
Training\ka\167.jpg,ka,Training
Training\ka\168.jpg,ka,Training
Training\ka\169.jpg,ka,Training
Training\ka\17.jpg,ka,Training
Training\ka\170.jpg,ka,Training
Training\ka\171.jpg,ka,Training
Training\ka\172.jpg,ka,Training
Training\ka\173.jpg,ka,Training
Training\ka\174.jpg,ka,Training
Training\ka\175.jpg,ka,Training
Training\ka\176.jpg,ka,Training
Training\ka\177.jpg,ka,Training
Training\ka\178.jpg,ka,Training
Training\ka\179.jpg,ka,Training
Training\ka\18.jpg,ka,Training
Training\ka\180.jpg,ka,Training
Training\ka\181.jpg,ka,Training
Training\ka\182.jpg,ka,Training
Training\ka\183.jpg,ka,Training
Training\ka\184.jpg,ka,Training
Training\ka\185.jpg,ka,Training
Training\ka\186.jpg,ka,Training
Training\ka\187.jpg,ka,Training
Training\ka\188.jpg,ka,Training
Training\ka\189.jpg,ka,Training
Training\ka\19.jpg,ka,Training
Training\ka\190.jpg,ka,Training
Training\ka\191.jpg,ka,Training
Training\ka\192.jpg,ka,Training
Training\ka\193.jpg,ka,Training
Training\ka\194.jpg,ka,Training
Training\ka\195.jpg,ka,Training
Training\ka\196.jpg,ka,Training
Training\ka\197.jpg,ka,Training
Training\ka\198.jpg,ka,Training
Training\ka\199.jpg,ka,Training
Training\ka\2.jpg,ka,Training
Training\ka\20.jpg,ka,Training
Training\ka\200.jpg,ka,Training
Training\ka\201.jpg,ka,Training
Training\ka\202.jpg,ka,Training
Training\ka\203.jpg,ka,Training
Training\ka\204.jpg,ka,Training
Training\ka\205.jpg,ka,Training
Training\ka\206.jpg,ka,Training
Training\ka\207.jpg,ka,Training
Training\ka\208.jpg,ka,Training
Training\ka\209.jpg,ka,Training
Training\ka\21.jpg,ka,Training
Training\ka\210.jpg,ka,Training
Training\ka\211.jpg,ka,Training
Training\ka\212.jpg,ka,Training
Training\ka\213.jpg,ka,Training
Training\ka\214.jpg,ka,Training
Training\ka\215.jpg,ka,Training
Training\ka\216.jpg,ka,Training
Training\ka\217.jpg,ka,Training
Training\ka\218.jpg,ka,Training
Training\ka\219.jpg,ka,Training
Training\ka\22.jpg,ka,Training
Training\ka\220.jpg,ka,Training
Training\ka\221.jpg,ka,Training
Training\ka\222.jpg,ka,Training
Training\ka\223.jpg,ka,Training
Training\ka\224.jpg,ka,Training
Training\ka\225.jpg,ka,Training
Training\ka\226.jpg,ka,Training
Training\ka\227.jpg,ka,Training
Training\ka\228.jpg,ka,Training
Training\ka\229.jpg,ka,Training
Training\ka\23.jpg,ka,Training
Training\ka\230.jpg,ka,Training
Training\ka\231.jpg,ka,Training
Training\ka\232.jpg,ka,Training
Training\ka\233.jpg,ka,Training
Training\ka\234.jpg,ka,Training
Training\ka\235.jpg,ka,Training
Training\ka\236.jpg,ka,Training
Training\ka\237.jpg,ka,Training
Training\ka\238.jpg,ka,Training
Training\ka\239.jpg,ka,Training
Training\ka\24.jpg,ka,Training
Training\ka\240.jpg,ka,Training
Training\ka\241.jpg,ka,Training
Training\ka\242.jpg,ka,Training
Training\ka\243.jpg,ka,Training
Training\ka\244.jpg,ka,Training
Training\ka\245.jpg,ka,Training
Training\ka\246.jpg,ka,Training
Training\ka\247.jpg,ka,Training
Training\ka\248.jpg,ka,Training
Training\ka\249.jpg,ka,Training
Training\ka\25.jpg,ka,Training
Training\ka\250.jpg,ka,Training
Training\ka\251.jpg,ka,Training
Training\ka\252.jpg,ka,Training
Training\ka\253.jpg,ka,Training
Training\ka\254.jpg,ka,Training
Training\ka\255.jpg,ka,Training
Training\ka\256.jpg,ka,Training
Training\ka\257.jpg,ka,Training
Training\ka\258.jpg,ka,Training
Training\ka\259.jpg,ka,Training
Training\ka\26.jpg,ka,Training
Training\ka\260.jpg,ka,Training
Training\ka\261.jpg,ka,Training
Training\ka\262.jpg,ka,Training
Training\ka\263.jpg,ka,Training
Training\ka\264.jpg,ka,Training
Training\ka\265.jpg,ka,Training
Training\ka\266.jpg,ka,Training
Training\ka\267.jpg,ka,Training
Training\ka\268.jpg,ka,Training
Training\ka\269.jpg,ka,Training
Training\ka\27.jpg,ka,Training
Training\ka\270.jpg,ka,Training
Training\ka\271.jpg,ka,Training
Training\ka\272.jpg,ka,Training
Training\ka\273.jpg,ka,Training
Training\ka\274.jpg,ka,Training
Training\ka\275.jpg,ka,Training
Training\ka\276.jpg,ka,Training
Training\ka\277.jpg,ka,Training
Training\ka\278.jpg,ka,Training
Training\ka\279.jpg,ka,Training
Training\ka\28.jpg,ka,Training
Training\ka\280.jpg,ka,Training
Training\ka\281.jpg,ka,Training
Training\ka\282.jpg,ka,Training
Training\ka\283.jpg,ka,Training
Training\ka\284.jpg,ka,Training
Training\ka\285.jpg,ka,Training
Training\ka\286.jpg,ka,Training
Training\ka\287.jpg,ka,Training
Training\ka\288.jpg,ka,Training
Training\ka\289.jpg,ka,Training
Training\ka\29.jpg,ka,Training
Training\ka\290.jpg,ka,Training
Training\ka\291.jpg,ka,Training
Training\ka\292.jpg,ka,Training
Training\ka\293.jpg,ka,Training
Training\ka\294.jpg,ka,Training
Training\ka\295.jpg,ka,Training
Training\ka\296.jpg,ka,Training
Training\ka\297.jpg,ka,Training
Training\ka\298.jpg,ka,Training
Training\ka\299.jpg,ka,Training
Training\ka\3.jpg,ka,Training
Training\ka\30.jpg,ka,Training
Training\ka\300.jpg,ka,Training
Training\ka\301.jpg,ka,Training
Training\ka\302.jpg,ka,Training
Training\ka\303.jpg,ka,Training
Training\ka\304.jpg,ka,Training
Training\ka\305.jpg,ka,Training
Training\ka\306.jpg,ka,Training
Training\ka\307.jpg,ka,Training
Training\ka\308.jpg,ka,Training
Training\ka\309.jpg,ka,Training
Training\ka\31.jpg,ka,Training
Training\ka\310.jpg,ka,Training
Training\ka\311.jpg,ka,Training
Training\ka\312.jpg,ka,Training
Training\ka\313.jpg,ka,Training
Training\ka\314.jpg,ka,Training
Training\ka\315.jpg,ka,Training
Training\ka\316.jpg,ka,Training
Training\ka\317.jpg,ka,Training
Training\ka\318.jpg,ka,Training
Training\ka\319.jpg,ka,Training
Training\ka\32.jpg,ka,Training
Training\ka\320.jpg,ka,Training
Training\ka\321.jpg,ka,Training
Training\ka\322.jpg,ka,Training
Training\ka\323.jpg,ka,Training
Training\ka\324.jpg,ka,Training
Training\ka\325.jpg,ka,Training
Training\ka\326.jpg,ka,Training
Training\ka\327.jpg,ka,Training
Training\ka\328.jpg,ka,Training
Training\ka\329.jpg,ka,Training
Training\ka\33.jpg,ka,Training
Training\ka\330.jpg,ka,Training
Training\ka\331.jpg,ka,Training
Training\ka\332.jpg,ka,Training
Training\ka\333.jpg,ka,Training
Training\ka\334.jpg,ka,Training
Training\ka\335.jpg,ka,Training
Training\ka\336.jpg,ka,Training
Training\ka\337.jpg,ka,Training
Training\ka\338.jpg,ka,Training
Training\ka\339.jpg,ka,Training
Training\ka\34.jpg,ka,Training
Training\ka\340.jpg,ka,Training
Training\ka\341.jpg,ka,Training
Training\ka\342.jpg,ka,Training
Training\ka\343.jpg,ka,Training
Training\ka\344.jpg,ka,Training
Training\ka\345.jpg,ka,Training
Training\ka\346.jpg,ka,Training
Training\ka\347.jpg,ka,Training
Training\ka\348.jpg,ka,Training
Training\ka\349.jpg,ka,Training
Training\ka\35.jpg,ka,Training
Training\ka\350.jpg,ka,Training
Training\ka\351.jpg,ka,Training
Training\ka\352.jpg,ka,Training
Training\ka\353.jpg,ka,Training
Training\ka\354.jpg,ka,Training
Training\ka\355.jpg,ka,Training
Training\ka\356.jpg,ka,Training
Training\ka\357.jpg,ka,Training
Training\ka\358.jpg,ka,Training
Training\ka\359.jpg,ka,Training
Training\ka\36.jpg,ka,Training
Training\ka\360.jpg,ka,Training
Training\ka\361.jpg,ka,Training
Training\ka\362.jpg,ka,Training
Training\ka\363.jpg,ka,Training
Training\ka\364.jpg,ka,Training
Training\ka\365.jpg,ka,Training
Training\ka\366.jpg,ka,Training
Training\ka\367.jpg,ka,Training
Training\ka\368.jpg,ka,Training
Training\ka\369.jpg,ka,Training
Training\ka\37.jpg,ka,Training
Training\ka\370.jpg,ka,Training
Training\ka\371.jpg,ka,Training
Training\ka\372.jpg,ka,Training
Training\ka\373.jpg,ka,Training
Training\ka\374.jpg,ka,Training
Training\ka\375.jpg,ka,Training
Training\ka\376.jpg,ka,Training
Training\ka\377.jpg,ka,Training
Training\ka\378.jpg,ka,Training
Training\ka\379.jpg,ka,Training
Training\ka\38.jpg,ka,Training
Training\ka\380.jpg,ka,Training
Training\ka\381.jpg,ka,Training
Training\ka\382.jpg,ka,Training
Training\ka\383.jpg,ka,Training
Training\ka\384.jpg,ka,Training
Training\ka\385.jpg,ka,Training
Training\ka\386.jpg,ka,Training
Training\ka\387.jpg,ka,Training
Training\ka\388.jpg,ka,Training
Training\ka\389.jpg,ka,Training
Training\ka\39.jpg,ka,Training
Training\ka\390.jpg,ka,Training
Training\ka\391.jpg,ka,Training
Training\ka\392.jpg,ka,Training
Training\ka\393.jpg,ka,Training
Training\ka\394.jpg,ka,Training
Training\ka\395.jpg,ka,Training
Training\ka\396.jpg,ka,Training
Training\ka\397.jpg,ka,Training
Training\ka\398.jpg,ka,Training
Training\ka\399.jpg,ka,Training
Training\ka\4.jpg,ka,Training
Training\ka\40.jpg,ka,Training
Training\ka\400.jpg,ka,Training
Training\ka\401.jpg,ka,Training
Training\ka\402.jpg,ka,Training
Training\ka\403.jpg,ka,Training
Training\ka\404.jpg,ka,Training
Training\ka\405.jpg,ka,Training
Training\ka\406.jpg,ka,Training
Training\ka\407.jpg,ka,Training
Training\ka\408.jpg,ka,Training
Training\ka\409.jpg,ka,Training
Training\ka\41.jpg,ka,Training
Training\ka\410.jpg,ka,Training
Training\ka\411.jpg,ka,Training
Training\ka\412.jpg,ka,Training
Training\ka\413.jpg,ka,Training
Training\ka\414.jpg,ka,Training
Training\ka\415.jpg,ka,Training
Training\ka\416.jpg,ka,Training
Training\ka\417.jpg,ka,Training
Training\ka\418.jpg,ka,Training
Training\ka\419.jpg,ka,Training
Training\ka\42.jpg,ka,Training
Training\ka\420.jpg,ka,Training
Training\ka\43.jpg,ka,Training
Training\ka\44.jpg,ka,Training
Training\ka\45.jpg,ka,Training
Training\ka\46.jpg,ka,Training
Training\ka\47.jpg,ka,Training
Training\ka\48.jpg,ka,Training
Training\ka\49.jpg,ka,Training
Training\ka\5.jpg,ka,Training
Training\ka\50.jpg,ka,Training
Training\ka\51.jpg,ka,Training
Training\ka\52.jpg,ka,Training
Training\ka\53.jpg,ka,Training
Training\ka\54.jpg,ka,Training
Training\ka\55.jpg,ka,Training
Training\ka\56.jpg,ka,Training
Training\ka\57.jpg,ka,Training
Training\ka\58.jpg,ka,Training
Training\ka\59.jpg,ka,Training
Training\ka\6.jpg,ka,Training
Training\ka\60.jpg,ka,Training
Training\ka\61.jpg,ka,Training
Training\ka\62.jpg,ka,Training
Training\ka\63.jpg,ka,Training
Training\ka\64.jpg,ka,Training
Training\ka\65.jpg,ka,Training
Training\ka\66.jpg,ka,Training
Training\ka\67.jpg,ka,Training
Training\ka\68.jpg,ka,Training
Training\ka\69.jpg,ka,Training
Training\ka\7.jpg,ka,Training
Training\ka\70.jpg,ka,Training
Training\ka\71.jpg,ka,Training
Training\ka\72.jpg,ka,Training
Training\ka\73.jpg,ka,Training
Training\ka\74.jpg,ka,Training
Training\ka\75.jpg,ka,Training
Training\ka\76.jpg,ka,Training
Training\ka\77.jpg,ka,Training
Training\ka\78.jpg,ka,Training
Training\ka\79.jpg,ka,Training
Training\ka\8.jpg,ka,Training
Training\ka\80.jpg,ka,Training
Training\ka\81.jpg,ka,Training
Training\ka\82.jpg,ka,Training
Training\ka\83.jpg,ka,Training
Training\ka\84.jpg,ka,Training
Training\ka\85.jpg,ka,Training
Training\ka\86.jpg,ka,Training
Training\ka\87.jpg,ka,Training
Training\ka\88.jpg,ka,Training
Training\ka\89.jpg,ka,Training
Training\ka\9.jpg,ka,Training
Training\ka\90.jpg,ka,Training
Training\ka\91.jpg,ka,Training
Training\ka\92.jpg,ka,Training
Training\ka\93.jpg,ka,Training
Training\ka\94.jpg,ka,Training
Training\ka\95.jpg,ka,Training
Training\ka\96.jpg,ka,Training
Training\ka\97.jpg,ka,Training
Training\ka\98.jpg,ka,Training
Training\ka\99.jpg,ka,Training
Training\kha\1.jpg,kha,Training
Training\kha\10.jpg,kha,Training
Training\kha\100.jpg,kha,Training
Training\kha\101.jpg,kha,Training
Training\kha\102.jpg,kha,Training
Training\kha\103.jpg,kha,Training
Training\kha\104.jpg,kha,Training
Training\kha\105.jpg,kha,Training
Training\kha\106.jpg,kha,Training
Training\kha\107.jpg,kha,Training
Training\kha\108.jpg,kha,Training
Training\kha\109.jpg,kha,Training
Training\kha\11.jpg,kha,Training
Training\kha\110.jpg,kha,Training
Training\kha\111.jpg,kha,Training
Training\kha\112.jpg,kha,Training
Training\kha\113.jpg,kha,Training
Training\kha\114.jpg,kha,Training
Training\kha\115.jpg,kha,Training
Training\kha\116.jpg,kha,Training
Training\kha\117.jpg,kha,Training
Training\kha\118.jpg,kha,Training
Training\kha\119.jpg,kha,Training
Training\kha\12.jpg,kha,Training
Training\kha\120.jpg,kha,Training
Training\kha\121.jpg,kha,Training
Training\kha\122.jpg,kha,Training
Training\kha\123.jpg,kha,Training
Training\kha\124.jpg,kha,Training
Training\kha\125.jpg,kha,Training
Training\kha\126.jpg,kha,Training
Training\kha\127.jpg,kha,Training
Training\kha\128.jpg,kha,Training
Training\kha\129.jpg,kha,Training
Training\kha\13.jpg,kha,Training
Training\kha\130.jpg,kha,Training
Training\kha\131.jpg,kha,Training
Training\kha\132.jpg,kha,Training
Training\kha\133.jpg,kha,Training
Training\kha\134.jpg,kha,Training
Training\kha\135.jpg,kha,Training
Training\kha\136.jpg,kha,Training
Training\kha\137.jpg,kha,Training
Training\kha\138.jpg,kha,Training
Training\kha\139.jpg,kha,Training
Training\kha\14.jpg,kha,Training
Training\kha\140.jpg,kha,Training
Training\kha\141.jpg,kha,Training
Training\kha\142.jpg,kha,Training
Training\kha\143.jpg,kha,Training
Training\kha\144.jpg,kha,Training
Training\kha\145.jpg,kha,Training
Training\kha\146.jpg,kha,Training
Training\kha\147.jpg,kha,Training
Training\kha\148.jpg,kha,Training
Training\kha\149.jpg,kha,Training
Training\kha\15.jpg,kha,Training
Training\kha\150.jpg,kha,Training
Training\kha\151.jpg,kha,Training
Training\kha\152.jpg,kha,Training
Training\kha\153.jpg,kha,Training
Training\kha\154.jpg,kha,Training
Training\kha\155.jpg,kha,Training
Training\kha\156.jpg,kha,Training
Training\kha\157.jpg,kha,Training
Training\kha\158.jpg,kha,Training
Training\kha\159.jpg,kha,Training
Training\kha\16.jpg,kha,Training
Training\kha\160.jpg,kha,Training
Training\kha\161.jpg,kha,Training
Training\kha\162.jpg,kha,Training
Training\kha\163.jpg,kha,Training
Training\kha\164.jpg,kha,Training
Training\kha\165.jpg,kha,Training
Training\kha\166.jpg,kha,Training
Training\kha\167.jpg,kha,Training
Training\kha\168.jpg,kha,Training
Training\kha\169.jpg,kha,Training
Training\kha\17.jpg,kha,Training
Training\kha\170.jpg,kha,Training
Training\kha\171.jpg,kha,Training
Training\kha\172.jpg,kha,Training
Training\kha\173.jpg,kha,Training
Training\kha\174.jpg,kha,Training
Training\kha\175.jpg,kha,Training
Training\kha\176.jpg,kha,Training
Training\kha\177.jpg,kha,Training
Training\kha\178.jpg,kha,Training
Training\kha\179.jpg,kha,Training
Training\kha\18.jpg,kha,Training
Training\kha\180.jpg,kha,Training
Training\kha\181.jpg,kha,Training
Training\kha\182.jpg,kha,Training
Training\kha\183.jpg,kha,Training
Training\kha\184.jpg,kha,Training
Training\kha\185.jpg,kha,Training
Training\kha\186.jpg,kha,Training
Training\kha\187.jpg,kha,Training
Training\kha\188.jpg,kha,Training
Training\kha\189.jpg,kha,Training
Training\kha\19.jpg,kha,Training
Training\kha\190.jpg,kha,Training
Training\kha\191.jpg,kha,Training
Training\kha\192.jpg,kha,Training
Training\kha\193.jpg,kha,Training
Training\kha\194.jpg,kha,Training
Training\kha\195.jpg,kha,Training
Training\kha\196.jpg,kha,Training
Training\kha\197.jpg,kha,Training
Training\kha\198.jpg,kha,Training
Training\kha\199.jpg,kha,Training
Training\kha\2.jpg,kha,Training
Training\kha\20.jpg,kha,Training
Training\kha\200.jpg,kha,Training
Training\kha\201.jpg,kha,Training
Training\kha\202.jpg,kha,Training
Training\kha\203.jpg,kha,Training
Training\kha\204.jpg,kha,Training
Training\kha\205.jpg,kha,Training
Training\kha\206.jpg,kha,Training
Training\kha\207.jpg,kha,Training
Training\kha\208.jpg,kha,Training
Training\kha\209.jpg,kha,Training
Training\kha\21.jpg,kha,Training
Training\kha\210.jpg,kha,Training
Training\kha\211.jpg,kha,Training
Training\kha\212.jpg,kha,Training
Training\kha\213.jpg,kha,Training
Training\kha\214.jpg,kha,Training
Training\kha\215.jpg,kha,Training
Training\kha\216.jpg,kha,Training
Training\kha\217.jpg,kha,Training
Training\kha\218.jpg,kha,Training
Training\kha\219.jpg,kha,Training
Training\kha\22.jpg,kha,Training
Training\kha\220.jpg,kha,Training
Training\kha\221.jpg,kha,Training
Training\kha\222.jpg,kha,Training
Training\kha\223.jpg,kha,Training
Training\kha\224.jpg,kha,Training
Training\kha\225.jpg,kha,Training
Training\kha\226.jpg,kha,Training
Training\kha\227.jpg,kha,Training
Training\kha\228.jpg,kha,Training
Training\kha\229.jpg,kha,Training
Training\kha\23.jpg,kha,Training
Training\kha\230.jpg,kha,Training
Training\kha\231.jpg,kha,Training
Training\kha\232.jpg,kha,Training
Training\kha\233.jpg,kha,Training
Training\kha\234.jpg,kha,Training
Training\kha\235.jpg,kha,Training
Training\kha\236.jpg,kha,Training
Training\kha\237.jpg,kha,Training
Training\kha\238.jpg,kha,Training
Training\kha\239.jpg,kha,Training
Training\kha\24.jpg,kha,Training
Training\kha\240.jpg,kha,Training
Training\kha\241.jpg,kha,Training
Training\kha\242.jpg,kha,Training
Training\kha\243.jpg,kha,Training
Training\kha\244.jpg,kha,Training
Training\kha\245.jpg,kha,Training
Training\kha\246.jpg,kha,Training
Training\kha\247.jpg,kha,Training
Training\kha\248.jpg,kha,Training
Training\kha\249.jpg,kha,Training
Training\kha\25.jpg,kha,Training
Training\kha\250.jpg,kha,Training
Training\kha\251.jpg,kha,Training
Training\kha\252.jpg,kha,Training
Training\kha\253.jpg,kha,Training
Training\kha\254.jpg,kha,Training
Training\kha\255.jpg,kha,Training
Training\kha\256.jpg,kha,Training
Training\kha\257.jpg,kha,Training
Training\kha\258.jpg,kha,Training
Training\kha\259.jpg,kha,Training
Training\kha\26.jpg,kha,Training
Training\kha\260.jpg,kha,Training
Training\kha\261.jpg,kha,Training
Training\kha\262.jpg,kha,Training
Training\kha\263.jpg,kha,Training
Training\kha\264.jpg,kha,Training
Training\kha\265.jpg,kha,Training
Training\kha\266.jpg,kha,Training
Training\kha\267.jpg,kha,Training
Training\kha\268.jpg,kha,Training
Training\kha\269.jpg,kha,Training
Training\kha\27.jpg,kha,Training
Training\kha\270.jpg,kha,Training
Training\kha\271.jpg,kha,Training
Training\kha\272.jpg,kha,Training
Training\kha\273.jpg,kha,Training
Training\kha\274.jpg,kha,Training
Training\kha\275.jpg,kha,Training
Training\kha\276.jpg,kha,Training
Training\kha\277.jpg,kha,Training
Training\kha\278.jpg,kha,Training
Training\kha\279.jpg,kha,Training
Training\kha\28.jpg,kha,Training
Training\kha\280.jpg,kha,Training
Training\kha\281.jpg,kha,Training
Training\kha\282.jpg,kha,Training
Training\kha\283.jpg,kha,Training
Training\kha\284.jpg,kha,Training
Training\kha\285.jpg,kha,Training
Training\kha\286.jpg,kha,Training
Training\kha\287.jpg,kha,Training
Training\kha\288.jpg,kha,Training
Training\kha\289.jpg,kha,Training
Training\kha\29.jpg,kha,Training
Training\kha\290.jpg,kha,Training
Training\kha\291.jpg,kha,Training
Training\kha\292.jpg,kha,Training
Training\kha\293.jpg,kha,Training
Training\kha\294.jpg,kha,Training
Training\kha\295.jpg,kha,Training
Training\kha\296.jpg,kha,Training
Training\kha\297.jpg,kha,Training
Training\kha\298.jpg,kha,Training
Training\kha\299.jpg,kha,Training
Training\kha\3.jpg,kha,Training
Training\kha\30.jpg,kha,Training
Training\kha\300.jpg,kha,Training
Training\kha\301.jpg,kha,Training
Training\kha\302.jpg,kha,Training
Training\kha\303.jpg,kha,Training
Training\kha\304.jpg,kha,Training
Training\kha\305.jpg,kha,Training
Training\kha\306.jpg,kha,Training
Training\kha\307.jpg,kha,Training
Training\kha\308.jpg,kha,Training
Training\kha\309.jpg,kha,Training
Training\kha\31.jpg,kha,Training
Training\kha\310.jpg,kha,Training
Training\kha\311.jpg,kha,Training
Training\kha\312.jpg,kha,Training
Training\kha\313.jpg,kha,Training
Training\kha\314.jpg,kha,Training
Training\kha\315.jpg,kha,Training
Training\kha\316.jpg,kha,Training
Training\kha\317.jpg,kha,Training
Training\kha\318.jpg,kha,Training
Training\kha\319.jpg,kha,Training
Training\kha\32.jpg,kha,Training
Training\kha\320.jpg,kha,Training
Training\kha\321.jpg,kha,Training
Training\kha\322.jpg,kha,Training
Training\kha\323.jpg,kha,Training
Training\kha\324.jpg,kha,Training
Training\kha\325.jpg,kha,Training
Training\kha\326.jpg,kha,Training
Training\kha\327.jpg,kha,Training
Training\kha\328.jpg,kha,Training
Training\kha\329.jpg,kha,Training
Training\kha\33.jpg,kha,Training
Training\kha\330.jpg,kha,Training
Training\kha\331.jpg,kha,Training
Training\kha\332.jpg,kha,Training
Training\kha\333.jpg,kha,Training
Training\kha\334.jpg,kha,Training
Training\kha\335.jpg,kha,Training
Training\kha\336.jpg,kha,Training
Training\kha\337.jpg,kha,Training
Training\kha\338.jpg,kha,Training
Training\kha\339.jpg,kha,Training
Training\kha\34.jpg,kha,Training
Training\kha\340.jpg,kha,Training
Training\kha\341.jpg,kha,Training
Training\kha\342.jpg,kha,Training
Training\kha\343.jpg,kha,Training
Training\kha\344.jpg,kha,Training
Training\kha\345.jpg,kha,Training
Training\kha\346.jpg,kha,Training
Training\kha\347.jpg,kha,Training
Training\kha\348.jpg,kha,Training
Training\kha\349.jpg,kha,Training
Training\kha\35.jpg,kha,Training
Training\kha\350.jpg,kha,Training
Training\kha\351.jpg,kha,Training
Training\kha\352.jpg,kha,Training
Training\kha\353.jpg,kha,Training
Training\kha\354.jpg,kha,Training
Training\kha\355.jpg,kha,Training
Training\kha\356.jpg,kha,Training
Training\kha\357.jpg,kha,Training
Training\kha\358.jpg,kha,Training
Training\kha\359.jpg,kha,Training
Training\kha\36.jpg,kha,Training
Training\kha\360.jpg,kha,Training
Training\kha\361.jpg,kha,Training
Training\kha\362.jpg,kha,Training
Training\kha\363.jpg,kha,Training
Training\kha\364.jpg,kha,Training
Training\kha\365.jpg,kha,Training
Training\kha\366.jpg,kha,Training
Training\kha\367.jpg,kha,Training
Training\kha\368.jpg,kha,Training
Training\kha\369.jpg,kha,Training
Training\kha\37.jpg,kha,Training
Training\kha\370.jpg,kha,Training
Training\kha\371.jpg,kha,Training
Training\kha\372.jpg,kha,Training
Training\kha\373.jpg,kha,Training
Training\kha\374.jpg,kha,Training
Training\kha\375.jpg,kha,Training
Training\kha\376.jpg,kha,Training
Training\kha\377.jpg,kha,Training
Training\kha\378.jpg,kha,Training
Training\kha\379.jpg,kha,Training
Training\kha\38.jpg,kha,Training
Training\kha\380.jpg,kha,Training
Training\kha\381.jpg,kha,Training
Training\kha\382.jpg,kha,Training
Training\kha\383.jpg,kha,Training
Training\kha\384.jpg,kha,Training
Training\kha\385.jpg,kha,Training
Training\kha\386.jpg,kha,Training
Training\kha\387.jpg,kha,Training
Training\kha\388.jpg,kha,Training
Training\kha\389.jpg,kha,Training
Training\kha\39.jpg,kha,Training
Training\kha\390.jpg,kha,Training
Training\kha\391.jpg,kha,Training
Training\kha\392.jpg,kha,Training
Training\kha\393.jpg,kha,Training
Training\kha\394.jpg,kha,Training
Training\kha\395.jpg,kha,Training
Training\kha\396.jpg,kha,Training
Training\kha\397.jpg,kha,Training
Training\kha\398.jpg,kha,Training
Training\kha\399.jpg,kha,Training
Training\kha\4.jpg,kha,Training
Training\kha\40.jpg,kha,Training
Training\kha\400.jpg,kha,Training
Training\kha\401.jpg,kha,Training
Training\kha\402.jpg,kha,Training
Training\kha\403.jpg,kha,Training
Training\kha\404.jpg,kha,Training
Training\kha\405.jpg,kha,Training
Training\kha\406.jpg,kha,Training
Training\kha\407.jpg,kha,Training
Training\kha\408.jpg,kha,Training
Training\kha\409.jpg,kha,Training
Training\kha\41.jpg,kha,Training
Training\kha\410.jpg,kha,Training
Training\kha\411.jpg,kha,Training
Training\kha\412.jpg,kha,Training
Training\kha\413.jpg,kha,Training
Training\kha\414.jpg,kha,Training
Training\kha\415.jpg,kha,Training
Training\kha\416.jpg,kha,Training
Training\kha\417.jpg,kha,Training
Training\kha\418.jpg,kha,Training
Training\kha\419.jpg,kha,Training
Training\kha\42.jpg,kha,Training
Training\kha\420.jpg,kha,Training
Training\kha\43.jpg,kha,Training
Training\kha\44.jpg,kha,Training
Training\kha\45.jpg,kha,Training
Training\kha\46.jpg,kha,Training
Training\kha\47.jpg,kha,Training
Training\kha\48.jpg,kha,Training
Training\kha\49.jpg,kha,Training
Training\kha\5.jpg,kha,Training
Training\kha\50.jpg,kha,Training
Training\kha\51.jpg,kha,Training
Training\kha\52.jpg,kha,Training
Training\kha\53.jpg,kha,Training
Training\kha\54.jpg,kha,Training
Training\kha\55.jpg,kha,Training
Training\kha\56.jpg,kha,Training
Training\kha\57.jpg,kha,Training
Training\kha\58.jpg,kha,Training
Training\kha\59.jpg,kha,Training
Training\kha\6.jpg,kha,Training
Training\kha\60.jpg,kha,Training
Training\kha\61.jpg,kha,Training
Training\kha\62.jpg,kha,Training
Training\kha\63.jpg,kha,Training
Training\kha\64.jpg,kha,Training
Training\kha\65.jpg,kha,Training
Training\kha\66.jpg,kha,Training
Training\kha\67.jpg,kha,Training
Training\kha\68.jpg,kha,Training
Training\kha\69.jpg,kha,Training
Training\kha\7.jpg,kha,Training
Training\kha\70.jpg,kha,Training
Training\kha\71.jpg,kha,Training
Training\kha\72.jpg,kha,Training
Training\kha\73.jpg,kha,Training
Training\kha\74.jpg,kha,Training
Training\kha\75.jpg,kha,Training
Training\kha\76.jpg,kha,Training
Training\kha\77.jpg,kha,Training
Training\kha\78.jpg,kha,Training
Training\kha\79.jpg,kha,Training
Training\kha\8.jpg,kha,Training
Training\kha\80.jpg,kha,Training
Training\kha\81.jpg,kha,Training
Training\kha\82.jpg,kha,Training
Training\kha\83.jpg,kha,Training
Training\kha\84.jpg,kha,Training
Training\kha\85.jpg,kha,Training
Training\kha\86.jpg,kha,Training
Training\kha\87.jpg,kha,Training
Training\kha\88.jpg,kha,Training
Training\kha\89.jpg,kha,Training
Training\kha\9.jpg,kha,Training
Training\kha\90.jpg,kha,Training
Training\kha\91.jpg,kha,Training
Training\kha\92.jpg,kha,Training
Training\kha\93.jpg,kha,Training
Training\kha\94.jpg,kha,Training
Training\kha\95.jpg,kha,Training
Training\kha\96.jpg,kha,Training
Training\kha\97.jpg,kha,Training
Training\kha\98.jpg,kha,Training
Training\kha\99.jpg,kha,Training
Training\la\1.jpg,la,Training
Training\la\10.jpg,la,Training
Training\la\100.jpg,la,Training
Training\la\101.jpg,la,Training
Training\la\102.jpg,la,Training
Training\la\103.jpg,la,Training
Training\la\104.jpg,la,Training
Training\la\105.jpg,la,Training
Training\la\106.jpg,la,Training
Training\la\107.jpg,la,Training
Training\la\108.jpg,la,Training
Training\la\109.jpg,la,Training
Training\la\11.jpg,la,Training
Training\la\110.jpg,la,Training
Training\la\111.jpg,la,Training
Training\la\112.jpg,la,Training
Training\la\113.jpg,la,Training
Training\la\114.jpg,la,Training
Training\la\115.jpg,la,Training
Training\la\116.jpg,la,Training
Training\la\117.jpg,la,Training
Training\la\118.jpg,la,Training
Training\la\119.jpg,la,Training
Training\la\12.jpg,la,Training
Training\la\120.jpg,la,Training
Training\la\121.jpg,la,Training
Training\la\122.jpg,la,Training
Training\la\123.jpg,la,Training
Training\la\124.jpg,la,Training
Training\la\125.jpg,la,Training
Training\la\126.jpg,la,Training
Training\la\127.jpg,la,Training
Training\la\128.jpg,la,Training
Training\la\129.jpg,la,Training
Training\la\13.jpg,la,Training
Training\la\130.jpg,la,Training
Training\la\131.jpg,la,Training
Training\la\132.jpg,la,Training
Training\la\133.jpg,la,Training
Training\la\134.jpg,la,Training
Training\la\135.jpg,la,Training
Training\la\136.jpg,la,Training
Training\la\137.jpg,la,Training
Training\la\138.jpg,la,Training
Training\la\139.jpg,la,Training
Training\la\14.jpg,la,Training
Training\la\140.jpg,la,Training
Training\la\141.jpg,la,Training
Training\la\142.jpg,la,Training
Training\la\143.jpg,la,Training
Training\la\144.jpg,la,Training
Training\la\145.jpg,la,Training
Training\la\146.jpg,la,Training
Training\la\147.jpg,la,Training
Training\la\148.jpg,la,Training
Training\la\149.jpg,la,Training
Training\la\15.jpg,la,Training
Training\la\150.jpg,la,Training
Training\la\151.jpg,la,Training
Training\la\152.jpg,la,Training
Training\la\153.jpg,la,Training
Training\la\154.jpg,la,Training
Training\la\155.jpg,la,Training
Training\la\156.jpg,la,Training
Training\la\157.jpg,la,Training
Training\la\158.jpg,la,Training
Training\la\159.jpg,la,Training
Training\la\16.jpg,la,Training
Training\la\160.jpg,la,Training
Training\la\161.jpg,la,Training
Training\la\162.jpg,la,Training
Training\la\163.jpg,la,Training
Training\la\164.jpg,la,Training
Training\la\165.jpg,la,Training
Training\la\166.jpg,la,Training
Training\la\167.jpg,la,Training
Training\la\168.jpg,la,Training
Training\la\169.jpg,la,Training
Training\la\17.jpg,la,Training
Training\la\170.jpg,la,Training
Training\la\171.jpg,la,Training
Training\la\172.jpg,la,Training
Training\la\173.jpg,la,Training
Training\la\174.jpg,la,Training
Training\la\175.jpg,la,Training
Training\la\176.jpg,la,Training
Training\la\177.jpg,la,Training
Training\la\178.jpg,la,Training
Training\la\179.jpg,la,Training
Training\la\18.jpg,la,Training
Training\la\180.jpg,la,Training
Training\la\181.jpg,la,Training
Training\la\182.jpg,la,Training
Training\la\183.jpg,la,Training
Training\la\184.jpg,la,Training
Training\la\185.jpg,la,Training
Training\la\186.jpg,la,Training
Training\la\187.jpg,la,Training
Training\la\188.jpg,la,Training
Training\la\189.jpg,la,Training
Training\la\19.jpg,la,Training
Training\la\190.jpg,la,Training
Training\la\191.jpg,la,Training
Training\la\192.jpg,la,Training
Training\la\193.jpg,la,Training
Training\la\194.jpg,la,Training
Training\la\195.jpg,la,Training
Training\la\196.jpg,la,Training
Training\la\197.jpg,la,Training
Training\la\198.jpg,la,Training
Training\la\199.jpg,la,Training
Training\la\2.jpg,la,Training
Training\la\20.jpg,la,Training
Training\la\200.jpg,la,Training
Training\la\201.jpg,la,Training
Training\la\202.jpg,la,Training
Training\la\203.jpg,la,Training
Training\la\204.jpg,la,Training
Training\la\205.jpg,la,Training
Training\la\206.jpg,la,Training
Training\la\207.jpg,la,Training
Training\la\208.jpg,la,Training
Training\la\209.jpg,la,Training
Training\la\21.jpg,la,Training
Training\la\210.jpg,la,Training
Training\la\211.jpg,la,Training
Training\la\212.jpg,la,Training
Training\la\213.jpg,la,Training
Training\la\214.jpg,la,Training
Training\la\215.jpg,la,Training
Training\la\216.jpg,la,Training
Training\la\217.jpg,la,Training
Training\la\218.jpg,la,Training
Training\la\219.jpg,la,Training
Training\la\22.jpg,la,Training
Training\la\220.jpg,la,Training
Training\la\221.jpg,la,Training
Training\la\222.jpg,la,Training
Training\la\223.jpg,la,Training
Training\la\224.jpg,la,Training
Training\la\225.jpg,la,Training
Training\la\226.jpg,la,Training
Training\la\227.jpg,la,Training
Training\la\228.jpg,la,Training
Training\la\229.jpg,la,Training
Training\la\23.jpg,la,Training
Training\la\230.jpg,la,Training
Training\la\231.jpg,la,Training
Training\la\232.jpg,la,Training
Training\la\233.jpg,la,Training
Training\la\234.jpg,la,Training
Training\la\235.jpg,la,Training
Training\la\236.jpg,la,Training
Training\la\237.jpg,la,Training
Training\la\238.jpg,la,Training
Training\la\239.jpg,la,Training
Training\la\24.jpg,la,Training
Training\la\240.jpg,la,Training
Training\la\241.jpg,la,Training
Training\la\242.jpg,la,Training
Training\la\243.jpg,la,Training
Training\la\244.jpg,la,Training
Training\la\245.jpg,la,Training
Training\la\246.jpg,la,Training
Training\la\247.jpg,la,Training
Training\la\248.jpg,la,Training
Training\la\249.jpg,la,Training
Training\la\25.jpg,la,Training
Training\la\250.jpg,la,Training
Training\la\251.jpg,la,Training
Training\la\252.jpg,la,Training
Training\la\253.jpg,la,Training
Training\la\254.jpg,la,Training
Training\la\255.jpg,la,Training
Training\la\256.jpg,la,Training
Training\la\257.jpg,la,Training
Training\la\258.jpg,la,Training
Training\la\259.jpg,la,Training
Training\la\26.jpg,la,Training
Training\la\260.jpg,la,Training
Training\la\261.jpg,la,Training
Training\la\262.jpg,la,Training
Training\la\263.jpg,la,Training
Training\la\264.jpg,la,Training
Training\la\265.jpg,la,Training
Training\la\266.jpg,la,Training
Training\la\267.jpg,la,Training
Training\la\268.jpg,la,Training
Training\la\269.jpg,la,Training
Training\la\27.jpg,la,Training
Training\la\270.jpg,la,Training
Training\la\271.jpg,la,Training
Training\la\272.jpg,la,Training
Training\la\273.jpg,la,Training
Training\la\274.jpg,la,Training
Training\la\275.jpg,la,Training
Training\la\276.jpg,la,Training
Training\la\277.jpg,la,Training
Training\la\278.jpg,la,Training
Training\la\279.jpg,la,Training
Training\la\28.jpg,la,Training
Training\la\280.jpg,la,Training
Training\la\281.jpg,la,Training
Training\la\282.jpg,la,Training
Training\la\283.jpg,la,Training
Training\la\284.jpg,la,Training
Training\la\285.jpg,la,Training
Training\la\286.jpg,la,Training
Training\la\287.jpg,la,Training
Training\la\288.jpg,la,Training
Training\la\289.jpg,la,Training
Training\la\29.jpg,la,Training
Training\la\290.jpg,la,Training
Training\la\291.jpg,la,Training
Training\la\292.jpg,la,Training
Training\la\293.jpg,la,Training
Training\la\294.jpg,la,Training
Training\la\295.jpg,la,Training
Training\la\296.jpg,la,Training
Training\la\297.jpg,la,Training
Training\la\298.jpg,la,Training
Training\la\299.jpg,la,Training
Training\la\3.jpg,la,Training
Training\la\30.jpg,la,Training
Training\la\300.jpg,la,Training
Training\la\301.jpg,la,Training
Training\la\302.jpg,la,Training
Training\la\303.jpg,la,Training
Training\la\304.jpg,la,Training
Training\la\305.jpg,la,Training
Training\la\306.jpg,la,Training
Training\la\307.jpg,la,Training
Training\la\308.jpg,la,Training
Training\la\309.jpg,la,Training
Training\la\31.jpg,la,Training
Training\la\310.jpg,la,Training
Training\la\311.jpg,la,Training
Training\la\312.jpg,la,Training
Training\la\313.jpg,la,Training
Training\la\314.jpg,la,Training
Training\la\315.jpg,la,Training
Training\la\316.jpg,la,Training
Training\la\317.jpg,la,Training
Training\la\318.jpg,la,Training
Training\la\319.jpg,la,Training
Training\la\32.jpg,la,Training
Training\la\320.jpg,la,Training
Training\la\321.jpg,la,Training
Training\la\322.jpg,la,Training
Training\la\323.jpg,la,Training
Training\la\324.jpg,la,Training
Training\la\325.jpg,la,Training
Training\la\326.jpg,la,Training
Training\la\327.jpg,la,Training
Training\la\328.jpg,la,Training
Training\la\329.jpg,la,Training
Training\la\33.jpg,la,Training
Training\la\330.jpg,la,Training
Training\la\331.jpg,la,Training
Training\la\332.jpg,la,Training
Training\la\333.jpg,la,Training
Training\la\334.jpg,la,Training
Training\la\335.jpg,la,Training
Training\la\336.jpg,la,Training
Training\la\337.jpg,la,Training
Training\la\338.jpg,la,Training
Training\la\339.jpg,la,Training
Training\la\34.jpg,la,Training
Training\la\340.jpg,la,Training
Training\la\341.jpg,la,Training
Training\la\342.jpg,la,Training
Training\la\343.jpg,la,Training
Training\la\344.jpg,la,Training
Training\la\345.jpg,la,Training
Training\la\346.jpg,la,Training
Training\la\347.jpg,la,Training
Training\la\348.jpg,la,Training
Training\la\349.jpg,la,Training
Training\la\35.jpg,la,Training
Training\la\350.jpg,la,Training
Training\la\351.jpg,la,Training
Training\la\352.jpg,la,Training
Training\la\353.jpg,la,Training
Training\la\354.jpg,la,Training
Training\la\355.jpg,la,Training
Training\la\356.jpg,la,Training
Training\la\357.jpg,la,Training
Training\la\358.jpg,la,Training
Training\la\359.jpg,la,Training
Training\la\36.jpg,la,Training
Training\la\360.jpg,la,Training
Training\la\361.jpg,la,Training
Training\la\362.jpg,la,Training
Training\la\363.jpg,la,Training
Training\la\364.jpg,la,Training
Training\la\365.jpg,la,Training
Training\la\366.jpg,la,Training
Training\la\367.jpg,la,Training
Training\la\368.jpg,la,Training
Training\la\369.jpg,la,Training
Training\la\37.jpg,la,Training
Training\la\370.jpg,la,Training
Training\la\371.jpg,la,Training
Training\la\372.jpg,la,Training
Training\la\373.jpg,la,Training
Training\la\374.jpg,la,Training
Training\la\375.jpg,la,Training
Training\la\376.jpg,la,Training
Training\la\377.jpg,la,Training
Training\la\378.jpg,la,Training
Training\la\379.jpg,la,Training
Training\la\38.jpg,la,Training
Training\la\380.jpg,la,Training
Training\la\381.jpg,la,Training
Training\la\382.jpg,la,Training
Training\la\383.jpg,la,Training
Training\la\384.jpg,la,Training
Training\la\385.jpg,la,Training
Training\la\386.jpg,la,Training
Training\la\387.jpg,la,Training
Training\la\388.jpg,la,Training
Training\la\389.jpg,la,Training
Training\la\39.jpg,la,Training
Training\la\390.jpg,la,Training
Training\la\391.jpg,la,Training
Training\la\392.jpg,la,Training
Training\la\393.jpg,la,Training
Training\la\394.jpg,la,Training
Training\la\395.jpg,la,Training
Training\la\396.jpg,la,Training
Training\la\397.jpg,la,Training
Training\la\398.jpg,la,Training
Training\la\399.jpg,la,Training
Training\la\4.jpg,la,Training
Training\la\40.jpg,la,Training
Training\la\400.jpg,la,Training
Training\la\401.jpg,la,Training
Training\la\402.jpg,la,Training
Training\la\403.jpg,la,Training
Training\la\404.jpg,la,Training
Training\la\405.jpg,la,Training
Training\la\406.jpg,la,Training
Training\la\407.jpg,la,Training
Training\la\408.jpg,la,Training
Training\la\409.jpg,la,Training
Training\la\41.jpg,la,Training
Training\la\410.jpg,la,Training
Training\la\411.jpg,la,Training
Training\la\412.jpg,la,Training
Training\la\413.jpg,la,Training
Training\la\414.jpg,la,Training
Training\la\415.jpg,la,Training
Training\la\416.jpg,la,Training
Training\la\417.jpg,la,Training
Training\la\418.jpg,la,Training
Training\la\419.jpg,la,Training
Training\la\42.jpg,la,Training
Training\la\420.jpg,la,Training
Training\la\43.jpg,la,Training
Training\la\44.jpg,la,Training
Training\la\45.jpg,la,Training
Training\la\46.jpg,la,Training
Training\la\47.jpg,la,Training
Training\la\48.jpg,la,Training
Training\la\49.jpg,la,Training
Training\la\5.jpg,la,Training
Training\la\50.jpg,la,Training
Training\la\51.jpg,la,Training
Training\la\52.jpg,la,Training
Training\la\53.jpg,la,Training
Training\la\54.jpg,la,Training
Training\la\55.jpg,la,Training
Training\la\56.jpg,la,Training
Training\la\57.jpg,la,Training
Training\la\58.jpg,la,Training
Training\la\59.jpg,la,Training
Training\la\6.jpg,la,Training
Training\la\60.jpg,la,Training
Training\la\61.jpg,la,Training
Training\la\62.jpg,la,Training
Training\la\63.jpg,la,Training
Training\la\64.jpg,la,Training
Training\la\65.jpg,la,Training
Training\la\66.jpg,la,Training
Training\la\67.jpg,la,Training
Training\la\68.jpg,la,Training
Training\la\69.jpg,la,Training
Training\la\7.jpg,la,Training
Training\la\70.jpg,la,Training
Training\la\71.jpg,la,Training
Training\la\72.jpg,la,Training
Training\la\73.jpg,la,Training
Training\la\74.jpg,la,Training
Training\la\75.jpg,la,Training
Training\la\76.jpg,la,Training
Training\la\77.jpg,la,Training
Training\la\78.jpg,la,Training
Training\la\79.jpg,la,Training
Training\la\8.jpg,la,Training
Training\la\80.jpg,la,Training
Training\la\81.jpg,la,Training
Training\la\82.jpg,la,Training
Training\la\83.jpg,la,Training
Training\la\84.jpg,la,Training
Training\la\85.jpg,la,Training
Training\la\86.jpg,la,Training
Training\la\87.jpg,la,Training
Training\la\88.jpg,la,Training
Training\la\89.jpg,la,Training
Training\la\9.jpg,la,Training
Training\la\90.jpg,la,Training
Training\la\91.jpg,la,Training
Training\la\92.jpg,la,Training
Training\la\93.jpg,la,Training
Training\la\94.jpg,la,Training
Training\la\95.jpg,la,Training
Training\la\96.jpg,la,Training
Training\la\97.jpg,la,Training
Training\la\98.jpg,la,Training
Training\la\99.jpg,la,Training
Training\ma\1.jpg,ma,Training
Training\ma\10.jpg,ma,Training
Training\ma\100.jpg,ma,Training
Training\ma\101.jpg,ma,Training
Training\ma\102.jpg,ma,Training
Training\ma\103.jpg,ma,Training
Training\ma\104.jpg,ma,Training
Training\ma\105.jpg,ma,Training
Training\ma\106.jpg,ma,Training
Training\ma\107.jpg,ma,Training
Training\ma\108.jpg,ma,Training
Training\ma\109.jpg,ma,Training
Training\ma\11.jpg,ma,Training
Training\ma\110.jpg,ma,Training
Training\ma\111.jpg,ma,Training
Training\ma\112.jpg,ma,Training
Training\ma\113.jpg,ma,Training
Training\ma\114.jpg,ma,Training
Training\ma\115.jpg,ma,Training
Training\ma\116.jpg,ma,Training
Training\ma\117.jpg,ma,Training
Training\ma\118.jpg,ma,Training
Training\ma\119.jpg,ma,Training
Training\ma\12.jpg,ma,Training
Training\ma\120.jpg,ma,Training
Training\ma\121.jpg,ma,Training
Training\ma\122.jpg,ma,Training
Training\ma\123.jpg,ma,Training
Training\ma\124.jpg,ma,Training
Training\ma\125.jpg,ma,Training
Training\ma\126.jpg,ma,Training
Training\ma\127.jpg,ma,Training
Training\ma\128.jpg,ma,Training
Training\ma\129.jpg,ma,Training
Training\ma\13.jpg,ma,Training
Training\ma\130.jpg,ma,Training
Training\ma\131.jpg,ma,Training
Training\ma\132.jpg,ma,Training
Training\ma\133.jpg,ma,Training
Training\ma\134.jpg,ma,Training
Training\ma\135.jpg,ma,Training
Training\ma\136.jpg,ma,Training
Training\ma\137.jpg,ma,Training
Training\ma\138.jpg,ma,Training
Training\ma\139.jpg,ma,Training
Training\ma\14.jpg,ma,Training
Training\ma\140.jpg,ma,Training
Training\ma\141.jpg,ma,Training
Training\ma\142.jpg,ma,Training
Training\ma\143.jpg,ma,Training
Training\ma\144.jpg,ma,Training
Training\ma\145.jpg,ma,Training
Training\ma\146.jpg,ma,Training
Training\ma\147.jpg,ma,Training
Training\ma\148.jpg,ma,Training
Training\ma\149.jpg,ma,Training
Training\ma\15.jpg,ma,Training
Training\ma\150.jpg,ma,Training
Training\ma\151.jpg,ma,Training
Training\ma\152.jpg,ma,Training
Training\ma\153.jpg,ma,Training
Training\ma\154.jpg,ma,Training
Training\ma\155.jpg,ma,Training
Training\ma\156.jpg,ma,Training
Training\ma\157.jpg,ma,Training
Training\ma\158.jpg,ma,Training
Training\ma\159.jpg,ma,Training
Training\ma\16.jpg,ma,Training
Training\ma\160.jpg,ma,Training
Training\ma\161.jpg,ma,Training
Training\ma\162.jpg,ma,Training
Training\ma\163.jpg,ma,Training
Training\ma\164.jpg,ma,Training
Training\ma\165.jpg,ma,Training
Training\ma\166.jpg,ma,Training
Training\ma\167.jpg,ma,Training
Training\ma\168.jpg,ma,Training
Training\ma\169.jpg,ma,Training
Training\ma\17.jpg,ma,Training
Training\ma\170.jpg,ma,Training
Training\ma\171.jpg,ma,Training
Training\ma\172.jpg,ma,Training
Training\ma\173.jpg,ma,Training
Training\ma\174.jpg,ma,Training
Training\ma\175.jpg,ma,Training
Training\ma\176.jpg,ma,Training
Training\ma\177.jpg,ma,Training
Training\ma\178.jpg,ma,Training
Training\ma\179.jpg,ma,Training
Training\ma\18.jpg,ma,Training
Training\ma\180.jpg,ma,Training
Training\ma\181.jpg,ma,Training
Training\ma\182.jpg,ma,Training
Training\ma\183.jpg,ma,Training
Training\ma\184.jpg,ma,Training
Training\ma\185.jpg,ma,Training
Training\ma\186.jpg,ma,Training
Training\ma\187.jpg,ma,Training
Training\ma\188.jpg,ma,Training
Training\ma\189.jpg,ma,Training
Training\ma\19.jpg,ma,Training
Training\ma\190.jpg,ma,Training
Training\ma\191.jpg,ma,Training
Training\ma\192.jpg,ma,Training
Training\ma\193.jpg,ma,Training
Training\ma\194.jpg,ma,Training
Training\ma\195.jpg,ma,Training
Training\ma\196.jpg,ma,Training
Training\ma\197.jpg,ma,Training
Training\ma\198.jpg,ma,Training
Training\ma\199.jpg,ma,Training
Training\ma\2.jpg,ma,Training
Training\ma\20.jpg,ma,Training
Training\ma\200.jpg,ma,Training
Training\ma\201.jpg,ma,Training
Training\ma\202.jpg,ma,Training
Training\ma\203.jpg,ma,Training
Training\ma\204.jpg,ma,Training
Training\ma\205.jpg,ma,Training
Training\ma\206.jpg,ma,Training
Training\ma\207.jpg,ma,Training
Training\ma\208.jpg,ma,Training
Training\ma\209.jpg,ma,Training
Training\ma\21.jpg,ma,Training
Training\ma\210.jpg,ma,Training
Training\ma\211.jpg,ma,Training
Training\ma\212.jpg,ma,Training
Training\ma\213.jpg,ma,Training
Training\ma\214.jpg,ma,Training
Training\ma\215.jpg,ma,Training
Training\ma\216.jpg,ma,Training
Training\ma\217.jpg,ma,Training
Training\ma\218.jpg,ma,Training
Training\ma\219.jpg,ma,Training
Training\ma\22.jpg,ma,Training
Training\ma\220.jpg,ma,Training
Training\ma\221.jpg,ma,Training
Training\ma\222.jpg,ma,Training
Training\ma\223.jpg,ma,Training
Training\ma\224.jpg,ma,Training
Training\ma\225.jpg,ma,Training
Training\ma\226.jpg,ma,Training
Training\ma\227.jpg,ma,Training
Training\ma\228.jpg,ma,Training
Training\ma\229.jpg,ma,Training
Training\ma\23.jpg,ma,Training
Training\ma\230.jpg,ma,Training
Training\ma\231.jpg,ma,Training
Training\ma\232.jpg,ma,Training
Training\ma\233.jpg,ma,Training
Training\ma\234.jpg,ma,Training
Training\ma\235.jpg,ma,Training
Training\ma\236.jpg,ma,Training
Training\ma\237.jpg,ma,Training
Training\ma\238.jpg,ma,Training
Training\ma\239.jpg,ma,Training
Training\ma\24.jpg,ma,Training
Training\ma\240.jpg,ma,Training
Training\ma\241.jpg,ma,Training
Training\ma\242.jpg,ma,Training
Training\ma\243.jpg,ma,Training
Training\ma\244.jpg,ma,Training
Training\ma\245.jpg,ma,Training
Training\ma\246.jpg,ma,Training
Training\ma\247.jpg,ma,Training
Training\ma\248.jpg,ma,Training
Training\ma\249.jpg,ma,Training
Training\ma\25.jpg,ma,Training
Training\ma\250.jpg,ma,Training
Training\ma\251.jpg,ma,Training
Training\ma\252.jpg,ma,Training
Training\ma\253.jpg,ma,Training
Training\ma\254.jpg,ma,Training
Training\ma\255.jpg,ma,Training
Training\ma\256.jpg,ma,Training
Training\ma\257.jpg,ma,Training
Training\ma\258.jpg,ma,Training
Training\ma\259.jpg,ma,Training
Training\ma\26.jpg,ma,Training
Training\ma\260.jpg,ma,Training
Training\ma\261.jpg,ma,Training
Training\ma\262.jpg,ma,Training
Training\ma\263.jpg,ma,Training
Training\ma\264.jpg,ma,Training
Training\ma\265.jpg,ma,Training
Training\ma\266.jpg,ma,Training
Training\ma\267.jpg,ma,Training
Training\ma\268.jpg,ma,Training
Training\ma\269.jpg,ma,Training
Training\ma\27.jpg,ma,Training
Training\ma\270.jpg,ma,Training
Training\ma\271.jpg,ma,Training
Training\ma\272.jpg,ma,Training
Training\ma\273.jpg,ma,Training
Training\ma\274.jpg,ma,Training
Training\ma\275.jpg,ma,Training
Training\ma\276.jpg,ma,Training
Training\ma\277.jpg,ma,Training
Training\ma\278.jpg,ma,Training
Training\ma\279.jpg,ma,Training
Training\ma\28.jpg,ma,Training
Training\ma\280.jpg,ma,Training
Training\ma\281.jpg,ma,Training
Training\ma\282.jpg,ma,Training
Training\ma\283.jpg,ma,Training
Training\ma\284.jpg,ma,Training
Training\ma\285.jpg,ma,Training
Training\ma\286.jpg,ma,Training
Training\ma\287.jpg,ma,Training
Training\ma\288.jpg,ma,Training
Training\ma\289.jpg,ma,Training
Training\ma\29.jpg,ma,Training
Training\ma\290.jpg,ma,Training
Training\ma\291.jpg,ma,Training
Training\ma\292.jpg,ma,Training
Training\ma\293.jpg,ma,Training
Training\ma\294.jpg,ma,Training
Training\ma\295.jpg,ma,Training
Training\ma\296.jpg,ma,Training
Training\ma\297.jpg,ma,Training
Training\ma\298.jpg,ma,Training
Training\ma\299.jpg,ma,Training
Training\ma\3.jpg,ma,Training
Training\ma\30.jpg,ma,Training
Training\ma\300.jpg,ma,Training
Training\ma\301.jpg,ma,Training
Training\ma\302.jpg,ma,Training
Training\ma\303.jpg,ma,Training
Training\ma\304.jpg,ma,Training
Training\ma\305.jpg,ma,Training
Training\ma\306.jpg,ma,Training
Training\ma\307.jpg,ma,Training
Training\ma\308.jpg,ma,Training
Training\ma\309.jpg,ma,Training
Training\ma\31.jpg,ma,Training
Training\ma\310.jpg,ma,Training
Training\ma\311.jpg,ma,Training
Training\ma\312.jpg,ma,Training
Training\ma\313.jpg,ma,Training
Training\ma\314.jpg,ma,Training
Training\ma\315.jpg,ma,Training
Training\ma\316.jpg,ma,Training
Training\ma\317.jpg,ma,Training
Training\ma\318.jpg,ma,Training
Training\ma\319.jpg,ma,Training
Training\ma\32.jpg,ma,Training
Training\ma\320.jpg,ma,Training
Training\ma\321.jpg,ma,Training
Training\ma\322.jpg,ma,Training
Training\ma\323.jpg,ma,Training
Training\ma\324.jpg,ma,Training
Training\ma\325.jpg,ma,Training
Training\ma\326.jpg,ma,Training
Training\ma\327.jpg,ma,Training
Training\ma\328.jpg,ma,Training
Training\ma\329.jpg,ma,Training
Training\ma\33.jpg,ma,Training
Training\ma\330.jpg,ma,Training
Training\ma\331.jpg,ma,Training
Training\ma\332.jpg,ma,Training
Training\ma\333.jpg,ma,Training
Training\ma\334.jpg,ma,Training
Training\ma\335.jpg,ma,Training
Training\ma\336.jpg,ma,Training
Training\ma\337.jpg,ma,Training
Training\ma\338.jpg,ma,Training
Training\ma\339.jpg,ma,Training
Training\ma\34.jpg,ma,Training
Training\ma\340.jpg,ma,Training
Training\ma\341.jpg,ma,Training
Training\ma\342.jpg,ma,Training
Training\ma\343.jpg,ma,Training
Training\ma\344.jpg,ma,Training
Training\ma\345.jpg,ma,Training
Training\ma\346.jpg,ma,Training
Training\ma\347.jpg,ma,Training
Training\ma\348.jpg,ma,Training
Training\ma\349.jpg,ma,Training
Training\ma\35.jpg,ma,Training
Training\ma\350.jpg,ma,Training
Training\ma\351.jpg,ma,Training
Training\ma\352.jpg,ma,Training
Training\ma\353.jpg,ma,Training
Training\ma\354.jpg,ma,Training
Training\ma\355.jpg,ma,Training
Training\ma\356.jpg,ma,Training
Training\ma\357.jpg,ma,Training
Training\ma\358.jpg,ma,Training
Training\ma\359.jpg,ma,Training
Training\ma\36.jpg,ma,Training
Training\ma\360.jpg,ma,Training
Training\ma\361.jpg,ma,Training
Training\ma\362.jpg,ma,Training
Training\ma\363.jpg,ma,Training
Training\ma\364.jpg,ma,Training
Training\ma\365.jpg,ma,Training
Training\ma\366.jpg,ma,Training
Training\ma\367.jpg,ma,Training
Training\ma\368.jpg,ma,Training
Training\ma\369.jpg,ma,Training
Training\ma\37.jpg,ma,Training
Training\ma\370.jpg,ma,Training
Training\ma\371.jpg,ma,Training
Training\ma\372.jpg,ma,Training
Training\ma\373.jpg,ma,Training
Training\ma\374.jpg,ma,Training
Training\ma\375.jpg,ma,Training
Training\ma\376.jpg,ma,Training
Training\ma\377.jpg,ma,Training
Training\ma\378.jpg,ma,Training
Training\ma\379.jpg,ma,Training
Training\ma\38.jpg,ma,Training
Training\ma\380.jpg,ma,Training
Training\ma\381.jpg,ma,Training
Training\ma\382.jpg,ma,Training
Training\ma\383.jpg,ma,Training
Training\ma\384.jpg,ma,Training
Training\ma\385.jpg,ma,Training
Training\ma\386.jpg,ma,Training
Training\ma\387.jpg,ma,Training
Training\ma\388.jpg,ma,Training
Training\ma\389.jpg,ma,Training
Training\ma\39.jpg,ma,Training
Training\ma\390.jpg,ma,Training
Training\ma\391.jpg,ma,Training
Training\ma\392.jpg,ma,Training
Training\ma\393.jpg,ma,Training
Training\ma\394.jpg,ma,Training
Training\ma\395.jpg,ma,Training
Training\ma\396.jpg,ma,Training
Training\ma\397.jpg,ma,Training
Training\ma\398.jpg,ma,Training
Training\ma\399.jpg,ma,Training
Training\ma\4.jpg,ma,Training
Training\ma\40.jpg,ma,Training
Training\ma\400.jpg,ma,Training
Training\ma\401.jpg,ma,Training
Training\ma\402.jpg,ma,Training
Training\ma\403.jpg,ma,Training
Training\ma\404.jpg,ma,Training
Training\ma\405.jpg,ma,Training
Training\ma\406.jpg,ma,Training
Training\ma\407.jpg,ma,Training
Training\ma\408.jpg,ma,Training
Training\ma\409.jpg,ma,Training
Training\ma\41.jpg,ma,Training
Training\ma\410.jpg,ma,Training
Training\ma\411.jpg,ma,Training
Training\ma\412.jpg,ma,Training
Training\ma\413.jpg,ma,Training
Training\ma\414.jpg,ma,Training
Training\ma\415.jpg,ma,Training
Training\ma\416.jpg,ma,Training
Training\ma\417.jpg,ma,Training
Training\ma\418.jpg,ma,Training
Training\ma\419.jpg,ma,Training
Training\ma\42.jpg,ma,Training
Training\ma\420.jpg,ma,Training
Training\ma\43.jpg,ma,Training
Training\ma\44.jpg,ma,Training
Training\ma\45.jpg,ma,Training
Training\ma\46.jpg,ma,Training
Training\ma\47.jpg,ma,Training
Training\ma\48.jpg,ma,Training
Training\ma\49.jpg,ma,Training
Training\ma\5.jpg,ma,Training
Training\ma\50.jpg,ma,Training
Training\ma\51.jpg,ma,Training
Training\ma\52.jpg,ma,Training
Training\ma\53.jpg,ma,Training
Training\ma\54.jpg,ma,Training
Training\ma\55.jpg,ma,Training
Training\ma\56.jpg,ma,Training
Training\ma\57.jpg,ma,Training
Training\ma\58.jpg,ma,Training
Training\ma\59.jpg,ma,Training
Training\ma\6.jpg,ma,Training
Training\ma\60.jpg,ma,Training
Training\ma\61.jpg,ma,Training
Training\ma\62.jpg,ma,Training
Training\ma\63.jpg,ma,Training
Training\ma\64.jpg,ma,Training
Training\ma\65.jpg,ma,Training
Training\ma\66.jpg,ma,Training
Training\ma\67.jpg,ma,Training
Training\ma\68.jpg,ma,Training
Training\ma\69.jpg,ma,Training
Training\ma\7.jpg,ma,Training
Training\ma\70.jpg,ma,Training
Training\ma\71.jpg,ma,Training
Training\ma\72.jpg,ma,Training
Training\ma\73.jpg,ma,Training
Training\ma\74.jpg,ma,Training
Training\ma\75.jpg,ma,Training
Training\ma\76.jpg,ma,Training
Training\ma\77.jpg,ma,Training
Training\ma\78.jpg,ma,Training
Training\ma\79.jpg,ma,Training
Training\ma\8.jpg,ma,Training
Training\ma\80.jpg,ma,Training
Training\ma\81.jpg,ma,Training
Training\ma\82.jpg,ma,Training
Training\ma\83.jpg,ma,Training
Training\ma\84.jpg,ma,Training
Training\ma\85.jpg,ma,Training
Training\ma\86.jpg,ma,Training
Training\ma\87.jpg,ma,Training
Training\ma\88.jpg,ma,Training
Training\ma\89.jpg,ma,Training
Training\ma\9.jpg,ma,Training
Training\ma\90.jpg,ma,Training
Training\ma\91.jpg,ma,Training
Training\ma\92.jpg,ma,Training
Training\ma\93.jpg,ma,Training
Training\ma\94.jpg,ma,Training
Training\ma\95.jpg,ma,Training
Training\ma\96.jpg,ma,Training
Training\ma\97.jpg,ma,Training
Training\ma\98.jpg,ma,Training
Training\ma\99.jpg,ma,Training
Training\na\1.jpg,na,Training
Training\na\10.jpg,na,Training
Training\na\100.jpg,na,Training
Training\na\101.jpg,na,Training
Training\na\102.jpg,na,Training
Training\na\103.jpg,na,Training
Training\na\104.jpg,na,Training
Training\na\105.jpg,na,Training
Training\na\106.jpg,na,Training
Training\na\107.jpg,na,Training
Training\na\108.jpg,na,Training
Training\na\109.jpg,na,Training
Training\na\11.jpg,na,Training
Training\na\110.jpg,na,Training
Training\na\111.jpg,na,Training
Training\na\112.jpg,na,Training
Training\na\113.jpg,na,Training
Training\na\114.jpg,na,Training
Training\na\115.jpg,na,Training
Training\na\116.jpg,na,Training
Training\na\117.jpg,na,Training
Training\na\118.jpg,na,Training
Training\na\119.jpg,na,Training
Training\na\12.jpg,na,Training
Training\na\120.jpg,na,Training
Training\na\121.jpg,na,Training
Training\na\122.jpg,na,Training
Training\na\123.jpg,na,Training
Training\na\124.jpg,na,Training
Training\na\125.jpg,na,Training
Training\na\126.jpg,na,Training
Training\na\127.jpg,na,Training
Training\na\128.jpg,na,Training
Training\na\129.jpg,na,Training
Training\na\13.jpg,na,Training
Training\na\130.jpg,na,Training
Training\na\131.jpg,na,Training
Training\na\132.jpg,na,Training
Training\na\133.jpg,na,Training
Training\na\134.jpg,na,Training
Training\na\135.jpg,na,Training
Training\na\136.jpg,na,Training
Training\na\137.jpg,na,Training
Training\na\138.jpg,na,Training
Training\na\139.jpg,na,Training
Training\na\14.jpg,na,Training
Training\na\140.jpg,na,Training
Training\na\141.jpg,na,Training
Training\na\142.jpg,na,Training
Training\na\143.jpg,na,Training
Training\na\144.jpg,na,Training
Training\na\145.jpg,na,Training
Training\na\146.jpg,na,Training
Training\na\147.jpg,na,Training
Training\na\148.jpg,na,Training
Training\na\149.jpg,na,Training
Training\na\15.jpg,na,Training
Training\na\150.jpg,na,Training
Training\na\151.jpg,na,Training
Training\na\152.jpg,na,Training
Training\na\153.jpg,na,Training
Training\na\154.jpg,na,Training
Training\na\155.jpg,na,Training
Training\na\156.jpg,na,Training
Training\na\157.jpg,na,Training
Training\na\158.jpg,na,Training
Training\na\159.jpg,na,Training
Training\na\16.jpg,na,Training
Training\na\160.jpg,na,Training
Training\na\161.jpg,na,Training
Training\na\162.jpg,na,Training
Training\na\163.jpg,na,Training
Training\na\164.jpg,na,Training
Training\na\165.jpg,na,Training
Training\na\166.jpg,na,Training
Training\na\167.jpg,na,Training
Training\na\168.jpg,na,Training
Training\na\169.jpg,na,Training
Training\na\17.jpg,na,Training
Training\na\170.jpg,na,Training
Training\na\171.jpg,na,Training
Training\na\172.jpg,na,Training
Training\na\173.jpg,na,Training
Training\na\174.jpg,na,Training
Training\na\175.jpg,na,Training
Training\na\176.jpg,na,Training
Training\na\177.jpg,na,Training
Training\na\178.jpg,na,Training
Training\na\179.jpg,na,Training
Training\na\18.jpg,na,Training
Training\na\180.jpg,na,Training
Training\na\181.jpg,na,Training
Training\na\182.jpg,na,Training
Training\na\183.jpg,na,Training
Training\na\184.jpg,na,Training
Training\na\185.jpg,na,Training
Training\na\186.jpg,na,Training
Training\na\187.jpg,na,Training
Training\na\188.jpg,na,Training
Training\na\189.jpg,na,Training
Training\na\19.jpg,na,Training
Training\na\190.jpg,na,Training
Training\na\191.jpg,na,Training
Training\na\192.jpg,na,Training
Training\na\193.jpg,na,Training
Training\na\194.jpg,na,Training
Training\na\195.jpg,na,Training
Training\na\196.jpg,na,Training
Training\na\197.jpg,na,Training
Training\na\198.jpg,na,Training
Training\na\199.jpg,na,Training
Training\na\2.jpg,na,Training
Training\na\20.jpg,na,Training
Training\na\200.jpg,na,Training
Training\na\201.jpg,na,Training
Training\na\202.jpg,na,Training
Training\na\203.jpg,na,Training
Training\na\204.jpg,na,Training
Training\na\205.jpg,na,Training
Training\na\206.jpg,na,Training
Training\na\207.jpg,na,Training
Training\na\208.jpg,na,Training
Training\na\209.jpg,na,Training
Training\na\21.jpg,na,Training
Training\na\210.jpg,na,Training
Training\na\211.jpg,na,Training
Training\na\212.jpg,na,Training
Training\na\213.jpg,na,Training
Training\na\214.jpg,na,Training
Training\na\215.jpg,na,Training
Training\na\216.jpg,na,Training
Training\na\217.jpg,na,Training
Training\na\218.jpg,na,Training
Training\na\219.jpg,na,Training
Training\na\22.jpg,na,Training
Training\na\220.jpg,na,Training
Training\na\221.jpg,na,Training
Training\na\222.jpg,na,Training
Training\na\223.jpg,na,Training
Training\na\224.jpg,na,Training
Training\na\225.jpg,na,Training
Training\na\226.jpg,na,Training
Training\na\227.jpg,na,Training
Training\na\228.jpg,na,Training
Training\na\229.jpg,na,Training
Training\na\23.jpg,na,Training
Training\na\230.jpg,na,Training
Training\na\231.jpg,na,Training
Training\na\232.jpg,na,Training
Training\na\233.jpg,na,Training
Training\na\234.jpg,na,Training
Training\na\235.jpg,na,Training
Training\na\236.jpg,na,Training
Training\na\237.jpg,na,Training
Training\na\238.jpg,na,Training
Training\na\239.jpg,na,Training
Training\na\24.jpg,na,Training
Training\na\240.jpg,na,Training
Training\na\241.jpg,na,Training
Training\na\242.jpg,na,Training
Training\na\243.jpg,na,Training
Training\na\244.jpg,na,Training
Training\na\245.jpg,na,Training
Training\na\246.jpg,na,Training
Training\na\247.jpg,na,Training
Training\na\248.jpg,na,Training
Training\na\249.jpg,na,Training
Training\na\25.jpg,na,Training
Training\na\250.jpg,na,Training
Training\na\251.jpg,na,Training
Training\na\252.jpg,na,Training
Training\na\253.jpg,na,Training
Training\na\254.jpg,na,Training
Training\na\255.jpg,na,Training
Training\na\256.jpg,na,Training
Training\na\257.jpg,na,Training
Training\na\258.jpg,na,Training
Training\na\259.jpg,na,Training
Training\na\26.jpg,na,Training
Training\na\260.jpg,na,Training
Training\na\261.jpg,na,Training
Training\na\262.jpg,na,Training
Training\na\263.jpg,na,Training
Training\na\264.jpg,na,Training
Training\na\265.jpg,na,Training
Training\na\266.jpg,na,Training
Training\na\267.jpg,na,Training
Training\na\268.jpg,na,Training
Training\na\269.jpg,na,Training
Training\na\27.jpg,na,Training
Training\na\270.jpg,na,Training
Training\na\271.jpg,na,Training
Training\na\272.jpg,na,Training
Training\na\273.jpg,na,Training
Training\na\274.jpg,na,Training
Training\na\275.jpg,na,Training
Training\na\276.jpg,na,Training
Training\na\277.jpg,na,Training
Training\na\278.jpg,na,Training
Training\na\279.jpg,na,Training
Training\na\28.jpg,na,Training
Training\na\280.jpg,na,Training
Training\na\281.jpg,na,Training
Training\na\282.jpg,na,Training
Training\na\283.jpg,na,Training
Training\na\284.jpg,na,Training
Training\na\285.jpg,na,Training
Training\na\286.jpg,na,Training
Training\na\287.jpg,na,Training
Training\na\288.jpg,na,Training
Training\na\289.jpg,na,Training
Training\na\29.jpg,na,Training
Training\na\290.jpg,na,Training
Training\na\291.jpg,na,Training
Training\na\292.jpg,na,Training
Training\na\293.jpg,na,Training
Training\na\294.jpg,na,Training
Training\na\295.jpg,na,Training
Training\na\296.jpg,na,Training
Training\na\297.jpg,na,Training
Training\na\298.jpg,na,Training
Training\na\299.jpg,na,Training
Training\na\3.jpg,na,Training
Training\na\30.jpg,na,Training
Training\na\300.jpg,na,Training
Training\na\301.jpg,na,Training
Training\na\302.jpg,na,Training
Training\na\303.jpg,na,Training
Training\na\304.jpg,na,Training
Training\na\305.jpg,na,Training
Training\na\306.jpg,na,Training
Training\na\307.jpg,na,Training
Training\na\308.jpg,na,Training
Training\na\309.jpg,na,Training
Training\na\31.jpg,na,Training
Training\na\310.jpg,na,Training
Training\na\311.jpg,na,Training
Training\na\312.jpg,na,Training
Training\na\313.jpg,na,Training
Training\na\314.jpg,na,Training
Training\na\315.jpg,na,Training
Training\na\316.jpg,na,Training
Training\na\317.jpg,na,Training
Training\na\318.jpg,na,Training
Training\na\319.jpg,na,Training
Training\na\32.jpg,na,Training
Training\na\320.jpg,na,Training
Training\na\321.jpg,na,Training
Training\na\322.jpg,na,Training
Training\na\323.jpg,na,Training
Training\na\324.jpg,na,Training
Training\na\325.jpg,na,Training
Training\na\326.jpg,na,Training
Training\na\327.jpg,na,Training
Training\na\328.jpg,na,Training
Training\na\329.jpg,na,Training
Training\na\33.jpg,na,Training
Training\na\330.jpg,na,Training
Training\na\331.jpg,na,Training
Training\na\332.jpg,na,Training
Training\na\333.jpg,na,Training
Training\na\334.jpg,na,Training
Training\na\335.jpg,na,Training
Training\na\336.jpg,na,Training
Training\na\337.jpg,na,Training
Training\na\338.jpg,na,Training
Training\na\339.jpg,na,Training
Training\na\34.jpg,na,Training
Training\na\340.jpg,na,Training
Training\na\341.jpg,na,Training
Training\na\342.jpg,na,Training
Training\na\343.jpg,na,Training
Training\na\344.jpg,na,Training
Training\na\345.jpg,na,Training
Training\na\346.jpg,na,Training
Training\na\347.jpg,na,Training
Training\na\348.jpg,na,Training
Training\na\349.jpg,na,Training
Training\na\35.jpg,na,Training
Training\na\350.jpg,na,Training
Training\na\351.jpg,na,Training
Training\na\352.jpg,na,Training
Training\na\353.jpg,na,Training
Training\na\354.jpg,na,Training
Training\na\355.jpg,na,Training
Training\na\356.jpg,na,Training
Training\na\357.jpg,na,Training
Training\na\358.jpg,na,Training
Training\na\359.jpg,na,Training
Training\na\36.jpg,na,Training
Training\na\360.jpg,na,Training
Training\na\361.jpg,na,Training
Training\na\362.jpg,na,Training
Training\na\363.jpg,na,Training
Training\na\364.jpg,na,Training
Training\na\365.jpg,na,Training
Training\na\366.jpg,na,Training
Training\na\367.jpg,na,Training
Training\na\368.jpg,na,Training
Training\na\369.jpg,na,Training
Training\na\37.jpg,na,Training
Training\na\370.jpg,na,Training
Training\na\371.jpg,na,Training
Training\na\372.jpg,na,Training
Training\na\373.jpg,na,Training
Training\na\374.jpg,na,Training
Training\na\375.jpg,na,Training
Training\na\376.jpg,na,Training
Training\na\377.jpg,na,Training
Training\na\378.jpg,na,Training
Training\na\379.jpg,na,Training
Training\na\38.jpg,na,Training
Training\na\380.jpg,na,Training
Training\na\381.jpg,na,Training
Training\na\382.jpg,na,Training
Training\na\383.jpg,na,Training
Training\na\384.jpg,na,Training
Training\na\385.jpg,na,Training
Training\na\386.jpg,na,Training
Training\na\387.jpg,na,Training
Training\na\388.jpg,na,Training
Training\na\389.jpg,na,Training
Training\na\39.jpg,na,Training
Training\na\390.jpg,na,Training
Training\na\391.jpg,na,Training
Training\na\392.jpg,na,Training
Training\na\393.jpg,na,Training
Training\na\394.jpg,na,Training
Training\na\395.jpg,na,Training
Training\na\396.jpg,na,Training
Training\na\397.jpg,na,Training
Training\na\398.jpg,na,Training
Training\na\399.jpg,na,Training
Training\na\4.jpg,na,Training
Training\na\40.jpg,na,Training
Training\na\400.jpg,na,Training
Training\na\401.jpg,na,Training
Training\na\402.jpg,na,Training
Training\na\403.jpg,na,Training
Training\na\404.jpg,na,Training
Training\na\405.jpg,na,Training
Training\na\406.jpg,na,Training
Training\na\407.jpg,na,Training
Training\na\408.jpg,na,Training
Training\na\409.jpg,na,Training
Training\na\41.jpg,na,Training
Training\na\410.jpg,na,Training
Training\na\411.jpg,na,Training
Training\na\412.jpg,na,Training
Training\na\413.jpg,na,Training
Training\na\414.jpg,na,Training
Training\na\415.jpg,na,Training
Training\na\416.jpg,na,Training
Training\na\417.jpg,na,Training
Training\na\418.jpg,na,Training
Training\na\419.jpg,na,Training
Training\na\42.jpg,na,Training
Training\na\420.jpg,na,Training
Training\na\43.jpg,na,Training
Training\na\44.jpg,na,Training
Training\na\45.jpg,na,Training
Training\na\46.jpg,na,Training
Training\na\47.jpg,na,Training
Training\na\48.jpg,na,Training
Training\na\49.jpg,na,Training
Training\na\5.jpg,na,Training
Training\na\50.jpg,na,Training
Training\na\51.jpg,na,Training
Training\na\52.jpg,na,Training
Training\na\53.jpg,na,Training
Training\na\54.jpg,na,Training
Training\na\55.jpg,na,Training
Training\na\56.jpg,na,Training
Training\na\57.jpg,na,Training
Training\na\58.jpg,na,Training
Training\na\59.jpg,na,Training
Training\na\6.jpg,na,Training
Training\na\60.jpg,na,Training
Training\na\61.jpg,na,Training
Training\na\62.jpg,na,Training
Training\na\63.jpg,na,Training
Training\na\64.jpg,na,Training
Training\na\65.jpg,na,Training
Training\na\66.jpg,na,Training
Training\na\67.jpg,na,Training
Training\na\68.jpg,na,Training
Training\na\69.jpg,na,Training
Training\na\7.jpg,na,Training
Training\na\70.jpg,na,Training
Training\na\71.jpg,na,Training
Training\na\72.jpg,na,Training
Training\na\73.jpg,na,Training
Training\na\74.jpg,na,Training
Training\na\75.jpg,na,Training
Training\na\76.jpg,na,Training
Training\na\77.jpg,na,Training
Training\na\78.jpg,na,Training
Training\na\79.jpg,na,Training
Training\na\8.jpg,na,Training
Training\na\80.jpg,na,Training
Training\na\81.jpg,na,Training
Training\na\82.jpg,na,Training
Training\na\83.jpg,na,Training
Training\na\84.jpg,na,Training
Training\na\85.jpg,na,Training
Training\na\86.jpg,na,Training
Training\na\87.jpg,na,Training
Training\na\88.jpg,na,Training
Training\na\89.jpg,na,Training
Training\na\9.jpg,na,Training
Training\na\90.jpg,na,Training
Training\na\91.jpg,na,Training
Training\na\92.jpg,na,Training
Training\na\93.jpg,na,Training
Training\na\94.jpg,na,Training
Training\na\95.jpg,na,Training
Training\na\96.jpg,na,Training
Training\na\97.jpg,na,Training
Training\na\98.jpg,na,Training
Training\na\99.jpg,na,Training
Training\naa\1.jpg,naa,Training
Training\naa\10.jpg,naa,Training
Training\naa\100.jpg,naa,Training
Training\naa\101.jpg,naa,Training
Training\naa\102.jpg,naa,Training
Training\naa\103.jpg,naa,Training
Training\naa\104.jpg,naa,Training
Training\naa\105.jpg,naa,Training
Training\naa\106.jpg,naa,Training
Training\naa\107.jpg,naa,Training
Training\naa\108.jpg,naa,Training
Training\naa\109.jpg,naa,Training
Training\naa\11.jpg,naa,Training
Training\naa\110.jpg,naa,Training
Training\naa\111.jpg,naa,Training
Training\naa\112.jpg,naa,Training
Training\naa\113.jpg,naa,Training
Training\naa\114.jpg,naa,Training
Training\naa\115.jpg,naa,Training
Training\naa\116.jpg,naa,Training
Training\naa\117.jpg,naa,Training
Training\naa\118.jpg,naa,Training
Training\naa\119.jpg,naa,Training
Training\naa\12.jpg,naa,Training
Training\naa\120.jpg,naa,Training
Training\naa\121.jpg,naa,Training
Training\naa\122.jpg,naa,Training
Training\naa\123.jpg,naa,Training
Training\naa\124.jpg,naa,Training
Training\naa\125.jpg,naa,Training
Training\naa\126.jpg,naa,Training
Training\naa\127.jpg,naa,Training
Training\naa\128.jpg,naa,Training
Training\naa\129.jpg,naa,Training
Training\naa\13.jpg,naa,Training
Training\naa\130.jpg,naa,Training
Training\naa\131.jpg,naa,Training
Training\naa\132.jpg,naa,Training
Training\naa\133.jpg,naa,Training
Training\naa\134.jpg,naa,Training
Training\naa\135.jpg,naa,Training
Training\naa\136.jpg,naa,Training
Training\naa\137.jpg,naa,Training
Training\naa\138.jpg,naa,Training
Training\naa\139.jpg,naa,Training
Training\naa\14.jpg,naa,Training
Training\naa\140.jpg,naa,Training
Training\naa\141.jpg,naa,Training
Training\naa\142.jpg,naa,Training
Training\naa\143.jpg,naa,Training
Training\naa\144.jpg,naa,Training
Training\naa\145.jpg,naa,Training
Training\naa\146.jpg,naa,Training
Training\naa\147.jpg,naa,Training
Training\naa\148.jpg,naa,Training
Training\naa\149.jpg,naa,Training
Training\naa\15.jpg,naa,Training
Training\naa\150.jpg,naa,Training
Training\naa\151.jpg,naa,Training
Training\naa\152.jpg,naa,Training
Training\naa\153.jpg,naa,Training
Training\naa\154.jpg,naa,Training
Training\naa\155.jpg,naa,Training
Training\naa\156.jpg,naa,Training
Training\naa\157.jpg,naa,Training
Training\naa\158.jpg,naa,Training
Training\naa\159.jpg,naa,Training
Training\naa\16.jpg,naa,Training
Training\naa\160.jpg,naa,Training
Training\naa\161.jpg,naa,Training
Training\naa\162.jpg,naa,Training
Training\naa\163.jpg,naa,Training
Training\naa\164.jpg,naa,Training
Training\naa\165.jpg,naa,Training
Training\naa\166.jpg,naa,Training
Training\naa\167.jpg,naa,Training
Training\naa\168.jpg,naa,Training
Training\naa\169.jpg,naa,Training
Training\naa\17.jpg,naa,Training
Training\naa\170.jpg,naa,Training
Training\naa\171.jpg,naa,Training
Training\naa\172.jpg,naa,Training
Training\naa\173.jpg,naa,Training
Training\naa\174.jpg,naa,Training
Training\naa\175.jpg,naa,Training
Training\naa\176.jpg,naa,Training
Training\naa\177.jpg,naa,Training
Training\naa\178.jpg,naa,Training
Training\naa\179.jpg,naa,Training
Training\naa\18.jpg,naa,Training
Training\naa\180.jpg,naa,Training
Training\naa\181.jpg,naa,Training
Training\naa\182.jpg,naa,Training
Training\naa\183.jpg,naa,Training
Training\naa\184.jpg,naa,Training
Training\naa\185.jpg,naa,Training
Training\naa\186.jpg,naa,Training
Training\naa\187.jpg,naa,Training
Training\naa\188.jpg,naa,Training
Training\naa\189.jpg,naa,Training
Training\naa\19.jpg,naa,Training
Training\naa\190.jpg,naa,Training
Training\naa\191.jpg,naa,Training
Training\naa\192.jpg,naa,Training
Training\naa\193.jpg,naa,Training
Training\naa\194.jpg,naa,Training
Training\naa\195.jpg,naa,Training
Training\naa\196.jpg,naa,Training
Training\naa\197.jpg,naa,Training
Training\naa\198.jpg,naa,Training
Training\naa\199.jpg,naa,Training
Training\naa\2.jpg,naa,Training
Training\naa\20.jpg,naa,Training
Training\naa\200.jpg,naa,Training
Training\naa\201.jpg,naa,Training
Training\naa\202.jpg,naa,Training
Training\naa\203.jpg,naa,Training
Training\naa\204.jpg,naa,Training
Training\naa\205.jpg,naa,Training
Training\naa\206.jpg,naa,Training
Training\naa\207.jpg,naa,Training
Training\naa\208.jpg,naa,Training
Training\naa\209.jpg,naa,Training
Training\naa\21.jpg,naa,Training
Training\naa\210.jpg,naa,Training
Training\naa\211.jpg,naa,Training
Training\naa\212.jpg,naa,Training
Training\naa\213.jpg,naa,Training
Training\naa\214.jpg,naa,Training
Training\naa\215.jpg,naa,Training
Training\naa\216.jpg,naa,Training
Training\naa\217.jpg,naa,Training
Training\naa\218.jpg,naa,Training
Training\naa\219.jpg,naa,Training
Training\naa\22.jpg,naa,Training
Training\naa\220.jpg,naa,Training
Training\naa\221.jpg,naa,Training
Training\naa\222.jpg,naa,Training
Training\naa\223.jpg,naa,Training
Training\naa\224.jpg,naa,Training
Training\naa\225.jpg,naa,Training
Training\naa\226.jpg,naa,Training
Training\naa\227.jpg,naa,Training
Training\naa\228.jpg,naa,Training
Training\naa\229.jpg,naa,Training
Training\naa\23.jpg,naa,Training
Training\naa\230.jpg,naa,Training
Training\naa\231.jpg,naa,Training
Training\naa\232.jpg,naa,Training
Training\naa\233.jpg,naa,Training
Training\naa\234.jpg,naa,Training
Training\naa\235.jpg,naa,Training
Training\naa\236.jpg,naa,Training
Training\naa\237.jpg,naa,Training
Training\naa\238.jpg,naa,Training
Training\naa\239.jpg,naa,Training
Training\naa\24.jpg,naa,Training
Training\naa\240.jpg,naa,Training
Training\naa\241.jpg,naa,Training
Training\naa\242.jpg,naa,Training
Training\naa\243.jpg,naa,Training
Training\naa\244.jpg,naa,Training
Training\naa\245.jpg,naa,Training
Training\naa\246.jpg,naa,Training
Training\naa\247.jpg,naa,Training
Training\naa\248.jpg,naa,Training
Training\naa\249.jpg,naa,Training
Training\naa\25.jpg,naa,Training
Training\naa\250.jpg,naa,Training
Training\naa\251.jpg,naa,Training
Training\naa\252.jpg,naa,Training
Training\naa\253.jpg,naa,Training
Training\naa\254.jpg,naa,Training
Training\naa\255.jpg,naa,Training
Training\naa\256.jpg,naa,Training
Training\naa\257.jpg,naa,Training
Training\naa\258.jpg,naa,Training
Training\naa\259.jpg,naa,Training
Training\naa\26.jpg,naa,Training
Training\naa\260.jpg,naa,Training
Training\naa\261.jpg,naa,Training
Training\naa\262.jpg,naa,Training
Training\naa\263.jpg,naa,Training
Training\naa\264.jpg,naa,Training
Training\naa\265.jpg,naa,Training
Training\naa\266.jpg,naa,Training
Training\naa\267.jpg,naa,Training
Training\naa\268.jpg,naa,Training
Training\naa\269.jpg,naa,Training
Training\naa\27.jpg,naa,Training
Training\naa\270.jpg,naa,Training
Training\naa\271.jpg,naa,Training
Training\naa\272.jpg,naa,Training
Training\naa\273.jpg,naa,Training
Training\naa\274.jpg,naa,Training
Training\naa\275.jpg,naa,Training
Training\naa\276.jpg,naa,Training
Training\naa\277.jpg,naa,Training
Training\naa\278.jpg,naa,Training
Training\naa\279.jpg,naa,Training
Training\naa\28.jpg,naa,Training
Training\naa\280.jpg,naa,Training
Training\naa\281.jpg,naa,Training
Training\naa\282.jpg,naa,Training
Training\naa\283.jpg,naa,Training
Training\naa\284.jpg,naa,Training
Training\naa\285.jpg,naa,Training
Training\naa\286.jpg,naa,Training
Training\naa\287.jpg,naa,Training
Training\naa\288.jpg,naa,Training
Training\naa\289.jpg,naa,Training
Training\naa\29.jpg,naa,Training
Training\naa\290.jpg,naa,Training
Training\naa\291.jpg,naa,Training
Training\naa\292.jpg,naa,Training
Training\naa\293.jpg,naa,Training
Training\naa\294.jpg,naa,Training
Training\naa\295.jpg,naa,Training
Training\naa\296.jpg,naa,Training
Training\naa\297.jpg,naa,Training
Training\naa\298.jpg,naa,Training
Training\naa\299.jpg,naa,Training
Training\naa\3.jpg,naa,Training
Training\naa\30.jpg,naa,Training
Training\naa\300.jpg,naa,Training
Training\naa\301.jpg,naa,Training
Training\naa\302.jpg,naa,Training
Training\naa\303.jpg,naa,Training
Training\naa\304.jpg,naa,Training
Training\naa\305.jpg,naa,Training
Training\naa\306.jpg,naa,Training
Training\naa\307.jpg,naa,Training
Training\naa\308.jpg,naa,Training
Training\naa\309.jpg,naa,Training
Training\naa\31.jpg,naa,Training
Training\naa\310.jpg,naa,Training
Training\naa\311.jpg,naa,Training
Training\naa\312.jpg,naa,Training
Training\naa\313.jpg,naa,Training
Training\naa\314.jpg,naa,Training
Training\naa\315.jpg,naa,Training
Training\naa\316.jpg,naa,Training
Training\naa\317.jpg,naa,Training
Training\naa\318.jpg,naa,Training
Training\naa\319.jpg,naa,Training
Training\naa\32.jpg,naa,Training
Training\naa\320.jpg,naa,Training
Training\naa\321.jpg,naa,Training
Training\naa\322.jpg,naa,Training
Training\naa\323.jpg,naa,Training
Training\naa\324.jpg,naa,Training
Training\naa\325.jpg,naa,Training
Training\naa\326.jpg,naa,Training
Training\naa\327.jpg,naa,Training
Training\naa\328.jpg,naa,Training
Training\naa\329.jpg,naa,Training
Training\naa\33.jpg,naa,Training
Training\naa\330.jpg,naa,Training
Training\naa\331.jpg,naa,Training
Training\naa\332.jpg,naa,Training
Training\naa\333.jpg,naa,Training
Training\naa\334.jpg,naa,Training
Training\naa\335.jpg,naa,Training
Training\naa\336.jpg,naa,Training
Training\naa\337.jpg,naa,Training
Training\naa\338.jpg,naa,Training
Training\naa\339.jpg,naa,Training
Training\naa\34.jpg,naa,Training
Training\naa\340.jpg,naa,Training
Training\naa\341.jpg,naa,Training
Training\naa\342.jpg,naa,Training
Training\naa\343.jpg,naa,Training
Training\naa\344.jpg,naa,Training
Training\naa\345.jpg,naa,Training
Training\naa\346.jpg,naa,Training
Training\naa\347.jpg,naa,Training
Training\naa\348.jpg,naa,Training
Training\naa\349.jpg,naa,Training
Training\naa\35.jpg,naa,Training
Training\naa\350.jpg,naa,Training
Training\naa\351.jpg,naa,Training
Training\naa\352.jpg,naa,Training
Training\naa\353.jpg,naa,Training
Training\naa\354.jpg,naa,Training
Training\naa\355.jpg,naa,Training
Training\naa\356.jpg,naa,Training
Training\naa\357.jpg,naa,Training
Training\naa\358.jpg,naa,Training
Training\naa\359.jpg,naa,Training
Training\naa\36.jpg,naa,Training
Training\naa\360.jpg,naa,Training
Training\naa\361.jpg,naa,Training
Training\naa\362.jpg,naa,Training
Training\naa\363.jpg,naa,Training
Training\naa\364.jpg,naa,Training
Training\naa\365.jpg,naa,Training
Training\naa\366.jpg,naa,Training
Training\naa\367.jpg,naa,Training
Training\naa\368.jpg,naa,Training
Training\naa\369.jpg,naa,Training
Training\naa\37.jpg,naa,Training
Training\naa\370.jpg,naa,Training
Training\naa\371.jpg,naa,Training
Training\naa\372.jpg,naa,Training
Training\naa\373.jpg,naa,Training
Training\naa\374.jpg,naa,Training
Training\naa\375.jpg,naa,Training
Training\naa\376.jpg,naa,Training
Training\naa\377.jpg,naa,Training
Training\naa\378.jpg,naa,Training
Training\naa\379.jpg,naa,Training
Training\naa\38.jpg,naa,Training
Training\naa\380.jpg,naa,Training
Training\naa\381.jpg,naa,Training
Training\naa\382.jpg,naa,Training
Training\naa\383.jpg,naa,Training
Training\naa\384.jpg,naa,Training
Training\naa\385.jpg,naa,Training
Training\naa\386.jpg,naa,Training
Training\naa\387.jpg,naa,Training
Training\naa\388.jpg,naa,Training
Training\naa\389.jpg,naa,Training
Training\naa\39.jpg,naa,Training
Training\naa\390.jpg,naa,Training
Training\naa\391.jpg,naa,Training
Training\naa\392.jpg,naa,Training
Training\naa\393.jpg,naa,Training
Training\naa\394.jpg,naa,Training
Training\naa\395.jpg,naa,Training
Training\naa\396.jpg,naa,Training
Training\naa\397.jpg,naa,Training
Training\naa\398.jpg,naa,Training
Training\naa\399.jpg,naa,Training
Training\naa\4.jpg,naa,Training
Training\naa\40.jpg,naa,Training
Training\naa\400.jpg,naa,Training
Training\naa\401.jpg,naa,Training
Training\naa\402.jpg,naa,Training
Training\naa\403.jpg,naa,Training
Training\naa\404.jpg,naa,Training
Training\naa\405.jpg,naa,Training
Training\naa\406.jpg,naa,Training
Training\naa\407.jpg,naa,Training
Training\naa\408.jpg,naa,Training
Training\naa\409.jpg,naa,Training
Training\naa\41.jpg,naa,Training
Training\naa\410.jpg,naa,Training
Training\naa\411.jpg,naa,Training
Training\naa\412.jpg,naa,Training
Training\naa\413.jpg,naa,Training
Training\naa\414.jpg,naa,Training
Training\naa\415.jpg,naa,Training
Training\naa\416.jpg,naa,Training
Training\naa\417.jpg,naa,Training
Training\naa\418.jpg,naa,Training
Training\naa\419.jpg,naa,Training
Training\naa\42.jpg,naa,Training
Training\naa\420.jpg,naa,Training
Training\naa\43.jpg,naa,Training
Training\naa\44.jpg,naa,Training
Training\naa\45.jpg,naa,Training
Training\naa\46.jpg,naa,Training
Training\naa\47.jpg,naa,Training
Training\naa\48.jpg,naa,Training
Training\naa\49.jpg,naa,Training
Training\naa\5.jpg,naa,Training
Training\naa\50.jpg,naa,Training
Training\naa\51.jpg,naa,Training
Training\naa\52.jpg,naa,Training
Training\naa\53.jpg,naa,Training
Training\naa\54.jpg,naa,Training
Training\naa\55.jpg,naa,Training
Training\naa\56.jpg,naa,Training
Training\naa\57.jpg,naa,Training
Training\naa\58.jpg,naa,Training
Training\naa\59.jpg,naa,Training
Training\naa\6.jpg,naa,Training
Training\naa\60.jpg,naa,Training
Training\naa\61.jpg,naa,Training
Training\naa\62.jpg,naa,Training
Training\naa\63.jpg,naa,Training
Training\naa\64.jpg,naa,Training
Training\naa\65.jpg,naa,Training
Training\naa\66.jpg,naa,Training
Training\naa\67.jpg,naa,Training
Training\naa\68.jpg,naa,Training
Training\naa\69.jpg,naa,Training
Training\naa\7.jpg,naa,Training
Training\naa\70.jpg,naa,Training
Training\naa\71.jpg,naa,Training
Training\naa\72.jpg,naa,Training
Training\naa\73.jpg,naa,Training
Training\naa\74.jpg,naa,Training
Training\naa\75.jpg,naa,Training
Training\naa\76.jpg,naa,Training
Training\naa\77.jpg,naa,Training
Training\naa\78.jpg,naa,Training
Training\naa\79.jpg,naa,Training
Training\naa\8.jpg,naa,Training
Training\naa\80.jpg,naa,Training
Training\naa\81.jpg,naa,Training
Training\naa\82.jpg,naa,Training
Training\naa\83.jpg,naa,Training
Training\naa\84.jpg,naa,Training
Training\naa\85.jpg,naa,Training
Training\naa\86.jpg,naa,Training
Training\naa\87.jpg,naa,Training
Training\naa\88.jpg,naa,Training
Training\naa\89.jpg,naa,Training
Training\naa\9.jpg,naa,Training
Training\naa\90.jpg,naa,Training
Training\naa\91.jpg,naa,Training
Training\naa\92.jpg,naa,Training
Training\naa\93.jpg,naa,Training
Training\naa\94.jpg,naa,Training
Training\naa\95.jpg,naa,Training
Training\naa\96.jpg,naa,Training
Training\naa\97.jpg,naa,Training
Training\naa\98.jpg,naa,Training
Training\naa\99.jpg,naa,Training
Training\nya\1.jpg,nya,Training
Training\nya\10.jpg,nya,Training
Training\nya\100.jpg,nya,Training
Training\nya\101.jpg,nya,Training
Training\nya\102.jpg,nya,Training
Training\nya\103.jpg,nya,Training
Training\nya\104.jpg,nya,Training
Training\nya\105.jpg,nya,Training
Training\nya\106.jpg,nya,Training
Training\nya\107.jpg,nya,Training
Training\nya\108.jpg,nya,Training
Training\nya\109.jpg,nya,Training
Training\nya\11.jpg,nya,Training
Training\nya\110.jpg,nya,Training
Training\nya\111.jpg,nya,Training
Training\nya\112.jpg,nya,Training
Training\nya\113.jpg,nya,Training
Training\nya\114.jpg,nya,Training
Training\nya\115.jpg,nya,Training
Training\nya\116.jpg,nya,Training
Training\nya\117.jpg,nya,Training
Training\nya\118.jpg,nya,Training
Training\nya\119.jpg,nya,Training
Training\nya\12.jpg,nya,Training
Training\nya\120.jpg,nya,Training
Training\nya\121.jpg,nya,Training
Training\nya\122.jpg,nya,Training
Training\nya\123.jpg,nya,Training
Training\nya\124.jpg,nya,Training
Training\nya\125.jpg,nya,Training
Training\nya\126.jpg,nya,Training
Training\nya\127.jpg,nya,Training
Training\nya\128.jpg,nya,Training
Training\nya\129.jpg,nya,Training
Training\nya\13.jpg,nya,Training
Training\nya\130.jpg,nya,Training
Training\nya\131.jpg,nya,Training
Training\nya\132.jpg,nya,Training
Training\nya\133.jpg,nya,Training
Training\nya\134.jpg,nya,Training
Training\nya\135.jpg,nya,Training
Training\nya\136.jpg,nya,Training
Training\nya\137.jpg,nya,Training
Training\nya\138.jpg,nya,Training
Training\nya\139.jpg,nya,Training
Training\nya\14.jpg,nya,Training
Training\nya\140.jpg,nya,Training
Training\nya\141.jpg,nya,Training
Training\nya\142.jpg,nya,Training
Training\nya\143.jpg,nya,Training
Training\nya\144.jpg,nya,Training
Training\nya\145.jpg,nya,Training
Training\nya\146.jpg,nya,Training
Training\nya\147.jpg,nya,Training
Training\nya\148.jpg,nya,Training
Training\nya\149.jpg,nya,Training
Training\nya\15.jpg,nya,Training
Training\nya\150.jpg,nya,Training
Training\nya\151.jpg,nya,Training
Training\nya\152.jpg,nya,Training
Training\nya\153.jpg,nya,Training
Training\nya\154.jpg,nya,Training
Training\nya\155.jpg,nya,Training
Training\nya\156.jpg,nya,Training
Training\nya\157.jpg,nya,Training
Training\nya\158.jpg,nya,Training
Training\nya\159.jpg,nya,Training
Training\nya\16.jpg,nya,Training
Training\nya\160.jpg,nya,Training
Training\nya\161.jpg,nya,Training
Training\nya\162.jpg,nya,Training
Training\nya\163.jpg,nya,Training
Training\nya\164.jpg,nya,Training
Training\nya\165.jpg,nya,Training
Training\nya\166.jpg,nya,Training
Training\nya\167.jpg,nya,Training
Training\nya\168.jpg,nya,Training
Training\nya\169.jpg,nya,Training
Training\nya\17.jpg,nya,Training
Training\nya\170.jpg,nya,Training
Training\nya\171.jpg,nya,Training
Training\nya\172.jpg,nya,Training
Training\nya\173.jpg,nya,Training
Training\nya\174.jpg,nya,Training
Training\nya\175.jpg,nya,Training
Training\nya\176.jpg,nya,Training
Training\nya\177.jpg,nya,Training
Training\nya\178.jpg,nya,Training
Training\nya\179.jpg,nya,Training
Training\nya\18.jpg,nya,Training
Training\nya\180.jpg,nya,Training
Training\nya\181.jpg,nya,Training
Training\nya\182.jpg,nya,Training
Training\nya\183.jpg,nya,Training
Training\nya\184.jpg,nya,Training
Training\nya\185.jpg,nya,Training
Training\nya\186.jpg,nya,Training
Training\nya\187.jpg,nya,Training
Training\nya\188.jpg,nya,Training
Training\nya\189.jpg,nya,Training
Training\nya\19.jpg,nya,Training
Training\nya\190.jpg,nya,Training
Training\nya\191.jpg,nya,Training
Training\nya\192.jpg,nya,Training
Training\nya\193.jpg,nya,Training
Training\nya\194.jpg,nya,Training
Training\nya\195.jpg,nya,Training
Training\nya\196.jpg,nya,Training
Training\nya\197.jpg,nya,Training
Training\nya\198.jpg,nya,Training
Training\nya\199.jpg,nya,Training
Training\nya\2.jpg,nya,Training
Training\nya\20.jpg,nya,Training
Training\nya\200.jpg,nya,Training
Training\nya\201.jpg,nya,Training
Training\nya\202.jpg,nya,Training
Training\nya\203.jpg,nya,Training
Training\nya\204.jpg,nya,Training
Training\nya\205.jpg,nya,Training
Training\nya\206.jpg,nya,Training
Training\nya\207.jpg,nya,Training
Training\nya\208.jpg,nya,Training
Training\nya\209.jpg,nya,Training
Training\nya\21.jpg,nya,Training
Training\nya\210.jpg,nya,Training
Training\nya\211.jpg,nya,Training
Training\nya\212.jpg,nya,Training
Training\nya\213.jpg,nya,Training
Training\nya\214.jpg,nya,Training
Training\nya\215.jpg,nya,Training
Training\nya\216.jpg,nya,Training
Training\nya\217.jpg,nya,Training
Training\nya\218.jpg,nya,Training
Training\nya\219.jpg,nya,Training
Training\nya\22.jpg,nya,Training
Training\nya\220.jpg,nya,Training
Training\nya\221.jpg,nya,Training
Training\nya\222.jpg,nya,Training
Training\nya\223.jpg,nya,Training
Training\nya\224.jpg,nya,Training
Training\nya\225.jpg,nya,Training
Training\nya\226.jpg,nya,Training
Training\nya\227.jpg,nya,Training
Training\nya\228.jpg,nya,Training
Training\nya\229.jpg,nya,Training
Training\nya\23.jpg,nya,Training
Training\nya\230.jpg,nya,Training
Training\nya\231.jpg,nya,Training
Training\nya\232.jpg,nya,Training
Training\nya\233.jpg,nya,Training
Training\nya\234.jpg,nya,Training
Training\nya\235.jpg,nya,Training
Training\nya\236.jpg,nya,Training
Training\nya\237.jpg,nya,Training
Training\nya\238.jpg,nya,Training
Training\nya\239.jpg,nya,Training
Training\nya\24.jpg,nya,Training
Training\nya\240.jpg,nya,Training
Training\nya\241.jpg,nya,Training
Training\nya\242.jpg,nya,Training
Training\nya\243.jpg,nya,Training
Training\nya\244.jpg,nya,Training
Training\nya\245.jpg,nya,Training
Training\nya\246.jpg,nya,Training
Training\nya\247.jpg,nya,Training
Training\nya\248.jpg,nya,Training
Training\nya\249.jpg,nya,Training
Training\nya\25.jpg,nya,Training
Training\nya\250.jpg,nya,Training
Training\nya\251.jpg,nya,Training
Training\nya\252.jpg,nya,Training
Training\nya\253.jpg,nya,Training
Training\nya\254.jpg,nya,Training
Training\nya\255.jpg,nya,Training
Training\nya\256.jpg,nya,Training
Training\nya\257.jpg,nya,Training
Training\nya\258.jpg,nya,Training
Training\nya\259.jpg,nya,Training
Training\nya\26.jpg,nya,Training
Training\nya\260.jpg,nya,Training
Training\nya\261.jpg,nya,Training
Training\nya\262.jpg,nya,Training
Training\nya\263.jpg,nya,Training
Training\nya\264.jpg,nya,Training
Training\nya\265.jpg,nya,Training
Training\nya\266.jpg,nya,Training
Training\nya\267.jpg,nya,Training
Training\nya\268.jpg,nya,Training
Training\nya\269.jpg,nya,Training
Training\nya\27.jpg,nya,Training
Training\nya\270.jpg,nya,Training
Training\nya\271.jpg,nya,Training
Training\nya\272.jpg,nya,Training
Training\nya\273.jpg,nya,Training
Training\nya\274.jpg,nya,Training
Training\nya\275.jpg,nya,Training
Training\nya\276.jpg,nya,Training
Training\nya\277.jpg,nya,Training
Training\nya\278.jpg,nya,Training
Training\nya\279.jpg,nya,Training
Training\nya\28.jpg,nya,Training
Training\nya\280.jpg,nya,Training
Training\nya\281.jpg,nya,Training
Training\nya\282.jpg,nya,Training
Training\nya\283.jpg,nya,Training
Training\nya\284.jpg,nya,Training
Training\nya\285.jpg,nya,Training
Training\nya\286.jpg,nya,Training
Training\nya\287.jpg,nya,Training
Training\nya\288.jpg,nya,Training
Training\nya\289.jpg,nya,Training
Training\nya\29.jpg,nya,Training
Training\nya\290.jpg,nya,Training
Training\nya\291.jpg,nya,Training
Training\nya\292.jpg,nya,Training
Training\nya\293.jpg,nya,Training
Training\nya\294.jpg,nya,Training
Training\nya\295.jpg,nya,Training
Training\nya\296.jpg,nya,Training
Training\nya\297.jpg,nya,Training
Training\nya\298.jpg,nya,Training
Training\nya\299.jpg,nya,Training
Training\nya\3.jpg,nya,Training
Training\nya\30.jpg,nya,Training
Training\nya\300.jpg,nya,Training
Training\nya\301.jpg,nya,Training
Training\nya\302.jpg,nya,Training
Training\nya\303.jpg,nya,Training
Training\nya\304.jpg,nya,Training
Training\nya\305.jpg,nya,Training
Training\nya\306.jpg,nya,Training
Training\nya\307.jpg,nya,Training
Training\nya\308.jpg,nya,Training
Training\nya\309.jpg,nya,Training
Training\nya\31.jpg,nya,Training
Training\nya\310.jpg,nya,Training
Training\nya\311.jpg,nya,Training
Training\nya\312.jpg,nya,Training
Training\nya\313.jpg,nya,Training
Training\nya\314.jpg,nya,Training
Training\nya\315.jpg,nya,Training
Training\nya\316.jpg,nya,Training
Training\nya\317.jpg,nya,Training
Training\nya\318.jpg,nya,Training
Training\nya\319.jpg,nya,Training
Training\nya\32.jpg,nya,Training
Training\nya\320.jpg,nya,Training
Training\nya\321.jpg,nya,Training
Training\nya\322.jpg,nya,Training
Training\nya\323.jpg,nya,Training
Training\nya\324.jpg,nya,Training
Training\nya\325.jpg,nya,Training
Training\nya\326.jpg,nya,Training
Training\nya\327.jpg,nya,Training
Training\nya\328.jpg,nya,Training
Training\nya\329.jpg,nya,Training
Training\nya\33.jpg,nya,Training
Training\nya\330.jpg,nya,Training
Training\nya\331.jpg,nya,Training
Training\nya\332.jpg,nya,Training
Training\nya\333.jpg,nya,Training
Training\nya\334.jpg,nya,Training
Training\nya\335.jpg,nya,Training
Training\nya\336.jpg,nya,Training
Training\nya\337.jpg,nya,Training
Training\nya\338.jpg,nya,Training
Training\nya\339.jpg,nya,Training
Training\nya\34.jpg,nya,Training
Training\nya\340.jpg,nya,Training
Training\nya\341.jpg,nya,Training
Training\nya\342.jpg,nya,Training
Training\nya\343.jpg,nya,Training
Training\nya\344.jpg,nya,Training
Training\nya\345.jpg,nya,Training
Training\nya\346.jpg,nya,Training
Training\nya\347.jpg,nya,Training
Training\nya\348.jpg,nya,Training
Training\nya\349.jpg,nya,Training
Training\nya\35.jpg,nya,Training
Training\nya\350.jpg,nya,Training
Training\nya\351.jpg,nya,Training
Training\nya\352.jpg,nya,Training
Training\nya\353.jpg,nya,Training
Training\nya\354.jpg,nya,Training
Training\nya\355.jpg,nya,Training
Training\nya\356.jpg,nya,Training
Training\nya\357.jpg,nya,Training
Training\nya\358.jpg,nya,Training
Training\nya\359.jpg,nya,Training
Training\nya\36.jpg,nya,Training
Training\nya\360.jpg,nya,Training
Training\nya\361.jpg,nya,Training
Training\nya\362.jpg,nya,Training
Training\nya\363.jpg,nya,Training
Training\nya\364.jpg,nya,Training
Training\nya\365.jpg,nya,Training
Training\nya\366.jpg,nya,Training
Training\nya\367.jpg,nya,Training
Training\nya\368.jpg,nya,Training
Training\nya\369.jpg,nya,Training
Training\nya\37.jpg,nya,Training
Training\nya\370.jpg,nya,Training
Training\nya\371.jpg,nya,Training
Training\nya\372.jpg,nya,Training
Training\nya\373.jpg,nya,Training
Training\nya\374.jpg,nya,Training
Training\nya\375.jpg,nya,Training
Training\nya\376.jpg,nya,Training
Training\nya\377.jpg,nya,Training
Training\nya\378.jpg,nya,Training
Training\nya\379.jpg,nya,Training
Training\nya\38.jpg,nya,Training
Training\nya\380.jpg,nya,Training
Training\nya\381.jpg,nya,Training
Training\nya\382.jpg,nya,Training
Training\nya\383.jpg,nya,Training
Training\nya\384.jpg,nya,Training
Training\nya\385.jpg,nya,Training
Training\nya\386.jpg,nya,Training
Training\nya\387.jpg,nya,Training
Training\nya\388.jpg,nya,Training
Training\nya\389.jpg,nya,Training
Training\nya\39.jpg,nya,Training
Training\nya\390.jpg,nya,Training
Training\nya\391.jpg,nya,Training
Training\nya\392.jpg,nya,Training
Training\nya\393.jpg,nya,Training
Training\nya\394.jpg,nya,Training
Training\nya\395.jpg,nya,Training
Training\nya\396.jpg,nya,Training
Training\nya\397.jpg,nya,Training
Training\nya\398.jpg,nya,Training
Training\nya\399.jpg,nya,Training
Training\nya\4.jpg,nya,Training
Training\nya\40.jpg,nya,Training
Training\nya\400.jpg,nya,Training
Training\nya\401.jpg,nya,Training
Training\nya\402.jpg,nya,Training
Training\nya\403.jpg,nya,Training
Training\nya\404.jpg,nya,Training
Training\nya\405.jpg,nya,Training
Training\nya\406.jpg,nya,Training
Training\nya\407.jpg,nya,Training
Training\nya\408.jpg,nya,Training
Training\nya\409.jpg,nya,Training
Training\nya\41.jpg,nya,Training
Training\nya\410.jpg,nya,Training
Training\nya\411.jpg,nya,Training
Training\nya\412.jpg,nya,Training
Training\nya\413.jpg,nya,Training
Training\nya\414.jpg,nya,Training
Training\nya\415.jpg,nya,Training
Training\nya\416.jpg,nya,Training
Training\nya\417.jpg,nya,Training
Training\nya\418.jpg,nya,Training
Training\nya\419.jpg,nya,Training
Training\nya\42.jpg,nya,Training
Training\nya\420.jpg,nya,Training
Training\nya\43.jpg,nya,Training
Training\nya\44.jpg,nya,Training
Training\nya\45.jpg,nya,Training
Training\nya\46.jpg,nya,Training
Training\nya\47.jpg,nya,Training
Training\nya\48.jpg,nya,Training
Training\nya\49.jpg,nya,Training
Training\nya\5.jpg,nya,Training
Training\nya\50.jpg,nya,Training
Training\nya\51.jpg,nya,Training
Training\nya\52.jpg,nya,Training
Training\nya\53.jpg,nya,Training
Training\nya\54.jpg,nya,Training
Training\nya\55.jpg,nya,Training
Training\nya\56.jpg,nya,Training
Training\nya\57.jpg,nya,Training
Training\nya\58.jpg,nya,Training
Training\nya\59.jpg,nya,Training
Training\nya\6.jpg,nya,Training
Training\nya\60.jpg,nya,Training
Training\nya\61.jpg,nya,Training
Training\nya\62.jpg,nya,Training
Training\nya\63.jpg,nya,Training
Training\nya\64.jpg,nya,Training
Training\nya\65.jpg,nya,Training
Training\nya\66.jpg,nya,Training
Training\nya\67.jpg,nya,Training
Training\nya\68.jpg,nya,Training
Training\nya\69.jpg,nya,Training
Training\nya\7.jpg,nya,Training
Training\nya\70.jpg,nya,Training
Training\nya\71.jpg,nya,Training
Training\nya\72.jpg,nya,Training
Training\nya\73.jpg,nya,Training
Training\nya\74.jpg,nya,Training
Training\nya\75.jpg,nya,Training
Training\nya\76.jpg,nya,Training
Training\nya\77.jpg,nya,Training
Training\nya\78.jpg,nya,Training
Training\nya\79.jpg,nya,Training
Training\nya\8.jpg,nya,Training
Training\nya\80.jpg,nya,Training
Training\nya\81.jpg,nya,Training
Training\nya\82.jpg,nya,Training
Training\nya\83.jpg,nya,Training
Training\nya\84.jpg,nya,Training
Training\nya\85.jpg,nya,Training
Training\nya\86.jpg,nya,Training
Training\nya\87.jpg,nya,Training
Training\nya\88.jpg,nya,Training
Training\nya\89.jpg,nya,Training
Training\nya\9.jpg,nya,Training
Training\nya\90.jpg,nya,Training
Training\nya\91.jpg,nya,Training
Training\nya\92.jpg,nya,Training
Training\nya\93.jpg,nya,Training
Training\nya\94.jpg,nya,Training
Training\nya\95.jpg,nya,Training
Training\nya\96.jpg,nya,Training
Training\nya\97.jpg,nya,Training
Training\nya\98.jpg,nya,Training
Training\nya\99.jpg,nya,Training
Training\o\1.jpg,o,Training
Training\o\10.jpg,o,Training
Training\o\100.jpg,o,Training
Training\o\101.jpg,o,Training
Training\o\102.jpg,o,Training
Training\o\103.jpg,o,Training
Training\o\104.jpg,o,Training
Training\o\105.jpg,o,Training
Training\o\106.jpg,o,Training
Training\o\107.jpg,o,Training
Training\o\108.jpg,o,Training
Training\o\109.jpg,o,Training
Training\o\11.jpg,o,Training
Training\o\110.jpg,o,Training
Training\o\111.jpg,o,Training
Training\o\112.jpg,o,Training
Training\o\113.jpg,o,Training
Training\o\114.jpg,o,Training
Training\o\115.jpg,o,Training
Training\o\116.jpg,o,Training
Training\o\117.jpg,o,Training
Training\o\118.jpg,o,Training
Training\o\119.jpg,o,Training
Training\o\12.jpg,o,Training
Training\o\120.jpg,o,Training
Training\o\121.jpg,o,Training
Training\o\122.jpg,o,Training
Training\o\123.jpg,o,Training
Training\o\124.jpg,o,Training
Training\o\125.jpg,o,Training
Training\o\126.jpg,o,Training
Training\o\127.jpg,o,Training
Training\o\128.jpg,o,Training
Training\o\129.jpg,o,Training
Training\o\13.jpg,o,Training
Training\o\130.jpg,o,Training
Training\o\131.jpg,o,Training
Training\o\132.jpg,o,Training
Training\o\133.jpg,o,Training
Training\o\134.jpg,o,Training
Training\o\135.jpg,o,Training
Training\o\136.jpg,o,Training
Training\o\137.jpg,o,Training
Training\o\138.jpg,o,Training
Training\o\139.jpg,o,Training
Training\o\14.jpg,o,Training
Training\o\140.jpg,o,Training
Training\o\141.jpg,o,Training
Training\o\142.jpg,o,Training
Training\o\143.jpg,o,Training
Training\o\144.jpg,o,Training
Training\o\145.jpg,o,Training
Training\o\146.jpg,o,Training
Training\o\147.jpg,o,Training
Training\o\148.jpg,o,Training
Training\o\149.jpg,o,Training
Training\o\15.jpg,o,Training
Training\o\150.jpg,o,Training
Training\o\151.jpg,o,Training
Training\o\152.jpg,o,Training
Training\o\153.jpg,o,Training
Training\o\154.jpg,o,Training
Training\o\155.jpg,o,Training
Training\o\156.jpg,o,Training
Training\o\157.jpg,o,Training
Training\o\158.jpg,o,Training
Training\o\159.jpg,o,Training
Training\o\16.jpg,o,Training
Training\o\160.jpg,o,Training
Training\o\161.jpg,o,Training
Training\o\162.jpg,o,Training
Training\o\163.jpg,o,Training
Training\o\164.jpg,o,Training
Training\o\165.jpg,o,Training
Training\o\166.jpg,o,Training
Training\o\167.jpg,o,Training
Training\o\168.jpg,o,Training
Training\o\169.jpg,o,Training
Training\o\17.jpg,o,Training
Training\o\170.jpg,o,Training
Training\o\171.jpg,o,Training
Training\o\172.jpg,o,Training
Training\o\173.jpg,o,Training
Training\o\174.jpg,o,Training
Training\o\175.jpg,o,Training
Training\o\176.jpg,o,Training
Training\o\177.jpg,o,Training
Training\o\178.jpg,o,Training
Training\o\179.jpg,o,Training
Training\o\18.jpg,o,Training
Training\o\180.jpg,o,Training
Training\o\181.jpg,o,Training
Training\o\182.jpg,o,Training
Training\o\183.jpg,o,Training
Training\o\184.jpg,o,Training
Training\o\185.jpg,o,Training
Training\o\186.jpg,o,Training
Training\o\187.jpg,o,Training
Training\o\188.jpg,o,Training
Training\o\189.jpg,o,Training
Training\o\19.jpg,o,Training
Training\o\190.jpg,o,Training
Training\o\191.jpg,o,Training
Training\o\192.jpg,o,Training
Training\o\193.jpg,o,Training
Training\o\194.jpg,o,Training
Training\o\195.jpg,o,Training
Training\o\196.jpg,o,Training
Training\o\197.jpg,o,Training
Training\o\198.jpg,o,Training
Training\o\199.jpg,o,Training
Training\o\2.jpg,o,Training
Training\o\20.jpg,o,Training
Training\o\200.jpg,o,Training
Training\o\201.jpg,o,Training
Training\o\202.jpg,o,Training
Training\o\203.jpg,o,Training
Training\o\204.jpg,o,Training
Training\o\205.jpg,o,Training
Training\o\206.jpg,o,Training
Training\o\207.jpg,o,Training
Training\o\208.jpg,o,Training
Training\o\209.jpg,o,Training
Training\o\21.jpg,o,Training
Training\o\210.jpg,o,Training
Training\o\211.jpg,o,Training
Training\o\212.jpg,o,Training
Training\o\213.jpg,o,Training
Training\o\214.jpg,o,Training
Training\o\215.jpg,o,Training
Training\o\216.jpg,o,Training
Training\o\217.jpg,o,Training
Training\o\218.jpg,o,Training
Training\o\219.jpg,o,Training
Training\o\22.jpg,o,Training
Training\o\220.jpg,o,Training
Training\o\221.jpg,o,Training
Training\o\222.jpg,o,Training
Training\o\223.jpg,o,Training
Training\o\224.jpg,o,Training
Training\o\225.jpg,o,Training
Training\o\226.jpg,o,Training
Training\o\227.jpg,o,Training
Training\o\228.jpg,o,Training
Training\o\229.jpg,o,Training
Training\o\23.jpg,o,Training
Training\o\230.jpg,o,Training
Training\o\231.jpg,o,Training
Training\o\232.jpg,o,Training
Training\o\233.jpg,o,Training
Training\o\234.jpg,o,Training
Training\o\235.jpg,o,Training
Training\o\236.jpg,o,Training
Training\o\237.jpg,o,Training
Training\o\238.jpg,o,Training
Training\o\239.jpg,o,Training
Training\o\24.jpg,o,Training
Training\o\240.jpg,o,Training
Training\o\241.jpg,o,Training
Training\o\242.jpg,o,Training
Training\o\243.jpg,o,Training
Training\o\244.jpg,o,Training
Training\o\245.jpg,o,Training
Training\o\246.jpg,o,Training
Training\o\247.jpg,o,Training
Training\o\248.jpg,o,Training
Training\o\249.jpg,o,Training
Training\o\25.jpg,o,Training
Training\o\250.jpg,o,Training
Training\o\251.jpg,o,Training
Training\o\252.jpg,o,Training
Training\o\253.jpg,o,Training
Training\o\254.jpg,o,Training
Training\o\255.jpg,o,Training
Training\o\256.jpg,o,Training
Training\o\257.jpg,o,Training
Training\o\258.jpg,o,Training
Training\o\259.jpg,o,Training
Training\o\26.jpg,o,Training
Training\o\260.jpg,o,Training
Training\o\261.jpg,o,Training
Training\o\262.jpg,o,Training
Training\o\263.jpg,o,Training
Training\o\264.jpg,o,Training
Training\o\265.jpg,o,Training
Training\o\266.jpg,o,Training
Training\o\267.jpg,o,Training
Training\o\268.jpg,o,Training
Training\o\269.jpg,o,Training
Training\o\27.jpg,o,Training
Training\o\270.jpg,o,Training
Training\o\271.jpg,o,Training
Training\o\272.jpg,o,Training
Training\o\273.jpg,o,Training
Training\o\274.jpg,o,Training
Training\o\275.jpg,o,Training
Training\o\276.jpg,o,Training
Training\o\277.jpg,o,Training
Training\o\278.jpg,o,Training
Training\o\279.jpg,o,Training
Training\o\28.jpg,o,Training
Training\o\280.jpg,o,Training
Training\o\281.jpg,o,Training
Training\o\282.jpg,o,Training
Training\o\283.jpg,o,Training
Training\o\284.jpg,o,Training
Training\o\285.jpg,o,Training
Training\o\286.jpg,o,Training
Training\o\287.jpg,o,Training
Training\o\288.jpg,o,Training
Training\o\289.jpg,o,Training
Training\o\29.jpg,o,Training
Training\o\290.jpg,o,Training
Training\o\291.jpg,o,Training
Training\o\292.jpg,o,Training
Training\o\293.jpg,o,Training
Training\o\294.jpg,o,Training
Training\o\295.jpg,o,Training
Training\o\296.jpg,o,Training
Training\o\297.jpg,o,Training
Training\o\298.jpg,o,Training
Training\o\299.jpg,o,Training
Training\o\3.jpg,o,Training
Training\o\30.jpg,o,Training
Training\o\300.jpg,o,Training
Training\o\301.jpg,o,Training
Training\o\302.jpg,o,Training
Training\o\303.jpg,o,Training
Training\o\304.jpg,o,Training
Training\o\305.jpg,o,Training
Training\o\306.jpg,o,Training
Training\o\307.jpg,o,Training
Training\o\308.jpg,o,Training
Training\o\309.jpg,o,Training
Training\o\31.jpg,o,Training
Training\o\310.jpg,o,Training
Training\o\311.jpg,o,Training
Training\o\312.jpg,o,Training
Training\o\313.jpg,o,Training
Training\o\314.jpg,o,Training
Training\o\315.jpg,o,Training
Training\o\316.jpg,o,Training
Training\o\317.jpg,o,Training
Training\o\318.jpg,o,Training
Training\o\319.jpg,o,Training
Training\o\32.jpg,o,Training
Training\o\320.jpg,o,Training
Training\o\321.jpg,o,Training
Training\o\322.jpg,o,Training
Training\o\323.jpg,o,Training
Training\o\324.jpg,o,Training
Training\o\325.jpg,o,Training
Training\o\326.jpg,o,Training
Training\o\327.jpg,o,Training
Training\o\328.jpg,o,Training
Training\o\329.jpg,o,Training
Training\o\33.jpg,o,Training
Training\o\330.jpg,o,Training
Training\o\331.jpg,o,Training
Training\o\332.jpg,o,Training
Training\o\333.jpg,o,Training
Training\o\334.jpg,o,Training
Training\o\335.jpg,o,Training
Training\o\336.jpg,o,Training
Training\o\337.jpg,o,Training
Training\o\338.jpg,o,Training
Training\o\339.jpg,o,Training
Training\o\34.jpg,o,Training
Training\o\340.jpg,o,Training
Training\o\341.jpg,o,Training
Training\o\342.jpg,o,Training
Training\o\343.jpg,o,Training
Training\o\344.jpg,o,Training
Training\o\345.jpg,o,Training
Training\o\346.jpg,o,Training
Training\o\347.jpg,o,Training
Training\o\348.jpg,o,Training
Training\o\349.jpg,o,Training
Training\o\35.jpg,o,Training
Training\o\350.jpg,o,Training
Training\o\351.jpg,o,Training
Training\o\352.jpg,o,Training
Training\o\353.jpg,o,Training
Training\o\354.jpg,o,Training
Training\o\355.jpg,o,Training
Training\o\356.jpg,o,Training
Training\o\357.jpg,o,Training
Training\o\358.jpg,o,Training
Training\o\359.jpg,o,Training
Training\o\36.jpg,o,Training
Training\o\360.jpg,o,Training
Training\o\361.jpg,o,Training
Training\o\362.jpg,o,Training
Training\o\363.jpg,o,Training
Training\o\364.jpg,o,Training
Training\o\365.jpg,o,Training
Training\o\366.jpg,o,Training
Training\o\367.jpg,o,Training
Training\o\368.jpg,o,Training
Training\o\369.jpg,o,Training
Training\o\37.jpg,o,Training
Training\o\370.jpg,o,Training
Training\o\371.jpg,o,Training
Training\o\372.jpg,o,Training
Training\o\373.jpg,o,Training
Training\o\374.jpg,o,Training
Training\o\375.jpg,o,Training
Training\o\376.jpg,o,Training
Training\o\377.jpg,o,Training
Training\o\378.jpg,o,Training
Training\o\379.jpg,o,Training
Training\o\38.jpg,o,Training
Training\o\380.jpg,o,Training
Training\o\381.jpg,o,Training
Training\o\382.jpg,o,Training
Training\o\383.jpg,o,Training
Training\o\384.jpg,o,Training
Training\o\385.jpg,o,Training
Training\o\386.jpg,o,Training
Training\o\387.jpg,o,Training
Training\o\388.jpg,o,Training
Training\o\389.jpg,o,Training
Training\o\39.jpg,o,Training
Training\o\390.jpg,o,Training
Training\o\391.jpg,o,Training
Training\o\392.jpg,o,Training
Training\o\393.jpg,o,Training
Training\o\394.jpg,o,Training
Training\o\395.jpg,o,Training
Training\o\396.jpg,o,Training
Training\o\397.jpg,o,Training
Training\o\398.jpg,o,Training
Training\o\399.jpg,o,Training
Training\o\4.jpg,o,Training
Training\o\40.jpg,o,Training
Training\o\400.jpg,o,Training
Training\o\401.jpg,o,Training
Training\o\402.jpg,o,Training
Training\o\403.jpg,o,Training
Training\o\404.jpg,o,Training
Training\o\405.jpg,o,Training
Training\o\406.jpg,o,Training
Training\o\407.jpg,o,Training
Training\o\408.jpg,o,Training
Training\o\409.jpg,o,Training
Training\o\41.jpg,o,Training
Training\o\410.jpg,o,Training
Training\o\411.jpg,o,Training
Training\o\412.jpg,o,Training
Training\o\413.jpg,o,Training
Training\o\414.jpg,o,Training
Training\o\415.jpg,o,Training
Training\o\416.jpg,o,Training
Training\o\417.jpg,o,Training
Training\o\418.jpg,o,Training
Training\o\419.jpg,o,Training
Training\o\42.jpg,o,Training
Training\o\420.jpg,o,Training
Training\o\43.jpg,o,Training
Training\o\44.jpg,o,Training
Training\o\45.jpg,o,Training
Training\o\46.jpg,o,Training
Training\o\47.jpg,o,Training
Training\o\48.jpg,o,Training
Training\o\49.jpg,o,Training
Training\o\5.jpg,o,Training
Training\o\50.jpg,o,Training
Training\o\51.jpg,o,Training
Training\o\52.jpg,o,Training
Training\o\53.jpg,o,Training
Training\o\54.jpg,o,Training
Training\o\55.jpg,o,Training
Training\o\56.jpg,o,Training
Training\o\57.jpg,o,Training
Training\o\58.jpg,o,Training
Training\o\59.jpg,o,Training
Training\o\6.jpg,o,Training
Training\o\60.jpg,o,Training
Training\o\61.jpg,o,Training
Training\o\62.jpg,o,Training
Training\o\63.jpg,o,Training
Training\o\64.jpg,o,Training
Training\o\65.jpg,o,Training
Training\o\66.jpg,o,Training
Training\o\67.jpg,o,Training
Training\o\68.jpg,o,Training
Training\o\69.jpg,o,Training
Training\o\7.jpg,o,Training
Training\o\70.jpg,o,Training
Training\o\71.jpg,o,Training
Training\o\72.jpg,o,Training
Training\o\73.jpg,o,Training
Training\o\74.jpg,o,Training
Training\o\75.jpg,o,Training
Training\o\76.jpg,o,Training
Training\o\77.jpg,o,Training
Training\o\78.jpg,o,Training
Training\o\79.jpg,o,Training
Training\o\8.jpg,o,Training
Training\o\80.jpg,o,Training
Training\o\81.jpg,o,Training
Training\o\82.jpg,o,Training
Training\o\83.jpg,o,Training
Training\o\84.jpg,o,Training
Training\o\85.jpg,o,Training
Training\o\86.jpg,o,Training
Training\o\87.jpg,o,Training
Training\o\88.jpg,o,Training
Training\o\89.jpg,o,Training
Training\o\9.jpg,o,Training
Training\o\90.jpg,o,Training
Training\o\91.jpg,o,Training
Training\o\92.jpg,o,Training
Training\o\93.jpg,o,Training
Training\o\94.jpg,o,Training
Training\o\95.jpg,o,Training
Training\o\96.jpg,o,Training
Training\o\97.jpg,o,Training
Training\o\98.jpg,o,Training
Training\o\99.jpg,o,Training
Training\pa\1.jpg,pa,Training
Training\pa\10.jpg,pa,Training
Training\pa\100.jpg,pa,Training
Training\pa\101.jpg,pa,Training
Training\pa\102.jpg,pa,Training
Training\pa\103.jpg,pa,Training
Training\pa\104.jpg,pa,Training
Training\pa\105.jpg,pa,Training
Training\pa\106.jpg,pa,Training
Training\pa\107.jpg,pa,Training
Training\pa\108.jpg,pa,Training
Training\pa\109.jpg,pa,Training
Training\pa\11.jpg,pa,Training
Training\pa\110.jpg,pa,Training
Training\pa\111.jpg,pa,Training
Training\pa\112.jpg,pa,Training
Training\pa\113.jpg,pa,Training
Training\pa\114.jpg,pa,Training
Training\pa\115.jpg,pa,Training
Training\pa\116.jpg,pa,Training
Training\pa\117.jpg,pa,Training
Training\pa\118.jpg,pa,Training
Training\pa\119.jpg,pa,Training
Training\pa\12.jpg,pa,Training
Training\pa\120.jpg,pa,Training
Training\pa\121.jpg,pa,Training
Training\pa\122.jpg,pa,Training
Training\pa\123.jpg,pa,Training
Training\pa\124.jpg,pa,Training
Training\pa\125.jpg,pa,Training
Training\pa\126.jpg,pa,Training
Training\pa\127.jpg,pa,Training
Training\pa\128.jpg,pa,Training
Training\pa\129.jpg,pa,Training
Training\pa\13.jpg,pa,Training
Training\pa\130.jpg,pa,Training
Training\pa\131.jpg,pa,Training
Training\pa\132.jpg,pa,Training
Training\pa\133.jpg,pa,Training
Training\pa\134.jpg,pa,Training
Training\pa\135.jpg,pa,Training
Training\pa\136.jpg,pa,Training
Training\pa\137.jpg,pa,Training
Training\pa\138.jpg,pa,Training
Training\pa\139.jpg,pa,Training
Training\pa\14.jpg,pa,Training
Training\pa\140.jpg,pa,Training
Training\pa\141.jpg,pa,Training
Training\pa\142.jpg,pa,Training
Training\pa\143.jpg,pa,Training
Training\pa\144.jpg,pa,Training
Training\pa\145.jpg,pa,Training
Training\pa\146.jpg,pa,Training
Training\pa\147.jpg,pa,Training
Training\pa\148.jpg,pa,Training
Training\pa\149.jpg,pa,Training
Training\pa\15.jpg,pa,Training
Training\pa\150.jpg,pa,Training
Training\pa\151.jpg,pa,Training
Training\pa\152.jpg,pa,Training
Training\pa\153.jpg,pa,Training
Training\pa\154.jpg,pa,Training
Training\pa\155.jpg,pa,Training
Training\pa\156.jpg,pa,Training
Training\pa\157.jpg,pa,Training
Training\pa\158.jpg,pa,Training
Training\pa\159.jpg,pa,Training
Training\pa\16.jpg,pa,Training
Training\pa\160.jpg,pa,Training
Training\pa\161.jpg,pa,Training
Training\pa\162.jpg,pa,Training
Training\pa\163.jpg,pa,Training
Training\pa\164.jpg,pa,Training
Training\pa\165.jpg,pa,Training
Training\pa\166.jpg,pa,Training
Training\pa\167.jpg,pa,Training
Training\pa\168.jpg,pa,Training
Training\pa\169.jpg,pa,Training
Training\pa\17.jpg,pa,Training
Training\pa\170.jpg,pa,Training
Training\pa\171.jpg,pa,Training
Training\pa\172.jpg,pa,Training
Training\pa\173.jpg,pa,Training
Training\pa\174.jpg,pa,Training
Training\pa\175.jpg,pa,Training
Training\pa\176.jpg,pa,Training
Training\pa\177.jpg,pa,Training
Training\pa\178.jpg,pa,Training
Training\pa\179.jpg,pa,Training
Training\pa\18.jpg,pa,Training
Training\pa\180.jpg,pa,Training
Training\pa\181.jpg,pa,Training
Training\pa\182.jpg,pa,Training
Training\pa\183.jpg,pa,Training
Training\pa\184.jpg,pa,Training
Training\pa\185.jpg,pa,Training
Training\pa\186.jpg,pa,Training
Training\pa\187.jpg,pa,Training
Training\pa\188.jpg,pa,Training
Training\pa\189.jpg,pa,Training
Training\pa\19.jpg,pa,Training
Training\pa\190.jpg,pa,Training
Training\pa\191.jpg,pa,Training
Training\pa\192.jpg,pa,Training
Training\pa\193.jpg,pa,Training
Training\pa\194.jpg,pa,Training
Training\pa\195.jpg,pa,Training
Training\pa\196.jpg,pa,Training
Training\pa\197.jpg,pa,Training
Training\pa\198.jpg,pa,Training
Training\pa\199.jpg,pa,Training
Training\pa\2.jpg,pa,Training
Training\pa\20.jpg,pa,Training
Training\pa\200.jpg,pa,Training
Training\pa\201.jpg,pa,Training
Training\pa\202.jpg,pa,Training
Training\pa\203.jpg,pa,Training
Training\pa\204.jpg,pa,Training
Training\pa\205.jpg,pa,Training
Training\pa\206.jpg,pa,Training
Training\pa\207.jpg,pa,Training
Training\pa\208.jpg,pa,Training
Training\pa\209.jpg,pa,Training
Training\pa\21.jpg,pa,Training
Training\pa\210.jpg,pa,Training
Training\pa\211.jpg,pa,Training
Training\pa\212.jpg,pa,Training
Training\pa\213.jpg,pa,Training
Training\pa\214.jpg,pa,Training
Training\pa\215.jpg,pa,Training
Training\pa\216.jpg,pa,Training
Training\pa\217.jpg,pa,Training
Training\pa\218.jpg,pa,Training
Training\pa\219.jpg,pa,Training
Training\pa\22.jpg,pa,Training
Training\pa\220.jpg,pa,Training
Training\pa\221.jpg,pa,Training
Training\pa\222.jpg,pa,Training
Training\pa\223.jpg,pa,Training
Training\pa\224.jpg,pa,Training
Training\pa\225.jpg,pa,Training
Training\pa\226.jpg,pa,Training
Training\pa\227.jpg,pa,Training
Training\pa\228.jpg,pa,Training
Training\pa\229.jpg,pa,Training
Training\pa\23.jpg,pa,Training
Training\pa\230.jpg,pa,Training
Training\pa\231.jpg,pa,Training
Training\pa\232.jpg,pa,Training
Training\pa\233.jpg,pa,Training
Training\pa\234.jpg,pa,Training
Training\pa\235.jpg,pa,Training
Training\pa\236.jpg,pa,Training
Training\pa\237.jpg,pa,Training
Training\pa\238.jpg,pa,Training
Training\pa\239.jpg,pa,Training
Training\pa\24.jpg,pa,Training
Training\pa\240.jpg,pa,Training
Training\pa\241.jpg,pa,Training
Training\pa\242.jpg,pa,Training
Training\pa\243.jpg,pa,Training
Training\pa\244.jpg,pa,Training
Training\pa\245.jpg,pa,Training
Training\pa\246.jpg,pa,Training
Training\pa\247.jpg,pa,Training
Training\pa\248.jpg,pa,Training
Training\pa\249.jpg,pa,Training
Training\pa\25.jpg,pa,Training
Training\pa\250.jpg,pa,Training
Training\pa\251.jpg,pa,Training
Training\pa\252.jpg,pa,Training
Training\pa\253.jpg,pa,Training
Training\pa\254.jpg,pa,Training
Training\pa\255.jpg,pa,Training
Training\pa\256.jpg,pa,Training
Training\pa\257.jpg,pa,Training
Training\pa\258.jpg,pa,Training
Training\pa\259.jpg,pa,Training
Training\pa\26.jpg,pa,Training
Training\pa\260.jpg,pa,Training
Training\pa\261.jpg,pa,Training
Training\pa\262.jpg,pa,Training
Training\pa\263.jpg,pa,Training
Training\pa\264.jpg,pa,Training
Training\pa\265.jpg,pa,Training
Training\pa\266.jpg,pa,Training
Training\pa\267.jpg,pa,Training
Training\pa\268.jpg,pa,Training
Training\pa\269.jpg,pa,Training
Training\pa\27.jpg,pa,Training
Training\pa\270.jpg,pa,Training
Training\pa\271.jpg,pa,Training
Training\pa\272.jpg,pa,Training
Training\pa\273.jpg,pa,Training
Training\pa\274.jpg,pa,Training
Training\pa\275.jpg,pa,Training
Training\pa\276.jpg,pa,Training
Training\pa\277.jpg,pa,Training
Training\pa\278.jpg,pa,Training
Training\pa\279.jpg,pa,Training
Training\pa\28.jpg,pa,Training
Training\pa\280.jpg,pa,Training
Training\pa\281.jpg,pa,Training
Training\pa\282.jpg,pa,Training
Training\pa\283.jpg,pa,Training
Training\pa\284.jpg,pa,Training
Training\pa\285.jpg,pa,Training
Training\pa\286.jpg,pa,Training
Training\pa\287.jpg,pa,Training
Training\pa\288.jpg,pa,Training
Training\pa\289.jpg,pa,Training
Training\pa\29.jpg,pa,Training
Training\pa\290.jpg,pa,Training
Training\pa\291.jpg,pa,Training
Training\pa\292.jpg,pa,Training
Training\pa\293.jpg,pa,Training
Training\pa\294.jpg,pa,Training
Training\pa\295.jpg,pa,Training
Training\pa\296.jpg,pa,Training
Training\pa\297.jpg,pa,Training
Training\pa\298.jpg,pa,Training
Training\pa\299.jpg,pa,Training
Training\pa\3.jpg,pa,Training
Training\pa\30.jpg,pa,Training
Training\pa\300.jpg,pa,Training
Training\pa\301.jpg,pa,Training
Training\pa\302.jpg,pa,Training
Training\pa\303.jpg,pa,Training
Training\pa\304.jpg,pa,Training
Training\pa\305.jpg,pa,Training
Training\pa\306.jpg,pa,Training
Training\pa\307.jpg,pa,Training
Training\pa\308.jpg,pa,Training
Training\pa\309.jpg,pa,Training
Training\pa\31.jpg,pa,Training
Training\pa\310.jpg,pa,Training
Training\pa\311.jpg,pa,Training
Training\pa\312.jpg,pa,Training
Training\pa\313.jpg,pa,Training
Training\pa\314.jpg,pa,Training
Training\pa\315.jpg,pa,Training
Training\pa\316.jpg,pa,Training
Training\pa\317.jpg,pa,Training
Training\pa\318.jpg,pa,Training
Training\pa\319.jpg,pa,Training
Training\pa\32.jpg,pa,Training
Training\pa\320.jpg,pa,Training
Training\pa\321.jpg,pa,Training
Training\pa\322.jpg,pa,Training
Training\pa\323.jpg,pa,Training
Training\pa\324.jpg,pa,Training
Training\pa\325.jpg,pa,Training
Training\pa\326.jpg,pa,Training
Training\pa\327.jpg,pa,Training
Training\pa\328.jpg,pa,Training
Training\pa\329.jpg,pa,Training
Training\pa\33.jpg,pa,Training
Training\pa\330.jpg,pa,Training
Training\pa\331.jpg,pa,Training
Training\pa\332.jpg,pa,Training
Training\pa\333.jpg,pa,Training
Training\pa\334.jpg,pa,Training
Training\pa\335.jpg,pa,Training
Training\pa\336.jpg,pa,Training
Training\pa\337.jpg,pa,Training
Training\pa\338.jpg,pa,Training
Training\pa\339.jpg,pa,Training
Training\pa\34.jpg,pa,Training
Training\pa\340.jpg,pa,Training
Training\pa\341.jpg,pa,Training
Training\pa\342.jpg,pa,Training
Training\pa\343.jpg,pa,Training
Training\pa\344.jpg,pa,Training
Training\pa\345.jpg,pa,Training
Training\pa\346.jpg,pa,Training
Training\pa\347.jpg,pa,Training
Training\pa\348.jpg,pa,Training
Training\pa\349.jpg,pa,Training
Training\pa\35.jpg,pa,Training
Training\pa\350.jpg,pa,Training
Training\pa\351.jpg,pa,Training
Training\pa\352.jpg,pa,Training
Training\pa\353.jpg,pa,Training
Training\pa\354.jpg,pa,Training
Training\pa\355.jpg,pa,Training
Training\pa\356.jpg,pa,Training
Training\pa\357.jpg,pa,Training
Training\pa\358.jpg,pa,Training
Training\pa\359.jpg,pa,Training
Training\pa\36.jpg,pa,Training
Training\pa\360.jpg,pa,Training
Training\pa\361.jpg,pa,Training
Training\pa\362.jpg,pa,Training
Training\pa\363.jpg,pa,Training
Training\pa\364.jpg,pa,Training
Training\pa\365.jpg,pa,Training
Training\pa\366.jpg,pa,Training
Training\pa\367.jpg,pa,Training
Training\pa\368.jpg,pa,Training
Training\pa\369.jpg,pa,Training
Training\pa\37.jpg,pa,Training
Training\pa\370.jpg,pa,Training
Training\pa\371.jpg,pa,Training
Training\pa\372.jpg,pa,Training
Training\pa\373.jpg,pa,Training
Training\pa\374.jpg,pa,Training
Training\pa\375.jpg,pa,Training
Training\pa\376.jpg,pa,Training
Training\pa\377.jpg,pa,Training
Training\pa\378.jpg,pa,Training
Training\pa\379.jpg,pa,Training
Training\pa\38.jpg,pa,Training
Training\pa\380.jpg,pa,Training
Training\pa\381.jpg,pa,Training
Training\pa\382.jpg,pa,Training
Training\pa\383.jpg,pa,Training
Training\pa\384.jpg,pa,Training
Training\pa\385.jpg,pa,Training
Training\pa\386.jpg,pa,Training
Training\pa\387.jpg,pa,Training
Training\pa\388.jpg,pa,Training
Training\pa\389.jpg,pa,Training
Training\pa\39.jpg,pa,Training
Training\pa\390.jpg,pa,Training
Training\pa\391.jpg,pa,Training
Training\pa\392.jpg,pa,Training
Training\pa\393.jpg,pa,Training
Training\pa\394.jpg,pa,Training
Training\pa\395.jpg,pa,Training
Training\pa\396.jpg,pa,Training
Training\pa\397.jpg,pa,Training
Training\pa\398.jpg,pa,Training
Training\pa\399.jpg,pa,Training
Training\pa\4.jpg,pa,Training
Training\pa\40.jpg,pa,Training
Training\pa\400.jpg,pa,Training
Training\pa\401.jpg,pa,Training
Training\pa\402.jpg,pa,Training
Training\pa\403.jpg,pa,Training
Training\pa\404.jpg,pa,Training
Training\pa\405.jpg,pa,Training
Training\pa\406.jpg,pa,Training
Training\pa\407.jpg,pa,Training
Training\pa\408.jpg,pa,Training
Training\pa\409.jpg,pa,Training
Training\pa\41.jpg,pa,Training
Training\pa\410.jpg,pa,Training
Training\pa\411.jpg,pa,Training
Training\pa\412.jpg,pa,Training
Training\pa\413.jpg,pa,Training
Training\pa\414.jpg,pa,Training
Training\pa\415.jpg,pa,Training
Training\pa\416.jpg,pa,Training
Training\pa\417.jpg,pa,Training
Training\pa\418.jpg,pa,Training
Training\pa\419.jpg,pa,Training
Training\pa\42.jpg,pa,Training
Training\pa\420.jpg,pa,Training
Training\pa\43.jpg,pa,Training
Training\pa\44.jpg,pa,Training
Training\pa\45.jpg,pa,Training
Training\pa\46.jpg,pa,Training
Training\pa\47.jpg,pa,Training
Training\pa\48.jpg,pa,Training
Training\pa\49.jpg,pa,Training
Training\pa\5.jpg,pa,Training
Training\pa\50.jpg,pa,Training
Training\pa\51.jpg,pa,Training
Training\pa\52.jpg,pa,Training
Training\pa\53.jpg,pa,Training
Training\pa\54.jpg,pa,Training
Training\pa\55.jpg,pa,Training
Training\pa\56.jpg,pa,Training
Training\pa\57.jpg,pa,Training
Training\pa\58.jpg,pa,Training
Training\pa\59.jpg,pa,Training
Training\pa\6.jpg,pa,Training
Training\pa\60.jpg,pa,Training
Training\pa\61.jpg,pa,Training
Training\pa\62.jpg,pa,Training
Training\pa\63.jpg,pa,Training
Training\pa\64.jpg,pa,Training
Training\pa\65.jpg,pa,Training
Training\pa\66.jpg,pa,Training
Training\pa\67.jpg,pa,Training
Training\pa\68.jpg,pa,Training
Training\pa\69.jpg,pa,Training
Training\pa\7.jpg,pa,Training
Training\pa\70.jpg,pa,Training
Training\pa\71.jpg,pa,Training
Training\pa\72.jpg,pa,Training
Training\pa\73.jpg,pa,Training
Training\pa\74.jpg,pa,Training
Training\pa\75.jpg,pa,Training
Training\pa\76.jpg,pa,Training
Training\pa\77.jpg,pa,Training
Training\pa\78.jpg,pa,Training
Training\pa\79.jpg,pa,Training
Training\pa\8.jpg,pa,Training
Training\pa\80.jpg,pa,Training
Training\pa\81.jpg,pa,Training
Training\pa\82.jpg,pa,Training
Training\pa\83.jpg,pa,Training
Training\pa\84.jpg,pa,Training
Training\pa\85.jpg,pa,Training
Training\pa\86.jpg,pa,Training
Training\pa\87.jpg,pa,Training
Training\pa\88.jpg,pa,Training
Training\pa\89.jpg,pa,Training
Training\pa\9.jpg,pa,Training
Training\pa\90.jpg,pa,Training
Training\pa\91.jpg,pa,Training
Training\pa\92.jpg,pa,Training
Training\pa\93.jpg,pa,Training
Training\pa\94.jpg,pa,Training
Training\pa\95.jpg,pa,Training
Training\pa\96.jpg,pa,Training
Training\pa\97.jpg,pa,Training
Training\pa\98.jpg,pa,Training
Training\pa\99.jpg,pa,Training
Training\pha\1.jpg,pha,Training
Training\pha\10.jpg,pha,Training
Training\pha\100.jpg,pha,Training
Training\pha\101.jpg,pha,Training
Training\pha\102.jpg,pha,Training
Training\pha\103.jpg,pha,Training
Training\pha\104.jpg,pha,Training
Training\pha\105.jpg,pha,Training
Training\pha\106.jpg,pha,Training
Training\pha\107.jpg,pha,Training
Training\pha\108.jpg,pha,Training
Training\pha\109.jpg,pha,Training
Training\pha\11.jpg,pha,Training
Training\pha\110.jpg,pha,Training
Training\pha\111.jpg,pha,Training
Training\pha\112.jpg,pha,Training
Training\pha\113.jpg,pha,Training
Training\pha\114.jpg,pha,Training
Training\pha\115.jpg,pha,Training
Training\pha\116.jpg,pha,Training
Training\pha\117.jpg,pha,Training
Training\pha\118.jpg,pha,Training
Training\pha\119.jpg,pha,Training
Training\pha\12.jpg,pha,Training
Training\pha\120.jpg,pha,Training
Training\pha\121.jpg,pha,Training
Training\pha\122.jpg,pha,Training
Training\pha\123.jpg,pha,Training
Training\pha\124.jpg,pha,Training
Training\pha\125.jpg,pha,Training
Training\pha\126.jpg,pha,Training
Training\pha\127.jpg,pha,Training
Training\pha\128.jpg,pha,Training
Training\pha\129.jpg,pha,Training
Training\pha\13.jpg,pha,Training
Training\pha\130.jpg,pha,Training
Training\pha\131.jpg,pha,Training
Training\pha\132.jpg,pha,Training
Training\pha\133.jpg,pha,Training
Training\pha\134.jpg,pha,Training
Training\pha\135.jpg,pha,Training
Training\pha\136.jpg,pha,Training
Training\pha\137.jpg,pha,Training
Training\pha\138.jpg,pha,Training
Training\pha\139.jpg,pha,Training
Training\pha\14.jpg,pha,Training
Training\pha\140.jpg,pha,Training
Training\pha\141.jpg,pha,Training
Training\pha\142.jpg,pha,Training
Training\pha\143.jpg,pha,Training
Training\pha\144.jpg,pha,Training
Training\pha\145.jpg,pha,Training
Training\pha\146.jpg,pha,Training
Training\pha\147.jpg,pha,Training
Training\pha\148.jpg,pha,Training
Training\pha\149.jpg,pha,Training
Training\pha\15.jpg,pha,Training
Training\pha\150.jpg,pha,Training
Training\pha\151.jpg,pha,Training
Training\pha\152.jpg,pha,Training
Training\pha\153.jpg,pha,Training
Training\pha\154.jpg,pha,Training
Training\pha\155.jpg,pha,Training
Training\pha\156.jpg,pha,Training
Training\pha\157.jpg,pha,Training
Training\pha\158.jpg,pha,Training
Training\pha\159.jpg,pha,Training
Training\pha\16.jpg,pha,Training
Training\pha\160.jpg,pha,Training
Training\pha\161.jpg,pha,Training
Training\pha\162.jpg,pha,Training
Training\pha\163.jpg,pha,Training
Training\pha\164.jpg,pha,Training
Training\pha\165.jpg,pha,Training
Training\pha\166.jpg,pha,Training
Training\pha\167.jpg,pha,Training
Training\pha\168.jpg,pha,Training
Training\pha\169.jpg,pha,Training
Training\pha\17.jpg,pha,Training
Training\pha\170.jpg,pha,Training
Training\pha\171.jpg,pha,Training
Training\pha\172.jpg,pha,Training
Training\pha\173.jpg,pha,Training
Training\pha\174.jpg,pha,Training
Training\pha\175.jpg,pha,Training
Training\pha\176.jpg,pha,Training
Training\pha\177.jpg,pha,Training
Training\pha\178.jpg,pha,Training
Training\pha\179.jpg,pha,Training
Training\pha\18.jpg,pha,Training
Training\pha\180.jpg,pha,Training
Training\pha\181.jpg,pha,Training
Training\pha\182.jpg,pha,Training
Training\pha\183.jpg,pha,Training
Training\pha\184.jpg,pha,Training
Training\pha\185.jpg,pha,Training
Training\pha\186.jpg,pha,Training
Training\pha\187.jpg,pha,Training
Training\pha\188.jpg,pha,Training
Training\pha\189.jpg,pha,Training
Training\pha\19.jpg,pha,Training
Training\pha\190.jpg,pha,Training
Training\pha\191.jpg,pha,Training
Training\pha\192.jpg,pha,Training
Training\pha\193.jpg,pha,Training
Training\pha\194.jpg,pha,Training
Training\pha\195.jpg,pha,Training
Training\pha\196.jpg,pha,Training
Training\pha\197.jpg,pha,Training
Training\pha\198.jpg,pha,Training
Training\pha\199.jpg,pha,Training
Training\pha\2.jpg,pha,Training
Training\pha\20.jpg,pha,Training
Training\pha\200.jpg,pha,Training
Training\pha\201.jpg,pha,Training
Training\pha\202.jpg,pha,Training
Training\pha\203.jpg,pha,Training
Training\pha\204.jpg,pha,Training
Training\pha\205.jpg,pha,Training
Training\pha\206.jpg,pha,Training
Training\pha\207.jpg,pha,Training
Training\pha\208.jpg,pha,Training
Training\pha\209.jpg,pha,Training
Training\pha\21.jpg,pha,Training
Training\pha\210.jpg,pha,Training
Training\pha\211.jpg,pha,Training
Training\pha\212.jpg,pha,Training
Training\pha\213.jpg,pha,Training
Training\pha\214.jpg,pha,Training
Training\pha\215.jpg,pha,Training
Training\pha\216.jpg,pha,Training
Training\pha\217.jpg,pha,Training
Training\pha\218.jpg,pha,Training
Training\pha\219.jpg,pha,Training
Training\pha\22.jpg,pha,Training
Training\pha\220.jpg,pha,Training
Training\pha\221.jpg,pha,Training
Training\pha\222.jpg,pha,Training
Training\pha\223.jpg,pha,Training
Training\pha\224.jpg,pha,Training
Training\pha\225.jpg,pha,Training
Training\pha\226.jpg,pha,Training
Training\pha\227.jpg,pha,Training
Training\pha\228.jpg,pha,Training
Training\pha\229.jpg,pha,Training
Training\pha\23.jpg,pha,Training
Training\pha\230.jpg,pha,Training
Training\pha\231.jpg,pha,Training
Training\pha\232.jpg,pha,Training
Training\pha\233.jpg,pha,Training
Training\pha\234.jpg,pha,Training
Training\pha\235.jpg,pha,Training
Training\pha\236.jpg,pha,Training
Training\pha\237.jpg,pha,Training
Training\pha\238.jpg,pha,Training
Training\pha\239.jpg,pha,Training
Training\pha\24.jpg,pha,Training
Training\pha\240.jpg,pha,Training
Training\pha\241.jpg,pha,Training
Training\pha\242.jpg,pha,Training
Training\pha\243.jpg,pha,Training
Training\pha\244.jpg,pha,Training
Training\pha\245.jpg,pha,Training
Training\pha\246.jpg,pha,Training
Training\pha\247.jpg,pha,Training
Training\pha\248.jpg,pha,Training
Training\pha\249.jpg,pha,Training
Training\pha\25.jpg,pha,Training
Training\pha\250.jpg,pha,Training
Training\pha\251.jpg,pha,Training
Training\pha\252.jpg,pha,Training
Training\pha\253.jpg,pha,Training
Training\pha\254.jpg,pha,Training
Training\pha\255.jpg,pha,Training
Training\pha\256.jpg,pha,Training
Training\pha\257.jpg,pha,Training
Training\pha\258.jpg,pha,Training
Training\pha\259.jpg,pha,Training
Training\pha\26.jpg,pha,Training
Training\pha\260.jpg,pha,Training
Training\pha\261.jpg,pha,Training
Training\pha\262.jpg,pha,Training
Training\pha\263.jpg,pha,Training
Training\pha\264.jpg,pha,Training
Training\pha\265.jpg,pha,Training
Training\pha\266.jpg,pha,Training
Training\pha\267.jpg,pha,Training
Training\pha\268.jpg,pha,Training
Training\pha\269.jpg,pha,Training
Training\pha\27.jpg,pha,Training
Training\pha\270.jpg,pha,Training
Training\pha\271.jpg,pha,Training
Training\pha\272.jpg,pha,Training
Training\pha\273.jpg,pha,Training
Training\pha\274.jpg,pha,Training
Training\pha\275.jpg,pha,Training
Training\pha\276.jpg,pha,Training
Training\pha\277.jpg,pha,Training
Training\pha\278.jpg,pha,Training
Training\pha\279.jpg,pha,Training
Training\pha\28.jpg,pha,Training
Training\pha\280.jpg,pha,Training
Training\pha\281.jpg,pha,Training
Training\pha\282.jpg,pha,Training
Training\pha\283.jpg,pha,Training
Training\pha\284.jpg,pha,Training
Training\pha\285.jpg,pha,Training
Training\pha\286.jpg,pha,Training
Training\pha\287.jpg,pha,Training
Training\pha\288.jpg,pha,Training
Training\pha\289.jpg,pha,Training
Training\pha\29.jpg,pha,Training
Training\pha\290.jpg,pha,Training
Training\pha\291.jpg,pha,Training
Training\pha\292.jpg,pha,Training
Training\pha\293.jpg,pha,Training
Training\pha\294.jpg,pha,Training
Training\pha\295.jpg,pha,Training
Training\pha\296.jpg,pha,Training
Training\pha\297.jpg,pha,Training
Training\pha\298.jpg,pha,Training
Training\pha\299.jpg,pha,Training
Training\pha\3.jpg,pha,Training
Training\pha\30.jpg,pha,Training
Training\pha\300.jpg,pha,Training
Training\pha\301.jpg,pha,Training
Training\pha\302.jpg,pha,Training
Training\pha\303.jpg,pha,Training
Training\pha\304.jpg,pha,Training
Training\pha\305.jpg,pha,Training
Training\pha\306.jpg,pha,Training
Training\pha\307.jpg,pha,Training
Training\pha\308.jpg,pha,Training
Training\pha\309.jpg,pha,Training
Training\pha\31.jpg,pha,Training
Training\pha\310.jpg,pha,Training
Training\pha\311.jpg,pha,Training
Training\pha\312.jpg,pha,Training
Training\pha\313.jpg,pha,Training
Training\pha\314.jpg,pha,Training
Training\pha\315.jpg,pha,Training
Training\pha\316.jpg,pha,Training
Training\pha\317.jpg,pha,Training
Training\pha\318.jpg,pha,Training
Training\pha\319.jpg,pha,Training
Training\pha\32.jpg,pha,Training
Training\pha\320.jpg,pha,Training
Training\pha\321.jpg,pha,Training
Training\pha\322.jpg,pha,Training
Training\pha\323.jpg,pha,Training
Training\pha\324.jpg,pha,Training
Training\pha\325.jpg,pha,Training
Training\pha\326.jpg,pha,Training
Training\pha\327.jpg,pha,Training
Training\pha\328.jpg,pha,Training
Training\pha\329.jpg,pha,Training
Training\pha\33.jpg,pha,Training
Training\pha\330.jpg,pha,Training
Training\pha\331.jpg,pha,Training
Training\pha\332.jpg,pha,Training
Training\pha\333.jpg,pha,Training
Training\pha\334.jpg,pha,Training
Training\pha\335.jpg,pha,Training
Training\pha\336.jpg,pha,Training
Training\pha\337.jpg,pha,Training
Training\pha\338.jpg,pha,Training
Training\pha\339.jpg,pha,Training
Training\pha\34.jpg,pha,Training
Training\pha\340.jpg,pha,Training
Training\pha\341.jpg,pha,Training
Training\pha\342.jpg,pha,Training
Training\pha\343.jpg,pha,Training
Training\pha\344.jpg,pha,Training
Training\pha\345.jpg,pha,Training
Training\pha\346.jpg,pha,Training
Training\pha\347.jpg,pha,Training
Training\pha\348.jpg,pha,Training
Training\pha\349.jpg,pha,Training
Training\pha\35.jpg,pha,Training
Training\pha\350.jpg,pha,Training
Training\pha\351.jpg,pha,Training
Training\pha\352.jpg,pha,Training
Training\pha\353.jpg,pha,Training
Training\pha\354.jpg,pha,Training
Training\pha\355.jpg,pha,Training
Training\pha\356.jpg,pha,Training
Training\pha\357.jpg,pha,Training
Training\pha\358.jpg,pha,Training
Training\pha\359.jpg,pha,Training
Training\pha\36.jpg,pha,Training
Training\pha\360.jpg,pha,Training
Training\pha\361.jpg,pha,Training
Training\pha\362.jpg,pha,Training
Training\pha\363.jpg,pha,Training
Training\pha\364.jpg,pha,Training
Training\pha\365.jpg,pha,Training
Training\pha\366.jpg,pha,Training
Training\pha\367.jpg,pha,Training
Training\pha\368.jpg,pha,Training
Training\pha\369.jpg,pha,Training
Training\pha\37.jpg,pha,Training
Training\pha\370.jpg,pha,Training
Training\pha\371.jpg,pha,Training
Training\pha\372.jpg,pha,Training
Training\pha\373.jpg,pha,Training
Training\pha\374.jpg,pha,Training
Training\pha\375.jpg,pha,Training
Training\pha\376.jpg,pha,Training
Training\pha\377.jpg,pha,Training
Training\pha\378.jpg,pha,Training
Training\pha\379.jpg,pha,Training
Training\pha\38.jpg,pha,Training
Training\pha\380.jpg,pha,Training
Training\pha\381.jpg,pha,Training
Training\pha\382.jpg,pha,Training
Training\pha\383.jpg,pha,Training
Training\pha\384.jpg,pha,Training
Training\pha\385.jpg,pha,Training
Training\pha\386.jpg,pha,Training
Training\pha\387.jpg,pha,Training
Training\pha\388.jpg,pha,Training
Training\pha\389.jpg,pha,Training
Training\pha\39.jpg,pha,Training
Training\pha\390.jpg,pha,Training
Training\pha\391.jpg,pha,Training
Training\pha\392.jpg,pha,Training
Training\pha\393.jpg,pha,Training
Training\pha\394.jpg,pha,Training
Training\pha\395.jpg,pha,Training
Training\pha\396.jpg,pha,Training
Training\pha\397.jpg,pha,Training
Training\pha\398.jpg,pha,Training
Training\pha\399.jpg,pha,Training
Training\pha\4.jpg,pha,Training
Training\pha\40.jpg,pha,Training
Training\pha\400.jpg,pha,Training
Training\pha\401.jpg,pha,Training
Training\pha\402.jpg,pha,Training
Training\pha\403.jpg,pha,Training
Training\pha\404.jpg,pha,Training
Training\pha\405.jpg,pha,Training
Training\pha\406.jpg,pha,Training
Training\pha\407.jpg,pha,Training
Training\pha\408.jpg,pha,Training
Training\pha\409.jpg,pha,Training
Training\pha\41.jpg,pha,Training
Training\pha\410.jpg,pha,Training
Training\pha\411.jpg,pha,Training
Training\pha\412.jpg,pha,Training
Training\pha\413.jpg,pha,Training
Training\pha\414.jpg,pha,Training
Training\pha\415.jpg,pha,Training
Training\pha\416.jpg,pha,Training
Training\pha\417.jpg,pha,Training
Training\pha\418.jpg,pha,Training
Training\pha\419.jpg,pha,Training
Training\pha\42.jpg,pha,Training
Training\pha\420.jpg,pha,Training
Training\pha\43.jpg,pha,Training
Training\pha\44.jpg,pha,Training
Training\pha\45.jpg,pha,Training
Training\pha\46.jpg,pha,Training
Training\pha\47.jpg,pha,Training
Training\pha\48.jpg,pha,Training
Training\pha\49.jpg,pha,Training
Training\pha\5.jpg,pha,Training
Training\pha\50.jpg,pha,Training
Training\pha\51.jpg,pha,Training
Training\pha\52.jpg,pha,Training
Training\pha\53.jpg,pha,Training
Training\pha\54.jpg,pha,Training
Training\pha\55.jpg,pha,Training
Training\pha\56.jpg,pha,Training
Training\pha\57.jpg,pha,Training
Training\pha\58.jpg,pha,Training
Training\pha\59.jpg,pha,Training
Training\pha\6.jpg,pha,Training
Training\pha\60.jpg,pha,Training
Training\pha\61.jpg,pha,Training
Training\pha\62.jpg,pha,Training
Training\pha\63.jpg,pha,Training
Training\pha\64.jpg,pha,Training
Training\pha\65.jpg,pha,Training
Training\pha\66.jpg,pha,Training
Training\pha\67.jpg,pha,Training
Training\pha\68.jpg,pha,Training
Training\pha\69.jpg,pha,Training
Training\pha\7.jpg,pha,Training
Training\pha\70.jpg,pha,Training
Training\pha\71.jpg,pha,Training
Training\pha\72.jpg,pha,Training
Training\pha\73.jpg,pha,Training
Training\pha\74.jpg,pha,Training
Training\pha\75.jpg,pha,Training
Training\pha\76.jpg,pha,Training
Training\pha\77.jpg,pha,Training
Training\pha\78.jpg,pha,Training
Training\pha\79.jpg,pha,Training
Training\pha\8.jpg,pha,Training
Training\pha\80.jpg,pha,Training
Training\pha\81.jpg,pha,Training
Training\pha\82.jpg,pha,Training
Training\pha\83.jpg,pha,Training
Training\pha\84.jpg,pha,Training
Training\pha\85.jpg,pha,Training
Training\pha\86.jpg,pha,Training
Training\pha\87.jpg,pha,Training
Training\pha\88.jpg,pha,Training
Training\pha\89.jpg,pha,Training
Training\pha\9.jpg,pha,Training
Training\pha\90.jpg,pha,Training
Training\pha\91.jpg,pha,Training
Training\pha\92.jpg,pha,Training
Training\pha\93.jpg,pha,Training
Training\pha\94.jpg,pha,Training
Training\pha\95.jpg,pha,Training
Training\pha\96.jpg,pha,Training
Training\pha\97.jpg,pha,Training
Training\pha\98.jpg,pha,Training
Training\pha\99.jpg,pha,Training
Training\ra\1.jpg,ra,Training
Training\ra\10.jpg,ra,Training
Training\ra\100.jpg,ra,Training
Training\ra\101.jpg,ra,Training
Training\ra\102.jpg,ra,Training
Training\ra\103.jpg,ra,Training
Training\ra\104.jpg,ra,Training
Training\ra\105.jpg,ra,Training
Training\ra\106.jpg,ra,Training
Training\ra\107.jpg,ra,Training
Training\ra\108.jpg,ra,Training
Training\ra\109.jpg,ra,Training
Training\ra\11.jpg,ra,Training
Training\ra\110.jpg,ra,Training
Training\ra\111.jpg,ra,Training
Training\ra\112.jpg,ra,Training
Training\ra\113.jpg,ra,Training
Training\ra\114.jpg,ra,Training
Training\ra\115.jpg,ra,Training
Training\ra\116.jpg,ra,Training
Training\ra\117.jpg,ra,Training
Training\ra\118.jpg,ra,Training
Training\ra\119.jpg,ra,Training
Training\ra\12.jpg,ra,Training
Training\ra\120.jpg,ra,Training
Training\ra\121.jpg,ra,Training
Training\ra\122.jpg,ra,Training
Training\ra\123.jpg,ra,Training
Training\ra\124.jpg,ra,Training
Training\ra\125.jpg,ra,Training
Training\ra\126.jpg,ra,Training
Training\ra\127.jpg,ra,Training
Training\ra\128.jpg,ra,Training
Training\ra\129.jpg,ra,Training
Training\ra\13.jpg,ra,Training
Training\ra\130.jpg,ra,Training
Training\ra\131.jpg,ra,Training
Training\ra\132.jpg,ra,Training
Training\ra\133.jpg,ra,Training
Training\ra\134.jpg,ra,Training
Training\ra\135.jpg,ra,Training
Training\ra\136.jpg,ra,Training
Training\ra\137.jpg,ra,Training
Training\ra\138.jpg,ra,Training
Training\ra\139.jpg,ra,Training
Training\ra\14.jpg,ra,Training
Training\ra\140.jpg,ra,Training
Training\ra\141.jpg,ra,Training
Training\ra\142.jpg,ra,Training
Training\ra\143.jpg,ra,Training
Training\ra\144.jpg,ra,Training
Training\ra\145.jpg,ra,Training
Training\ra\146.jpg,ra,Training
Training\ra\147.jpg,ra,Training
Training\ra\148.jpg,ra,Training
Training\ra\149.jpg,ra,Training
Training\ra\15.jpg,ra,Training
Training\ra\150.jpg,ra,Training
Training\ra\151.jpg,ra,Training
Training\ra\152.jpg,ra,Training
Training\ra\153.jpg,ra,Training
Training\ra\154.jpg,ra,Training
Training\ra\155.jpg,ra,Training
Training\ra\156.jpg,ra,Training
Training\ra\157.jpg,ra,Training
Training\ra\158.jpg,ra,Training
Training\ra\159.jpg,ra,Training
Training\ra\16.jpg,ra,Training
Training\ra\160.jpg,ra,Training
Training\ra\161.jpg,ra,Training
Training\ra\162.jpg,ra,Training
Training\ra\163.jpg,ra,Training
Training\ra\164.jpg,ra,Training
Training\ra\165.jpg,ra,Training
Training\ra\166.jpg,ra,Training
Training\ra\167.jpg,ra,Training
Training\ra\168.jpg,ra,Training
Training\ra\169.jpg,ra,Training
Training\ra\17.jpg,ra,Training
Training\ra\170.jpg,ra,Training
Training\ra\171.jpg,ra,Training
Training\ra\172.jpg,ra,Training
Training\ra\173.jpg,ra,Training
Training\ra\174.jpg,ra,Training
Training\ra\175.jpg,ra,Training
Training\ra\176.jpg,ra,Training
Training\ra\177.jpg,ra,Training
Training\ra\178.jpg,ra,Training
Training\ra\179.jpg,ra,Training
Training\ra\18.jpg,ra,Training
Training\ra\180.jpg,ra,Training
Training\ra\181.jpg,ra,Training
Training\ra\182.jpg,ra,Training
Training\ra\183.jpg,ra,Training
Training\ra\184.jpg,ra,Training
Training\ra\185.jpg,ra,Training
Training\ra\186.jpg,ra,Training
Training\ra\187.jpg,ra,Training
Training\ra\188.jpg,ra,Training
Training\ra\189.jpg,ra,Training
Training\ra\19.jpg,ra,Training
Training\ra\190.jpg,ra,Training
Training\ra\191.jpg,ra,Training
Training\ra\192.jpg,ra,Training
Training\ra\193.jpg,ra,Training
Training\ra\194.jpg,ra,Training
Training\ra\195.jpg,ra,Training
Training\ra\196.jpg,ra,Training
Training\ra\197.jpg,ra,Training
Training\ra\198.jpg,ra,Training
Training\ra\199.jpg,ra,Training
Training\ra\2.jpg,ra,Training
Training\ra\20.jpg,ra,Training
Training\ra\200.jpg,ra,Training
Training\ra\201.jpg,ra,Training
Training\ra\202.jpg,ra,Training
Training\ra\203.jpg,ra,Training
Training\ra\204.jpg,ra,Training
Training\ra\205.jpg,ra,Training
Training\ra\206.jpg,ra,Training
Training\ra\207.jpg,ra,Training
Training\ra\208.jpg,ra,Training
Training\ra\209.jpg,ra,Training
Training\ra\21.jpg,ra,Training
Training\ra\210.jpg,ra,Training
Training\ra\211.jpg,ra,Training
Training\ra\212.jpg,ra,Training
Training\ra\213.jpg,ra,Training
Training\ra\214.jpg,ra,Training
Training\ra\215.jpg,ra,Training
Training\ra\216.jpg,ra,Training
Training\ra\217.jpg,ra,Training
Training\ra\218.jpg,ra,Training
Training\ra\219.jpg,ra,Training
Training\ra\22.jpg,ra,Training
Training\ra\220.jpg,ra,Training
Training\ra\221.jpg,ra,Training
Training\ra\222.jpg,ra,Training
Training\ra\223.jpg,ra,Training
Training\ra\224.jpg,ra,Training
Training\ra\225.jpg,ra,Training
Training\ra\226.jpg,ra,Training
Training\ra\227.jpg,ra,Training
Training\ra\228.jpg,ra,Training
Training\ra\229.jpg,ra,Training
Training\ra\23.jpg,ra,Training
Training\ra\230.jpg,ra,Training
Training\ra\231.jpg,ra,Training
Training\ra\232.jpg,ra,Training
Training\ra\233.jpg,ra,Training
Training\ra\234.jpg,ra,Training
Training\ra\235.jpg,ra,Training
Training\ra\236.jpg,ra,Training
Training\ra\237.jpg,ra,Training
Training\ra\238.jpg,ra,Training
Training\ra\239.jpg,ra,Training
Training\ra\24.jpg,ra,Training
Training\ra\240.jpg,ra,Training
Training\ra\241.jpg,ra,Training
Training\ra\242.jpg,ra,Training
Training\ra\243.jpg,ra,Training
Training\ra\244.jpg,ra,Training
Training\ra\245.jpg,ra,Training
Training\ra\246.jpg,ra,Training
Training\ra\247.jpg,ra,Training
Training\ra\248.jpg,ra,Training
Training\ra\249.jpg,ra,Training
Training\ra\25.jpg,ra,Training
Training\ra\250.jpg,ra,Training
Training\ra\251.jpg,ra,Training
Training\ra\252.jpg,ra,Training
Training\ra\253.jpg,ra,Training
Training\ra\254.jpg,ra,Training
Training\ra\255.jpg,ra,Training
Training\ra\256.jpg,ra,Training
Training\ra\257.jpg,ra,Training
Training\ra\258.jpg,ra,Training
Training\ra\259.jpg,ra,Training
Training\ra\26.jpg,ra,Training
Training\ra\260.jpg,ra,Training
Training\ra\261.jpg,ra,Training
Training\ra\262.jpg,ra,Training
Training\ra\263.jpg,ra,Training
Training\ra\264.jpg,ra,Training
Training\ra\265.jpg,ra,Training
Training\ra\266.jpg,ra,Training
Training\ra\267.jpg,ra,Training
Training\ra\268.jpg,ra,Training
Training\ra\269.jpg,ra,Training
Training\ra\27.jpg,ra,Training
Training\ra\270.jpg,ra,Training
Training\ra\271.jpg,ra,Training
Training\ra\272.jpg,ra,Training
Training\ra\273.jpg,ra,Training
Training\ra\274.jpg,ra,Training
Training\ra\275.jpg,ra,Training
Training\ra\276.jpg,ra,Training
Training\ra\277.jpg,ra,Training
Training\ra\278.jpg,ra,Training
Training\ra\279.jpg,ra,Training
Training\ra\28.jpg,ra,Training
Training\ra\280.jpg,ra,Training
Training\ra\281.jpg,ra,Training
Training\ra\282.jpg,ra,Training
Training\ra\283.jpg,ra,Training
Training\ra\284.jpg,ra,Training
Training\ra\285.jpg,ra,Training
Training\ra\286.jpg,ra,Training
Training\ra\287.jpg,ra,Training
Training\ra\288.jpg,ra,Training
Training\ra\289.jpg,ra,Training
Training\ra\29.jpg,ra,Training
Training\ra\290.jpg,ra,Training
Training\ra\291.jpg,ra,Training
Training\ra\292.jpg,ra,Training
Training\ra\293.jpg,ra,Training
Training\ra\294.jpg,ra,Training
Training\ra\295.jpg,ra,Training
Training\ra\296.jpg,ra,Training
Training\ra\297.jpg,ra,Training
Training\ra\298.jpg,ra,Training
Training\ra\299.jpg,ra,Training
Training\ra\3.jpg,ra,Training
Training\ra\30.jpg,ra,Training
Training\ra\300.jpg,ra,Training
Training\ra\301.jpg,ra,Training
Training\ra\302.jpg,ra,Training
Training\ra\303.jpg,ra,Training
Training\ra\304.jpg,ra,Training
Training\ra\305.jpg,ra,Training
Training\ra\306.jpg,ra,Training
Training\ra\307.jpg,ra,Training
Training\ra\308.jpg,ra,Training
Training\ra\309.jpg,ra,Training
Training\ra\31.jpg,ra,Training
Training\ra\310.jpg,ra,Training
Training\ra\311.jpg,ra,Training
Training\ra\312.jpg,ra,Training
Training\ra\313.jpg,ra,Training
Training\ra\314.jpg,ra,Training
Training\ra\315.jpg,ra,Training
Training\ra\316.jpg,ra,Training
Training\ra\317.jpg,ra,Training
Training\ra\318.jpg,ra,Training
Training\ra\319.jpg,ra,Training
Training\ra\32.jpg,ra,Training
Training\ra\320.jpg,ra,Training
Training\ra\321.jpg,ra,Training
Training\ra\322.jpg,ra,Training
Training\ra\323.jpg,ra,Training
Training\ra\324.jpg,ra,Training
Training\ra\325.jpg,ra,Training
Training\ra\326.jpg,ra,Training
Training\ra\327.jpg,ra,Training
Training\ra\328.jpg,ra,Training
Training\ra\329.jpg,ra,Training
Training\ra\33.jpg,ra,Training
Training\ra\330.jpg,ra,Training
Training\ra\331.jpg,ra,Training
Training\ra\332.jpg,ra,Training
Training\ra\333.jpg,ra,Training
Training\ra\334.jpg,ra,Training
Training\ra\335.jpg,ra,Training
Training\ra\336.jpg,ra,Training
Training\ra\337.jpg,ra,Training
Training\ra\338.jpg,ra,Training
Training\ra\339.jpg,ra,Training
Training\ra\34.jpg,ra,Training
Training\ra\340.jpg,ra,Training
Training\ra\341.jpg,ra,Training
Training\ra\342.jpg,ra,Training
Training\ra\343.jpg,ra,Training
Training\ra\344.jpg,ra,Training
Training\ra\345.jpg,ra,Training
Training\ra\346.jpg,ra,Training
Training\ra\347.jpg,ra,Training
Training\ra\348.jpg,ra,Training
Training\ra\349.jpg,ra,Training
Training\ra\35.jpg,ra,Training
Training\ra\350.jpg,ra,Training
Training\ra\351.jpg,ra,Training
Training\ra\352.jpg,ra,Training
Training\ra\353.jpg,ra,Training
Training\ra\354.jpg,ra,Training
Training\ra\355.jpg,ra,Training
Training\ra\356.jpg,ra,Training
Training\ra\357.jpg,ra,Training
Training\ra\358.jpg,ra,Training
Training\ra\359.jpg,ra,Training
Training\ra\36.jpg,ra,Training
Training\ra\360.jpg,ra,Training
Training\ra\361.jpg,ra,Training
Training\ra\362.jpg,ra,Training
Training\ra\363.jpg,ra,Training
Training\ra\364.jpg,ra,Training
Training\ra\365.jpg,ra,Training
Training\ra\366.jpg,ra,Training
Training\ra\367.jpg,ra,Training
Training\ra\368.jpg,ra,Training
Training\ra\369.jpg,ra,Training
Training\ra\37.jpg,ra,Training
Training\ra\370.jpg,ra,Training
Training\ra\371.jpg,ra,Training
Training\ra\372.jpg,ra,Training
Training\ra\373.jpg,ra,Training
Training\ra\374.jpg,ra,Training
Training\ra\375.jpg,ra,Training
Training\ra\376.jpg,ra,Training
Training\ra\377.jpg,ra,Training
Training\ra\378.jpg,ra,Training
Training\ra\379.jpg,ra,Training
Training\ra\38.jpg,ra,Training
Training\ra\380.jpg,ra,Training
Training\ra\381.jpg,ra,Training
Training\ra\382.jpg,ra,Training
Training\ra\383.jpg,ra,Training
Training\ra\384.jpg,ra,Training
Training\ra\385.jpg,ra,Training
Training\ra\386.jpg,ra,Training
Training\ra\387.jpg,ra,Training
Training\ra\388.jpg,ra,Training
Training\ra\389.jpg,ra,Training
Training\ra\39.jpg,ra,Training
Training\ra\390.jpg,ra,Training
Training\ra\391.jpg,ra,Training
Training\ra\392.jpg,ra,Training
Training\ra\393.jpg,ra,Training
Training\ra\394.jpg,ra,Training
Training\ra\395.jpg,ra,Training
Training\ra\396.jpg,ra,Training
Training\ra\397.jpg,ra,Training
Training\ra\398.jpg,ra,Training
Training\ra\399.jpg,ra,Training
Training\ra\4.jpg,ra,Training
Training\ra\40.jpg,ra,Training
Training\ra\400.jpg,ra,Training
Training\ra\401.jpg,ra,Training
Training\ra\402.jpg,ra,Training
Training\ra\403.jpg,ra,Training
Training\ra\404.jpg,ra,Training
Training\ra\405.jpg,ra,Training
Training\ra\406.jpg,ra,Training
Training\ra\407.jpg,ra,Training
Training\ra\408.jpg,ra,Training
Training\ra\409.jpg,ra,Training
Training\ra\41.jpg,ra,Training
Training\ra\410.jpg,ra,Training
Training\ra\411.jpg,ra,Training
Training\ra\412.jpg,ra,Training
Training\ra\413.jpg,ra,Training
Training\ra\414.jpg,ra,Training
Training\ra\415.jpg,ra,Training
Training\ra\416.jpg,ra,Training
Training\ra\417.jpg,ra,Training
Training\ra\418.jpg,ra,Training
Training\ra\419.jpg,ra,Training
Training\ra\42.jpg,ra,Training
Training\ra\420.jpg,ra,Training
Training\ra\43.jpg,ra,Training
Training\ra\44.jpg,ra,Training
Training\ra\45.jpg,ra,Training
Training\ra\46.jpg,ra,Training
Training\ra\47.jpg,ra,Training
Training\ra\48.jpg,ra,Training
Training\ra\49.jpg,ra,Training
Training\ra\5.jpg,ra,Training
Training\ra\50.jpg,ra,Training
Training\ra\51.jpg,ra,Training
Training\ra\52.jpg,ra,Training
Training\ra\53.jpg,ra,Training
Training\ra\54.jpg,ra,Training
Training\ra\55.jpg,ra,Training
Training\ra\56.jpg,ra,Training
Training\ra\57.jpg,ra,Training
Training\ra\58.jpg,ra,Training
Training\ra\59.jpg,ra,Training
Training\ra\6.jpg,ra,Training
Training\ra\60.jpg,ra,Training
Training\ra\61.jpg,ra,Training
Training\ra\62.jpg,ra,Training
Training\ra\63.jpg,ra,Training
Training\ra\64.jpg,ra,Training
Training\ra\65.jpg,ra,Training
Training\ra\66.jpg,ra,Training
Training\ra\67.jpg,ra,Training
Training\ra\68.jpg,ra,Training
Training\ra\69.jpg,ra,Training
Training\ra\7.jpg,ra,Training
Training\ra\70.jpg,ra,Training
Training\ra\71.jpg,ra,Training
Training\ra\72.jpg,ra,Training
Training\ra\73.jpg,ra,Training
Training\ra\74.jpg,ra,Training
Training\ra\75.jpg,ra,Training
Training\ra\76.jpg,ra,Training
Training\ra\77.jpg,ra,Training
Training\ra\78.jpg,ra,Training
Training\ra\79.jpg,ra,Training
Training\ra\8.jpg,ra,Training
Training\ra\80.jpg,ra,Training
Training\ra\81.jpg,ra,Training
Training\ra\82.jpg,ra,Training
Training\ra\83.jpg,ra,Training
Training\ra\84.jpg,ra,Training
Training\ra\85.jpg,ra,Training
Training\ra\86.jpg,ra,Training
Training\ra\87.jpg,ra,Training
Training\ra\88.jpg,ra,Training
Training\ra\89.jpg,ra,Training
Training\ra\9.jpg,ra,Training
Training\ra\90.jpg,ra,Training
Training\ra\91.jpg,ra,Training
Training\ra\92.jpg,ra,Training
Training\ra\93.jpg,ra,Training
Training\ra\94.jpg,ra,Training
Training\ra\95.jpg,ra,Training
Training\ra\96.jpg,ra,Training
Training\ra\97.jpg,ra,Training
Training\ra\98.jpg,ra,Training
Training\ra\99.jpg,ra,Training
Training\ria\1.jpg,ria,Training
Training\ria\10.jpg,ria,Training
Training\ria\100.jpg,ria,Training
Training\ria\101.jpg,ria,Training
Training\ria\102.jpg,ria,Training
Training\ria\103.jpg,ria,Training
Training\ria\104.jpg,ria,Training
Training\ria\105.jpg,ria,Training
Training\ria\106.jpg,ria,Training
Training\ria\107.jpg,ria,Training
Training\ria\108.jpg,ria,Training
Training\ria\109.jpg,ria,Training
Training\ria\11.jpg,ria,Training
Training\ria\110.jpg,ria,Training
Training\ria\111.jpg,ria,Training
Training\ria\112.jpg,ria,Training
Training\ria\113.jpg,ria,Training
Training\ria\114.jpg,ria,Training
Training\ria\115.jpg,ria,Training
Training\ria\116.jpg,ria,Training
Training\ria\117.jpg,ria,Training
Training\ria\118.jpg,ria,Training
Training\ria\119.jpg,ria,Training
Training\ria\12.jpg,ria,Training
Training\ria\120.jpg,ria,Training
Training\ria\121.jpg,ria,Training
Training\ria\122.jpg,ria,Training
Training\ria\123.jpg,ria,Training
Training\ria\124.jpg,ria,Training
Training\ria\125.jpg,ria,Training
Training\ria\126.jpg,ria,Training
Training\ria\127.jpg,ria,Training
Training\ria\128.jpg,ria,Training
Training\ria\129.jpg,ria,Training
Training\ria\13.jpg,ria,Training
Training\ria\130.jpg,ria,Training
Training\ria\131.jpg,ria,Training
Training\ria\132.jpg,ria,Training
Training\ria\133.jpg,ria,Training
Training\ria\134.jpg,ria,Training
Training\ria\135.jpg,ria,Training
Training\ria\136.jpg,ria,Training
Training\ria\137.jpg,ria,Training
Training\ria\138.jpg,ria,Training
Training\ria\139.jpg,ria,Training
Training\ria\14.jpg,ria,Training
Training\ria\140.jpg,ria,Training
Training\ria\141.jpg,ria,Training
Training\ria\142.jpg,ria,Training
Training\ria\143.jpg,ria,Training
Training\ria\144.jpg,ria,Training
Training\ria\145.jpg,ria,Training
Training\ria\146.jpg,ria,Training
Training\ria\147.jpg,ria,Training
Training\ria\148.jpg,ria,Training
Training\ria\149.jpg,ria,Training
Training\ria\15.jpg,ria,Training
Training\ria\150.jpg,ria,Training
Training\ria\151.jpg,ria,Training
Training\ria\152.jpg,ria,Training
Training\ria\153.jpg,ria,Training
Training\ria\154.jpg,ria,Training
Training\ria\155.jpg,ria,Training
Training\ria\156.jpg,ria,Training
Training\ria\157.jpg,ria,Training
Training\ria\158.jpg,ria,Training
Training\ria\159.jpg,ria,Training
Training\ria\16.jpg,ria,Training
Training\ria\160.jpg,ria,Training
Training\ria\161.jpg,ria,Training
Training\ria\162.jpg,ria,Training
Training\ria\163.jpg,ria,Training
Training\ria\164.jpg,ria,Training
Training\ria\165.jpg,ria,Training
Training\ria\166.jpg,ria,Training
Training\ria\167.jpg,ria,Training
Training\ria\168.jpg,ria,Training
Training\ria\169.jpg,ria,Training
Training\ria\17.jpg,ria,Training
Training\ria\170.jpg,ria,Training
Training\ria\171.jpg,ria,Training
Training\ria\172.jpg,ria,Training
Training\ria\173.jpg,ria,Training
Training\ria\174.jpg,ria,Training
Training\ria\175.jpg,ria,Training
Training\ria\176.jpg,ria,Training
Training\ria\177.jpg,ria,Training
Training\ria\178.jpg,ria,Training
Training\ria\179.jpg,ria,Training
Training\ria\18.jpg,ria,Training
Training\ria\180.jpg,ria,Training
Training\ria\181.jpg,ria,Training
Training\ria\182.jpg,ria,Training
Training\ria\183.jpg,ria,Training
Training\ria\184.jpg,ria,Training
Training\ria\185.jpg,ria,Training
Training\ria\186.jpg,ria,Training
Training\ria\187.jpg,ria,Training
Training\ria\188.jpg,ria,Training
Training\ria\189.jpg,ria,Training
Training\ria\19.jpg,ria,Training
Training\ria\190.jpg,ria,Training
Training\ria\191.jpg,ria,Training
Training\ria\192.jpg,ria,Training
Training\ria\193.jpg,ria,Training
Training\ria\194.jpg,ria,Training
Training\ria\195.jpg,ria,Training
Training\ria\196.jpg,ria,Training
Training\ria\197.jpg,ria,Training
Training\ria\198.jpg,ria,Training
Training\ria\199.jpg,ria,Training
Training\ria\2.jpg,ria,Training
Training\ria\20.jpg,ria,Training
Training\ria\200.jpg,ria,Training
Training\ria\201.jpg,ria,Training
Training\ria\202.jpg,ria,Training
Training\ria\203.jpg,ria,Training
Training\ria\204.jpg,ria,Training
Training\ria\205.jpg,ria,Training
Training\ria\206.jpg,ria,Training
Training\ria\207.jpg,ria,Training
Training\ria\208.jpg,ria,Training
Training\ria\209.jpg,ria,Training
Training\ria\21.jpg,ria,Training
Training\ria\210.jpg,ria,Training
Training\ria\211.jpg,ria,Training
Training\ria\212.jpg,ria,Training
Training\ria\213.jpg,ria,Training
Training\ria\214.jpg,ria,Training
Training\ria\215.jpg,ria,Training
Training\ria\216.jpg,ria,Training
Training\ria\217.jpg,ria,Training
Training\ria\218.jpg,ria,Training
Training\ria\219.jpg,ria,Training
Training\ria\22.jpg,ria,Training
Training\ria\220.jpg,ria,Training
Training\ria\221.jpg,ria,Training
Training\ria\222.jpg,ria,Training
Training\ria\223.jpg,ria,Training
Training\ria\224.jpg,ria,Training
Training\ria\225.jpg,ria,Training
Training\ria\226.jpg,ria,Training
Training\ria\227.jpg,ria,Training
Training\ria\228.jpg,ria,Training
Training\ria\229.jpg,ria,Training
Training\ria\23.jpg,ria,Training
Training\ria\230.jpg,ria,Training
Training\ria\231.jpg,ria,Training
Training\ria\232.jpg,ria,Training
Training\ria\233.jpg,ria,Training
Training\ria\234.jpg,ria,Training
Training\ria\235.jpg,ria,Training
Training\ria\236.jpg,ria,Training
Training\ria\237.jpg,ria,Training
Training\ria\238.jpg,ria,Training
Training\ria\239.jpg,ria,Training
Training\ria\24.jpg,ria,Training
Training\ria\240.jpg,ria,Training
Training\ria\241.jpg,ria,Training
Training\ria\242.jpg,ria,Training
Training\ria\243.jpg,ria,Training
Training\ria\244.jpg,ria,Training
Training\ria\245.jpg,ria,Training
Training\ria\246.jpg,ria,Training
Training\ria\247.jpg,ria,Training
Training\ria\248.jpg,ria,Training
Training\ria\249.jpg,ria,Training
Training\ria\25.jpg,ria,Training
Training\ria\250.jpg,ria,Training
Training\ria\251.jpg,ria,Training
Training\ria\252.jpg,ria,Training
Training\ria\253.jpg,ria,Training
Training\ria\254.jpg,ria,Training
Training\ria\255.jpg,ria,Training
Training\ria\256.jpg,ria,Training
Training\ria\257.jpg,ria,Training
Training\ria\258.jpg,ria,Training
Training\ria\259.jpg,ria,Training
Training\ria\26.jpg,ria,Training
Training\ria\260.jpg,ria,Training
Training\ria\261.jpg,ria,Training
Training\ria\262.jpg,ria,Training
Training\ria\263.jpg,ria,Training
Training\ria\264.jpg,ria,Training
Training\ria\265.jpg,ria,Training
Training\ria\266.jpg,ria,Training
Training\ria\267.jpg,ria,Training
Training\ria\268.jpg,ria,Training
Training\ria\269.jpg,ria,Training
Training\ria\27.jpg,ria,Training
Training\ria\270.jpg,ria,Training
Training\ria\271.jpg,ria,Training
Training\ria\272.jpg,ria,Training
Training\ria\273.jpg,ria,Training
Training\ria\274.jpg,ria,Training
Training\ria\275.jpg,ria,Training
Training\ria\276.jpg,ria,Training
Training\ria\277.jpg,ria,Training
Training\ria\278.jpg,ria,Training
Training\ria\279.jpg,ria,Training
Training\ria\28.jpg,ria,Training
Training\ria\280.jpg,ria,Training
Training\ria\281.jpg,ria,Training
Training\ria\282.jpg,ria,Training
Training\ria\283.jpg,ria,Training
Training\ria\284.jpg,ria,Training
Training\ria\285.jpg,ria,Training
Training\ria\286.jpg,ria,Training
Training\ria\287.jpg,ria,Training
Training\ria\288.jpg,ria,Training
Training\ria\289.jpg,ria,Training
Training\ria\29.jpg,ria,Training
Training\ria\290.jpg,ria,Training
Training\ria\291.jpg,ria,Training
Training\ria\292.jpg,ria,Training
Training\ria\293.jpg,ria,Training
Training\ria\294.jpg,ria,Training
Training\ria\295.jpg,ria,Training
Training\ria\296.jpg,ria,Training
Training\ria\297.jpg,ria,Training
Training\ria\298.jpg,ria,Training
Training\ria\299.jpg,ria,Training
Training\ria\3.jpg,ria,Training
Training\ria\30.jpg,ria,Training
Training\ria\300.jpg,ria,Training
Training\ria\301.jpg,ria,Training
Training\ria\302.jpg,ria,Training
Training\ria\303.jpg,ria,Training
Training\ria\304.jpg,ria,Training
Training\ria\305.jpg,ria,Training
Training\ria\306.jpg,ria,Training
Training\ria\307.jpg,ria,Training
Training\ria\308.jpg,ria,Training
Training\ria\309.jpg,ria,Training
Training\ria\31.jpg,ria,Training
Training\ria\310.jpg,ria,Training
Training\ria\311.jpg,ria,Training
Training\ria\312.jpg,ria,Training
Training\ria\313.jpg,ria,Training
Training\ria\314.jpg,ria,Training
Training\ria\315.jpg,ria,Training
Training\ria\316.jpg,ria,Training
Training\ria\317.jpg,ria,Training
Training\ria\318.jpg,ria,Training
Training\ria\319.jpg,ria,Training
Training\ria\32.jpg,ria,Training
Training\ria\320.jpg,ria,Training
Training\ria\321.jpg,ria,Training
Training\ria\322.jpg,ria,Training
Training\ria\323.jpg,ria,Training
Training\ria\324.jpg,ria,Training
Training\ria\325.jpg,ria,Training
Training\ria\326.jpg,ria,Training
Training\ria\327.jpg,ria,Training
Training\ria\328.jpg,ria,Training
Training\ria\329.jpg,ria,Training
Training\ria\33.jpg,ria,Training
Training\ria\330.jpg,ria,Training
Training\ria\331.jpg,ria,Training
Training\ria\332.jpg,ria,Training
Training\ria\333.jpg,ria,Training
Training\ria\334.jpg,ria,Training
Training\ria\335.jpg,ria,Training
Training\ria\336.jpg,ria,Training
Training\ria\337.jpg,ria,Training
Training\ria\338.jpg,ria,Training
Training\ria\339.jpg,ria,Training
Training\ria\34.jpg,ria,Training
Training\ria\340.jpg,ria,Training
Training\ria\341.jpg,ria,Training
Training\ria\342.jpg,ria,Training
Training\ria\343.jpg,ria,Training
Training\ria\344.jpg,ria,Training
Training\ria\345.jpg,ria,Training
Training\ria\346.jpg,ria,Training
Training\ria\347.jpg,ria,Training
Training\ria\348.jpg,ria,Training
Training\ria\349.jpg,ria,Training
Training\ria\35.jpg,ria,Training
Training\ria\350.jpg,ria,Training
Training\ria\351.jpg,ria,Training
Training\ria\352.jpg,ria,Training
Training\ria\353.jpg,ria,Training
Training\ria\354.jpg,ria,Training
Training\ria\355.jpg,ria,Training
Training\ria\356.jpg,ria,Training
Training\ria\357.jpg,ria,Training
Training\ria\358.jpg,ria,Training
Training\ria\359.jpg,ria,Training
Training\ria\36.jpg,ria,Training
Training\ria\360.jpg,ria,Training
Training\ria\361.jpg,ria,Training
Training\ria\362.jpg,ria,Training
Training\ria\363.jpg,ria,Training
Training\ria\364.jpg,ria,Training
Training\ria\365.jpg,ria,Training
Training\ria\366.jpg,ria,Training
Training\ria\367.jpg,ria,Training
Training\ria\368.jpg,ria,Training
Training\ria\369.jpg,ria,Training
Training\ria\37.jpg,ria,Training
Training\ria\370.jpg,ria,Training
Training\ria\371.jpg,ria,Training
Training\ria\372.jpg,ria,Training
Training\ria\373.jpg,ria,Training
Training\ria\374.jpg,ria,Training
Training\ria\375.jpg,ria,Training
Training\ria\376.jpg,ria,Training
Training\ria\377.jpg,ria,Training
Training\ria\378.jpg,ria,Training
Training\ria\379.jpg,ria,Training
Training\ria\38.jpg,ria,Training
Training\ria\380.jpg,ria,Training
Training\ria\381.jpg,ria,Training
Training\ria\382.jpg,ria,Training
Training\ria\383.jpg,ria,Training
Training\ria\384.jpg,ria,Training
Training\ria\385.jpg,ria,Training
Training\ria\386.jpg,ria,Training
Training\ria\387.jpg,ria,Training
Training\ria\388.jpg,ria,Training
Training\ria\389.jpg,ria,Training
Training\ria\39.jpg,ria,Training
Training\ria\390.jpg,ria,Training
Training\ria\391.jpg,ria,Training
Training\ria\392.jpg,ria,Training
Training\ria\393.jpg,ria,Training
Training\ria\394.jpg,ria,Training
Training\ria\395.jpg,ria,Training
Training\ria\396.jpg,ria,Training
Training\ria\397.jpg,ria,Training
Training\ria\398.jpg,ria,Training
Training\ria\399.jpg,ria,Training
Training\ria\4.jpg,ria,Training
Training\ria\40.jpg,ria,Training
Training\ria\400.jpg,ria,Training
Training\ria\401.jpg,ria,Training
Training\ria\402.jpg,ria,Training
Training\ria\403.jpg,ria,Training
Training\ria\404.jpg,ria,Training
Training\ria\405.jpg,ria,Training
Training\ria\406.jpg,ria,Training
Training\ria\407.jpg,ria,Training
Training\ria\408.jpg,ria,Training
Training\ria\409.jpg,ria,Training
Training\ria\41.jpg,ria,Training
Training\ria\410.jpg,ria,Training
Training\ria\411.jpg,ria,Training
Training\ria\412.jpg,ria,Training
Training\ria\413.jpg,ria,Training
Training\ria\414.jpg,ria,Training
Training\ria\415.jpg,ria,Training
Training\ria\416.jpg,ria,Training
Training\ria\417.jpg,ria,Training
Training\ria\418.jpg,ria,Training
Training\ria\419.jpg,ria,Training
Training\ria\42.jpg,ria,Training
Training\ria\420.jpg,ria,Training
Training\ria\43.jpg,ria,Training
Training\ria\44.jpg,ria,Training
Training\ria\45.jpg,ria,Training
Training\ria\46.jpg,ria,Training
Training\ria\47.jpg,ria,Training
Training\ria\48.jpg,ria,Training
Training\ria\49.jpg,ria,Training
Training\ria\5.jpg,ria,Training
Training\ria\50.jpg,ria,Training
Training\ria\51.jpg,ria,Training
Training\ria\52.jpg,ria,Training
Training\ria\53.jpg,ria,Training
Training\ria\54.jpg,ria,Training
Training\ria\55.jpg,ria,Training
Training\ria\56.jpg,ria,Training
Training\ria\57.jpg,ria,Training
Training\ria\58.jpg,ria,Training
Training\ria\59.jpg,ria,Training
Training\ria\6.jpg,ria,Training
Training\ria\60.jpg,ria,Training
Training\ria\61.jpg,ria,Training
Training\ria\62.jpg,ria,Training
Training\ria\63.jpg,ria,Training
Training\ria\64.jpg,ria,Training
Training\ria\65.jpg,ria,Training
Training\ria\66.jpg,ria,Training
Training\ria\67.jpg,ria,Training
Training\ria\68.jpg,ria,Training
Training\ria\69.jpg,ria,Training
Training\ria\7.jpg,ria,Training
Training\ria\70.jpg,ria,Training
Training\ria\71.jpg,ria,Training
Training\ria\72.jpg,ria,Training
Training\ria\73.jpg,ria,Training
Training\ria\74.jpg,ria,Training
Training\ria\75.jpg,ria,Training
Training\ria\76.jpg,ria,Training
Training\ria\77.jpg,ria,Training
Training\ria\78.jpg,ria,Training
Training\ria\79.jpg,ria,Training
Training\ria\8.jpg,ria,Training
Training\ria\80.jpg,ria,Training
Training\ria\81.jpg,ria,Training
Training\ria\82.jpg,ria,Training
Training\ria\83.jpg,ria,Training
Training\ria\84.jpg,ria,Training
Training\ria\85.jpg,ria,Training
Training\ria\86.jpg,ria,Training
Training\ria\87.jpg,ria,Training
Training\ria\88.jpg,ria,Training
Training\ria\89.jpg,ria,Training
Training\ria\9.jpg,ria,Training
Training\ria\90.jpg,ria,Training
Training\ria\91.jpg,ria,Training
Training\ria\92.jpg,ria,Training
Training\ria\93.jpg,ria,Training
Training\ria\94.jpg,ria,Training
Training\ria\95.jpg,ria,Training
Training\ria\96.jpg,ria,Training
Training\ria\97.jpg,ria,Training
Training\ria\98.jpg,ria,Training
Training\ria\99.jpg,ria,Training
Training\sa\1.jpg,sa,Training
Training\sa\10.jpg,sa,Training
Training\sa\100.jpg,sa,Training
Training\sa\101.jpg,sa,Training
Training\sa\102.jpg,sa,Training
Training\sa\103.jpg,sa,Training
Training\sa\104.jpg,sa,Training
Training\sa\105.jpg,sa,Training
Training\sa\106.jpg,sa,Training
Training\sa\107.jpg,sa,Training
Training\sa\108.jpg,sa,Training
Training\sa\109.jpg,sa,Training
Training\sa\11.jpg,sa,Training
Training\sa\110.jpg,sa,Training
Training\sa\111.jpg,sa,Training
Training\sa\112.jpg,sa,Training
Training\sa\113.jpg,sa,Training
Training\sa\114.jpg,sa,Training
Training\sa\115.jpg,sa,Training
Training\sa\116.jpg,sa,Training
Training\sa\117.jpg,sa,Training
Training\sa\118.jpg,sa,Training
Training\sa\119.jpg,sa,Training
Training\sa\12.jpg,sa,Training
Training\sa\120.jpg,sa,Training
Training\sa\121.jpg,sa,Training
Training\sa\122.jpg,sa,Training
Training\sa\123.jpg,sa,Training
Training\sa\124.jpg,sa,Training
Training\sa\125.jpg,sa,Training
Training\sa\126.jpg,sa,Training
Training\sa\127.jpg,sa,Training
Training\sa\128.jpg,sa,Training
Training\sa\129.jpg,sa,Training
Training\sa\13.jpg,sa,Training
Training\sa\130.jpg,sa,Training
Training\sa\131.jpg,sa,Training
Training\sa\132.jpg,sa,Training
Training\sa\133.jpg,sa,Training
Training\sa\134.jpg,sa,Training
Training\sa\135.jpg,sa,Training
Training\sa\136.jpg,sa,Training
Training\sa\137.jpg,sa,Training
Training\sa\138.jpg,sa,Training
Training\sa\139.jpg,sa,Training
Training\sa\14.jpg,sa,Training
Training\sa\140.jpg,sa,Training
Training\sa\141.jpg,sa,Training
Training\sa\142.jpg,sa,Training
Training\sa\143.jpg,sa,Training
Training\sa\144.jpg,sa,Training
Training\sa\145.jpg,sa,Training
Training\sa\146.jpg,sa,Training
Training\sa\147.jpg,sa,Training
Training\sa\148.jpg,sa,Training
Training\sa\149.jpg,sa,Training
Training\sa\15.jpg,sa,Training
Training\sa\150.jpg,sa,Training
Training\sa\151.jpg,sa,Training
Training\sa\152.jpg,sa,Training
Training\sa\153.jpg,sa,Training
Training\sa\154.jpg,sa,Training
Training\sa\155.jpg,sa,Training
Training\sa\156.jpg,sa,Training
Training\sa\157.jpg,sa,Training
Training\sa\158.jpg,sa,Training
Training\sa\159.jpg,sa,Training
Training\sa\16.jpg,sa,Training
Training\sa\160.jpg,sa,Training
Training\sa\161.jpg,sa,Training
Training\sa\162.jpg,sa,Training
Training\sa\163.jpg,sa,Training
Training\sa\164.jpg,sa,Training
Training\sa\165.jpg,sa,Training
Training\sa\166.jpg,sa,Training
Training\sa\167.jpg,sa,Training
Training\sa\168.jpg,sa,Training
Training\sa\169.jpg,sa,Training
Training\sa\17.jpg,sa,Training
Training\sa\170.jpg,sa,Training
Training\sa\171.jpg,sa,Training
Training\sa\172.jpg,sa,Training
Training\sa\173.jpg,sa,Training
Training\sa\174.jpg,sa,Training
Training\sa\175.jpg,sa,Training
Training\sa\176.jpg,sa,Training
Training\sa\177.jpg,sa,Training
Training\sa\178.jpg,sa,Training
Training\sa\179.jpg,sa,Training
Training\sa\18.jpg,sa,Training
Training\sa\180.jpg,sa,Training
Training\sa\181.jpg,sa,Training
Training\sa\182.jpg,sa,Training
Training\sa\183.jpg,sa,Training
Training\sa\184.jpg,sa,Training
Training\sa\185.jpg,sa,Training
Training\sa\186.jpg,sa,Training
Training\sa\187.jpg,sa,Training
Training\sa\188.jpg,sa,Training
Training\sa\189.jpg,sa,Training
Training\sa\19.jpg,sa,Training
Training\sa\190.jpg,sa,Training
Training\sa\191.jpg,sa,Training
Training\sa\192.jpg,sa,Training
Training\sa\193.jpg,sa,Training
Training\sa\194.jpg,sa,Training
Training\sa\195.jpg,sa,Training
Training\sa\196.jpg,sa,Training
Training\sa\197.jpg,sa,Training
Training\sa\198.jpg,sa,Training
Training\sa\199.jpg,sa,Training
Training\sa\2.jpg,sa,Training
Training\sa\20.jpg,sa,Training
Training\sa\200.jpg,sa,Training
Training\sa\201.jpg,sa,Training
Training\sa\202.jpg,sa,Training
Training\sa\203.jpg,sa,Training
Training\sa\204.jpg,sa,Training
Training\sa\205.jpg,sa,Training
Training\sa\206.jpg,sa,Training
Training\sa\207.jpg,sa,Training
Training\sa\208.jpg,sa,Training
Training\sa\209.jpg,sa,Training
Training\sa\21.jpg,sa,Training
Training\sa\210.jpg,sa,Training
Training\sa\211.jpg,sa,Training
Training\sa\212.jpg,sa,Training
Training\sa\213.jpg,sa,Training
Training\sa\214.jpg,sa,Training
Training\sa\215.jpg,sa,Training
Training\sa\216.jpg,sa,Training
Training\sa\217.jpg,sa,Training
Training\sa\218.jpg,sa,Training
Training\sa\219.jpg,sa,Training
Training\sa\22.jpg,sa,Training
Training\sa\220.jpg,sa,Training
Training\sa\221.jpg,sa,Training
Training\sa\222.jpg,sa,Training
Training\sa\223.jpg,sa,Training
Training\sa\224.jpg,sa,Training
Training\sa\225.jpg,sa,Training
Training\sa\226.jpg,sa,Training
Training\sa\227.jpg,sa,Training
Training\sa\228.jpg,sa,Training
Training\sa\229.jpg,sa,Training
Training\sa\23.jpg,sa,Training
Training\sa\230.jpg,sa,Training
Training\sa\231.jpg,sa,Training
Training\sa\232.jpg,sa,Training
Training\sa\233.jpg,sa,Training
Training\sa\234.jpg,sa,Training
Training\sa\235.jpg,sa,Training
Training\sa\236.jpg,sa,Training
Training\sa\237.jpg,sa,Training
Training\sa\238.jpg,sa,Training
Training\sa\239.jpg,sa,Training
Training\sa\24.jpg,sa,Training
Training\sa\240.jpg,sa,Training
Training\sa\241.jpg,sa,Training
Training\sa\242.jpg,sa,Training
Training\sa\243.jpg,sa,Training
Training\sa\244.jpg,sa,Training
Training\sa\245.jpg,sa,Training
Training\sa\246.jpg,sa,Training
Training\sa\247.jpg,sa,Training
Training\sa\248.jpg,sa,Training
Training\sa\249.jpg,sa,Training
Training\sa\25.jpg,sa,Training
Training\sa\250.jpg,sa,Training
Training\sa\251.jpg,sa,Training
Training\sa\252.jpg,sa,Training
Training\sa\253.jpg,sa,Training
Training\sa\254.jpg,sa,Training
Training\sa\255.jpg,sa,Training
Training\sa\256.jpg,sa,Training
Training\sa\257.jpg,sa,Training
Training\sa\258.jpg,sa,Training
Training\sa\259.jpg,sa,Training
Training\sa\26.jpg,sa,Training
Training\sa\260.jpg,sa,Training
Training\sa\261.jpg,sa,Training
Training\sa\262.jpg,sa,Training
Training\sa\263.jpg,sa,Training
Training\sa\264.jpg,sa,Training
Training\sa\265.jpg,sa,Training
Training\sa\266.jpg,sa,Training
Training\sa\267.jpg,sa,Training
Training\sa\268.jpg,sa,Training
Training\sa\269.jpg,sa,Training
Training\sa\27.jpg,sa,Training
Training\sa\270.jpg,sa,Training
Training\sa\271.jpg,sa,Training
Training\sa\272.jpg,sa,Training
Training\sa\273.jpg,sa,Training
Training\sa\274.jpg,sa,Training
Training\sa\275.jpg,sa,Training
Training\sa\276.jpg,sa,Training
Training\sa\277.jpg,sa,Training
Training\sa\278.jpg,sa,Training
Training\sa\279.jpg,sa,Training
Training\sa\28.jpg,sa,Training
Training\sa\280.jpg,sa,Training
Training\sa\281.jpg,sa,Training
Training\sa\282.jpg,sa,Training
Training\sa\283.jpg,sa,Training
Training\sa\284.jpg,sa,Training
Training\sa\285.jpg,sa,Training
Training\sa\286.jpg,sa,Training
Training\sa\287.jpg,sa,Training
Training\sa\288.jpg,sa,Training
Training\sa\289.jpg,sa,Training
Training\sa\29.jpg,sa,Training
Training\sa\290.jpg,sa,Training
Training\sa\291.jpg,sa,Training
Training\sa\292.jpg,sa,Training
Training\sa\293.jpg,sa,Training
Training\sa\294.jpg,sa,Training
Training\sa\295.jpg,sa,Training
Training\sa\296.jpg,sa,Training
Training\sa\297.jpg,sa,Training
Training\sa\298.jpg,sa,Training
Training\sa\299.jpg,sa,Training
Training\sa\3.jpg,sa,Training
Training\sa\30.jpg,sa,Training
Training\sa\300.jpg,sa,Training
Training\sa\301.jpg,sa,Training
Training\sa\302.jpg,sa,Training
Training\sa\303.jpg,sa,Training
Training\sa\304.jpg,sa,Training
Training\sa\305.jpg,sa,Training
Training\sa\306.jpg,sa,Training
Training\sa\307.jpg,sa,Training
Training\sa\308.jpg,sa,Training
Training\sa\309.jpg,sa,Training
Training\sa\31.jpg,sa,Training
Training\sa\310.jpg,sa,Training
Training\sa\311.jpg,sa,Training
Training\sa\312.jpg,sa,Training
Training\sa\313.jpg,sa,Training
Training\sa\314.jpg,sa,Training
Training\sa\315.jpg,sa,Training
Training\sa\316.jpg,sa,Training
Training\sa\317.jpg,sa,Training
Training\sa\318.jpg,sa,Training
Training\sa\319.jpg,sa,Training
Training\sa\32.jpg,sa,Training
Training\sa\320.jpg,sa,Training
Training\sa\321.jpg,sa,Training
Training\sa\322.jpg,sa,Training
Training\sa\323.jpg,sa,Training
Training\sa\324.jpg,sa,Training
Training\sa\325.jpg,sa,Training
Training\sa\326.jpg,sa,Training
Training\sa\327.jpg,sa,Training
Training\sa\328.jpg,sa,Training
Training\sa\329.jpg,sa,Training
Training\sa\33.jpg,sa,Training
Training\sa\330.jpg,sa,Training
Training\sa\331.jpg,sa,Training
Training\sa\332.jpg,sa,Training
Training\sa\333.jpg,sa,Training
Training\sa\334.jpg,sa,Training
Training\sa\335.jpg,sa,Training
Training\sa\336.jpg,sa,Training
Training\sa\337.jpg,sa,Training
Training\sa\338.jpg,sa,Training
Training\sa\339.jpg,sa,Training
Training\sa\34.jpg,sa,Training
Training\sa\340.jpg,sa,Training
Training\sa\341.jpg,sa,Training
Training\sa\342.jpg,sa,Training
Training\sa\343.jpg,sa,Training
Training\sa\344.jpg,sa,Training
Training\sa\345.jpg,sa,Training
Training\sa\346.jpg,sa,Training
Training\sa\347.jpg,sa,Training
Training\sa\348.jpg,sa,Training
Training\sa\349.jpg,sa,Training
Training\sa\35.jpg,sa,Training
Training\sa\350.jpg,sa,Training
Training\sa\351.jpg,sa,Training
Training\sa\352.jpg,sa,Training
Training\sa\353.jpg,sa,Training
Training\sa\354.jpg,sa,Training
Training\sa\355.jpg,sa,Training
Training\sa\356.jpg,sa,Training
Training\sa\357.jpg,sa,Training
Training\sa\358.jpg,sa,Training
Training\sa\359.jpg,sa,Training
Training\sa\36.jpg,sa,Training
Training\sa\360.jpg,sa,Training
Training\sa\361.jpg,sa,Training
Training\sa\362.jpg,sa,Training
Training\sa\363.jpg,sa,Training
Training\sa\364.jpg,sa,Training
Training\sa\365.jpg,sa,Training
Training\sa\366.jpg,sa,Training
Training\sa\367.jpg,sa,Training
Training\sa\368.jpg,sa,Training
Training\sa\369.jpg,sa,Training
Training\sa\37.jpg,sa,Training
Training\sa\370.jpg,sa,Training
Training\sa\371.jpg,sa,Training
Training\sa\372.jpg,sa,Training
Training\sa\373.jpg,sa,Training
Training\sa\374.jpg,sa,Training
Training\sa\375.jpg,sa,Training
Training\sa\376.jpg,sa,Training
Training\sa\377.jpg,sa,Training
Training\sa\378.jpg,sa,Training
Training\sa\379.jpg,sa,Training
Training\sa\38.jpg,sa,Training
Training\sa\380.jpg,sa,Training
Training\sa\381.jpg,sa,Training
Training\sa\382.jpg,sa,Training
Training\sa\383.jpg,sa,Training
Training\sa\384.jpg,sa,Training
Training\sa\385.jpg,sa,Training
Training\sa\386.jpg,sa,Training
Training\sa\387.jpg,sa,Training
Training\sa\388.jpg,sa,Training
Training\sa\389.jpg,sa,Training
Training\sa\39.jpg,sa,Training
Training\sa\390.jpg,sa,Training
Training\sa\391.jpg,sa,Training
Training\sa\392.jpg,sa,Training
Training\sa\393.jpg,sa,Training
Training\sa\394.jpg,sa,Training
Training\sa\395.jpg,sa,Training
Training\sa\396.jpg,sa,Training
Training\sa\397.jpg,sa,Training
Training\sa\398.jpg,sa,Training
Training\sa\399.jpg,sa,Training
Training\sa\4.jpg,sa,Training
Training\sa\40.jpg,sa,Training
Training\sa\400.jpg,sa,Training
Training\sa\401.jpg,sa,Training
Training\sa\402.jpg,sa,Training
Training\sa\403.jpg,sa,Training
Training\sa\404.jpg,sa,Training
Training\sa\405.jpg,sa,Training
Training\sa\406.jpg,sa,Training
Training\sa\407.jpg,sa,Training
Training\sa\408.jpg,sa,Training
Training\sa\409.jpg,sa,Training
Training\sa\41.jpg,sa,Training
Training\sa\410.jpg,sa,Training
Training\sa\411.jpg,sa,Training
Training\sa\412.jpg,sa,Training
Training\sa\413.jpg,sa,Training
Training\sa\414.jpg,sa,Training
Training\sa\415.jpg,sa,Training
Training\sa\416.jpg,sa,Training
Training\sa\417.jpg,sa,Training
Training\sa\418.jpg,sa,Training
Training\sa\419.jpg,sa,Training
Training\sa\42.jpg,sa,Training
Training\sa\420.jpg,sa,Training
Training\sa\43.jpg,sa,Training
Training\sa\44.jpg,sa,Training
Training\sa\45.jpg,sa,Training
Training\sa\46.jpg,sa,Training
Training\sa\47.jpg,sa,Training
Training\sa\48.jpg,sa,Training
Training\sa\49.jpg,sa,Training
Training\sa\5.jpg,sa,Training
Training\sa\50.jpg,sa,Training
Training\sa\51.jpg,sa,Training
Training\sa\52.jpg,sa,Training
Training\sa\53.jpg,sa,Training
Training\sa\54.jpg,sa,Training
Training\sa\55.jpg,sa,Training
Training\sa\56.jpg,sa,Training
Training\sa\57.jpg,sa,Training
Training\sa\58.jpg,sa,Training
Training\sa\59.jpg,sa,Training
Training\sa\6.jpg,sa,Training
Training\sa\60.jpg,sa,Training
Training\sa\61.jpg,sa,Training
Training\sa\62.jpg,sa,Training
Training\sa\63.jpg,sa,Training
Training\sa\64.jpg,sa,Training
Training\sa\65.jpg,sa,Training
Training\sa\66.jpg,sa,Training
Training\sa\67.jpg,sa,Training
Training\sa\68.jpg,sa,Training
Training\sa\69.jpg,sa,Training
Training\sa\7.jpg,sa,Training
Training\sa\70.jpg,sa,Training
Training\sa\71.jpg,sa,Training
Training\sa\72.jpg,sa,Training
Training\sa\73.jpg,sa,Training
Training\sa\74.jpg,sa,Training
Training\sa\75.jpg,sa,Training
Training\sa\76.jpg,sa,Training
Training\sa\77.jpg,sa,Training
Training\sa\78.jpg,sa,Training
Training\sa\79.jpg,sa,Training
Training\sa\8.jpg,sa,Training
Training\sa\80.jpg,sa,Training
Training\sa\81.jpg,sa,Training
Training\sa\82.jpg,sa,Training
Training\sa\83.jpg,sa,Training
Training\sa\84.jpg,sa,Training
Training\sa\85.jpg,sa,Training
Training\sa\86.jpg,sa,Training
Training\sa\87.jpg,sa,Training
Training\sa\88.jpg,sa,Training
Training\sa\89.jpg,sa,Training
Training\sa\9.jpg,sa,Training
Training\sa\90.jpg,sa,Training
Training\sa\91.jpg,sa,Training
Training\sa\92.jpg,sa,Training
Training\sa\93.jpg,sa,Training
Training\sa\94.jpg,sa,Training
Training\sa\95.jpg,sa,Training
Training\sa\96.jpg,sa,Training
Training\sa\97.jpg,sa,Training
Training\sa\98.jpg,sa,Training
Training\sa\99.jpg,sa,Training
Training\sha\1.jpg,sha,Training
Training\sha\10.jpg,sha,Training
Training\sha\100.jpg,sha,Training
Training\sha\101.jpg,sha,Training
Training\sha\102.jpg,sha,Training
Training\sha\103.jpg,sha,Training
Training\sha\104.jpg,sha,Training
Training\sha\105.jpg,sha,Training
Training\sha\106.jpg,sha,Training
Training\sha\107.jpg,sha,Training
Training\sha\108.jpg,sha,Training
Training\sha\109.jpg,sha,Training
Training\sha\11.jpg,sha,Training
Training\sha\110.jpg,sha,Training
Training\sha\111.jpg,sha,Training
Training\sha\112.jpg,sha,Training
Training\sha\113.jpg,sha,Training
Training\sha\114.jpg,sha,Training
Training\sha\115.jpg,sha,Training
Training\sha\116.jpg,sha,Training
Training\sha\117.jpg,sha,Training
Training\sha\118.jpg,sha,Training
Training\sha\119.jpg,sha,Training
Training\sha\12.jpg,sha,Training
Training\sha\120.jpg,sha,Training
Training\sha\121.jpg,sha,Training
Training\sha\122.jpg,sha,Training
Training\sha\123.jpg,sha,Training
Training\sha\124.jpg,sha,Training
Training\sha\125.jpg,sha,Training
Training\sha\126.jpg,sha,Training
Training\sha\127.jpg,sha,Training
Training\sha\128.jpg,sha,Training
Training\sha\129.jpg,sha,Training
Training\sha\13.jpg,sha,Training
Training\sha\130.jpg,sha,Training
Training\sha\131.jpg,sha,Training
Training\sha\132.jpg,sha,Training
Training\sha\133.jpg,sha,Training
Training\sha\134.jpg,sha,Training
Training\sha\135.jpg,sha,Training
Training\sha\136.jpg,sha,Training
Training\sha\137.jpg,sha,Training
Training\sha\138.jpg,sha,Training
Training\sha\139.jpg,sha,Training
Training\sha\14.jpg,sha,Training
Training\sha\140.jpg,sha,Training
Training\sha\141.jpg,sha,Training
Training\sha\142.jpg,sha,Training
Training\sha\143.jpg,sha,Training
Training\sha\144.jpg,sha,Training
Training\sha\145.jpg,sha,Training
Training\sha\146.jpg,sha,Training
Training\sha\147.jpg,sha,Training
Training\sha\148.jpg,sha,Training
Training\sha\149.jpg,sha,Training
Training\sha\15.jpg,sha,Training
Training\sha\150.jpg,sha,Training
Training\sha\151.jpg,sha,Training
Training\sha\152.jpg,sha,Training
Training\sha\153.jpg,sha,Training
Training\sha\154.jpg,sha,Training
Training\sha\155.jpg,sha,Training
Training\sha\156.jpg,sha,Training
Training\sha\157.jpg,sha,Training
Training\sha\158.jpg,sha,Training
Training\sha\159.jpg,sha,Training
Training\sha\16.jpg,sha,Training
Training\sha\160.jpg,sha,Training
Training\sha\161.jpg,sha,Training
Training\sha\162.jpg,sha,Training
Training\sha\163.jpg,sha,Training
Training\sha\164.jpg,sha,Training
Training\sha\165.jpg,sha,Training
Training\sha\166.jpg,sha,Training
Training\sha\167.jpg,sha,Training
Training\sha\168.jpg,sha,Training
Training\sha\169.jpg,sha,Training
Training\sha\17.jpg,sha,Training
Training\sha\170.jpg,sha,Training
Training\sha\171.jpg,sha,Training
Training\sha\172.jpg,sha,Training
Training\sha\173.jpg,sha,Training
Training\sha\174.jpg,sha,Training
Training\sha\175.jpg,sha,Training
Training\sha\176.jpg,sha,Training
Training\sha\177.jpg,sha,Training
Training\sha\178.jpg,sha,Training
Training\sha\179.jpg,sha,Training
Training\sha\18.jpg,sha,Training
Training\sha\180.jpg,sha,Training
Training\sha\181.jpg,sha,Training
Training\sha\182.jpg,sha,Training
Training\sha\183.jpg,sha,Training
Training\sha\184.jpg,sha,Training
Training\sha\185.jpg,sha,Training
Training\sha\186.jpg,sha,Training
Training\sha\187.jpg,sha,Training
Training\sha\188.jpg,sha,Training
Training\sha\189.jpg,sha,Training
Training\sha\19.jpg,sha,Training
Training\sha\190.jpg,sha,Training
Training\sha\191.jpg,sha,Training
Training\sha\192.jpg,sha,Training
Training\sha\193.jpg,sha,Training
Training\sha\194.jpg,sha,Training
Training\sha\195.jpg,sha,Training
Training\sha\196.jpg,sha,Training
Training\sha\197.jpg,sha,Training
Training\sha\198.jpg,sha,Training
Training\sha\199.jpg,sha,Training
Training\sha\2.jpg,sha,Training
Training\sha\20.jpg,sha,Training
Training\sha\200.jpg,sha,Training
Training\sha\201.jpg,sha,Training
Training\sha\202.jpg,sha,Training
Training\sha\203.jpg,sha,Training
Training\sha\204.jpg,sha,Training
Training\sha\205.jpg,sha,Training
Training\sha\206.jpg,sha,Training
Training\sha\207.jpg,sha,Training
Training\sha\208.jpg,sha,Training
Training\sha\209.jpg,sha,Training
Training\sha\21.jpg,sha,Training
Training\sha\210.jpg,sha,Training
Training\sha\211.jpg,sha,Training
Training\sha\212.jpg,sha,Training
Training\sha\213.jpg,sha,Training
Training\sha\214.jpg,sha,Training
Training\sha\215.jpg,sha,Training
Training\sha\216.jpg,sha,Training
Training\sha\217.jpg,sha,Training
Training\sha\218.jpg,sha,Training
Training\sha\219.jpg,sha,Training
Training\sha\22.jpg,sha,Training
Training\sha\220.jpg,sha,Training
Training\sha\221.jpg,sha,Training
Training\sha\222.jpg,sha,Training
Training\sha\223.jpg,sha,Training
Training\sha\224.jpg,sha,Training
Training\sha\225.jpg,sha,Training
Training\sha\226.jpg,sha,Training
Training\sha\227.jpg,sha,Training
Training\sha\228.jpg,sha,Training
Training\sha\229.jpg,sha,Training
Training\sha\23.jpg,sha,Training
Training\sha\230.jpg,sha,Training
Training\sha\231.jpg,sha,Training
Training\sha\232.jpg,sha,Training
Training\sha\233.jpg,sha,Training
Training\sha\234.jpg,sha,Training
Training\sha\235.jpg,sha,Training
Training\sha\236.jpg,sha,Training
Training\sha\237.jpg,sha,Training
Training\sha\238.jpg,sha,Training
Training\sha\239.jpg,sha,Training
Training\sha\24.jpg,sha,Training
Training\sha\240.jpg,sha,Training
Training\sha\241.jpg,sha,Training
Training\sha\242.jpg,sha,Training
Training\sha\243.jpg,sha,Training
Training\sha\244.jpg,sha,Training
Training\sha\245.jpg,sha,Training
Training\sha\246.jpg,sha,Training
Training\sha\247.jpg,sha,Training
Training\sha\248.jpg,sha,Training
Training\sha\249.jpg,sha,Training
Training\sha\25.jpg,sha,Training
Training\sha\250.jpg,sha,Training
Training\sha\251.jpg,sha,Training
Training\sha\252.jpg,sha,Training
Training\sha\253.jpg,sha,Training
Training\sha\254.jpg,sha,Training
Training\sha\255.jpg,sha,Training
Training\sha\256.jpg,sha,Training
Training\sha\257.jpg,sha,Training
Training\sha\258.jpg,sha,Training
Training\sha\259.jpg,sha,Training
Training\sha\26.jpg,sha,Training
Training\sha\260.jpg,sha,Training
Training\sha\261.jpg,sha,Training
Training\sha\262.jpg,sha,Training
Training\sha\263.jpg,sha,Training
Training\sha\264.jpg,sha,Training
Training\sha\265.jpg,sha,Training
Training\sha\266.jpg,sha,Training
Training\sha\267.jpg,sha,Training
Training\sha\268.jpg,sha,Training
Training\sha\269.jpg,sha,Training
Training\sha\27.jpg,sha,Training
Training\sha\270.jpg,sha,Training
Training\sha\271.jpg,sha,Training
Training\sha\272.jpg,sha,Training
Training\sha\273.jpg,sha,Training
Training\sha\274.jpg,sha,Training
Training\sha\275.jpg,sha,Training
Training\sha\276.jpg,sha,Training
Training\sha\277.jpg,sha,Training
Training\sha\278.jpg,sha,Training
Training\sha\279.jpg,sha,Training
Training\sha\28.jpg,sha,Training
Training\sha\280.jpg,sha,Training
Training\sha\281.jpg,sha,Training
Training\sha\282.jpg,sha,Training
Training\sha\283.jpg,sha,Training
Training\sha\284.jpg,sha,Training
Training\sha\285.jpg,sha,Training
Training\sha\286.jpg,sha,Training
Training\sha\287.jpg,sha,Training
Training\sha\288.jpg,sha,Training
Training\sha\289.jpg,sha,Training
Training\sha\29.jpg,sha,Training
Training\sha\290.jpg,sha,Training
Training\sha\291.jpg,sha,Training
Training\sha\292.jpg,sha,Training
Training\sha\293.jpg,sha,Training
Training\sha\294.jpg,sha,Training
Training\sha\295.jpg,sha,Training
Training\sha\296.jpg,sha,Training
Training\sha\297.jpg,sha,Training
Training\sha\298.jpg,sha,Training
Training\sha\299.jpg,sha,Training
Training\sha\3.jpg,sha,Training
Training\sha\30.jpg,sha,Training
Training\sha\300.jpg,sha,Training
Training\sha\301.jpg,sha,Training
Training\sha\302.jpg,sha,Training
Training\sha\303.jpg,sha,Training
Training\sha\304.jpg,sha,Training
Training\sha\305.jpg,sha,Training
Training\sha\306.jpg,sha,Training
Training\sha\307.jpg,sha,Training
Training\sha\308.jpg,sha,Training
Training\sha\309.jpg,sha,Training
Training\sha\31.jpg,sha,Training
Training\sha\310.jpg,sha,Training
Training\sha\311.jpg,sha,Training
Training\sha\312.jpg,sha,Training
Training\sha\313.jpg,sha,Training
Training\sha\314.jpg,sha,Training
Training\sha\315.jpg,sha,Training
Training\sha\316.jpg,sha,Training
Training\sha\317.jpg,sha,Training
Training\sha\318.jpg,sha,Training
Training\sha\319.jpg,sha,Training
Training\sha\32.jpg,sha,Training
Training\sha\320.jpg,sha,Training
Training\sha\321.jpg,sha,Training
Training\sha\322.jpg,sha,Training
Training\sha\323.jpg,sha,Training
Training\sha\324.jpg,sha,Training
Training\sha\325.jpg,sha,Training
Training\sha\326.jpg,sha,Training
Training\sha\327.jpg,sha,Training
Training\sha\328.jpg,sha,Training
Training\sha\329.jpg,sha,Training
Training\sha\33.jpg,sha,Training
Training\sha\330.jpg,sha,Training
Training\sha\331.jpg,sha,Training
Training\sha\332.jpg,sha,Training
Training\sha\333.jpg,sha,Training
Training\sha\334.jpg,sha,Training
Training\sha\335.jpg,sha,Training
Training\sha\336.jpg,sha,Training
Training\sha\337.jpg,sha,Training
Training\sha\338.jpg,sha,Training
Training\sha\339.jpg,sha,Training
Training\sha\34.jpg,sha,Training
Training\sha\340.jpg,sha,Training
Training\sha\341.jpg,sha,Training
Training\sha\342.jpg,sha,Training
Training\sha\343.jpg,sha,Training
Training\sha\344.jpg,sha,Training
Training\sha\345.jpg,sha,Training
Training\sha\346.jpg,sha,Training
Training\sha\347.jpg,sha,Training
Training\sha\348.jpg,sha,Training
Training\sha\349.jpg,sha,Training
Training\sha\35.jpg,sha,Training
Training\sha\350.jpg,sha,Training
Training\sha\351.jpg,sha,Training
Training\sha\352.jpg,sha,Training
Training\sha\353.jpg,sha,Training
Training\sha\354.jpg,sha,Training
Training\sha\355.jpg,sha,Training
Training\sha\356.jpg,sha,Training
Training\sha\357.jpg,sha,Training
Training\sha\358.jpg,sha,Training
Training\sha\359.jpg,sha,Training
Training\sha\36.jpg,sha,Training
Training\sha\360.jpg,sha,Training
Training\sha\361.jpg,sha,Training
Training\sha\362.jpg,sha,Training
Training\sha\363.jpg,sha,Training
Training\sha\364.jpg,sha,Training
Training\sha\365.jpg,sha,Training
Training\sha\366.jpg,sha,Training
Training\sha\367.jpg,sha,Training
Training\sha\368.jpg,sha,Training
Training\sha\369.jpg,sha,Training
Training\sha\37.jpg,sha,Training
Training\sha\370.jpg,sha,Training
Training\sha\371.jpg,sha,Training
Training\sha\372.jpg,sha,Training
Training\sha\373.jpg,sha,Training
Training\sha\374.jpg,sha,Training
Training\sha\375.jpg,sha,Training
Training\sha\376.jpg,sha,Training
Training\sha\377.jpg,sha,Training
Training\sha\378.jpg,sha,Training
Training\sha\379.jpg,sha,Training
Training\sha\38.jpg,sha,Training
Training\sha\380.jpg,sha,Training
Training\sha\381.jpg,sha,Training
Training\sha\382.jpg,sha,Training
Training\sha\383.jpg,sha,Training
Training\sha\384.jpg,sha,Training
Training\sha\385.jpg,sha,Training
Training\sha\386.jpg,sha,Training
Training\sha\387.jpg,sha,Training
Training\sha\388.jpg,sha,Training
Training\sha\389.jpg,sha,Training
Training\sha\39.jpg,sha,Training
Training\sha\390.jpg,sha,Training
Training\sha\391.jpg,sha,Training
Training\sha\392.jpg,sha,Training
Training\sha\393.jpg,sha,Training
Training\sha\394.jpg,sha,Training
Training\sha\395.jpg,sha,Training
Training\sha\396.jpg,sha,Training
Training\sha\397.jpg,sha,Training
Training\sha\398.jpg,sha,Training
Training\sha\399.jpg,sha,Training
Training\sha\4.jpg,sha,Training
Training\sha\40.jpg,sha,Training
Training\sha\400.jpg,sha,Training
Training\sha\401.jpg,sha,Training
Training\sha\402.jpg,sha,Training
Training\sha\403.jpg,sha,Training
Training\sha\404.jpg,sha,Training
Training\sha\405.jpg,sha,Training
Training\sha\406.jpg,sha,Training
Training\sha\407.jpg,sha,Training
Training\sha\408.jpg,sha,Training
Training\sha\409.jpg,sha,Training
Training\sha\41.jpg,sha,Training
Training\sha\410.jpg,sha,Training
Training\sha\411.jpg,sha,Training
Training\sha\412.jpg,sha,Training
Training\sha\413.jpg,sha,Training
Training\sha\414.jpg,sha,Training
Training\sha\415.jpg,sha,Training
Training\sha\416.jpg,sha,Training
Training\sha\417.jpg,sha,Training
Training\sha\418.jpg,sha,Training
Training\sha\419.jpg,sha,Training
Training\sha\42.jpg,sha,Training
Training\sha\420.jpg,sha,Training
Training\sha\43.jpg,sha,Training
Training\sha\44.jpg,sha,Training
Training\sha\45.jpg,sha,Training
Training\sha\46.jpg,sha,Training
Training\sha\47.jpg,sha,Training
Training\sha\48.jpg,sha,Training
Training\sha\49.jpg,sha,Training
Training\sha\5.jpg,sha,Training
Training\sha\50.jpg,sha,Training
Training\sha\51.jpg,sha,Training
Training\sha\52.jpg,sha,Training
Training\sha\53.jpg,sha,Training
Training\sha\54.jpg,sha,Training
Training\sha\55.jpg,sha,Training
Training\sha\56.jpg,sha,Training
Training\sha\57.jpg,sha,Training
Training\sha\58.jpg,sha,Training
Training\sha\59.jpg,sha,Training
Training\sha\6.jpg,sha,Training
Training\sha\60.jpg,sha,Training
Training\sha\61.jpg,sha,Training
Training\sha\62.jpg,sha,Training
Training\sha\63.jpg,sha,Training
Training\sha\64.jpg,sha,Training
Training\sha\65.jpg,sha,Training
Training\sha\66.jpg,sha,Training
Training\sha\67.jpg,sha,Training
Training\sha\68.jpg,sha,Training
Training\sha\69.jpg,sha,Training
Training\sha\7.jpg,sha,Training
Training\sha\70.jpg,sha,Training
Training\sha\71.jpg,sha,Training
Training\sha\72.jpg,sha,Training
Training\sha\73.jpg,sha,Training
Training\sha\74.jpg,sha,Training
Training\sha\75.jpg,sha,Training
Training\sha\76.jpg,sha,Training
Training\sha\77.jpg,sha,Training
Training\sha\78.jpg,sha,Training
Training\sha\79.jpg,sha,Training
Training\sha\8.jpg,sha,Training
Training\sha\80.jpg,sha,Training
Training\sha\81.jpg,sha,Training
Training\sha\82.jpg,sha,Training
Training\sha\83.jpg,sha,Training
Training\sha\84.jpg,sha,Training
Training\sha\85.jpg,sha,Training
Training\sha\86.jpg,sha,Training
Training\sha\87.jpg,sha,Training
Training\sha\88.jpg,sha,Training
Training\sha\89.jpg,sha,Training
Training\sha\9.jpg,sha,Training
Training\sha\90.jpg,sha,Training
Training\sha\91.jpg,sha,Training
Training\sha\92.jpg,sha,Training
Training\sha\93.jpg,sha,Training
Training\sha\94.jpg,sha,Training
Training\sha\95.jpg,sha,Training
Training\sha\96.jpg,sha,Training
Training\sha\97.jpg,sha,Training
Training\sha\98.jpg,sha,Training
Training\sha\99.jpg,sha,Training
Training\shaa\1.jpg,shaa,Training
Training\shaa\10.jpg,shaa,Training
Training\shaa\100.jpg,shaa,Training
Training\shaa\101.jpg,shaa,Training
Training\shaa\102.jpg,shaa,Training
Training\shaa\103.jpg,shaa,Training
Training\shaa\104.jpg,shaa,Training
Training\shaa\105.jpg,shaa,Training
Training\shaa\106.jpg,shaa,Training
Training\shaa\107.jpg,shaa,Training
Training\shaa\108.jpg,shaa,Training
Training\shaa\109.jpg,shaa,Training
Training\shaa\11.jpg,shaa,Training
Training\shaa\110.jpg,shaa,Training
Training\shaa\111.jpg,shaa,Training
Training\shaa\112.jpg,shaa,Training
Training\shaa\113.jpg,shaa,Training
Training\shaa\114.jpg,shaa,Training
Training\shaa\115.jpg,shaa,Training
Training\shaa\116.jpg,shaa,Training
Training\shaa\117.jpg,shaa,Training
Training\shaa\118.jpg,shaa,Training
Training\shaa\119.jpg,shaa,Training
Training\shaa\12.jpg,shaa,Training
Training\shaa\120.jpg,shaa,Training
Training\shaa\121.jpg,shaa,Training
Training\shaa\122.jpg,shaa,Training
Training\shaa\123.jpg,shaa,Training
Training\shaa\124.jpg,shaa,Training
Training\shaa\125.jpg,shaa,Training
Training\shaa\126.jpg,shaa,Training
Training\shaa\127.jpg,shaa,Training
Training\shaa\128.jpg,shaa,Training
Training\shaa\129.jpg,shaa,Training
Training\shaa\13.jpg,shaa,Training
Training\shaa\130.jpg,shaa,Training
Training\shaa\131.jpg,shaa,Training
Training\shaa\132.jpg,shaa,Training
Training\shaa\133.jpg,shaa,Training
Training\shaa\134.jpg,shaa,Training
Training\shaa\135.jpg,shaa,Training
Training\shaa\136.jpg,shaa,Training
Training\shaa\137.jpg,shaa,Training
Training\shaa\138.jpg,shaa,Training
Training\shaa\139.jpg,shaa,Training
Training\shaa\14.jpg,shaa,Training
Training\shaa\140.jpg,shaa,Training
Training\shaa\141.jpg,shaa,Training
Training\shaa\142.jpg,shaa,Training
Training\shaa\143.jpg,shaa,Training
Training\shaa\144.jpg,shaa,Training
Training\shaa\145.jpg,shaa,Training
Training\shaa\146.jpg,shaa,Training
Training\shaa\147.jpg,shaa,Training
Training\shaa\148.jpg,shaa,Training
Training\shaa\149.jpg,shaa,Training
Training\shaa\15.jpg,shaa,Training
Training\shaa\150.jpg,shaa,Training
Training\shaa\151.jpg,shaa,Training
Training\shaa\152.jpg,shaa,Training
Training\shaa\153.jpg,shaa,Training
Training\shaa\154.jpg,shaa,Training
Training\shaa\155.jpg,shaa,Training
Training\shaa\156.jpg,shaa,Training
Training\shaa\157.jpg,shaa,Training
Training\shaa\158.jpg,shaa,Training
Training\shaa\159.jpg,shaa,Training
Training\shaa\16.jpg,shaa,Training
Training\shaa\160.jpg,shaa,Training
Training\shaa\161.jpg,shaa,Training
Training\shaa\162.jpg,shaa,Training
Training\shaa\163.jpg,shaa,Training
Training\shaa\164.jpg,shaa,Training
Training\shaa\165.jpg,shaa,Training
Training\shaa\166.jpg,shaa,Training
Training\shaa\167.jpg,shaa,Training
Training\shaa\168.jpg,shaa,Training
Training\shaa\169.jpg,shaa,Training
Training\shaa\17.jpg,shaa,Training
Training\shaa\170.jpg,shaa,Training
Training\shaa\171.jpg,shaa,Training
Training\shaa\172.jpg,shaa,Training
Training\shaa\173.jpg,shaa,Training
Training\shaa\174.jpg,shaa,Training
Training\shaa\175.jpg,shaa,Training
Training\shaa\176.jpg,shaa,Training
Training\shaa\177.jpg,shaa,Training
Training\shaa\178.jpg,shaa,Training
Training\shaa\179.jpg,shaa,Training
Training\shaa\18.jpg,shaa,Training
Training\shaa\180.jpg,shaa,Training
Training\shaa\181.jpg,shaa,Training
Training\shaa\182.jpg,shaa,Training
Training\shaa\183.jpg,shaa,Training
Training\shaa\184.jpg,shaa,Training
Training\shaa\185.jpg,shaa,Training
Training\shaa\186.jpg,shaa,Training
Training\shaa\187.jpg,shaa,Training
Training\shaa\188.jpg,shaa,Training
Training\shaa\189.jpg,shaa,Training
Training\shaa\19.jpg,shaa,Training
Training\shaa\190.jpg,shaa,Training
Training\shaa\191.jpg,shaa,Training
Training\shaa\192.jpg,shaa,Training
Training\shaa\193.jpg,shaa,Training
Training\shaa\194.jpg,shaa,Training
Training\shaa\195.jpg,shaa,Training
Training\shaa\196.jpg,shaa,Training
Training\shaa\197.jpg,shaa,Training
Training\shaa\198.jpg,shaa,Training
Training\shaa\199.jpg,shaa,Training
Training\shaa\2.jpg,shaa,Training
Training\shaa\20.jpg,shaa,Training
Training\shaa\200.jpg,shaa,Training
Training\shaa\201.jpg,shaa,Training
Training\shaa\202.jpg,shaa,Training
Training\shaa\203.jpg,shaa,Training
Training\shaa\204.jpg,shaa,Training
Training\shaa\205.jpg,shaa,Training
Training\shaa\206.jpg,shaa,Training
Training\shaa\207.jpg,shaa,Training
Training\shaa\208.jpg,shaa,Training
Training\shaa\209.jpg,shaa,Training
Training\shaa\21.jpg,shaa,Training
Training\shaa\210.jpg,shaa,Training
Training\shaa\211.jpg,shaa,Training
Training\shaa\212.jpg,shaa,Training
Training\shaa\213.jpg,shaa,Training
Training\shaa\214.jpg,shaa,Training
Training\shaa\215.jpg,shaa,Training
Training\shaa\216.jpg,shaa,Training
Training\shaa\217.jpg,shaa,Training
Training\shaa\218.jpg,shaa,Training
Training\shaa\219.jpg,shaa,Training
Training\shaa\22.jpg,shaa,Training
Training\shaa\220.jpg,shaa,Training
Training\shaa\221.jpg,shaa,Training
Training\shaa\222.jpg,shaa,Training
Training\shaa\223.jpg,shaa,Training
Training\shaa\224.jpg,shaa,Training
Training\shaa\225.jpg,shaa,Training
Training\shaa\226.jpg,shaa,Training
Training\shaa\227.jpg,shaa,Training
Training\shaa\228.jpg,shaa,Training
Training\shaa\229.jpg,shaa,Training
Training\shaa\23.jpg,shaa,Training
Training\shaa\230.jpg,shaa,Training
Training\shaa\231.jpg,shaa,Training
Training\shaa\232.jpg,shaa,Training
Training\shaa\233.jpg,shaa,Training
Training\shaa\234.jpg,shaa,Training
Training\shaa\235.jpg,shaa,Training
Training\shaa\236.jpg,shaa,Training
Training\shaa\237.jpg,shaa,Training
Training\shaa\238.jpg,shaa,Training
Training\shaa\239.jpg,shaa,Training
Training\shaa\24.jpg,shaa,Training
Training\shaa\240.jpg,shaa,Training
Training\shaa\241.jpg,shaa,Training
Training\shaa\242.jpg,shaa,Training
Training\shaa\243.jpg,shaa,Training
Training\shaa\244.jpg,shaa,Training
Training\shaa\245.jpg,shaa,Training
Training\shaa\246.jpg,shaa,Training
Training\shaa\247.jpg,shaa,Training
Training\shaa\248.jpg,shaa,Training
Training\shaa\249.jpg,shaa,Training
Training\shaa\25.jpg,shaa,Training
Training\shaa\250.jpg,shaa,Training
Training\shaa\251.jpg,shaa,Training
Training\shaa\252.jpg,shaa,Training
Training\shaa\253.jpg,shaa,Training
Training\shaa\254.jpg,shaa,Training
Training\shaa\255.jpg,shaa,Training
Training\shaa\256.jpg,shaa,Training
Training\shaa\257.jpg,shaa,Training
Training\shaa\258.jpg,shaa,Training
Training\shaa\259.jpg,shaa,Training
Training\shaa\26.jpg,shaa,Training
Training\shaa\260.jpg,shaa,Training
Training\shaa\261.jpg,shaa,Training
Training\shaa\262.jpg,shaa,Training
Training\shaa\263.jpg,shaa,Training
Training\shaa\264.jpg,shaa,Training
Training\shaa\265.jpg,shaa,Training
Training\shaa\266.jpg,shaa,Training
Training\shaa\267.jpg,shaa,Training
Training\shaa\268.jpg,shaa,Training
Training\shaa\269.jpg,shaa,Training
Training\shaa\27.jpg,shaa,Training
Training\shaa\270.jpg,shaa,Training
Training\shaa\271.jpg,shaa,Training
Training\shaa\272.jpg,shaa,Training
Training\shaa\273.jpg,shaa,Training
Training\shaa\274.jpg,shaa,Training
Training\shaa\275.jpg,shaa,Training
Training\shaa\276.jpg,shaa,Training
Training\shaa\277.jpg,shaa,Training
Training\shaa\278.jpg,shaa,Training
Training\shaa\279.jpg,shaa,Training
Training\shaa\28.jpg,shaa,Training
Training\shaa\280.jpg,shaa,Training
Training\shaa\281.jpg,shaa,Training
Training\shaa\282.jpg,shaa,Training
Training\shaa\283.jpg,shaa,Training
Training\shaa\284.jpg,shaa,Training
Training\shaa\285.jpg,shaa,Training
Training\shaa\286.jpg,shaa,Training
Training\shaa\287.jpg,shaa,Training
Training\shaa\288.jpg,shaa,Training
Training\shaa\289.jpg,shaa,Training
Training\shaa\29.jpg,shaa,Training
Training\shaa\290.jpg,shaa,Training
Training\shaa\291.jpg,shaa,Training
Training\shaa\292.jpg,shaa,Training
Training\shaa\293.jpg,shaa,Training
Training\shaa\294.jpg,shaa,Training
Training\shaa\295.jpg,shaa,Training
Training\shaa\296.jpg,shaa,Training
Training\shaa\297.jpg,shaa,Training
Training\shaa\298.jpg,shaa,Training
Training\shaa\299.jpg,shaa,Training
Training\shaa\3.jpg,shaa,Training
Training\shaa\30.jpg,shaa,Training
Training\shaa\300.jpg,shaa,Training
Training\shaa\301.jpg,shaa,Training
Training\shaa\302.jpg,shaa,Training
Training\shaa\303.jpg,shaa,Training
Training\shaa\304.jpg,shaa,Training
Training\shaa\305.jpg,shaa,Training
Training\shaa\306.jpg,shaa,Training
Training\shaa\307.jpg,shaa,Training
Training\shaa\308.jpg,shaa,Training
Training\shaa\309.jpg,shaa,Training
Training\shaa\31.jpg,shaa,Training
Training\shaa\310.jpg,shaa,Training
Training\shaa\311.jpg,shaa,Training
Training\shaa\312.jpg,shaa,Training
Training\shaa\313.jpg,shaa,Training
Training\shaa\314.jpg,shaa,Training
Training\shaa\315.jpg,shaa,Training
Training\shaa\316.jpg,shaa,Training
Training\shaa\317.jpg,shaa,Training
Training\shaa\318.jpg,shaa,Training
Training\shaa\319.jpg,shaa,Training
Training\shaa\32.jpg,shaa,Training
Training\shaa\320.jpg,shaa,Training
Training\shaa\321.jpg,shaa,Training
Training\shaa\322.jpg,shaa,Training
Training\shaa\323.jpg,shaa,Training
Training\shaa\324.jpg,shaa,Training
Training\shaa\325.jpg,shaa,Training
Training\shaa\326.jpg,shaa,Training
Training\shaa\327.jpg,shaa,Training
Training\shaa\328.jpg,shaa,Training
Training\shaa\329.jpg,shaa,Training
Training\shaa\33.jpg,shaa,Training
Training\shaa\330.jpg,shaa,Training
Training\shaa\331.jpg,shaa,Training
Training\shaa\332.jpg,shaa,Training
Training\shaa\333.jpg,shaa,Training
Training\shaa\334.jpg,shaa,Training
Training\shaa\335.jpg,shaa,Training
Training\shaa\336.jpg,shaa,Training
Training\shaa\337.jpg,shaa,Training
Training\shaa\338.jpg,shaa,Training
Training\shaa\339.jpg,shaa,Training
Training\shaa\34.jpg,shaa,Training
Training\shaa\340.jpg,shaa,Training
Training\shaa\341.jpg,shaa,Training
Training\shaa\342.jpg,shaa,Training
Training\shaa\343.jpg,shaa,Training
Training\shaa\344.jpg,shaa,Training
Training\shaa\345.jpg,shaa,Training
Training\shaa\346.jpg,shaa,Training
Training\shaa\347.jpg,shaa,Training
Training\shaa\348.jpg,shaa,Training
Training\shaa\349.jpg,shaa,Training
Training\shaa\35.jpg,shaa,Training
Training\shaa\350.jpg,shaa,Training
Training\shaa\351.jpg,shaa,Training
Training\shaa\352.jpg,shaa,Training
Training\shaa\353.jpg,shaa,Training
Training\shaa\354.jpg,shaa,Training
Training\shaa\355.jpg,shaa,Training
Training\shaa\356.jpg,shaa,Training
Training\shaa\357.jpg,shaa,Training
Training\shaa\358.jpg,shaa,Training
Training\shaa\359.jpg,shaa,Training
Training\shaa\36.jpg,shaa,Training
Training\shaa\360.jpg,shaa,Training
Training\shaa\361.jpg,shaa,Training
Training\shaa\362.jpg,shaa,Training
Training\shaa\363.jpg,shaa,Training
Training\shaa\364.jpg,shaa,Training
Training\shaa\365.jpg,shaa,Training
Training\shaa\366.jpg,shaa,Training
Training\shaa\367.jpg,shaa,Training
Training\shaa\368.jpg,shaa,Training
Training\shaa\369.jpg,shaa,Training
Training\shaa\37.jpg,shaa,Training
Training\shaa\370.jpg,shaa,Training
Training\shaa\371.jpg,shaa,Training
Training\shaa\372.jpg,shaa,Training
Training\shaa\373.jpg,shaa,Training
Training\shaa\374.jpg,shaa,Training
Training\shaa\375.jpg,shaa,Training
Training\shaa\376.jpg,shaa,Training
Training\shaa\377.jpg,shaa,Training
Training\shaa\378.jpg,shaa,Training
Training\shaa\379.jpg,shaa,Training
Training\shaa\38.jpg,shaa,Training
Training\shaa\380.jpg,shaa,Training
Training\shaa\381.jpg,shaa,Training
Training\shaa\382.jpg,shaa,Training
Training\shaa\383.jpg,shaa,Training
Training\shaa\384.jpg,shaa,Training
Training\shaa\385.jpg,shaa,Training
Training\shaa\386.jpg,shaa,Training
Training\shaa\387.jpg,shaa,Training
Training\shaa\388.jpg,shaa,Training
Training\shaa\389.jpg,shaa,Training
Training\shaa\39.jpg,shaa,Training
Training\shaa\390.jpg,shaa,Training
Training\shaa\391.jpg,shaa,Training
Training\shaa\392.jpg,shaa,Training
Training\shaa\393.jpg,shaa,Training
Training\shaa\394.jpg,shaa,Training
Training\shaa\395.jpg,shaa,Training
Training\shaa\396.jpg,shaa,Training
Training\shaa\397.jpg,shaa,Training
Training\shaa\398.jpg,shaa,Training
Training\shaa\399.jpg,shaa,Training
Training\shaa\4.jpg,shaa,Training
Training\shaa\40.jpg,shaa,Training
Training\shaa\400.jpg,shaa,Training
Training\shaa\401.jpg,shaa,Training
Training\shaa\402.jpg,shaa,Training
Training\shaa\403.jpg,shaa,Training
Training\shaa\404.jpg,shaa,Training
Training\shaa\405.jpg,shaa,Training
Training\shaa\406.jpg,shaa,Training
Training\shaa\407.jpg,shaa,Training
Training\shaa\408.jpg,shaa,Training
Training\shaa\409.jpg,shaa,Training
Training\shaa\41.jpg,shaa,Training
Training\shaa\410.jpg,shaa,Training
Training\shaa\411.jpg,shaa,Training
Training\shaa\412.jpg,shaa,Training
Training\shaa\413.jpg,shaa,Training
Training\shaa\414.jpg,shaa,Training
Training\shaa\415.jpg,shaa,Training
Training\shaa\416.jpg,shaa,Training
Training\shaa\417.jpg,shaa,Training
Training\shaa\418.jpg,shaa,Training
Training\shaa\419.jpg,shaa,Training
Training\shaa\42.jpg,shaa,Training
Training\shaa\420.jpg,shaa,Training
Training\shaa\43.jpg,shaa,Training
Training\shaa\44.jpg,shaa,Training
Training\shaa\45.jpg,shaa,Training
Training\shaa\46.jpg,shaa,Training
Training\shaa\47.jpg,shaa,Training
Training\shaa\48.jpg,shaa,Training
Training\shaa\49.jpg,shaa,Training
Training\shaa\5.jpg,shaa,Training
Training\shaa\50.jpg,shaa,Training
Training\shaa\51.jpg,shaa,Training
Training\shaa\52.jpg,shaa,Training
Training\shaa\53.jpg,shaa,Training
Training\shaa\54.jpg,shaa,Training
Training\shaa\55.jpg,shaa,Training
Training\shaa\56.jpg,shaa,Training
Training\shaa\57.jpg,shaa,Training
Training\shaa\58.jpg,shaa,Training
Training\shaa\59.jpg,shaa,Training
Training\shaa\6.jpg,shaa,Training
Training\shaa\60.jpg,shaa,Training
Training\shaa\61.jpg,shaa,Training
Training\shaa\62.jpg,shaa,Training
Training\shaa\63.jpg,shaa,Training
Training\shaa\64.jpg,shaa,Training
Training\shaa\65.jpg,shaa,Training
Training\shaa\66.jpg,shaa,Training
Training\shaa\67.jpg,shaa,Training
Training\shaa\68.jpg,shaa,Training
Training\shaa\69.jpg,shaa,Training
Training\shaa\7.jpg,shaa,Training
Training\shaa\70.jpg,shaa,Training
Training\shaa\71.jpg,shaa,Training
Training\shaa\72.jpg,shaa,Training
Training\shaa\73.jpg,shaa,Training
Training\shaa\74.jpg,shaa,Training
Training\shaa\75.jpg,shaa,Training
Training\shaa\76.jpg,shaa,Training
Training\shaa\77.jpg,shaa,Training
Training\shaa\78.jpg,shaa,Training
Training\shaa\79.jpg,shaa,Training
Training\shaa\8.jpg,shaa,Training
Training\shaa\80.jpg,shaa,Training
Training\shaa\81.jpg,shaa,Training
Training\shaa\82.jpg,shaa,Training
Training\shaa\83.jpg,shaa,Training
Training\shaa\84.jpg,shaa,Training
Training\shaa\85.jpg,shaa,Training
Training\shaa\86.jpg,shaa,Training
Training\shaa\87.jpg,shaa,Training
Training\shaa\88.jpg,shaa,Training
Training\shaa\89.jpg,shaa,Training
Training\shaa\9.jpg,shaa,Training
Training\shaa\90.jpg,shaa,Training
Training\shaa\91.jpg,shaa,Training
Training\shaa\92.jpg,shaa,Training
Training\shaa\93.jpg,shaa,Training
Training\shaa\94.jpg,shaa,Training
Training\shaa\95.jpg,shaa,Training
Training\shaa\96.jpg,shaa,Training
Training\shaa\97.jpg,shaa,Training
Training\shaa\98.jpg,shaa,Training
Training\shaa\99.jpg,shaa,Training
Training\shya\1.jpg,shya,Training
Training\shya\10.jpg,shya,Training
Training\shya\100.jpg,shya,Training
Training\shya\101.jpg,shya,Training
Training\shya\102.jpg,shya,Training
Training\shya\103.jpg,shya,Training
Training\shya\104.jpg,shya,Training
Training\shya\105.jpg,shya,Training
Training\shya\106.jpg,shya,Training
Training\shya\107.jpg,shya,Training
Training\shya\108.jpg,shya,Training
Training\shya\109.jpg,shya,Training
Training\shya\11.jpg,shya,Training
Training\shya\110.jpg,shya,Training
Training\shya\111.jpg,shya,Training
Training\shya\112.jpg,shya,Training
Training\shya\113.jpg,shya,Training
Training\shya\114.jpg,shya,Training
Training\shya\115.jpg,shya,Training
Training\shya\116.jpg,shya,Training
Training\shya\117.jpg,shya,Training
Training\shya\118.jpg,shya,Training
Training\shya\119.jpg,shya,Training
Training\shya\12.jpg,shya,Training
Training\shya\120.jpg,shya,Training
Training\shya\121.jpg,shya,Training
Training\shya\122.jpg,shya,Training
Training\shya\123.jpg,shya,Training
Training\shya\124.jpg,shya,Training
Training\shya\125.jpg,shya,Training
Training\shya\126.jpg,shya,Training
Training\shya\127.jpg,shya,Training
Training\shya\128.jpg,shya,Training
Training\shya\129.jpg,shya,Training
Training\shya\13.jpg,shya,Training
Training\shya\130.jpg,shya,Training
Training\shya\131.jpg,shya,Training
Training\shya\132.jpg,shya,Training
Training\shya\133.jpg,shya,Training
Training\shya\134.jpg,shya,Training
Training\shya\135.jpg,shya,Training
Training\shya\136.jpg,shya,Training
Training\shya\137.jpg,shya,Training
Training\shya\138.jpg,shya,Training
Training\shya\139.jpg,shya,Training
Training\shya\14.jpg,shya,Training
Training\shya\140.jpg,shya,Training
Training\shya\141.jpg,shya,Training
Training\shya\142.jpg,shya,Training
Training\shya\143.jpg,shya,Training
Training\shya\144.jpg,shya,Training
Training\shya\145.jpg,shya,Training
Training\shya\146.jpg,shya,Training
Training\shya\147.jpg,shya,Training
Training\shya\148.jpg,shya,Training
Training\shya\149.jpg,shya,Training
Training\shya\15.jpg,shya,Training
Training\shya\150.jpg,shya,Training
Training\shya\151.jpg,shya,Training
Training\shya\152.jpg,shya,Training
Training\shya\153.jpg,shya,Training
Training\shya\154.jpg,shya,Training
Training\shya\155.jpg,shya,Training
Training\shya\156.jpg,shya,Training
Training\shya\157.jpg,shya,Training
Training\shya\158.jpg,shya,Training
Training\shya\159.jpg,shya,Training
Training\shya\16.jpg,shya,Training
Training\shya\160.jpg,shya,Training
Training\shya\161.jpg,shya,Training
Training\shya\162.jpg,shya,Training
Training\shya\163.jpg,shya,Training
Training\shya\164.jpg,shya,Training
Training\shya\165.jpg,shya,Training
Training\shya\166.jpg,shya,Training
Training\shya\167.jpg,shya,Training
Training\shya\168.jpg,shya,Training
Training\shya\169.jpg,shya,Training
Training\shya\17.jpg,shya,Training
Training\shya\170.jpg,shya,Training
Training\shya\171.jpg,shya,Training
Training\shya\172.jpg,shya,Training
Training\shya\173.jpg,shya,Training
Training\shya\174.jpg,shya,Training
Training\shya\175.jpg,shya,Training
Training\shya\176.jpg,shya,Training
Training\shya\177.jpg,shya,Training
Training\shya\178.jpg,shya,Training
Training\shya\179.jpg,shya,Training
Training\shya\18.jpg,shya,Training
Training\shya\180.jpg,shya,Training
Training\shya\181.jpg,shya,Training
Training\shya\182.jpg,shya,Training
Training\shya\183.jpg,shya,Training
Training\shya\184.jpg,shya,Training
Training\shya\185.jpg,shya,Training
Training\shya\186.jpg,shya,Training
Training\shya\187.jpg,shya,Training
Training\shya\188.jpg,shya,Training
Training\shya\189.jpg,shya,Training
Training\shya\19.jpg,shya,Training
Training\shya\190.jpg,shya,Training
Training\shya\191.jpg,shya,Training
Training\shya\192.jpg,shya,Training
Training\shya\193.jpg,shya,Training
Training\shya\194.jpg,shya,Training
Training\shya\195.jpg,shya,Training
Training\shya\196.jpg,shya,Training
Training\shya\197.jpg,shya,Training
Training\shya\198.jpg,shya,Training
Training\shya\199.jpg,shya,Training
Training\shya\2.jpg,shya,Training
Training\shya\20.jpg,shya,Training
Training\shya\200.jpg,shya,Training
Training\shya\201.jpg,shya,Training
Training\shya\202.jpg,shya,Training
Training\shya\203.jpg,shya,Training
Training\shya\204.jpg,shya,Training
Training\shya\205.jpg,shya,Training
Training\shya\206.jpg,shya,Training
Training\shya\207.jpg,shya,Training
Training\shya\208.jpg,shya,Training
Training\shya\209.jpg,shya,Training
Training\shya\21.jpg,shya,Training
Training\shya\210.jpg,shya,Training
Training\shya\211.jpg,shya,Training
Training\shya\212.jpg,shya,Training
Training\shya\213.jpg,shya,Training
Training\shya\214.jpg,shya,Training
Training\shya\215.jpg,shya,Training
Training\shya\216.jpg,shya,Training
Training\shya\217.jpg,shya,Training
Training\shya\218.jpg,shya,Training
Training\shya\219.jpg,shya,Training
Training\shya\22.jpg,shya,Training
Training\shya\220.jpg,shya,Training
Training\shya\221.jpg,shya,Training
Training\shya\222.jpg,shya,Training
Training\shya\223.jpg,shya,Training
Training\shya\224.jpg,shya,Training
Training\shya\225.jpg,shya,Training
Training\shya\226.jpg,shya,Training
Training\shya\227.jpg,shya,Training
Training\shya\228.jpg,shya,Training
Training\shya\229.jpg,shya,Training
Training\shya\23.jpg,shya,Training
Training\shya\230.jpg,shya,Training
Training\shya\231.jpg,shya,Training
Training\shya\232.jpg,shya,Training
Training\shya\233.jpg,shya,Training
Training\shya\234.jpg,shya,Training
Training\shya\235.jpg,shya,Training
Training\shya\236.jpg,shya,Training
Training\shya\237.jpg,shya,Training
Training\shya\238.jpg,shya,Training
Training\shya\239.jpg,shya,Training
Training\shya\24.jpg,shya,Training
Training\shya\240.jpg,shya,Training
Training\shya\241.jpg,shya,Training
Training\shya\242.jpg,shya,Training
Training\shya\243.jpg,shya,Training
Training\shya\244.jpg,shya,Training
Training\shya\245.jpg,shya,Training
Training\shya\246.jpg,shya,Training
Training\shya\247.jpg,shya,Training
Training\shya\248.jpg,shya,Training
Training\shya\249.jpg,shya,Training
Training\shya\25.jpg,shya,Training
Training\shya\250.jpg,shya,Training
Training\shya\251.jpg,shya,Training
Training\shya\252.jpg,shya,Training
Training\shya\253.jpg,shya,Training
Training\shya\254.jpg,shya,Training
Training\shya\255.jpg,shya,Training
Training\shya\256.jpg,shya,Training
Training\shya\257.jpg,shya,Training
Training\shya\258.jpg,shya,Training
Training\shya\259.jpg,shya,Training
Training\shya\26.jpg,shya,Training
Training\shya\260.jpg,shya,Training
Training\shya\261.jpg,shya,Training
Training\shya\262.jpg,shya,Training
Training\shya\263.jpg,shya,Training
Training\shya\264.jpg,shya,Training
Training\shya\265.jpg,shya,Training
Training\shya\266.jpg,shya,Training
Training\shya\267.jpg,shya,Training
Training\shya\268.jpg,shya,Training
Training\shya\269.jpg,shya,Training
Training\shya\27.jpg,shya,Training
Training\shya\270.jpg,shya,Training
Training\shya\271.jpg,shya,Training
Training\shya\272.jpg,shya,Training
Training\shya\273.jpg,shya,Training
Training\shya\274.jpg,shya,Training
Training\shya\275.jpg,shya,Training
Training\shya\276.jpg,shya,Training
Training\shya\277.jpg,shya,Training
Training\shya\278.jpg,shya,Training
Training\shya\279.jpg,shya,Training
Training\shya\28.jpg,shya,Training
Training\shya\280.jpg,shya,Training
Training\shya\281.jpg,shya,Training
Training\shya\282.jpg,shya,Training
Training\shya\283.jpg,shya,Training
Training\shya\284.jpg,shya,Training
Training\shya\285.jpg,shya,Training
Training\shya\286.jpg,shya,Training
Training\shya\287.jpg,shya,Training
Training\shya\288.jpg,shya,Training
Training\shya\289.jpg,shya,Training
Training\shya\29.jpg,shya,Training
Training\shya\290.jpg,shya,Training
Training\shya\291.jpg,shya,Training
Training\shya\292.jpg,shya,Training
Training\shya\293.jpg,shya,Training
Training\shya\294.jpg,shya,Training
Training\shya\295.jpg,shya,Training
Training\shya\296.jpg,shya,Training
Training\shya\297.jpg,shya,Training
Training\shya\298.jpg,shya,Training
Training\shya\299.jpg,shya,Training
Training\shya\3.jpg,shya,Training
Training\shya\30.jpg,shya,Training
Training\shya\300.jpg,shya,Training
Training\shya\301.jpg,shya,Training
Training\shya\302.jpg,shya,Training
Training\shya\303.jpg,shya,Training
Training\shya\304.jpg,shya,Training
Training\shya\305.jpg,shya,Training
Training\shya\306.jpg,shya,Training
Training\shya\307.jpg,shya,Training
Training\shya\308.jpg,shya,Training
Training\shya\309.jpg,shya,Training
Training\shya\31.jpg,shya,Training
Training\shya\310.jpg,shya,Training
Training\shya\311.jpg,shya,Training
Training\shya\312.jpg,shya,Training
Training\shya\313.jpg,shya,Training
Training\shya\314.jpg,shya,Training
Training\shya\315.jpg,shya,Training
Training\shya\316.jpg,shya,Training
Training\shya\317.jpg,shya,Training
Training\shya\318.jpg,shya,Training
Training\shya\319.jpg,shya,Training
Training\shya\32.jpg,shya,Training
Training\shya\320.jpg,shya,Training
Training\shya\321.jpg,shya,Training
Training\shya\322.jpg,shya,Training
Training\shya\323.jpg,shya,Training
Training\shya\324.jpg,shya,Training
Training\shya\325.jpg,shya,Training
Training\shya\326.jpg,shya,Training
Training\shya\327.jpg,shya,Training
Training\shya\328.jpg,shya,Training
Training\shya\329.jpg,shya,Training
Training\shya\33.jpg,shya,Training
Training\shya\330.jpg,shya,Training
Training\shya\331.jpg,shya,Training
Training\shya\332.jpg,shya,Training
Training\shya\333.jpg,shya,Training
Training\shya\334.jpg,shya,Training
Training\shya\335.jpg,shya,Training
Training\shya\336.jpg,shya,Training
Training\shya\337.jpg,shya,Training
Training\shya\338.jpg,shya,Training
Training\shya\339.jpg,shya,Training
Training\shya\34.jpg,shya,Training
Training\shya\340.jpg,shya,Training
Training\shya\341.jpg,shya,Training
Training\shya\342.jpg,shya,Training
Training\shya\343.jpg,shya,Training
Training\shya\344.jpg,shya,Training
Training\shya\345.jpg,shya,Training
Training\shya\346.jpg,shya,Training
Training\shya\347.jpg,shya,Training
Training\shya\348.jpg,shya,Training
Training\shya\349.jpg,shya,Training
Training\shya\35.jpg,shya,Training
Training\shya\350.jpg,shya,Training
Training\shya\351.jpg,shya,Training
Training\shya\352.jpg,shya,Training
Training\shya\353.jpg,shya,Training
Training\shya\354.jpg,shya,Training
Training\shya\355.jpg,shya,Training
Training\shya\356.jpg,shya,Training
Training\shya\357.jpg,shya,Training
Training\shya\358.jpg,shya,Training
Training\shya\359.jpg,shya,Training
Training\shya\36.jpg,shya,Training
Training\shya\360.jpg,shya,Training
Training\shya\361.jpg,shya,Training
Training\shya\362.jpg,shya,Training
Training\shya\363.jpg,shya,Training
Training\shya\364.jpg,shya,Training
Training\shya\365.jpg,shya,Training
Training\shya\366.jpg,shya,Training
Training\shya\367.jpg,shya,Training
Training\shya\368.jpg,shya,Training
Training\shya\369.jpg,shya,Training
Training\shya\37.jpg,shya,Training
Training\shya\370.jpg,shya,Training
Training\shya\371.jpg,shya,Training
Training\shya\372.jpg,shya,Training
Training\shya\373.jpg,shya,Training
Training\shya\374.jpg,shya,Training
Training\shya\375.jpg,shya,Training
Training\shya\376.jpg,shya,Training
Training\shya\377.jpg,shya,Training
Training\shya\378.jpg,shya,Training
Training\shya\379.jpg,shya,Training
Training\shya\38.jpg,shya,Training
Training\shya\380.jpg,shya,Training
Training\shya\381.jpg,shya,Training
Training\shya\382.jpg,shya,Training
Training\shya\383.jpg,shya,Training
Training\shya\384.jpg,shya,Training
Training\shya\385.jpg,shya,Training
Training\shya\386.jpg,shya,Training
Training\shya\387.jpg,shya,Training
Training\shya\388.jpg,shya,Training
Training\shya\389.jpg,shya,Training
Training\shya\39.jpg,shya,Training
Training\shya\390.jpg,shya,Training
Training\shya\391.jpg,shya,Training
Training\shya\392.jpg,shya,Training
Training\shya\393.jpg,shya,Training
Training\shya\394.jpg,shya,Training
Training\shya\395.jpg,shya,Training
Training\shya\396.jpg,shya,Training
Training\shya\397.jpg,shya,Training
Training\shya\398.jpg,shya,Training
Training\shya\399.jpg,shya,Training
Training\shya\4.jpg,shya,Training
Training\shya\40.jpg,shya,Training
Training\shya\400.jpg,shya,Training
Training\shya\401.jpg,shya,Training
Training\shya\402.jpg,shya,Training
Training\shya\403.jpg,shya,Training
Training\shya\404.jpg,shya,Training
Training\shya\405.jpg,shya,Training
Training\shya\406.jpg,shya,Training
Training\shya\407.jpg,shya,Training
Training\shya\408.jpg,shya,Training
Training\shya\409.jpg,shya,Training
Training\shya\41.jpg,shya,Training
Training\shya\410.jpg,shya,Training
Training\shya\411.jpg,shya,Training
Training\shya\412.jpg,shya,Training
Training\shya\413.jpg,shya,Training
Training\shya\414.jpg,shya,Training
Training\shya\415.jpg,shya,Training
Training\shya\416.jpg,shya,Training
Training\shya\417.jpg,shya,Training
Training\shya\418.jpg,shya,Training
Training\shya\419.jpg,shya,Training
Training\shya\42.jpg,shya,Training
Training\shya\420.jpg,shya,Training
Training\shya\43.jpg,shya,Training
Training\shya\44.jpg,shya,Training
Training\shya\45.jpg,shya,Training
Training\shya\46.jpg,shya,Training
Training\shya\47.jpg,shya,Training
Training\shya\48.jpg,shya,Training
Training\shya\49.jpg,shya,Training
Training\shya\5.jpg,shya,Training
Training\shya\50.jpg,shya,Training
Training\shya\51.jpg,shya,Training
Training\shya\52.jpg,shya,Training
Training\shya\53.jpg,shya,Training
Training\shya\54.jpg,shya,Training
Training\shya\55.jpg,shya,Training
Training\shya\56.jpg,shya,Training
Training\shya\57.jpg,shya,Training
Training\shya\58.jpg,shya,Training
Training\shya\59.jpg,shya,Training
Training\shya\6.jpg,shya,Training
Training\shya\60.jpg,shya,Training
Training\shya\61.jpg,shya,Training
Training\shya\62.jpg,shya,Training
Training\shya\63.jpg,shya,Training
Training\shya\64.jpg,shya,Training
Training\shya\65.jpg,shya,Training
Training\shya\66.jpg,shya,Training
Training\shya\67.jpg,shya,Training
Training\shya\68.jpg,shya,Training
Training\shya\69.jpg,shya,Training
Training\shya\7.jpg,shya,Training
Training\shya\70.jpg,shya,Training
Training\shya\71.jpg,shya,Training
Training\shya\72.jpg,shya,Training
Training\shya\73.jpg,shya,Training
Training\shya\74.jpg,shya,Training
Training\shya\75.jpg,shya,Training
Training\shya\76.jpg,shya,Training
Training\shya\77.jpg,shya,Training
Training\shya\78.jpg,shya,Training
Training\shya\79.jpg,shya,Training
Training\shya\8.jpg,shya,Training
Training\shya\80.jpg,shya,Training
Training\shya\81.jpg,shya,Training
Training\shya\82.jpg,shya,Training
Training\shya\83.jpg,shya,Training
Training\shya\84.jpg,shya,Training
Training\shya\85.jpg,shya,Training
Training\shya\86.jpg,shya,Training
Training\shya\87.jpg,shya,Training
Training\shya\88.jpg,shya,Training
Training\shya\89.jpg,shya,Training
Training\shya\9.jpg,shya,Training
Training\shya\90.jpg,shya,Training
Training\shya\91.jpg,shya,Training
Training\shya\92.jpg,shya,Training
Training\shya\93.jpg,shya,Training
Training\shya\94.jpg,shya,Training
Training\shya\95.jpg,shya,Training
Training\shya\96.jpg,shya,Training
Training\shya\97.jpg,shya,Training
Training\shya\98.jpg,shya,Training
Training\shya\99.jpg,shya,Training
Training\ta\1.jpg,ta,Training
Training\ta\10.jpg,ta,Training
Training\ta\100.jpg,ta,Training
Training\ta\101.jpg,ta,Training
Training\ta\102.jpg,ta,Training
Training\ta\103.jpg,ta,Training
Training\ta\104.jpg,ta,Training
Training\ta\105.jpg,ta,Training
Training\ta\106.jpg,ta,Training
Training\ta\107.jpg,ta,Training
Training\ta\108.jpg,ta,Training
Training\ta\109.jpg,ta,Training
Training\ta\11.jpg,ta,Training
Training\ta\110.jpg,ta,Training
Training\ta\111.jpg,ta,Training
Training\ta\112.jpg,ta,Training
Training\ta\113.jpg,ta,Training
Training\ta\114.jpg,ta,Training
Training\ta\115.jpg,ta,Training
Training\ta\116.jpg,ta,Training
Training\ta\117.jpg,ta,Training
Training\ta\118.jpg,ta,Training
Training\ta\119.jpg,ta,Training
Training\ta\12.jpg,ta,Training
Training\ta\120.jpg,ta,Training
Training\ta\121.jpg,ta,Training
Training\ta\122.jpg,ta,Training
Training\ta\123.jpg,ta,Training
Training\ta\124.jpg,ta,Training
Training\ta\125.jpg,ta,Training
Training\ta\126.jpg,ta,Training
Training\ta\127.jpg,ta,Training
Training\ta\128.jpg,ta,Training
Training\ta\129.jpg,ta,Training
Training\ta\13.jpg,ta,Training
Training\ta\130.jpg,ta,Training
Training\ta\131.jpg,ta,Training
Training\ta\132.jpg,ta,Training
Training\ta\133.jpg,ta,Training
Training\ta\134.jpg,ta,Training
Training\ta\135.jpg,ta,Training
Training\ta\136.jpg,ta,Training
Training\ta\137.jpg,ta,Training
Training\ta\138.jpg,ta,Training
Training\ta\139.jpg,ta,Training
Training\ta\14.jpg,ta,Training
Training\ta\140.jpg,ta,Training
Training\ta\141.jpg,ta,Training
Training\ta\142.jpg,ta,Training
Training\ta\143.jpg,ta,Training
Training\ta\144.jpg,ta,Training
Training\ta\145.jpg,ta,Training
Training\ta\146.jpg,ta,Training
Training\ta\147.jpg,ta,Training
Training\ta\148.jpg,ta,Training
Training\ta\149.jpg,ta,Training
Training\ta\15.jpg,ta,Training
Training\ta\150.jpg,ta,Training
Training\ta\151.jpg,ta,Training
Training\ta\152.jpg,ta,Training
Training\ta\153.jpg,ta,Training
Training\ta\154.jpg,ta,Training
Training\ta\155.jpg,ta,Training
Training\ta\156.jpg,ta,Training
Training\ta\157.jpg,ta,Training
Training\ta\158.jpg,ta,Training
Training\ta\159.jpg,ta,Training
Training\ta\16.jpg,ta,Training
Training\ta\160.jpg,ta,Training
Training\ta\161.jpg,ta,Training
Training\ta\162.jpg,ta,Training
Training\ta\163.jpg,ta,Training
Training\ta\164.jpg,ta,Training
Training\ta\165.jpg,ta,Training
Training\ta\166.jpg,ta,Training
Training\ta\167.jpg,ta,Training
Training\ta\168.jpg,ta,Training
Training\ta\169.jpg,ta,Training
Training\ta\17.jpg,ta,Training
Training\ta\170.jpg,ta,Training
Training\ta\171.jpg,ta,Training
Training\ta\172.jpg,ta,Training
Training\ta\173.jpg,ta,Training
Training\ta\174.jpg,ta,Training
Training\ta\175.jpg,ta,Training
Training\ta\176.jpg,ta,Training
Training\ta\177.jpg,ta,Training
Training\ta\178.jpg,ta,Training
Training\ta\179.jpg,ta,Training
Training\ta\18.jpg,ta,Training
Training\ta\180.jpg,ta,Training
Training\ta\181.jpg,ta,Training
Training\ta\182.jpg,ta,Training
Training\ta\183.jpg,ta,Training
Training\ta\184.jpg,ta,Training
Training\ta\185.jpg,ta,Training
Training\ta\186.jpg,ta,Training
Training\ta\187.jpg,ta,Training
Training\ta\188.jpg,ta,Training
Training\ta\189.jpg,ta,Training
Training\ta\19.jpg,ta,Training
Training\ta\190.jpg,ta,Training
Training\ta\191.jpg,ta,Training
Training\ta\192.jpg,ta,Training
Training\ta\193.jpg,ta,Training
Training\ta\194.jpg,ta,Training
Training\ta\195.jpg,ta,Training
Training\ta\196.jpg,ta,Training
Training\ta\197.jpg,ta,Training
Training\ta\198.jpg,ta,Training
Training\ta\199.jpg,ta,Training
Training\ta\2.jpg,ta,Training
Training\ta\20.jpg,ta,Training
Training\ta\200.jpg,ta,Training
Training\ta\201.jpg,ta,Training
Training\ta\202.jpg,ta,Training
Training\ta\203.jpg,ta,Training
Training\ta\204.jpg,ta,Training
Training\ta\205.jpg,ta,Training
Training\ta\206.jpg,ta,Training
Training\ta\207.jpg,ta,Training
Training\ta\208.jpg,ta,Training
Training\ta\209.jpg,ta,Training
Training\ta\21.jpg,ta,Training
Training\ta\210.jpg,ta,Training
Training\ta\211.jpg,ta,Training
Training\ta\212.jpg,ta,Training
Training\ta\213.jpg,ta,Training
Training\ta\214.jpg,ta,Training
Training\ta\215.jpg,ta,Training
Training\ta\216.jpg,ta,Training
Training\ta\217.jpg,ta,Training
Training\ta\218.jpg,ta,Training
Training\ta\219.jpg,ta,Training
Training\ta\22.jpg,ta,Training
Training\ta\220.jpg,ta,Training
Training\ta\221.jpg,ta,Training
Training\ta\222.jpg,ta,Training
Training\ta\223.jpg,ta,Training
Training\ta\224.jpg,ta,Training
Training\ta\225.jpg,ta,Training
Training\ta\226.jpg,ta,Training
Training\ta\227.jpg,ta,Training
Training\ta\228.jpg,ta,Training
Training\ta\229.jpg,ta,Training
Training\ta\23.jpg,ta,Training
Training\ta\230.jpg,ta,Training
Training\ta\231.jpg,ta,Training
Training\ta\232.jpg,ta,Training
Training\ta\233.jpg,ta,Training
Training\ta\234.jpg,ta,Training
Training\ta\235.jpg,ta,Training
Training\ta\236.jpg,ta,Training
Training\ta\237.jpg,ta,Training
Training\ta\238.jpg,ta,Training
Training\ta\239.jpg,ta,Training
Training\ta\24.jpg,ta,Training
Training\ta\240.jpg,ta,Training
Training\ta\241.jpg,ta,Training
Training\ta\242.jpg,ta,Training
Training\ta\243.jpg,ta,Training
Training\ta\244.jpg,ta,Training
Training\ta\245.jpg,ta,Training
Training\ta\246.jpg,ta,Training
Training\ta\247.jpg,ta,Training
Training\ta\248.jpg,ta,Training
Training\ta\249.jpg,ta,Training
Training\ta\25.jpg,ta,Training
Training\ta\250.jpg,ta,Training
Training\ta\251.jpg,ta,Training
Training\ta\252.jpg,ta,Training
Training\ta\253.jpg,ta,Training
Training\ta\254.jpg,ta,Training
Training\ta\255.jpg,ta,Training
Training\ta\256.jpg,ta,Training
Training\ta\257.jpg,ta,Training
Training\ta\258.jpg,ta,Training
Training\ta\259.jpg,ta,Training
Training\ta\26.jpg,ta,Training
Training\ta\260.jpg,ta,Training
Training\ta\261.jpg,ta,Training
Training\ta\262.jpg,ta,Training
Training\ta\263.jpg,ta,Training
Training\ta\264.jpg,ta,Training
Training\ta\265.jpg,ta,Training
Training\ta\266.jpg,ta,Training
Training\ta\267.jpg,ta,Training
Training\ta\268.jpg,ta,Training
Training\ta\269.jpg,ta,Training
Training\ta\27.jpg,ta,Training
Training\ta\270.jpg,ta,Training
Training\ta\271.jpg,ta,Training
Training\ta\272.jpg,ta,Training
Training\ta\273.jpg,ta,Training
Training\ta\274.jpg,ta,Training
Training\ta\275.jpg,ta,Training
Training\ta\276.jpg,ta,Training
Training\ta\277.jpg,ta,Training
Training\ta\278.jpg,ta,Training
Training\ta\279.jpg,ta,Training
Training\ta\28.jpg,ta,Training
Training\ta\280.jpg,ta,Training
Training\ta\281.jpg,ta,Training
Training\ta\282.jpg,ta,Training
Training\ta\283.jpg,ta,Training
Training\ta\284.jpg,ta,Training
Training\ta\285.jpg,ta,Training
Training\ta\286.jpg,ta,Training
Training\ta\287.jpg,ta,Training
Training\ta\288.jpg,ta,Training
Training\ta\289.jpg,ta,Training
Training\ta\29.jpg,ta,Training
Training\ta\290.jpg,ta,Training
Training\ta\291.jpg,ta,Training
Training\ta\292.jpg,ta,Training
Training\ta\293.jpg,ta,Training
Training\ta\294.jpg,ta,Training
Training\ta\295.jpg,ta,Training
Training\ta\296.jpg,ta,Training
Training\ta\297.jpg,ta,Training
Training\ta\298.jpg,ta,Training
Training\ta\299.jpg,ta,Training
Training\ta\3.jpg,ta,Training
Training\ta\30.jpg,ta,Training
Training\ta\300.jpg,ta,Training
Training\ta\301.jpg,ta,Training
Training\ta\302.jpg,ta,Training
Training\ta\303.jpg,ta,Training
Training\ta\304.jpg,ta,Training
Training\ta\305.jpg,ta,Training
Training\ta\306.jpg,ta,Training
Training\ta\307.jpg,ta,Training
Training\ta\308.jpg,ta,Training
Training\ta\309.jpg,ta,Training
Training\ta\31.jpg,ta,Training
Training\ta\310.jpg,ta,Training
Training\ta\311.jpg,ta,Training
Training\ta\312.jpg,ta,Training
Training\ta\313.jpg,ta,Training
Training\ta\314.jpg,ta,Training
Training\ta\315.jpg,ta,Training
Training\ta\316.jpg,ta,Training
Training\ta\317.jpg,ta,Training
Training\ta\318.jpg,ta,Training
Training\ta\319.jpg,ta,Training
Training\ta\32.jpg,ta,Training
Training\ta\320.jpg,ta,Training
Training\ta\321.jpg,ta,Training
Training\ta\322.jpg,ta,Training
Training\ta\323.jpg,ta,Training
Training\ta\324.jpg,ta,Training
Training\ta\325.jpg,ta,Training
Training\ta\326.jpg,ta,Training
Training\ta\327.jpg,ta,Training
Training\ta\328.jpg,ta,Training
Training\ta\329.jpg,ta,Training
Training\ta\33.jpg,ta,Training
Training\ta\330.jpg,ta,Training
Training\ta\331.jpg,ta,Training
Training\ta\332.jpg,ta,Training
Training\ta\333.jpg,ta,Training
Training\ta\334.jpg,ta,Training
Training\ta\335.jpg,ta,Training
Training\ta\336.jpg,ta,Training
Training\ta\337.jpg,ta,Training
Training\ta\338.jpg,ta,Training
Training\ta\339.jpg,ta,Training
Training\ta\34.jpg,ta,Training
Training\ta\340.jpg,ta,Training
Training\ta\341.jpg,ta,Training
Training\ta\342.jpg,ta,Training
Training\ta\343.jpg,ta,Training
Training\ta\344.jpg,ta,Training
Training\ta\345.jpg,ta,Training
Training\ta\346.jpg,ta,Training
Training\ta\347.jpg,ta,Training
Training\ta\348.jpg,ta,Training
Training\ta\349.jpg,ta,Training
Training\ta\35.jpg,ta,Training
Training\ta\350.jpg,ta,Training
Training\ta\351.jpg,ta,Training
Training\ta\352.jpg,ta,Training
Training\ta\353.jpg,ta,Training
Training\ta\354.jpg,ta,Training
Training\ta\355.jpg,ta,Training
Training\ta\356.jpg,ta,Training
Training\ta\357.jpg,ta,Training
Training\ta\358.jpg,ta,Training
Training\ta\359.jpg,ta,Training
Training\ta\36.jpg,ta,Training
Training\ta\360.jpg,ta,Training
Training\ta\361.jpg,ta,Training
Training\ta\362.jpg,ta,Training
Training\ta\363.jpg,ta,Training
Training\ta\364.jpg,ta,Training
Training\ta\365.jpg,ta,Training
Training\ta\366.jpg,ta,Training
Training\ta\367.jpg,ta,Training
Training\ta\368.jpg,ta,Training
Training\ta\369.jpg,ta,Training
Training\ta\37.jpg,ta,Training
Training\ta\370.jpg,ta,Training
Training\ta\371.jpg,ta,Training
Training\ta\372.jpg,ta,Training
Training\ta\373.jpg,ta,Training
Training\ta\374.jpg,ta,Training
Training\ta\375.jpg,ta,Training
Training\ta\376.jpg,ta,Training
Training\ta\377.jpg,ta,Training
Training\ta\378.jpg,ta,Training
Training\ta\379.jpg,ta,Training
Training\ta\38.jpg,ta,Training
Training\ta\380.jpg,ta,Training
Training\ta\381.jpg,ta,Training
Training\ta\382.jpg,ta,Training
Training\ta\383.jpg,ta,Training
Training\ta\384.jpg,ta,Training
Training\ta\385.jpg,ta,Training
Training\ta\386.jpg,ta,Training
Training\ta\387.jpg,ta,Training
Training\ta\388.jpg,ta,Training
Training\ta\389.jpg,ta,Training
Training\ta\39.jpg,ta,Training
Training\ta\390.jpg,ta,Training
Training\ta\391.jpg,ta,Training
Training\ta\392.jpg,ta,Training
Training\ta\393.jpg,ta,Training
Training\ta\394.jpg,ta,Training
Training\ta\395.jpg,ta,Training
Training\ta\396.jpg,ta,Training
Training\ta\397.jpg,ta,Training
Training\ta\398.jpg,ta,Training
Training\ta\399.jpg,ta,Training
Training\ta\4.jpg,ta,Training
Training\ta\40.jpg,ta,Training
Training\ta\400.jpg,ta,Training
Training\ta\401.jpg,ta,Training
Training\ta\402.jpg,ta,Training
Training\ta\403.jpg,ta,Training
Training\ta\404.jpg,ta,Training
Training\ta\405.jpg,ta,Training
Training\ta\406.jpg,ta,Training
Training\ta\407.jpg,ta,Training
Training\ta\408.jpg,ta,Training
Training\ta\409.jpg,ta,Training
Training\ta\41.jpg,ta,Training
Training\ta\410.jpg,ta,Training
Training\ta\411.jpg,ta,Training
Training\ta\412.jpg,ta,Training
Training\ta\413.jpg,ta,Training
Training\ta\414.jpg,ta,Training
Training\ta\415.jpg,ta,Training
Training\ta\416.jpg,ta,Training
Training\ta\417.jpg,ta,Training
Training\ta\418.jpg,ta,Training
Training\ta\419.jpg,ta,Training
Training\ta\42.jpg,ta,Training
Training\ta\420.jpg,ta,Training
Training\ta\43.jpg,ta,Training
Training\ta\44.jpg,ta,Training
Training\ta\45.jpg,ta,Training
Training\ta\46.jpg,ta,Training
Training\ta\47.jpg,ta,Training
Training\ta\48.jpg,ta,Training
Training\ta\49.jpg,ta,Training
Training\ta\5.jpg,ta,Training
Training\ta\50.jpg,ta,Training
Training\ta\51.jpg,ta,Training
Training\ta\52.jpg,ta,Training
Training\ta\53.jpg,ta,Training
Training\ta\54.jpg,ta,Training
Training\ta\55.jpg,ta,Training
Training\ta\56.jpg,ta,Training
Training\ta\57.jpg,ta,Training
Training\ta\58.jpg,ta,Training
Training\ta\59.jpg,ta,Training
Training\ta\6.jpg,ta,Training
Training\ta\60.jpg,ta,Training
Training\ta\61.jpg,ta,Training
Training\ta\62.jpg,ta,Training
Training\ta\63.jpg,ta,Training
Training\ta\64.jpg,ta,Training
Training\ta\65.jpg,ta,Training
Training\ta\66.jpg,ta,Training
Training\ta\67.jpg,ta,Training
Training\ta\68.jpg,ta,Training
Training\ta\69.jpg,ta,Training
Training\ta\7.jpg,ta,Training
Training\ta\70.jpg,ta,Training
Training\ta\71.jpg,ta,Training
Training\ta\72.jpg,ta,Training
Training\ta\73.jpg,ta,Training
Training\ta\74.jpg,ta,Training
Training\ta\75.jpg,ta,Training
Training\ta\76.jpg,ta,Training
Training\ta\77.jpg,ta,Training
Training\ta\78.jpg,ta,Training
Training\ta\79.jpg,ta,Training
Training\ta\8.jpg,ta,Training
Training\ta\80.jpg,ta,Training
Training\ta\81.jpg,ta,Training
Training\ta\82.jpg,ta,Training
Training\ta\83.jpg,ta,Training
Training\ta\84.jpg,ta,Training
Training\ta\85.jpg,ta,Training
Training\ta\86.jpg,ta,Training
Training\ta\87.jpg,ta,Training
Training\ta\88.jpg,ta,Training
Training\ta\89.jpg,ta,Training
Training\ta\9.jpg,ta,Training
Training\ta\90.jpg,ta,Training
Training\ta\91.jpg,ta,Training
Training\ta\92.jpg,ta,Training
Training\ta\93.jpg,ta,Training
Training\ta\94.jpg,ta,Training
Training\ta\95.jpg,ta,Training
Training\ta\96.jpg,ta,Training
Training\ta\97.jpg,ta,Training
Training\ta\98.jpg,ta,Training
Training\ta\99.jpg,ta,Training
Training\tha\1.jpg,tha,Training
Training\tha\10.jpg,tha,Training
Training\tha\100.jpg,tha,Training
Training\tha\101.jpg,tha,Training
Training\tha\102.jpg,tha,Training
Training\tha\103.jpg,tha,Training
Training\tha\104.jpg,tha,Training
Training\tha\105.jpg,tha,Training
Training\tha\106.jpg,tha,Training
Training\tha\107.jpg,tha,Training
Training\tha\108.jpg,tha,Training
Training\tha\109.jpg,tha,Training
Training\tha\11.jpg,tha,Training
Training\tha\110.jpg,tha,Training
Training\tha\111.jpg,tha,Training
Training\tha\112.jpg,tha,Training
Training\tha\113.jpg,tha,Training
Training\tha\114.jpg,tha,Training
Training\tha\115.jpg,tha,Training
Training\tha\116.jpg,tha,Training
Training\tha\117.jpg,tha,Training
Training\tha\118.jpg,tha,Training
Training\tha\119.jpg,tha,Training
Training\tha\12.jpg,tha,Training
Training\tha\120.jpg,tha,Training
Training\tha\121.jpg,tha,Training
Training\tha\122.jpg,tha,Training
Training\tha\123.jpg,tha,Training
Training\tha\124.jpg,tha,Training
Training\tha\125.jpg,tha,Training
Training\tha\126.jpg,tha,Training
Training\tha\127.jpg,tha,Training
Training\tha\128.jpg,tha,Training
Training\tha\129.jpg,tha,Training
Training\tha\13.jpg,tha,Training
Training\tha\130.jpg,tha,Training
Training\tha\131.jpg,tha,Training
Training\tha\132.jpg,tha,Training
Training\tha\133.jpg,tha,Training
Training\tha\134.jpg,tha,Training
Training\tha\135.jpg,tha,Training
Training\tha\136.jpg,tha,Training
Training\tha\137.jpg,tha,Training
Training\tha\138.jpg,tha,Training
Training\tha\139.jpg,tha,Training
Training\tha\14.jpg,tha,Training
Training\tha\140.jpg,tha,Training
Training\tha\141.jpg,tha,Training
Training\tha\142.jpg,tha,Training
Training\tha\143.jpg,tha,Training
Training\tha\144.jpg,tha,Training
Training\tha\145.jpg,tha,Training
Training\tha\146.jpg,tha,Training
Training\tha\147.jpg,tha,Training
Training\tha\148.jpg,tha,Training
Training\tha\149.jpg,tha,Training
Training\tha\15.jpg,tha,Training
Training\tha\150.jpg,tha,Training
Training\tha\151.jpg,tha,Training
Training\tha\152.jpg,tha,Training
Training\tha\153.jpg,tha,Training
Training\tha\154.jpg,tha,Training
Training\tha\155.jpg,tha,Training
Training\tha\156.jpg,tha,Training
Training\tha\157.jpg,tha,Training
Training\tha\158.jpg,tha,Training
Training\tha\159.jpg,tha,Training
Training\tha\16.jpg,tha,Training
Training\tha\160.jpg,tha,Training
Training\tha\161.jpg,tha,Training
Training\tha\162.jpg,tha,Training
Training\tha\163.jpg,tha,Training
Training\tha\164.jpg,tha,Training
Training\tha\165.jpg,tha,Training
Training\tha\166.jpg,tha,Training
Training\tha\167.jpg,tha,Training
Training\tha\168.jpg,tha,Training
Training\tha\169.jpg,tha,Training
Training\tha\17.jpg,tha,Training
Training\tha\170.jpg,tha,Training
Training\tha\171.jpg,tha,Training
Training\tha\172.jpg,tha,Training
Training\tha\173.jpg,tha,Training
Training\tha\174.jpg,tha,Training
Training\tha\175.jpg,tha,Training
Training\tha\176.jpg,tha,Training
Training\tha\177.jpg,tha,Training
Training\tha\178.jpg,tha,Training
Training\tha\179.jpg,tha,Training
Training\tha\18.jpg,tha,Training
Training\tha\180.jpg,tha,Training
Training\tha\181.jpg,tha,Training
Training\tha\182.jpg,tha,Training
Training\tha\183.jpg,tha,Training
Training\tha\184.jpg,tha,Training
Training\tha\185.jpg,tha,Training
Training\tha\186.jpg,tha,Training
Training\tha\187.jpg,tha,Training
Training\tha\188.jpg,tha,Training
Training\tha\189.jpg,tha,Training
Training\tha\19.jpg,tha,Training
Training\tha\190.jpg,tha,Training
Training\tha\191.jpg,tha,Training
Training\tha\192.jpg,tha,Training
Training\tha\193.jpg,tha,Training
Training\tha\194.jpg,tha,Training
Training\tha\195.jpg,tha,Training
Training\tha\196.jpg,tha,Training
Training\tha\197.jpg,tha,Training
Training\tha\198.jpg,tha,Training
Training\tha\199.jpg,tha,Training
Training\tha\2.jpg,tha,Training
Training\tha\20.jpg,tha,Training
Training\tha\200.jpg,tha,Training
Training\tha\201.jpg,tha,Training
Training\tha\202.jpg,tha,Training
Training\tha\203.jpg,tha,Training
Training\tha\204.jpg,tha,Training
Training\tha\205.jpg,tha,Training
Training\tha\206.jpg,tha,Training
Training\tha\207.jpg,tha,Training
Training\tha\208.jpg,tha,Training
Training\tha\209.jpg,tha,Training
Training\tha\21.jpg,tha,Training
Training\tha\210.jpg,tha,Training
Training\tha\211.jpg,tha,Training
Training\tha\212.jpg,tha,Training
Training\tha\213.jpg,tha,Training
Training\tha\214.jpg,tha,Training
Training\tha\215.jpg,tha,Training
Training\tha\216.jpg,tha,Training
Training\tha\217.jpg,tha,Training
Training\tha\218.jpg,tha,Training
Training\tha\219.jpg,tha,Training
Training\tha\22.jpg,tha,Training
Training\tha\220.jpg,tha,Training
Training\tha\221.jpg,tha,Training
Training\tha\222.jpg,tha,Training
Training\tha\223.jpg,tha,Training
Training\tha\224.jpg,tha,Training
Training\tha\225.jpg,tha,Training
Training\tha\226.jpg,tha,Training
Training\tha\227.jpg,tha,Training
Training\tha\228.jpg,tha,Training
Training\tha\229.jpg,tha,Training
Training\tha\23.jpg,tha,Training
Training\tha\230.jpg,tha,Training
Training\tha\231.jpg,tha,Training
Training\tha\232.jpg,tha,Training
Training\tha\233.jpg,tha,Training
Training\tha\234.jpg,tha,Training
Training\tha\235.jpg,tha,Training
Training\tha\236.jpg,tha,Training
Training\tha\237.jpg,tha,Training
Training\tha\238.jpg,tha,Training
Training\tha\239.jpg,tha,Training
Training\tha\24.jpg,tha,Training
Training\tha\240.jpg,tha,Training
Training\tha\241.jpg,tha,Training
Training\tha\242.jpg,tha,Training
Training\tha\243.jpg,tha,Training
Training\tha\244.jpg,tha,Training
Training\tha\245.jpg,tha,Training
Training\tha\246.jpg,tha,Training
Training\tha\247.jpg,tha,Training
Training\tha\248.jpg,tha,Training
Training\tha\249.jpg,tha,Training
Training\tha\25.jpg,tha,Training
Training\tha\250.jpg,tha,Training
Training\tha\251.jpg,tha,Training
Training\tha\252.jpg,tha,Training
Training\tha\253.jpg,tha,Training
Training\tha\254.jpg,tha,Training
Training\tha\255.jpg,tha,Training
Training\tha\256.jpg,tha,Training
Training\tha\257.jpg,tha,Training
Training\tha\258.jpg,tha,Training
Training\tha\259.jpg,tha,Training
Training\tha\26.jpg,tha,Training
Training\tha\260.jpg,tha,Training
Training\tha\261.jpg,tha,Training
Training\tha\262.jpg,tha,Training
Training\tha\263.jpg,tha,Training
Training\tha\264.jpg,tha,Training
Training\tha\265.jpg,tha,Training
Training\tha\266.jpg,tha,Training
Training\tha\267.jpg,tha,Training
Training\tha\268.jpg,tha,Training
Training\tha\269.jpg,tha,Training
Training\tha\27.jpg,tha,Training
Training\tha\270.jpg,tha,Training
Training\tha\271.jpg,tha,Training
Training\tha\272.jpg,tha,Training
Training\tha\273.jpg,tha,Training
Training\tha\274.jpg,tha,Training
Training\tha\275.jpg,tha,Training
Training\tha\276.jpg,tha,Training
Training\tha\277.jpg,tha,Training
Training\tha\278.jpg,tha,Training
Training\tha\279.jpg,tha,Training
Training\tha\28.jpg,tha,Training
Training\tha\280.jpg,tha,Training
Training\tha\281.jpg,tha,Training
Training\tha\282.jpg,tha,Training
Training\tha\283.jpg,tha,Training
Training\tha\284.jpg,tha,Training
Training\tha\285.jpg,tha,Training
Training\tha\286.jpg,tha,Training
Training\tha\287.jpg,tha,Training
Training\tha\288.jpg,tha,Training
Training\tha\289.jpg,tha,Training
Training\tha\29.jpg,tha,Training
Training\tha\290.jpg,tha,Training
Training\tha\291.jpg,tha,Training
Training\tha\292.jpg,tha,Training
Training\tha\293.jpg,tha,Training
Training\tha\294.jpg,tha,Training
Training\tha\295.jpg,tha,Training
Training\tha\296.jpg,tha,Training
Training\tha\297.jpg,tha,Training
Training\tha\298.jpg,tha,Training
Training\tha\299.jpg,tha,Training
Training\tha\3.jpg,tha,Training
Training\tha\30.jpg,tha,Training
Training\tha\300.jpg,tha,Training
Training\tha\301.jpg,tha,Training
Training\tha\302.jpg,tha,Training
Training\tha\303.jpg,tha,Training
Training\tha\304.jpg,tha,Training
Training\tha\305.jpg,tha,Training
Training\tha\306.jpg,tha,Training
Training\tha\307.jpg,tha,Training
Training\tha\308.jpg,tha,Training
Training\tha\309.jpg,tha,Training
Training\tha\31.jpg,tha,Training
Training\tha\310.jpg,tha,Training
Training\tha\311.jpg,tha,Training
Training\tha\312.jpg,tha,Training
Training\tha\313.jpg,tha,Training
Training\tha\314.jpg,tha,Training
Training\tha\315.jpg,tha,Training
Training\tha\316.jpg,tha,Training
Training\tha\317.jpg,tha,Training
Training\tha\318.jpg,tha,Training
Training\tha\319.jpg,tha,Training
Training\tha\32.jpg,tha,Training
Training\tha\320.jpg,tha,Training
Training\tha\321.jpg,tha,Training
Training\tha\322.jpg,tha,Training
Training\tha\323.jpg,tha,Training
Training\tha\324.jpg,tha,Training
Training\tha\325.jpg,tha,Training
Training\tha\326.jpg,tha,Training
Training\tha\327.jpg,tha,Training
Training\tha\328.jpg,tha,Training
Training\tha\329.jpg,tha,Training
Training\tha\33.jpg,tha,Training
Training\tha\330.jpg,tha,Training
Training\tha\331.jpg,tha,Training
Training\tha\332.jpg,tha,Training
Training\tha\333.jpg,tha,Training
Training\tha\334.jpg,tha,Training
Training\tha\335.jpg,tha,Training
Training\tha\336.jpg,tha,Training
Training\tha\337.jpg,tha,Training
Training\tha\338.jpg,tha,Training
Training\tha\339.jpg,tha,Training
Training\tha\34.jpg,tha,Training
Training\tha\340.jpg,tha,Training
Training\tha\341.jpg,tha,Training
Training\tha\342.jpg,tha,Training
Training\tha\343.jpg,tha,Training
Training\tha\344.jpg,tha,Training
Training\tha\345.jpg,tha,Training
Training\tha\346.jpg,tha,Training
Training\tha\347.jpg,tha,Training
Training\tha\348.jpg,tha,Training
Training\tha\349.jpg,tha,Training
Training\tha\35.jpg,tha,Training
Training\tha\350.jpg,tha,Training
Training\tha\351.jpg,tha,Training
Training\tha\352.jpg,tha,Training
Training\tha\353.jpg,tha,Training
Training\tha\354.jpg,tha,Training
Training\tha\355.jpg,tha,Training
Training\tha\356.jpg,tha,Training
Training\tha\357.jpg,tha,Training
Training\tha\358.jpg,tha,Training
Training\tha\359.jpg,tha,Training
Training\tha\36.jpg,tha,Training
Training\tha\360.jpg,tha,Training
Training\tha\361.jpg,tha,Training
Training\tha\362.jpg,tha,Training
Training\tha\363.jpg,tha,Training
Training\tha\364.jpg,tha,Training
Training\tha\365.jpg,tha,Training
Training\tha\366.jpg,tha,Training
Training\tha\367.jpg,tha,Training
Training\tha\368.jpg,tha,Training
Training\tha\369.jpg,tha,Training
Training\tha\37.jpg,tha,Training
Training\tha\370.jpg,tha,Training
Training\tha\371.jpg,tha,Training
Training\tha\372.jpg,tha,Training
Training\tha\373.jpg,tha,Training
Training\tha\374.jpg,tha,Training
Training\tha\375.jpg,tha,Training
Training\tha\376.jpg,tha,Training
Training\tha\377.jpg,tha,Training
Training\tha\378.jpg,tha,Training
Training\tha\379.jpg,tha,Training
Training\tha\38.jpg,tha,Training
Training\tha\380.jpg,tha,Training
Training\tha\381.jpg,tha,Training
Training\tha\382.jpg,tha,Training
Training\tha\383.jpg,tha,Training
Training\tha\384.jpg,tha,Training
Training\tha\385.jpg,tha,Training
Training\tha\386.jpg,tha,Training
Training\tha\387.jpg,tha,Training
Training\tha\388.jpg,tha,Training
Training\tha\389.jpg,tha,Training
Training\tha\39.jpg,tha,Training
Training\tha\390.jpg,tha,Training
Training\tha\391.jpg,tha,Training
Training\tha\392.jpg,tha,Training
Training\tha\393.jpg,tha,Training
Training\tha\394.jpg,tha,Training
Training\tha\395.jpg,tha,Training
Training\tha\396.jpg,tha,Training
Training\tha\397.jpg,tha,Training
Training\tha\398.jpg,tha,Training
Training\tha\399.jpg,tha,Training
Training\tha\4.jpg,tha,Training
Training\tha\40.jpg,tha,Training
Training\tha\400.jpg,tha,Training
Training\tha\401.jpg,tha,Training
Training\tha\402.jpg,tha,Training
Training\tha\403.jpg,tha,Training
Training\tha\404.jpg,tha,Training
Training\tha\405.jpg,tha,Training
Training\tha\406.jpg,tha,Training
Training\tha\407.jpg,tha,Training
Training\tha\408.jpg,tha,Training
Training\tha\409.jpg,tha,Training
Training\tha\41.jpg,tha,Training
Training\tha\410.jpg,tha,Training
Training\tha\411.jpg,tha,Training
Training\tha\412.jpg,tha,Training
Training\tha\413.jpg,tha,Training
Training\tha\414.jpg,tha,Training
Training\tha\415.jpg,tha,Training
Training\tha\416.jpg,tha,Training
Training\tha\417.jpg,tha,Training
Training\tha\418.jpg,tha,Training
Training\tha\419.jpg,tha,Training
Training\tha\42.jpg,tha,Training
Training\tha\420.jpg,tha,Training
Training\tha\43.jpg,tha,Training
Training\tha\44.jpg,tha,Training
Training\tha\45.jpg,tha,Training
Training\tha\46.jpg,tha,Training
Training\tha\47.jpg,tha,Training
Training\tha\48.jpg,tha,Training
Training\tha\49.jpg,tha,Training
Training\tha\5.jpg,tha,Training
Training\tha\50.jpg,tha,Training
Training\tha\51.jpg,tha,Training
Training\tha\52.jpg,tha,Training
Training\tha\53.jpg,tha,Training
Training\tha\54.jpg,tha,Training
Training\tha\55.jpg,tha,Training
Training\tha\56.jpg,tha,Training
Training\tha\57.jpg,tha,Training
Training\tha\58.jpg,tha,Training
Training\tha\59.jpg,tha,Training
Training\tha\6.jpg,tha,Training
Training\tha\60.jpg,tha,Training
Training\tha\61.jpg,tha,Training
Training\tha\62.jpg,tha,Training
Training\tha\63.jpg,tha,Training
Training\tha\64.jpg,tha,Training
Training\tha\65.jpg,tha,Training
Training\tha\66.jpg,tha,Training
Training\tha\67.jpg,tha,Training
Training\tha\68.jpg,tha,Training
Training\tha\69.jpg,tha,Training
Training\tha\7.jpg,tha,Training
Training\tha\70.jpg,tha,Training
Training\tha\71.jpg,tha,Training
Training\tha\72.jpg,tha,Training
Training\tha\73.jpg,tha,Training
Training\tha\74.jpg,tha,Training
Training\tha\75.jpg,tha,Training
Training\tha\76.jpg,tha,Training
Training\tha\77.jpg,tha,Training
Training\tha\78.jpg,tha,Training
Training\tha\79.jpg,tha,Training
Training\tha\8.jpg,tha,Training
Training\tha\80.jpg,tha,Training
Training\tha\81.jpg,tha,Training
Training\tha\82.jpg,tha,Training
Training\tha\83.jpg,tha,Training
Training\tha\84.jpg,tha,Training
Training\tha\85.jpg,tha,Training
Training\tha\86.jpg,tha,Training
Training\tha\87.jpg,tha,Training
Training\tha\88.jpg,tha,Training
Training\tha\89.jpg,tha,Training
Training\tha\9.jpg,tha,Training
Training\tha\90.jpg,tha,Training
Training\tha\91.jpg,tha,Training
Training\tha\92.jpg,tha,Training
Training\tha\93.jpg,tha,Training
Training\tha\94.jpg,tha,Training
Training\tha\95.jpg,tha,Training
Training\tha\96.jpg,tha,Training
Training\tha\97.jpg,tha,Training
Training\tha\98.jpg,tha,Training
Training\tha\99.jpg,tha,Training
Training\thya\1.jpg,thya,Training
Training\thya\10.jpg,thya,Training
Training\thya\100.jpg,thya,Training
Training\thya\101.jpg,thya,Training
Training\thya\102.jpg,thya,Training
Training\thya\103.jpg,thya,Training
Training\thya\104.jpg,thya,Training
Training\thya\105.jpg,thya,Training
Training\thya\106.jpg,thya,Training
Training\thya\107.jpg,thya,Training
Training\thya\108.jpg,thya,Training
Training\thya\109.jpg,thya,Training
Training\thya\11.jpg,thya,Training
Training\thya\110.jpg,thya,Training
Training\thya\111.jpg,thya,Training
Training\thya\112.jpg,thya,Training
Training\thya\113.jpg,thya,Training
Training\thya\114.jpg,thya,Training
Training\thya\115.jpg,thya,Training
Training\thya\116.jpg,thya,Training
Training\thya\117.jpg,thya,Training
Training\thya\118.jpg,thya,Training
Training\thya\119.jpg,thya,Training
Training\thya\12.jpg,thya,Training
Training\thya\120.jpg,thya,Training
Training\thya\121.jpg,thya,Training
Training\thya\122.jpg,thya,Training
Training\thya\123.jpg,thya,Training
Training\thya\124.jpg,thya,Training
Training\thya\125.jpg,thya,Training
Training\thya\126.jpg,thya,Training
Training\thya\127.jpg,thya,Training
Training\thya\128.jpg,thya,Training
Training\thya\129.jpg,thya,Training
Training\thya\13.jpg,thya,Training
Training\thya\130.jpg,thya,Training
Training\thya\131.jpg,thya,Training
Training\thya\132.jpg,thya,Training
Training\thya\133.jpg,thya,Training
Training\thya\134.jpg,thya,Training
Training\thya\135.jpg,thya,Training
Training\thya\136.jpg,thya,Training
Training\thya\137.jpg,thya,Training
Training\thya\138.jpg,thya,Training
Training\thya\139.jpg,thya,Training
Training\thya\14.jpg,thya,Training
Training\thya\140.jpg,thya,Training
Training\thya\141.jpg,thya,Training
Training\thya\142.jpg,thya,Training
Training\thya\143.jpg,thya,Training
Training\thya\144.jpg,thya,Training
Training\thya\145.jpg,thya,Training
Training\thya\146.jpg,thya,Training
Training\thya\147.jpg,thya,Training
Training\thya\148.jpg,thya,Training
Training\thya\149.jpg,thya,Training
Training\thya\15.jpg,thya,Training
Training\thya\150.jpg,thya,Training
Training\thya\151.jpg,thya,Training
Training\thya\152.jpg,thya,Training
Training\thya\153.jpg,thya,Training
Training\thya\154.jpg,thya,Training
Training\thya\155.jpg,thya,Training
Training\thya\156.jpg,thya,Training
Training\thya\157.jpg,thya,Training
Training\thya\158.jpg,thya,Training
Training\thya\159.jpg,thya,Training
Training\thya\16.jpg,thya,Training
Training\thya\160.jpg,thya,Training
Training\thya\161.jpg,thya,Training
Training\thya\162.jpg,thya,Training
Training\thya\163.jpg,thya,Training
Training\thya\164.jpg,thya,Training
Training\thya\165.jpg,thya,Training
Training\thya\166.jpg,thya,Training
Training\thya\167.jpg,thya,Training
Training\thya\168.jpg,thya,Training
Training\thya\169.jpg,thya,Training
Training\thya\17.jpg,thya,Training
Training\thya\170.jpg,thya,Training
Training\thya\171.jpg,thya,Training
Training\thya\172.jpg,thya,Training
Training\thya\173.jpg,thya,Training
Training\thya\174.jpg,thya,Training
Training\thya\175.jpg,thya,Training
Training\thya\176.jpg,thya,Training
Training\thya\177.jpg,thya,Training
Training\thya\178.jpg,thya,Training
Training\thya\179.jpg,thya,Training
Training\thya\18.jpg,thya,Training
Training\thya\180.jpg,thya,Training
Training\thya\181.jpg,thya,Training
Training\thya\182.jpg,thya,Training
Training\thya\183.jpg,thya,Training
Training\thya\184.jpg,thya,Training
Training\thya\185.jpg,thya,Training
Training\thya\186.jpg,thya,Training
Training\thya\187.jpg,thya,Training
Training\thya\188.jpg,thya,Training
Training\thya\189.jpg,thya,Training
Training\thya\19.jpg,thya,Training
Training\thya\190.jpg,thya,Training
Training\thya\191.jpg,thya,Training
Training\thya\192.jpg,thya,Training
Training\thya\193.jpg,thya,Training
Training\thya\194.jpg,thya,Training
Training\thya\195.jpg,thya,Training
Training\thya\196.jpg,thya,Training
Training\thya\197.jpg,thya,Training
Training\thya\198.jpg,thya,Training
Training\thya\199.jpg,thya,Training
Training\thya\2.jpg,thya,Training
Training\thya\20.jpg,thya,Training
Training\thya\200.jpg,thya,Training
Training\thya\201.jpg,thya,Training
Training\thya\202.jpg,thya,Training
Training\thya\203.jpg,thya,Training
Training\thya\204.jpg,thya,Training
Training\thya\205.jpg,thya,Training
Training\thya\206.jpg,thya,Training
Training\thya\207.jpg,thya,Training
Training\thya\208.jpg,thya,Training
Training\thya\209.jpg,thya,Training
Training\thya\21.jpg,thya,Training
Training\thya\210.jpg,thya,Training
Training\thya\211.jpg,thya,Training
Training\thya\212.jpg,thya,Training
Training\thya\213.jpg,thya,Training
Training\thya\214.jpg,thya,Training
Training\thya\215.jpg,thya,Training
Training\thya\216.jpg,thya,Training
Training\thya\217.jpg,thya,Training
Training\thya\218.jpg,thya,Training
Training\thya\219.jpg,thya,Training
Training\thya\22.jpg,thya,Training
Training\thya\220.jpg,thya,Training
Training\thya\221.jpg,thya,Training
Training\thya\222.jpg,thya,Training
Training\thya\223.jpg,thya,Training
Training\thya\224.jpg,thya,Training
Training\thya\225.jpg,thya,Training
Training\thya\226.jpg,thya,Training
Training\thya\227.jpg,thya,Training
Training\thya\228.jpg,thya,Training
Training\thya\229.jpg,thya,Training
Training\thya\23.jpg,thya,Training
Training\thya\230.jpg,thya,Training
Training\thya\231.jpg,thya,Training
Training\thya\232.jpg,thya,Training
Training\thya\233.jpg,thya,Training
Training\thya\234.jpg,thya,Training
Training\thya\235.jpg,thya,Training
Training\thya\236.jpg,thya,Training
Training\thya\237.jpg,thya,Training
Training\thya\238.jpg,thya,Training
Training\thya\239.jpg,thya,Training
Training\thya\24.jpg,thya,Training
Training\thya\240.jpg,thya,Training
Training\thya\241.jpg,thya,Training
Training\thya\242.jpg,thya,Training
Training\thya\243.jpg,thya,Training
Training\thya\244.jpg,thya,Training
Training\thya\245.jpg,thya,Training
Training\thya\246.jpg,thya,Training
Training\thya\247.jpg,thya,Training
Training\thya\248.jpg,thya,Training
Training\thya\249.jpg,thya,Training
Training\thya\25.jpg,thya,Training
Training\thya\250.jpg,thya,Training
Training\thya\251.jpg,thya,Training
Training\thya\252.jpg,thya,Training
Training\thya\253.jpg,thya,Training
Training\thya\254.jpg,thya,Training
Training\thya\255.jpg,thya,Training
Training\thya\256.jpg,thya,Training
Training\thya\257.jpg,thya,Training
Training\thya\258.jpg,thya,Training
Training\thya\259.jpg,thya,Training
Training\thya\26.jpg,thya,Training
Training\thya\260.jpg,thya,Training
Training\thya\261.jpg,thya,Training
Training\thya\262.jpg,thya,Training
Training\thya\263.jpg,thya,Training
Training\thya\264.jpg,thya,Training
Training\thya\265.jpg,thya,Training
Training\thya\266.jpg,thya,Training
Training\thya\267.jpg,thya,Training
Training\thya\268.jpg,thya,Training
Training\thya\269.jpg,thya,Training
Training\thya\27.jpg,thya,Training
Training\thya\270.jpg,thya,Training
Training\thya\271.jpg,thya,Training
Training\thya\272.jpg,thya,Training
Training\thya\273.jpg,thya,Training
Training\thya\274.jpg,thya,Training
Training\thya\275.jpg,thya,Training
Training\thya\276.jpg,thya,Training
Training\thya\277.jpg,thya,Training
Training\thya\278.jpg,thya,Training
Training\thya\279.jpg,thya,Training
Training\thya\28.jpg,thya,Training
Training\thya\280.jpg,thya,Training
Training\thya\281.jpg,thya,Training
Training\thya\282.jpg,thya,Training
Training\thya\283.jpg,thya,Training
Training\thya\284.jpg,thya,Training
Training\thya\285.jpg,thya,Training
Training\thya\286.jpg,thya,Training
Training\thya\287.jpg,thya,Training
Training\thya\288.jpg,thya,Training
Training\thya\289.jpg,thya,Training
Training\thya\29.jpg,thya,Training
Training\thya\290.jpg,thya,Training
Training\thya\291.jpg,thya,Training
Training\thya\292.jpg,thya,Training
Training\thya\293.jpg,thya,Training
Training\thya\294.jpg,thya,Training
Training\thya\295.jpg,thya,Training
Training\thya\296.jpg,thya,Training
Training\thya\297.jpg,thya,Training
Training\thya\298.jpg,thya,Training
Training\thya\299.jpg,thya,Training
Training\thya\3.jpg,thya,Training
Training\thya\30.jpg,thya,Training
Training\thya\300.jpg,thya,Training
Training\thya\301.jpg,thya,Training
Training\thya\302.jpg,thya,Training
Training\thya\303.jpg,thya,Training
Training\thya\304.jpg,thya,Training
Training\thya\305.jpg,thya,Training
Training\thya\306.jpg,thya,Training
Training\thya\307.jpg,thya,Training
Training\thya\308.jpg,thya,Training
Training\thya\309.jpg,thya,Training
Training\thya\31.jpg,thya,Training
Training\thya\310.jpg,thya,Training
Training\thya\311.jpg,thya,Training
Training\thya\312.jpg,thya,Training
Training\thya\313.jpg,thya,Training
Training\thya\314.jpg,thya,Training
Training\thya\315.jpg,thya,Training
Training\thya\316.jpg,thya,Training
Training\thya\317.jpg,thya,Training
Training\thya\318.jpg,thya,Training
Training\thya\319.jpg,thya,Training
Training\thya\32.jpg,thya,Training
Training\thya\320.jpg,thya,Training
Training\thya\321.jpg,thya,Training
Training\thya\322.jpg,thya,Training
Training\thya\323.jpg,thya,Training
Training\thya\324.jpg,thya,Training
Training\thya\325.jpg,thya,Training
Training\thya\326.jpg,thya,Training
Training\thya\327.jpg,thya,Training
Training\thya\328.jpg,thya,Training
Training\thya\329.jpg,thya,Training
Training\thya\33.jpg,thya,Training
Training\thya\330.jpg,thya,Training
Training\thya\331.jpg,thya,Training
Training\thya\332.jpg,thya,Training
Training\thya\333.jpg,thya,Training
Training\thya\334.jpg,thya,Training
Training\thya\335.jpg,thya,Training
Training\thya\336.jpg,thya,Training
Training\thya\337.jpg,thya,Training
Training\thya\338.jpg,thya,Training
Training\thya\339.jpg,thya,Training
Training\thya\34.jpg,thya,Training
Training\thya\340.jpg,thya,Training
Training\thya\341.jpg,thya,Training
Training\thya\342.jpg,thya,Training
Training\thya\343.jpg,thya,Training
Training\thya\344.jpg,thya,Training
Training\thya\345.jpg,thya,Training
Training\thya\346.jpg,thya,Training
Training\thya\347.jpg,thya,Training
Training\thya\348.jpg,thya,Training
Training\thya\349.jpg,thya,Training
Training\thya\35.jpg,thya,Training
Training\thya\350.jpg,thya,Training
Training\thya\351.jpg,thya,Training
Training\thya\352.jpg,thya,Training
Training\thya\353.jpg,thya,Training
Training\thya\354.jpg,thya,Training
Training\thya\355.jpg,thya,Training
Training\thya\356.jpg,thya,Training
Training\thya\357.jpg,thya,Training
Training\thya\358.jpg,thya,Training
Training\thya\359.jpg,thya,Training
Training\thya\36.jpg,thya,Training
Training\thya\360.jpg,thya,Training
Training\thya\361.jpg,thya,Training
Training\thya\362.jpg,thya,Training
Training\thya\363.jpg,thya,Training
Training\thya\364.jpg,thya,Training
Training\thya\365.jpg,thya,Training
Training\thya\366.jpg,thya,Training
Training\thya\367.jpg,thya,Training
Training\thya\368.jpg,thya,Training
Training\thya\369.jpg,thya,Training
Training\thya\37.jpg,thya,Training
Training\thya\370.jpg,thya,Training
Training\thya\371.jpg,thya,Training
Training\thya\372.jpg,thya,Training
Training\thya\373.jpg,thya,Training
Training\thya\374.jpg,thya,Training
Training\thya\375.jpg,thya,Training
Training\thya\376.jpg,thya,Training
Training\thya\377.jpg,thya,Training
Training\thya\378.jpg,thya,Training
Training\thya\379.jpg,thya,Training
Training\thya\38.jpg,thya,Training
Training\thya\380.jpg,thya,Training
Training\thya\381.jpg,thya,Training
Training\thya\382.jpg,thya,Training
Training\thya\383.jpg,thya,Training
Training\thya\384.jpg,thya,Training
Training\thya\385.jpg,thya,Training
Training\thya\386.jpg,thya,Training
Training\thya\387.jpg,thya,Training
Training\thya\388.jpg,thya,Training
Training\thya\389.jpg,thya,Training
Training\thya\39.jpg,thya,Training
Training\thya\390.jpg,thya,Training
Training\thya\391.jpg,thya,Training
Training\thya\392.jpg,thya,Training
Training\thya\393.jpg,thya,Training
Training\thya\394.jpg,thya,Training
Training\thya\395.jpg,thya,Training
Training\thya\396.jpg,thya,Training
Training\thya\397.jpg,thya,Training
Training\thya\398.jpg,thya,Training
Training\thya\399.jpg,thya,Training
Training\thya\4.jpg,thya,Training
Training\thya\40.jpg,thya,Training
Training\thya\400.jpg,thya,Training
Training\thya\401.jpg,thya,Training
Training\thya\402.jpg,thya,Training
Training\thya\403.jpg,thya,Training
Training\thya\404.jpg,thya,Training
Training\thya\405.jpg,thya,Training
Training\thya\406.jpg,thya,Training
Training\thya\407.jpg,thya,Training
Training\thya\408.jpg,thya,Training
Training\thya\409.jpg,thya,Training
Training\thya\41.jpg,thya,Training
Training\thya\410.jpg,thya,Training
Training\thya\411.jpg,thya,Training
Training\thya\412.jpg,thya,Training
Training\thya\413.jpg,thya,Training
Training\thya\414.jpg,thya,Training
Training\thya\415.jpg,thya,Training
Training\thya\416.jpg,thya,Training
Training\thya\417.jpg,thya,Training
Training\thya\418.jpg,thya,Training
Training\thya\419.jpg,thya,Training
Training\thya\42.jpg,thya,Training
Training\thya\420.jpg,thya,Training
Training\thya\43.jpg,thya,Training
Training\thya\44.jpg,thya,Training
Training\thya\45.jpg,thya,Training
Training\thya\46.jpg,thya,Training
Training\thya\47.jpg,thya,Training
Training\thya\48.jpg,thya,Training
Training\thya\49.jpg,thya,Training
Training\thya\5.jpg,thya,Training
Training\thya\50.jpg,thya,Training
Training\thya\51.jpg,thya,Training
Training\thya\52.jpg,thya,Training
Training\thya\53.jpg,thya,Training
Training\thya\54.jpg,thya,Training
Training\thya\55.jpg,thya,Training
Training\thya\56.jpg,thya,Training
Training\thya\57.jpg,thya,Training
Training\thya\58.jpg,thya,Training
Training\thya\59.jpg,thya,Training
Training\thya\6.jpg,thya,Training
Training\thya\60.jpg,thya,Training
Training\thya\61.jpg,thya,Training
Training\thya\62.jpg,thya,Training
Training\thya\63.jpg,thya,Training
Training\thya\64.jpg,thya,Training
Training\thya\65.jpg,thya,Training
Training\thya\66.jpg,thya,Training
Training\thya\67.jpg,thya,Training
Training\thya\68.jpg,thya,Training
Training\thya\69.jpg,thya,Training
Training\thya\7.jpg,thya,Training
Training\thya\70.jpg,thya,Training
Training\thya\71.jpg,thya,Training
Training\thya\72.jpg,thya,Training
Training\thya\73.jpg,thya,Training
Training\thya\74.jpg,thya,Training
Training\thya\75.jpg,thya,Training
Training\thya\76.jpg,thya,Training
Training\thya\77.jpg,thya,Training
Training\thya\78.jpg,thya,Training
Training\thya\79.jpg,thya,Training
Training\thya\8.jpg,thya,Training
Training\thya\80.jpg,thya,Training
Training\thya\81.jpg,thya,Training
Training\thya\82.jpg,thya,Training
Training\thya\83.jpg,thya,Training
Training\thya\84.jpg,thya,Training
Training\thya\85.jpg,thya,Training
Training\thya\86.jpg,thya,Training
Training\thya\87.jpg,thya,Training
Training\thya\88.jpg,thya,Training
Training\thya\89.jpg,thya,Training
Training\thya\9.jpg,thya,Training
Training\thya\90.jpg,thya,Training
Training\thya\91.jpg,thya,Training
Training\thya\92.jpg,thya,Training
Training\thya\93.jpg,thya,Training
Training\thya\94.jpg,thya,Training
Training\thya\95.jpg,thya,Training
Training\thya\96.jpg,thya,Training
Training\thya\97.jpg,thya,Training
Training\thya\98.jpg,thya,Training
Training\thya\99.jpg,thya,Training
Training\tya\1.jpg,tya,Training
Training\tya\10.jpg,tya,Training
Training\tya\100.jpg,tya,Training
Training\tya\101.jpg,tya,Training
Training\tya\102.jpg,tya,Training
Training\tya\103.jpg,tya,Training
Training\tya\104.jpg,tya,Training
Training\tya\105.jpg,tya,Training
Training\tya\106.jpg,tya,Training
Training\tya\107.jpg,tya,Training
Training\tya\108.jpg,tya,Training
Training\tya\109.jpg,tya,Training
Training\tya\11.jpg,tya,Training
Training\tya\110.jpg,tya,Training
Training\tya\111.jpg,tya,Training
Training\tya\112.jpg,tya,Training
Training\tya\113.jpg,tya,Training
Training\tya\114.jpg,tya,Training
Training\tya\115.jpg,tya,Training
Training\tya\116.jpg,tya,Training
Training\tya\117.jpg,tya,Training
Training\tya\118.jpg,tya,Training
Training\tya\119.jpg,tya,Training
Training\tya\12.jpg,tya,Training
Training\tya\120.jpg,tya,Training
Training\tya\121.jpg,tya,Training
Training\tya\122.jpg,tya,Training
Training\tya\123.jpg,tya,Training
Training\tya\124.jpg,tya,Training
Training\tya\125.jpg,tya,Training
Training\tya\126.jpg,tya,Training
Training\tya\127.jpg,tya,Training
Training\tya\128.jpg,tya,Training
Training\tya\129.jpg,tya,Training
Training\tya\13.jpg,tya,Training
Training\tya\130.jpg,tya,Training
Training\tya\131.jpg,tya,Training
Training\tya\132.jpg,tya,Training
Training\tya\133.jpg,tya,Training
Training\tya\134.jpg,tya,Training
Training\tya\135.jpg,tya,Training
Training\tya\136.jpg,tya,Training
Training\tya\137.jpg,tya,Training
Training\tya\138.jpg,tya,Training
Training\tya\139.jpg,tya,Training
Training\tya\14.jpg,tya,Training
Training\tya\140.jpg,tya,Training
Training\tya\141.jpg,tya,Training
Training\tya\142.jpg,tya,Training
Training\tya\143.jpg,tya,Training
Training\tya\144.jpg,tya,Training
Training\tya\145.jpg,tya,Training
Training\tya\146.jpg,tya,Training
Training\tya\147.jpg,tya,Training
Training\tya\148.jpg,tya,Training
Training\tya\149.jpg,tya,Training
Training\tya\15.jpg,tya,Training
Training\tya\150.jpg,tya,Training
Training\tya\151.jpg,tya,Training
Training\tya\152.jpg,tya,Training
Training\tya\153.jpg,tya,Training
Training\tya\154.jpg,tya,Training
Training\tya\155.jpg,tya,Training
Training\tya\156.jpg,tya,Training
Training\tya\157.jpg,tya,Training
Training\tya\158.jpg,tya,Training
Training\tya\159.jpg,tya,Training
Training\tya\16.jpg,tya,Training
Training\tya\160.jpg,tya,Training
Training\tya\161.jpg,tya,Training
Training\tya\162.jpg,tya,Training
Training\tya\163.jpg,tya,Training
Training\tya\164.jpg,tya,Training
Training\tya\165.jpg,tya,Training
Training\tya\166.jpg,tya,Training
Training\tya\167.jpg,tya,Training
Training\tya\168.jpg,tya,Training
Training\tya\169.jpg,tya,Training
Training\tya\17.jpg,tya,Training
Training\tya\170.jpg,tya,Training
Training\tya\171.jpg,tya,Training
Training\tya\172.jpg,tya,Training
Training\tya\173.jpg,tya,Training
Training\tya\174.jpg,tya,Training
Training\tya\175.jpg,tya,Training
Training\tya\176.jpg,tya,Training
Training\tya\177.jpg,tya,Training
Training\tya\178.jpg,tya,Training
Training\tya\179.jpg,tya,Training
Training\tya\18.jpg,tya,Training
Training\tya\180.jpg,tya,Training
Training\tya\181.jpg,tya,Training
Training\tya\182.jpg,tya,Training
Training\tya\183.jpg,tya,Training
Training\tya\184.jpg,tya,Training
Training\tya\185.jpg,tya,Training
Training\tya\186.jpg,tya,Training
Training\tya\187.jpg,tya,Training
Training\tya\188.jpg,tya,Training
Training\tya\189.jpg,tya,Training
Training\tya\19.jpg,tya,Training
Training\tya\190.jpg,tya,Training
Training\tya\191.jpg,tya,Training
Training\tya\192.jpg,tya,Training
Training\tya\193.jpg,tya,Training
Training\tya\194.jpg,tya,Training
Training\tya\195.jpg,tya,Training
Training\tya\196.jpg,tya,Training
Training\tya\197.jpg,tya,Training
Training\tya\198.jpg,tya,Training
Training\tya\199.jpg,tya,Training
Training\tya\2.jpg,tya,Training
Training\tya\20.jpg,tya,Training
Training\tya\200.jpg,tya,Training
Training\tya\201.jpg,tya,Training
Training\tya\202.jpg,tya,Training
Training\tya\203.jpg,tya,Training
Training\tya\204.jpg,tya,Training
Training\tya\205.jpg,tya,Training
Training\tya\206.jpg,tya,Training
Training\tya\207.jpg,tya,Training
Training\tya\208.jpg,tya,Training
Training\tya\209.jpg,tya,Training
Training\tya\21.jpg,tya,Training
Training\tya\210.jpg,tya,Training
Training\tya\211.jpg,tya,Training
Training\tya\212.jpg,tya,Training
Training\tya\213.jpg,tya,Training
Training\tya\214.jpg,tya,Training
Training\tya\215.jpg,tya,Training
Training\tya\216.jpg,tya,Training
Training\tya\217.jpg,tya,Training
Training\tya\218.jpg,tya,Training
Training\tya\219.jpg,tya,Training
Training\tya\22.jpg,tya,Training
Training\tya\220.jpg,tya,Training
Training\tya\221.jpg,tya,Training
Training\tya\222.jpg,tya,Training
Training\tya\223.jpg,tya,Training
Training\tya\224.jpg,tya,Training
Training\tya\225.jpg,tya,Training
Training\tya\226.jpg,tya,Training
Training\tya\227.jpg,tya,Training
Training\tya\228.jpg,tya,Training
Training\tya\229.jpg,tya,Training
Training\tya\23.jpg,tya,Training
Training\tya\230.jpg,tya,Training
Training\tya\231.jpg,tya,Training
Training\tya\232.jpg,tya,Training
Training\tya\233.jpg,tya,Training
Training\tya\234.jpg,tya,Training
Training\tya\235.jpg,tya,Training
Training\tya\236.jpg,tya,Training
Training\tya\237.jpg,tya,Training
Training\tya\238.jpg,tya,Training
Training\tya\239.jpg,tya,Training
Training\tya\24.jpg,tya,Training
Training\tya\240.jpg,tya,Training
Training\tya\241.jpg,tya,Training
Training\tya\242.jpg,tya,Training
Training\tya\243.jpg,tya,Training
Training\tya\244.jpg,tya,Training
Training\tya\245.jpg,tya,Training
Training\tya\246.jpg,tya,Training
Training\tya\247.jpg,tya,Training
Training\tya\248.jpg,tya,Training
Training\tya\249.jpg,tya,Training
Training\tya\25.jpg,tya,Training
Training\tya\250.jpg,tya,Training
Training\tya\251.jpg,tya,Training
Training\tya\252.jpg,tya,Training
Training\tya\253.jpg,tya,Training
Training\tya\254.jpg,tya,Training
Training\tya\255.jpg,tya,Training
Training\tya\256.jpg,tya,Training
Training\tya\257.jpg,tya,Training
Training\tya\258.jpg,tya,Training
Training\tya\259.jpg,tya,Training
Training\tya\26.jpg,tya,Training
Training\tya\260.jpg,tya,Training
Training\tya\261.jpg,tya,Training
Training\tya\262.jpg,tya,Training
Training\tya\263.jpg,tya,Training
Training\tya\264.jpg,tya,Training
Training\tya\265.jpg,tya,Training
Training\tya\266.jpg,tya,Training
Training\tya\267.jpg,tya,Training
Training\tya\268.jpg,tya,Training
Training\tya\269.jpg,tya,Training
Training\tya\27.jpg,tya,Training
Training\tya\270.jpg,tya,Training
Training\tya\271.jpg,tya,Training
Training\tya\272.jpg,tya,Training
Training\tya\273.jpg,tya,Training
Training\tya\274.jpg,tya,Training
Training\tya\275.jpg,tya,Training
Training\tya\276.jpg,tya,Training
Training\tya\277.jpg,tya,Training
Training\tya\278.jpg,tya,Training
Training\tya\279.jpg,tya,Training
Training\tya\28.jpg,tya,Training
Training\tya\280.jpg,tya,Training
Training\tya\281.jpg,tya,Training
Training\tya\282.jpg,tya,Training
Training\tya\283.jpg,tya,Training
Training\tya\284.jpg,tya,Training
Training\tya\285.jpg,tya,Training
Training\tya\286.jpg,tya,Training
Training\tya\287.jpg,tya,Training
Training\tya\288.jpg,tya,Training
Training\tya\289.jpg,tya,Training
Training\tya\29.jpg,tya,Training
Training\tya\290.jpg,tya,Training
Training\tya\291.jpg,tya,Training
Training\tya\292.jpg,tya,Training
Training\tya\293.jpg,tya,Training
Training\tya\294.jpg,tya,Training
Training\tya\295.jpg,tya,Training
Training\tya\296.jpg,tya,Training
Training\tya\297.jpg,tya,Training
Training\tya\298.jpg,tya,Training
Training\tya\299.jpg,tya,Training
Training\tya\3.jpg,tya,Training
Training\tya\30.jpg,tya,Training
Training\tya\300.jpg,tya,Training
Training\tya\301.jpg,tya,Training
Training\tya\302.jpg,tya,Training
Training\tya\303.jpg,tya,Training
Training\tya\304.jpg,tya,Training
Training\tya\305.jpg,tya,Training
Training\tya\306.jpg,tya,Training
Training\tya\307.jpg,tya,Training
Training\tya\308.jpg,tya,Training
Training\tya\309.jpg,tya,Training
Training\tya\31.jpg,tya,Training
Training\tya\310.jpg,tya,Training
Training\tya\311.jpg,tya,Training
Training\tya\312.jpg,tya,Training
Training\tya\313.jpg,tya,Training
Training\tya\314.jpg,tya,Training
Training\tya\315.jpg,tya,Training
Training\tya\316.jpg,tya,Training
Training\tya\317.jpg,tya,Training
Training\tya\318.jpg,tya,Training
Training\tya\319.jpg,tya,Training
Training\tya\32.jpg,tya,Training
Training\tya\320.jpg,tya,Training
Training\tya\321.jpg,tya,Training
Training\tya\322.jpg,tya,Training
Training\tya\323.jpg,tya,Training
Training\tya\324.jpg,tya,Training
Training\tya\325.jpg,tya,Training
Training\tya\326.jpg,tya,Training
Training\tya\327.jpg,tya,Training
Training\tya\328.jpg,tya,Training
Training\tya\329.jpg,tya,Training
Training\tya\33.jpg,tya,Training
Training\tya\330.jpg,tya,Training
Training\tya\331.jpg,tya,Training
Training\tya\332.jpg,tya,Training
Training\tya\333.jpg,tya,Training
Training\tya\334.jpg,tya,Training
Training\tya\335.jpg,tya,Training
Training\tya\336.jpg,tya,Training
Training\tya\337.jpg,tya,Training
Training\tya\338.jpg,tya,Training
Training\tya\339.jpg,tya,Training
Training\tya\34.jpg,tya,Training
Training\tya\340.jpg,tya,Training
Training\tya\341.jpg,tya,Training
Training\tya\342.jpg,tya,Training
Training\tya\343.jpg,tya,Training
Training\tya\344.jpg,tya,Training
Training\tya\345.jpg,tya,Training
Training\tya\346.jpg,tya,Training
Training\tya\347.jpg,tya,Training
Training\tya\348.jpg,tya,Training
Training\tya\349.jpg,tya,Training
Training\tya\35.jpg,tya,Training
Training\tya\350.jpg,tya,Training
Training\tya\351.jpg,tya,Training
Training\tya\352.jpg,tya,Training
Training\tya\353.jpg,tya,Training
Training\tya\354.jpg,tya,Training
Training\tya\355.jpg,tya,Training
Training\tya\356.jpg,tya,Training
Training\tya\357.jpg,tya,Training
Training\tya\358.jpg,tya,Training
Training\tya\359.jpg,tya,Training
Training\tya\36.jpg,tya,Training
Training\tya\360.jpg,tya,Training
Training\tya\361.jpg,tya,Training
Training\tya\362.jpg,tya,Training
Training\tya\363.jpg,tya,Training
Training\tya\364.jpg,tya,Training
Training\tya\365.jpg,tya,Training
Training\tya\366.jpg,tya,Training
Training\tya\367.jpg,tya,Training
Training\tya\368.jpg,tya,Training
Training\tya\369.jpg,tya,Training
Training\tya\37.jpg,tya,Training
Training\tya\370.jpg,tya,Training
Training\tya\371.jpg,tya,Training
Training\tya\372.jpg,tya,Training
Training\tya\373.jpg,tya,Training
Training\tya\374.jpg,tya,Training
Training\tya\375.jpg,tya,Training
Training\tya\376.jpg,tya,Training
Training\tya\377.jpg,tya,Training
Training\tya\378.jpg,tya,Training
Training\tya\379.jpg,tya,Training
Training\tya\38.jpg,tya,Training
Training\tya\380.jpg,tya,Training
Training\tya\381.jpg,tya,Training
Training\tya\382.jpg,tya,Training
Training\tya\383.jpg,tya,Training
Training\tya\384.jpg,tya,Training
Training\tya\385.jpg,tya,Training
Training\tya\386.jpg,tya,Training
Training\tya\387.jpg,tya,Training
Training\tya\388.jpg,tya,Training
Training\tya\389.jpg,tya,Training
Training\tya\39.jpg,tya,Training
Training\tya\390.jpg,tya,Training
Training\tya\391.jpg,tya,Training
Training\tya\392.jpg,tya,Training
Training\tya\393.jpg,tya,Training
Training\tya\394.jpg,tya,Training
Training\tya\395.jpg,tya,Training
Training\tya\396.jpg,tya,Training
Training\tya\397.jpg,tya,Training
Training\tya\398.jpg,tya,Training
Training\tya\399.jpg,tya,Training
Training\tya\4.jpg,tya,Training
Training\tya\40.jpg,tya,Training
Training\tya\400.jpg,tya,Training
Training\tya\401.jpg,tya,Training
Training\tya\402.jpg,tya,Training
Training\tya\403.jpg,tya,Training
Training\tya\404.jpg,tya,Training
Training\tya\405.jpg,tya,Training
Training\tya\406.jpg,tya,Training
Training\tya\407.jpg,tya,Training
Training\tya\408.jpg,tya,Training
Training\tya\409.jpg,tya,Training
Training\tya\41.jpg,tya,Training
Training\tya\410.jpg,tya,Training
Training\tya\411.jpg,tya,Training
Training\tya\412.jpg,tya,Training
Training\tya\413.jpg,tya,Training
Training\tya\414.jpg,tya,Training
Training\tya\415.jpg,tya,Training
Training\tya\416.jpg,tya,Training
Training\tya\417.jpg,tya,Training
Training\tya\418.jpg,tya,Training
Training\tya\419.jpg,tya,Training
Training\tya\42.jpg,tya,Training
Training\tya\420.jpg,tya,Training
Training\tya\43.jpg,tya,Training
Training\tya\44.jpg,tya,Training
Training\tya\45.jpg,tya,Training
Training\tya\46.jpg,tya,Training
Training\tya\47.jpg,tya,Training
Training\tya\48.jpg,tya,Training
Training\tya\49.jpg,tya,Training
Training\tya\5.jpg,tya,Training
Training\tya\50.jpg,tya,Training
Training\tya\51.jpg,tya,Training
Training\tya\52.jpg,tya,Training
Training\tya\53.jpg,tya,Training
Training\tya\54.jpg,tya,Training
Training\tya\55.jpg,tya,Training
Training\tya\56.jpg,tya,Training
Training\tya\57.jpg,tya,Training
Training\tya\58.jpg,tya,Training
Training\tya\59.jpg,tya,Training
Training\tya\6.jpg,tya,Training
Training\tya\60.jpg,tya,Training
Training\tya\61.jpg,tya,Training
Training\tya\62.jpg,tya,Training
Training\tya\63.jpg,tya,Training
Training\tya\64.jpg,tya,Training
Training\tya\65.jpg,tya,Training
Training\tya\66.jpg,tya,Training
Training\tya\67.jpg,tya,Training
Training\tya\68.jpg,tya,Training
Training\tya\69.jpg,tya,Training
Training\tya\7.jpg,tya,Training
Training\tya\70.jpg,tya,Training
Training\tya\71.jpg,tya,Training
Training\tya\72.jpg,tya,Training
Training\tya\73.jpg,tya,Training
Training\tya\74.jpg,tya,Training
Training\tya\75.jpg,tya,Training
Training\tya\76.jpg,tya,Training
Training\tya\77.jpg,tya,Training
Training\tya\78.jpg,tya,Training
Training\tya\79.jpg,tya,Training
Training\tya\8.jpg,tya,Training
Training\tya\80.jpg,tya,Training
Training\tya\81.jpg,tya,Training
Training\tya\82.jpg,tya,Training
Training\tya\83.jpg,tya,Training
Training\tya\84.jpg,tya,Training
Training\tya\85.jpg,tya,Training
Training\tya\86.jpg,tya,Training
Training\tya\87.jpg,tya,Training
Training\tya\88.jpg,tya,Training
Training\tya\89.jpg,tya,Training
Training\tya\9.jpg,tya,Training
Training\tya\90.jpg,tya,Training
Training\tya\91.jpg,tya,Training
Training\tya\92.jpg,tya,Training
Training\tya\93.jpg,tya,Training
Training\tya\94.jpg,tya,Training
Training\tya\95.jpg,tya,Training
Training\tya\96.jpg,tya,Training
Training\tya\97.jpg,tya,Training
Training\tya\98.jpg,tya,Training
Training\tya\99.jpg,tya,Training
Training\u\1.jpg,u,Training
Training\u\10.jpg,u,Training
Training\u\100.jpg,u,Training
Training\u\101.jpg,u,Training
Training\u\102.jpg,u,Training
Training\u\103.jpg,u,Training
Training\u\104.jpg,u,Training
Training\u\105.jpg,u,Training
Training\u\106.jpg,u,Training
Training\u\107.jpg,u,Training
Training\u\108.jpg,u,Training
Training\u\109.jpg,u,Training
Training\u\11.jpg,u,Training
Training\u\110.jpg,u,Training
Training\u\111.jpg,u,Training
Training\u\112.jpg,u,Training
Training\u\113.jpg,u,Training
Training\u\114.jpg,u,Training
Training\u\115.jpg,u,Training
Training\u\116.jpg,u,Training
Training\u\117.jpg,u,Training
Training\u\118.jpg,u,Training
Training\u\119.jpg,u,Training
Training\u\12.jpg,u,Training
Training\u\120.jpg,u,Training
Training\u\121.jpg,u,Training
Training\u\122.jpg,u,Training
Training\u\123.jpg,u,Training
Training\u\124.jpg,u,Training
Training\u\125.jpg,u,Training
Training\u\126.jpg,u,Training
Training\u\127.jpg,u,Training
Training\u\128.jpg,u,Training
Training\u\129.jpg,u,Training
Training\u\13.jpg,u,Training
Training\u\130.jpg,u,Training
Training\u\131.jpg,u,Training
Training\u\132.jpg,u,Training
Training\u\133.jpg,u,Training
Training\u\134.jpg,u,Training
Training\u\135.jpg,u,Training
Training\u\136.jpg,u,Training
Training\u\137.jpg,u,Training
Training\u\138.jpg,u,Training
Training\u\139.jpg,u,Training
Training\u\14.jpg,u,Training
Training\u\140.jpg,u,Training
Training\u\141.jpg,u,Training
Training\u\142.jpg,u,Training
Training\u\143.jpg,u,Training
Training\u\144.jpg,u,Training
Training\u\145.jpg,u,Training
Training\u\146.jpg,u,Training
Training\u\147.jpg,u,Training
Training\u\148.jpg,u,Training
Training\u\149.jpg,u,Training
Training\u\15.jpg,u,Training
Training\u\150.jpg,u,Training
Training\u\151.jpg,u,Training
Training\u\152.jpg,u,Training
Training\u\153.jpg,u,Training
Training\u\154.jpg,u,Training
Training\u\155.jpg,u,Training
Training\u\156.jpg,u,Training
Training\u\157.jpg,u,Training
Training\u\158.jpg,u,Training
Training\u\159.jpg,u,Training
Training\u\16.jpg,u,Training
Training\u\160.jpg,u,Training
Training\u\161.jpg,u,Training
Training\u\162.jpg,u,Training
Training\u\163.jpg,u,Training
Training\u\164.jpg,u,Training
Training\u\165.jpg,u,Training
Training\u\166.jpg,u,Training
Training\u\167.jpg,u,Training
Training\u\168.jpg,u,Training
Training\u\169.jpg,u,Training
Training\u\17.jpg,u,Training
Training\u\170.jpg,u,Training
Training\u\171.jpg,u,Training
Training\u\172.jpg,u,Training
Training\u\173.jpg,u,Training
Training\u\174.jpg,u,Training
Training\u\175.jpg,u,Training
Training\u\176.jpg,u,Training
Training\u\177.jpg,u,Training
Training\u\178.jpg,u,Training
Training\u\179.jpg,u,Training
Training\u\18.jpg,u,Training
Training\u\180.jpg,u,Training
Training\u\181.jpg,u,Training
Training\u\182.jpg,u,Training
Training\u\183.jpg,u,Training
Training\u\184.jpg,u,Training
Training\u\185.jpg,u,Training
Training\u\186.jpg,u,Training
Training\u\187.jpg,u,Training
Training\u\188.jpg,u,Training
Training\u\189.jpg,u,Training
Training\u\19.jpg,u,Training
Training\u\190.jpg,u,Training
Training\u\191.jpg,u,Training
Training\u\192.jpg,u,Training
Training\u\193.jpg,u,Training
Training\u\194.jpg,u,Training
Training\u\195.jpg,u,Training
Training\u\196.jpg,u,Training
Training\u\197.jpg,u,Training
Training\u\198.jpg,u,Training
Training\u\199.jpg,u,Training
Training\u\2.jpg,u,Training
Training\u\20.jpg,u,Training
Training\u\200.jpg,u,Training
Training\u\201.jpg,u,Training
Training\u\202.jpg,u,Training
Training\u\203.jpg,u,Training
Training\u\204.jpg,u,Training
Training\u\205.jpg,u,Training
Training\u\206.jpg,u,Training
Training\u\207.jpg,u,Training
Training\u\208.jpg,u,Training
Training\u\209.jpg,u,Training
Training\u\21.jpg,u,Training
Training\u\210.jpg,u,Training
Training\u\211.jpg,u,Training
Training\u\212.jpg,u,Training
Training\u\213.jpg,u,Training
Training\u\214.jpg,u,Training
Training\u\215.jpg,u,Training
Training\u\216.jpg,u,Training
Training\u\217.jpg,u,Training
Training\u\218.jpg,u,Training
Training\u\219.jpg,u,Training
Training\u\22.jpg,u,Training
Training\u\220.jpg,u,Training
Training\u\221.jpg,u,Training
Training\u\222.jpg,u,Training
Training\u\223.jpg,u,Training
Training\u\224.jpg,u,Training
Training\u\225.jpg,u,Training
Training\u\226.jpg,u,Training
Training\u\227.jpg,u,Training
Training\u\228.jpg,u,Training
Training\u\229.jpg,u,Training
Training\u\23.jpg,u,Training
Training\u\230.jpg,u,Training
Training\u\231.jpg,u,Training
Training\u\232.jpg,u,Training
Training\u\233.jpg,u,Training
Training\u\234.jpg,u,Training
Training\u\235.jpg,u,Training
Training\u\236.jpg,u,Training
Training\u\237.jpg,u,Training
Training\u\238.jpg,u,Training
Training\u\239.jpg,u,Training
Training\u\24.jpg,u,Training
Training\u\240.jpg,u,Training
Training\u\241.jpg,u,Training
Training\u\242.jpg,u,Training
Training\u\243.jpg,u,Training
Training\u\244.jpg,u,Training
Training\u\245.jpg,u,Training
Training\u\246.jpg,u,Training
Training\u\247.jpg,u,Training
Training\u\248.jpg,u,Training
Training\u\249.jpg,u,Training
Training\u\25.jpg,u,Training
Training\u\250.jpg,u,Training
Training\u\251.jpg,u,Training
Training\u\252.jpg,u,Training
Training\u\253.jpg,u,Training
Training\u\254.jpg,u,Training
Training\u\255.jpg,u,Training
Training\u\256.jpg,u,Training
Training\u\257.jpg,u,Training
Training\u\258.jpg,u,Training
Training\u\259.jpg,u,Training
Training\u\26.jpg,u,Training
Training\u\260.jpg,u,Training
Training\u\261.jpg,u,Training
Training\u\262.jpg,u,Training
Training\u\263.jpg,u,Training
Training\u\264.jpg,u,Training
Training\u\265.jpg,u,Training
Training\u\266.jpg,u,Training
Training\u\267.jpg,u,Training
Training\u\268.jpg,u,Training
Training\u\269.jpg,u,Training
Training\u\27.jpg,u,Training
Training\u\270.jpg,u,Training
Training\u\271.jpg,u,Training
Training\u\272.jpg,u,Training
Training\u\273.jpg,u,Training
Training\u\274.jpg,u,Training
Training\u\275.jpg,u,Training
Training\u\276.jpg,u,Training
Training\u\277.jpg,u,Training
Training\u\278.jpg,u,Training
Training\u\279.jpg,u,Training
Training\u\28.jpg,u,Training
Training\u\280.jpg,u,Training
Training\u\281.jpg,u,Training
Training\u\282.jpg,u,Training
Training\u\283.jpg,u,Training
Training\u\284.jpg,u,Training
Training\u\285.jpg,u,Training
Training\u\286.jpg,u,Training
Training\u\287.jpg,u,Training
Training\u\288.jpg,u,Training
Training\u\289.jpg,u,Training
Training\u\29.jpg,u,Training
Training\u\290.jpg,u,Training
Training\u\291.jpg,u,Training
Training\u\292.jpg,u,Training
Training\u\293.jpg,u,Training
Training\u\294.jpg,u,Training
Training\u\295.jpg,u,Training
Training\u\296.jpg,u,Training
Training\u\297.jpg,u,Training
Training\u\298.jpg,u,Training
Training\u\299.jpg,u,Training
Training\u\3.jpg,u,Training
Training\u\30.jpg,u,Training
Training\u\300.jpg,u,Training
Training\u\301.jpg,u,Training
Training\u\302.jpg,u,Training
Training\u\303.jpg,u,Training
Training\u\304.jpg,u,Training
Training\u\305.jpg,u,Training
Training\u\306.jpg,u,Training
Training\u\307.jpg,u,Training
Training\u\308.jpg,u,Training
Training\u\309.jpg,u,Training
Training\u\31.jpg,u,Training
Training\u\310.jpg,u,Training
Training\u\311.jpg,u,Training
Training\u\312.jpg,u,Training
Training\u\313.jpg,u,Training
Training\u\314.jpg,u,Training
Training\u\315.jpg,u,Training
Training\u\316.jpg,u,Training
Training\u\317.jpg,u,Training
Training\u\318.jpg,u,Training
Training\u\319.jpg,u,Training
Training\u\32.jpg,u,Training
Training\u\320.jpg,u,Training
Training\u\321.jpg,u,Training
Training\u\322.jpg,u,Training
Training\u\323.jpg,u,Training
Training\u\324.jpg,u,Training
Training\u\325.jpg,u,Training
Training\u\326.jpg,u,Training
Training\u\327.jpg,u,Training
Training\u\328.jpg,u,Training
Training\u\329.jpg,u,Training
Training\u\33.jpg,u,Training
Training\u\330.jpg,u,Training
Training\u\331.jpg,u,Training
Training\u\332.jpg,u,Training
Training\u\333.jpg,u,Training
Training\u\334.jpg,u,Training
Training\u\335.jpg,u,Training
Training\u\336.jpg,u,Training
Training\u\337.jpg,u,Training
Training\u\338.jpg,u,Training
Training\u\339.jpg,u,Training
Training\u\34.jpg,u,Training
Training\u\340.jpg,u,Training
Training\u\341.jpg,u,Training
Training\u\342.jpg,u,Training
Training\u\343.jpg,u,Training
Training\u\344.jpg,u,Training
Training\u\345.jpg,u,Training
Training\u\346.jpg,u,Training
Training\u\347.jpg,u,Training
Training\u\348.jpg,u,Training
Training\u\349.jpg,u,Training
Training\u\35.jpg,u,Training
Training\u\350.jpg,u,Training
Training\u\351.jpg,u,Training
Training\u\352.jpg,u,Training
Training\u\353.jpg,u,Training
Training\u\354.jpg,u,Training
Training\u\355.jpg,u,Training
Training\u\356.jpg,u,Training
Training\u\357.jpg,u,Training
Training\u\358.jpg,u,Training
Training\u\359.jpg,u,Training
Training\u\36.jpg,u,Training
Training\u\360.jpg,u,Training
Training\u\361.jpg,u,Training
Training\u\362.jpg,u,Training
Training\u\363.jpg,u,Training
Training\u\364.jpg,u,Training
Training\u\365.jpg,u,Training
Training\u\366.jpg,u,Training
Training\u\367.jpg,u,Training
Training\u\368.jpg,u,Training
Training\u\369.jpg,u,Training
Training\u\37.jpg,u,Training
Training\u\370.jpg,u,Training
Training\u\371.jpg,u,Training
Training\u\372.jpg,u,Training
Training\u\373.jpg,u,Training
Training\u\374.jpg,u,Training
Training\u\375.jpg,u,Training
Training\u\376.jpg,u,Training
Training\u\377.jpg,u,Training
Training\u\378.jpg,u,Training
Training\u\379.jpg,u,Training
Training\u\38.jpg,u,Training
Training\u\380.jpg,u,Training
Training\u\381.jpg,u,Training
Training\u\382.jpg,u,Training
Training\u\383.jpg,u,Training
Training\u\384.jpg,u,Training
Training\u\385.jpg,u,Training
Training\u\386.jpg,u,Training
Training\u\387.jpg,u,Training
Training\u\388.jpg,u,Training
Training\u\389.jpg,u,Training
Training\u\39.jpg,u,Training
Training\u\390.jpg,u,Training
Training\u\391.jpg,u,Training
Training\u\392.jpg,u,Training
Training\u\393.jpg,u,Training
Training\u\394.jpg,u,Training
Training\u\395.jpg,u,Training
Training\u\396.jpg,u,Training
Training\u\397.jpg,u,Training
Training\u\398.jpg,u,Training
Training\u\399.jpg,u,Training
Training\u\4.jpg,u,Training
Training\u\40.jpg,u,Training
Training\u\400.jpg,u,Training
Training\u\401.jpg,u,Training
Training\u\402.jpg,u,Training
Training\u\403.jpg,u,Training
Training\u\404.jpg,u,Training
Training\u\405.jpg,u,Training
Training\u\406.jpg,u,Training
Training\u\407.jpg,u,Training
Training\u\408.jpg,u,Training
Training\u\409.jpg,u,Training
Training\u\41.jpg,u,Training
Training\u\410.jpg,u,Training
Training\u\411.jpg,u,Training
Training\u\412.jpg,u,Training
Training\u\413.jpg,u,Training
Training\u\414.jpg,u,Training
Training\u\415.jpg,u,Training
Training\u\416.jpg,u,Training
Training\u\417.jpg,u,Training
Training\u\418.jpg,u,Training
Training\u\419.jpg,u,Training
Training\u\42.jpg,u,Training
Training\u\420.jpg,u,Training
Training\u\43.jpg,u,Training
Training\u\44.jpg,u,Training
Training\u\45.jpg,u,Training
Training\u\46.jpg,u,Training
Training\u\47.jpg,u,Training
Training\u\48.jpg,u,Training
Training\u\49.jpg,u,Training
Training\u\5.jpg,u,Training
Training\u\50.jpg,u,Training
Training\u\51.jpg,u,Training
Training\u\52.jpg,u,Training
Training\u\53.jpg,u,Training
Training\u\54.jpg,u,Training
Training\u\55.jpg,u,Training
Training\u\56.jpg,u,Training
Training\u\57.jpg,u,Training
Training\u\58.jpg,u,Training
Training\u\59.jpg,u,Training
Training\u\6.jpg,u,Training
Training\u\60.jpg,u,Training
Training\u\61.jpg,u,Training
Training\u\62.jpg,u,Training
Training\u\63.jpg,u,Training
Training\u\64.jpg,u,Training
Training\u\65.jpg,u,Training
Training\u\66.jpg,u,Training
Training\u\67.jpg,u,Training
Training\u\68.jpg,u,Training
Training\u\69.jpg,u,Training
Training\u\7.jpg,u,Training
Training\u\70.jpg,u,Training
Training\u\71.jpg,u,Training
Training\u\72.jpg,u,Training
Training\u\73.jpg,u,Training
Training\u\74.jpg,u,Training
Training\u\75.jpg,u,Training
Training\u\76.jpg,u,Training
Training\u\77.jpg,u,Training
Training\u\78.jpg,u,Training
Training\u\79.jpg,u,Training
Training\u\8.jpg,u,Training
Training\u\80.jpg,u,Training
Training\u\81.jpg,u,Training
Training\u\82.jpg,u,Training
Training\u\83.jpg,u,Training
Training\u\84.jpg,u,Training
Training\u\85.jpg,u,Training
Training\u\86.jpg,u,Training
Training\u\87.jpg,u,Training
Training\u\88.jpg,u,Training
Training\u\89.jpg,u,Training
Training\u\9.jpg,u,Training
Training\u\90.jpg,u,Training
Training\u\91.jpg,u,Training
Training\u\92.jpg,u,Training
Training\u\93.jpg,u,Training
Training\u\94.jpg,u,Training
Training\u\95.jpg,u,Training
Training\u\96.jpg,u,Training
Training\u\97.jpg,u,Training
Training\u\98.jpg,u,Training
Training\u\99.jpg,u,Training
Training\va\1.jpg,va,Training
Training\va\10.jpg,va,Training
Training\va\100.jpg,va,Training
Training\va\101.jpg,va,Training
Training\va\102.jpg,va,Training
Training\va\103.jpg,va,Training
Training\va\104.jpg,va,Training
Training\va\105.jpg,va,Training
Training\va\106.jpg,va,Training
Training\va\107.jpg,va,Training
Training\va\108.jpg,va,Training
Training\va\109.jpg,va,Training
Training\va\11.jpg,va,Training
Training\va\110.jpg,va,Training
Training\va\111.jpg,va,Training
Training\va\112.jpg,va,Training
Training\va\113.jpg,va,Training
Training\va\114.jpg,va,Training
Training\va\115.jpg,va,Training
Training\va\116.jpg,va,Training
Training\va\117.jpg,va,Training
Training\va\118.jpg,va,Training
Training\va\119.jpg,va,Training
Training\va\12.jpg,va,Training
Training\va\120.jpg,va,Training
Training\va\121.jpg,va,Training
Training\va\122.jpg,va,Training
Training\va\123.jpg,va,Training
Training\va\124.jpg,va,Training
Training\va\125.jpg,va,Training
Training\va\126.jpg,va,Training
Training\va\127.jpg,va,Training
Training\va\128.jpg,va,Training
Training\va\129.jpg,va,Training
Training\va\13.jpg,va,Training
Training\va\130.jpg,va,Training
Training\va\131.jpg,va,Training
Training\va\132.jpg,va,Training
Training\va\133.jpg,va,Training
Training\va\134.jpg,va,Training
Training\va\135.jpg,va,Training
Training\va\136.jpg,va,Training
Training\va\137.jpg,va,Training
Training\va\138.jpg,va,Training
Training\va\139.jpg,va,Training
Training\va\14.jpg,va,Training
Training\va\140.jpg,va,Training
Training\va\141.jpg,va,Training
Training\va\142.jpg,va,Training
Training\va\143.jpg,va,Training
Training\va\144.jpg,va,Training
Training\va\145.jpg,va,Training
Training\va\146.jpg,va,Training
Training\va\147.jpg,va,Training
Training\va\148.jpg,va,Training
Training\va\149.jpg,va,Training
Training\va\15.jpg,va,Training
Training\va\150.jpg,va,Training
Training\va\151.jpg,va,Training
Training\va\152.jpg,va,Training
Training\va\153.jpg,va,Training
Training\va\154.jpg,va,Training
Training\va\155.jpg,va,Training
Training\va\156.jpg,va,Training
Training\va\157.jpg,va,Training
Training\va\158.jpg,va,Training
Training\va\159.jpg,va,Training
Training\va\16.jpg,va,Training
Training\va\160.jpg,va,Training
Training\va\161.jpg,va,Training
Training\va\162.jpg,va,Training
Training\va\163.jpg,va,Training
Training\va\164.jpg,va,Training
Training\va\165.jpg,va,Training
Training\va\166.jpg,va,Training
Training\va\167.jpg,va,Training
Training\va\168.jpg,va,Training
Training\va\169.jpg,va,Training
Training\va\17.jpg,va,Training
Training\va\170.jpg,va,Training
Training\va\171.jpg,va,Training
Training\va\172.jpg,va,Training
Training\va\173.jpg,va,Training
Training\va\174.jpg,va,Training
Training\va\175.jpg,va,Training
Training\va\176.jpg,va,Training
Training\va\177.jpg,va,Training
Training\va\178.jpg,va,Training
Training\va\179.jpg,va,Training
Training\va\18.jpg,va,Training
Training\va\180.jpg,va,Training
Training\va\181.jpg,va,Training
Training\va\182.jpg,va,Training
Training\va\183.jpg,va,Training
Training\va\184.jpg,va,Training
Training\va\185.jpg,va,Training
Training\va\186.jpg,va,Training
Training\va\187.jpg,va,Training
Training\va\188.jpg,va,Training
Training\va\189.jpg,va,Training
Training\va\19.jpg,va,Training
Training\va\190.jpg,va,Training
Training\va\191.jpg,va,Training
Training\va\192.jpg,va,Training
Training\va\193.jpg,va,Training
Training\va\194.jpg,va,Training
Training\va\195.jpg,va,Training
Training\va\196.jpg,va,Training
Training\va\197.jpg,va,Training
Training\va\198.jpg,va,Training
Training\va\199.jpg,va,Training
Training\va\2.jpg,va,Training
Training\va\20.jpg,va,Training
Training\va\200.jpg,va,Training
Training\va\201.jpg,va,Training
Training\va\202.jpg,va,Training
Training\va\203.jpg,va,Training
Training\va\204.jpg,va,Training
Training\va\205.jpg,va,Training
Training\va\206.jpg,va,Training
Training\va\207.jpg,va,Training
Training\va\208.jpg,va,Training
Training\va\209.jpg,va,Training
Training\va\21.jpg,va,Training
Training\va\210.jpg,va,Training
Training\va\211.jpg,va,Training
Training\va\212.jpg,va,Training
Training\va\213.jpg,va,Training
Training\va\214.jpg,va,Training
Training\va\215.jpg,va,Training
Training\va\216.jpg,va,Training
Training\va\217.jpg,va,Training
Training\va\218.jpg,va,Training
Training\va\219.jpg,va,Training
Training\va\22.jpg,va,Training
Training\va\220.jpg,va,Training
Training\va\221.jpg,va,Training
Training\va\222.jpg,va,Training
Training\va\223.jpg,va,Training
Training\va\224.jpg,va,Training
Training\va\225.jpg,va,Training
Training\va\226.jpg,va,Training
Training\va\227.jpg,va,Training
Training\va\228.jpg,va,Training
Training\va\229.jpg,va,Training
Training\va\23.jpg,va,Training
Training\va\230.jpg,va,Training
Training\va\231.jpg,va,Training
Training\va\232.jpg,va,Training
Training\va\233.jpg,va,Training
Training\va\234.jpg,va,Training
Training\va\235.jpg,va,Training
Training\va\236.jpg,va,Training
Training\va\237.jpg,va,Training
Training\va\238.jpg,va,Training
Training\va\239.jpg,va,Training
Training\va\24.jpg,va,Training
Training\va\240.jpg,va,Training
Training\va\241.jpg,va,Training
Training\va\242.jpg,va,Training
Training\va\243.jpg,va,Training
Training\va\244.jpg,va,Training
Training\va\245.jpg,va,Training
Training\va\246.jpg,va,Training
Training\va\247.jpg,va,Training
Training\va\248.jpg,va,Training
Training\va\249.jpg,va,Training
Training\va\25.jpg,va,Training
Training\va\250.jpg,va,Training
Training\va\251.jpg,va,Training
Training\va\252.jpg,va,Training
Training\va\253.jpg,va,Training
Training\va\254.jpg,va,Training
Training\va\255.jpg,va,Training
Training\va\256.jpg,va,Training
Training\va\257.jpg,va,Training
Training\va\258.jpg,va,Training
Training\va\259.jpg,va,Training
Training\va\26.jpg,va,Training
Training\va\260.jpg,va,Training
Training\va\261.jpg,va,Training
Training\va\262.jpg,va,Training
Training\va\263.jpg,va,Training
Training\va\264.jpg,va,Training
Training\va\265.jpg,va,Training
Training\va\266.jpg,va,Training
Training\va\267.jpg,va,Training
Training\va\268.jpg,va,Training
Training\va\269.jpg,va,Training
Training\va\27.jpg,va,Training
Training\va\270.jpg,va,Training
Training\va\271.jpg,va,Training
Training\va\272.jpg,va,Training
Training\va\273.jpg,va,Training
Training\va\274.jpg,va,Training
Training\va\275.jpg,va,Training
Training\va\276.jpg,va,Training
Training\va\277.jpg,va,Training
Training\va\278.jpg,va,Training
Training\va\279.jpg,va,Training
Training\va\28.jpg,va,Training
Training\va\280.jpg,va,Training
Training\va\281.jpg,va,Training
Training\va\282.jpg,va,Training
Training\va\283.jpg,va,Training
Training\va\284.jpg,va,Training
Training\va\285.jpg,va,Training
Training\va\286.jpg,va,Training
Training\va\287.jpg,va,Training
Training\va\288.jpg,va,Training
Training\va\289.jpg,va,Training
Training\va\29.jpg,va,Training
Training\va\290.jpg,va,Training
Training\va\291.jpg,va,Training
Training\va\292.jpg,va,Training
Training\va\293.jpg,va,Training
Training\va\294.jpg,va,Training
Training\va\295.jpg,va,Training
Training\va\296.jpg,va,Training
Training\va\297.jpg,va,Training
Training\va\298.jpg,va,Training
Training\va\299.jpg,va,Training
Training\va\3.jpg,va,Training
Training\va\30.jpg,va,Training
Training\va\300.jpg,va,Training
Training\va\301.jpg,va,Training
Training\va\302.jpg,va,Training
Training\va\303.jpg,va,Training
Training\va\304.jpg,va,Training
Training\va\305.jpg,va,Training
Training\va\306.jpg,va,Training
Training\va\307.jpg,va,Training
Training\va\308.jpg,va,Training
Training\va\309.jpg,va,Training
Training\va\31.jpg,va,Training
Training\va\310.jpg,va,Training
Training\va\311.jpg,va,Training
Training\va\312.jpg,va,Training
Training\va\313.jpg,va,Training
Training\va\314.jpg,va,Training
Training\va\315.jpg,va,Training
Training\va\316.jpg,va,Training
Training\va\317.jpg,va,Training
Training\va\318.jpg,va,Training
Training\va\319.jpg,va,Training
Training\va\32.jpg,va,Training
Training\va\320.jpg,va,Training
Training\va\321.jpg,va,Training
Training\va\322.jpg,va,Training
Training\va\323.jpg,va,Training
Training\va\324.jpg,va,Training
Training\va\325.jpg,va,Training
Training\va\326.jpg,va,Training
Training\va\327.jpg,va,Training
Training\va\328.jpg,va,Training
Training\va\329.jpg,va,Training
Training\va\33.jpg,va,Training
Training\va\330.jpg,va,Training
Training\va\331.jpg,va,Training
Training\va\332.jpg,va,Training
Training\va\333.jpg,va,Training
Training\va\334.jpg,va,Training
Training\va\335.jpg,va,Training
Training\va\336.jpg,va,Training
Training\va\337.jpg,va,Training
Training\va\338.jpg,va,Training
Training\va\339.jpg,va,Training
Training\va\34.jpg,va,Training
Training\va\340.jpg,va,Training
Training\va\341.jpg,va,Training
Training\va\342.jpg,va,Training
Training\va\343.jpg,va,Training
Training\va\344.jpg,va,Training
Training\va\345.jpg,va,Training
Training\va\346.jpg,va,Training
Training\va\347.jpg,va,Training
Training\va\348.jpg,va,Training
Training\va\349.jpg,va,Training
Training\va\35.jpg,va,Training
Training\va\350.jpg,va,Training
Training\va\351.jpg,va,Training
Training\va\352.jpg,va,Training
Training\va\353.jpg,va,Training
Training\va\354.jpg,va,Training
Training\va\355.jpg,va,Training
Training\va\356.jpg,va,Training
Training\va\357.jpg,va,Training
Training\va\358.jpg,va,Training
Training\va\359.jpg,va,Training
Training\va\36.jpg,va,Training
Training\va\360.jpg,va,Training
Training\va\361.jpg,va,Training
Training\va\362.jpg,va,Training
Training\va\363.jpg,va,Training
Training\va\364.jpg,va,Training
Training\va\365.jpg,va,Training
Training\va\366.jpg,va,Training
Training\va\367.jpg,va,Training
Training\va\368.jpg,va,Training
Training\va\369.jpg,va,Training
Training\va\37.jpg,va,Training
Training\va\370.jpg,va,Training
Training\va\371.jpg,va,Training
Training\va\372.jpg,va,Training
Training\va\373.jpg,va,Training
Training\va\374.jpg,va,Training
Training\va\375.jpg,va,Training
Training\va\376.jpg,va,Training
Training\va\377.jpg,va,Training
Training\va\378.jpg,va,Training
Training\va\379.jpg,va,Training
Training\va\38.jpg,va,Training
Training\va\380.jpg,va,Training
Training\va\381.jpg,va,Training
Training\va\382.jpg,va,Training
Training\va\383.jpg,va,Training
Training\va\384.jpg,va,Training
Training\va\385.jpg,va,Training
Training\va\386.jpg,va,Training
Training\va\387.jpg,va,Training
Training\va\388.jpg,va,Training
Training\va\389.jpg,va,Training
Training\va\39.jpg,va,Training
Training\va\390.jpg,va,Training
Training\va\391.jpg,va,Training
Training\va\392.jpg,va,Training
Training\va\393.jpg,va,Training
Training\va\394.jpg,va,Training
Training\va\395.jpg,va,Training
Training\va\396.jpg,va,Training
Training\va\397.jpg,va,Training
Training\va\398.jpg,va,Training
Training\va\399.jpg,va,Training
Training\va\4.jpg,va,Training
Training\va\40.jpg,va,Training
Training\va\400.jpg,va,Training
Training\va\401.jpg,va,Training
Training\va\402.jpg,va,Training
Training\va\403.jpg,va,Training
Training\va\404.jpg,va,Training
Training\va\405.jpg,va,Training
Training\va\406.jpg,va,Training
Training\va\407.jpg,va,Training
Training\va\408.jpg,va,Training
Training\va\409.jpg,va,Training
Training\va\41.jpg,va,Training
Training\va\410.jpg,va,Training
Training\va\411.jpg,va,Training
Training\va\412.jpg,va,Training
Training\va\413.jpg,va,Training
Training\va\414.jpg,va,Training
Training\va\415.jpg,va,Training
Training\va\416.jpg,va,Training
Training\va\417.jpg,va,Training
Training\va\418.jpg,va,Training
Training\va\419.jpg,va,Training
Training\va\42.jpg,va,Training
Training\va\420.jpg,va,Training
Training\va\43.jpg,va,Training
Training\va\44.jpg,va,Training
Training\va\45.jpg,va,Training
Training\va\46.jpg,va,Training
Training\va\47.jpg,va,Training
Training\va\48.jpg,va,Training
Training\va\49.jpg,va,Training
Training\va\5.jpg,va,Training
Training\va\50.jpg,va,Training
Training\va\51.jpg,va,Training
Training\va\52.jpg,va,Training
Training\va\53.jpg,va,Training
Training\va\54.jpg,va,Training
Training\va\55.jpg,va,Training
Training\va\56.jpg,va,Training
Training\va\57.jpg,va,Training
Training\va\58.jpg,va,Training
Training\va\59.jpg,va,Training
Training\va\6.jpg,va,Training
Training\va\60.jpg,va,Training
Training\va\61.jpg,va,Training
Training\va\62.jpg,va,Training
Training\va\63.jpg,va,Training
Training\va\64.jpg,va,Training
Training\va\65.jpg,va,Training
Training\va\66.jpg,va,Training
Training\va\67.jpg,va,Training
Training\va\68.jpg,va,Training
Training\va\69.jpg,va,Training
Training\va\7.jpg,va,Training
Training\va\70.jpg,va,Training
Training\va\71.jpg,va,Training
Training\va\72.jpg,va,Training
Training\va\73.jpg,va,Training
Training\va\74.jpg,va,Training
Training\va\75.jpg,va,Training
Training\va\76.jpg,va,Training
Training\va\77.jpg,va,Training
Training\va\78.jpg,va,Training
Training\va\79.jpg,va,Training
Training\va\8.jpg,va,Training
Training\va\80.jpg,va,Training
Training\va\81.jpg,va,Training
Training\va\82.jpg,va,Training
Training\va\83.jpg,va,Training
Training\va\84.jpg,va,Training
Training\va\85.jpg,va,Training
Training\va\86.jpg,va,Training
Training\va\87.jpg,va,Training
Training\va\88.jpg,va,Training
Training\va\89.jpg,va,Training
Training\va\9.jpg,va,Training
Training\va\90.jpg,va,Training
Training\va\91.jpg,va,Training
Training\va\92.jpg,va,Training
Training\va\93.jpg,va,Training
Training\va\94.jpg,va,Training
Training\va\95.jpg,va,Training
Training\va\96.jpg,va,Training
Training\va\97.jpg,va,Training
Training\va\98.jpg,va,Training
Training\va\99.jpg,va,Training
Training\ya\1.jpg,ya,Training
Training\ya\10.jpg,ya,Training
Training\ya\100.jpg,ya,Training
Training\ya\101.jpg,ya,Training
Training\ya\102.jpg,ya,Training
Training\ya\103.jpg,ya,Training
Training\ya\104.jpg,ya,Training
Training\ya\105.jpg,ya,Training
Training\ya\106.jpg,ya,Training
Training\ya\107.jpg,ya,Training
Training\ya\108.jpg,ya,Training
Training\ya\109.jpg,ya,Training
Training\ya\11.jpg,ya,Training
Training\ya\110.jpg,ya,Training
Training\ya\111.jpg,ya,Training
Training\ya\112.jpg,ya,Training
Training\ya\113.jpg,ya,Training
Training\ya\114.jpg,ya,Training
Training\ya\115.jpg,ya,Training
Training\ya\116.jpg,ya,Training
Training\ya\117.jpg,ya,Training
Training\ya\118.jpg,ya,Training
Training\ya\119.jpg,ya,Training
Training\ya\12.jpg,ya,Training
Training\ya\120.jpg,ya,Training
Training\ya\121.jpg,ya,Training
Training\ya\122.jpg,ya,Training
Training\ya\123.jpg,ya,Training
Training\ya\124.jpg,ya,Training
Training\ya\125.jpg,ya,Training
Training\ya\126.jpg,ya,Training
Training\ya\127.jpg,ya,Training
Training\ya\128.jpg,ya,Training
Training\ya\129.jpg,ya,Training
Training\ya\13.jpg,ya,Training
Training\ya\130.jpg,ya,Training
Training\ya\131.jpg,ya,Training
Training\ya\132.jpg,ya,Training
Training\ya\133.jpg,ya,Training
Training\ya\134.jpg,ya,Training
Training\ya\135.jpg,ya,Training
Training\ya\136.jpg,ya,Training
Training\ya\137.jpg,ya,Training
Training\ya\138.jpg,ya,Training
Training\ya\139.jpg,ya,Training
Training\ya\14.jpg,ya,Training
Training\ya\140.jpg,ya,Training
Training\ya\141.jpg,ya,Training
Training\ya\142.jpg,ya,Training
Training\ya\143.jpg,ya,Training
Training\ya\144.jpg,ya,Training
Training\ya\145.jpg,ya,Training
Training\ya\146.jpg,ya,Training
Training\ya\147.jpg,ya,Training
Training\ya\148.jpg,ya,Training
Training\ya\149.jpg,ya,Training
Training\ya\15.jpg,ya,Training
Training\ya\150.jpg,ya,Training
Training\ya\151.jpg,ya,Training
Training\ya\152.jpg,ya,Training
Training\ya\153.jpg,ya,Training
Training\ya\154.jpg,ya,Training
Training\ya\155.jpg,ya,Training
Training\ya\156.jpg,ya,Training
Training\ya\157.jpg,ya,Training
Training\ya\158.jpg,ya,Training
Training\ya\159.jpg,ya,Training
Training\ya\16.jpg,ya,Training
Training\ya\160.jpg,ya,Training
Training\ya\161.jpg,ya,Training
Training\ya\162.jpg,ya,Training
Training\ya\163.jpg,ya,Training
Training\ya\164.jpg,ya,Training
Training\ya\165.jpg,ya,Training
Training\ya\166.jpg,ya,Training
Training\ya\167.jpg,ya,Training
Training\ya\168.jpg,ya,Training
Training\ya\169.jpg,ya,Training
Training\ya\17.jpg,ya,Training
Training\ya\170.jpg,ya,Training
Training\ya\171.jpg,ya,Training
Training\ya\172.jpg,ya,Training
Training\ya\173.jpg,ya,Training
Training\ya\174.jpg,ya,Training
Training\ya\175.jpg,ya,Training
Training\ya\176.jpg,ya,Training
Training\ya\177.jpg,ya,Training
Training\ya\178.jpg,ya,Training
Training\ya\179.jpg,ya,Training
Training\ya\18.jpg,ya,Training
Training\ya\180.jpg,ya,Training
Training\ya\181.jpg,ya,Training
Training\ya\182.jpg,ya,Training
Training\ya\183.jpg,ya,Training
Training\ya\184.jpg,ya,Training
Training\ya\185.jpg,ya,Training
Training\ya\186.jpg,ya,Training
Training\ya\187.jpg,ya,Training
Training\ya\188.jpg,ya,Training
Training\ya\189.jpg,ya,Training
Training\ya\19.jpg,ya,Training
Training\ya\190.jpg,ya,Training
Training\ya\191.jpg,ya,Training
Training\ya\192.jpg,ya,Training
Training\ya\193.jpg,ya,Training
Training\ya\194.jpg,ya,Training
Training\ya\195.jpg,ya,Training
Training\ya\196.jpg,ya,Training
Training\ya\197.jpg,ya,Training
Training\ya\198.jpg,ya,Training
Training\ya\199.jpg,ya,Training
Training\ya\2.jpg,ya,Training
Training\ya\20.jpg,ya,Training
Training\ya\200.jpg,ya,Training
Training\ya\201.jpg,ya,Training
Training\ya\202.jpg,ya,Training
Training\ya\203.jpg,ya,Training
Training\ya\204.jpg,ya,Training
Training\ya\205.jpg,ya,Training
Training\ya\206.jpg,ya,Training
Training\ya\207.jpg,ya,Training
Training\ya\208.jpg,ya,Training
Training\ya\209.jpg,ya,Training
Training\ya\21.jpg,ya,Training
Training\ya\210.jpg,ya,Training
Training\ya\211.jpg,ya,Training
Training\ya\212.jpg,ya,Training
Training\ya\213.jpg,ya,Training
Training\ya\214.jpg,ya,Training
Training\ya\215.jpg,ya,Training
Training\ya\216.jpg,ya,Training
Training\ya\217.jpg,ya,Training
Training\ya\218.jpg,ya,Training
Training\ya\219.jpg,ya,Training
Training\ya\22.jpg,ya,Training
Training\ya\220.jpg,ya,Training
Training\ya\221.jpg,ya,Training
Training\ya\222.jpg,ya,Training
Training\ya\223.jpg,ya,Training
Training\ya\224.jpg,ya,Training
Training\ya\225.jpg,ya,Training
Training\ya\226.jpg,ya,Training
Training\ya\227.jpg,ya,Training
Training\ya\228.jpg,ya,Training
Training\ya\229.jpg,ya,Training
Training\ya\23.jpg,ya,Training
Training\ya\230.jpg,ya,Training
Training\ya\231.jpg,ya,Training
Training\ya\232.jpg,ya,Training
Training\ya\233.jpg,ya,Training
Training\ya\234.jpg,ya,Training
Training\ya\235.jpg,ya,Training
Training\ya\236.jpg,ya,Training
Training\ya\237.jpg,ya,Training
Training\ya\238.jpg,ya,Training
Training\ya\239.jpg,ya,Training
Training\ya\24.jpg,ya,Training
Training\ya\240.jpg,ya,Training
Training\ya\241.jpg,ya,Training
Training\ya\242.jpg,ya,Training
Training\ya\243.jpg,ya,Training
Training\ya\244.jpg,ya,Training
Training\ya\245.jpg,ya,Training
Training\ya\246.jpg,ya,Training
Training\ya\247.jpg,ya,Training
Training\ya\248.jpg,ya,Training
Training\ya\249.jpg,ya,Training
Training\ya\25.jpg,ya,Training
Training\ya\250.jpg,ya,Training
Training\ya\251.jpg,ya,Training
Training\ya\252.jpg,ya,Training
Training\ya\253.jpg,ya,Training
Training\ya\254.jpg,ya,Training
Training\ya\255.jpg,ya,Training
Training\ya\256.jpg,ya,Training
Training\ya\257.jpg,ya,Training
Training\ya\258.jpg,ya,Training
Training\ya\259.jpg,ya,Training
Training\ya\26.jpg,ya,Training
Training\ya\260.jpg,ya,Training
Training\ya\261.jpg,ya,Training
Training\ya\262.jpg,ya,Training
Training\ya\263.jpg,ya,Training
Training\ya\264.jpg,ya,Training
Training\ya\265.jpg,ya,Training
Training\ya\266.jpg,ya,Training
Training\ya\267.jpg,ya,Training
Training\ya\268.jpg,ya,Training
Training\ya\269.jpg,ya,Training
Training\ya\27.jpg,ya,Training
Training\ya\270.jpg,ya,Training
Training\ya\271.jpg,ya,Training
Training\ya\272.jpg,ya,Training
Training\ya\273.jpg,ya,Training
Training\ya\274.jpg,ya,Training
Training\ya\275.jpg,ya,Training
Training\ya\276.jpg,ya,Training
Training\ya\277.jpg,ya,Training
Training\ya\278.jpg,ya,Training
Training\ya\279.jpg,ya,Training
Training\ya\28.jpg,ya,Training
Training\ya\280.jpg,ya,Training
Training\ya\281.jpg,ya,Training
Training\ya\282.jpg,ya,Training
Training\ya\283.jpg,ya,Training
Training\ya\284.jpg,ya,Training
Training\ya\285.jpg,ya,Training
Training\ya\286.jpg,ya,Training
Training\ya\287.jpg,ya,Training
Training\ya\288.jpg,ya,Training
Training\ya\289.jpg,ya,Training
Training\ya\29.jpg,ya,Training
Training\ya\290.jpg,ya,Training
Training\ya\291.jpg,ya,Training
Training\ya\292.jpg,ya,Training
Training\ya\293.jpg,ya,Training
Training\ya\294.jpg,ya,Training
Training\ya\295.jpg,ya,Training
Training\ya\296.jpg,ya,Training
Training\ya\297.jpg,ya,Training
Training\ya\298.jpg,ya,Training
Training\ya\299.jpg,ya,Training
Training\ya\3.jpg,ya,Training
Training\ya\30.jpg,ya,Training
Training\ya\300.jpg,ya,Training
Training\ya\301.jpg,ya,Training
Training\ya\302.jpg,ya,Training
Training\ya\303.jpg,ya,Training
Training\ya\304.jpg,ya,Training
Training\ya\305.jpg,ya,Training
Training\ya\306.jpg,ya,Training
Training\ya\307.jpg,ya,Training
Training\ya\308.jpg,ya,Training
Training\ya\309.jpg,ya,Training
Training\ya\31.jpg,ya,Training
Training\ya\310.jpg,ya,Training
Training\ya\311.jpg,ya,Training
Training\ya\312.jpg,ya,Training
Training\ya\313.jpg,ya,Training
Training\ya\314.jpg,ya,Training
Training\ya\315.jpg,ya,Training
Training\ya\316.jpg,ya,Training
Training\ya\317.jpg,ya,Training
Training\ya\318.jpg,ya,Training
Training\ya\319.jpg,ya,Training
Training\ya\32.jpg,ya,Training
Training\ya\320.jpg,ya,Training
Training\ya\321.jpg,ya,Training
Training\ya\322.jpg,ya,Training
Training\ya\323.jpg,ya,Training
Training\ya\324.jpg,ya,Training
Training\ya\325.jpg,ya,Training
Training\ya\326.jpg,ya,Training
Training\ya\327.jpg,ya,Training
Training\ya\328.jpg,ya,Training
Training\ya\329.jpg,ya,Training
Training\ya\33.jpg,ya,Training
Training\ya\330.jpg,ya,Training
Training\ya\331.jpg,ya,Training
Training\ya\332.jpg,ya,Training
Training\ya\333.jpg,ya,Training
Training\ya\334.jpg,ya,Training
Training\ya\335.jpg,ya,Training
Training\ya\336.jpg,ya,Training
Training\ya\337.jpg,ya,Training
Training\ya\338.jpg,ya,Training
Training\ya\339.jpg,ya,Training
Training\ya\34.jpg,ya,Training
Training\ya\340.jpg,ya,Training
Training\ya\341.jpg,ya,Training
Training\ya\342.jpg,ya,Training
Training\ya\343.jpg,ya,Training
Training\ya\344.jpg,ya,Training
Training\ya\345.jpg,ya,Training
Training\ya\346.jpg,ya,Training
Training\ya\347.jpg,ya,Training
Training\ya\348.jpg,ya,Training
Training\ya\349.jpg,ya,Training
Training\ya\35.jpg,ya,Training
Training\ya\350.jpg,ya,Training
Training\ya\351.jpg,ya,Training
Training\ya\352.jpg,ya,Training
Training\ya\353.jpg,ya,Training
Training\ya\354.jpg,ya,Training
Training\ya\355.jpg,ya,Training
Training\ya\356.jpg,ya,Training
Training\ya\357.jpg,ya,Training
Training\ya\358.jpg,ya,Training
Training\ya\359.jpg,ya,Training
Training\ya\36.jpg,ya,Training
Training\ya\360.jpg,ya,Training
Training\ya\361.jpg,ya,Training
Training\ya\362.jpg,ya,Training
Training\ya\363.jpg,ya,Training
Training\ya\364.jpg,ya,Training
Training\ya\365.jpg,ya,Training
Training\ya\366.jpg,ya,Training
Training\ya\367.jpg,ya,Training
Training\ya\368.jpg,ya,Training
Training\ya\369.jpg,ya,Training
Training\ya\37.jpg,ya,Training
Training\ya\370.jpg,ya,Training
Training\ya\371.jpg,ya,Training
Training\ya\372.jpg,ya,Training
Training\ya\373.jpg,ya,Training
Training\ya\374.jpg,ya,Training
Training\ya\375.jpg,ya,Training
Training\ya\376.jpg,ya,Training
Training\ya\377.jpg,ya,Training
Training\ya\378.jpg,ya,Training
Training\ya\379.jpg,ya,Training
Training\ya\38.jpg,ya,Training
Training\ya\380.jpg,ya,Training
Training\ya\381.jpg,ya,Training
Training\ya\382.jpg,ya,Training
Training\ya\383.jpg,ya,Training
Training\ya\384.jpg,ya,Training
Training\ya\385.jpg,ya,Training
Training\ya\386.jpg,ya,Training
Training\ya\387.jpg,ya,Training
Training\ya\388.jpg,ya,Training
Training\ya\389.jpg,ya,Training
Training\ya\39.jpg,ya,Training
Training\ya\390.jpg,ya,Training
Training\ya\391.jpg,ya,Training
Training\ya\392.jpg,ya,Training
Training\ya\393.jpg,ya,Training
Training\ya\394.jpg,ya,Training
Training\ya\395.jpg,ya,Training
Training\ya\396.jpg,ya,Training
Training\ya\397.jpg,ya,Training
Training\ya\398.jpg,ya,Training
Training\ya\399.jpg,ya,Training
Training\ya\4.jpg,ya,Training
Training\ya\40.jpg,ya,Training
Training\ya\400.jpg,ya,Training
Training\ya\401.jpg,ya,Training
Training\ya\402.jpg,ya,Training
Training\ya\403.jpg,ya,Training
Training\ya\404.jpg,ya,Training
Training\ya\405.jpg,ya,Training
Training\ya\406.jpg,ya,Training
Training\ya\407.jpg,ya,Training
Training\ya\408.jpg,ya,Training
Training\ya\409.jpg,ya,Training
Training\ya\41.jpg,ya,Training
Training\ya\410.jpg,ya,Training
Training\ya\411.jpg,ya,Training
Training\ya\412.jpg,ya,Training
Training\ya\413.jpg,ya,Training
Training\ya\414.jpg,ya,Training
Training\ya\415.jpg,ya,Training
Training\ya\416.jpg,ya,Training
Training\ya\417.jpg,ya,Training
Training\ya\418.jpg,ya,Training
Training\ya\419.jpg,ya,Training
Training\ya\42.jpg,ya,Training
Training\ya\420.jpg,ya,Training
Training\ya\43.jpg,ya,Training
Training\ya\44.jpg,ya,Training
Training\ya\45.jpg,ya,Training
Training\ya\46.jpg,ya,Training
Training\ya\47.jpg,ya,Training
Training\ya\48.jpg,ya,Training
Training\ya\49.jpg,ya,Training
Training\ya\5.jpg,ya,Training
Training\ya\50.jpg,ya,Training
Training\ya\51.jpg,ya,Training
Training\ya\52.jpg,ya,Training
Training\ya\53.jpg,ya,Training
Training\ya\54.jpg,ya,Training
Training\ya\55.jpg,ya,Training
Training\ya\56.jpg,ya,Training
Training\ya\57.jpg,ya,Training
Training\ya\58.jpg,ya,Training
Training\ya\59.jpg,ya,Training
Training\ya\6.jpg,ya,Training
Training\ya\60.jpg,ya,Training
Training\ya\61.jpg,ya,Training
Training\ya\62.jpg,ya,Training
Training\ya\63.jpg,ya,Training
Training\ya\64.jpg,ya,Training
Training\ya\65.jpg,ya,Training
Training\ya\66.jpg,ya,Training
Training\ya\67.jpg,ya,Training
Training\ya\68.jpg,ya,Training
Training\ya\69.jpg,ya,Training
Training\ya\7.jpg,ya,Training
Training\ya\70.jpg,ya,Training
Training\ya\71.jpg,ya,Training
Training\ya\72.jpg,ya,Training
Training\ya\73.jpg,ya,Training
Training\ya\74.jpg,ya,Training
Training\ya\75.jpg,ya,Training
Training\ya\76.jpg,ya,Training
Training\ya\77.jpg,ya,Training
Training\ya\78.jpg,ya,Training
Training\ya\79.jpg,ya,Training
Training\ya\8.jpg,ya,Training
Training\ya\80.jpg,ya,Training
Training\ya\81.jpg,ya,Training
Training\ya\82.jpg,ya,Training
Training\ya\83.jpg,ya,Training
Training\ya\84.jpg,ya,Training
Training\ya\85.jpg,ya,Training
Training\ya\86.jpg,ya,Training
Training\ya\87.jpg,ya,Training
Training\ya\88.jpg,ya,Training
Training\ya\89.jpg,ya,Training
Training\ya\9.jpg,ya,Training
Training\ya\90.jpg,ya,Training
Training\ya\91.jpg,ya,Training
Training\ya\92.jpg,ya,Training
Training\ya\93.jpg,ya,Training
Training\ya\94.jpg,ya,Training
Training\ya\95.jpg,ya,Training
Training\ya\96.jpg,ya,Training
Training\ya\97.jpg,ya,Training
Training\ya\98.jpg,ya,Training
Training\ya\99.jpg,ya,Training
Training\yan\1.jpg,yan,Training
Training\yan\10.jpg,yan,Training
Training\yan\100.jpg,yan,Training
Training\yan\101.jpg,yan,Training
Training\yan\102.jpg,yan,Training
Training\yan\103.jpg,yan,Training
Training\yan\104.jpg,yan,Training
Training\yan\105.jpg,yan,Training
Training\yan\106.jpg,yan,Training
Training\yan\107.jpg,yan,Training
Training\yan\108.jpg,yan,Training
Training\yan\109.jpg,yan,Training
Training\yan\11.jpg,yan,Training
Training\yan\110.jpg,yan,Training
Training\yan\111.jpg,yan,Training
Training\yan\112.jpg,yan,Training
Training\yan\113.jpg,yan,Training
Training\yan\114.jpg,yan,Training
Training\yan\115.jpg,yan,Training
Training\yan\116.jpg,yan,Training
Training\yan\117.jpg,yan,Training
Training\yan\118.jpg,yan,Training
Training\yan\119.jpg,yan,Training
Training\yan\12.jpg,yan,Training
Training\yan\120.jpg,yan,Training
Training\yan\121.jpg,yan,Training
Training\yan\122.jpg,yan,Training
Training\yan\123.jpg,yan,Training
Training\yan\124.jpg,yan,Training
Training\yan\125.jpg,yan,Training
Training\yan\126.jpg,yan,Training
Training\yan\127.jpg,yan,Training
Training\yan\128.jpg,yan,Training
Training\yan\129.jpg,yan,Training
Training\yan\13.jpg,yan,Training
Training\yan\130.jpg,yan,Training
Training\yan\131.jpg,yan,Training
Training\yan\132.jpg,yan,Training
Training\yan\133.jpg,yan,Training
Training\yan\134.jpg,yan,Training
Training\yan\135.jpg,yan,Training
Training\yan\136.jpg,yan,Training
Training\yan\137.jpg,yan,Training
Training\yan\138.jpg,yan,Training
Training\yan\139.jpg,yan,Training
Training\yan\14.jpg,yan,Training
Training\yan\140.jpg,yan,Training
Training\yan\141.jpg,yan,Training
Training\yan\142.jpg,yan,Training
Training\yan\143.jpg,yan,Training
Training\yan\144.jpg,yan,Training
Training\yan\145.jpg,yan,Training
Training\yan\146.jpg,yan,Training
Training\yan\147.jpg,yan,Training
Training\yan\148.jpg,yan,Training
Training\yan\149.jpg,yan,Training
Training\yan\15.jpg,yan,Training
Training\yan\150.jpg,yan,Training
Training\yan\151.jpg,yan,Training
Training\yan\152.jpg,yan,Training
Training\yan\153.jpg,yan,Training
Training\yan\154.jpg,yan,Training
Training\yan\155.jpg,yan,Training
Training\yan\156.jpg,yan,Training
Training\yan\157.jpg,yan,Training
Training\yan\158.jpg,yan,Training
Training\yan\159.jpg,yan,Training
Training\yan\16.jpg,yan,Training
Training\yan\160.jpg,yan,Training
Training\yan\161.jpg,yan,Training
Training\yan\162.jpg,yan,Training
Training\yan\163.jpg,yan,Training
Training\yan\164.jpg,yan,Training
Training\yan\165.jpg,yan,Training
Training\yan\166.jpg,yan,Training
Training\yan\167.jpg,yan,Training
Training\yan\168.jpg,yan,Training
Training\yan\169.jpg,yan,Training
Training\yan\17.jpg,yan,Training
Training\yan\170.jpg,yan,Training
Training\yan\171.jpg,yan,Training
Training\yan\172.jpg,yan,Training
Training\yan\173.jpg,yan,Training
Training\yan\174.jpg,yan,Training
Training\yan\175.jpg,yan,Training
Training\yan\176.jpg,yan,Training
Training\yan\177.jpg,yan,Training
Training\yan\178.jpg,yan,Training
Training\yan\179.jpg,yan,Training
Training\yan\18.jpg,yan,Training
Training\yan\180.jpg,yan,Training
Training\yan\181.jpg,yan,Training
Training\yan\182.jpg,yan,Training
Training\yan\183.jpg,yan,Training
Training\yan\184.jpg,yan,Training
Training\yan\185.jpg,yan,Training
Training\yan\186.jpg,yan,Training
Training\yan\187.jpg,yan,Training
Training\yan\188.jpg,yan,Training
Training\yan\189.jpg,yan,Training
Training\yan\19.jpg,yan,Training
Training\yan\190.jpg,yan,Training
Training\yan\191.jpg,yan,Training
Training\yan\192.jpg,yan,Training
Training\yan\193.jpg,yan,Training
Training\yan\194.jpg,yan,Training
Training\yan\195.jpg,yan,Training
Training\yan\196.jpg,yan,Training
Training\yan\197.jpg,yan,Training
Training\yan\198.jpg,yan,Training
Training\yan\199.jpg,yan,Training
Training\yan\2.jpg,yan,Training
Training\yan\20.jpg,yan,Training
Training\yan\200.jpg,yan,Training
Training\yan\201.jpg,yan,Training
Training\yan\202.jpg,yan,Training
Training\yan\203.jpg,yan,Training
Training\yan\204.jpg,yan,Training
Training\yan\205.jpg,yan,Training
Training\yan\206.jpg,yan,Training
Training\yan\207.jpg,yan,Training
Training\yan\208.jpg,yan,Training
Training\yan\209.jpg,yan,Training
Training\yan\21.jpg,yan,Training
Training\yan\210.jpg,yan,Training
Training\yan\211.jpg,yan,Training
Training\yan\212.jpg,yan,Training
Training\yan\213.jpg,yan,Training
Training\yan\214.jpg,yan,Training
Training\yan\215.jpg,yan,Training
Training\yan\216.jpg,yan,Training
Training\yan\217.jpg,yan,Training
Training\yan\218.jpg,yan,Training
Training\yan\219.jpg,yan,Training
Training\yan\22.jpg,yan,Training
Training\yan\220.jpg,yan,Training
Training\yan\221.jpg,yan,Training
Training\yan\222.jpg,yan,Training
Training\yan\223.jpg,yan,Training
Training\yan\224.jpg,yan,Training
Training\yan\225.jpg,yan,Training
Training\yan\226.jpg,yan,Training
Training\yan\227.jpg,yan,Training
Training\yan\228.jpg,yan,Training
Training\yan\229.jpg,yan,Training
Training\yan\23.jpg,yan,Training
Training\yan\230.jpg,yan,Training
Training\yan\231.jpg,yan,Training
Training\yan\232.jpg,yan,Training
Training\yan\233.jpg,yan,Training
Training\yan\234.jpg,yan,Training
Training\yan\235.jpg,yan,Training
Training\yan\236.jpg,yan,Training
Training\yan\237.jpg,yan,Training
Training\yan\238.jpg,yan,Training
Training\yan\239.jpg,yan,Training
Training\yan\24.jpg,yan,Training
Training\yan\240.jpg,yan,Training
Training\yan\241.jpg,yan,Training
Training\yan\242.jpg,yan,Training
Training\yan\243.jpg,yan,Training
Training\yan\244.jpg,yan,Training
Training\yan\245.jpg,yan,Training
Training\yan\246.jpg,yan,Training
Training\yan\247.jpg,yan,Training
Training\yan\248.jpg,yan,Training
Training\yan\249.jpg,yan,Training
Training\yan\25.jpg,yan,Training
Training\yan\250.jpg,yan,Training
Training\yan\251.jpg,yan,Training
Training\yan\252.jpg,yan,Training
Training\yan\253.jpg,yan,Training
Training\yan\254.jpg,yan,Training
Training\yan\255.jpg,yan,Training
Training\yan\256.jpg,yan,Training
Training\yan\257.jpg,yan,Training
Training\yan\258.jpg,yan,Training
Training\yan\259.jpg,yan,Training
Training\yan\26.jpg,yan,Training
Training\yan\260.jpg,yan,Training
Training\yan\261.jpg,yan,Training
Training\yan\262.jpg,yan,Training
Training\yan\263.jpg,yan,Training
Training\yan\264.jpg,yan,Training
Training\yan\265.jpg,yan,Training
Training\yan\266.jpg,yan,Training
Training\yan\267.jpg,yan,Training
Training\yan\268.jpg,yan,Training
Training\yan\269.jpg,yan,Training
Training\yan\27.jpg,yan,Training
Training\yan\270.jpg,yan,Training
Training\yan\271.jpg,yan,Training
Training\yan\272.jpg,yan,Training
Training\yan\273.jpg,yan,Training
Training\yan\274.jpg,yan,Training
Training\yan\275.jpg,yan,Training
Training\yan\276.jpg,yan,Training
Training\yan\277.jpg,yan,Training
Training\yan\278.jpg,yan,Training
Training\yan\279.jpg,yan,Training
Training\yan\28.jpg,yan,Training
Training\yan\280.jpg,yan,Training
Training\yan\281.jpg,yan,Training
Training\yan\282.jpg,yan,Training
Training\yan\283.jpg,yan,Training
Training\yan\284.jpg,yan,Training
Training\yan\285.jpg,yan,Training
Training\yan\286.jpg,yan,Training
Training\yan\287.jpg,yan,Training
Training\yan\288.jpg,yan,Training
Training\yan\289.jpg,yan,Training
Training\yan\29.jpg,yan,Training
Training\yan\290.jpg,yan,Training
Training\yan\291.jpg,yan,Training
Training\yan\292.jpg,yan,Training
Training\yan\293.jpg,yan,Training
Training\yan\294.jpg,yan,Training
Training\yan\295.jpg,yan,Training
Training\yan\296.jpg,yan,Training
Training\yan\297.jpg,yan,Training
Training\yan\298.jpg,yan,Training
Training\yan\299.jpg,yan,Training
Training\yan\3.jpg,yan,Training
Training\yan\30.jpg,yan,Training
Training\yan\300.jpg,yan,Training
Training\yan\301.jpg,yan,Training
Training\yan\302.jpg,yan,Training
Training\yan\303.jpg,yan,Training
Training\yan\304.jpg,yan,Training
Training\yan\305.jpg,yan,Training
Training\yan\306.jpg,yan,Training
Training\yan\307.jpg,yan,Training
Training\yan\308.jpg,yan,Training
Training\yan\309.jpg,yan,Training
Training\yan\31.jpg,yan,Training
Training\yan\310.jpg,yan,Training
Training\yan\311.jpg,yan,Training
Training\yan\312.jpg,yan,Training
Training\yan\313.jpg,yan,Training
Training\yan\314.jpg,yan,Training
Training\yan\315.jpg,yan,Training
Training\yan\316.jpg,yan,Training
Training\yan\317.jpg,yan,Training
Training\yan\318.jpg,yan,Training
Training\yan\319.jpg,yan,Training
Training\yan\32.jpg,yan,Training
Training\yan\320.jpg,yan,Training
Training\yan\321.jpg,yan,Training
Training\yan\322.jpg,yan,Training
Training\yan\323.jpg,yan,Training
Training\yan\324.jpg,yan,Training
Training\yan\325.jpg,yan,Training
Training\yan\326.jpg,yan,Training
Training\yan\327.jpg,yan,Training
Training\yan\328.jpg,yan,Training
Training\yan\329.jpg,yan,Training
Training\yan\33.jpg,yan,Training
Training\yan\330.jpg,yan,Training
Training\yan\331.jpg,yan,Training
Training\yan\332.jpg,yan,Training
Training\yan\333.jpg,yan,Training
Training\yan\334.jpg,yan,Training
Training\yan\335.jpg,yan,Training
Training\yan\336.jpg,yan,Training
Training\yan\337.jpg,yan,Training
Training\yan\338.jpg,yan,Training
Training\yan\339.jpg,yan,Training
Training\yan\34.jpg,yan,Training
Training\yan\340.jpg,yan,Training
Training\yan\341.jpg,yan,Training
Training\yan\342.jpg,yan,Training
Training\yan\343.jpg,yan,Training
Training\yan\344.jpg,yan,Training
Training\yan\345.jpg,yan,Training
Training\yan\346.jpg,yan,Training
Training\yan\347.jpg,yan,Training
Training\yan\348.jpg,yan,Training
Training\yan\349.jpg,yan,Training
Training\yan\35.jpg,yan,Training
Training\yan\350.jpg,yan,Training
Training\yan\351.jpg,yan,Training
Training\yan\352.jpg,yan,Training
Training\yan\353.jpg,yan,Training
Training\yan\354.jpg,yan,Training
Training\yan\355.jpg,yan,Training
Training\yan\356.jpg,yan,Training
Training\yan\357.jpg,yan,Training
Training\yan\358.jpg,yan,Training
Training\yan\359.jpg,yan,Training
Training\yan\36.jpg,yan,Training
Training\yan\360.jpg,yan,Training
Training\yan\361.jpg,yan,Training
Training\yan\362.jpg,yan,Training
Training\yan\363.jpg,yan,Training
Training\yan\364.jpg,yan,Training
Training\yan\365.jpg,yan,Training
Training\yan\366.jpg,yan,Training
Training\yan\367.jpg,yan,Training
Training\yan\368.jpg,yan,Training
Training\yan\369.jpg,yan,Training
Training\yan\37.jpg,yan,Training
Training\yan\370.jpg,yan,Training
Training\yan\371.jpg,yan,Training
Training\yan\372.jpg,yan,Training
Training\yan\373.jpg,yan,Training
Training\yan\374.jpg,yan,Training
Training\yan\375.jpg,yan,Training
Training\yan\376.jpg,yan,Training
Training\yan\377.jpg,yan,Training
Training\yan\378.jpg,yan,Training
Training\yan\379.jpg,yan,Training
Training\yan\38.jpg,yan,Training
Training\yan\380.jpg,yan,Training
Training\yan\381.jpg,yan,Training
Training\yan\382.jpg,yan,Training
Training\yan\383.jpg,yan,Training
Training\yan\384.jpg,yan,Training
Training\yan\385.jpg,yan,Training
Training\yan\386.jpg,yan,Training
Training\yan\387.jpg,yan,Training
Training\yan\388.jpg,yan,Training
Training\yan\389.jpg,yan,Training
Training\yan\39.jpg,yan,Training
Training\yan\390.jpg,yan,Training
Training\yan\391.jpg,yan,Training
Training\yan\392.jpg,yan,Training
Training\yan\393.jpg,yan,Training
Training\yan\394.jpg,yan,Training
Training\yan\395.jpg,yan,Training
Training\yan\396.jpg,yan,Training
Training\yan\397.jpg,yan,Training
Training\yan\398.jpg,yan,Training
Training\yan\399.jpg,yan,Training
Training\yan\4.jpg,yan,Training
Training\yan\40.jpg,yan,Training
Training\yan\400.jpg,yan,Training
Training\yan\401.jpg,yan,Training
Training\yan\402.jpg,yan,Training
Training\yan\403.jpg,yan,Training
Training\yan\404.jpg,yan,Training
Training\yan\405.jpg,yan,Training
Training\yan\406.jpg,yan,Training
Training\yan\407.jpg,yan,Training
Training\yan\408.jpg,yan,Training
Training\yan\409.jpg,yan,Training
Training\yan\41.jpg,yan,Training
Training\yan\410.jpg,yan,Training
Training\yan\411.jpg,yan,Training
Training\yan\412.jpg,yan,Training
Training\yan\413.jpg,yan,Training
Training\yan\414.jpg,yan,Training
Training\yan\415.jpg,yan,Training
Training\yan\416.jpg,yan,Training
Training\yan\417.jpg,yan,Training
Training\yan\418.jpg,yan,Training
Training\yan\419.jpg,yan,Training
Training\yan\42.jpg,yan,Training
Training\yan\420.jpg,yan,Training
Training\yan\43.jpg,yan,Training
Training\yan\44.jpg,yan,Training
Training\yan\45.jpg,yan,Training
Training\yan\46.jpg,yan,Training
Training\yan\47.jpg,yan,Training
Training\yan\48.jpg,yan,Training
Training\yan\49.jpg,yan,Training
Training\yan\5.jpg,yan,Training
Training\yan\50.jpg,yan,Training
Training\yan\51.jpg,yan,Training
Training\yan\52.jpg,yan,Training
Training\yan\53.jpg,yan,Training
Training\yan\54.jpg,yan,Training
Training\yan\55.jpg,yan,Training
Training\yan\56.jpg,yan,Training
Training\yan\57.jpg,yan,Training
Training\yan\58.jpg,yan,Training
Training\yan\59.jpg,yan,Training
Training\yan\6.jpg,yan,Training
Training\yan\60.jpg,yan,Training
Training\yan\61.jpg,yan,Training
Training\yan\62.jpg,yan,Training
Training\yan\63.jpg,yan,Training
Training\yan\64.jpg,yan,Training
Training\yan\65.jpg,yan,Training
Training\yan\66.jpg,yan,Training
Training\yan\67.jpg,yan,Training
Training\yan\68.jpg,yan,Training
Training\yan\69.jpg,yan,Training
Training\yan\7.jpg,yan,Training
Training\yan\70.jpg,yan,Training
Training\yan\71.jpg,yan,Training
Training\yan\72.jpg,yan,Training
Training\yan\73.jpg,yan,Training
Training\yan\74.jpg,yan,Training
Training\yan\75.jpg,yan,Training
Training\yan\76.jpg,yan,Training
Training\yan\77.jpg,yan,Training
Training\yan\78.jpg,yan,Training
Training\yan\79.jpg,yan,Training
Training\yan\8.jpg,yan,Training
Training\yan\80.jpg,yan,Training
Training\yan\81.jpg,yan,Training
Training\yan\82.jpg,yan,Training
Training\yan\83.jpg,yan,Training
Training\yan\84.jpg,yan,Training
Training\yan\85.jpg,yan,Training
Training\yan\86.jpg,yan,Training
Training\yan\87.jpg,yan,Training
Training\yan\88.jpg,yan,Training
Training\yan\89.jpg,yan,Training
Training\yan\9.jpg,yan,Training
Training\yan\90.jpg,yan,Training
Training\yan\91.jpg,yan,Training
Training\yan\92.jpg,yan,Training
Training\yan\93.jpg,yan,Training
Training\yan\94.jpg,yan,Training
Training\yan\95.jpg,yan,Training
Training\yan\96.jpg,yan,Training
Training\yan\97.jpg,yan,Training
Training\yan\98.jpg,yan,Training
Training\yan\99.jpg,yan,Training
Testing\a\421.jpg,a,Testing
Testing\a\422.jpg,a,Testing
Testing\a\423.jpg,a,Testing
Testing\a\424.jpg,a,Testing
Testing\a\425.jpg,a,Testing
Testing\a\426.jpg,a,Testing
Testing\a\427.jpg,a,Testing
Testing\a\428.jpg,a,Testing
Testing\a\429.jpg,a,Testing
Testing\a\430.jpg,a,Testing
Testing\a\431.jpg,a,Testing
Testing\a\432.jpg,a,Testing
Testing\a\433.jpg,a,Testing
Testing\a\434.jpg,a,Testing
Testing\a\435.jpg,a,Testing
Testing\a\436.jpg,a,Testing
Testing\a\437.jpg,a,Testing
Testing\a\438.jpg,a,Testing
Testing\a\439.jpg,a,Testing
Testing\a\440.jpg,a,Testing
Testing\a\441.jpg,a,Testing
Testing\a\442.jpg,a,Testing
Testing\a\443.jpg,a,Testing
Testing\a\444.jpg,a,Testing
Testing\a\445.jpg,a,Testing
Testing\a\446.jpg,a,Testing
Testing\a\447.jpg,a,Testing
Testing\a\448.jpg,a,Testing
Testing\a\449.jpg,a,Testing
Testing\a\450.jpg,a,Testing
Testing\a\451.jpg,a,Testing
Testing\a\452.jpg,a,Testing
Testing\a\453.jpg,a,Testing
Testing\a\454.jpg,a,Testing
Testing\a\455.jpg,a,Testing
Testing\a\456.jpg,a,Testing
Testing\a\457.jpg,a,Testing
Testing\a\458.jpg,a,Testing
Testing\a\459.jpg,a,Testing
Testing\a\460.jpg,a,Testing
Testing\a\461.jpg,a,Testing
Testing\a\462.jpg,a,Testing
Testing\a\463.jpg,a,Testing
Testing\a\464.jpg,a,Testing
Testing\a\465.jpg,a,Testing
Testing\a\466.jpg,a,Testing
Testing\a\467.jpg,a,Testing
Testing\a\468.jpg,a,Testing
Testing\a\469.jpg,a,Testing
Testing\a\470.jpg,a,Testing
Testing\a\471.jpg,a,Testing
Testing\a\472.jpg,a,Testing
Testing\a\473.jpg,a,Testing
Testing\a\474.jpg,a,Testing
Testing\a\475.jpg,a,Testing
Testing\a\476.jpg,a,Testing
Testing\a\477.jpg,a,Testing
Testing\a\478.jpg,a,Testing
Testing\a\479.jpg,a,Testing
Testing\a\480.jpg,a,Testing
Testing\a\481.jpg,a,Testing
Testing\a\482.jpg,a,Testing
Testing\a\483.jpg,a,Testing
Testing\a\484.jpg,a,Testing
Testing\a\485.jpg,a,Testing
Testing\a\486.jpg,a,Testing
Testing\a\487.jpg,a,Testing
Testing\a\488.jpg,a,Testing
Testing\a\489.jpg,a,Testing
Testing\a\490.jpg,a,Testing
Testing\a\491.jpg,a,Testing
Testing\a\492.jpg,a,Testing
Testing\a\493.jpg,a,Testing
Testing\a\494.jpg,a,Testing
Testing\a\495.jpg,a,Testing
Testing\a\496.jpg,a,Testing
Testing\a\497.jpg,a,Testing
Testing\a\498.jpg,a,Testing
Testing\a\499.jpg,a,Testing
Testing\a\500.jpg,a,Testing
Testing\a\501.jpg,a,Testing
Testing\a\502.jpg,a,Testing
Testing\a\503.jpg,a,Testing
Testing\a\504.jpg,a,Testing
Testing\a\505.jpg,a,Testing
Testing\a\506.jpg,a,Testing
Testing\a\507.jpg,a,Testing
Testing\a\508.jpg,a,Testing
Testing\a\509.jpg,a,Testing
Testing\a\510.jpg,a,Testing
Testing\a\511.jpg,a,Testing
Testing\a\512.jpg,a,Testing
Testing\a\513.jpg,a,Testing
Testing\a\514.jpg,a,Testing
Testing\a\515.jpg,a,Testing
Testing\a\516.jpg,a,Testing
Testing\a\517.jpg,a,Testing
Testing\a\518.jpg,a,Testing
Testing\a\519.jpg,a,Testing
Testing\a\520.jpg,a,Testing
Testing\a\521.jpg,a,Testing
Testing\a\522.jpg,a,Testing
Testing\a\523.jpg,a,Testing
Testing\a\524.jpg,a,Testing
Testing\a\525.jpg,a,Testing
Testing\a\526.jpg,a,Testing
Testing\a\527.jpg,a,Testing
Testing\a\528.jpg,a,Testing
Testing\a\529.jpg,a,Testing
Testing\a\530.jpg,a,Testing
Testing\a\531.jpg,a,Testing
Testing\a\532.jpg,a,Testing
Testing\a\533.jpg,a,Testing
Testing\a\534.jpg,a,Testing
Testing\a\535.jpg,a,Testing
Testing\a\536.jpg,a,Testing
Testing\a\537.jpg,a,Testing
Testing\a\538.jpg,a,Testing
Testing\a\539.jpg,a,Testing
Testing\a\540.jpg,a,Testing
Testing\a\541.jpg,a,Testing
Testing\a\542.jpg,a,Testing
Testing\a\543.jpg,a,Testing
Testing\a\544.jpg,a,Testing
Testing\a\545.jpg,a,Testing
Testing\a\546.jpg,a,Testing
Testing\a\547.jpg,a,Testing
Testing\a\548.jpg,a,Testing
Testing\a\549.jpg,a,Testing
Testing\a\550.jpg,a,Testing
Testing\a\551.jpg,a,Testing
Testing\a\552.jpg,a,Testing
Testing\a\553.jpg,a,Testing
Testing\a\554.jpg,a,Testing
Testing\a\555.jpg,a,Testing
Testing\a\556.jpg,a,Testing
Testing\a\557.jpg,a,Testing
Testing\a\558.jpg,a,Testing
Testing\a\559.jpg,a,Testing
Testing\a\560.jpg,a,Testing
Testing\a\561.jpg,a,Testing
Testing\a\562.jpg,a,Testing
Testing\a\563.jpg,a,Testing
Testing\a\564.jpg,a,Testing
Testing\a\565.jpg,a,Testing
Testing\a\566.jpg,a,Testing
Testing\a\567.jpg,a,Testing
Testing\a\568.jpg,a,Testing
Testing\a\569.jpg,a,Testing
Testing\a\570.jpg,a,Testing
Testing\a\571.jpg,a,Testing
Testing\a\572.jpg,a,Testing
Testing\a\573.jpg,a,Testing
Testing\a\574.jpg,a,Testing
Testing\a\575.jpg,a,Testing
Testing\a\576.jpg,a,Testing
Testing\a\577.jpg,a,Testing
Testing\a\578.jpg,a,Testing
Testing\a\579.jpg,a,Testing
Testing\a\580.jpg,a,Testing
Testing\a\581.jpg,a,Testing
Testing\a\582.jpg,a,Testing
Testing\a\583.jpg,a,Testing
Testing\a\584.jpg,a,Testing
Testing\a\585.jpg,a,Testing
Testing\a\586.jpg,a,Testing
Testing\a\587.jpg,a,Testing
Testing\a\588.jpg,a,Testing
Testing\a\589.jpg,a,Testing
Testing\a\590.jpg,a,Testing
Testing\a\591.jpg,a,Testing
Testing\a\592.jpg,a,Testing
Testing\a\593.jpg,a,Testing
Testing\a\594.jpg,a,Testing
Testing\a\595.jpg,a,Testing
Testing\a\596.jpg,a,Testing
Testing\a\597.jpg,a,Testing
Testing\a\598.jpg,a,Testing
Testing\a\599.jpg,a,Testing
Testing\a\600.jpg,a,Testing
Testing\aa\421.jpg,aa,Testing
Testing\aa\422.jpg,aa,Testing
Testing\aa\423.jpg,aa,Testing
Testing\aa\424.jpg,aa,Testing
Testing\aa\425.jpg,aa,Testing
Testing\aa\426.jpg,aa,Testing
Testing\aa\427.jpg,aa,Testing
Testing\aa\428.jpg,aa,Testing
Testing\aa\429.jpg,aa,Testing
Testing\aa\430.jpg,aa,Testing
Testing\aa\431.jpg,aa,Testing
Testing\aa\432.jpg,aa,Testing
Testing\aa\433.jpg,aa,Testing
Testing\aa\434.jpg,aa,Testing
Testing\aa\435.jpg,aa,Testing
Testing\aa\436.jpg,aa,Testing
Testing\aa\437.jpg,aa,Testing
Testing\aa\438.jpg,aa,Testing
Testing\aa\439.jpg,aa,Testing
Testing\aa\440.jpg,aa,Testing
Testing\aa\441.jpg,aa,Testing
Testing\aa\442.jpg,aa,Testing
Testing\aa\443.jpg,aa,Testing
Testing\aa\444.jpg,aa,Testing
Testing\aa\445.jpg,aa,Testing
Testing\aa\446.jpg,aa,Testing
Testing\aa\447.jpg,aa,Testing
Testing\aa\448.jpg,aa,Testing
Testing\aa\449.jpg,aa,Testing
Testing\aa\450.jpg,aa,Testing
Testing\aa\451.jpg,aa,Testing
Testing\aa\452.jpg,aa,Testing
Testing\aa\453.jpg,aa,Testing
Testing\aa\454.jpg,aa,Testing
Testing\aa\455.jpg,aa,Testing
Testing\aa\456.jpg,aa,Testing
Testing\aa\457.jpg,aa,Testing
Testing\aa\458.jpg,aa,Testing
Testing\aa\459.jpg,aa,Testing
Testing\aa\460.jpg,aa,Testing
Testing\aa\461.jpg,aa,Testing
Testing\aa\462.jpg,aa,Testing
Testing\aa\463.jpg,aa,Testing
Testing\aa\464.jpg,aa,Testing
Testing\aa\465.jpg,aa,Testing
Testing\aa\466.jpg,aa,Testing
Testing\aa\467.jpg,aa,Testing
Testing\aa\468.jpg,aa,Testing
Testing\aa\469.jpg,aa,Testing
Testing\aa\470.jpg,aa,Testing
Testing\aa\471.jpg,aa,Testing
Testing\aa\472.jpg,aa,Testing
Testing\aa\473.jpg,aa,Testing
Testing\aa\474.jpg,aa,Testing
Testing\aa\475.jpg,aa,Testing
Testing\aa\476.jpg,aa,Testing
Testing\aa\477.jpg,aa,Testing
Testing\aa\478.jpg,aa,Testing
Testing\aa\479.jpg,aa,Testing
Testing\aa\480.jpg,aa,Testing
Testing\aa\481.jpg,aa,Testing
Testing\aa\482.jpg,aa,Testing
Testing\aa\483.jpg,aa,Testing
Testing\aa\484.jpg,aa,Testing
Testing\aa\485.jpg,aa,Testing
Testing\aa\486.jpg,aa,Testing
Testing\aa\487.jpg,aa,Testing
Testing\aa\488.jpg,aa,Testing
Testing\aa\489.jpg,aa,Testing
Testing\aa\490.jpg,aa,Testing
Testing\aa\491.jpg,aa,Testing
Testing\aa\492.jpg,aa,Testing
Testing\aa\493.jpg,aa,Testing
Testing\aa\494.jpg,aa,Testing
Testing\aa\495.jpg,aa,Testing
Testing\aa\496.jpg,aa,Testing
Testing\aa\497.jpg,aa,Testing
Testing\aa\498.jpg,aa,Testing
Testing\aa\499.jpg,aa,Testing
Testing\aa\500.jpg,aa,Testing
Testing\aa\501.jpg,aa,Testing
Testing\aa\502.jpg,aa,Testing
Testing\aa\503.jpg,aa,Testing
Testing\aa\504.jpg,aa,Testing
Testing\aa\505.jpg,aa,Testing
Testing\aa\506.jpg,aa,Testing
Testing\aa\507.jpg,aa,Testing
Testing\aa\508.jpg,aa,Testing
Testing\aa\509.jpg,aa,Testing
Testing\aa\510.jpg,aa,Testing
Testing\aa\511.jpg,aa,Testing
Testing\aa\512.jpg,aa,Testing
Testing\aa\513.jpg,aa,Testing
Testing\aa\514.jpg,aa,Testing
Testing\aa\515.jpg,aa,Testing
Testing\aa\516.jpg,aa,Testing
Testing\aa\517.jpg,aa,Testing
Testing\aa\518.jpg,aa,Testing
Testing\aa\519.jpg,aa,Testing
Testing\aa\520.jpg,aa,Testing
Testing\aa\521.jpg,aa,Testing
Testing\aa\522.jpg,aa,Testing
Testing\aa\523.jpg,aa,Testing
Testing\aa\524.jpg,aa,Testing
Testing\aa\525.jpg,aa,Testing
Testing\aa\526.jpg,aa,Testing
Testing\aa\527.jpg,aa,Testing
Testing\aa\528.jpg,aa,Testing
Testing\aa\529.jpg,aa,Testing
Testing\aa\530.jpg,aa,Testing
Testing\aa\531.jpg,aa,Testing
Testing\aa\532.jpg,aa,Testing
Testing\aa\533.jpg,aa,Testing
Testing\aa\534.jpg,aa,Testing
Testing\aa\535.jpg,aa,Testing
Testing\aa\536.jpg,aa,Testing
Testing\aa\537.jpg,aa,Testing
Testing\aa\538.jpg,aa,Testing
Testing\aa\539.jpg,aa,Testing
Testing\aa\540.jpg,aa,Testing
Testing\aa\541.jpg,aa,Testing
Testing\aa\542.jpg,aa,Testing
Testing\aa\543.jpg,aa,Testing
Testing\aa\544.jpg,aa,Testing
Testing\aa\545.jpg,aa,Testing
Testing\aa\546.jpg,aa,Testing
Testing\aa\547.jpg,aa,Testing
Testing\aa\548.jpg,aa,Testing
Testing\aa\549.jpg,aa,Testing
Testing\aa\550.jpg,aa,Testing
Testing\aa\551.jpg,aa,Testing
Testing\aa\552.jpg,aa,Testing
Testing\aa\553.jpg,aa,Testing
Testing\aa\554.jpg,aa,Testing
Testing\aa\555.jpg,aa,Testing
Testing\aa\556.jpg,aa,Testing
Testing\aa\557.jpg,aa,Testing
Testing\aa\558.jpg,aa,Testing
Testing\aa\559.jpg,aa,Testing
Testing\aa\560.jpg,aa,Testing
Testing\aa\561.jpg,aa,Testing
Testing\aa\562.jpg,aa,Testing
Testing\aa\563.jpg,aa,Testing
Testing\aa\564.jpg,aa,Testing
Testing\aa\565.jpg,aa,Testing
Testing\aa\566.jpg,aa,Testing
Testing\aa\567.jpg,aa,Testing
Testing\aa\568.jpg,aa,Testing
Testing\aa\569.jpg,aa,Testing
Testing\aa\570.jpg,aa,Testing
Testing\aa\571.jpg,aa,Testing
Testing\aa\572.jpg,aa,Testing
Testing\aa\573.jpg,aa,Testing
Testing\aa\574.jpg,aa,Testing
Testing\aa\575.jpg,aa,Testing
Testing\aa\576.jpg,aa,Testing
Testing\aa\577.jpg,aa,Testing
Testing\aa\578.jpg,aa,Testing
Testing\aa\579.jpg,aa,Testing
Testing\aa\580.jpg,aa,Testing
Testing\aa\581.jpg,aa,Testing
Testing\aa\582.jpg,aa,Testing
Testing\aa\583.jpg,aa,Testing
Testing\aa\584.jpg,aa,Testing
Testing\aa\585.jpg,aa,Testing
Testing\aa\586.jpg,aa,Testing
Testing\aa\587.jpg,aa,Testing
Testing\aa\588.jpg,aa,Testing
Testing\aa\589.jpg,aa,Testing
Testing\aa\590.jpg,aa,Testing
Testing\aa\591.jpg,aa,Testing
Testing\aa\592.jpg,aa,Testing
Testing\aa\593.jpg,aa,Testing
Testing\aa\594.jpg,aa,Testing
Testing\aa\595.jpg,aa,Testing
Testing\aa\596.jpg,aa,Testing
Testing\aa\597.jpg,aa,Testing
Testing\aa\598.jpg,aa,Testing
Testing\aa\599.jpg,aa,Testing
Testing\aa\600.jpg,aa,Testing
Testing\ah\421.jpg,ah,Testing
Testing\ah\422.jpg,ah,Testing
Testing\ah\423.jpg,ah,Testing
Testing\ah\424.jpg,ah,Testing
Testing\ah\425.jpg,ah,Testing
Testing\ah\426.jpg,ah,Testing
Testing\ah\427.jpg,ah,Testing
Testing\ah\428.jpg,ah,Testing
Testing\ah\429.jpg,ah,Testing
Testing\ah\430.jpg,ah,Testing
Testing\ah\431.jpg,ah,Testing
Testing\ah\432.jpg,ah,Testing
Testing\ah\433.jpg,ah,Testing
Testing\ah\434.jpg,ah,Testing
Testing\ah\435.jpg,ah,Testing
Testing\ah\436.jpg,ah,Testing
Testing\ah\437.jpg,ah,Testing
Testing\ah\438.jpg,ah,Testing
Testing\ah\439.jpg,ah,Testing
Testing\ah\440.jpg,ah,Testing
Testing\ah\441.jpg,ah,Testing
Testing\ah\442.jpg,ah,Testing
Testing\ah\443.jpg,ah,Testing
Testing\ah\444.jpg,ah,Testing
Testing\ah\445.jpg,ah,Testing
Testing\ah\446.jpg,ah,Testing
Testing\ah\447.jpg,ah,Testing
Testing\ah\448.jpg,ah,Testing
Testing\ah\449.jpg,ah,Testing
Testing\ah\450.jpg,ah,Testing
Testing\ah\451.jpg,ah,Testing
Testing\ah\452.jpg,ah,Testing
Testing\ah\453.jpg,ah,Testing
Testing\ah\454.jpg,ah,Testing
Testing\ah\455.jpg,ah,Testing
Testing\ah\456.jpg,ah,Testing
Testing\ah\457.jpg,ah,Testing
Testing\ah\458.jpg,ah,Testing
Testing\ah\459.jpg,ah,Testing
Testing\ah\460.jpg,ah,Testing
Testing\ah\461.jpg,ah,Testing
Testing\ah\462.jpg,ah,Testing
Testing\ah\463.jpg,ah,Testing
Testing\ah\464.jpg,ah,Testing
Testing\ah\465.jpg,ah,Testing
Testing\ah\466.jpg,ah,Testing
Testing\ah\467.jpg,ah,Testing
Testing\ah\468.jpg,ah,Testing
Testing\ah\469.jpg,ah,Testing
Testing\ah\470.jpg,ah,Testing
Testing\ah\471.jpg,ah,Testing
Testing\ah\472.jpg,ah,Testing
Testing\ah\473.jpg,ah,Testing
Testing\ah\474.jpg,ah,Testing
Testing\ah\475.jpg,ah,Testing
Testing\ah\476.jpg,ah,Testing
Testing\ah\477.jpg,ah,Testing
Testing\ah\478.jpg,ah,Testing
Testing\ah\479.jpg,ah,Testing
Testing\ah\480.jpg,ah,Testing
Testing\ah\481.jpg,ah,Testing
Testing\ah\482.jpg,ah,Testing
Testing\ah\483.jpg,ah,Testing
Testing\ah\484.jpg,ah,Testing
Testing\ah\485.jpg,ah,Testing
Testing\ah\486.jpg,ah,Testing
Testing\ah\487.jpg,ah,Testing
Testing\ah\488.jpg,ah,Testing
Testing\ah\489.jpg,ah,Testing
Testing\ah\490.jpg,ah,Testing
Testing\ah\491.jpg,ah,Testing
Testing\ah\492.jpg,ah,Testing
Testing\ah\493.jpg,ah,Testing
Testing\ah\494.jpg,ah,Testing
Testing\ah\495.jpg,ah,Testing
Testing\ah\496.jpg,ah,Testing
Testing\ah\497.jpg,ah,Testing
Testing\ah\498.jpg,ah,Testing
Testing\ah\499.jpg,ah,Testing
Testing\ah\500.jpg,ah,Testing
Testing\ah\501.jpg,ah,Testing
Testing\ah\502.jpg,ah,Testing
Testing\ah\503.jpg,ah,Testing
Testing\ah\504.jpg,ah,Testing
Testing\ah\505.jpg,ah,Testing
Testing\ah\506.jpg,ah,Testing
Testing\ah\507.jpg,ah,Testing
Testing\ah\508.jpg,ah,Testing
Testing\ah\509.jpg,ah,Testing
Testing\ah\510.jpg,ah,Testing
Testing\ah\511.jpg,ah,Testing
Testing\ah\512.jpg,ah,Testing
Testing\ah\513.jpg,ah,Testing
Testing\ah\514.jpg,ah,Testing
Testing\ah\515.jpg,ah,Testing
Testing\ah\516.jpg,ah,Testing
Testing\ah\517.jpg,ah,Testing
Testing\ah\518.jpg,ah,Testing
Testing\ah\519.jpg,ah,Testing
Testing\ah\520.jpg,ah,Testing
Testing\ah\521.jpg,ah,Testing
Testing\ah\522.jpg,ah,Testing
Testing\ah\523.jpg,ah,Testing
Testing\ah\524.jpg,ah,Testing
Testing\ah\525.jpg,ah,Testing
Testing\ah\526.jpg,ah,Testing
Testing\ah\527.jpg,ah,Testing
Testing\ah\528.jpg,ah,Testing
Testing\ah\529.jpg,ah,Testing
Testing\ah\530.jpg,ah,Testing
Testing\ah\531.jpg,ah,Testing
Testing\ah\532.jpg,ah,Testing
Testing\ah\533.jpg,ah,Testing
Testing\ah\534.jpg,ah,Testing
Testing\ah\535.jpg,ah,Testing
Testing\ah\536.jpg,ah,Testing
Testing\ah\537.jpg,ah,Testing
Testing\ah\538.jpg,ah,Testing
Testing\ah\539.jpg,ah,Testing
Testing\ah\540.jpg,ah,Testing
Testing\ah\541.jpg,ah,Testing
Testing\ah\542.jpg,ah,Testing
Testing\ah\543.jpg,ah,Testing
Testing\ah\544.jpg,ah,Testing
Testing\ah\545.jpg,ah,Testing
Testing\ah\546.jpg,ah,Testing
Testing\ah\547.jpg,ah,Testing
Testing\ah\548.jpg,ah,Testing
Testing\ah\549.jpg,ah,Testing
Testing\ah\550.jpg,ah,Testing
Testing\ah\551.jpg,ah,Testing
Testing\ah\552.jpg,ah,Testing
Testing\ah\553.jpg,ah,Testing
Testing\ah\554.jpg,ah,Testing
Testing\ah\555.jpg,ah,Testing
Testing\ah\556.jpg,ah,Testing
Testing\ah\557.jpg,ah,Testing
Testing\ah\558.jpg,ah,Testing
Testing\ah\559.jpg,ah,Testing
Testing\ah\560.jpg,ah,Testing
Testing\ah\561.jpg,ah,Testing
Testing\ah\562.jpg,ah,Testing
Testing\ah\563.jpg,ah,Testing
Testing\ah\564.jpg,ah,Testing
Testing\ah\565.jpg,ah,Testing
Testing\ah\566.jpg,ah,Testing
Testing\ah\567.jpg,ah,Testing
Testing\ah\568.jpg,ah,Testing
Testing\ah\569.jpg,ah,Testing
Testing\ah\570.jpg,ah,Testing
Testing\ah\571.jpg,ah,Testing
Testing\ah\572.jpg,ah,Testing
Testing\ah\573.jpg,ah,Testing
Testing\ah\574.jpg,ah,Testing
Testing\ah\575.jpg,ah,Testing
Testing\ah\576.jpg,ah,Testing
Testing\ah\577.jpg,ah,Testing
Testing\ah\578.jpg,ah,Testing
Testing\ah\579.jpg,ah,Testing
Testing\ah\580.jpg,ah,Testing
Testing\ah\581.jpg,ah,Testing
Testing\ah\582.jpg,ah,Testing
Testing\ah\583.jpg,ah,Testing
Testing\ah\584.jpg,ah,Testing
Testing\ah\585.jpg,ah,Testing
Testing\ah\586.jpg,ah,Testing
Testing\ah\587.jpg,ah,Testing
Testing\ah\588.jpg,ah,Testing
Testing\ah\589.jpg,ah,Testing
Testing\ah\590.jpg,ah,Testing
Testing\ah\591.jpg,ah,Testing
Testing\ah\592.jpg,ah,Testing
Testing\ah\593.jpg,ah,Testing
Testing\ah\594.jpg,ah,Testing
Testing\ah\595.jpg,ah,Testing
Testing\ah\596.jpg,ah,Testing
Testing\ah\597.jpg,ah,Testing
Testing\ah\598.jpg,ah,Testing
Testing\ah\599.jpg,ah,Testing
Testing\ah\600.jpg,ah,Testing
Testing\ai\421.jpg,ai,Testing
Testing\ai\422.jpg,ai,Testing
Testing\ai\423.jpg,ai,Testing
Testing\ai\424.jpg,ai,Testing
Testing\ai\425.jpg,ai,Testing
Testing\ai\426.jpg,ai,Testing
Testing\ai\427.jpg,ai,Testing
Testing\ai\428.jpg,ai,Testing
Testing\ai\429.jpg,ai,Testing
Testing\ai\430.jpg,ai,Testing
Testing\ai\431.jpg,ai,Testing
Testing\ai\432.jpg,ai,Testing
Testing\ai\433.jpg,ai,Testing
Testing\ai\434.jpg,ai,Testing
Testing\ai\435.jpg,ai,Testing
Testing\ai\436.jpg,ai,Testing
Testing\ai\437.jpg,ai,Testing
Testing\ai\438.jpg,ai,Testing
Testing\ai\439.jpg,ai,Testing
Testing\ai\440.jpg,ai,Testing
Testing\ai\441.jpg,ai,Testing
Testing\ai\442.jpg,ai,Testing
Testing\ai\443.jpg,ai,Testing
Testing\ai\444.jpg,ai,Testing
Testing\ai\445.jpg,ai,Testing
Testing\ai\446.jpg,ai,Testing
Testing\ai\447.jpg,ai,Testing
Testing\ai\448.jpg,ai,Testing
Testing\ai\449.jpg,ai,Testing
Testing\ai\450.jpg,ai,Testing
Testing\ai\451.jpg,ai,Testing
Testing\ai\452.jpg,ai,Testing
Testing\ai\453.jpg,ai,Testing
Testing\ai\454.jpg,ai,Testing
Testing\ai\455.jpg,ai,Testing
Testing\ai\456.jpg,ai,Testing
Testing\ai\457.jpg,ai,Testing
Testing\ai\458.jpg,ai,Testing
Testing\ai\459.jpg,ai,Testing
Testing\ai\460.jpg,ai,Testing
Testing\ai\461.jpg,ai,Testing
Testing\ai\462.jpg,ai,Testing
Testing\ai\463.jpg,ai,Testing
Testing\ai\464.jpg,ai,Testing
Testing\ai\465.jpg,ai,Testing
Testing\ai\466.jpg,ai,Testing
Testing\ai\467.jpg,ai,Testing
Testing\ai\468.jpg,ai,Testing
Testing\ai\469.jpg,ai,Testing
Testing\ai\470.jpg,ai,Testing
Testing\ai\471.jpg,ai,Testing
Testing\ai\472.jpg,ai,Testing
Testing\ai\473.jpg,ai,Testing
Testing\ai\474.jpg,ai,Testing
Testing\ai\475.jpg,ai,Testing
Testing\ai\476.jpg,ai,Testing
Testing\ai\477.jpg,ai,Testing
Testing\ai\478.jpg,ai,Testing
Testing\ai\479.jpg,ai,Testing
Testing\ai\480.jpg,ai,Testing
Testing\ai\481.jpg,ai,Testing
Testing\ai\482.jpg,ai,Testing
Testing\ai\483.jpg,ai,Testing
Testing\ai\484.jpg,ai,Testing
Testing\ai\485.jpg,ai,Testing
Testing\ai\486.jpg,ai,Testing
Testing\ai\487.jpg,ai,Testing
Testing\ai\488.jpg,ai,Testing
Testing\ai\489.jpg,ai,Testing
Testing\ai\490.jpg,ai,Testing
Testing\ai\491.jpg,ai,Testing
Testing\ai\492.jpg,ai,Testing
Testing\ai\493.jpg,ai,Testing
Testing\ai\494.jpg,ai,Testing
Testing\ai\495.jpg,ai,Testing
Testing\ai\496.jpg,ai,Testing
Testing\ai\497.jpg,ai,Testing
Testing\ai\498.jpg,ai,Testing
Testing\ai\499.jpg,ai,Testing
Testing\ai\500.jpg,ai,Testing
Testing\ai\501.jpg,ai,Testing
Testing\ai\502.jpg,ai,Testing
Testing\ai\503.jpg,ai,Testing
Testing\ai\504.jpg,ai,Testing
Testing\ai\505.jpg,ai,Testing
Testing\ai\506.jpg,ai,Testing
Testing\ai\507.jpg,ai,Testing
Testing\ai\508.jpg,ai,Testing
Testing\ai\509.jpg,ai,Testing
Testing\ai\510.jpg,ai,Testing
Testing\ai\511.jpg,ai,Testing
Testing\ai\512.jpg,ai,Testing
Testing\ai\513.jpg,ai,Testing
Testing\ai\514.jpg,ai,Testing
Testing\ai\515.jpg,ai,Testing
Testing\ai\516.jpg,ai,Testing
Testing\ai\517.jpg,ai,Testing
Testing\ai\518.jpg,ai,Testing
Testing\ai\519.jpg,ai,Testing
Testing\ai\520.jpg,ai,Testing
Testing\ai\521.jpg,ai,Testing
Testing\ai\522.jpg,ai,Testing
Testing\ai\523.jpg,ai,Testing
Testing\ai\524.jpg,ai,Testing
Testing\ai\525.jpg,ai,Testing
Testing\ai\526.jpg,ai,Testing
Testing\ai\527.jpg,ai,Testing
Testing\ai\528.jpg,ai,Testing
Testing\ai\529.jpg,ai,Testing
Testing\ai\530.jpg,ai,Testing
Testing\ai\531.jpg,ai,Testing
Testing\ai\532.jpg,ai,Testing
Testing\ai\533.jpg,ai,Testing
Testing\ai\534.jpg,ai,Testing
Testing\ai\535.jpg,ai,Testing
Testing\ai\536.jpg,ai,Testing
Testing\ai\537.jpg,ai,Testing
Testing\ai\538.jpg,ai,Testing
Testing\ai\539.jpg,ai,Testing
Testing\ai\540.jpg,ai,Testing
Testing\ai\541.jpg,ai,Testing
Testing\ai\542.jpg,ai,Testing
Testing\ai\543.jpg,ai,Testing
Testing\ai\544.jpg,ai,Testing
Testing\ai\545.jpg,ai,Testing
Testing\ai\546.jpg,ai,Testing
Testing\ai\547.jpg,ai,Testing
Testing\ai\548.jpg,ai,Testing
Testing\ai\549.jpg,ai,Testing
Testing\ai\550.jpg,ai,Testing
Testing\ai\551.jpg,ai,Testing
Testing\ai\552.jpg,ai,Testing
Testing\ai\553.jpg,ai,Testing
Testing\ai\554.jpg,ai,Testing
Testing\ai\555.jpg,ai,Testing
Testing\ai\556.jpg,ai,Testing
Testing\ai\557.jpg,ai,Testing
Testing\ai\558.jpg,ai,Testing
Testing\ai\559.jpg,ai,Testing
Testing\ai\560.jpg,ai,Testing
Testing\ai\561.jpg,ai,Testing
Testing\ai\562.jpg,ai,Testing
Testing\ai\563.jpg,ai,Testing
Testing\ai\564.jpg,ai,Testing
Testing\ai\565.jpg,ai,Testing
Testing\ai\566.jpg,ai,Testing
Testing\ai\567.jpg,ai,Testing
Testing\ai\568.jpg,ai,Testing
Testing\ai\569.jpg,ai,Testing
Testing\ai\570.jpg,ai,Testing
Testing\ai\571.jpg,ai,Testing
Testing\ai\572.jpg,ai,Testing
Testing\ai\573.jpg,ai,Testing
Testing\ai\574.jpg,ai,Testing
Testing\ai\575.jpg,ai,Testing
Testing\ai\576.jpg,ai,Testing
Testing\ai\577.jpg,ai,Testing
Testing\ai\578.jpg,ai,Testing
Testing\ai\579.jpg,ai,Testing
Testing\ai\580.jpg,ai,Testing
Testing\ai\581.jpg,ai,Testing
Testing\ai\582.jpg,ai,Testing
Testing\ai\583.jpg,ai,Testing
Testing\ai\584.jpg,ai,Testing
Testing\ai\585.jpg,ai,Testing
Testing\ai\586.jpg,ai,Testing
Testing\ai\587.jpg,ai,Testing
Testing\ai\588.jpg,ai,Testing
Testing\ai\589.jpg,ai,Testing
Testing\ai\590.jpg,ai,Testing
Testing\ai\591.jpg,ai,Testing
Testing\ai\592.jpg,ai,Testing
Testing\ai\593.jpg,ai,Testing
Testing\ai\594.jpg,ai,Testing
Testing\ai\595.jpg,ai,Testing
Testing\ai\596.jpg,ai,Testing
Testing\ai\597.jpg,ai,Testing
Testing\ai\598.jpg,ai,Testing
Testing\ai\599.jpg,ai,Testing
Testing\ai\600.jpg,ai,Testing
Testing\am\421.jpg,am,Testing
Testing\am\422.jpg,am,Testing
Testing\am\423.jpg,am,Testing
Testing\am\424.jpg,am,Testing
Testing\am\425.jpg,am,Testing
Testing\am\426.jpg,am,Testing
Testing\am\427.jpg,am,Testing
Testing\am\428.jpg,am,Testing
Testing\am\429.jpg,am,Testing
Testing\am\430.jpg,am,Testing
Testing\am\431.jpg,am,Testing
Testing\am\432.jpg,am,Testing
Testing\am\433.jpg,am,Testing
Testing\am\434.jpg,am,Testing
Testing\am\435.jpg,am,Testing
Testing\am\436.jpg,am,Testing
Testing\am\437.jpg,am,Testing
Testing\am\438.jpg,am,Testing
Testing\am\439.jpg,am,Testing
Testing\am\440.jpg,am,Testing
Testing\am\441.jpg,am,Testing
Testing\am\442.jpg,am,Testing
Testing\am\443.jpg,am,Testing
Testing\am\444.jpg,am,Testing
Testing\am\445.jpg,am,Testing
Testing\am\446.jpg,am,Testing
Testing\am\447.jpg,am,Testing
Testing\am\448.jpg,am,Testing
Testing\am\449.jpg,am,Testing
Testing\am\450.jpg,am,Testing
Testing\am\451.jpg,am,Testing
Testing\am\452.jpg,am,Testing
Testing\am\453.jpg,am,Testing
Testing\am\454.jpg,am,Testing
Testing\am\455.jpg,am,Testing
Testing\am\456.jpg,am,Testing
Testing\am\457.jpg,am,Testing
Testing\am\458.jpg,am,Testing
Testing\am\459.jpg,am,Testing
Testing\am\460.jpg,am,Testing
Testing\am\461.jpg,am,Testing
Testing\am\462.jpg,am,Testing
Testing\am\463.jpg,am,Testing
Testing\am\464.jpg,am,Testing
Testing\am\465.jpg,am,Testing
Testing\am\466.jpg,am,Testing
Testing\am\467.jpg,am,Testing
Testing\am\468.jpg,am,Testing
Testing\am\469.jpg,am,Testing
Testing\am\470.jpg,am,Testing
Testing\am\471.jpg,am,Testing
Testing\am\472.jpg,am,Testing
Testing\am\473.jpg,am,Testing
Testing\am\474.jpg,am,Testing
Testing\am\475.jpg,am,Testing
Testing\am\476.jpg,am,Testing
Testing\am\477.jpg,am,Testing
Testing\am\478.jpg,am,Testing
Testing\am\479.jpg,am,Testing
Testing\am\480.jpg,am,Testing
Testing\am\481.jpg,am,Testing
Testing\am\482.jpg,am,Testing
Testing\am\483.jpg,am,Testing
Testing\am\484.jpg,am,Testing
Testing\am\485.jpg,am,Testing
Testing\am\486.jpg,am,Testing
Testing\am\487.jpg,am,Testing
Testing\am\488.jpg,am,Testing
Testing\am\489.jpg,am,Testing
Testing\am\490.jpg,am,Testing
Testing\am\491.jpg,am,Testing
Testing\am\492.jpg,am,Testing
Testing\am\493.jpg,am,Testing
Testing\am\494.jpg,am,Testing
Testing\am\495.jpg,am,Testing
Testing\am\496.jpg,am,Testing
Testing\am\497.jpg,am,Testing
Testing\am\498.jpg,am,Testing
Testing\am\499.jpg,am,Testing
Testing\am\500.jpg,am,Testing
Testing\am\501.jpg,am,Testing
Testing\am\502.jpg,am,Testing
Testing\am\503.jpg,am,Testing
Testing\am\504.jpg,am,Testing
Testing\am\505.jpg,am,Testing
Testing\am\506.jpg,am,Testing
Testing\am\507.jpg,am,Testing
Testing\am\508.jpg,am,Testing
Testing\am\509.jpg,am,Testing
Testing\am\510.jpg,am,Testing
Testing\am\511.jpg,am,Testing
Testing\am\512.jpg,am,Testing
Testing\am\513.jpg,am,Testing
Testing\am\514.jpg,am,Testing
Testing\am\515.jpg,am,Testing
Testing\am\516.jpg,am,Testing
Testing\am\517.jpg,am,Testing
Testing\am\518.jpg,am,Testing
Testing\am\519.jpg,am,Testing
Testing\am\520.jpg,am,Testing
Testing\am\521.jpg,am,Testing
Testing\am\522.jpg,am,Testing
Testing\am\523.jpg,am,Testing
Testing\am\524.jpg,am,Testing
Testing\am\525.jpg,am,Testing
Testing\am\526.jpg,am,Testing
Testing\am\527.jpg,am,Testing
Testing\am\528.jpg,am,Testing
Testing\am\529.jpg,am,Testing
Testing\am\530.jpg,am,Testing
Testing\am\531.jpg,am,Testing
Testing\am\532.jpg,am,Testing
Testing\am\533.jpg,am,Testing
Testing\am\534.jpg,am,Testing
Testing\am\535.jpg,am,Testing
Testing\am\536.jpg,am,Testing
Testing\am\537.jpg,am,Testing
Testing\am\538.jpg,am,Testing
Testing\am\539.jpg,am,Testing
Testing\am\540.jpg,am,Testing
Testing\am\541.jpg,am,Testing
Testing\am\542.jpg,am,Testing
Testing\am\543.jpg,am,Testing
Testing\am\544.jpg,am,Testing
Testing\am\545.jpg,am,Testing
Testing\am\546.jpg,am,Testing
Testing\am\547.jpg,am,Testing
Testing\am\548.jpg,am,Testing
Testing\am\549.jpg,am,Testing
Testing\am\550.jpg,am,Testing
Testing\am\551.jpg,am,Testing
Testing\am\552.jpg,am,Testing
Testing\am\553.jpg,am,Testing
Testing\am\554.jpg,am,Testing
Testing\am\555.jpg,am,Testing
Testing\am\556.jpg,am,Testing
Testing\am\557.jpg,am,Testing
Testing\am\558.jpg,am,Testing
Testing\am\559.jpg,am,Testing
Testing\am\560.jpg,am,Testing
Testing\am\561.jpg,am,Testing
Testing\am\562.jpg,am,Testing
Testing\am\563.jpg,am,Testing
Testing\am\564.jpg,am,Testing
Testing\am\565.jpg,am,Testing
Testing\am\566.jpg,am,Testing
Testing\am\567.jpg,am,Testing
Testing\am\568.jpg,am,Testing
Testing\am\569.jpg,am,Testing
Testing\am\570.jpg,am,Testing
Testing\am\571.jpg,am,Testing
Testing\am\572.jpg,am,Testing
Testing\am\573.jpg,am,Testing
Testing\am\574.jpg,am,Testing
Testing\am\575.jpg,am,Testing
Testing\am\576.jpg,am,Testing
Testing\am\577.jpg,am,Testing
Testing\am\578.jpg,am,Testing
Testing\am\579.jpg,am,Testing
Testing\am\580.jpg,am,Testing
Testing\am\581.jpg,am,Testing
Testing\am\582.jpg,am,Testing
Testing\am\583.jpg,am,Testing
Testing\am\584.jpg,am,Testing
Testing\am\585.jpg,am,Testing
Testing\am\586.jpg,am,Testing
Testing\am\587.jpg,am,Testing
Testing\am\588.jpg,am,Testing
Testing\am\589.jpg,am,Testing
Testing\am\590.jpg,am,Testing
Testing\am\591.jpg,am,Testing
Testing\am\592.jpg,am,Testing
Testing\am\593.jpg,am,Testing
Testing\am\594.jpg,am,Testing
Testing\am\595.jpg,am,Testing
Testing\am\596.jpg,am,Testing
Testing\am\597.jpg,am,Testing
Testing\am\598.jpg,am,Testing
Testing\am\599.jpg,am,Testing
Testing\am\600.jpg,am,Testing
Testing\au\421.jpg,au,Testing
Testing\au\422.jpg,au,Testing
Testing\au\423.jpg,au,Testing
Testing\au\424.jpg,au,Testing
Testing\au\425.jpg,au,Testing
Testing\au\426.jpg,au,Testing
Testing\au\427.jpg,au,Testing
Testing\au\428.jpg,au,Testing
Testing\au\429.jpg,au,Testing
Testing\au\430.jpg,au,Testing
Testing\au\431.jpg,au,Testing
Testing\au\432.jpg,au,Testing
Testing\au\433.jpg,au,Testing
Testing\au\434.jpg,au,Testing
Testing\au\435.jpg,au,Testing
Testing\au\436.jpg,au,Testing
Testing\au\437.jpg,au,Testing
Testing\au\438.jpg,au,Testing
Testing\au\439.jpg,au,Testing
Testing\au\440.jpg,au,Testing
Testing\au\441.jpg,au,Testing
Testing\au\442.jpg,au,Testing
Testing\au\443.jpg,au,Testing
Testing\au\444.jpg,au,Testing
Testing\au\445.jpg,au,Testing
Testing\au\446.jpg,au,Testing
Testing\au\447.jpg,au,Testing
Testing\au\448.jpg,au,Testing
Testing\au\449.jpg,au,Testing
Testing\au\450.jpg,au,Testing
Testing\au\451.jpg,au,Testing
Testing\au\452.jpg,au,Testing
Testing\au\453.jpg,au,Testing
Testing\au\454.jpg,au,Testing
Testing\au\455.jpg,au,Testing
Testing\au\456.jpg,au,Testing
Testing\au\457.jpg,au,Testing
Testing\au\458.jpg,au,Testing
Testing\au\459.jpg,au,Testing
Testing\au\460.jpg,au,Testing
Testing\au\461.jpg,au,Testing
Testing\au\462.jpg,au,Testing
Testing\au\463.jpg,au,Testing
Testing\au\464.jpg,au,Testing
Testing\au\465.jpg,au,Testing
Testing\au\466.jpg,au,Testing
Testing\au\467.jpg,au,Testing
Testing\au\468.jpg,au,Testing
Testing\au\469.jpg,au,Testing
Testing\au\470.jpg,au,Testing
Testing\au\471.jpg,au,Testing
Testing\au\472.jpg,au,Testing
Testing\au\473.jpg,au,Testing
Testing\au\474.jpg,au,Testing
Testing\au\475.jpg,au,Testing
Testing\au\476.jpg,au,Testing
Testing\au\477.jpg,au,Testing
Testing\au\478.jpg,au,Testing
Testing\au\479.jpg,au,Testing
Testing\au\480.jpg,au,Testing
Testing\au\481.jpg,au,Testing
Testing\au\482.jpg,au,Testing
Testing\au\483.jpg,au,Testing
Testing\au\484.jpg,au,Testing
Testing\au\485.jpg,au,Testing
Testing\au\486.jpg,au,Testing
Testing\au\487.jpg,au,Testing
Testing\au\488.jpg,au,Testing
Testing\au\489.jpg,au,Testing
Testing\au\490.jpg,au,Testing
Testing\au\491.jpg,au,Testing
Testing\au\492.jpg,au,Testing
Testing\au\493.jpg,au,Testing
Testing\au\494.jpg,au,Testing
Testing\au\495.jpg,au,Testing
Testing\au\496.jpg,au,Testing
Testing\au\497.jpg,au,Testing
Testing\au\498.jpg,au,Testing
Testing\au\499.jpg,au,Testing
Testing\au\500.jpg,au,Testing
Testing\au\501.jpg,au,Testing
Testing\au\502.jpg,au,Testing
Testing\au\503.jpg,au,Testing
Testing\au\504.jpg,au,Testing
Testing\au\505.jpg,au,Testing
Testing\au\506.jpg,au,Testing
Testing\au\507.jpg,au,Testing
Testing\au\508.jpg,au,Testing
Testing\au\509.jpg,au,Testing
Testing\au\510.jpg,au,Testing
Testing\au\511.jpg,au,Testing
Testing\au\512.jpg,au,Testing
Testing\au\513.jpg,au,Testing
Testing\au\514.jpg,au,Testing
Testing\au\515.jpg,au,Testing
Testing\au\516.jpg,au,Testing
Testing\au\517.jpg,au,Testing
Testing\au\518.jpg,au,Testing
Testing\au\519.jpg,au,Testing
Testing\au\520.jpg,au,Testing
Testing\au\521.jpg,au,Testing
Testing\au\522.jpg,au,Testing
Testing\au\523.jpg,au,Testing
Testing\au\524.jpg,au,Testing
Testing\au\525.jpg,au,Testing
Testing\au\526.jpg,au,Testing
Testing\au\527.jpg,au,Testing
Testing\au\528.jpg,au,Testing
Testing\au\529.jpg,au,Testing
Testing\au\530.jpg,au,Testing
Testing\au\531.jpg,au,Testing
Testing\au\532.jpg,au,Testing
Testing\au\533.jpg,au,Testing
Testing\au\534.jpg,au,Testing
Testing\au\535.jpg,au,Testing
Testing\au\536.jpg,au,Testing
Testing\au\537.jpg,au,Testing
Testing\au\538.jpg,au,Testing
Testing\au\539.jpg,au,Testing
Testing\au\540.jpg,au,Testing
Testing\au\541.jpg,au,Testing
Testing\au\542.jpg,au,Testing
Testing\au\543.jpg,au,Testing
Testing\au\544.jpg,au,Testing
Testing\au\545.jpg,au,Testing
Testing\au\546.jpg,au,Testing
Testing\au\547.jpg,au,Testing
Testing\au\548.jpg,au,Testing
Testing\au\549.jpg,au,Testing
Testing\au\550.jpg,au,Testing
Testing\au\551.jpg,au,Testing
Testing\au\552.jpg,au,Testing
Testing\au\553.jpg,au,Testing
Testing\au\554.jpg,au,Testing
Testing\au\555.jpg,au,Testing
Testing\au\556.jpg,au,Testing
Testing\au\557.jpg,au,Testing
Testing\au\558.jpg,au,Testing
Testing\au\559.jpg,au,Testing
Testing\au\560.jpg,au,Testing
Testing\au\561.jpg,au,Testing
Testing\au\562.jpg,au,Testing
Testing\au\563.jpg,au,Testing
Testing\au\564.jpg,au,Testing
Testing\au\565.jpg,au,Testing
Testing\au\566.jpg,au,Testing
Testing\au\567.jpg,au,Testing
Testing\au\568.jpg,au,Testing
Testing\au\569.jpg,au,Testing
Testing\au\570.jpg,au,Testing
Testing\au\571.jpg,au,Testing
Testing\au\572.jpg,au,Testing
Testing\au\573.jpg,au,Testing
Testing\au\574.jpg,au,Testing
Testing\au\575.jpg,au,Testing
Testing\au\576.jpg,au,Testing
Testing\au\577.jpg,au,Testing
Testing\au\578.jpg,au,Testing
Testing\au\579.jpg,au,Testing
Testing\au\580.jpg,au,Testing
Testing\au\581.jpg,au,Testing
Testing\au\582.jpg,au,Testing
Testing\au\583.jpg,au,Testing
Testing\au\584.jpg,au,Testing
Testing\au\585.jpg,au,Testing
Testing\au\586.jpg,au,Testing
Testing\au\587.jpg,au,Testing
Testing\au\588.jpg,au,Testing
Testing\au\589.jpg,au,Testing
Testing\au\590.jpg,au,Testing
Testing\au\591.jpg,au,Testing
Testing\au\592.jpg,au,Testing
Testing\au\593.jpg,au,Testing
Testing\au\594.jpg,au,Testing
Testing\au\595.jpg,au,Testing
Testing\au\596.jpg,au,Testing
Testing\au\597.jpg,au,Testing
Testing\au\598.jpg,au,Testing
Testing\au\599.jpg,au,Testing
Testing\au\600.jpg,au,Testing
Testing\ba\421.jpg,ba,Testing
Testing\ba\422.jpg,ba,Testing
Testing\ba\423.jpg,ba,Testing
Testing\ba\424.jpg,ba,Testing
Testing\ba\425.jpg,ba,Testing
Testing\ba\426.jpg,ba,Testing
Testing\ba\427.jpg,ba,Testing
Testing\ba\428.jpg,ba,Testing
Testing\ba\429.jpg,ba,Testing
Testing\ba\430.jpg,ba,Testing
Testing\ba\431.jpg,ba,Testing
Testing\ba\432.jpg,ba,Testing
Testing\ba\433.jpg,ba,Testing
Testing\ba\434.jpg,ba,Testing
Testing\ba\435.jpg,ba,Testing
Testing\ba\436.jpg,ba,Testing
Testing\ba\437.jpg,ba,Testing
Testing\ba\438.jpg,ba,Testing
Testing\ba\439.jpg,ba,Testing
Testing\ba\440.jpg,ba,Testing
Testing\ba\441.jpg,ba,Testing
Testing\ba\442.jpg,ba,Testing
Testing\ba\443.jpg,ba,Testing
Testing\ba\444.jpg,ba,Testing
Testing\ba\445.jpg,ba,Testing
Testing\ba\446.jpg,ba,Testing
Testing\ba\447.jpg,ba,Testing
Testing\ba\448.jpg,ba,Testing
Testing\ba\449.jpg,ba,Testing
Testing\ba\450.jpg,ba,Testing
Testing\ba\451.jpg,ba,Testing
Testing\ba\452.jpg,ba,Testing
Testing\ba\453.jpg,ba,Testing
Testing\ba\454.jpg,ba,Testing
Testing\ba\455.jpg,ba,Testing
Testing\ba\456.jpg,ba,Testing
Testing\ba\457.jpg,ba,Testing
Testing\ba\458.jpg,ba,Testing
Testing\ba\459.jpg,ba,Testing
Testing\ba\460.jpg,ba,Testing
Testing\ba\461.jpg,ba,Testing
Testing\ba\462.jpg,ba,Testing
Testing\ba\463.jpg,ba,Testing
Testing\ba\464.jpg,ba,Testing
Testing\ba\465.jpg,ba,Testing
Testing\ba\466.jpg,ba,Testing
Testing\ba\467.jpg,ba,Testing
Testing\ba\468.jpg,ba,Testing
Testing\ba\469.jpg,ba,Testing
Testing\ba\470.jpg,ba,Testing
Testing\ba\471.jpg,ba,Testing
Testing\ba\472.jpg,ba,Testing
Testing\ba\473.jpg,ba,Testing
Testing\ba\474.jpg,ba,Testing
Testing\ba\475.jpg,ba,Testing
Testing\ba\476.jpg,ba,Testing
Testing\ba\477.jpg,ba,Testing
Testing\ba\478.jpg,ba,Testing
Testing\ba\479.jpg,ba,Testing
Testing\ba\480.jpg,ba,Testing
Testing\ba\481.jpg,ba,Testing
Testing\ba\482.jpg,ba,Testing
Testing\ba\483.jpg,ba,Testing
Testing\ba\484.jpg,ba,Testing
Testing\ba\485.jpg,ba,Testing
Testing\ba\486.jpg,ba,Testing
Testing\ba\487.jpg,ba,Testing
Testing\ba\488.jpg,ba,Testing
Testing\ba\489.jpg,ba,Testing
Testing\ba\490.jpg,ba,Testing
Testing\ba\491.jpg,ba,Testing
Testing\ba\492.jpg,ba,Testing
Testing\ba\493.jpg,ba,Testing
Testing\ba\494.jpg,ba,Testing
Testing\ba\495.jpg,ba,Testing
Testing\ba\496.jpg,ba,Testing
Testing\ba\497.jpg,ba,Testing
Testing\ba\498.jpg,ba,Testing
Testing\ba\499.jpg,ba,Testing
Testing\ba\500.jpg,ba,Testing
Testing\ba\501.jpg,ba,Testing
Testing\ba\502.jpg,ba,Testing
Testing\ba\503.jpg,ba,Testing
Testing\ba\504.jpg,ba,Testing
Testing\ba\505.jpg,ba,Testing
Testing\ba\506.jpg,ba,Testing
Testing\ba\507.jpg,ba,Testing
Testing\ba\508.jpg,ba,Testing
Testing\ba\509.jpg,ba,Testing
Testing\ba\510.jpg,ba,Testing
Testing\ba\511.jpg,ba,Testing
Testing\ba\512.jpg,ba,Testing
Testing\ba\513.jpg,ba,Testing
Testing\ba\514.jpg,ba,Testing
Testing\ba\515.jpg,ba,Testing
Testing\ba\516.jpg,ba,Testing
Testing\ba\517.jpg,ba,Testing
Testing\ba\518.jpg,ba,Testing
Testing\ba\519.jpg,ba,Testing
Testing\ba\520.jpg,ba,Testing
Testing\ba\521.jpg,ba,Testing
Testing\ba\522.jpg,ba,Testing
Testing\ba\523.jpg,ba,Testing
Testing\ba\524.jpg,ba,Testing
Testing\ba\525.jpg,ba,Testing
Testing\ba\526.jpg,ba,Testing
Testing\ba\527.jpg,ba,Testing
Testing\ba\528.jpg,ba,Testing
Testing\ba\529.jpg,ba,Testing
Testing\ba\530.jpg,ba,Testing
Testing\ba\531.jpg,ba,Testing
Testing\ba\532.jpg,ba,Testing
Testing\ba\533.jpg,ba,Testing
Testing\ba\534.jpg,ba,Testing
Testing\ba\535.jpg,ba,Testing
Testing\ba\536.jpg,ba,Testing
Testing\ba\537.jpg,ba,Testing
Testing\ba\538.jpg,ba,Testing
Testing\ba\539.jpg,ba,Testing
Testing\ba\540.jpg,ba,Testing
Testing\ba\541.jpg,ba,Testing
Testing\ba\542.jpg,ba,Testing
Testing\ba\543.jpg,ba,Testing
Testing\ba\544.jpg,ba,Testing
Testing\ba\545.jpg,ba,Testing
Testing\ba\546.jpg,ba,Testing
Testing\ba\547.jpg,ba,Testing
Testing\ba\548.jpg,ba,Testing
Testing\ba\549.jpg,ba,Testing
Testing\ba\550.jpg,ba,Testing
Testing\ba\551.jpg,ba,Testing
Testing\ba\552.jpg,ba,Testing
Testing\ba\553.jpg,ba,Testing
Testing\ba\554.jpg,ba,Testing
Testing\ba\555.jpg,ba,Testing
Testing\ba\556.jpg,ba,Testing
Testing\ba\557.jpg,ba,Testing
Testing\ba\558.jpg,ba,Testing
Testing\ba\559.jpg,ba,Testing
Testing\ba\560.jpg,ba,Testing
Testing\ba\561.jpg,ba,Testing
Testing\ba\562.jpg,ba,Testing
Testing\ba\563.jpg,ba,Testing
Testing\ba\564.jpg,ba,Testing
Testing\ba\565.jpg,ba,Testing
Testing\ba\566.jpg,ba,Testing
Testing\ba\567.jpg,ba,Testing
Testing\ba\568.jpg,ba,Testing
Testing\ba\569.jpg,ba,Testing
Testing\ba\570.jpg,ba,Testing
Testing\ba\571.jpg,ba,Testing
Testing\ba\572.jpg,ba,Testing
Testing\ba\573.jpg,ba,Testing
Testing\ba\574.jpg,ba,Testing
Testing\ba\575.jpg,ba,Testing
Testing\ba\576.jpg,ba,Testing
Testing\ba\577.jpg,ba,Testing
Testing\ba\578.jpg,ba,Testing
Testing\ba\579.jpg,ba,Testing
Testing\ba\580.jpg,ba,Testing
Testing\ba\581.jpg,ba,Testing
Testing\ba\582.jpg,ba,Testing
Testing\ba\583.jpg,ba,Testing
Testing\ba\584.jpg,ba,Testing
Testing\ba\585.jpg,ba,Testing
Testing\ba\586.jpg,ba,Testing
Testing\ba\587.jpg,ba,Testing
Testing\ba\588.jpg,ba,Testing
Testing\ba\589.jpg,ba,Testing
Testing\ba\590.jpg,ba,Testing
Testing\ba\591.jpg,ba,Testing
Testing\ba\592.jpg,ba,Testing
Testing\ba\593.jpg,ba,Testing
Testing\ba\594.jpg,ba,Testing
Testing\ba\595.jpg,ba,Testing
Testing\ba\596.jpg,ba,Testing
Testing\ba\597.jpg,ba,Testing
Testing\ba\598.jpg,ba,Testing
Testing\ba\599.jpg,ba,Testing
Testing\ba\600.jpg,ba,Testing
Testing\bha\421.jpg,bha,Testing
Testing\bha\422.jpg,bha,Testing
Testing\bha\423.jpg,bha,Testing
Testing\bha\424.jpg,bha,Testing
Testing\bha\425.jpg,bha,Testing
Testing\bha\426.jpg,bha,Testing
Testing\bha\427.jpg,bha,Testing
Testing\bha\428.jpg,bha,Testing
Testing\bha\429.jpg,bha,Testing
Testing\bha\430.jpg,bha,Testing
Testing\bha\431.jpg,bha,Testing
Testing\bha\432.jpg,bha,Testing
Testing\bha\433.jpg,bha,Testing
Testing\bha\434.jpg,bha,Testing
Testing\bha\435.jpg,bha,Testing
Testing\bha\436.jpg,bha,Testing
Testing\bha\437.jpg,bha,Testing
Testing\bha\438.jpg,bha,Testing
Testing\bha\439.jpg,bha,Testing
Testing\bha\440.jpg,bha,Testing
Testing\bha\441.jpg,bha,Testing
Testing\bha\442.jpg,bha,Testing
Testing\bha\443.jpg,bha,Testing
Testing\bha\444.jpg,bha,Testing
Testing\bha\445.jpg,bha,Testing
Testing\bha\446.jpg,bha,Testing
Testing\bha\447.jpg,bha,Testing
Testing\bha\448.jpg,bha,Testing
Testing\bha\449.jpg,bha,Testing
Testing\bha\450.jpg,bha,Testing
Testing\bha\451.jpg,bha,Testing
Testing\bha\452.jpg,bha,Testing
Testing\bha\453.jpg,bha,Testing
Testing\bha\454.jpg,bha,Testing
Testing\bha\455.jpg,bha,Testing
Testing\bha\456.jpg,bha,Testing
Testing\bha\457.jpg,bha,Testing
Testing\bha\458.jpg,bha,Testing
Testing\bha\459.jpg,bha,Testing
Testing\bha\460.jpg,bha,Testing
Testing\bha\461.jpg,bha,Testing
Testing\bha\462.jpg,bha,Testing
Testing\bha\463.jpg,bha,Testing
Testing\bha\464.jpg,bha,Testing
Testing\bha\465.jpg,bha,Testing
Testing\bha\466.jpg,bha,Testing
Testing\bha\467.jpg,bha,Testing
Testing\bha\468.jpg,bha,Testing
Testing\bha\469.jpg,bha,Testing
Testing\bha\470.jpg,bha,Testing
Testing\bha\471.jpg,bha,Testing
Testing\bha\472.jpg,bha,Testing
Testing\bha\473.jpg,bha,Testing
Testing\bha\474.jpg,bha,Testing
Testing\bha\475.jpg,bha,Testing
Testing\bha\476.jpg,bha,Testing
Testing\bha\477.jpg,bha,Testing
Testing\bha\478.jpg,bha,Testing
Testing\bha\479.jpg,bha,Testing
Testing\bha\480.jpg,bha,Testing
Testing\bha\481.jpg,bha,Testing
Testing\bha\482.jpg,bha,Testing
Testing\bha\483.jpg,bha,Testing
Testing\bha\484.jpg,bha,Testing
Testing\bha\485.jpg,bha,Testing
Testing\bha\486.jpg,bha,Testing
Testing\bha\487.jpg,bha,Testing
Testing\bha\488.jpg,bha,Testing
Testing\bha\489.jpg,bha,Testing
Testing\bha\490.jpg,bha,Testing
Testing\bha\491.jpg,bha,Testing
Testing\bha\492.jpg,bha,Testing
Testing\bha\493.jpg,bha,Testing
Testing\bha\494.jpg,bha,Testing
Testing\bha\495.jpg,bha,Testing
Testing\bha\496.jpg,bha,Testing
Testing\bha\497.jpg,bha,Testing
Testing\bha\498.jpg,bha,Testing
Testing\bha\499.jpg,bha,Testing
Testing\bha\500.jpg,bha,Testing
Testing\bha\501.jpg,bha,Testing
Testing\bha\502.jpg,bha,Testing
Testing\bha\503.jpg,bha,Testing
Testing\bha\504.jpg,bha,Testing
Testing\bha\505.jpg,bha,Testing
Testing\bha\506.jpg,bha,Testing
Testing\bha\507.jpg,bha,Testing
Testing\bha\508.jpg,bha,Testing
Testing\bha\509.jpg,bha,Testing
Testing\bha\510.jpg,bha,Testing
Testing\bha\511.jpg,bha,Testing
Testing\bha\512.jpg,bha,Testing
Testing\bha\513.jpg,bha,Testing
Testing\bha\514.jpg,bha,Testing
Testing\bha\515.jpg,bha,Testing
Testing\bha\516.jpg,bha,Testing
Testing\bha\517.jpg,bha,Testing
Testing\bha\518.jpg,bha,Testing
Testing\bha\519.jpg,bha,Testing
Testing\bha\520.jpg,bha,Testing
Testing\bha\521.jpg,bha,Testing
Testing\bha\522.jpg,bha,Testing
Testing\bha\523.jpg,bha,Testing
Testing\bha\524.jpg,bha,Testing
Testing\bha\525.jpg,bha,Testing
Testing\bha\526.jpg,bha,Testing
Testing\bha\527.jpg,bha,Testing
Testing\bha\528.jpg,bha,Testing
Testing\bha\529.jpg,bha,Testing
Testing\bha\530.jpg,bha,Testing
Testing\bha\531.jpg,bha,Testing
Testing\bha\532.jpg,bha,Testing
Testing\bha\533.jpg,bha,Testing
Testing\bha\534.jpg,bha,Testing
Testing\bha\535.jpg,bha,Testing
Testing\bha\536.jpg,bha,Testing
Testing\bha\537.jpg,bha,Testing
Testing\bha\538.jpg,bha,Testing
Testing\bha\539.jpg,bha,Testing
Testing\bha\540.jpg,bha,Testing
Testing\bha\541.jpg,bha,Testing
Testing\bha\542.jpg,bha,Testing
Testing\bha\543.jpg,bha,Testing
Testing\bha\544.jpg,bha,Testing
Testing\bha\545.jpg,bha,Testing
Testing\bha\546.jpg,bha,Testing
Testing\bha\547.jpg,bha,Testing
Testing\bha\548.jpg,bha,Testing
Testing\bha\549.jpg,bha,Testing
Testing\bha\550.jpg,bha,Testing
Testing\bha\551.jpg,bha,Testing
Testing\bha\552.jpg,bha,Testing
Testing\bha\553.jpg,bha,Testing
Testing\bha\554.jpg,bha,Testing
Testing\bha\555.jpg,bha,Testing
Testing\bha\556.jpg,bha,Testing
Testing\bha\557.jpg,bha,Testing
Testing\bha\558.jpg,bha,Testing
Testing\bha\559.jpg,bha,Testing
Testing\bha\560.jpg,bha,Testing
Testing\bha\561.jpg,bha,Testing
Testing\bha\562.jpg,bha,Testing
Testing\bha\563.jpg,bha,Testing
Testing\bha\564.jpg,bha,Testing
Testing\bha\565.jpg,bha,Testing
Testing\bha\566.jpg,bha,Testing
Testing\bha\567.jpg,bha,Testing
Testing\bha\568.jpg,bha,Testing
Testing\bha\569.jpg,bha,Testing
Testing\bha\570.jpg,bha,Testing
Testing\bha\571.jpg,bha,Testing
Testing\bha\572.jpg,bha,Testing
Testing\bha\573.jpg,bha,Testing
Testing\bha\574.jpg,bha,Testing
Testing\bha\575.jpg,bha,Testing
Testing\bha\576.jpg,bha,Testing
Testing\bha\577.jpg,bha,Testing
Testing\bha\578.jpg,bha,Testing
Testing\bha\579.jpg,bha,Testing
Testing\bha\580.jpg,bha,Testing
Testing\bha\581.jpg,bha,Testing
Testing\bha\582.jpg,bha,Testing
Testing\bha\583.jpg,bha,Testing
Testing\bha\584.jpg,bha,Testing
Testing\bha\585.jpg,bha,Testing
Testing\bha\586.jpg,bha,Testing
Testing\bha\587.jpg,bha,Testing
Testing\bha\588.jpg,bha,Testing
Testing\bha\589.jpg,bha,Testing
Testing\bha\590.jpg,bha,Testing
Testing\bha\591.jpg,bha,Testing
Testing\bha\592.jpg,bha,Testing
Testing\bha\593.jpg,bha,Testing
Testing\bha\594.jpg,bha,Testing
Testing\bha\595.jpg,bha,Testing
Testing\bha\596.jpg,bha,Testing
Testing\bha\597.jpg,bha,Testing
Testing\bha\598.jpg,bha,Testing
Testing\bha\599.jpg,bha,Testing
Testing\bha\600.jpg,bha,Testing
Testing\ca\421.jpg,ca,Testing
Testing\ca\422.jpg,ca,Testing
Testing\ca\423.jpg,ca,Testing
Testing\ca\424.jpg,ca,Testing
Testing\ca\425.jpg,ca,Testing
Testing\ca\426.jpg,ca,Testing
Testing\ca\427.jpg,ca,Testing
Testing\ca\428.jpg,ca,Testing
Testing\ca\429.jpg,ca,Testing
Testing\ca\430.jpg,ca,Testing
Testing\ca\431.jpg,ca,Testing
Testing\ca\432.jpg,ca,Testing
Testing\ca\433.jpg,ca,Testing
Testing\ca\434.jpg,ca,Testing
Testing\ca\435.jpg,ca,Testing
Testing\ca\436.jpg,ca,Testing
Testing\ca\437.jpg,ca,Testing
Testing\ca\438.jpg,ca,Testing
Testing\ca\439.jpg,ca,Testing
Testing\ca\440.jpg,ca,Testing
Testing\ca\441.jpg,ca,Testing
Testing\ca\442.jpg,ca,Testing
Testing\ca\443.jpg,ca,Testing
Testing\ca\444.jpg,ca,Testing
Testing\ca\445.jpg,ca,Testing
Testing\ca\446.jpg,ca,Testing
Testing\ca\447.jpg,ca,Testing
Testing\ca\448.jpg,ca,Testing
Testing\ca\449.jpg,ca,Testing
Testing\ca\450.jpg,ca,Testing
Testing\ca\451.jpg,ca,Testing
Testing\ca\452.jpg,ca,Testing
Testing\ca\453.jpg,ca,Testing
Testing\ca\454.jpg,ca,Testing
Testing\ca\455.jpg,ca,Testing
Testing\ca\456.jpg,ca,Testing
Testing\ca\457.jpg,ca,Testing
Testing\ca\458.jpg,ca,Testing
Testing\ca\459.jpg,ca,Testing
Testing\ca\460.jpg,ca,Testing
Testing\ca\461.jpg,ca,Testing
Testing\ca\462.jpg,ca,Testing
Testing\ca\463.jpg,ca,Testing
Testing\ca\464.jpg,ca,Testing
Testing\ca\465.jpg,ca,Testing
Testing\ca\466.jpg,ca,Testing
Testing\ca\467.jpg,ca,Testing
Testing\ca\468.jpg,ca,Testing
Testing\ca\469.jpg,ca,Testing
Testing\ca\470.jpg,ca,Testing
Testing\ca\471.jpg,ca,Testing
Testing\ca\472.jpg,ca,Testing
Testing\ca\473.jpg,ca,Testing
Testing\ca\474.jpg,ca,Testing
Testing\ca\475.jpg,ca,Testing
Testing\ca\476.jpg,ca,Testing
Testing\ca\477.jpg,ca,Testing
Testing\ca\478.jpg,ca,Testing
Testing\ca\479.jpg,ca,Testing
Testing\ca\480.jpg,ca,Testing
Testing\ca\481.jpg,ca,Testing
Testing\ca\482.jpg,ca,Testing
Testing\ca\483.jpg,ca,Testing
Testing\ca\484.jpg,ca,Testing
Testing\ca\485.jpg,ca,Testing
Testing\ca\486.jpg,ca,Testing
Testing\ca\487.jpg,ca,Testing
Testing\ca\488.jpg,ca,Testing
Testing\ca\489.jpg,ca,Testing
Testing\ca\490.jpg,ca,Testing
Testing\ca\491.jpg,ca,Testing
Testing\ca\492.jpg,ca,Testing
Testing\ca\493.jpg,ca,Testing
Testing\ca\494.jpg,ca,Testing
Testing\ca\495.jpg,ca,Testing
Testing\ca\496.jpg,ca,Testing
Testing\ca\497.jpg,ca,Testing
Testing\ca\498.jpg,ca,Testing
Testing\ca\499.jpg,ca,Testing
Testing\ca\500.jpg,ca,Testing
Testing\ca\501.jpg,ca,Testing
Testing\ca\502.jpg,ca,Testing
Testing\ca\503.jpg,ca,Testing
Testing\ca\504.jpg,ca,Testing
Testing\ca\505.jpg,ca,Testing
Testing\ca\506.jpg,ca,Testing
Testing\ca\507.jpg,ca,Testing
Testing\ca\508.jpg,ca,Testing
Testing\ca\509.jpg,ca,Testing
Testing\ca\510.jpg,ca,Testing
Testing\ca\511.jpg,ca,Testing
Testing\ca\512.jpg,ca,Testing
Testing\ca\513.jpg,ca,Testing
Testing\ca\514.jpg,ca,Testing
Testing\ca\515.jpg,ca,Testing
Testing\ca\516.jpg,ca,Testing
Testing\ca\517.jpg,ca,Testing
Testing\ca\518.jpg,ca,Testing
Testing\ca\519.jpg,ca,Testing
Testing\ca\520.jpg,ca,Testing
Testing\ca\521.jpg,ca,Testing
Testing\ca\522.jpg,ca,Testing
Testing\ca\523.jpg,ca,Testing
Testing\ca\524.jpg,ca,Testing
Testing\ca\525.jpg,ca,Testing
Testing\ca\526.jpg,ca,Testing
Testing\ca\527.jpg,ca,Testing
Testing\ca\528.jpg,ca,Testing
Testing\ca\529.jpg,ca,Testing
Testing\ca\530.jpg,ca,Testing
Testing\ca\531.jpg,ca,Testing
Testing\ca\532.jpg,ca,Testing
Testing\ca\533.jpg,ca,Testing
Testing\ca\534.jpg,ca,Testing
Testing\ca\535.jpg,ca,Testing
Testing\ca\536.jpg,ca,Testing
Testing\ca\537.jpg,ca,Testing
Testing\ca\538.jpg,ca,Testing
Testing\ca\539.jpg,ca,Testing
Testing\ca\540.jpg,ca,Testing
Testing\ca\541.jpg,ca,Testing
Testing\ca\542.jpg,ca,Testing
Testing\ca\543.jpg,ca,Testing
Testing\ca\544.jpg,ca,Testing
Testing\ca\545.jpg,ca,Testing
Testing\ca\546.jpg,ca,Testing
Testing\ca\547.jpg,ca,Testing
Testing\ca\548.jpg,ca,Testing
Testing\ca\549.jpg,ca,Testing
Testing\ca\550.jpg,ca,Testing
Testing\ca\551.jpg,ca,Testing
Testing\ca\552.jpg,ca,Testing
Testing\ca\553.jpg,ca,Testing
Testing\ca\554.jpg,ca,Testing
Testing\ca\555.jpg,ca,Testing
Testing\ca\556.jpg,ca,Testing
Testing\ca\557.jpg,ca,Testing
Testing\ca\558.jpg,ca,Testing
Testing\ca\559.jpg,ca,Testing
Testing\ca\560.jpg,ca,Testing
Testing\ca\561.jpg,ca,Testing
Testing\ca\562.jpg,ca,Testing
Testing\ca\563.jpg,ca,Testing
Testing\ca\564.jpg,ca,Testing
Testing\ca\565.jpg,ca,Testing
Testing\ca\566.jpg,ca,Testing
Testing\ca\567.jpg,ca,Testing
Testing\ca\568.jpg,ca,Testing
Testing\ca\569.jpg,ca,Testing
Testing\ca\570.jpg,ca,Testing
Testing\ca\571.jpg,ca,Testing
Testing\ca\572.jpg,ca,Testing
Testing\ca\573.jpg,ca,Testing
Testing\ca\574.jpg,ca,Testing
Testing\ca\575.jpg,ca,Testing
Testing\ca\576.jpg,ca,Testing
Testing\ca\577.jpg,ca,Testing
Testing\ca\578.jpg,ca,Testing
Testing\ca\579.jpg,ca,Testing
Testing\ca\580.jpg,ca,Testing
Testing\ca\581.jpg,ca,Testing
Testing\ca\582.jpg,ca,Testing
Testing\ca\583.jpg,ca,Testing
Testing\ca\584.jpg,ca,Testing
Testing\ca\585.jpg,ca,Testing
Testing\ca\586.jpg,ca,Testing
Testing\ca\587.jpg,ca,Testing
Testing\ca\588.jpg,ca,Testing
Testing\ca\589.jpg,ca,Testing
Testing\ca\590.jpg,ca,Testing
Testing\ca\591.jpg,ca,Testing
Testing\ca\592.jpg,ca,Testing
Testing\ca\593.jpg,ca,Testing
Testing\ca\594.jpg,ca,Testing
Testing\ca\595.jpg,ca,Testing
Testing\ca\596.jpg,ca,Testing
Testing\ca\597.jpg,ca,Testing
Testing\ca\598.jpg,ca,Testing
Testing\ca\599.jpg,ca,Testing
Testing\ca\600.jpg,ca,Testing
Testing\cha\421.jpg,cha,Testing
Testing\cha\422.jpg,cha,Testing
Testing\cha\423.jpg,cha,Testing
Testing\cha\424.jpg,cha,Testing
Testing\cha\425.jpg,cha,Testing
Testing\cha\426.jpg,cha,Testing
Testing\cha\427.jpg,cha,Testing
Testing\cha\428.jpg,cha,Testing
Testing\cha\429.jpg,cha,Testing
Testing\cha\430.jpg,cha,Testing
Testing\cha\431.jpg,cha,Testing
Testing\cha\432.jpg,cha,Testing
Testing\cha\433.jpg,cha,Testing
Testing\cha\434.jpg,cha,Testing
Testing\cha\435.jpg,cha,Testing
Testing\cha\436.jpg,cha,Testing
Testing\cha\437.jpg,cha,Testing
Testing\cha\438.jpg,cha,Testing
Testing\cha\439.jpg,cha,Testing
Testing\cha\440.jpg,cha,Testing
Testing\cha\441.jpg,cha,Testing
Testing\cha\442.jpg,cha,Testing
Testing\cha\443.jpg,cha,Testing
Testing\cha\444.jpg,cha,Testing
Testing\cha\445.jpg,cha,Testing
Testing\cha\446.jpg,cha,Testing
Testing\cha\447.jpg,cha,Testing
Testing\cha\448.jpg,cha,Testing
Testing\cha\449.jpg,cha,Testing
Testing\cha\450.jpg,cha,Testing
Testing\cha\451.jpg,cha,Testing
Testing\cha\452.jpg,cha,Testing
Testing\cha\453.jpg,cha,Testing
Testing\cha\454.jpg,cha,Testing
Testing\cha\455.jpg,cha,Testing
Testing\cha\456.jpg,cha,Testing
Testing\cha\457.jpg,cha,Testing
Testing\cha\458.jpg,cha,Testing
Testing\cha\459.jpg,cha,Testing
Testing\cha\460.jpg,cha,Testing
Testing\cha\461.jpg,cha,Testing
Testing\cha\462.jpg,cha,Testing
Testing\cha\463.jpg,cha,Testing
Testing\cha\464.jpg,cha,Testing
Testing\cha\465.jpg,cha,Testing
Testing\cha\466.jpg,cha,Testing
Testing\cha\467.jpg,cha,Testing
Testing\cha\468.jpg,cha,Testing
Testing\cha\469.jpg,cha,Testing
Testing\cha\470.jpg,cha,Testing
Testing\cha\471.jpg,cha,Testing
Testing\cha\472.jpg,cha,Testing
Testing\cha\473.jpg,cha,Testing
Testing\cha\474.jpg,cha,Testing
Testing\cha\475.jpg,cha,Testing
Testing\cha\476.jpg,cha,Testing
Testing\cha\477.jpg,cha,Testing
Testing\cha\478.jpg,cha,Testing
Testing\cha\479.jpg,cha,Testing
Testing\cha\480.jpg,cha,Testing
Testing\cha\481.jpg,cha,Testing
Testing\cha\482.jpg,cha,Testing
Testing\cha\483.jpg,cha,Testing
Testing\cha\484.jpg,cha,Testing
Testing\cha\485.jpg,cha,Testing
Testing\cha\486.jpg,cha,Testing
Testing\cha\487.jpg,cha,Testing
Testing\cha\488.jpg,cha,Testing
Testing\cha\489.jpg,cha,Testing
Testing\cha\490.jpg,cha,Testing
Testing\cha\491.jpg,cha,Testing
Testing\cha\492.jpg,cha,Testing
Testing\cha\493.jpg,cha,Testing
Testing\cha\494.jpg,cha,Testing
Testing\cha\495.jpg,cha,Testing
Testing\cha\496.jpg,cha,Testing
Testing\cha\497.jpg,cha,Testing
Testing\cha\498.jpg,cha,Testing
Testing\cha\499.jpg,cha,Testing
Testing\cha\500.jpg,cha,Testing
Testing\cha\501.jpg,cha,Testing
Testing\cha\502.jpg,cha,Testing
Testing\cha\503.jpg,cha,Testing
Testing\cha\504.jpg,cha,Testing
Testing\cha\505.jpg,cha,Testing
Testing\cha\506.jpg,cha,Testing
Testing\cha\507.jpg,cha,Testing
Testing\cha\508.jpg,cha,Testing
Testing\cha\509.jpg,cha,Testing
Testing\cha\510.jpg,cha,Testing
Testing\cha\511.jpg,cha,Testing
Testing\cha\512.jpg,cha,Testing
Testing\cha\513.jpg,cha,Testing
Testing\cha\514.jpg,cha,Testing
Testing\cha\515.jpg,cha,Testing
Testing\cha\516.jpg,cha,Testing
Testing\cha\517.jpg,cha,Testing
Testing\cha\518.jpg,cha,Testing
Testing\cha\519.jpg,cha,Testing
Testing\cha\520.jpg,cha,Testing
Testing\cha\521.jpg,cha,Testing
Testing\cha\522.jpg,cha,Testing
Testing\cha\523.jpg,cha,Testing
Testing\cha\524.jpg,cha,Testing
Testing\cha\525.jpg,cha,Testing
Testing\cha\526.jpg,cha,Testing
Testing\cha\527.jpg,cha,Testing
Testing\cha\528.jpg,cha,Testing
Testing\cha\529.jpg,cha,Testing
Testing\cha\530.jpg,cha,Testing
Testing\cha\531.jpg,cha,Testing
Testing\cha\532.jpg,cha,Testing
Testing\cha\533.jpg,cha,Testing
Testing\cha\534.jpg,cha,Testing
Testing\cha\535.jpg,cha,Testing
Testing\cha\536.jpg,cha,Testing
Testing\cha\537.jpg,cha,Testing
Testing\cha\538.jpg,cha,Testing
Testing\cha\539.jpg,cha,Testing
Testing\cha\540.jpg,cha,Testing
Testing\cha\541.jpg,cha,Testing
Testing\cha\542.jpg,cha,Testing
Testing\cha\543.jpg,cha,Testing
Testing\cha\544.jpg,cha,Testing
Testing\cha\545.jpg,cha,Testing
Testing\cha\546.jpg,cha,Testing
Testing\cha\547.jpg,cha,Testing
Testing\cha\548.jpg,cha,Testing
Testing\cha\549.jpg,cha,Testing
Testing\cha\550.jpg,cha,Testing
Testing\cha\551.jpg,cha,Testing
Testing\cha\552.jpg,cha,Testing
Testing\cha\553.jpg,cha,Testing
Testing\cha\554.jpg,cha,Testing
Testing\cha\555.jpg,cha,Testing
Testing\cha\556.jpg,cha,Testing
Testing\cha\557.jpg,cha,Testing
Testing\cha\558.jpg,cha,Testing
Testing\cha\559.jpg,cha,Testing
Testing\cha\560.jpg,cha,Testing
Testing\cha\561.jpg,cha,Testing
Testing\cha\562.jpg,cha,Testing
Testing\cha\563.jpg,cha,Testing
Testing\cha\564.jpg,cha,Testing
Testing\cha\565.jpg,cha,Testing
Testing\cha\566.jpg,cha,Testing
Testing\cha\567.jpg,cha,Testing
Testing\cha\568.jpg,cha,Testing
Testing\cha\569.jpg,cha,Testing
Testing\cha\570.jpg,cha,Testing
Testing\cha\571.jpg,cha,Testing
Testing\cha\572.jpg,cha,Testing
Testing\cha\573.jpg,cha,Testing
Testing\cha\574.jpg,cha,Testing
Testing\cha\575.jpg,cha,Testing
Testing\cha\576.jpg,cha,Testing
Testing\cha\577.jpg,cha,Testing
Testing\cha\578.jpg,cha,Testing
Testing\cha\579.jpg,cha,Testing
Testing\cha\580.jpg,cha,Testing
Testing\cha\581.jpg,cha,Testing
Testing\cha\582.jpg,cha,Testing
Testing\cha\583.jpg,cha,Testing
Testing\cha\584.jpg,cha,Testing
Testing\cha\585.jpg,cha,Testing
Testing\cha\586.jpg,cha,Testing
Testing\cha\587.jpg,cha,Testing
Testing\cha\588.jpg,cha,Testing
Testing\cha\589.jpg,cha,Testing
Testing\cha\590.jpg,cha,Testing
Testing\cha\591.jpg,cha,Testing
Testing\cha\592.jpg,cha,Testing
Testing\cha\593.jpg,cha,Testing
Testing\cha\594.jpg,cha,Testing
Testing\cha\595.jpg,cha,Testing
Testing\cha\596.jpg,cha,Testing
Testing\cha\597.jpg,cha,Testing
Testing\cha\598.jpg,cha,Testing
Testing\cha\599.jpg,cha,Testing
Testing\cha\600.jpg,cha,Testing
Testing\da\421.jpg,da,Testing
Testing\da\422.jpg,da,Testing
Testing\da\423.jpg,da,Testing
Testing\da\424.jpg,da,Testing
Testing\da\425.jpg,da,Testing
Testing\da\426.jpg,da,Testing
Testing\da\427.jpg,da,Testing
Testing\da\428.jpg,da,Testing
Testing\da\429.jpg,da,Testing
Testing\da\430.jpg,da,Testing
Testing\da\431.jpg,da,Testing
Testing\da\432.jpg,da,Testing
Testing\da\433.jpg,da,Testing
Testing\da\434.jpg,da,Testing
Testing\da\435.jpg,da,Testing
Testing\da\436.jpg,da,Testing
Testing\da\437.jpg,da,Testing
Testing\da\438.jpg,da,Testing
Testing\da\439.jpg,da,Testing
Testing\da\440.jpg,da,Testing
Testing\da\441.jpg,da,Testing
Testing\da\442.jpg,da,Testing
Testing\da\443.jpg,da,Testing
Testing\da\444.jpg,da,Testing
Testing\da\445.jpg,da,Testing
Testing\da\446.jpg,da,Testing
Testing\da\447.jpg,da,Testing
Testing\da\448.jpg,da,Testing
Testing\da\449.jpg,da,Testing
Testing\da\450.jpg,da,Testing
Testing\da\451.jpg,da,Testing
Testing\da\452.jpg,da,Testing
Testing\da\453.jpg,da,Testing
Testing\da\454.jpg,da,Testing
Testing\da\455.jpg,da,Testing
Testing\da\456.jpg,da,Testing
Testing\da\457.jpg,da,Testing
Testing\da\458.jpg,da,Testing
Testing\da\459.jpg,da,Testing
Testing\da\460.jpg,da,Testing
Testing\da\461.jpg,da,Testing
Testing\da\462.jpg,da,Testing
Testing\da\463.jpg,da,Testing
Testing\da\464.jpg,da,Testing
Testing\da\465.jpg,da,Testing
Testing\da\466.jpg,da,Testing
Testing\da\467.jpg,da,Testing
Testing\da\468.jpg,da,Testing
Testing\da\469.jpg,da,Testing
Testing\da\470.jpg,da,Testing
Testing\da\471.jpg,da,Testing
Testing\da\472.jpg,da,Testing
Testing\da\473.jpg,da,Testing
Testing\da\474.jpg,da,Testing
Testing\da\475.jpg,da,Testing
Testing\da\476.jpg,da,Testing
Testing\da\477.jpg,da,Testing
Testing\da\478.jpg,da,Testing
Testing\da\479.jpg,da,Testing
Testing\da\480.jpg,da,Testing
Testing\da\481.jpg,da,Testing
Testing\da\482.jpg,da,Testing
Testing\da\483.jpg,da,Testing
Testing\da\484.jpg,da,Testing
Testing\da\485.jpg,da,Testing
Testing\da\486.jpg,da,Testing
Testing\da\487.jpg,da,Testing
Testing\da\488.jpg,da,Testing
Testing\da\489.jpg,da,Testing
Testing\da\490.jpg,da,Testing
Testing\da\491.jpg,da,Testing
Testing\da\492.jpg,da,Testing
Testing\da\493.jpg,da,Testing
Testing\da\494.jpg,da,Testing
Testing\da\495.jpg,da,Testing
Testing\da\496.jpg,da,Testing
Testing\da\497.jpg,da,Testing
Testing\da\498.jpg,da,Testing
Testing\da\499.jpg,da,Testing
Testing\da\500.jpg,da,Testing
Testing\da\501.jpg,da,Testing
Testing\da\502.jpg,da,Testing
Testing\da\503.jpg,da,Testing
Testing\da\504.jpg,da,Testing
Testing\da\505.jpg,da,Testing
Testing\da\506.jpg,da,Testing
Testing\da\507.jpg,da,Testing
Testing\da\508.jpg,da,Testing
Testing\da\509.jpg,da,Testing
Testing\da\510.jpg,da,Testing
Testing\da\511.jpg,da,Testing
Testing\da\512.jpg,da,Testing
Testing\da\513.jpg,da,Testing
Testing\da\514.jpg,da,Testing
Testing\da\515.jpg,da,Testing
Testing\da\516.jpg,da,Testing
Testing\da\517.jpg,da,Testing
Testing\da\518.jpg,da,Testing
Testing\da\519.jpg,da,Testing
Testing\da\520.jpg,da,Testing
Testing\da\521.jpg,da,Testing
Testing\da\522.jpg,da,Testing
Testing\da\523.jpg,da,Testing
Testing\da\524.jpg,da,Testing
Testing\da\525.jpg,da,Testing
Testing\da\526.jpg,da,Testing
Testing\da\527.jpg,da,Testing
Testing\da\528.jpg,da,Testing
Testing\da\529.jpg,da,Testing
Testing\da\530.jpg,da,Testing
Testing\da\531.jpg,da,Testing
Testing\da\532.jpg,da,Testing
Testing\da\533.jpg,da,Testing
Testing\da\534.jpg,da,Testing
Testing\da\535.jpg,da,Testing
Testing\da\536.jpg,da,Testing
Testing\da\537.jpg,da,Testing
Testing\da\538.jpg,da,Testing
Testing\da\539.jpg,da,Testing
Testing\da\540.jpg,da,Testing
Testing\da\541.jpg,da,Testing
Testing\da\542.jpg,da,Testing
Testing\da\543.jpg,da,Testing
Testing\da\544.jpg,da,Testing
Testing\da\545.jpg,da,Testing
Testing\da\546.jpg,da,Testing
Testing\da\547.jpg,da,Testing
Testing\da\548.jpg,da,Testing
Testing\da\549.jpg,da,Testing
Testing\da\550.jpg,da,Testing
Testing\da\551.jpg,da,Testing
Testing\da\552.jpg,da,Testing
Testing\da\553.jpg,da,Testing
Testing\da\554.jpg,da,Testing
Testing\da\555.jpg,da,Testing
Testing\da\556.jpg,da,Testing
Testing\da\557.jpg,da,Testing
Testing\da\558.jpg,da,Testing
Testing\da\559.jpg,da,Testing
Testing\da\560.jpg,da,Testing
Testing\da\561.jpg,da,Testing
Testing\da\562.jpg,da,Testing
Testing\da\563.jpg,da,Testing
Testing\da\564.jpg,da,Testing
Testing\da\565.jpg,da,Testing
Testing\da\566.jpg,da,Testing
Testing\da\567.jpg,da,Testing
Testing\da\568.jpg,da,Testing
Testing\da\569.jpg,da,Testing
Testing\da\570.jpg,da,Testing
Testing\da\571.jpg,da,Testing
Testing\da\572.jpg,da,Testing
Testing\da\573.jpg,da,Testing
Testing\da\574.jpg,da,Testing
Testing\da\575.jpg,da,Testing
Testing\da\576.jpg,da,Testing
Testing\da\577.jpg,da,Testing
Testing\da\578.jpg,da,Testing
Testing\da\579.jpg,da,Testing
Testing\da\580.jpg,da,Testing
Testing\da\581.jpg,da,Testing
Testing\da\582.jpg,da,Testing
Testing\da\583.jpg,da,Testing
Testing\da\584.jpg,da,Testing
Testing\da\585.jpg,da,Testing
Testing\da\586.jpg,da,Testing
Testing\da\587.jpg,da,Testing
Testing\da\588.jpg,da,Testing
Testing\da\589.jpg,da,Testing
Testing\da\590.jpg,da,Testing
Testing\da\591.jpg,da,Testing
Testing\da\592.jpg,da,Testing
Testing\da\593.jpg,da,Testing
Testing\da\594.jpg,da,Testing
Testing\da\595.jpg,da,Testing
Testing\da\596.jpg,da,Testing
Testing\da\597.jpg,da,Testing
Testing\da\598.jpg,da,Testing
Testing\da\599.jpg,da,Testing
Testing\da\600.jpg,da,Testing
Testing\de\421.jpg,de,Testing
Testing\de\422.jpg,de,Testing
Testing\de\423.jpg,de,Testing
Testing\de\424.jpg,de,Testing
Testing\de\425.jpg,de,Testing
Testing\de\426.jpg,de,Testing
Testing\de\427.jpg,de,Testing
Testing\de\428.jpg,de,Testing
Testing\de\429.jpg,de,Testing
Testing\de\430.jpg,de,Testing
Testing\de\431.jpg,de,Testing
Testing\de\432.jpg,de,Testing
Testing\de\433.jpg,de,Testing
Testing\de\434.jpg,de,Testing
Testing\de\435.jpg,de,Testing
Testing\de\436.jpg,de,Testing
Testing\de\437.jpg,de,Testing
Testing\de\438.jpg,de,Testing
Testing\de\439.jpg,de,Testing
Testing\de\440.jpg,de,Testing
Testing\de\441.jpg,de,Testing
Testing\de\442.jpg,de,Testing
Testing\de\443.jpg,de,Testing
Testing\de\444.jpg,de,Testing
Testing\de\445.jpg,de,Testing
Testing\de\446.jpg,de,Testing
Testing\de\447.jpg,de,Testing
Testing\de\448.jpg,de,Testing
Testing\de\449.jpg,de,Testing
Testing\de\450.jpg,de,Testing
Testing\de\451.jpg,de,Testing
Testing\de\452.jpg,de,Testing
Testing\de\453.jpg,de,Testing
Testing\de\454.jpg,de,Testing
Testing\de\455.jpg,de,Testing
Testing\de\456.jpg,de,Testing
Testing\de\457.jpg,de,Testing
Testing\de\458.jpg,de,Testing
Testing\de\459.jpg,de,Testing
Testing\de\460.jpg,de,Testing
Testing\de\461.jpg,de,Testing
Testing\de\462.jpg,de,Testing
Testing\de\463.jpg,de,Testing
Testing\de\464.jpg,de,Testing
Testing\de\465.jpg,de,Testing
Testing\de\466.jpg,de,Testing
Testing\de\467.jpg,de,Testing
Testing\de\468.jpg,de,Testing
Testing\de\469.jpg,de,Testing
Testing\de\470.jpg,de,Testing
Testing\de\471.jpg,de,Testing
Testing\de\472.jpg,de,Testing
Testing\de\473.jpg,de,Testing
Testing\de\474.jpg,de,Testing
Testing\de\475.jpg,de,Testing
Testing\de\476.jpg,de,Testing
Testing\de\477.jpg,de,Testing
Testing\de\478.jpg,de,Testing
Testing\de\479.jpg,de,Testing
Testing\de\480.jpg,de,Testing
Testing\de\481.jpg,de,Testing
Testing\de\482.jpg,de,Testing
Testing\de\483.jpg,de,Testing
Testing\de\484.jpg,de,Testing
Testing\de\485.jpg,de,Testing
Testing\de\486.jpg,de,Testing
Testing\de\487.jpg,de,Testing
Testing\de\488.jpg,de,Testing
Testing\de\489.jpg,de,Testing
Testing\de\490.jpg,de,Testing
Testing\de\491.jpg,de,Testing
Testing\de\492.jpg,de,Testing
Testing\de\493.jpg,de,Testing
Testing\de\494.jpg,de,Testing
Testing\de\495.jpg,de,Testing
Testing\de\496.jpg,de,Testing
Testing\de\497.jpg,de,Testing
Testing\de\498.jpg,de,Testing
Testing\de\499.jpg,de,Testing
Testing\de\500.jpg,de,Testing
Testing\de\501.jpg,de,Testing
Testing\de\502.jpg,de,Testing
Testing\de\503.jpg,de,Testing
Testing\de\504.jpg,de,Testing
Testing\de\505.jpg,de,Testing
Testing\de\506.jpg,de,Testing
Testing\de\507.jpg,de,Testing
Testing\de\508.jpg,de,Testing
Testing\de\509.jpg,de,Testing
Testing\de\510.jpg,de,Testing
Testing\de\511.jpg,de,Testing
Testing\de\512.jpg,de,Testing
Testing\de\513.jpg,de,Testing
Testing\de\514.jpg,de,Testing
Testing\de\515.jpg,de,Testing
Testing\de\516.jpg,de,Testing
Testing\de\517.jpg,de,Testing
Testing\de\518.jpg,de,Testing
Testing\de\519.jpg,de,Testing
Testing\de\520.jpg,de,Testing
Testing\de\521.jpg,de,Testing
Testing\de\522.jpg,de,Testing
Testing\de\523.jpg,de,Testing
Testing\de\524.jpg,de,Testing
Testing\de\525.jpg,de,Testing
Testing\de\526.jpg,de,Testing
Testing\de\527.jpg,de,Testing
Testing\de\528.jpg,de,Testing
Testing\de\529.jpg,de,Testing
Testing\de\530.jpg,de,Testing
Testing\de\531.jpg,de,Testing
Testing\de\532.jpg,de,Testing
Testing\de\533.jpg,de,Testing
Testing\de\534.jpg,de,Testing
Testing\de\535.jpg,de,Testing
Testing\de\536.jpg,de,Testing
Testing\de\537.jpg,de,Testing
Testing\de\538.jpg,de,Testing
Testing\de\539.jpg,de,Testing
Testing\de\540.jpg,de,Testing
Testing\de\541.jpg,de,Testing
Testing\de\542.jpg,de,Testing
Testing\de\543.jpg,de,Testing
Testing\de\544.jpg,de,Testing
Testing\de\545.jpg,de,Testing
Testing\de\546.jpg,de,Testing
Testing\de\547.jpg,de,Testing
Testing\de\548.jpg,de,Testing
Testing\de\549.jpg,de,Testing
Testing\de\550.jpg,de,Testing
Testing\de\551.jpg,de,Testing
Testing\de\552.jpg,de,Testing
Testing\de\553.jpg,de,Testing
Testing\de\554.jpg,de,Testing
Testing\de\555.jpg,de,Testing
Testing\de\556.jpg,de,Testing
Testing\de\557.jpg,de,Testing
Testing\de\558.jpg,de,Testing
Testing\de\559.jpg,de,Testing
Testing\de\560.jpg,de,Testing
Testing\de\561.jpg,de,Testing
Testing\de\562.jpg,de,Testing
Testing\de\563.jpg,de,Testing
Testing\de\564.jpg,de,Testing
Testing\de\565.jpg,de,Testing
Testing\de\566.jpg,de,Testing
Testing\de\567.jpg,de,Testing
Testing\de\568.jpg,de,Testing
Testing\de\569.jpg,de,Testing
Testing\de\570.jpg,de,Testing
Testing\de\571.jpg,de,Testing
Testing\de\572.jpg,de,Testing
Testing\de\573.jpg,de,Testing
Testing\de\574.jpg,de,Testing
Testing\de\575.jpg,de,Testing
Testing\de\576.jpg,de,Testing
Testing\de\577.jpg,de,Testing
Testing\de\578.jpg,de,Testing
Testing\de\579.jpg,de,Testing
Testing\de\580.jpg,de,Testing
Testing\de\581.jpg,de,Testing
Testing\de\582.jpg,de,Testing
Testing\de\583.jpg,de,Testing
Testing\de\584.jpg,de,Testing
Testing\de\585.jpg,de,Testing
Testing\de\586.jpg,de,Testing
Testing\de\587.jpg,de,Testing
Testing\de\588.jpg,de,Testing
Testing\de\589.jpg,de,Testing
Testing\de\590.jpg,de,Testing
Testing\de\591.jpg,de,Testing
Testing\de\592.jpg,de,Testing
Testing\de\593.jpg,de,Testing
Testing\de\594.jpg,de,Testing
Testing\de\595.jpg,de,Testing
Testing\de\596.jpg,de,Testing
Testing\de\597.jpg,de,Testing
Testing\de\598.jpg,de,Testing
Testing\de\599.jpg,de,Testing
Testing\de\600.jpg,de,Testing
Testing\dha\421.jpg,dha,Testing
Testing\dha\422.jpg,dha,Testing
Testing\dha\423.jpg,dha,Testing
Testing\dha\424.jpg,dha,Testing
Testing\dha\425.jpg,dha,Testing
Testing\dha\426.jpg,dha,Testing
Testing\dha\427.jpg,dha,Testing
Testing\dha\428.jpg,dha,Testing
Testing\dha\429.jpg,dha,Testing
Testing\dha\430.jpg,dha,Testing
Testing\dha\431.jpg,dha,Testing
Testing\dha\432.jpg,dha,Testing
Testing\dha\433.jpg,dha,Testing
Testing\dha\434.jpg,dha,Testing
Testing\dha\435.jpg,dha,Testing
Testing\dha\436.jpg,dha,Testing
Testing\dha\437.jpg,dha,Testing
Testing\dha\438.jpg,dha,Testing
Testing\dha\439.jpg,dha,Testing
Testing\dha\440.jpg,dha,Testing
Testing\dha\441.jpg,dha,Testing
Testing\dha\442.jpg,dha,Testing
Testing\dha\443.jpg,dha,Testing
Testing\dha\444.jpg,dha,Testing
Testing\dha\445.jpg,dha,Testing
Testing\dha\446.jpg,dha,Testing
Testing\dha\447.jpg,dha,Testing
Testing\dha\448.jpg,dha,Testing
Testing\dha\449.jpg,dha,Testing
Testing\dha\450.jpg,dha,Testing
Testing\dha\451.jpg,dha,Testing
Testing\dha\452.jpg,dha,Testing
Testing\dha\453.jpg,dha,Testing
Testing\dha\454.jpg,dha,Testing
Testing\dha\455.jpg,dha,Testing
Testing\dha\456.jpg,dha,Testing
Testing\dha\457.jpg,dha,Testing
Testing\dha\458.jpg,dha,Testing
Testing\dha\459.jpg,dha,Testing
Testing\dha\460.jpg,dha,Testing
Testing\dha\461.jpg,dha,Testing
Testing\dha\462.jpg,dha,Testing
Testing\dha\463.jpg,dha,Testing
Testing\dha\464.jpg,dha,Testing
Testing\dha\465.jpg,dha,Testing
Testing\dha\466.jpg,dha,Testing
Testing\dha\467.jpg,dha,Testing
Testing\dha\468.jpg,dha,Testing
Testing\dha\469.jpg,dha,Testing
Testing\dha\470.jpg,dha,Testing
Testing\dha\471.jpg,dha,Testing
Testing\dha\472.jpg,dha,Testing
Testing\dha\473.jpg,dha,Testing
Testing\dha\474.jpg,dha,Testing
Testing\dha\475.jpg,dha,Testing
Testing\dha\476.jpg,dha,Testing
Testing\dha\477.jpg,dha,Testing
Testing\dha\478.jpg,dha,Testing
Testing\dha\479.jpg,dha,Testing
Testing\dha\480.jpg,dha,Testing
Testing\dha\481.jpg,dha,Testing
Testing\dha\482.jpg,dha,Testing
Testing\dha\483.jpg,dha,Testing
Testing\dha\484.jpg,dha,Testing
Testing\dha\485.jpg,dha,Testing
Testing\dha\486.jpg,dha,Testing
Testing\dha\487.jpg,dha,Testing
Testing\dha\488.jpg,dha,Testing
Testing\dha\489.jpg,dha,Testing
Testing\dha\490.jpg,dha,Testing
Testing\dha\491.jpg,dha,Testing
Testing\dha\492.jpg,dha,Testing
Testing\dha\493.jpg,dha,Testing
Testing\dha\494.jpg,dha,Testing
Testing\dha\495.jpg,dha,Testing
Testing\dha\496.jpg,dha,Testing
Testing\dha\497.jpg,dha,Testing
Testing\dha\498.jpg,dha,Testing
Testing\dha\499.jpg,dha,Testing
Testing\dha\500.jpg,dha,Testing
Testing\dha\501.jpg,dha,Testing
Testing\dha\502.jpg,dha,Testing
Testing\dha\503.jpg,dha,Testing
Testing\dha\504.jpg,dha,Testing
Testing\dha\505.jpg,dha,Testing
Testing\dha\506.jpg,dha,Testing
Testing\dha\507.jpg,dha,Testing
Testing\dha\508.jpg,dha,Testing
Testing\dha\509.jpg,dha,Testing
Testing\dha\510.jpg,dha,Testing
Testing\dha\511.jpg,dha,Testing
Testing\dha\512.jpg,dha,Testing
Testing\dha\513.jpg,dha,Testing
Testing\dha\514.jpg,dha,Testing
Testing\dha\515.jpg,dha,Testing
Testing\dha\516.jpg,dha,Testing
Testing\dha\517.jpg,dha,Testing
Testing\dha\518.jpg,dha,Testing
Testing\dha\519.jpg,dha,Testing
Testing\dha\520.jpg,dha,Testing
Testing\dha\521.jpg,dha,Testing
Testing\dha\522.jpg,dha,Testing
Testing\dha\523.jpg,dha,Testing
Testing\dha\524.jpg,dha,Testing
Testing\dha\525.jpg,dha,Testing
Testing\dha\526.jpg,dha,Testing
Testing\dha\527.jpg,dha,Testing
Testing\dha\528.jpg,dha,Testing
Testing\dha\529.jpg,dha,Testing
Testing\dha\530.jpg,dha,Testing
Testing\dha\531.jpg,dha,Testing
Testing\dha\532.jpg,dha,Testing
Testing\dha\533.jpg,dha,Testing
Testing\dha\534.jpg,dha,Testing
Testing\dha\535.jpg,dha,Testing
Testing\dha\536.jpg,dha,Testing
Testing\dha\537.jpg,dha,Testing
Testing\dha\538.jpg,dha,Testing
Testing\dha\539.jpg,dha,Testing
Testing\dha\540.jpg,dha,Testing
Testing\dha\541.jpg,dha,Testing
Testing\dha\542.jpg,dha,Testing
Testing\dha\543.jpg,dha,Testing
Testing\dha\544.jpg,dha,Testing
Testing\dha\545.jpg,dha,Testing
Testing\dha\546.jpg,dha,Testing
Testing\dha\547.jpg,dha,Testing
Testing\dha\548.jpg,dha,Testing
Testing\dha\549.jpg,dha,Testing
Testing\dha\550.jpg,dha,Testing
Testing\dha\551.jpg,dha,Testing
Testing\dha\552.jpg,dha,Testing
Testing\dha\553.jpg,dha,Testing
Testing\dha\554.jpg,dha,Testing
Testing\dha\555.jpg,dha,Testing
Testing\dha\556.jpg,dha,Testing
Testing\dha\557.jpg,dha,Testing
Testing\dha\558.jpg,dha,Testing
Testing\dha\559.jpg,dha,Testing
Testing\dha\560.jpg,dha,Testing
Testing\dha\561.jpg,dha,Testing
Testing\dha\562.jpg,dha,Testing
Testing\dha\563.jpg,dha,Testing
Testing\dha\564.jpg,dha,Testing
Testing\dha\565.jpg,dha,Testing
Testing\dha\566.jpg,dha,Testing
Testing\dha\567.jpg,dha,Testing
Testing\dha\568.jpg,dha,Testing
Testing\dha\569.jpg,dha,Testing
Testing\dha\570.jpg,dha,Testing
Testing\dha\571.jpg,dha,Testing
Testing\dha\572.jpg,dha,Testing
Testing\dha\573.jpg,dha,Testing
Testing\dha\574.jpg,dha,Testing
Testing\dha\575.jpg,dha,Testing
Testing\dha\576.jpg,dha,Testing
Testing\dha\577.jpg,dha,Testing
Testing\dha\578.jpg,dha,Testing
Testing\dha\579.jpg,dha,Testing
Testing\dha\580.jpg,dha,Testing
Testing\dha\581.jpg,dha,Testing
Testing\dha\582.jpg,dha,Testing
Testing\dha\583.jpg,dha,Testing
Testing\dha\584.jpg,dha,Testing
Testing\dha\585.jpg,dha,Testing
Testing\dha\586.jpg,dha,Testing
Testing\dha\587.jpg,dha,Testing
Testing\dha\588.jpg,dha,Testing
Testing\dha\589.jpg,dha,Testing
Testing\dha\590.jpg,dha,Testing
Testing\dha\591.jpg,dha,Testing
Testing\dha\592.jpg,dha,Testing
Testing\dha\593.jpg,dha,Testing
Testing\dha\594.jpg,dha,Testing
Testing\dha\595.jpg,dha,Testing
Testing\dha\596.jpg,dha,Testing
Testing\dha\597.jpg,dha,Testing
Testing\dha\598.jpg,dha,Testing
Testing\dha\599.jpg,dha,Testing
Testing\dha\600.jpg,dha,Testing
Testing\dhe\421.jpg,dhe,Testing
Testing\dhe\422.jpg,dhe,Testing
Testing\dhe\423.jpg,dhe,Testing
Testing\dhe\424.jpg,dhe,Testing
Testing\dhe\425.jpg,dhe,Testing
Testing\dhe\426.jpg,dhe,Testing
Testing\dhe\427.jpg,dhe,Testing
Testing\dhe\428.jpg,dhe,Testing
Testing\dhe\429.jpg,dhe,Testing
Testing\dhe\430.jpg,dhe,Testing
Testing\dhe\431.jpg,dhe,Testing
Testing\dhe\432.jpg,dhe,Testing
Testing\dhe\433.jpg,dhe,Testing
Testing\dhe\434.jpg,dhe,Testing
Testing\dhe\435.jpg,dhe,Testing
Testing\dhe\436.jpg,dhe,Testing
Testing\dhe\437.jpg,dhe,Testing
Testing\dhe\438.jpg,dhe,Testing
Testing\dhe\439.jpg,dhe,Testing
Testing\dhe\440.jpg,dhe,Testing
Testing\dhe\441.jpg,dhe,Testing
Testing\dhe\442.jpg,dhe,Testing
Testing\dhe\443.jpg,dhe,Testing
Testing\dhe\444.jpg,dhe,Testing
Testing\dhe\445.jpg,dhe,Testing
Testing\dhe\446.jpg,dhe,Testing
Testing\dhe\447.jpg,dhe,Testing
Testing\dhe\448.jpg,dhe,Testing
Testing\dhe\449.jpg,dhe,Testing
Testing\dhe\450.jpg,dhe,Testing
Testing\dhe\451.jpg,dhe,Testing
Testing\dhe\452.jpg,dhe,Testing
Testing\dhe\453.jpg,dhe,Testing
Testing\dhe\454.jpg,dhe,Testing
Testing\dhe\455.jpg,dhe,Testing
Testing\dhe\456.jpg,dhe,Testing
Testing\dhe\457.jpg,dhe,Testing
Testing\dhe\458.jpg,dhe,Testing
Testing\dhe\459.jpg,dhe,Testing
Testing\dhe\460.jpg,dhe,Testing
Testing\dhe\461.jpg,dhe,Testing
Testing\dhe\462.jpg,dhe,Testing
Testing\dhe\463.jpg,dhe,Testing
Testing\dhe\464.jpg,dhe,Testing
Testing\dhe\465.jpg,dhe,Testing
Testing\dhe\466.jpg,dhe,Testing
Testing\dhe\467.jpg,dhe,Testing
Testing\dhe\468.jpg,dhe,Testing
Testing\dhe\469.jpg,dhe,Testing
Testing\dhe\470.jpg,dhe,Testing
Testing\dhe\471.jpg,dhe,Testing
Testing\dhe\472.jpg,dhe,Testing
Testing\dhe\473.jpg,dhe,Testing
Testing\dhe\474.jpg,dhe,Testing
Testing\dhe\475.jpg,dhe,Testing
Testing\dhe\476.jpg,dhe,Testing
Testing\dhe\477.jpg,dhe,Testing
Testing\dhe\478.jpg,dhe,Testing
Testing\dhe\479.jpg,dhe,Testing
Testing\dhe\480.jpg,dhe,Testing
Testing\dhe\481.jpg,dhe,Testing
Testing\dhe\482.jpg,dhe,Testing
Testing\dhe\483.jpg,dhe,Testing
Testing\dhe\484.jpg,dhe,Testing
Testing\dhe\485.jpg,dhe,Testing
Testing\dhe\486.jpg,dhe,Testing
Testing\dhe\487.jpg,dhe,Testing
Testing\dhe\488.jpg,dhe,Testing
Testing\dhe\489.jpg,dhe,Testing
Testing\dhe\490.jpg,dhe,Testing
Testing\dhe\491.jpg,dhe,Testing
Testing\dhe\492.jpg,dhe,Testing
Testing\dhe\493.jpg,dhe,Testing
Testing\dhe\494.jpg,dhe,Testing
Testing\dhe\495.jpg,dhe,Testing
Testing\dhe\496.jpg,dhe,Testing
Testing\dhe\497.jpg,dhe,Testing
Testing\dhe\498.jpg,dhe,Testing
Testing\dhe\499.jpg,dhe,Testing
Testing\dhe\500.jpg,dhe,Testing
Testing\dhe\501.jpg,dhe,Testing
Testing\dhe\502.jpg,dhe,Testing
Testing\dhe\503.jpg,dhe,Testing
Testing\dhe\504.jpg,dhe,Testing
Testing\dhe\505.jpg,dhe,Testing
Testing\dhe\506.jpg,dhe,Testing
Testing\dhe\507.jpg,dhe,Testing
Testing\dhe\508.jpg,dhe,Testing
Testing\dhe\509.jpg,dhe,Testing
Testing\dhe\510.jpg,dhe,Testing
Testing\dhe\511.jpg,dhe,Testing
Testing\dhe\512.jpg,dhe,Testing
Testing\dhe\513.jpg,dhe,Testing
Testing\dhe\514.jpg,dhe,Testing
Testing\dhe\515.jpg,dhe,Testing
Testing\dhe\516.jpg,dhe,Testing
Testing\dhe\517.jpg,dhe,Testing
Testing\dhe\518.jpg,dhe,Testing
Testing\dhe\519.jpg,dhe,Testing
Testing\dhe\520.jpg,dhe,Testing
Testing\dhe\521.jpg,dhe,Testing
Testing\dhe\522.jpg,dhe,Testing
Testing\dhe\523.jpg,dhe,Testing
Testing\dhe\524.jpg,dhe,Testing
Testing\dhe\525.jpg,dhe,Testing
Testing\dhe\526.jpg,dhe,Testing
Testing\dhe\527.jpg,dhe,Testing
Testing\dhe\528.jpg,dhe,Testing
Testing\dhe\529.jpg,dhe,Testing
Testing\dhe\530.jpg,dhe,Testing
Testing\dhe\531.jpg,dhe,Testing
Testing\dhe\532.jpg,dhe,Testing
Testing\dhe\533.jpg,dhe,Testing
Testing\dhe\534.jpg,dhe,Testing
Testing\dhe\535.jpg,dhe,Testing
Testing\dhe\536.jpg,dhe,Testing
Testing\dhe\537.jpg,dhe,Testing
Testing\dhe\538.jpg,dhe,Testing
Testing\dhe\539.jpg,dhe,Testing
Testing\dhe\540.jpg,dhe,Testing
Testing\dhe\541.jpg,dhe,Testing
Testing\dhe\542.jpg,dhe,Testing
Testing\dhe\543.jpg,dhe,Testing
Testing\dhe\544.jpg,dhe,Testing
Testing\dhe\545.jpg,dhe,Testing
Testing\dhe\546.jpg,dhe,Testing
Testing\dhe\547.jpg,dhe,Testing
Testing\dhe\548.jpg,dhe,Testing
Testing\dhe\549.jpg,dhe,Testing
Testing\dhe\550.jpg,dhe,Testing
Testing\dhe\551.jpg,dhe,Testing
Testing\dhe\552.jpg,dhe,Testing
Testing\dhe\553.jpg,dhe,Testing
Testing\dhe\554.jpg,dhe,Testing
Testing\dhe\555.jpg,dhe,Testing
Testing\dhe\556.jpg,dhe,Testing
Testing\dhe\557.jpg,dhe,Testing
Testing\dhe\558.jpg,dhe,Testing
Testing\dhe\559.jpg,dhe,Testing
Testing\dhe\560.jpg,dhe,Testing
Testing\dhe\561.jpg,dhe,Testing
Testing\dhe\562.jpg,dhe,Testing
Testing\dhe\563.jpg,dhe,Testing
Testing\dhe\564.jpg,dhe,Testing
Testing\dhe\565.jpg,dhe,Testing
Testing\dhe\566.jpg,dhe,Testing
Testing\dhe\567.jpg,dhe,Testing
Testing\dhe\568.jpg,dhe,Testing
Testing\dhe\569.jpg,dhe,Testing
Testing\dhe\570.jpg,dhe,Testing
Testing\dhe\571.jpg,dhe,Testing
Testing\dhe\572.jpg,dhe,Testing
Testing\dhe\573.jpg,dhe,Testing
Testing\dhe\574.jpg,dhe,Testing
Testing\dhe\575.jpg,dhe,Testing
Testing\dhe\576.jpg,dhe,Testing
Testing\dhe\577.jpg,dhe,Testing
Testing\dhe\578.jpg,dhe,Testing
Testing\dhe\579.jpg,dhe,Testing
Testing\dhe\580.jpg,dhe,Testing
Testing\dhe\581.jpg,dhe,Testing
Testing\dhe\582.jpg,dhe,Testing
Testing\dhe\583.jpg,dhe,Testing
Testing\dhe\584.jpg,dhe,Testing
Testing\dhe\585.jpg,dhe,Testing
Testing\dhe\586.jpg,dhe,Testing
Testing\dhe\587.jpg,dhe,Testing
Testing\dhe\588.jpg,dhe,Testing
Testing\dhe\589.jpg,dhe,Testing
Testing\dhe\590.jpg,dhe,Testing
Testing\dhe\591.jpg,dhe,Testing
Testing\dhe\592.jpg,dhe,Testing
Testing\dhe\593.jpg,dhe,Testing
Testing\dhe\594.jpg,dhe,Testing
Testing\dhe\595.jpg,dhe,Testing
Testing\dhe\596.jpg,dhe,Testing
Testing\dhe\597.jpg,dhe,Testing
Testing\dhe\598.jpg,dhe,Testing
Testing\dhe\599.jpg,dhe,Testing
Testing\dhe\600.jpg,dhe,Testing
Testing\e\421.jpg,e,Testing
Testing\e\422.jpg,e,Testing
Testing\e\423.jpg,e,Testing
Testing\e\424.jpg,e,Testing
Testing\e\425.jpg,e,Testing
Testing\e\426.jpg,e,Testing
Testing\e\427.jpg,e,Testing
Testing\e\428.jpg,e,Testing
Testing\e\429.jpg,e,Testing
Testing\e\430.jpg,e,Testing
Testing\e\431.jpg,e,Testing
Testing\e\432.jpg,e,Testing
Testing\e\433.jpg,e,Testing
Testing\e\434.jpg,e,Testing
Testing\e\435.jpg,e,Testing
Testing\e\436.jpg,e,Testing
Testing\e\437.jpg,e,Testing
Testing\e\438.jpg,e,Testing
Testing\e\439.jpg,e,Testing
Testing\e\440.jpg,e,Testing
Testing\e\441.jpg,e,Testing
Testing\e\442.jpg,e,Testing
Testing\e\443.jpg,e,Testing
Testing\e\444.jpg,e,Testing
Testing\e\445.jpg,e,Testing
Testing\e\446.jpg,e,Testing
Testing\e\447.jpg,e,Testing
Testing\e\448.jpg,e,Testing
Testing\e\449.jpg,e,Testing
Testing\e\450.jpg,e,Testing
Testing\e\451.jpg,e,Testing
Testing\e\452.jpg,e,Testing
Testing\e\453.jpg,e,Testing
Testing\e\454.jpg,e,Testing
Testing\e\455.jpg,e,Testing
Testing\e\456.jpg,e,Testing
Testing\e\457.jpg,e,Testing
Testing\e\458.jpg,e,Testing
Testing\e\459.jpg,e,Testing
Testing\e\460.jpg,e,Testing
Testing\e\461.jpg,e,Testing
Testing\e\462.jpg,e,Testing
Testing\e\463.jpg,e,Testing
Testing\e\464.jpg,e,Testing
Testing\e\465.jpg,e,Testing
Testing\e\466.jpg,e,Testing
Testing\e\467.jpg,e,Testing
Testing\e\468.jpg,e,Testing
Testing\e\469.jpg,e,Testing
Testing\e\470.jpg,e,Testing
Testing\e\471.jpg,e,Testing
Testing\e\472.jpg,e,Testing
Testing\e\473.jpg,e,Testing
Testing\e\474.jpg,e,Testing
Testing\e\475.jpg,e,Testing
Testing\e\476.jpg,e,Testing
Testing\e\477.jpg,e,Testing
Testing\e\478.jpg,e,Testing
Testing\e\479.jpg,e,Testing
Testing\e\480.jpg,e,Testing
Testing\e\481.jpg,e,Testing
Testing\e\482.jpg,e,Testing
Testing\e\483.jpg,e,Testing
Testing\e\484.jpg,e,Testing
Testing\e\485.jpg,e,Testing
Testing\e\486.jpg,e,Testing
Testing\e\487.jpg,e,Testing
Testing\e\488.jpg,e,Testing
Testing\e\489.jpg,e,Testing
Testing\e\490.jpg,e,Testing
Testing\e\491.jpg,e,Testing
Testing\e\492.jpg,e,Testing
Testing\e\493.jpg,e,Testing
Testing\e\494.jpg,e,Testing
Testing\e\495.jpg,e,Testing
Testing\e\496.jpg,e,Testing
Testing\e\497.jpg,e,Testing
Testing\e\498.jpg,e,Testing
Testing\e\499.jpg,e,Testing
Testing\e\500.jpg,e,Testing
Testing\e\501.jpg,e,Testing
Testing\e\502.jpg,e,Testing
Testing\e\503.jpg,e,Testing
Testing\e\504.jpg,e,Testing
Testing\e\505.jpg,e,Testing
Testing\e\506.jpg,e,Testing
Testing\e\507.jpg,e,Testing
Testing\e\508.jpg,e,Testing
Testing\e\509.jpg,e,Testing
Testing\e\510.jpg,e,Testing
Testing\e\511.jpg,e,Testing
Testing\e\512.jpg,e,Testing
Testing\e\513.jpg,e,Testing
Testing\e\514.jpg,e,Testing
Testing\e\515.jpg,e,Testing
Testing\e\516.jpg,e,Testing
Testing\e\517.jpg,e,Testing
Testing\e\518.jpg,e,Testing
Testing\e\519.jpg,e,Testing
Testing\e\520.jpg,e,Testing
Testing\e\521.jpg,e,Testing
Testing\e\522.jpg,e,Testing
Testing\e\523.jpg,e,Testing
Testing\e\524.jpg,e,Testing
Testing\e\525.jpg,e,Testing
Testing\e\526.jpg,e,Testing
Testing\e\527.jpg,e,Testing
Testing\e\528.jpg,e,Testing
Testing\e\529.jpg,e,Testing
Testing\e\530.jpg,e,Testing
Testing\e\531.jpg,e,Testing
Testing\e\532.jpg,e,Testing
Testing\e\533.jpg,e,Testing
Testing\e\534.jpg,e,Testing
Testing\e\535.jpg,e,Testing
Testing\e\536.jpg,e,Testing
Testing\e\537.jpg,e,Testing
Testing\e\538.jpg,e,Testing
Testing\e\539.jpg,e,Testing
Testing\e\540.jpg,e,Testing
Testing\e\541.jpg,e,Testing
Testing\e\542.jpg,e,Testing
Testing\e\543.jpg,e,Testing
Testing\e\544.jpg,e,Testing
Testing\e\545.jpg,e,Testing
Testing\e\546.jpg,e,Testing
Testing\e\547.jpg,e,Testing
Testing\e\548.jpg,e,Testing
Testing\e\549.jpg,e,Testing
Testing\e\550.jpg,e,Testing
Testing\e\551.jpg,e,Testing
Testing\e\552.jpg,e,Testing
Testing\e\553.jpg,e,Testing
Testing\e\554.jpg,e,Testing
Testing\e\555.jpg,e,Testing
Testing\e\556.jpg,e,Testing
Testing\e\557.jpg,e,Testing
Testing\e\558.jpg,e,Testing
Testing\e\559.jpg,e,Testing
Testing\e\560.jpg,e,Testing
Testing\e\561.jpg,e,Testing
Testing\e\562.jpg,e,Testing
Testing\e\563.jpg,e,Testing
Testing\e\564.jpg,e,Testing
Testing\e\565.jpg,e,Testing
Testing\e\566.jpg,e,Testing
Testing\e\567.jpg,e,Testing
Testing\e\568.jpg,e,Testing
Testing\e\569.jpg,e,Testing
Testing\e\570.jpg,e,Testing
Testing\e\571.jpg,e,Testing
Testing\e\572.jpg,e,Testing
Testing\e\573.jpg,e,Testing
Testing\e\574.jpg,e,Testing
Testing\e\575.jpg,e,Testing
Testing\e\576.jpg,e,Testing
Testing\e\577.jpg,e,Testing
Testing\e\578.jpg,e,Testing
Testing\e\579.jpg,e,Testing
Testing\e\580.jpg,e,Testing
Testing\e\581.jpg,e,Testing
Testing\e\582.jpg,e,Testing
Testing\e\583.jpg,e,Testing
Testing\e\584.jpg,e,Testing
Testing\e\585.jpg,e,Testing
Testing\e\586.jpg,e,Testing
Testing\e\587.jpg,e,Testing
Testing\e\588.jpg,e,Testing
Testing\e\589.jpg,e,Testing
Testing\e\590.jpg,e,Testing
Testing\e\591.jpg,e,Testing
Testing\e\592.jpg,e,Testing
Testing\e\593.jpg,e,Testing
Testing\e\594.jpg,e,Testing
Testing\e\595.jpg,e,Testing
Testing\e\596.jpg,e,Testing
Testing\e\597.jpg,e,Testing
Testing\e\598.jpg,e,Testing
Testing\e\599.jpg,e,Testing
Testing\e\600.jpg,e,Testing
Testing\ga\421.jpg,ga,Testing
Testing\ga\422.jpg,ga,Testing
Testing\ga\423.jpg,ga,Testing
Testing\ga\424.jpg,ga,Testing
Testing\ga\425.jpg,ga,Testing
Testing\ga\426.jpg,ga,Testing
Testing\ga\427.jpg,ga,Testing
Testing\ga\428.jpg,ga,Testing
Testing\ga\429.jpg,ga,Testing
Testing\ga\430.jpg,ga,Testing
Testing\ga\431.jpg,ga,Testing
Testing\ga\432.jpg,ga,Testing
Testing\ga\433.jpg,ga,Testing
Testing\ga\434.jpg,ga,Testing
Testing\ga\435.jpg,ga,Testing
Testing\ga\436.jpg,ga,Testing
Testing\ga\437.jpg,ga,Testing
Testing\ga\438.jpg,ga,Testing
Testing\ga\439.jpg,ga,Testing
Testing\ga\440.jpg,ga,Testing
Testing\ga\441.jpg,ga,Testing
Testing\ga\442.jpg,ga,Testing
Testing\ga\443.jpg,ga,Testing
Testing\ga\444.jpg,ga,Testing
Testing\ga\445.jpg,ga,Testing
Testing\ga\446.jpg,ga,Testing
Testing\ga\447.jpg,ga,Testing
Testing\ga\448.jpg,ga,Testing
Testing\ga\449.jpg,ga,Testing
Testing\ga\450.jpg,ga,Testing
Testing\ga\451.jpg,ga,Testing
Testing\ga\452.jpg,ga,Testing
Testing\ga\453.jpg,ga,Testing
Testing\ga\454.jpg,ga,Testing
Testing\ga\455.jpg,ga,Testing
Testing\ga\456.jpg,ga,Testing
Testing\ga\457.jpg,ga,Testing
Testing\ga\458.jpg,ga,Testing
Testing\ga\459.jpg,ga,Testing
Testing\ga\460.jpg,ga,Testing
Testing\ga\461.jpg,ga,Testing
Testing\ga\462.jpg,ga,Testing
Testing\ga\463.jpg,ga,Testing
Testing\ga\464.jpg,ga,Testing
Testing\ga\465.jpg,ga,Testing
Testing\ga\466.jpg,ga,Testing
Testing\ga\467.jpg,ga,Testing
Testing\ga\468.jpg,ga,Testing
Testing\ga\469.jpg,ga,Testing
Testing\ga\470.jpg,ga,Testing
Testing\ga\471.jpg,ga,Testing
Testing\ga\472.jpg,ga,Testing
Testing\ga\473.jpg,ga,Testing
Testing\ga\474.jpg,ga,Testing
Testing\ga\475.jpg,ga,Testing
Testing\ga\476.jpg,ga,Testing
Testing\ga\477.jpg,ga,Testing
Testing\ga\478.jpg,ga,Testing
Testing\ga\479.jpg,ga,Testing
Testing\ga\480.jpg,ga,Testing
Testing\ga\481.jpg,ga,Testing
Testing\ga\482.jpg,ga,Testing
Testing\ga\483.jpg,ga,Testing
Testing\ga\484.jpg,ga,Testing
Testing\ga\485.jpg,ga,Testing
Testing\ga\486.jpg,ga,Testing
Testing\ga\487.jpg,ga,Testing
Testing\ga\488.jpg,ga,Testing
Testing\ga\489.jpg,ga,Testing
Testing\ga\490.jpg,ga,Testing
Testing\ga\491.jpg,ga,Testing
Testing\ga\492.jpg,ga,Testing
Testing\ga\493.jpg,ga,Testing
Testing\ga\494.jpg,ga,Testing
Testing\ga\495.jpg,ga,Testing
Testing\ga\496.jpg,ga,Testing
Testing\ga\497.jpg,ga,Testing
Testing\ga\498.jpg,ga,Testing
Testing\ga\499.jpg,ga,Testing
Testing\ga\500.jpg,ga,Testing
Testing\ga\501.jpg,ga,Testing
Testing\ga\502.jpg,ga,Testing
Testing\ga\503.jpg,ga,Testing
Testing\ga\504.jpg,ga,Testing
Testing\ga\505.jpg,ga,Testing
Testing\ga\506.jpg,ga,Testing
Testing\ga\507.jpg,ga,Testing
Testing\ga\508.jpg,ga,Testing
Testing\ga\509.jpg,ga,Testing
Testing\ga\510.jpg,ga,Testing
Testing\ga\511.jpg,ga,Testing
Testing\ga\512.jpg,ga,Testing
Testing\ga\513.jpg,ga,Testing
Testing\ga\514.jpg,ga,Testing
Testing\ga\515.jpg,ga,Testing
Testing\ga\516.jpg,ga,Testing
Testing\ga\517.jpg,ga,Testing
Testing\ga\518.jpg,ga,Testing
Testing\ga\519.jpg,ga,Testing
Testing\ga\520.jpg,ga,Testing
Testing\ga\521.jpg,ga,Testing
Testing\ga\522.jpg,ga,Testing
Testing\ga\523.jpg,ga,Testing
Testing\ga\524.jpg,ga,Testing
Testing\ga\525.jpg,ga,Testing
Testing\ga\526.jpg,ga,Testing
Testing\ga\527.jpg,ga,Testing
Testing\ga\528.jpg,ga,Testing
Testing\ga\529.jpg,ga,Testing
Testing\ga\530.jpg,ga,Testing
Testing\ga\531.jpg,ga,Testing
Testing\ga\532.jpg,ga,Testing
Testing\ga\533.jpg,ga,Testing
Testing\ga\534.jpg,ga,Testing
Testing\ga\535.jpg,ga,Testing
Testing\ga\536.jpg,ga,Testing
Testing\ga\537.jpg,ga,Testing
Testing\ga\538.jpg,ga,Testing
Testing\ga\539.jpg,ga,Testing
Testing\ga\540.jpg,ga,Testing
Testing\ga\541.jpg,ga,Testing
Testing\ga\542.jpg,ga,Testing
Testing\ga\543.jpg,ga,Testing
Testing\ga\544.jpg,ga,Testing
Testing\ga\545.jpg,ga,Testing
Testing\ga\546.jpg,ga,Testing
Testing\ga\547.jpg,ga,Testing
Testing\ga\548.jpg,ga,Testing
Testing\ga\549.jpg,ga,Testing
Testing\ga\550.jpg,ga,Testing
Testing\ga\551.jpg,ga,Testing
Testing\ga\552.jpg,ga,Testing
Testing\ga\553.jpg,ga,Testing
Testing\ga\554.jpg,ga,Testing
Testing\ga\555.jpg,ga,Testing
Testing\ga\556.jpg,ga,Testing
Testing\ga\557.jpg,ga,Testing
Testing\ga\558.jpg,ga,Testing
Testing\ga\559.jpg,ga,Testing
Testing\ga\560.jpg,ga,Testing
Testing\ga\561.jpg,ga,Testing
Testing\ga\562.jpg,ga,Testing
Testing\ga\563.jpg,ga,Testing
Testing\ga\564.jpg,ga,Testing
Testing\ga\565.jpg,ga,Testing
Testing\ga\566.jpg,ga,Testing
Testing\ga\567.jpg,ga,Testing
Testing\ga\568.jpg,ga,Testing
Testing\ga\569.jpg,ga,Testing
Testing\ga\570.jpg,ga,Testing
Testing\ga\571.jpg,ga,Testing
Testing\ga\572.jpg,ga,Testing
Testing\ga\573.jpg,ga,Testing
Testing\ga\574.jpg,ga,Testing
Testing\ga\575.jpg,ga,Testing
Testing\ga\576.jpg,ga,Testing
Testing\ga\577.jpg,ga,Testing
Testing\ga\578.jpg,ga,Testing
Testing\ga\579.jpg,ga,Testing
Testing\ga\580.jpg,ga,Testing
Testing\ga\581.jpg,ga,Testing
Testing\ga\582.jpg,ga,Testing
Testing\ga\583.jpg,ga,Testing
Testing\ga\584.jpg,ga,Testing
Testing\ga\585.jpg,ga,Testing
Testing\ga\586.jpg,ga,Testing
Testing\ga\587.jpg,ga,Testing
Testing\ga\588.jpg,ga,Testing
Testing\ga\589.jpg,ga,Testing
Testing\ga\590.jpg,ga,Testing
Testing\ga\591.jpg,ga,Testing
Testing\ga\592.jpg,ga,Testing
Testing\ga\593.jpg,ga,Testing
Testing\ga\594.jpg,ga,Testing
Testing\ga\595.jpg,ga,Testing
Testing\ga\596.jpg,ga,Testing
Testing\ga\597.jpg,ga,Testing
Testing\ga\598.jpg,ga,Testing
Testing\ga\599.jpg,ga,Testing
Testing\ga\600.jpg,ga,Testing
Testing\gha\421.jpg,gha,Testing
Testing\gha\422.jpg,gha,Testing
Testing\gha\423.jpg,gha,Testing
Testing\gha\424.jpg,gha,Testing
Testing\gha\425.jpg,gha,Testing
Testing\gha\426.jpg,gha,Testing
Testing\gha\427.jpg,gha,Testing
Testing\gha\428.jpg,gha,Testing
Testing\gha\429.jpg,gha,Testing
Testing\gha\430.jpg,gha,Testing
Testing\gha\431.jpg,gha,Testing
Testing\gha\432.jpg,gha,Testing
Testing\gha\433.jpg,gha,Testing
Testing\gha\434.jpg,gha,Testing
Testing\gha\435.jpg,gha,Testing
Testing\gha\436.jpg,gha,Testing
Testing\gha\437.jpg,gha,Testing
Testing\gha\438.jpg,gha,Testing
Testing\gha\439.jpg,gha,Testing
Testing\gha\440.jpg,gha,Testing
Testing\gha\441.jpg,gha,Testing
Testing\gha\442.jpg,gha,Testing
Testing\gha\443.jpg,gha,Testing
Testing\gha\444.jpg,gha,Testing
Testing\gha\445.jpg,gha,Testing
Testing\gha\446.jpg,gha,Testing
Testing\gha\447.jpg,gha,Testing
Testing\gha\448.jpg,gha,Testing
Testing\gha\449.jpg,gha,Testing
Testing\gha\450.jpg,gha,Testing
Testing\gha\451.jpg,gha,Testing
Testing\gha\452.jpg,gha,Testing
Testing\gha\453.jpg,gha,Testing
Testing\gha\454.jpg,gha,Testing
Testing\gha\455.jpg,gha,Testing
Testing\gha\456.jpg,gha,Testing
Testing\gha\457.jpg,gha,Testing
Testing\gha\458.jpg,gha,Testing
Testing\gha\459.jpg,gha,Testing
Testing\gha\460.jpg,gha,Testing
Testing\gha\461.jpg,gha,Testing
Testing\gha\462.jpg,gha,Testing
Testing\gha\463.jpg,gha,Testing
Testing\gha\464.jpg,gha,Testing
Testing\gha\465.jpg,gha,Testing
Testing\gha\466.jpg,gha,Testing
Testing\gha\467.jpg,gha,Testing
Testing\gha\468.jpg,gha,Testing
Testing\gha\469.jpg,gha,Testing
Testing\gha\470.jpg,gha,Testing
Testing\gha\471.jpg,gha,Testing
Testing\gha\472.jpg,gha,Testing
Testing\gha\473.jpg,gha,Testing
Testing\gha\474.jpg,gha,Testing
Testing\gha\475.jpg,gha,Testing
Testing\gha\476.jpg,gha,Testing
Testing\gha\477.jpg,gha,Testing
Testing\gha\478.jpg,gha,Testing
Testing\gha\479.jpg,gha,Testing
Testing\gha\480.jpg,gha,Testing
Testing\gha\481.jpg,gha,Testing
Testing\gha\482.jpg,gha,Testing
Testing\gha\483.jpg,gha,Testing
Testing\gha\484.jpg,gha,Testing
Testing\gha\485.jpg,gha,Testing
Testing\gha\486.jpg,gha,Testing
Testing\gha\487.jpg,gha,Testing
Testing\gha\488.jpg,gha,Testing
Testing\gha\489.jpg,gha,Testing
Testing\gha\490.jpg,gha,Testing
Testing\gha\491.jpg,gha,Testing
Testing\gha\492.jpg,gha,Testing
Testing\gha\493.jpg,gha,Testing
Testing\gha\494.jpg,gha,Testing
Testing\gha\495.jpg,gha,Testing
Testing\gha\496.jpg,gha,Testing
Testing\gha\497.jpg,gha,Testing
Testing\gha\498.jpg,gha,Testing
Testing\gha\499.jpg,gha,Testing
Testing\gha\500.jpg,gha,Testing
Testing\gha\501.jpg,gha,Testing
Testing\gha\502.jpg,gha,Testing
Testing\gha\503.jpg,gha,Testing
Testing\gha\504.jpg,gha,Testing
Testing\gha\505.jpg,gha,Testing
Testing\gha\506.jpg,gha,Testing
Testing\gha\507.jpg,gha,Testing
Testing\gha\508.jpg,gha,Testing
Testing\gha\509.jpg,gha,Testing
Testing\gha\510.jpg,gha,Testing
Testing\gha\511.jpg,gha,Testing
Testing\gha\512.jpg,gha,Testing
Testing\gha\513.jpg,gha,Testing
Testing\gha\514.jpg,gha,Testing
Testing\gha\515.jpg,gha,Testing
Testing\gha\516.jpg,gha,Testing
Testing\gha\517.jpg,gha,Testing
Testing\gha\518.jpg,gha,Testing
Testing\gha\519.jpg,gha,Testing
Testing\gha\520.jpg,gha,Testing
Testing\gha\521.jpg,gha,Testing
Testing\gha\522.jpg,gha,Testing
Testing\gha\523.jpg,gha,Testing
Testing\gha\524.jpg,gha,Testing
Testing\gha\525.jpg,gha,Testing
Testing\gha\526.jpg,gha,Testing
Testing\gha\527.jpg,gha,Testing
Testing\gha\528.jpg,gha,Testing
Testing\gha\529.jpg,gha,Testing
Testing\gha\530.jpg,gha,Testing
Testing\gha\531.jpg,gha,Testing
Testing\gha\532.jpg,gha,Testing
Testing\gha\533.jpg,gha,Testing
Testing\gha\534.jpg,gha,Testing
Testing\gha\535.jpg,gha,Testing
Testing\gha\536.jpg,gha,Testing
Testing\gha\537.jpg,gha,Testing
Testing\gha\538.jpg,gha,Testing
Testing\gha\539.jpg,gha,Testing
Testing\gha\540.jpg,gha,Testing
Testing\gha\541.jpg,gha,Testing
Testing\gha\542.jpg,gha,Testing
Testing\gha\543.jpg,gha,Testing
Testing\gha\544.jpg,gha,Testing
Testing\gha\545.jpg,gha,Testing
Testing\gha\546.jpg,gha,Testing
Testing\gha\547.jpg,gha,Testing
Testing\gha\548.jpg,gha,Testing
Testing\gha\549.jpg,gha,Testing
Testing\gha\550.jpg,gha,Testing
Testing\gha\551.jpg,gha,Testing
Testing\gha\552.jpg,gha,Testing
Testing\gha\553.jpg,gha,Testing
Testing\gha\554.jpg,gha,Testing
Testing\gha\555.jpg,gha,Testing
Testing\gha\556.jpg,gha,Testing
Testing\gha\557.jpg,gha,Testing
Testing\gha\558.jpg,gha,Testing
Testing\gha\559.jpg,gha,Testing
Testing\gha\560.jpg,gha,Testing
Testing\gha\561.jpg,gha,Testing
Testing\gha\562.jpg,gha,Testing
Testing\gha\563.jpg,gha,Testing
Testing\gha\564.jpg,gha,Testing
Testing\gha\565.jpg,gha,Testing
Testing\gha\566.jpg,gha,Testing
Testing\gha\567.jpg,gha,Testing
Testing\gha\568.jpg,gha,Testing
Testing\gha\569.jpg,gha,Testing
Testing\gha\570.jpg,gha,Testing
Testing\gha\571.jpg,gha,Testing
Testing\gha\572.jpg,gha,Testing
Testing\gha\573.jpg,gha,Testing
Testing\gha\574.jpg,gha,Testing
Testing\gha\575.jpg,gha,Testing
Testing\gha\576.jpg,gha,Testing
Testing\gha\577.jpg,gha,Testing
Testing\gha\578.jpg,gha,Testing
Testing\gha\579.jpg,gha,Testing
Testing\gha\580.jpg,gha,Testing
Testing\gha\581.jpg,gha,Testing
Testing\gha\582.jpg,gha,Testing
Testing\gha\583.jpg,gha,Testing
Testing\gha\584.jpg,gha,Testing
Testing\gha\585.jpg,gha,Testing
Testing\gha\586.jpg,gha,Testing
Testing\gha\587.jpg,gha,Testing
Testing\gha\588.jpg,gha,Testing
Testing\gha\589.jpg,gha,Testing
Testing\gha\590.jpg,gha,Testing
Testing\gha\591.jpg,gha,Testing
Testing\gha\592.jpg,gha,Testing
Testing\gha\593.jpg,gha,Testing
Testing\gha\594.jpg,gha,Testing
Testing\gha\595.jpg,gha,Testing
Testing\gha\596.jpg,gha,Testing
Testing\gha\597.jpg,gha,Testing
Testing\gha\598.jpg,gha,Testing
Testing\gha\599.jpg,gha,Testing
Testing\gha\600.jpg,gha,Testing
Testing\gya\421.jpg,gya,Testing
Testing\gya\422.jpg,gya,Testing
Testing\gya\423.jpg,gya,Testing
Testing\gya\424.jpg,gya,Testing
Testing\gya\425.jpg,gya,Testing
Testing\gya\426.jpg,gya,Testing
Testing\gya\427.jpg,gya,Testing
Testing\gya\428.jpg,gya,Testing
Testing\gya\429.jpg,gya,Testing
Testing\gya\430.jpg,gya,Testing
Testing\gya\431.jpg,gya,Testing
Testing\gya\432.jpg,gya,Testing
Testing\gya\433.jpg,gya,Testing
Testing\gya\434.jpg,gya,Testing
Testing\gya\435.jpg,gya,Testing
Testing\gya\436.jpg,gya,Testing
Testing\gya\437.jpg,gya,Testing
Testing\gya\438.jpg,gya,Testing
Testing\gya\439.jpg,gya,Testing
Testing\gya\440.jpg,gya,Testing
Testing\gya\441.jpg,gya,Testing
Testing\gya\442.jpg,gya,Testing
Testing\gya\443.jpg,gya,Testing
Testing\gya\444.jpg,gya,Testing
Testing\gya\445.jpg,gya,Testing
Testing\gya\446.jpg,gya,Testing
Testing\gya\447.jpg,gya,Testing
Testing\gya\448.jpg,gya,Testing
Testing\gya\449.jpg,gya,Testing
Testing\gya\450.jpg,gya,Testing
Testing\gya\451.jpg,gya,Testing
Testing\gya\452.jpg,gya,Testing
Testing\gya\453.jpg,gya,Testing
Testing\gya\454.jpg,gya,Testing
Testing\gya\455.jpg,gya,Testing
Testing\gya\456.jpg,gya,Testing
Testing\gya\457.jpg,gya,Testing
Testing\gya\458.jpg,gya,Testing
Testing\gya\459.jpg,gya,Testing
Testing\gya\460.jpg,gya,Testing
Testing\gya\461.jpg,gya,Testing
Testing\gya\462.jpg,gya,Testing
Testing\gya\463.jpg,gya,Testing
Testing\gya\464.jpg,gya,Testing
Testing\gya\465.jpg,gya,Testing
Testing\gya\466.jpg,gya,Testing
Testing\gya\467.jpg,gya,Testing
Testing\gya\468.jpg,gya,Testing
Testing\gya\469.jpg,gya,Testing
Testing\gya\470.jpg,gya,Testing
Testing\gya\471.jpg,gya,Testing
Testing\gya\472.jpg,gya,Testing
Testing\gya\473.jpg,gya,Testing
Testing\gya\474.jpg,gya,Testing
Testing\gya\475.jpg,gya,Testing
Testing\gya\476.jpg,gya,Testing
Testing\gya\477.jpg,gya,Testing
Testing\gya\478.jpg,gya,Testing
Testing\gya\479.jpg,gya,Testing
Testing\gya\480.jpg,gya,Testing
Testing\gya\481.jpg,gya,Testing
Testing\gya\482.jpg,gya,Testing
Testing\gya\483.jpg,gya,Testing
Testing\gya\484.jpg,gya,Testing
Testing\gya\485.jpg,gya,Testing
Testing\gya\486.jpg,gya,Testing
Testing\gya\487.jpg,gya,Testing
Testing\gya\488.jpg,gya,Testing
Testing\gya\489.jpg,gya,Testing
Testing\gya\490.jpg,gya,Testing
Testing\gya\491.jpg,gya,Testing
Testing\gya\492.jpg,gya,Testing
Testing\gya\493.jpg,gya,Testing
Testing\gya\494.jpg,gya,Testing
Testing\gya\495.jpg,gya,Testing
Testing\gya\496.jpg,gya,Testing
Testing\gya\497.jpg,gya,Testing
Testing\gya\498.jpg,gya,Testing
Testing\gya\499.jpg,gya,Testing
Testing\gya\500.jpg,gya,Testing
Testing\gya\501.jpg,gya,Testing
Testing\gya\502.jpg,gya,Testing
Testing\gya\503.jpg,gya,Testing
Testing\gya\504.jpg,gya,Testing
Testing\gya\505.jpg,gya,Testing
Testing\gya\506.jpg,gya,Testing
Testing\gya\507.jpg,gya,Testing
Testing\gya\508.jpg,gya,Testing
Testing\gya\509.jpg,gya,Testing
Testing\gya\510.jpg,gya,Testing
Testing\gya\511.jpg,gya,Testing
Testing\gya\512.jpg,gya,Testing
Testing\gya\513.jpg,gya,Testing
Testing\gya\514.jpg,gya,Testing
Testing\gya\515.jpg,gya,Testing
Testing\gya\516.jpg,gya,Testing
Testing\gya\517.jpg,gya,Testing
Testing\gya\518.jpg,gya,Testing
Testing\gya\519.jpg,gya,Testing
Testing\gya\520.jpg,gya,Testing
Testing\gya\521.jpg,gya,Testing
Testing\gya\522.jpg,gya,Testing
Testing\gya\523.jpg,gya,Testing
Testing\gya\524.jpg,gya,Testing
Testing\gya\525.jpg,gya,Testing
Testing\gya\526.jpg,gya,Testing
Testing\gya\527.jpg,gya,Testing
Testing\gya\528.jpg,gya,Testing
Testing\gya\529.jpg,gya,Testing
Testing\gya\530.jpg,gya,Testing
Testing\gya\531.jpg,gya,Testing
Testing\gya\532.jpg,gya,Testing
Testing\gya\533.jpg,gya,Testing
Testing\gya\534.jpg,gya,Testing
Testing\gya\535.jpg,gya,Testing
Testing\gya\536.jpg,gya,Testing
Testing\gya\537.jpg,gya,Testing
Testing\gya\538.jpg,gya,Testing
Testing\gya\539.jpg,gya,Testing
Testing\gya\540.jpg,gya,Testing
Testing\gya\541.jpg,gya,Testing
Testing\gya\542.jpg,gya,Testing
Testing\gya\543.jpg,gya,Testing
Testing\gya\544.jpg,gya,Testing
Testing\gya\545.jpg,gya,Testing
Testing\gya\546.jpg,gya,Testing
Testing\gya\547.jpg,gya,Testing
Testing\gya\548.jpg,gya,Testing
Testing\gya\549.jpg,gya,Testing
Testing\gya\550.jpg,gya,Testing
Testing\gya\551.jpg,gya,Testing
Testing\gya\552.jpg,gya,Testing
Testing\gya\553.jpg,gya,Testing
Testing\gya\554.jpg,gya,Testing
Testing\gya\555.jpg,gya,Testing
Testing\gya\556.jpg,gya,Testing
Testing\gya\557.jpg,gya,Testing
Testing\gya\558.jpg,gya,Testing
Testing\gya\559.jpg,gya,Testing
Testing\gya\560.jpg,gya,Testing
Testing\gya\561.jpg,gya,Testing
Testing\gya\562.jpg,gya,Testing
Testing\gya\563.jpg,gya,Testing
Testing\gya\564.jpg,gya,Testing
Testing\gya\565.jpg,gya,Testing
Testing\gya\566.jpg,gya,Testing
Testing\gya\567.jpg,gya,Testing
Testing\gya\568.jpg,gya,Testing
Testing\gya\569.jpg,gya,Testing
Testing\gya\570.jpg,gya,Testing
Testing\gya\571.jpg,gya,Testing
Testing\gya\572.jpg,gya,Testing
Testing\gya\573.jpg,gya,Testing
Testing\gya\574.jpg,gya,Testing
Testing\gya\575.jpg,gya,Testing
Testing\gya\576.jpg,gya,Testing
Testing\gya\577.jpg,gya,Testing
Testing\gya\578.jpg,gya,Testing
Testing\gya\579.jpg,gya,Testing
Testing\gya\580.jpg,gya,Testing
Testing\gya\581.jpg,gya,Testing
Testing\gya\582.jpg,gya,Testing
Testing\gya\583.jpg,gya,Testing
Testing\gya\584.jpg,gya,Testing
Testing\gya\585.jpg,gya,Testing
Testing\gya\586.jpg,gya,Testing
Testing\gya\587.jpg,gya,Testing
Testing\gya\588.jpg,gya,Testing
Testing\gya\589.jpg,gya,Testing
Testing\gya\590.jpg,gya,Testing
Testing\gya\591.jpg,gya,Testing
Testing\gya\592.jpg,gya,Testing
Testing\gya\593.jpg,gya,Testing
Testing\gya\594.jpg,gya,Testing
Testing\gya\595.jpg,gya,Testing
Testing\gya\596.jpg,gya,Testing
Testing\gya\597.jpg,gya,Testing
Testing\gya\598.jpg,gya,Testing
Testing\gya\599.jpg,gya,Testing
Testing\gya\600.jpg,gya,Testing
Testing\ha\421.jpg,ha,Testing
Testing\ha\422.jpg,ha,Testing
Testing\ha\423.jpg,ha,Testing
Testing\ha\424.jpg,ha,Testing
Testing\ha\425.jpg,ha,Testing
Testing\ha\426.jpg,ha,Testing
Testing\ha\427.jpg,ha,Testing
Testing\ha\428.jpg,ha,Testing
Testing\ha\429.jpg,ha,Testing
Testing\ha\430.jpg,ha,Testing
Testing\ha\431.jpg,ha,Testing
Testing\ha\432.jpg,ha,Testing
Testing\ha\433.jpg,ha,Testing
Testing\ha\434.jpg,ha,Testing
Testing\ha\435.jpg,ha,Testing
Testing\ha\436.jpg,ha,Testing
Testing\ha\437.jpg,ha,Testing
Testing\ha\438.jpg,ha,Testing
Testing\ha\439.jpg,ha,Testing
Testing\ha\440.jpg,ha,Testing
Testing\ha\441.jpg,ha,Testing
Testing\ha\442.jpg,ha,Testing
Testing\ha\443.jpg,ha,Testing
Testing\ha\444.jpg,ha,Testing
Testing\ha\445.jpg,ha,Testing
Testing\ha\446.jpg,ha,Testing
Testing\ha\447.jpg,ha,Testing
Testing\ha\448.jpg,ha,Testing
Testing\ha\449.jpg,ha,Testing
Testing\ha\450.jpg,ha,Testing
Testing\ha\451.jpg,ha,Testing
Testing\ha\452.jpg,ha,Testing
Testing\ha\453.jpg,ha,Testing
Testing\ha\454.jpg,ha,Testing
Testing\ha\455.jpg,ha,Testing
Testing\ha\456.jpg,ha,Testing
Testing\ha\457.jpg,ha,Testing
Testing\ha\458.jpg,ha,Testing
Testing\ha\459.jpg,ha,Testing
Testing\ha\460.jpg,ha,Testing
Testing\ha\461.jpg,ha,Testing
Testing\ha\462.jpg,ha,Testing
Testing\ha\463.jpg,ha,Testing
Testing\ha\464.jpg,ha,Testing
Testing\ha\465.jpg,ha,Testing
Testing\ha\466.jpg,ha,Testing
Testing\ha\467.jpg,ha,Testing
Testing\ha\468.jpg,ha,Testing
Testing\ha\469.jpg,ha,Testing
Testing\ha\470.jpg,ha,Testing
Testing\ha\471.jpg,ha,Testing
Testing\ha\472.jpg,ha,Testing
Testing\ha\473.jpg,ha,Testing
Testing\ha\474.jpg,ha,Testing
Testing\ha\475.jpg,ha,Testing
Testing\ha\476.jpg,ha,Testing
Testing\ha\477.jpg,ha,Testing
Testing\ha\478.jpg,ha,Testing
Testing\ha\479.jpg,ha,Testing
Testing\ha\480.jpg,ha,Testing
Testing\ha\481.jpg,ha,Testing
Testing\ha\482.jpg,ha,Testing
Testing\ha\483.jpg,ha,Testing
Testing\ha\484.jpg,ha,Testing
Testing\ha\485.jpg,ha,Testing
Testing\ha\486.jpg,ha,Testing
Testing\ha\487.jpg,ha,Testing
Testing\ha\488.jpg,ha,Testing
Testing\ha\489.jpg,ha,Testing
Testing\ha\490.jpg,ha,Testing
Testing\ha\491.jpg,ha,Testing
Testing\ha\492.jpg,ha,Testing
Testing\ha\493.jpg,ha,Testing
Testing\ha\494.jpg,ha,Testing
Testing\ha\495.jpg,ha,Testing
Testing\ha\496.jpg,ha,Testing
Testing\ha\497.jpg,ha,Testing
Testing\ha\498.jpg,ha,Testing
Testing\ha\499.jpg,ha,Testing
Testing\ha\500.jpg,ha,Testing
Testing\ha\501.jpg,ha,Testing
Testing\ha\502.jpg,ha,Testing
Testing\ha\503.jpg,ha,Testing
Testing\ha\504.jpg,ha,Testing
Testing\ha\505.jpg,ha,Testing
Testing\ha\506.jpg,ha,Testing
Testing\ha\507.jpg,ha,Testing
Testing\ha\508.jpg,ha,Testing
Testing\ha\509.jpg,ha,Testing
Testing\ha\510.jpg,ha,Testing
Testing\ha\511.jpg,ha,Testing
Testing\ha\512.jpg,ha,Testing
Testing\ha\513.jpg,ha,Testing
Testing\ha\514.jpg,ha,Testing
Testing\ha\515.jpg,ha,Testing
Testing\ha\516.jpg,ha,Testing
Testing\ha\517.jpg,ha,Testing
Testing\ha\518.jpg,ha,Testing
Testing\ha\519.jpg,ha,Testing
Testing\ha\520.jpg,ha,Testing
Testing\ha\521.jpg,ha,Testing
Testing\ha\522.jpg,ha,Testing
Testing\ha\523.jpg,ha,Testing
Testing\ha\524.jpg,ha,Testing
Testing\ha\525.jpg,ha,Testing
Testing\ha\526.jpg,ha,Testing
Testing\ha\527.jpg,ha,Testing
Testing\ha\528.jpg,ha,Testing
Testing\ha\529.jpg,ha,Testing
Testing\ha\530.jpg,ha,Testing
Testing\ha\531.jpg,ha,Testing
Testing\ha\532.jpg,ha,Testing
Testing\ha\533.jpg,ha,Testing
Testing\ha\534.jpg,ha,Testing
Testing\ha\535.jpg,ha,Testing
Testing\ha\536.jpg,ha,Testing
Testing\ha\537.jpg,ha,Testing
Testing\ha\538.jpg,ha,Testing
Testing\ha\539.jpg,ha,Testing
Testing\ha\540.jpg,ha,Testing
Testing\ha\541.jpg,ha,Testing
Testing\ha\542.jpg,ha,Testing
Testing\ha\543.jpg,ha,Testing
Testing\ha\544.jpg,ha,Testing
Testing\ha\545.jpg,ha,Testing
Testing\ha\546.jpg,ha,Testing
Testing\ha\547.jpg,ha,Testing
Testing\ha\548.jpg,ha,Testing
Testing\ha\549.jpg,ha,Testing
Testing\ha\550.jpg,ha,Testing
Testing\ha\551.jpg,ha,Testing
Testing\ha\552.jpg,ha,Testing
Testing\ha\553.jpg,ha,Testing
Testing\ha\554.jpg,ha,Testing
Testing\ha\555.jpg,ha,Testing
Testing\ha\556.jpg,ha,Testing
Testing\ha\557.jpg,ha,Testing
Testing\ha\558.jpg,ha,Testing
Testing\ha\559.jpg,ha,Testing
Testing\ha\560.jpg,ha,Testing
Testing\ha\561.jpg,ha,Testing
Testing\ha\562.jpg,ha,Testing
Testing\ha\563.jpg,ha,Testing
Testing\ha\564.jpg,ha,Testing
Testing\ha\565.jpg,ha,Testing
Testing\ha\566.jpg,ha,Testing
Testing\ha\567.jpg,ha,Testing
Testing\ha\568.jpg,ha,Testing
Testing\ha\569.jpg,ha,Testing
Testing\ha\570.jpg,ha,Testing
Testing\ha\571.jpg,ha,Testing
Testing\ha\572.jpg,ha,Testing
Testing\ha\573.jpg,ha,Testing
Testing\ha\574.jpg,ha,Testing
Testing\ha\575.jpg,ha,Testing
Testing\ha\576.jpg,ha,Testing
Testing\ha\577.jpg,ha,Testing
Testing\ha\578.jpg,ha,Testing
Testing\ha\579.jpg,ha,Testing
Testing\ha\580.jpg,ha,Testing
Testing\ha\581.jpg,ha,Testing
Testing\ha\582.jpg,ha,Testing
Testing\ha\583.jpg,ha,Testing
Testing\ha\584.jpg,ha,Testing
Testing\ha\585.jpg,ha,Testing
Testing\ha\586.jpg,ha,Testing
Testing\ha\587.jpg,ha,Testing
Testing\ha\588.jpg,ha,Testing
Testing\ha\589.jpg,ha,Testing
Testing\ha\590.jpg,ha,Testing
Testing\ha\591.jpg,ha,Testing
Testing\ha\592.jpg,ha,Testing
Testing\ha\593.jpg,ha,Testing
Testing\ha\594.jpg,ha,Testing
Testing\ha\595.jpg,ha,Testing
Testing\ha\596.jpg,ha,Testing
Testing\ha\597.jpg,ha,Testing
Testing\ha\598.jpg,ha,Testing
Testing\ha\599.jpg,ha,Testing
Testing\ha\600.jpg,ha,Testing
Testing\i\421.jpg,i,Testing
Testing\i\422.jpg,i,Testing
Testing\i\423.jpg,i,Testing
Testing\i\424.jpg,i,Testing
Testing\i\425.jpg,i,Testing
Testing\i\426.jpg,i,Testing
Testing\i\427.jpg,i,Testing
Testing\i\428.jpg,i,Testing
Testing\i\429.jpg,i,Testing
Testing\i\430.jpg,i,Testing
Testing\i\431.jpg,i,Testing
Testing\i\432.jpg,i,Testing
Testing\i\433.jpg,i,Testing
Testing\i\434.jpg,i,Testing
Testing\i\435.jpg,i,Testing
Testing\i\436.jpg,i,Testing
Testing\i\437.jpg,i,Testing
Testing\i\438.jpg,i,Testing
Testing\i\439.jpg,i,Testing
Testing\i\440.jpg,i,Testing
Testing\i\441.jpg,i,Testing
Testing\i\442.jpg,i,Testing
Testing\i\443.jpg,i,Testing
Testing\i\444.jpg,i,Testing
Testing\i\445.jpg,i,Testing
Testing\i\446.jpg,i,Testing
Testing\i\447.jpg,i,Testing
Testing\i\448.jpg,i,Testing
Testing\i\449.jpg,i,Testing
Testing\i\450.jpg,i,Testing
Testing\i\451.jpg,i,Testing
Testing\i\452.jpg,i,Testing
Testing\i\453.jpg,i,Testing
Testing\i\454.jpg,i,Testing
Testing\i\455.jpg,i,Testing
Testing\i\456.jpg,i,Testing
Testing\i\457.jpg,i,Testing
Testing\i\458.jpg,i,Testing
Testing\i\459.jpg,i,Testing
Testing\i\460.jpg,i,Testing
Testing\i\461.jpg,i,Testing
Testing\i\462.jpg,i,Testing
Testing\i\463.jpg,i,Testing
Testing\i\464.jpg,i,Testing
Testing\i\465.jpg,i,Testing
Testing\i\466.jpg,i,Testing
Testing\i\467.jpg,i,Testing
Testing\i\468.jpg,i,Testing
Testing\i\469.jpg,i,Testing
Testing\i\470.jpg,i,Testing
Testing\i\471.jpg,i,Testing
Testing\i\472.jpg,i,Testing
Testing\i\473.jpg,i,Testing
Testing\i\474.jpg,i,Testing
Testing\i\475.jpg,i,Testing
Testing\i\476.jpg,i,Testing
Testing\i\477.jpg,i,Testing
Testing\i\478.jpg,i,Testing
Testing\i\479.jpg,i,Testing
Testing\i\480.jpg,i,Testing
Testing\i\481.jpg,i,Testing
Testing\i\482.jpg,i,Testing
Testing\i\483.jpg,i,Testing
Testing\i\484.jpg,i,Testing
Testing\i\485.jpg,i,Testing
Testing\i\486.jpg,i,Testing
Testing\i\487.jpg,i,Testing
Testing\i\488.jpg,i,Testing
Testing\i\489.jpg,i,Testing
Testing\i\490.jpg,i,Testing
Testing\i\491.jpg,i,Testing
Testing\i\492.jpg,i,Testing
Testing\i\493.jpg,i,Testing
Testing\i\494.jpg,i,Testing
Testing\i\495.jpg,i,Testing
Testing\i\496.jpg,i,Testing
Testing\i\497.jpg,i,Testing
Testing\i\498.jpg,i,Testing
Testing\i\499.jpg,i,Testing
Testing\i\500.jpg,i,Testing
Testing\i\501.jpg,i,Testing
Testing\i\502.jpg,i,Testing
Testing\i\503.jpg,i,Testing
Testing\i\504.jpg,i,Testing
Testing\i\505.jpg,i,Testing
Testing\i\506.jpg,i,Testing
Testing\i\507.jpg,i,Testing
Testing\i\508.jpg,i,Testing
Testing\i\509.jpg,i,Testing
Testing\i\510.jpg,i,Testing
Testing\i\511.jpg,i,Testing
Testing\i\512.jpg,i,Testing
Testing\i\513.jpg,i,Testing
Testing\i\514.jpg,i,Testing
Testing\i\515.jpg,i,Testing
Testing\i\516.jpg,i,Testing
Testing\i\517.jpg,i,Testing
Testing\i\518.jpg,i,Testing
Testing\i\519.jpg,i,Testing
Testing\i\520.jpg,i,Testing
Testing\i\521.jpg,i,Testing
Testing\i\522.jpg,i,Testing
Testing\i\523.jpg,i,Testing
Testing\i\524.jpg,i,Testing
Testing\i\525.jpg,i,Testing
Testing\i\526.jpg,i,Testing
Testing\i\527.jpg,i,Testing
Testing\i\528.jpg,i,Testing
Testing\i\529.jpg,i,Testing
Testing\i\530.jpg,i,Testing
Testing\i\531.jpg,i,Testing
Testing\i\532.jpg,i,Testing
Testing\i\533.jpg,i,Testing
Testing\i\534.jpg,i,Testing
Testing\i\535.jpg,i,Testing
Testing\i\536.jpg,i,Testing
Testing\i\537.jpg,i,Testing
Testing\i\538.jpg,i,Testing
Testing\i\539.jpg,i,Testing
Testing\i\540.jpg,i,Testing
Testing\i\541.jpg,i,Testing
Testing\i\542.jpg,i,Testing
Testing\i\543.jpg,i,Testing
Testing\i\544.jpg,i,Testing
Testing\i\545.jpg,i,Testing
Testing\i\546.jpg,i,Testing
Testing\i\547.jpg,i,Testing
Testing\i\548.jpg,i,Testing
Testing\i\549.jpg,i,Testing
Testing\i\550.jpg,i,Testing
Testing\i\551.jpg,i,Testing
Testing\i\552.jpg,i,Testing
Testing\i\553.jpg,i,Testing
Testing\i\554.jpg,i,Testing
Testing\i\555.jpg,i,Testing
Testing\i\556.jpg,i,Testing
Testing\i\557.jpg,i,Testing
Testing\i\558.jpg,i,Testing
Testing\i\559.jpg,i,Testing
Testing\i\560.jpg,i,Testing
Testing\i\561.jpg,i,Testing
Testing\i\562.jpg,i,Testing
Testing\i\563.jpg,i,Testing
Testing\i\564.jpg,i,Testing
Testing\i\565.jpg,i,Testing
Testing\i\566.jpg,i,Testing
Testing\i\567.jpg,i,Testing
Testing\i\568.jpg,i,Testing
Testing\i\569.jpg,i,Testing
Testing\i\570.jpg,i,Testing
Testing\i\571.jpg,i,Testing
Testing\i\572.jpg,i,Testing
Testing\i\573.jpg,i,Testing
Testing\i\574.jpg,i,Testing
Testing\i\575.jpg,i,Testing
Testing\i\576.jpg,i,Testing
Testing\i\577.jpg,i,Testing
Testing\i\578.jpg,i,Testing
Testing\i\579.jpg,i,Testing
Testing\i\580.jpg,i,Testing
Testing\i\581.jpg,i,Testing
Testing\i\582.jpg,i,Testing
Testing\i\583.jpg,i,Testing
Testing\i\584.jpg,i,Testing
Testing\i\585.jpg,i,Testing
Testing\i\586.jpg,i,Testing
Testing\i\587.jpg,i,Testing
Testing\i\588.jpg,i,Testing
Testing\i\589.jpg,i,Testing
Testing\i\590.jpg,i,Testing
Testing\i\591.jpg,i,Testing
Testing\i\592.jpg,i,Testing
Testing\i\593.jpg,i,Testing
Testing\i\594.jpg,i,Testing
Testing\i\595.jpg,i,Testing
Testing\i\596.jpg,i,Testing
Testing\i\597.jpg,i,Testing
Testing\i\598.jpg,i,Testing
Testing\i\599.jpg,i,Testing
Testing\i\600.jpg,i,Testing
Testing\ja\421.jpg,ja,Testing
Testing\ja\422.jpg,ja,Testing
Testing\ja\423.jpg,ja,Testing
Testing\ja\424.jpg,ja,Testing
Testing\ja\425.jpg,ja,Testing
Testing\ja\426.jpg,ja,Testing
Testing\ja\427.jpg,ja,Testing
Testing\ja\428.jpg,ja,Testing
Testing\ja\429.jpg,ja,Testing
Testing\ja\430.jpg,ja,Testing
Testing\ja\431.jpg,ja,Testing
Testing\ja\432.jpg,ja,Testing
Testing\ja\433.jpg,ja,Testing
Testing\ja\434.jpg,ja,Testing
Testing\ja\435.jpg,ja,Testing
Testing\ja\436.jpg,ja,Testing
Testing\ja\437.jpg,ja,Testing
Testing\ja\438.jpg,ja,Testing
Testing\ja\439.jpg,ja,Testing
Testing\ja\440.jpg,ja,Testing
Testing\ja\441.jpg,ja,Testing
Testing\ja\442.jpg,ja,Testing
Testing\ja\443.jpg,ja,Testing
Testing\ja\444.jpg,ja,Testing
Testing\ja\445.jpg,ja,Testing
Testing\ja\446.jpg,ja,Testing
Testing\ja\447.jpg,ja,Testing
Testing\ja\448.jpg,ja,Testing
Testing\ja\449.jpg,ja,Testing
Testing\ja\450.jpg,ja,Testing
Testing\ja\451.jpg,ja,Testing
Testing\ja\452.jpg,ja,Testing
Testing\ja\453.jpg,ja,Testing
Testing\ja\454.jpg,ja,Testing
Testing\ja\455.jpg,ja,Testing
Testing\ja\456.jpg,ja,Testing
Testing\ja\457.jpg,ja,Testing
Testing\ja\458.jpg,ja,Testing
Testing\ja\459.jpg,ja,Testing
Testing\ja\460.jpg,ja,Testing
Testing\ja\461.jpg,ja,Testing
Testing\ja\462.jpg,ja,Testing
Testing\ja\463.jpg,ja,Testing
Testing\ja\464.jpg,ja,Testing
Testing\ja\465.jpg,ja,Testing
Testing\ja\466.jpg,ja,Testing
Testing\ja\467.jpg,ja,Testing
Testing\ja\468.jpg,ja,Testing
Testing\ja\469.jpg,ja,Testing
Testing\ja\470.jpg,ja,Testing
Testing\ja\471.jpg,ja,Testing
Testing\ja\472.jpg,ja,Testing
Testing\ja\473.jpg,ja,Testing
Testing\ja\474.jpg,ja,Testing
Testing\ja\475.jpg,ja,Testing
Testing\ja\476.jpg,ja,Testing
Testing\ja\477.jpg,ja,Testing
Testing\ja\478.jpg,ja,Testing
Testing\ja\479.jpg,ja,Testing
Testing\ja\480.jpg,ja,Testing
Testing\ja\481.jpg,ja,Testing
Testing\ja\482.jpg,ja,Testing
Testing\ja\483.jpg,ja,Testing
Testing\ja\484.jpg,ja,Testing
Testing\ja\485.jpg,ja,Testing
Testing\ja\486.jpg,ja,Testing
Testing\ja\487.jpg,ja,Testing
Testing\ja\488.jpg,ja,Testing
Testing\ja\489.jpg,ja,Testing
Testing\ja\490.jpg,ja,Testing
Testing\ja\491.jpg,ja,Testing
Testing\ja\492.jpg,ja,Testing
Testing\ja\493.jpg,ja,Testing
Testing\ja\494.jpg,ja,Testing
Testing\ja\495.jpg,ja,Testing
Testing\ja\496.jpg,ja,Testing
Testing\ja\497.jpg,ja,Testing
Testing\ja\498.jpg,ja,Testing
Testing\ja\499.jpg,ja,Testing
Testing\ja\500.jpg,ja,Testing
Testing\ja\501.jpg,ja,Testing
Testing\ja\502.jpg,ja,Testing
Testing\ja\503.jpg,ja,Testing
Testing\ja\504.jpg,ja,Testing
Testing\ja\505.jpg,ja,Testing
Testing\ja\506.jpg,ja,Testing
Testing\ja\507.jpg,ja,Testing
Testing\ja\508.jpg,ja,Testing
Testing\ja\509.jpg,ja,Testing
Testing\ja\510.jpg,ja,Testing
Testing\ja\511.jpg,ja,Testing
Testing\ja\512.jpg,ja,Testing
Testing\ja\513.jpg,ja,Testing
Testing\ja\514.jpg,ja,Testing
Testing\ja\515.jpg,ja,Testing
Testing\ja\516.jpg,ja,Testing
Testing\ja\517.jpg,ja,Testing
Testing\ja\518.jpg,ja,Testing
Testing\ja\519.jpg,ja,Testing
Testing\ja\520.jpg,ja,Testing
Testing\ja\521.jpg,ja,Testing
Testing\ja\522.jpg,ja,Testing
Testing\ja\523.jpg,ja,Testing
Testing\ja\524.jpg,ja,Testing
Testing\ja\525.jpg,ja,Testing
Testing\ja\526.jpg,ja,Testing
Testing\ja\527.jpg,ja,Testing
Testing\ja\528.jpg,ja,Testing
Testing\ja\529.jpg,ja,Testing
Testing\ja\530.jpg,ja,Testing
Testing\ja\531.jpg,ja,Testing
Testing\ja\532.jpg,ja,Testing
Testing\ja\533.jpg,ja,Testing
Testing\ja\534.jpg,ja,Testing
Testing\ja\535.jpg,ja,Testing
Testing\ja\536.jpg,ja,Testing
Testing\ja\537.jpg,ja,Testing
Testing\ja\538.jpg,ja,Testing
Testing\ja\539.jpg,ja,Testing
Testing\ja\540.jpg,ja,Testing
Testing\ja\541.jpg,ja,Testing
Testing\ja\542.jpg,ja,Testing
Testing\ja\543.jpg,ja,Testing
Testing\ja\544.jpg,ja,Testing
Testing\ja\545.jpg,ja,Testing
Testing\ja\546.jpg,ja,Testing
Testing\ja\547.jpg,ja,Testing
Testing\ja\548.jpg,ja,Testing
Testing\ja\549.jpg,ja,Testing
Testing\ja\550.jpg,ja,Testing
Testing\ja\551.jpg,ja,Testing
Testing\ja\552.jpg,ja,Testing
Testing\ja\553.jpg,ja,Testing
Testing\ja\554.jpg,ja,Testing
Testing\ja\555.jpg,ja,Testing
Testing\ja\556.jpg,ja,Testing
Testing\ja\557.jpg,ja,Testing
Testing\ja\558.jpg,ja,Testing
Testing\ja\559.jpg,ja,Testing
Testing\ja\560.jpg,ja,Testing
Testing\ja\561.jpg,ja,Testing
Testing\ja\562.jpg,ja,Testing
Testing\ja\563.jpg,ja,Testing
Testing\ja\564.jpg,ja,Testing
Testing\ja\565.jpg,ja,Testing
Testing\ja\566.jpg,ja,Testing
Testing\ja\567.jpg,ja,Testing
Testing\ja\568.jpg,ja,Testing
Testing\ja\569.jpg,ja,Testing
Testing\ja\570.jpg,ja,Testing
Testing\ja\571.jpg,ja,Testing
Testing\ja\572.jpg,ja,Testing
Testing\ja\573.jpg,ja,Testing
Testing\ja\574.jpg,ja,Testing
Testing\ja\575.jpg,ja,Testing
Testing\ja\576.jpg,ja,Testing
Testing\ja\577.jpg,ja,Testing
Testing\ja\578.jpg,ja,Testing
Testing\ja\579.jpg,ja,Testing
Testing\ja\580.jpg,ja,Testing
Testing\ja\581.jpg,ja,Testing
Testing\ja\582.jpg,ja,Testing
Testing\ja\583.jpg,ja,Testing
Testing\ja\584.jpg,ja,Testing
Testing\ja\585.jpg,ja,Testing
Testing\ja\586.jpg,ja,Testing
Testing\ja\587.jpg,ja,Testing
Testing\ja\588.jpg,ja,Testing
Testing\ja\589.jpg,ja,Testing
Testing\ja\590.jpg,ja,Testing
Testing\ja\591.jpg,ja,Testing
Testing\ja\592.jpg,ja,Testing
Testing\ja\593.jpg,ja,Testing
Testing\ja\594.jpg,ja,Testing
Testing\ja\595.jpg,ja,Testing
Testing\ja\596.jpg,ja,Testing
Testing\ja\597.jpg,ja,Testing
Testing\ja\598.jpg,ja,Testing
Testing\ja\599.jpg,ja,Testing
Testing\ja\600.jpg,ja,Testing
Testing\jha\421.jpg,jha,Testing
Testing\jha\422.jpg,jha,Testing
Testing\jha\423.jpg,jha,Testing
Testing\jha\424.jpg,jha,Testing
Testing\jha\425.jpg,jha,Testing
Testing\jha\426.jpg,jha,Testing
Testing\jha\427.jpg,jha,Testing
Testing\jha\428.jpg,jha,Testing
Testing\jha\429.jpg,jha,Testing
Testing\jha\430.jpg,jha,Testing
Testing\jha\431.jpg,jha,Testing
Testing\jha\432.jpg,jha,Testing
Testing\jha\433.jpg,jha,Testing
Testing\jha\434.jpg,jha,Testing
Testing\jha\435.jpg,jha,Testing
Testing\jha\436.jpg,jha,Testing
Testing\jha\437.jpg,jha,Testing
Testing\jha\438.jpg,jha,Testing
Testing\jha\439.jpg,jha,Testing
Testing\jha\440.jpg,jha,Testing
Testing\jha\441.jpg,jha,Testing
Testing\jha\442.jpg,jha,Testing
Testing\jha\443.jpg,jha,Testing
Testing\jha\444.jpg,jha,Testing
Testing\jha\445.jpg,jha,Testing
Testing\jha\446.jpg,jha,Testing
Testing\jha\447.jpg,jha,Testing
Testing\jha\448.jpg,jha,Testing
Testing\jha\449.jpg,jha,Testing
Testing\jha\450.jpg,jha,Testing
Testing\jha\451.jpg,jha,Testing
Testing\jha\452.jpg,jha,Testing
Testing\jha\453.jpg,jha,Testing
Testing\jha\454.jpg,jha,Testing
Testing\jha\455.jpg,jha,Testing
Testing\jha\456.jpg,jha,Testing
Testing\jha\457.jpg,jha,Testing
Testing\jha\458.jpg,jha,Testing
Testing\jha\459.jpg,jha,Testing
Testing\jha\460.jpg,jha,Testing
Testing\jha\461.jpg,jha,Testing
Testing\jha\462.jpg,jha,Testing
Testing\jha\463.jpg,jha,Testing
Testing\jha\464.jpg,jha,Testing
Testing\jha\465.jpg,jha,Testing
Testing\jha\466.jpg,jha,Testing
Testing\jha\467.jpg,jha,Testing
Testing\jha\468.jpg,jha,Testing
Testing\jha\469.jpg,jha,Testing
Testing\jha\470.jpg,jha,Testing
Testing\jha\471.jpg,jha,Testing
Testing\jha\472.jpg,jha,Testing
Testing\jha\473.jpg,jha,Testing
Testing\jha\474.jpg,jha,Testing
Testing\jha\475.jpg,jha,Testing
Testing\jha\476.jpg,jha,Testing
Testing\jha\477.jpg,jha,Testing
Testing\jha\478.jpg,jha,Testing
Testing\jha\479.jpg,jha,Testing
Testing\jha\480.jpg,jha,Testing
Testing\jha\481.jpg,jha,Testing
Testing\jha\482.jpg,jha,Testing
Testing\jha\483.jpg,jha,Testing
Testing\jha\484.jpg,jha,Testing
Testing\jha\485.jpg,jha,Testing
Testing\jha\486.jpg,jha,Testing
Testing\jha\487.jpg,jha,Testing
Testing\jha\488.jpg,jha,Testing
Testing\jha\489.jpg,jha,Testing
Testing\jha\490.jpg,jha,Testing
Testing\jha\491.jpg,jha,Testing
Testing\jha\492.jpg,jha,Testing
Testing\jha\493.jpg,jha,Testing
Testing\jha\494.jpg,jha,Testing
Testing\jha\495.jpg,jha,Testing
Testing\jha\496.jpg,jha,Testing
Testing\jha\497.jpg,jha,Testing
Testing\jha\498.jpg,jha,Testing
Testing\jha\499.jpg,jha,Testing
Testing\jha\500.jpg,jha,Testing
Testing\jha\501.jpg,jha,Testing
Testing\jha\502.jpg,jha,Testing
Testing\jha\503.jpg,jha,Testing
Testing\jha\504.jpg,jha,Testing
Testing\jha\505.jpg,jha,Testing
Testing\jha\506.jpg,jha,Testing
Testing\jha\507.jpg,jha,Testing
Testing\jha\508.jpg,jha,Testing
Testing\jha\509.jpg,jha,Testing
Testing\jha\510.jpg,jha,Testing
Testing\jha\511.jpg,jha,Testing
Testing\jha\512.jpg,jha,Testing
Testing\jha\513.jpg,jha,Testing
Testing\jha\514.jpg,jha,Testing
Testing\jha\515.jpg,jha,Testing
Testing\jha\516.jpg,jha,Testing
Testing\jha\517.jpg,jha,Testing
Testing\jha\518.jpg,jha,Testing
Testing\jha\519.jpg,jha,Testing
Testing\jha\520.jpg,jha,Testing
Testing\jha\521.jpg,jha,Testing
Testing\jha\522.jpg,jha,Testing
Testing\jha\523.jpg,jha,Testing
Testing\jha\524.jpg,jha,Testing
Testing\jha\525.jpg,jha,Testing
Testing\jha\526.jpg,jha,Testing
Testing\jha\527.jpg,jha,Testing
Testing\jha\528.jpg,jha,Testing
Testing\jha\529.jpg,jha,Testing
Testing\jha\530.jpg,jha,Testing
Testing\jha\531.jpg,jha,Testing
Testing\jha\532.jpg,jha,Testing
Testing\jha\533.jpg,jha,Testing
Testing\jha\534.jpg,jha,Testing
Testing\jha\535.jpg,jha,Testing
Testing\jha\536.jpg,jha,Testing
Testing\jha\537.jpg,jha,Testing
Testing\jha\538.jpg,jha,Testing
Testing\jha\539.jpg,jha,Testing
Testing\jha\540.jpg,jha,Testing
Testing\jha\541.jpg,jha,Testing
Testing\jha\542.jpg,jha,Testing
Testing\jha\543.jpg,jha,Testing
Testing\jha\544.jpg,jha,Testing
Testing\jha\545.jpg,jha,Testing
Testing\jha\546.jpg,jha,Testing
Testing\jha\547.jpg,jha,Testing
Testing\jha\548.jpg,jha,Testing
Testing\jha\549.jpg,jha,Testing
Testing\jha\550.jpg,jha,Testing
Testing\jha\551.jpg,jha,Testing
Testing\jha\552.jpg,jha,Testing
Testing\jha\553.jpg,jha,Testing
Testing\jha\554.jpg,jha,Testing
Testing\jha\555.jpg,jha,Testing
Testing\jha\556.jpg,jha,Testing
Testing\jha\557.jpg,jha,Testing
Testing\jha\558.jpg,jha,Testing
Testing\jha\559.jpg,jha,Testing
Testing\jha\560.jpg,jha,Testing
Testing\jha\561.jpg,jha,Testing
Testing\jha\562.jpg,jha,Testing
Testing\jha\563.jpg,jha,Testing
Testing\jha\564.jpg,jha,Testing
Testing\jha\565.jpg,jha,Testing
Testing\jha\566.jpg,jha,Testing
Testing\jha\567.jpg,jha,Testing
Testing\jha\568.jpg,jha,Testing
Testing\jha\569.jpg,jha,Testing
Testing\jha\570.jpg,jha,Testing
Testing\jha\571.jpg,jha,Testing
Testing\jha\572.jpg,jha,Testing
Testing\jha\573.jpg,jha,Testing
Testing\jha\574.jpg,jha,Testing
Testing\jha\575.jpg,jha,Testing
Testing\jha\576.jpg,jha,Testing
Testing\jha\577.jpg,jha,Testing
Testing\jha\578.jpg,jha,Testing
Testing\jha\579.jpg,jha,Testing
Testing\jha\580.jpg,jha,Testing
Testing\jha\581.jpg,jha,Testing
Testing\jha\582.jpg,jha,Testing
Testing\jha\583.jpg,jha,Testing
Testing\jha\584.jpg,jha,Testing
Testing\jha\585.jpg,jha,Testing
Testing\jha\586.jpg,jha,Testing
Testing\jha\587.jpg,jha,Testing
Testing\jha\588.jpg,jha,Testing
Testing\jha\589.jpg,jha,Testing
Testing\jha\590.jpg,jha,Testing
Testing\jha\591.jpg,jha,Testing
Testing\jha\592.jpg,jha,Testing
Testing\jha\593.jpg,jha,Testing
Testing\jha\594.jpg,jha,Testing
Testing\jha\595.jpg,jha,Testing
Testing\jha\596.jpg,jha,Testing
Testing\jha\597.jpg,jha,Testing
Testing\jha\598.jpg,jha,Testing
Testing\jha\599.jpg,jha,Testing
Testing\jha\600.jpg,jha,Testing
Testing\ka\421.jpg,ka,Testing
Testing\ka\422.jpg,ka,Testing
Testing\ka\423.jpg,ka,Testing
Testing\ka\424.jpg,ka,Testing
Testing\ka\425.jpg,ka,Testing
Testing\ka\426.jpg,ka,Testing
Testing\ka\427.jpg,ka,Testing
Testing\ka\428.jpg,ka,Testing
Testing\ka\429.jpg,ka,Testing
Testing\ka\430.jpg,ka,Testing
Testing\ka\431.jpg,ka,Testing
Testing\ka\432.jpg,ka,Testing
Testing\ka\433.jpg,ka,Testing
Testing\ka\434.jpg,ka,Testing
Testing\ka\435.jpg,ka,Testing
Testing\ka\436.jpg,ka,Testing
Testing\ka\437.jpg,ka,Testing
Testing\ka\438.jpg,ka,Testing
Testing\ka\439.jpg,ka,Testing
Testing\ka\440.jpg,ka,Testing
Testing\ka\441.jpg,ka,Testing
Testing\ka\442.jpg,ka,Testing
Testing\ka\443.jpg,ka,Testing
Testing\ka\444.jpg,ka,Testing
Testing\ka\445.jpg,ka,Testing
Testing\ka\446.jpg,ka,Testing
Testing\ka\447.jpg,ka,Testing
Testing\ka\448.jpg,ka,Testing
Testing\ka\449.jpg,ka,Testing
Testing\ka\450.jpg,ka,Testing
Testing\ka\451.jpg,ka,Testing
Testing\ka\452.jpg,ka,Testing
Testing\ka\453.jpg,ka,Testing
Testing\ka\454.jpg,ka,Testing
Testing\ka\455.jpg,ka,Testing
Testing\ka\456.jpg,ka,Testing
Testing\ka\457.jpg,ka,Testing
Testing\ka\458.jpg,ka,Testing
Testing\ka\459.jpg,ka,Testing
Testing\ka\460.jpg,ka,Testing
Testing\ka\461.jpg,ka,Testing
Testing\ka\462.jpg,ka,Testing
Testing\ka\463.jpg,ka,Testing
Testing\ka\464.jpg,ka,Testing
Testing\ka\465.jpg,ka,Testing
Testing\ka\466.jpg,ka,Testing
Testing\ka\467.jpg,ka,Testing
Testing\ka\468.jpg,ka,Testing
Testing\ka\469.jpg,ka,Testing
Testing\ka\470.jpg,ka,Testing
Testing\ka\471.jpg,ka,Testing
Testing\ka\472.jpg,ka,Testing
Testing\ka\473.jpg,ka,Testing
Testing\ka\474.jpg,ka,Testing
Testing\ka\475.jpg,ka,Testing
Testing\ka\476.jpg,ka,Testing
Testing\ka\477.jpg,ka,Testing
Testing\ka\478.jpg,ka,Testing
Testing\ka\479.jpg,ka,Testing
Testing\ka\480.jpg,ka,Testing
Testing\ka\481.jpg,ka,Testing
Testing\ka\482.jpg,ka,Testing
Testing\ka\483.jpg,ka,Testing
Testing\ka\484.jpg,ka,Testing
Testing\ka\485.jpg,ka,Testing
Testing\ka\486.jpg,ka,Testing
Testing\ka\487.jpg,ka,Testing
Testing\ka\488.jpg,ka,Testing
Testing\ka\489.jpg,ka,Testing
Testing\ka\490.jpg,ka,Testing
Testing\ka\491.jpg,ka,Testing
Testing\ka\492.jpg,ka,Testing
Testing\ka\493.jpg,ka,Testing
Testing\ka\494.jpg,ka,Testing
Testing\ka\495.jpg,ka,Testing
Testing\ka\496.jpg,ka,Testing
Testing\ka\497.jpg,ka,Testing
Testing\ka\498.jpg,ka,Testing
Testing\ka\499.jpg,ka,Testing
Testing\ka\500.jpg,ka,Testing
Testing\ka\501.jpg,ka,Testing
Testing\ka\502.jpg,ka,Testing
Testing\ka\503.jpg,ka,Testing
Testing\ka\504.jpg,ka,Testing
Testing\ka\505.jpg,ka,Testing
Testing\ka\506.jpg,ka,Testing
Testing\ka\507.jpg,ka,Testing
Testing\ka\508.jpg,ka,Testing
Testing\ka\509.jpg,ka,Testing
Testing\ka\510.jpg,ka,Testing
Testing\ka\511.jpg,ka,Testing
Testing\ka\512.jpg,ka,Testing
Testing\ka\513.jpg,ka,Testing
Testing\ka\514.jpg,ka,Testing
Testing\ka\515.jpg,ka,Testing
Testing\ka\516.jpg,ka,Testing
Testing\ka\517.jpg,ka,Testing
Testing\ka\518.jpg,ka,Testing
Testing\ka\519.jpg,ka,Testing
Testing\ka\520.jpg,ka,Testing
Testing\ka\521.jpg,ka,Testing
Testing\ka\522.jpg,ka,Testing
Testing\ka\523.jpg,ka,Testing
Testing\ka\524.jpg,ka,Testing
Testing\ka\525.jpg,ka,Testing
Testing\ka\526.jpg,ka,Testing
Testing\ka\527.jpg,ka,Testing
Testing\ka\528.jpg,ka,Testing
Testing\ka\529.jpg,ka,Testing
Testing\ka\530.jpg,ka,Testing
Testing\ka\531.jpg,ka,Testing
Testing\ka\532.jpg,ka,Testing
Testing\ka\533.jpg,ka,Testing
Testing\ka\534.jpg,ka,Testing
Testing\ka\535.jpg,ka,Testing
Testing\ka\536.jpg,ka,Testing
Testing\ka\537.jpg,ka,Testing
Testing\ka\538.jpg,ka,Testing
Testing\ka\539.jpg,ka,Testing
Testing\ka\540.jpg,ka,Testing
Testing\ka\541.jpg,ka,Testing
Testing\ka\542.jpg,ka,Testing
Testing\ka\543.jpg,ka,Testing
Testing\ka\544.jpg,ka,Testing
Testing\ka\545.jpg,ka,Testing
Testing\ka\546.jpg,ka,Testing
Testing\ka\547.jpg,ka,Testing
Testing\ka\548.jpg,ka,Testing
Testing\ka\549.jpg,ka,Testing
Testing\ka\550.jpg,ka,Testing
Testing\ka\551.jpg,ka,Testing
Testing\ka\552.jpg,ka,Testing
Testing\ka\553.jpg,ka,Testing
Testing\ka\554.jpg,ka,Testing
Testing\ka\555.jpg,ka,Testing
Testing\ka\556.jpg,ka,Testing
Testing\ka\557.jpg,ka,Testing
Testing\ka\558.jpg,ka,Testing
Testing\ka\559.jpg,ka,Testing
Testing\ka\560.jpg,ka,Testing
Testing\ka\561.jpg,ka,Testing
Testing\ka\562.jpg,ka,Testing
Testing\ka\563.jpg,ka,Testing
Testing\ka\564.jpg,ka,Testing
Testing\ka\565.jpg,ka,Testing
Testing\ka\566.jpg,ka,Testing
Testing\ka\567.jpg,ka,Testing
Testing\ka\568.jpg,ka,Testing
Testing\ka\569.jpg,ka,Testing
Testing\ka\570.jpg,ka,Testing
Testing\ka\571.jpg,ka,Testing
Testing\ka\572.jpg,ka,Testing
Testing\ka\573.jpg,ka,Testing
Testing\ka\574.jpg,ka,Testing
Testing\ka\575.jpg,ka,Testing
Testing\ka\576.jpg,ka,Testing
Testing\ka\577.jpg,ka,Testing
Testing\ka\578.jpg,ka,Testing
Testing\ka\579.jpg,ka,Testing
Testing\ka\580.jpg,ka,Testing
Testing\ka\581.jpg,ka,Testing
Testing\ka\582.jpg,ka,Testing
Testing\ka\583.jpg,ka,Testing
Testing\ka\584.jpg,ka,Testing
Testing\ka\585.jpg,ka,Testing
Testing\ka\586.jpg,ka,Testing
Testing\ka\587.jpg,ka,Testing
Testing\ka\588.jpg,ka,Testing
Testing\ka\589.jpg,ka,Testing
Testing\ka\590.jpg,ka,Testing
Testing\ka\591.jpg,ka,Testing
Testing\ka\592.jpg,ka,Testing
Testing\ka\593.jpg,ka,Testing
Testing\ka\594.jpg,ka,Testing
Testing\ka\595.jpg,ka,Testing
Testing\ka\596.jpg,ka,Testing
Testing\ka\597.jpg,ka,Testing
Testing\ka\598.jpg,ka,Testing
Testing\ka\599.jpg,ka,Testing
Testing\ka\600.jpg,ka,Testing
Testing\kha\421.jpg,kha,Testing
Testing\kha\422.jpg,kha,Testing
Testing\kha\423.jpg,kha,Testing
Testing\kha\424.jpg,kha,Testing
Testing\kha\425.jpg,kha,Testing
Testing\kha\426.jpg,kha,Testing
Testing\kha\427.jpg,kha,Testing
Testing\kha\428.jpg,kha,Testing
Testing\kha\429.jpg,kha,Testing
Testing\kha\430.jpg,kha,Testing
Testing\kha\431.jpg,kha,Testing
Testing\kha\432.jpg,kha,Testing
Testing\kha\433.jpg,kha,Testing
Testing\kha\434.jpg,kha,Testing
Testing\kha\435.jpg,kha,Testing
Testing\kha\436.jpg,kha,Testing
Testing\kha\437.jpg,kha,Testing
Testing\kha\438.jpg,kha,Testing
Testing\kha\439.jpg,kha,Testing
Testing\kha\440.jpg,kha,Testing
Testing\kha\441.jpg,kha,Testing
Testing\kha\442.jpg,kha,Testing
Testing\kha\443.jpg,kha,Testing
Testing\kha\444.jpg,kha,Testing
Testing\kha\445.jpg,kha,Testing
Testing\kha\446.jpg,kha,Testing
Testing\kha\447.jpg,kha,Testing
Testing\kha\448.jpg,kha,Testing
Testing\kha\449.jpg,kha,Testing
Testing\kha\450.jpg,kha,Testing
Testing\kha\451.jpg,kha,Testing
Testing\kha\452.jpg,kha,Testing
Testing\kha\453.jpg,kha,Testing
Testing\kha\454.jpg,kha,Testing
Testing\kha\455.jpg,kha,Testing
Testing\kha\456.jpg,kha,Testing
Testing\kha\457.jpg,kha,Testing
Testing\kha\458.jpg,kha,Testing
Testing\kha\459.jpg,kha,Testing
Testing\kha\460.jpg,kha,Testing
Testing\kha\461.jpg,kha,Testing
Testing\kha\462.jpg,kha,Testing
Testing\kha\463.jpg,kha,Testing
Testing\kha\464.jpg,kha,Testing
Testing\kha\465.jpg,kha,Testing
Testing\kha\466.jpg,kha,Testing
Testing\kha\467.jpg,kha,Testing
Testing\kha\468.jpg,kha,Testing
Testing\kha\469.jpg,kha,Testing
Testing\kha\470.jpg,kha,Testing
Testing\kha\471.jpg,kha,Testing
Testing\kha\472.jpg,kha,Testing
Testing\kha\473.jpg,kha,Testing
Testing\kha\474.jpg,kha,Testing
Testing\kha\475.jpg,kha,Testing
Testing\kha\476.jpg,kha,Testing
Testing\kha\477.jpg,kha,Testing
Testing\kha\478.jpg,kha,Testing
Testing\kha\479.jpg,kha,Testing
Testing\kha\480.jpg,kha,Testing
Testing\kha\481.jpg,kha,Testing
Testing\kha\482.jpg,kha,Testing
Testing\kha\483.jpg,kha,Testing
Testing\kha\484.jpg,kha,Testing
Testing\kha\485.jpg,kha,Testing
Testing\kha\486.jpg,kha,Testing
Testing\kha\487.jpg,kha,Testing
Testing\kha\488.jpg,kha,Testing
Testing\kha\489.jpg,kha,Testing
Testing\kha\490.jpg,kha,Testing
Testing\kha\491.jpg,kha,Testing
Testing\kha\492.jpg,kha,Testing
Testing\kha\493.jpg,kha,Testing
Testing\kha\494.jpg,kha,Testing
Testing\kha\495.jpg,kha,Testing
Testing\kha\496.jpg,kha,Testing
Testing\kha\497.jpg,kha,Testing
Testing\kha\498.jpg,kha,Testing
Testing\kha\499.jpg,kha,Testing
Testing\kha\500.jpg,kha,Testing
Testing\kha\501.jpg,kha,Testing
Testing\kha\502.jpg,kha,Testing
Testing\kha\503.jpg,kha,Testing
Testing\kha\504.jpg,kha,Testing
Testing\kha\505.jpg,kha,Testing
Testing\kha\506.jpg,kha,Testing
Testing\kha\507.jpg,kha,Testing
Testing\kha\508.jpg,kha,Testing
Testing\kha\509.jpg,kha,Testing
Testing\kha\510.jpg,kha,Testing
Testing\kha\511.jpg,kha,Testing
Testing\kha\512.jpg,kha,Testing
Testing\kha\513.jpg,kha,Testing
Testing\kha\514.jpg,kha,Testing
Testing\kha\515.jpg,kha,Testing
Testing\kha\516.jpg,kha,Testing
Testing\kha\517.jpg,kha,Testing
Testing\kha\518.jpg,kha,Testing
Testing\kha\519.jpg,kha,Testing
Testing\kha\520.jpg,kha,Testing
Testing\kha\521.jpg,kha,Testing
Testing\kha\522.jpg,kha,Testing
Testing\kha\523.jpg,kha,Testing
Testing\kha\524.jpg,kha,Testing
Testing\kha\525.jpg,kha,Testing
Testing\kha\526.jpg,kha,Testing
Testing\kha\527.jpg,kha,Testing
Testing\kha\528.jpg,kha,Testing
Testing\kha\529.jpg,kha,Testing
Testing\kha\530.jpg,kha,Testing
Testing\kha\531.jpg,kha,Testing
Testing\kha\532.jpg,kha,Testing
Testing\kha\533.jpg,kha,Testing
Testing\kha\534.jpg,kha,Testing
Testing\kha\535.jpg,kha,Testing
Testing\kha\536.jpg,kha,Testing
Testing\kha\537.jpg,kha,Testing
Testing\kha\538.jpg,kha,Testing
Testing\kha\539.jpg,kha,Testing
Testing\kha\540.jpg,kha,Testing
Testing\kha\541.jpg,kha,Testing
Testing\kha\542.jpg,kha,Testing
Testing\kha\543.jpg,kha,Testing
Testing\kha\544.jpg,kha,Testing
Testing\kha\545.jpg,kha,Testing
Testing\kha\546.jpg,kha,Testing
Testing\kha\547.jpg,kha,Testing
Testing\kha\548.jpg,kha,Testing
Testing\kha\549.jpg,kha,Testing
Testing\kha\550.jpg,kha,Testing
Testing\kha\551.jpg,kha,Testing
Testing\kha\552.jpg,kha,Testing
Testing\kha\553.jpg,kha,Testing
Testing\kha\554.jpg,kha,Testing
Testing\kha\555.jpg,kha,Testing
Testing\kha\556.jpg,kha,Testing
Testing\kha\557.jpg,kha,Testing
Testing\kha\558.jpg,kha,Testing
Testing\kha\559.jpg,kha,Testing
Testing\kha\560.jpg,kha,Testing
Testing\kha\561.jpg,kha,Testing
Testing\kha\562.jpg,kha,Testing
Testing\kha\563.jpg,kha,Testing
Testing\kha\564.jpg,kha,Testing
Testing\kha\565.jpg,kha,Testing
Testing\kha\566.jpg,kha,Testing
Testing\kha\567.jpg,kha,Testing
Testing\kha\568.jpg,kha,Testing
Testing\kha\569.jpg,kha,Testing
Testing\kha\570.jpg,kha,Testing
Testing\kha\571.jpg,kha,Testing
Testing\kha\572.jpg,kha,Testing
Testing\kha\573.jpg,kha,Testing
Testing\kha\574.jpg,kha,Testing
Testing\kha\575.jpg,kha,Testing
Testing\kha\576.jpg,kha,Testing
Testing\kha\577.jpg,kha,Testing
Testing\kha\578.jpg,kha,Testing
Testing\kha\579.jpg,kha,Testing
Testing\kha\580.jpg,kha,Testing
Testing\kha\581.jpg,kha,Testing
Testing\kha\582.jpg,kha,Testing
Testing\kha\583.jpg,kha,Testing
Testing\kha\584.jpg,kha,Testing
Testing\kha\585.jpg,kha,Testing
Testing\kha\586.jpg,kha,Testing
Testing\kha\587.jpg,kha,Testing
Testing\kha\588.jpg,kha,Testing
Testing\kha\589.jpg,kha,Testing
Testing\kha\590.jpg,kha,Testing
Testing\kha\591.jpg,kha,Testing
Testing\kha\592.jpg,kha,Testing
Testing\kha\593.jpg,kha,Testing
Testing\kha\594.jpg,kha,Testing
Testing\kha\595.jpg,kha,Testing
Testing\kha\596.jpg,kha,Testing
Testing\kha\597.jpg,kha,Testing
Testing\kha\598.jpg,kha,Testing
Testing\kha\599.jpg,kha,Testing
Testing\kha\600.jpg,kha,Testing
Testing\la\421.jpg,la,Testing
Testing\la\422.jpg,la,Testing
Testing\la\423.jpg,la,Testing
Testing\la\424.jpg,la,Testing
Testing\la\425.jpg,la,Testing
Testing\la\426.jpg,la,Testing
Testing\la\427.jpg,la,Testing
Testing\la\428.jpg,la,Testing
Testing\la\429.jpg,la,Testing
Testing\la\430.jpg,la,Testing
Testing\la\431.jpg,la,Testing
Testing\la\432.jpg,la,Testing
Testing\la\433.jpg,la,Testing
Testing\la\434.jpg,la,Testing
Testing\la\435.jpg,la,Testing
Testing\la\436.jpg,la,Testing
Testing\la\437.jpg,la,Testing
Testing\la\438.jpg,la,Testing
Testing\la\439.jpg,la,Testing
Testing\la\440.jpg,la,Testing
Testing\la\441.jpg,la,Testing
Testing\la\442.jpg,la,Testing
Testing\la\443.jpg,la,Testing
Testing\la\444.jpg,la,Testing
Testing\la\445.jpg,la,Testing
Testing\la\446.jpg,la,Testing
Testing\la\447.jpg,la,Testing
Testing\la\448.jpg,la,Testing
Testing\la\449.jpg,la,Testing
Testing\la\450.jpg,la,Testing
Testing\la\451.jpg,la,Testing
Testing\la\452.jpg,la,Testing
Testing\la\453.jpg,la,Testing
Testing\la\454.jpg,la,Testing
Testing\la\455.jpg,la,Testing
Testing\la\456.jpg,la,Testing
Testing\la\457.jpg,la,Testing
Testing\la\458.jpg,la,Testing
Testing\la\459.jpg,la,Testing
Testing\la\460.jpg,la,Testing
Testing\la\461.jpg,la,Testing
Testing\la\462.jpg,la,Testing
Testing\la\463.jpg,la,Testing
Testing\la\464.jpg,la,Testing
Testing\la\465.jpg,la,Testing
Testing\la\466.jpg,la,Testing
Testing\la\467.jpg,la,Testing
Testing\la\468.jpg,la,Testing
Testing\la\469.jpg,la,Testing
Testing\la\470.jpg,la,Testing
Testing\la\471.jpg,la,Testing
Testing\la\472.jpg,la,Testing
Testing\la\473.jpg,la,Testing
Testing\la\474.jpg,la,Testing
Testing\la\475.jpg,la,Testing
Testing\la\476.jpg,la,Testing
Testing\la\477.jpg,la,Testing
Testing\la\478.jpg,la,Testing
Testing\la\479.jpg,la,Testing
Testing\la\480.jpg,la,Testing
Testing\la\481.jpg,la,Testing
Testing\la\482.jpg,la,Testing
Testing\la\483.jpg,la,Testing
Testing\la\484.jpg,la,Testing
Testing\la\485.jpg,la,Testing
Testing\la\486.jpg,la,Testing
Testing\la\487.jpg,la,Testing
Testing\la\488.jpg,la,Testing
Testing\la\489.jpg,la,Testing
Testing\la\490.jpg,la,Testing
Testing\la\491.jpg,la,Testing
Testing\la\492.jpg,la,Testing
Testing\la\493.jpg,la,Testing
Testing\la\494.jpg,la,Testing
Testing\la\495.jpg,la,Testing
Testing\la\496.jpg,la,Testing
Testing\la\497.jpg,la,Testing
Testing\la\498.jpg,la,Testing
Testing\la\499.jpg,la,Testing
Testing\la\500.jpg,la,Testing
Testing\la\501.jpg,la,Testing
Testing\la\502.jpg,la,Testing
Testing\la\503.jpg,la,Testing
Testing\la\504.jpg,la,Testing
Testing\la\505.jpg,la,Testing
Testing\la\506.jpg,la,Testing
Testing\la\507.jpg,la,Testing
Testing\la\508.jpg,la,Testing
Testing\la\509.jpg,la,Testing
Testing\la\510.jpg,la,Testing
Testing\la\511.jpg,la,Testing
Testing\la\512.jpg,la,Testing
Testing\la\513.jpg,la,Testing
Testing\la\514.jpg,la,Testing
Testing\la\515.jpg,la,Testing
Testing\la\516.jpg,la,Testing
Testing\la\517.jpg,la,Testing
Testing\la\518.jpg,la,Testing
Testing\la\519.jpg,la,Testing
Testing\la\520.jpg,la,Testing
Testing\la\521.jpg,la,Testing
Testing\la\522.jpg,la,Testing
Testing\la\523.jpg,la,Testing
Testing\la\524.jpg,la,Testing
Testing\la\525.jpg,la,Testing
Testing\la\526.jpg,la,Testing
Testing\la\527.jpg,la,Testing
Testing\la\528.jpg,la,Testing
Testing\la\529.jpg,la,Testing
Testing\la\530.jpg,la,Testing
Testing\la\531.jpg,la,Testing
Testing\la\532.jpg,la,Testing
Testing\la\533.jpg,la,Testing
Testing\la\534.jpg,la,Testing
Testing\la\535.jpg,la,Testing
Testing\la\536.jpg,la,Testing
Testing\la\537.jpg,la,Testing
Testing\la\538.jpg,la,Testing
Testing\la\539.jpg,la,Testing
Testing\la\540.jpg,la,Testing
Testing\la\541.jpg,la,Testing
Testing\la\542.jpg,la,Testing
Testing\la\543.jpg,la,Testing
Testing\la\544.jpg,la,Testing
Testing\la\545.jpg,la,Testing
Testing\la\546.jpg,la,Testing
Testing\la\547.jpg,la,Testing
Testing\la\548.jpg,la,Testing
Testing\la\549.jpg,la,Testing
Testing\la\550.jpg,la,Testing
Testing\la\551.jpg,la,Testing
Testing\la\552.jpg,la,Testing
Testing\la\553.jpg,la,Testing
Testing\la\554.jpg,la,Testing
Testing\la\555.jpg,la,Testing
Testing\la\556.jpg,la,Testing
Testing\la\557.jpg,la,Testing
Testing\la\558.jpg,la,Testing
Testing\la\559.jpg,la,Testing
Testing\la\560.jpg,la,Testing
Testing\la\561.jpg,la,Testing
Testing\la\562.jpg,la,Testing
Testing\la\563.jpg,la,Testing
Testing\la\564.jpg,la,Testing
Testing\la\565.jpg,la,Testing
Testing\la\566.jpg,la,Testing
Testing\la\567.jpg,la,Testing
Testing\la\568.jpg,la,Testing
Testing\la\569.jpg,la,Testing
Testing\la\570.jpg,la,Testing
Testing\la\571.jpg,la,Testing
Testing\la\572.jpg,la,Testing
Testing\la\573.jpg,la,Testing
Testing\la\574.jpg,la,Testing
Testing\la\575.jpg,la,Testing
Testing\la\576.jpg,la,Testing
Testing\la\577.jpg,la,Testing
Testing\la\578.jpg,la,Testing
Testing\la\579.jpg,la,Testing
Testing\la\580.jpg,la,Testing
Testing\la\581.jpg,la,Testing
Testing\la\582.jpg,la,Testing
Testing\la\583.jpg,la,Testing
Testing\la\584.jpg,la,Testing
Testing\la\585.jpg,la,Testing
Testing\la\586.jpg,la,Testing
Testing\la\587.jpg,la,Testing
Testing\la\588.jpg,la,Testing
Testing\la\589.jpg,la,Testing
Testing\la\590.jpg,la,Testing
Testing\la\591.jpg,la,Testing
Testing\la\592.jpg,la,Testing
Testing\la\593.jpg,la,Testing
Testing\la\594.jpg,la,Testing
Testing\la\595.jpg,la,Testing
Testing\la\596.jpg,la,Testing
Testing\la\597.jpg,la,Testing
Testing\la\598.jpg,la,Testing
Testing\la\599.jpg,la,Testing
Testing\la\600.jpg,la,Testing
Testing\ma\421.jpg,ma,Testing
Testing\ma\422.jpg,ma,Testing
Testing\ma\423.jpg,ma,Testing
Testing\ma\424.jpg,ma,Testing
Testing\ma\425.jpg,ma,Testing
Testing\ma\426.jpg,ma,Testing
Testing\ma\427.jpg,ma,Testing
Testing\ma\428.jpg,ma,Testing
Testing\ma\429.jpg,ma,Testing
Testing\ma\430.jpg,ma,Testing
Testing\ma\431.jpg,ma,Testing
Testing\ma\432.jpg,ma,Testing
Testing\ma\433.jpg,ma,Testing
Testing\ma\434.jpg,ma,Testing
Testing\ma\435.jpg,ma,Testing
Testing\ma\436.jpg,ma,Testing
Testing\ma\437.jpg,ma,Testing
Testing\ma\438.jpg,ma,Testing
Testing\ma\439.jpg,ma,Testing
Testing\ma\440.jpg,ma,Testing
Testing\ma\441.jpg,ma,Testing
Testing\ma\442.jpg,ma,Testing
Testing\ma\443.jpg,ma,Testing
Testing\ma\444.jpg,ma,Testing
Testing\ma\445.jpg,ma,Testing
Testing\ma\446.jpg,ma,Testing
Testing\ma\447.jpg,ma,Testing
Testing\ma\448.jpg,ma,Testing
Testing\ma\449.jpg,ma,Testing
Testing\ma\450.jpg,ma,Testing
Testing\ma\451.jpg,ma,Testing
Testing\ma\452.jpg,ma,Testing
Testing\ma\453.jpg,ma,Testing
Testing\ma\454.jpg,ma,Testing
Testing\ma\455.jpg,ma,Testing
Testing\ma\456.jpg,ma,Testing
Testing\ma\457.jpg,ma,Testing
Testing\ma\458.jpg,ma,Testing
Testing\ma\459.jpg,ma,Testing
Testing\ma\460.jpg,ma,Testing
Testing\ma\461.jpg,ma,Testing
Testing\ma\462.jpg,ma,Testing
Testing\ma\463.jpg,ma,Testing
Testing\ma\464.jpg,ma,Testing
Testing\ma\465.jpg,ma,Testing
Testing\ma\466.jpg,ma,Testing
Testing\ma\467.jpg,ma,Testing
Testing\ma\468.jpg,ma,Testing
Testing\ma\469.jpg,ma,Testing
Testing\ma\470.jpg,ma,Testing
Testing\ma\471.jpg,ma,Testing
Testing\ma\472.jpg,ma,Testing
Testing\ma\473.jpg,ma,Testing
Testing\ma\474.jpg,ma,Testing
Testing\ma\475.jpg,ma,Testing
Testing\ma\476.jpg,ma,Testing
Testing\ma\477.jpg,ma,Testing
Testing\ma\478.jpg,ma,Testing
Testing\ma\479.jpg,ma,Testing
Testing\ma\480.jpg,ma,Testing
Testing\ma\481.jpg,ma,Testing
Testing\ma\482.jpg,ma,Testing
Testing\ma\483.jpg,ma,Testing
Testing\ma\484.jpg,ma,Testing
Testing\ma\485.jpg,ma,Testing
Testing\ma\486.jpg,ma,Testing
Testing\ma\487.jpg,ma,Testing
Testing\ma\488.jpg,ma,Testing
Testing\ma\489.jpg,ma,Testing
Testing\ma\490.jpg,ma,Testing
Testing\ma\491.jpg,ma,Testing
Testing\ma\492.jpg,ma,Testing
Testing\ma\493.jpg,ma,Testing
Testing\ma\494.jpg,ma,Testing
Testing\ma\495.jpg,ma,Testing
Testing\ma\496.jpg,ma,Testing
Testing\ma\497.jpg,ma,Testing
Testing\ma\498.jpg,ma,Testing
Testing\ma\499.jpg,ma,Testing
Testing\ma\500.jpg,ma,Testing
Testing\ma\501.jpg,ma,Testing
Testing\ma\502.jpg,ma,Testing
Testing\ma\503.jpg,ma,Testing
Testing\ma\504.jpg,ma,Testing
Testing\ma\505.jpg,ma,Testing
Testing\ma\506.jpg,ma,Testing
Testing\ma\507.jpg,ma,Testing
Testing\ma\508.jpg,ma,Testing
Testing\ma\509.jpg,ma,Testing
Testing\ma\510.jpg,ma,Testing
Testing\ma\511.jpg,ma,Testing
Testing\ma\512.jpg,ma,Testing
Testing\ma\513.jpg,ma,Testing
Testing\ma\514.jpg,ma,Testing
Testing\ma\515.jpg,ma,Testing
Testing\ma\516.jpg,ma,Testing
Testing\ma\517.jpg,ma,Testing
Testing\ma\518.jpg,ma,Testing
Testing\ma\519.jpg,ma,Testing
Testing\ma\520.jpg,ma,Testing
Testing\ma\521.jpg,ma,Testing
Testing\ma\522.jpg,ma,Testing
Testing\ma\523.jpg,ma,Testing
Testing\ma\524.jpg,ma,Testing
Testing\ma\525.jpg,ma,Testing
Testing\ma\526.jpg,ma,Testing
Testing\ma\527.jpg,ma,Testing
Testing\ma\528.jpg,ma,Testing
Testing\ma\529.jpg,ma,Testing
Testing\ma\530.jpg,ma,Testing
Testing\ma\531.jpg,ma,Testing
Testing\ma\532.jpg,ma,Testing
Testing\ma\533.jpg,ma,Testing
Testing\ma\534.jpg,ma,Testing
Testing\ma\535.jpg,ma,Testing
Testing\ma\536.jpg,ma,Testing
Testing\ma\537.jpg,ma,Testing
Testing\ma\538.jpg,ma,Testing
Testing\ma\539.jpg,ma,Testing
Testing\ma\540.jpg,ma,Testing
Testing\ma\541.jpg,ma,Testing
Testing\ma\542.jpg,ma,Testing
Testing\ma\543.jpg,ma,Testing
Testing\ma\544.jpg,ma,Testing
Testing\ma\545.jpg,ma,Testing
Testing\ma\546.jpg,ma,Testing
Testing\ma\547.jpg,ma,Testing
Testing\ma\548.jpg,ma,Testing
Testing\ma\549.jpg,ma,Testing
Testing\ma\550.jpg,ma,Testing
Testing\ma\551.jpg,ma,Testing
Testing\ma\552.jpg,ma,Testing
Testing\ma\553.jpg,ma,Testing
Testing\ma\554.jpg,ma,Testing
Testing\ma\555.jpg,ma,Testing
Testing\ma\556.jpg,ma,Testing
Testing\ma\557.jpg,ma,Testing
Testing\ma\558.jpg,ma,Testing
Testing\ma\559.jpg,ma,Testing
Testing\ma\560.jpg,ma,Testing
Testing\ma\561.jpg,ma,Testing
Testing\ma\562.jpg,ma,Testing
Testing\ma\563.jpg,ma,Testing
Testing\ma\564.jpg,ma,Testing
Testing\ma\565.jpg,ma,Testing
Testing\ma\566.jpg,ma,Testing
Testing\ma\567.jpg,ma,Testing
Testing\ma\568.jpg,ma,Testing
Testing\ma\569.jpg,ma,Testing
Testing\ma\570.jpg,ma,Testing
Testing\ma\571.jpg,ma,Testing
Testing\ma\572.jpg,ma,Testing
Testing\ma\573.jpg,ma,Testing
Testing\ma\574.jpg,ma,Testing
Testing\ma\575.jpg,ma,Testing
Testing\ma\576.jpg,ma,Testing
Testing\ma\577.jpg,ma,Testing
Testing\ma\578.jpg,ma,Testing
Testing\ma\579.jpg,ma,Testing
Testing\ma\580.jpg,ma,Testing
Testing\ma\581.jpg,ma,Testing
Testing\ma\582.jpg,ma,Testing
Testing\ma\583.jpg,ma,Testing
Testing\ma\584.jpg,ma,Testing
Testing\ma\585.jpg,ma,Testing
Testing\ma\586.jpg,ma,Testing
Testing\ma\587.jpg,ma,Testing
Testing\ma\588.jpg,ma,Testing
Testing\ma\589.jpg,ma,Testing
Testing\ma\590.jpg,ma,Testing
Testing\ma\591.jpg,ma,Testing
Testing\ma\592.jpg,ma,Testing
Testing\ma\593.jpg,ma,Testing
Testing\ma\594.jpg,ma,Testing
Testing\ma\595.jpg,ma,Testing
Testing\ma\596.jpg,ma,Testing
Testing\ma\597.jpg,ma,Testing
Testing\ma\598.jpg,ma,Testing
Testing\ma\599.jpg,ma,Testing
Testing\ma\600.jpg,ma,Testing
Testing\na\421.jpg,na,Testing
Testing\na\422.jpg,na,Testing
Testing\na\423.jpg,na,Testing
Testing\na\424.jpg,na,Testing
Testing\na\425.jpg,na,Testing
Testing\na\426.jpg,na,Testing
Testing\na\427.jpg,na,Testing
Testing\na\428.jpg,na,Testing
Testing\na\429.jpg,na,Testing
Testing\na\430.jpg,na,Testing
Testing\na\431.jpg,na,Testing
Testing\na\432.jpg,na,Testing
Testing\na\433.jpg,na,Testing
Testing\na\434.jpg,na,Testing
Testing\na\435.jpg,na,Testing
Testing\na\436.jpg,na,Testing
Testing\na\437.jpg,na,Testing
Testing\na\438.jpg,na,Testing
Testing\na\439.jpg,na,Testing
Testing\na\440.jpg,na,Testing
Testing\na\441.jpg,na,Testing
Testing\na\442.jpg,na,Testing
Testing\na\443.jpg,na,Testing
Testing\na\444.jpg,na,Testing
Testing\na\445.jpg,na,Testing
Testing\na\446.jpg,na,Testing
Testing\na\447.jpg,na,Testing
Testing\na\448.jpg,na,Testing
Testing\na\449.jpg,na,Testing
Testing\na\450.jpg,na,Testing
Testing\na\451.jpg,na,Testing
Testing\na\452.jpg,na,Testing
Testing\na\453.jpg,na,Testing
Testing\na\454.jpg,na,Testing
Testing\na\455.jpg,na,Testing
Testing\na\456.jpg,na,Testing
Testing\na\457.jpg,na,Testing
Testing\na\458.jpg,na,Testing
Testing\na\459.jpg,na,Testing
Testing\na\460.jpg,na,Testing
Testing\na\461.jpg,na,Testing
Testing\na\462.jpg,na,Testing
Testing\na\463.jpg,na,Testing
Testing\na\464.jpg,na,Testing
Testing\na\465.jpg,na,Testing
Testing\na\466.jpg,na,Testing
Testing\na\467.jpg,na,Testing
Testing\na\468.jpg,na,Testing
Testing\na\469.jpg,na,Testing
Testing\na\470.jpg,na,Testing
Testing\na\471.jpg,na,Testing
Testing\na\472.jpg,na,Testing
Testing\na\473.jpg,na,Testing
Testing\na\474.jpg,na,Testing
Testing\na\475.jpg,na,Testing
Testing\na\476.jpg,na,Testing
Testing\na\477.jpg,na,Testing
Testing\na\478.jpg,na,Testing
Testing\na\479.jpg,na,Testing
Testing\na\480.jpg,na,Testing
Testing\na\481.jpg,na,Testing
Testing\na\482.jpg,na,Testing
Testing\na\483.jpg,na,Testing
Testing\na\484.jpg,na,Testing
Testing\na\485.jpg,na,Testing
Testing\na\486.jpg,na,Testing
Testing\na\487.jpg,na,Testing
Testing\na\488.jpg,na,Testing
Testing\na\489.jpg,na,Testing
Testing\na\490.jpg,na,Testing
Testing\na\491.jpg,na,Testing
Testing\na\492.jpg,na,Testing
Testing\na\493.jpg,na,Testing
Testing\na\494.jpg,na,Testing
Testing\na\495.jpg,na,Testing
Testing\na\496.jpg,na,Testing
Testing\na\497.jpg,na,Testing
Testing\na\498.jpg,na,Testing
Testing\na\499.jpg,na,Testing
Testing\na\500.jpg,na,Testing
Testing\na\501.jpg,na,Testing
Testing\na\502.jpg,na,Testing
Testing\na\503.jpg,na,Testing
Testing\na\504.jpg,na,Testing
Testing\na\505.jpg,na,Testing
Testing\na\506.jpg,na,Testing
Testing\na\507.jpg,na,Testing
Testing\na\508.jpg,na,Testing
Testing\na\509.jpg,na,Testing
Testing\na\510.jpg,na,Testing
Testing\na\511.jpg,na,Testing
Testing\na\512.jpg,na,Testing
Testing\na\513.jpg,na,Testing
Testing\na\514.jpg,na,Testing
Testing\na\515.jpg,na,Testing
Testing\na\516.jpg,na,Testing
Testing\na\517.jpg,na,Testing
Testing\na\518.jpg,na,Testing
Testing\na\519.jpg,na,Testing
Testing\na\520.jpg,na,Testing
Testing\na\521.jpg,na,Testing
Testing\na\522.jpg,na,Testing
Testing\na\523.jpg,na,Testing
Testing\na\524.jpg,na,Testing
Testing\na\525.jpg,na,Testing
Testing\na\526.jpg,na,Testing
Testing\na\527.jpg,na,Testing
Testing\na\528.jpg,na,Testing
Testing\na\529.jpg,na,Testing
Testing\na\530.jpg,na,Testing
Testing\na\531.jpg,na,Testing
Testing\na\532.jpg,na,Testing
Testing\na\533.jpg,na,Testing
Testing\na\534.jpg,na,Testing
Testing\na\535.jpg,na,Testing
Testing\na\536.jpg,na,Testing
Testing\na\537.jpg,na,Testing
Testing\na\538.jpg,na,Testing
Testing\na\539.jpg,na,Testing
Testing\na\540.jpg,na,Testing
Testing\na\541.jpg,na,Testing
Testing\na\542.jpg,na,Testing
Testing\na\543.jpg,na,Testing
Testing\na\544.jpg,na,Testing
Testing\na\545.jpg,na,Testing
Testing\na\546.jpg,na,Testing
Testing\na\547.jpg,na,Testing
Testing\na\548.jpg,na,Testing
Testing\na\549.jpg,na,Testing
Testing\na\550.jpg,na,Testing
Testing\na\551.jpg,na,Testing
Testing\na\552.jpg,na,Testing
Testing\na\553.jpg,na,Testing
Testing\na\554.jpg,na,Testing
Testing\na\555.jpg,na,Testing
Testing\na\556.jpg,na,Testing
Testing\na\557.jpg,na,Testing
Testing\na\558.jpg,na,Testing
Testing\na\559.jpg,na,Testing
Testing\na\560.jpg,na,Testing
Testing\na\561.jpg,na,Testing
Testing\na\562.jpg,na,Testing
Testing\na\563.jpg,na,Testing
Testing\na\564.jpg,na,Testing
Testing\na\565.jpg,na,Testing
Testing\na\566.jpg,na,Testing
Testing\na\567.jpg,na,Testing
Testing\na\568.jpg,na,Testing
Testing\na\569.jpg,na,Testing
Testing\na\570.jpg,na,Testing
Testing\na\571.jpg,na,Testing
Testing\na\572.jpg,na,Testing
Testing\na\573.jpg,na,Testing
Testing\na\574.jpg,na,Testing
Testing\na\575.jpg,na,Testing
Testing\na\576.jpg,na,Testing
Testing\na\577.jpg,na,Testing
Testing\na\578.jpg,na,Testing
Testing\na\579.jpg,na,Testing
Testing\na\580.jpg,na,Testing
Testing\na\581.jpg,na,Testing
Testing\na\582.jpg,na,Testing
Testing\na\583.jpg,na,Testing
Testing\na\584.jpg,na,Testing
Testing\na\585.jpg,na,Testing
Testing\na\586.jpg,na,Testing
Testing\na\587.jpg,na,Testing
Testing\na\588.jpg,na,Testing
Testing\na\589.jpg,na,Testing
Testing\na\590.jpg,na,Testing
Testing\na\591.jpg,na,Testing
Testing\na\592.jpg,na,Testing
Testing\na\593.jpg,na,Testing
Testing\na\594.jpg,na,Testing
Testing\na\595.jpg,na,Testing
Testing\na\596.jpg,na,Testing
Testing\na\597.jpg,na,Testing
Testing\na\598.jpg,na,Testing
Testing\na\599.jpg,na,Testing
Testing\na\600.jpg,na,Testing
Testing\naa\421.jpg,naa,Testing
Testing\naa\422.jpg,naa,Testing
Testing\naa\423.jpg,naa,Testing
Testing\naa\424.jpg,naa,Testing
Testing\naa\425.jpg,naa,Testing
Testing\naa\426.jpg,naa,Testing
Testing\naa\427.jpg,naa,Testing
Testing\naa\428.jpg,naa,Testing
Testing\naa\429.jpg,naa,Testing
Testing\naa\430.jpg,naa,Testing
Testing\naa\431.jpg,naa,Testing
Testing\naa\432.jpg,naa,Testing
Testing\naa\433.jpg,naa,Testing
Testing\naa\434.jpg,naa,Testing
Testing\naa\435.jpg,naa,Testing
Testing\naa\436.jpg,naa,Testing
Testing\naa\437.jpg,naa,Testing
Testing\naa\438.jpg,naa,Testing
Testing\naa\439.jpg,naa,Testing
Testing\naa\440.jpg,naa,Testing
Testing\naa\441.jpg,naa,Testing
Testing\naa\442.jpg,naa,Testing
Testing\naa\443.jpg,naa,Testing
Testing\naa\444.jpg,naa,Testing
Testing\naa\445.jpg,naa,Testing
Testing\naa\446.jpg,naa,Testing
Testing\naa\447.jpg,naa,Testing
Testing\naa\448.jpg,naa,Testing
Testing\naa\449.jpg,naa,Testing
Testing\naa\450.jpg,naa,Testing
Testing\naa\451.jpg,naa,Testing
Testing\naa\452.jpg,naa,Testing
Testing\naa\453.jpg,naa,Testing
Testing\naa\454.jpg,naa,Testing
Testing\naa\455.jpg,naa,Testing
Testing\naa\456.jpg,naa,Testing
Testing\naa\457.jpg,naa,Testing
Testing\naa\458.jpg,naa,Testing
Testing\naa\459.jpg,naa,Testing
Testing\naa\460.jpg,naa,Testing
Testing\naa\461.jpg,naa,Testing
Testing\naa\462.jpg,naa,Testing
Testing\naa\463.jpg,naa,Testing
Testing\naa\464.jpg,naa,Testing
Testing\naa\465.jpg,naa,Testing
Testing\naa\466.jpg,naa,Testing
Testing\naa\467.jpg,naa,Testing
Testing\naa\468.jpg,naa,Testing
Testing\naa\469.jpg,naa,Testing
Testing\naa\470.jpg,naa,Testing
Testing\naa\471.jpg,naa,Testing
Testing\naa\472.jpg,naa,Testing
Testing\naa\473.jpg,naa,Testing
Testing\naa\474.jpg,naa,Testing
Testing\naa\475.jpg,naa,Testing
Testing\naa\476.jpg,naa,Testing
Testing\naa\477.jpg,naa,Testing
Testing\naa\478.jpg,naa,Testing
Testing\naa\479.jpg,naa,Testing
Testing\naa\480.jpg,naa,Testing
Testing\naa\481.jpg,naa,Testing
Testing\naa\482.jpg,naa,Testing
Testing\naa\483.jpg,naa,Testing
Testing\naa\484.jpg,naa,Testing
Testing\naa\485.jpg,naa,Testing
Testing\naa\486.jpg,naa,Testing
Testing\naa\487.jpg,naa,Testing
Testing\naa\488.jpg,naa,Testing
Testing\naa\489.jpg,naa,Testing
Testing\naa\490.jpg,naa,Testing
Testing\naa\491.jpg,naa,Testing
Testing\naa\492.jpg,naa,Testing
Testing\naa\493.jpg,naa,Testing
Testing\naa\494.jpg,naa,Testing
Testing\naa\495.jpg,naa,Testing
Testing\naa\496.jpg,naa,Testing
Testing\naa\497.jpg,naa,Testing
Testing\naa\498.jpg,naa,Testing
Testing\naa\499.jpg,naa,Testing
Testing\naa\500.jpg,naa,Testing
Testing\naa\501.jpg,naa,Testing
Testing\naa\502.jpg,naa,Testing
Testing\naa\503.jpg,naa,Testing
Testing\naa\504.jpg,naa,Testing
Testing\naa\505.jpg,naa,Testing
Testing\naa\506.jpg,naa,Testing
Testing\naa\507.jpg,naa,Testing
Testing\naa\508.jpg,naa,Testing
Testing\naa\509.jpg,naa,Testing
Testing\naa\510.jpg,naa,Testing
Testing\naa\511.jpg,naa,Testing
Testing\naa\512.jpg,naa,Testing
Testing\naa\513.jpg,naa,Testing
Testing\naa\514.jpg,naa,Testing
Testing\naa\515.jpg,naa,Testing
Testing\naa\516.jpg,naa,Testing
Testing\naa\517.jpg,naa,Testing
Testing\naa\518.jpg,naa,Testing
Testing\naa\519.jpg,naa,Testing
Testing\naa\520.jpg,naa,Testing
Testing\naa\521.jpg,naa,Testing
Testing\naa\522.jpg,naa,Testing
Testing\naa\523.jpg,naa,Testing
Testing\naa\524.jpg,naa,Testing
Testing\naa\525.jpg,naa,Testing
Testing\naa\526.jpg,naa,Testing
Testing\naa\527.jpg,naa,Testing
Testing\naa\528.jpg,naa,Testing
Testing\naa\529.jpg,naa,Testing
Testing\naa\530.jpg,naa,Testing
Testing\naa\531.jpg,naa,Testing
Testing\naa\532.jpg,naa,Testing
Testing\naa\533.jpg,naa,Testing
Testing\naa\534.jpg,naa,Testing
Testing\naa\535.jpg,naa,Testing
Testing\naa\536.jpg,naa,Testing
Testing\naa\537.jpg,naa,Testing
Testing\naa\538.jpg,naa,Testing
Testing\naa\539.jpg,naa,Testing
Testing\naa\540.jpg,naa,Testing
Testing\naa\541.jpg,naa,Testing
Testing\naa\542.jpg,naa,Testing
Testing\naa\543.jpg,naa,Testing
Testing\naa\544.jpg,naa,Testing
Testing\naa\545.jpg,naa,Testing
Testing\naa\546.jpg,naa,Testing
Testing\naa\547.jpg,naa,Testing
Testing\naa\548.jpg,naa,Testing
Testing\naa\549.jpg,naa,Testing
Testing\naa\550.jpg,naa,Testing
Testing\naa\551.jpg,naa,Testing
Testing\naa\552.jpg,naa,Testing
Testing\naa\553.jpg,naa,Testing
Testing\naa\554.jpg,naa,Testing
Testing\naa\555.jpg,naa,Testing
Testing\naa\556.jpg,naa,Testing
Testing\naa\557.jpg,naa,Testing
Testing\naa\558.jpg,naa,Testing
Testing\naa\559.jpg,naa,Testing
Testing\naa\560.jpg,naa,Testing
Testing\naa\561.jpg,naa,Testing
Testing\naa\562.jpg,naa,Testing
Testing\naa\563.jpg,naa,Testing
Testing\naa\564.jpg,naa,Testing
Testing\naa\565.jpg,naa,Testing
Testing\naa\566.jpg,naa,Testing
Testing\naa\567.jpg,naa,Testing
Testing\naa\568.jpg,naa,Testing
Testing\naa\569.jpg,naa,Testing
Testing\naa\570.jpg,naa,Testing
Testing\naa\571.jpg,naa,Testing
Testing\naa\572.jpg,naa,Testing
Testing\naa\573.jpg,naa,Testing
Testing\naa\574.jpg,naa,Testing
Testing\naa\575.jpg,naa,Testing
Testing\naa\576.jpg,naa,Testing
Testing\naa\577.jpg,naa,Testing
Testing\naa\578.jpg,naa,Testing
Testing\naa\579.jpg,naa,Testing
Testing\naa\580.jpg,naa,Testing
Testing\naa\581.jpg,naa,Testing
Testing\naa\582.jpg,naa,Testing
Testing\naa\583.jpg,naa,Testing
Testing\naa\584.jpg,naa,Testing
Testing\naa\585.jpg,naa,Testing
Testing\naa\586.jpg,naa,Testing
Testing\naa\587.jpg,naa,Testing
Testing\naa\588.jpg,naa,Testing
Testing\naa\589.jpg,naa,Testing
Testing\naa\590.jpg,naa,Testing
Testing\naa\591.jpg,naa,Testing
Testing\naa\592.jpg,naa,Testing
Testing\naa\593.jpg,naa,Testing
Testing\naa\594.jpg,naa,Testing
Testing\naa\595.jpg,naa,Testing
Testing\naa\596.jpg,naa,Testing
Testing\naa\597.jpg,naa,Testing
Testing\naa\598.jpg,naa,Testing
Testing\naa\599.jpg,naa,Testing
Testing\naa\600.jpg,naa,Testing
Testing\nya\421.jpg,nya,Testing
Testing\nya\422.jpg,nya,Testing
Testing\nya\423.jpg,nya,Testing
Testing\nya\424.jpg,nya,Testing
Testing\nya\425.jpg,nya,Testing
Testing\nya\426.jpg,nya,Testing
Testing\nya\427.jpg,nya,Testing
Testing\nya\428.jpg,nya,Testing
Testing\nya\429.jpg,nya,Testing
Testing\nya\430.jpg,nya,Testing
Testing\nya\431.jpg,nya,Testing
Testing\nya\432.jpg,nya,Testing
Testing\nya\433.jpg,nya,Testing
Testing\nya\434.jpg,nya,Testing
Testing\nya\435.jpg,nya,Testing
Testing\nya\436.jpg,nya,Testing
Testing\nya\437.jpg,nya,Testing
Testing\nya\438.jpg,nya,Testing
Testing\nya\439.jpg,nya,Testing
Testing\nya\440.jpg,nya,Testing
Testing\nya\441.jpg,nya,Testing
Testing\nya\442.jpg,nya,Testing
Testing\nya\443.jpg,nya,Testing
Testing\nya\444.jpg,nya,Testing
Testing\nya\445.jpg,nya,Testing
Testing\nya\446.jpg,nya,Testing
Testing\nya\447.jpg,nya,Testing
Testing\nya\448.jpg,nya,Testing
Testing\nya\449.jpg,nya,Testing
Testing\nya\450.jpg,nya,Testing
Testing\nya\451.jpg,nya,Testing
Testing\nya\452.jpg,nya,Testing
Testing\nya\453.jpg,nya,Testing
Testing\nya\454.jpg,nya,Testing
Testing\nya\455.jpg,nya,Testing
Testing\nya\456.jpg,nya,Testing
Testing\nya\457.jpg,nya,Testing
Testing\nya\458.jpg,nya,Testing
Testing\nya\459.jpg,nya,Testing
Testing\nya\460.jpg,nya,Testing
Testing\nya\461.jpg,nya,Testing
Testing\nya\462.jpg,nya,Testing
Testing\nya\463.jpg,nya,Testing
Testing\nya\464.jpg,nya,Testing
Testing\nya\465.jpg,nya,Testing
Testing\nya\466.jpg,nya,Testing
Testing\nya\467.jpg,nya,Testing
Testing\nya\468.jpg,nya,Testing
Testing\nya\469.jpg,nya,Testing
Testing\nya\470.jpg,nya,Testing
Testing\nya\471.jpg,nya,Testing
Testing\nya\472.jpg,nya,Testing
Testing\nya\473.jpg,nya,Testing
Testing\nya\474.jpg,nya,Testing
Testing\nya\475.jpg,nya,Testing
Testing\nya\476.jpg,nya,Testing
Testing\nya\477.jpg,nya,Testing
Testing\nya\478.jpg,nya,Testing
Testing\nya\479.jpg,nya,Testing
Testing\nya\480.jpg,nya,Testing
Testing\nya\481.jpg,nya,Testing
Testing\nya\482.jpg,nya,Testing
Testing\nya\483.jpg,nya,Testing
Testing\nya\484.jpg,nya,Testing
Testing\nya\485.jpg,nya,Testing
Testing\nya\486.jpg,nya,Testing
Testing\nya\487.jpg,nya,Testing
Testing\nya\488.jpg,nya,Testing
Testing\nya\489.jpg,nya,Testing
Testing\nya\490.jpg,nya,Testing
Testing\nya\491.jpg,nya,Testing
Testing\nya\492.jpg,nya,Testing
Testing\nya\493.jpg,nya,Testing
Testing\nya\494.jpg,nya,Testing
Testing\nya\495.jpg,nya,Testing
Testing\nya\496.jpg,nya,Testing
Testing\nya\497.jpg,nya,Testing
Testing\nya\498.jpg,nya,Testing
Testing\nya\499.jpg,nya,Testing
Testing\nya\500.jpg,nya,Testing
Testing\nya\501.jpg,nya,Testing
Testing\nya\502.jpg,nya,Testing
Testing\nya\503.jpg,nya,Testing
Testing\nya\504.jpg,nya,Testing
Testing\nya\505.jpg,nya,Testing
Testing\nya\506.jpg,nya,Testing
Testing\nya\507.jpg,nya,Testing
Testing\nya\508.jpg,nya,Testing
Testing\nya\509.jpg,nya,Testing
Testing\nya\510.jpg,nya,Testing
Testing\nya\511.jpg,nya,Testing
Testing\nya\512.jpg,nya,Testing
Testing\nya\513.jpg,nya,Testing
Testing\nya\514.jpg,nya,Testing
Testing\nya\515.jpg,nya,Testing
Testing\nya\516.jpg,nya,Testing
Testing\nya\517.jpg,nya,Testing
Testing\nya\518.jpg,nya,Testing
Testing\nya\519.jpg,nya,Testing
Testing\nya\520.jpg,nya,Testing
Testing\nya\521.jpg,nya,Testing
Testing\nya\522.jpg,nya,Testing
Testing\nya\523.jpg,nya,Testing
Testing\nya\524.jpg,nya,Testing
Testing\nya\525.jpg,nya,Testing
Testing\nya\526.jpg,nya,Testing
Testing\nya\527.jpg,nya,Testing
Testing\nya\528.jpg,nya,Testing
Testing\nya\529.jpg,nya,Testing
Testing\nya\530.jpg,nya,Testing
Testing\nya\531.jpg,nya,Testing
Testing\nya\532.jpg,nya,Testing
Testing\nya\533.jpg,nya,Testing
Testing\nya\534.jpg,nya,Testing
Testing\nya\535.jpg,nya,Testing
Testing\nya\536.jpg,nya,Testing
Testing\nya\537.jpg,nya,Testing
Testing\nya\538.jpg,nya,Testing
Testing\nya\539.jpg,nya,Testing
Testing\nya\540.jpg,nya,Testing
Testing\nya\541.jpg,nya,Testing
Testing\nya\542.jpg,nya,Testing
Testing\nya\543.jpg,nya,Testing
Testing\nya\544.jpg,nya,Testing
Testing\nya\545.jpg,nya,Testing
Testing\nya\546.jpg,nya,Testing
Testing\nya\547.jpg,nya,Testing
Testing\nya\548.jpg,nya,Testing
Testing\nya\549.jpg,nya,Testing
Testing\nya\550.jpg,nya,Testing
Testing\nya\551.jpg,nya,Testing
Testing\nya\552.jpg,nya,Testing
Testing\nya\553.jpg,nya,Testing
Testing\nya\554.jpg,nya,Testing
Testing\nya\555.jpg,nya,Testing
Testing\nya\556.jpg,nya,Testing
Testing\nya\557.jpg,nya,Testing
Testing\nya\558.jpg,nya,Testing
Testing\nya\559.jpg,nya,Testing
Testing\nya\560.jpg,nya,Testing
Testing\nya\561.jpg,nya,Testing
Testing\nya\562.jpg,nya,Testing
Testing\nya\563.jpg,nya,Testing
Testing\nya\564.jpg,nya,Testing
Testing\nya\565.jpg,nya,Testing
Testing\nya\566.jpg,nya,Testing
Testing\nya\567.jpg,nya,Testing
Testing\nya\568.jpg,nya,Testing
Testing\nya\569.jpg,nya,Testing
Testing\nya\570.jpg,nya,Testing
Testing\nya\571.jpg,nya,Testing
Testing\nya\572.jpg,nya,Testing
Testing\nya\573.jpg,nya,Testing
Testing\nya\574.jpg,nya,Testing
Testing\nya\575.jpg,nya,Testing
Testing\nya\576.jpg,nya,Testing
Testing\nya\577.jpg,nya,Testing
Testing\nya\578.jpg,nya,Testing
Testing\nya\579.jpg,nya,Testing
Testing\nya\580.jpg,nya,Testing
Testing\nya\581.jpg,nya,Testing
Testing\nya\582.jpg,nya,Testing
Testing\nya\583.jpg,nya,Testing
Testing\nya\584.jpg,nya,Testing
Testing\nya\585.jpg,nya,Testing
Testing\nya\586.jpg,nya,Testing
Testing\nya\587.jpg,nya,Testing
Testing\nya\588.jpg,nya,Testing
Testing\nya\589.jpg,nya,Testing
Testing\nya\590.jpg,nya,Testing
Testing\nya\591.jpg,nya,Testing
Testing\nya\592.jpg,nya,Testing
Testing\nya\593.jpg,nya,Testing
Testing\nya\594.jpg,nya,Testing
Testing\nya\595.jpg,nya,Testing
Testing\nya\596.jpg,nya,Testing
Testing\nya\597.jpg,nya,Testing
Testing\nya\598.jpg,nya,Testing
Testing\nya\599.jpg,nya,Testing
Testing\nya\600.jpg,nya,Testing
Testing\o\421.jpg,o,Testing
Testing\o\422.jpg,o,Testing
Testing\o\423.jpg,o,Testing
Testing\o\424.jpg,o,Testing
Testing\o\425.jpg,o,Testing
Testing\o\426.jpg,o,Testing
Testing\o\427.jpg,o,Testing
Testing\o\428.jpg,o,Testing
Testing\o\429.jpg,o,Testing
Testing\o\430.jpg,o,Testing
Testing\o\431.jpg,o,Testing
Testing\o\432.jpg,o,Testing
Testing\o\433.jpg,o,Testing
Testing\o\434.jpg,o,Testing
Testing\o\435.jpg,o,Testing
Testing\o\436.jpg,o,Testing
Testing\o\437.jpg,o,Testing
Testing\o\438.jpg,o,Testing
Testing\o\439.jpg,o,Testing
Testing\o\440.jpg,o,Testing
Testing\o\441.jpg,o,Testing
Testing\o\442.jpg,o,Testing
Testing\o\443.jpg,o,Testing
Testing\o\444.jpg,o,Testing
Testing\o\445.jpg,o,Testing
Testing\o\446.jpg,o,Testing
Testing\o\447.jpg,o,Testing
Testing\o\448.jpg,o,Testing
Testing\o\449.jpg,o,Testing
Testing\o\450.jpg,o,Testing
Testing\o\451.jpg,o,Testing
Testing\o\452.jpg,o,Testing
Testing\o\453.jpg,o,Testing
Testing\o\454.jpg,o,Testing
Testing\o\455.jpg,o,Testing
Testing\o\456.jpg,o,Testing
Testing\o\457.jpg,o,Testing
Testing\o\458.jpg,o,Testing
Testing\o\459.jpg,o,Testing
Testing\o\460.jpg,o,Testing
Testing\o\461.jpg,o,Testing
Testing\o\462.jpg,o,Testing
Testing\o\463.jpg,o,Testing
Testing\o\464.jpg,o,Testing
Testing\o\465.jpg,o,Testing
Testing\o\466.jpg,o,Testing
Testing\o\467.jpg,o,Testing
Testing\o\468.jpg,o,Testing
Testing\o\469.jpg,o,Testing
Testing\o\470.jpg,o,Testing
Testing\o\471.jpg,o,Testing
Testing\o\472.jpg,o,Testing
Testing\o\473.jpg,o,Testing
Testing\o\474.jpg,o,Testing
Testing\o\475.jpg,o,Testing
Testing\o\476.jpg,o,Testing
Testing\o\477.jpg,o,Testing
Testing\o\478.jpg,o,Testing
Testing\o\479.jpg,o,Testing
Testing\o\480.jpg,o,Testing
Testing\o\481.jpg,o,Testing
Testing\o\482.jpg,o,Testing
Testing\o\483.jpg,o,Testing
Testing\o\484.jpg,o,Testing
Testing\o\485.jpg,o,Testing
Testing\o\486.jpg,o,Testing
Testing\o\487.jpg,o,Testing
Testing\o\488.jpg,o,Testing
Testing\o\489.jpg,o,Testing
Testing\o\490.jpg,o,Testing
Testing\o\491.jpg,o,Testing
Testing\o\492.jpg,o,Testing
Testing\o\493.jpg,o,Testing
Testing\o\494.jpg,o,Testing
Testing\o\495.jpg,o,Testing
Testing\o\496.jpg,o,Testing
Testing\o\497.jpg,o,Testing
Testing\o\498.jpg,o,Testing
Testing\o\499.jpg,o,Testing
Testing\o\500.jpg,o,Testing
Testing\o\501.jpg,o,Testing
Testing\o\502.jpg,o,Testing
Testing\o\503.jpg,o,Testing
Testing\o\504.jpg,o,Testing
Testing\o\505.jpg,o,Testing
Testing\o\506.jpg,o,Testing
Testing\o\507.jpg,o,Testing
Testing\o\508.jpg,o,Testing
Testing\o\509.jpg,o,Testing
Testing\o\510.jpg,o,Testing
Testing\o\511.jpg,o,Testing
Testing\o\512.jpg,o,Testing
Testing\o\513.jpg,o,Testing
Testing\o\514.jpg,o,Testing
Testing\o\515.jpg,o,Testing
Testing\o\516.jpg,o,Testing
Testing\o\517.jpg,o,Testing
Testing\o\518.jpg,o,Testing
Testing\o\519.jpg,o,Testing
Testing\o\520.jpg,o,Testing
Testing\o\521.jpg,o,Testing
Testing\o\522.jpg,o,Testing
Testing\o\523.jpg,o,Testing
Testing\o\524.jpg,o,Testing
Testing\o\525.jpg,o,Testing
Testing\o\526.jpg,o,Testing
Testing\o\527.jpg,o,Testing
Testing\o\528.jpg,o,Testing
Testing\o\529.jpg,o,Testing
Testing\o\530.jpg,o,Testing
Testing\o\531.jpg,o,Testing
Testing\o\532.jpg,o,Testing
Testing\o\533.jpg,o,Testing
Testing\o\534.jpg,o,Testing
Testing\o\535.jpg,o,Testing
Testing\o\536.jpg,o,Testing
Testing\o\537.jpg,o,Testing
Testing\o\538.jpg,o,Testing
Testing\o\539.jpg,o,Testing
Testing\o\540.jpg,o,Testing
Testing\o\541.jpg,o,Testing
Testing\o\542.jpg,o,Testing
Testing\o\543.jpg,o,Testing
Testing\o\544.jpg,o,Testing
Testing\o\545.jpg,o,Testing
Testing\o\546.jpg,o,Testing
Testing\o\547.jpg,o,Testing
Testing\o\548.jpg,o,Testing
Testing\o\549.jpg,o,Testing
Testing\o\550.jpg,o,Testing
Testing\o\551.jpg,o,Testing
Testing\o\552.jpg,o,Testing
Testing\o\553.jpg,o,Testing
Testing\o\554.jpg,o,Testing
Testing\o\555.jpg,o,Testing
Testing\o\556.jpg,o,Testing
Testing\o\557.jpg,o,Testing
Testing\o\558.jpg,o,Testing
Testing\o\559.jpg,o,Testing
Testing\o\560.jpg,o,Testing
Testing\o\561.jpg,o,Testing
Testing\o\562.jpg,o,Testing
Testing\o\563.jpg,o,Testing
Testing\o\564.jpg,o,Testing
Testing\o\565.jpg,o,Testing
Testing\o\566.jpg,o,Testing
Testing\o\567.jpg,o,Testing
Testing\o\568.jpg,o,Testing
Testing\o\569.jpg,o,Testing
Testing\o\570.jpg,o,Testing
Testing\o\571.jpg,o,Testing
Testing\o\572.jpg,o,Testing
Testing\o\573.jpg,o,Testing
Testing\o\574.jpg,o,Testing
Testing\o\575.jpg,o,Testing
Testing\o\576.jpg,o,Testing
Testing\o\577.jpg,o,Testing
Testing\o\578.jpg,o,Testing
Testing\o\579.jpg,o,Testing
Testing\o\580.jpg,o,Testing
Testing\o\581.jpg,o,Testing
Testing\o\582.jpg,o,Testing
Testing\o\583.jpg,o,Testing
Testing\o\584.jpg,o,Testing
Testing\o\585.jpg,o,Testing
Testing\o\586.jpg,o,Testing
Testing\o\587.jpg,o,Testing
Testing\o\588.jpg,o,Testing
Testing\o\589.jpg,o,Testing
Testing\o\590.jpg,o,Testing
Testing\o\591.jpg,o,Testing
Testing\o\592.jpg,o,Testing
Testing\o\593.jpg,o,Testing
Testing\o\594.jpg,o,Testing
Testing\o\595.jpg,o,Testing
Testing\o\596.jpg,o,Testing
Testing\o\597.jpg,o,Testing
Testing\o\598.jpg,o,Testing
Testing\o\599.jpg,o,Testing
Testing\o\600.jpg,o,Testing
Testing\pa\421.jpg,pa,Testing
Testing\pa\422.jpg,pa,Testing
Testing\pa\423.jpg,pa,Testing
Testing\pa\424.jpg,pa,Testing
Testing\pa\425.jpg,pa,Testing
Testing\pa\426.jpg,pa,Testing
Testing\pa\427.jpg,pa,Testing
Testing\pa\428.jpg,pa,Testing
Testing\pa\429.jpg,pa,Testing
Testing\pa\430.jpg,pa,Testing
Testing\pa\431.jpg,pa,Testing
Testing\pa\432.jpg,pa,Testing
Testing\pa\433.jpg,pa,Testing
Testing\pa\434.jpg,pa,Testing
Testing\pa\435.jpg,pa,Testing
Testing\pa\436.jpg,pa,Testing
Testing\pa\437.jpg,pa,Testing
Testing\pa\438.jpg,pa,Testing
Testing\pa\439.jpg,pa,Testing
Testing\pa\440.jpg,pa,Testing
Testing\pa\441.jpg,pa,Testing
Testing\pa\442.jpg,pa,Testing
Testing\pa\443.jpg,pa,Testing
Testing\pa\444.jpg,pa,Testing
Testing\pa\445.jpg,pa,Testing
Testing\pa\446.jpg,pa,Testing
Testing\pa\447.jpg,pa,Testing
Testing\pa\448.jpg,pa,Testing
Testing\pa\449.jpg,pa,Testing
Testing\pa\450.jpg,pa,Testing
Testing\pa\451.jpg,pa,Testing
Testing\pa\452.jpg,pa,Testing
Testing\pa\453.jpg,pa,Testing
Testing\pa\454.jpg,pa,Testing
Testing\pa\455.jpg,pa,Testing
Testing\pa\456.jpg,pa,Testing
Testing\pa\457.jpg,pa,Testing
Testing\pa\458.jpg,pa,Testing
Testing\pa\459.jpg,pa,Testing
Testing\pa\460.jpg,pa,Testing
Testing\pa\461.jpg,pa,Testing
Testing\pa\462.jpg,pa,Testing
Testing\pa\463.jpg,pa,Testing
Testing\pa\464.jpg,pa,Testing
Testing\pa\465.jpg,pa,Testing
Testing\pa\466.jpg,pa,Testing
Testing\pa\467.jpg,pa,Testing
Testing\pa\468.jpg,pa,Testing
Testing\pa\469.jpg,pa,Testing
Testing\pa\470.jpg,pa,Testing
Testing\pa\471.jpg,pa,Testing
Testing\pa\472.jpg,pa,Testing
Testing\pa\473.jpg,pa,Testing
Testing\pa\474.jpg,pa,Testing
Testing\pa\475.jpg,pa,Testing
Testing\pa\476.jpg,pa,Testing
Testing\pa\477.jpg,pa,Testing
Testing\pa\478.jpg,pa,Testing
Testing\pa\479.jpg,pa,Testing
Testing\pa\480.jpg,pa,Testing
Testing\pa\481.jpg,pa,Testing
Testing\pa\482.jpg,pa,Testing
Testing\pa\483.jpg,pa,Testing
Testing\pa\484.jpg,pa,Testing
Testing\pa\485.jpg,pa,Testing
Testing\pa\486.jpg,pa,Testing
Testing\pa\487.jpg,pa,Testing
Testing\pa\488.jpg,pa,Testing
Testing\pa\489.jpg,pa,Testing
Testing\pa\490.jpg,pa,Testing
Testing\pa\491.jpg,pa,Testing
Testing\pa\492.jpg,pa,Testing
Testing\pa\493.jpg,pa,Testing
Testing\pa\494.jpg,pa,Testing
Testing\pa\495.jpg,pa,Testing
Testing\pa\496.jpg,pa,Testing
Testing\pa\497.jpg,pa,Testing
Testing\pa\498.jpg,pa,Testing
Testing\pa\499.jpg,pa,Testing
Testing\pa\500.jpg,pa,Testing
Testing\pa\501.jpg,pa,Testing
Testing\pa\502.jpg,pa,Testing
Testing\pa\503.jpg,pa,Testing
Testing\pa\504.jpg,pa,Testing
Testing\pa\505.jpg,pa,Testing
Testing\pa\506.jpg,pa,Testing
Testing\pa\507.jpg,pa,Testing
Testing\pa\508.jpg,pa,Testing
Testing\pa\509.jpg,pa,Testing
Testing\pa\510.jpg,pa,Testing
Testing\pa\511.jpg,pa,Testing
Testing\pa\512.jpg,pa,Testing
Testing\pa\513.jpg,pa,Testing
Testing\pa\514.jpg,pa,Testing
Testing\pa\515.jpg,pa,Testing
Testing\pa\516.jpg,pa,Testing
Testing\pa\517.jpg,pa,Testing
Testing\pa\518.jpg,pa,Testing
Testing\pa\519.jpg,pa,Testing
Testing\pa\520.jpg,pa,Testing
Testing\pa\521.jpg,pa,Testing
Testing\pa\522.jpg,pa,Testing
Testing\pa\523.jpg,pa,Testing
Testing\pa\524.jpg,pa,Testing
Testing\pa\525.jpg,pa,Testing
Testing\pa\526.jpg,pa,Testing
Testing\pa\527.jpg,pa,Testing
Testing\pa\528.jpg,pa,Testing
Testing\pa\529.jpg,pa,Testing
Testing\pa\530.jpg,pa,Testing
Testing\pa\531.jpg,pa,Testing
Testing\pa\532.jpg,pa,Testing
Testing\pa\533.jpg,pa,Testing
Testing\pa\534.jpg,pa,Testing
Testing\pa\535.jpg,pa,Testing
Testing\pa\536.jpg,pa,Testing
Testing\pa\537.jpg,pa,Testing
Testing\pa\538.jpg,pa,Testing
Testing\pa\539.jpg,pa,Testing
Testing\pa\540.jpg,pa,Testing
Testing\pa\541.jpg,pa,Testing
Testing\pa\542.jpg,pa,Testing
Testing\pa\543.jpg,pa,Testing
Testing\pa\544.jpg,pa,Testing
Testing\pa\545.jpg,pa,Testing
Testing\pa\546.jpg,pa,Testing
Testing\pa\547.jpg,pa,Testing
Testing\pa\548.jpg,pa,Testing
Testing\pa\549.jpg,pa,Testing
Testing\pa\550.jpg,pa,Testing
Testing\pa\551.jpg,pa,Testing
Testing\pa\552.jpg,pa,Testing
Testing\pa\553.jpg,pa,Testing
Testing\pa\554.jpg,pa,Testing
Testing\pa\555.jpg,pa,Testing
Testing\pa\556.jpg,pa,Testing
Testing\pa\557.jpg,pa,Testing
Testing\pa\558.jpg,pa,Testing
Testing\pa\559.jpg,pa,Testing
Testing\pa\560.jpg,pa,Testing
Testing\pa\561.jpg,pa,Testing
Testing\pa\562.jpg,pa,Testing
Testing\pa\563.jpg,pa,Testing
Testing\pa\564.jpg,pa,Testing
Testing\pa\565.jpg,pa,Testing
Testing\pa\566.jpg,pa,Testing
Testing\pa\567.jpg,pa,Testing
Testing\pa\568.jpg,pa,Testing
Testing\pa\569.jpg,pa,Testing
Testing\pa\570.jpg,pa,Testing
Testing\pa\571.jpg,pa,Testing
Testing\pa\572.jpg,pa,Testing
Testing\pa\573.jpg,pa,Testing
Testing\pa\574.jpg,pa,Testing
Testing\pa\575.jpg,pa,Testing
Testing\pa\576.jpg,pa,Testing
Testing\pa\577.jpg,pa,Testing
Testing\pa\578.jpg,pa,Testing
Testing\pa\579.jpg,pa,Testing
Testing\pa\580.jpg,pa,Testing
Testing\pa\581.jpg,pa,Testing
Testing\pa\582.jpg,pa,Testing
Testing\pa\583.jpg,pa,Testing
Testing\pa\584.jpg,pa,Testing
Testing\pa\585.jpg,pa,Testing
Testing\pa\586.jpg,pa,Testing
Testing\pa\587.jpg,pa,Testing
Testing\pa\588.jpg,pa,Testing
Testing\pa\589.jpg,pa,Testing
Testing\pa\590.jpg,pa,Testing
Testing\pa\591.jpg,pa,Testing
Testing\pa\592.jpg,pa,Testing
Testing\pa\593.jpg,pa,Testing
Testing\pa\594.jpg,pa,Testing
Testing\pa\595.jpg,pa,Testing
Testing\pa\596.jpg,pa,Testing
Testing\pa\597.jpg,pa,Testing
Testing\pa\598.jpg,pa,Testing
Testing\pa\599.jpg,pa,Testing
Testing\pa\600.jpg,pa,Testing
Testing\pha\421.jpg,pha,Testing
Testing\pha\422.jpg,pha,Testing
Testing\pha\423.jpg,pha,Testing
Testing\pha\424.jpg,pha,Testing
Testing\pha\425.jpg,pha,Testing
Testing\pha\426.jpg,pha,Testing
Testing\pha\427.jpg,pha,Testing
Testing\pha\428.jpg,pha,Testing
Testing\pha\429.jpg,pha,Testing
Testing\pha\430.jpg,pha,Testing
Testing\pha\431.jpg,pha,Testing
Testing\pha\432.jpg,pha,Testing
Testing\pha\433.jpg,pha,Testing
Testing\pha\434.jpg,pha,Testing
Testing\pha\435.jpg,pha,Testing
Testing\pha\436.jpg,pha,Testing
Testing\pha\437.jpg,pha,Testing
Testing\pha\438.jpg,pha,Testing
Testing\pha\439.jpg,pha,Testing
Testing\pha\440.jpg,pha,Testing
Testing\pha\441.jpg,pha,Testing
Testing\pha\442.jpg,pha,Testing
Testing\pha\443.jpg,pha,Testing
Testing\pha\444.jpg,pha,Testing
Testing\pha\445.jpg,pha,Testing
Testing\pha\446.jpg,pha,Testing
Testing\pha\447.jpg,pha,Testing
Testing\pha\448.jpg,pha,Testing
Testing\pha\449.jpg,pha,Testing
Testing\pha\450.jpg,pha,Testing
Testing\pha\451.jpg,pha,Testing
Testing\pha\452.jpg,pha,Testing
Testing\pha\453.jpg,pha,Testing
Testing\pha\454.jpg,pha,Testing
Testing\pha\455.jpg,pha,Testing
Testing\pha\456.jpg,pha,Testing
Testing\pha\457.jpg,pha,Testing
Testing\pha\458.jpg,pha,Testing
Testing\pha\459.jpg,pha,Testing
Testing\pha\460.jpg,pha,Testing
Testing\pha\461.jpg,pha,Testing
Testing\pha\462.jpg,pha,Testing
Testing\pha\463.jpg,pha,Testing
Testing\pha\464.jpg,pha,Testing
Testing\pha\465.jpg,pha,Testing
Testing\pha\466.jpg,pha,Testing
Testing\pha\467.jpg,pha,Testing
Testing\pha\468.jpg,pha,Testing
Testing\pha\469.jpg,pha,Testing
Testing\pha\470.jpg,pha,Testing
Testing\pha\471.jpg,pha,Testing
Testing\pha\472.jpg,pha,Testing
Testing\pha\473.jpg,pha,Testing
Testing\pha\474.jpg,pha,Testing
Testing\pha\475.jpg,pha,Testing
Testing\pha\476.jpg,pha,Testing
Testing\pha\477.jpg,pha,Testing
Testing\pha\478.jpg,pha,Testing
Testing\pha\479.jpg,pha,Testing
Testing\pha\480.jpg,pha,Testing
Testing\pha\481.jpg,pha,Testing
Testing\pha\482.jpg,pha,Testing
Testing\pha\483.jpg,pha,Testing
Testing\pha\484.jpg,pha,Testing
Testing\pha\485.jpg,pha,Testing
Testing\pha\486.jpg,pha,Testing
Testing\pha\487.jpg,pha,Testing
Testing\pha\488.jpg,pha,Testing
Testing\pha\489.jpg,pha,Testing
Testing\pha\490.jpg,pha,Testing
Testing\pha\491.jpg,pha,Testing
Testing\pha\492.jpg,pha,Testing
Testing\pha\493.jpg,pha,Testing
Testing\pha\494.jpg,pha,Testing
Testing\pha\495.jpg,pha,Testing
Testing\pha\496.jpg,pha,Testing
Testing\pha\497.jpg,pha,Testing
Testing\pha\498.jpg,pha,Testing
Testing\pha\499.jpg,pha,Testing
Testing\pha\500.jpg,pha,Testing
Testing\pha\501.jpg,pha,Testing
Testing\pha\502.jpg,pha,Testing
Testing\pha\503.jpg,pha,Testing
Testing\pha\504.jpg,pha,Testing
Testing\pha\505.jpg,pha,Testing
Testing\pha\506.jpg,pha,Testing
Testing\pha\507.jpg,pha,Testing
Testing\pha\508.jpg,pha,Testing
Testing\pha\509.jpg,pha,Testing
Testing\pha\510.jpg,pha,Testing
Testing\pha\511.jpg,pha,Testing
Testing\pha\512.jpg,pha,Testing
Testing\pha\513.jpg,pha,Testing
Testing\pha\514.jpg,pha,Testing
Testing\pha\515.jpg,pha,Testing
Testing\pha\516.jpg,pha,Testing
Testing\pha\517.jpg,pha,Testing
Testing\pha\518.jpg,pha,Testing
Testing\pha\519.jpg,pha,Testing
Testing\pha\520.jpg,pha,Testing
Testing\pha\521.jpg,pha,Testing
Testing\pha\522.jpg,pha,Testing
Testing\pha\523.jpg,pha,Testing
Testing\pha\524.jpg,pha,Testing
Testing\pha\525.jpg,pha,Testing
Testing\pha\526.jpg,pha,Testing
Testing\pha\527.jpg,pha,Testing
Testing\pha\528.jpg,pha,Testing
Testing\pha\529.jpg,pha,Testing
Testing\pha\530.jpg,pha,Testing
Testing\pha\531.jpg,pha,Testing
Testing\pha\532.jpg,pha,Testing
Testing\pha\533.jpg,pha,Testing
Testing\pha\534.jpg,pha,Testing
Testing\pha\535.jpg,pha,Testing
Testing\pha\536.jpg,pha,Testing
Testing\pha\537.jpg,pha,Testing
Testing\pha\538.jpg,pha,Testing
Testing\pha\539.jpg,pha,Testing
Testing\pha\540.jpg,pha,Testing
Testing\pha\541.jpg,pha,Testing
Testing\pha\542.jpg,pha,Testing
Testing\pha\543.jpg,pha,Testing
Testing\pha\544.jpg,pha,Testing
Testing\pha\545.jpg,pha,Testing
Testing\pha\546.jpg,pha,Testing
Testing\pha\547.jpg,pha,Testing
Testing\pha\548.jpg,pha,Testing
Testing\pha\549.jpg,pha,Testing
Testing\pha\550.jpg,pha,Testing
Testing\pha\551.jpg,pha,Testing
Testing\pha\552.jpg,pha,Testing
Testing\pha\553.jpg,pha,Testing
Testing\pha\554.jpg,pha,Testing
Testing\pha\555.jpg,pha,Testing
Testing\pha\556.jpg,pha,Testing
Testing\pha\557.jpg,pha,Testing
Testing\pha\558.jpg,pha,Testing
Testing\pha\559.jpg,pha,Testing
Testing\pha\560.jpg,pha,Testing
Testing\pha\561.jpg,pha,Testing
Testing\pha\562.jpg,pha,Testing
Testing\pha\563.jpg,pha,Testing
Testing\pha\564.jpg,pha,Testing
Testing\pha\565.jpg,pha,Testing
Testing\pha\566.jpg,pha,Testing
Testing\pha\567.jpg,pha,Testing
Testing\pha\568.jpg,pha,Testing
Testing\pha\569.jpg,pha,Testing
Testing\pha\570.jpg,pha,Testing
Testing\pha\571.jpg,pha,Testing
Testing\pha\572.jpg,pha,Testing
Testing\pha\573.jpg,pha,Testing
Testing\pha\574.jpg,pha,Testing
Testing\pha\575.jpg,pha,Testing
Testing\pha\576.jpg,pha,Testing
Testing\pha\577.jpg,pha,Testing
Testing\pha\578.jpg,pha,Testing
Testing\pha\579.jpg,pha,Testing
Testing\pha\580.jpg,pha,Testing
Testing\pha\581.jpg,pha,Testing
Testing\pha\582.jpg,pha,Testing
Testing\pha\583.jpg,pha,Testing
Testing\pha\584.jpg,pha,Testing
Testing\pha\585.jpg,pha,Testing
Testing\pha\586.jpg,pha,Testing
Testing\pha\587.jpg,pha,Testing
Testing\pha\588.jpg,pha,Testing
Testing\pha\589.jpg,pha,Testing
Testing\pha\590.jpg,pha,Testing
Testing\pha\591.jpg,pha,Testing
Testing\pha\592.jpg,pha,Testing
Testing\pha\593.jpg,pha,Testing
Testing\pha\594.jpg,pha,Testing
Testing\pha\595.jpg,pha,Testing
Testing\pha\596.jpg,pha,Testing
Testing\pha\597.jpg,pha,Testing
Testing\pha\598.jpg,pha,Testing
Testing\pha\599.jpg,pha,Testing
Testing\pha\600.jpg,pha,Testing
Testing\ra\421.jpg,ra,Testing
Testing\ra\422.jpg,ra,Testing
Testing\ra\423.jpg,ra,Testing
Testing\ra\424.jpg,ra,Testing
Testing\ra\425.jpg,ra,Testing
Testing\ra\426.jpg,ra,Testing
Testing\ra\427.jpg,ra,Testing
Testing\ra\428.jpg,ra,Testing
Testing\ra\429.jpg,ra,Testing
Testing\ra\430.jpg,ra,Testing
Testing\ra\431.jpg,ra,Testing
Testing\ra\432.jpg,ra,Testing
Testing\ra\433.jpg,ra,Testing
Testing\ra\434.jpg,ra,Testing
Testing\ra\435.jpg,ra,Testing
Testing\ra\436.jpg,ra,Testing
Testing\ra\437.jpg,ra,Testing
Testing\ra\438.jpg,ra,Testing
Testing\ra\439.jpg,ra,Testing
Testing\ra\440.jpg,ra,Testing
Testing\ra\441.jpg,ra,Testing
Testing\ra\442.jpg,ra,Testing
Testing\ra\443.jpg,ra,Testing
Testing\ra\444.jpg,ra,Testing
Testing\ra\445.jpg,ra,Testing
Testing\ra\446.jpg,ra,Testing
Testing\ra\447.jpg,ra,Testing
Testing\ra\448.jpg,ra,Testing
Testing\ra\449.jpg,ra,Testing
Testing\ra\450.jpg,ra,Testing
Testing\ra\451.jpg,ra,Testing
Testing\ra\452.jpg,ra,Testing
Testing\ra\453.jpg,ra,Testing
Testing\ra\454.jpg,ra,Testing
Testing\ra\455.jpg,ra,Testing
Testing\ra\456.jpg,ra,Testing
Testing\ra\457.jpg,ra,Testing
Testing\ra\458.jpg,ra,Testing
Testing\ra\459.jpg,ra,Testing
Testing\ra\460.jpg,ra,Testing
Testing\ra\461.jpg,ra,Testing
Testing\ra\462.jpg,ra,Testing
Testing\ra\463.jpg,ra,Testing
Testing\ra\464.jpg,ra,Testing
Testing\ra\465.jpg,ra,Testing
Testing\ra\466.jpg,ra,Testing
Testing\ra\467.jpg,ra,Testing
Testing\ra\468.jpg,ra,Testing
Testing\ra\469.jpg,ra,Testing
Testing\ra\470.jpg,ra,Testing
Testing\ra\471.jpg,ra,Testing
Testing\ra\472.jpg,ra,Testing
Testing\ra\473.jpg,ra,Testing
Testing\ra\474.jpg,ra,Testing
Testing\ra\475.jpg,ra,Testing
Testing\ra\476.jpg,ra,Testing
Testing\ra\477.jpg,ra,Testing
Testing\ra\478.jpg,ra,Testing
Testing\ra\479.jpg,ra,Testing
Testing\ra\480.jpg,ra,Testing
Testing\ra\481.jpg,ra,Testing
Testing\ra\482.jpg,ra,Testing
Testing\ra\483.jpg,ra,Testing
Testing\ra\484.jpg,ra,Testing
Testing\ra\485.jpg,ra,Testing
Testing\ra\486.jpg,ra,Testing
Testing\ra\487.jpg,ra,Testing
Testing\ra\488.jpg,ra,Testing
Testing\ra\489.jpg,ra,Testing
Testing\ra\490.jpg,ra,Testing
Testing\ra\491.jpg,ra,Testing
Testing\ra\492.jpg,ra,Testing
Testing\ra\493.jpg,ra,Testing
Testing\ra\494.jpg,ra,Testing
Testing\ra\495.jpg,ra,Testing
Testing\ra\496.jpg,ra,Testing
Testing\ra\497.jpg,ra,Testing
Testing\ra\498.jpg,ra,Testing
Testing\ra\499.jpg,ra,Testing
Testing\ra\500.jpg,ra,Testing
Testing\ra\501.jpg,ra,Testing
Testing\ra\502.jpg,ra,Testing
Testing\ra\503.jpg,ra,Testing
Testing\ra\504.jpg,ra,Testing
Testing\ra\505.jpg,ra,Testing
Testing\ra\506.jpg,ra,Testing
Testing\ra\507.jpg,ra,Testing
Testing\ra\508.jpg,ra,Testing
Testing\ra\509.jpg,ra,Testing
Testing\ra\510.jpg,ra,Testing
Testing\ra\511.jpg,ra,Testing
Testing\ra\512.jpg,ra,Testing
Testing\ra\513.jpg,ra,Testing
Testing\ra\514.jpg,ra,Testing
Testing\ra\515.jpg,ra,Testing
Testing\ra\516.jpg,ra,Testing
Testing\ra\517.jpg,ra,Testing
Testing\ra\518.jpg,ra,Testing
Testing\ra\519.jpg,ra,Testing
Testing\ra\520.jpg,ra,Testing
Testing\ra\521.jpg,ra,Testing
Testing\ra\522.jpg,ra,Testing
Testing\ra\523.jpg,ra,Testing
Testing\ra\524.jpg,ra,Testing
Testing\ra\525.jpg,ra,Testing
Testing\ra\526.jpg,ra,Testing
Testing\ra\527.jpg,ra,Testing
Testing\ra\528.jpg,ra,Testing
Testing\ra\529.jpg,ra,Testing
Testing\ra\530.jpg,ra,Testing
Testing\ra\531.jpg,ra,Testing
Testing\ra\532.jpg,ra,Testing
Testing\ra\533.jpg,ra,Testing
Testing\ra\534.jpg,ra,Testing
Testing\ra\535.jpg,ra,Testing
Testing\ra\536.jpg,ra,Testing
Testing\ra\537.jpg,ra,Testing
Testing\ra\538.jpg,ra,Testing
Testing\ra\539.jpg,ra,Testing
Testing\ra\540.jpg,ra,Testing
Testing\ra\541.jpg,ra,Testing
Testing\ra\542.jpg,ra,Testing
Testing\ra\543.jpg,ra,Testing
Testing\ra\544.jpg,ra,Testing
Testing\ra\545.jpg,ra,Testing
Testing\ra\546.jpg,ra,Testing
Testing\ra\547.jpg,ra,Testing
Testing\ra\548.jpg,ra,Testing
Testing\ra\549.jpg,ra,Testing
Testing\ra\550.jpg,ra,Testing
Testing\ra\551.jpg,ra,Testing
Testing\ra\552.jpg,ra,Testing
Testing\ra\553.jpg,ra,Testing
Testing\ra\554.jpg,ra,Testing
Testing\ra\555.jpg,ra,Testing
Testing\ra\556.jpg,ra,Testing
Testing\ra\557.jpg,ra,Testing
Testing\ra\558.jpg,ra,Testing
Testing\ra\559.jpg,ra,Testing
Testing\ra\560.jpg,ra,Testing
Testing\ra\561.jpg,ra,Testing
Testing\ra\562.jpg,ra,Testing
Testing\ra\563.jpg,ra,Testing
Testing\ra\564.jpg,ra,Testing
Testing\ra\565.jpg,ra,Testing
Testing\ra\566.jpg,ra,Testing
Testing\ra\567.jpg,ra,Testing
Testing\ra\568.jpg,ra,Testing
Testing\ra\569.jpg,ra,Testing
Testing\ra\570.jpg,ra,Testing
Testing\ra\571.jpg,ra,Testing
Testing\ra\572.jpg,ra,Testing
Testing\ra\573.jpg,ra,Testing
Testing\ra\574.jpg,ra,Testing
Testing\ra\575.jpg,ra,Testing
Testing\ra\576.jpg,ra,Testing
Testing\ra\577.jpg,ra,Testing
Testing\ra\578.jpg,ra,Testing
Testing\ra\579.jpg,ra,Testing
Testing\ra\580.jpg,ra,Testing
Testing\ra\581.jpg,ra,Testing
Testing\ra\582.jpg,ra,Testing
Testing\ra\583.jpg,ra,Testing
Testing\ra\584.jpg,ra,Testing
Testing\ra\585.jpg,ra,Testing
Testing\ra\586.jpg,ra,Testing
Testing\ra\587.jpg,ra,Testing
Testing\ra\588.jpg,ra,Testing
Testing\ra\589.jpg,ra,Testing
Testing\ra\590.jpg,ra,Testing
Testing\ra\591.jpg,ra,Testing
Testing\ra\592.jpg,ra,Testing
Testing\ra\593.jpg,ra,Testing
Testing\ra\594.jpg,ra,Testing
Testing\ra\595.jpg,ra,Testing
Testing\ra\596.jpg,ra,Testing
Testing\ra\597.jpg,ra,Testing
Testing\ra\598.jpg,ra,Testing
Testing\ra\599.jpg,ra,Testing
Testing\ra\600.jpg,ra,Testing
Testing\ria\421.jpg,ria,Testing
Testing\ria\422.jpg,ria,Testing
Testing\ria\423.jpg,ria,Testing
Testing\ria\424.jpg,ria,Testing
Testing\ria\425.jpg,ria,Testing
Testing\ria\426.jpg,ria,Testing
Testing\ria\427.jpg,ria,Testing
Testing\ria\428.jpg,ria,Testing
Testing\ria\429.jpg,ria,Testing
Testing\ria\430.jpg,ria,Testing
Testing\ria\431.jpg,ria,Testing
Testing\ria\432.jpg,ria,Testing
Testing\ria\433.jpg,ria,Testing
Testing\ria\434.jpg,ria,Testing
Testing\ria\435.jpg,ria,Testing
Testing\ria\436.jpg,ria,Testing
Testing\ria\437.jpg,ria,Testing
Testing\ria\438.jpg,ria,Testing
Testing\ria\439.jpg,ria,Testing
Testing\ria\440.jpg,ria,Testing
Testing\ria\441.jpg,ria,Testing
Testing\ria\442.jpg,ria,Testing
Testing\ria\443.jpg,ria,Testing
Testing\ria\444.jpg,ria,Testing
Testing\ria\445.jpg,ria,Testing
Testing\ria\446.jpg,ria,Testing
Testing\ria\447.jpg,ria,Testing
Testing\ria\448.jpg,ria,Testing
Testing\ria\449.jpg,ria,Testing
Testing\ria\450.jpg,ria,Testing
Testing\ria\451.jpg,ria,Testing
Testing\ria\452.jpg,ria,Testing
Testing\ria\453.jpg,ria,Testing
Testing\ria\454.jpg,ria,Testing
Testing\ria\455.jpg,ria,Testing
Testing\ria\456.jpg,ria,Testing
Testing\ria\457.jpg,ria,Testing
Testing\ria\458.jpg,ria,Testing
Testing\ria\459.jpg,ria,Testing
Testing\ria\460.jpg,ria,Testing
Testing\ria\461.jpg,ria,Testing
Testing\ria\462.jpg,ria,Testing
Testing\ria\463.jpg,ria,Testing
Testing\ria\464.jpg,ria,Testing
Testing\ria\465.jpg,ria,Testing
Testing\ria\466.jpg,ria,Testing
Testing\ria\467.jpg,ria,Testing
Testing\ria\468.jpg,ria,Testing
Testing\ria\469.jpg,ria,Testing
Testing\ria\470.jpg,ria,Testing
Testing\ria\471.jpg,ria,Testing
Testing\ria\472.jpg,ria,Testing
Testing\ria\473.jpg,ria,Testing
Testing\ria\474.jpg,ria,Testing
Testing\ria\475.jpg,ria,Testing
Testing\ria\476.jpg,ria,Testing
Testing\ria\477.jpg,ria,Testing
Testing\ria\478.jpg,ria,Testing
Testing\ria\479.jpg,ria,Testing
Testing\ria\480.jpg,ria,Testing
Testing\ria\481.jpg,ria,Testing
Testing\ria\482.jpg,ria,Testing
Testing\ria\483.jpg,ria,Testing
Testing\ria\484.jpg,ria,Testing
Testing\ria\485.jpg,ria,Testing
Testing\ria\486.jpg,ria,Testing
Testing\ria\487.jpg,ria,Testing
Testing\ria\488.jpg,ria,Testing
Testing\ria\489.jpg,ria,Testing
Testing\ria\490.jpg,ria,Testing
Testing\ria\491.jpg,ria,Testing
Testing\ria\492.jpg,ria,Testing
Testing\ria\493.jpg,ria,Testing
Testing\ria\494.jpg,ria,Testing
Testing\ria\495.jpg,ria,Testing
Testing\ria\496.jpg,ria,Testing
Testing\ria\497.jpg,ria,Testing
Testing\ria\498.jpg,ria,Testing
Testing\ria\499.jpg,ria,Testing
Testing\ria\500.jpg,ria,Testing
Testing\ria\501.jpg,ria,Testing
Testing\ria\502.jpg,ria,Testing
Testing\ria\503.jpg,ria,Testing
Testing\ria\504.jpg,ria,Testing
Testing\ria\505.jpg,ria,Testing
Testing\ria\506.jpg,ria,Testing
Testing\ria\507.jpg,ria,Testing
Testing\ria\508.jpg,ria,Testing
Testing\ria\509.jpg,ria,Testing
Testing\ria\510.jpg,ria,Testing
Testing\ria\511.jpg,ria,Testing
Testing\ria\512.jpg,ria,Testing
Testing\ria\513.jpg,ria,Testing
Testing\ria\514.jpg,ria,Testing
Testing\ria\515.jpg,ria,Testing
Testing\ria\516.jpg,ria,Testing
Testing\ria\517.jpg,ria,Testing
Testing\ria\518.jpg,ria,Testing
Testing\ria\519.jpg,ria,Testing
Testing\ria\520.jpg,ria,Testing
Testing\ria\521.jpg,ria,Testing
Testing\ria\522.jpg,ria,Testing
Testing\ria\523.jpg,ria,Testing
Testing\ria\524.jpg,ria,Testing
Testing\ria\525.jpg,ria,Testing
Testing\ria\526.jpg,ria,Testing
Testing\ria\527.jpg,ria,Testing
Testing\ria\528.jpg,ria,Testing
Testing\ria\529.jpg,ria,Testing
Testing\ria\530.jpg,ria,Testing
Testing\ria\531.jpg,ria,Testing
Testing\ria\532.jpg,ria,Testing
Testing\ria\533.jpg,ria,Testing
Testing\ria\534.jpg,ria,Testing
Testing\ria\535.jpg,ria,Testing
Testing\ria\536.jpg,ria,Testing
Testing\ria\537.jpg,ria,Testing
Testing\ria\538.jpg,ria,Testing
Testing\ria\539.jpg,ria,Testing
Testing\ria\540.jpg,ria,Testing
Testing\ria\541.jpg,ria,Testing
Testing\ria\542.jpg,ria,Testing
Testing\ria\543.jpg,ria,Testing
Testing\ria\544.jpg,ria,Testing
Testing\ria\545.jpg,ria,Testing
Testing\ria\546.jpg,ria,Testing
Testing\ria\547.jpg,ria,Testing
Testing\ria\548.jpg,ria,Testing
Testing\ria\549.jpg,ria,Testing
Testing\ria\550.jpg,ria,Testing
Testing\ria\551.jpg,ria,Testing
Testing\ria\552.jpg,ria,Testing
Testing\ria\553.jpg,ria,Testing
Testing\ria\554.jpg,ria,Testing
Testing\ria\555.jpg,ria,Testing
Testing\ria\556.jpg,ria,Testing
Testing\ria\557.jpg,ria,Testing
Testing\ria\558.jpg,ria,Testing
Testing\ria\559.jpg,ria,Testing
Testing\ria\560.jpg,ria,Testing
Testing\ria\561.jpg,ria,Testing
Testing\ria\562.jpg,ria,Testing
Testing\ria\563.jpg,ria,Testing
Testing\ria\564.jpg,ria,Testing
Testing\ria\565.jpg,ria,Testing
Testing\ria\566.jpg,ria,Testing
Testing\ria\567.jpg,ria,Testing
Testing\ria\568.jpg,ria,Testing
Testing\ria\569.jpg,ria,Testing
Testing\ria\570.jpg,ria,Testing
Testing\ria\571.jpg,ria,Testing
Testing\ria\572.jpg,ria,Testing
Testing\ria\573.jpg,ria,Testing
Testing\ria\574.jpg,ria,Testing
Testing\ria\575.jpg,ria,Testing
Testing\ria\576.jpg,ria,Testing
Testing\ria\577.jpg,ria,Testing
Testing\ria\578.jpg,ria,Testing
Testing\ria\579.jpg,ria,Testing
Testing\ria\580.jpg,ria,Testing
Testing\ria\581.jpg,ria,Testing
Testing\ria\582.jpg,ria,Testing
Testing\ria\583.jpg,ria,Testing
Testing\ria\584.jpg,ria,Testing
Testing\ria\585.jpg,ria,Testing
Testing\ria\586.jpg,ria,Testing
Testing\ria\587.jpg,ria,Testing
Testing\ria\588.jpg,ria,Testing
Testing\ria\589.jpg,ria,Testing
Testing\ria\590.jpg,ria,Testing
Testing\ria\591.jpg,ria,Testing
Testing\ria\592.jpg,ria,Testing
Testing\ria\593.jpg,ria,Testing
Testing\ria\594.jpg,ria,Testing
Testing\ria\595.jpg,ria,Testing
Testing\ria\596.jpg,ria,Testing
Testing\ria\597.jpg,ria,Testing
Testing\ria\598.jpg,ria,Testing
Testing\ria\599.jpg,ria,Testing
Testing\ria\600.jpg,ria,Testing
Testing\sa\421.jpg,sa,Testing
Testing\sa\422.jpg,sa,Testing
Testing\sa\423.jpg,sa,Testing
Testing\sa\424.jpg,sa,Testing
Testing\sa\425.jpg,sa,Testing
Testing\sa\426.jpg,sa,Testing
Testing\sa\427.jpg,sa,Testing
Testing\sa\428.jpg,sa,Testing
Testing\sa\429.jpg,sa,Testing
Testing\sa\430.jpg,sa,Testing
Testing\sa\431.jpg,sa,Testing
Testing\sa\432.jpg,sa,Testing
Testing\sa\433.jpg,sa,Testing
Testing\sa\434.jpg,sa,Testing
Testing\sa\435.jpg,sa,Testing
Testing\sa\436.jpg,sa,Testing
Testing\sa\437.jpg,sa,Testing
Testing\sa\438.jpg,sa,Testing
Testing\sa\439.jpg,sa,Testing
Testing\sa\440.jpg,sa,Testing
Testing\sa\441.jpg,sa,Testing
Testing\sa\442.jpg,sa,Testing
Testing\sa\443.jpg,sa,Testing
Testing\sa\444.jpg,sa,Testing
Testing\sa\445.jpg,sa,Testing
Testing\sa\446.jpg,sa,Testing
Testing\sa\447.jpg,sa,Testing
Testing\sa\448.jpg,sa,Testing
Testing\sa\449.jpg,sa,Testing
Testing\sa\450.jpg,sa,Testing
Testing\sa\451.jpg,sa,Testing
Testing\sa\452.jpg,sa,Testing
Testing\sa\453.jpg,sa,Testing
Testing\sa\454.jpg,sa,Testing
Testing\sa\455.jpg,sa,Testing
Testing\sa\456.jpg,sa,Testing
Testing\sa\457.jpg,sa,Testing
Testing\sa\458.jpg,sa,Testing
Testing\sa\459.jpg,sa,Testing
Testing\sa\460.jpg,sa,Testing
Testing\sa\461.jpg,sa,Testing
Testing\sa\462.jpg,sa,Testing
Testing\sa\463.jpg,sa,Testing
Testing\sa\464.jpg,sa,Testing
Testing\sa\465.jpg,sa,Testing
Testing\sa\466.jpg,sa,Testing
Testing\sa\467.jpg,sa,Testing
Testing\sa\468.jpg,sa,Testing
Testing\sa\469.jpg,sa,Testing
Testing\sa\470.jpg,sa,Testing
Testing\sa\471.jpg,sa,Testing
Testing\sa\472.jpg,sa,Testing
Testing\sa\473.jpg,sa,Testing
Testing\sa\474.jpg,sa,Testing
Testing\sa\475.jpg,sa,Testing
Testing\sa\476.jpg,sa,Testing
Testing\sa\477.jpg,sa,Testing
Testing\sa\478.jpg,sa,Testing
Testing\sa\479.jpg,sa,Testing
Testing\sa\480.jpg,sa,Testing
Testing\sa\481.jpg,sa,Testing
Testing\sa\482.jpg,sa,Testing
Testing\sa\483.jpg,sa,Testing
Testing\sa\484.jpg,sa,Testing
Testing\sa\485.jpg,sa,Testing
Testing\sa\486.jpg,sa,Testing
Testing\sa\487.jpg,sa,Testing
Testing\sa\488.jpg,sa,Testing
Testing\sa\489.jpg,sa,Testing
Testing\sa\490.jpg,sa,Testing
Testing\sa\491.jpg,sa,Testing
Testing\sa\492.jpg,sa,Testing
Testing\sa\493.jpg,sa,Testing
Testing\sa\494.jpg,sa,Testing
Testing\sa\495.jpg,sa,Testing
Testing\sa\496.jpg,sa,Testing
Testing\sa\497.jpg,sa,Testing
Testing\sa\498.jpg,sa,Testing
Testing\sa\499.jpg,sa,Testing
Testing\sa\500.jpg,sa,Testing
Testing\sa\501.jpg,sa,Testing
Testing\sa\502.jpg,sa,Testing
Testing\sa\503.jpg,sa,Testing
Testing\sa\504.jpg,sa,Testing
Testing\sa\505.jpg,sa,Testing
Testing\sa\506.jpg,sa,Testing
Testing\sa\507.jpg,sa,Testing
Testing\sa\508.jpg,sa,Testing
Testing\sa\509.jpg,sa,Testing
Testing\sa\510.jpg,sa,Testing
Testing\sa\511.jpg,sa,Testing
Testing\sa\512.jpg,sa,Testing
Testing\sa\513.jpg,sa,Testing
Testing\sa\514.jpg,sa,Testing
Testing\sa\515.jpg,sa,Testing
Testing\sa\516.jpg,sa,Testing
Testing\sa\517.jpg,sa,Testing
Testing\sa\518.jpg,sa,Testing
Testing\sa\519.jpg,sa,Testing
Testing\sa\520.jpg,sa,Testing
Testing\sa\521.jpg,sa,Testing
Testing\sa\522.jpg,sa,Testing
Testing\sa\523.jpg,sa,Testing
Testing\sa\524.jpg,sa,Testing
Testing\sa\525.jpg,sa,Testing
Testing\sa\526.jpg,sa,Testing
Testing\sa\527.jpg,sa,Testing
Testing\sa\528.jpg,sa,Testing
Testing\sa\529.jpg,sa,Testing
Testing\sa\530.jpg,sa,Testing
Testing\sa\531.jpg,sa,Testing
Testing\sa\532.jpg,sa,Testing
Testing\sa\533.jpg,sa,Testing
Testing\sa\534.jpg,sa,Testing
Testing\sa\535.jpg,sa,Testing
Testing\sa\536.jpg,sa,Testing
Testing\sa\537.jpg,sa,Testing
Testing\sa\538.jpg,sa,Testing
Testing\sa\539.jpg,sa,Testing
Testing\sa\540.jpg,sa,Testing
Testing\sa\541.jpg,sa,Testing
Testing\sa\542.jpg,sa,Testing
Testing\sa\543.jpg,sa,Testing
Testing\sa\544.jpg,sa,Testing
Testing\sa\545.jpg,sa,Testing
Testing\sa\546.jpg,sa,Testing
Testing\sa\547.jpg,sa,Testing
Testing\sa\548.jpg,sa,Testing
Testing\sa\549.jpg,sa,Testing
Testing\sa\550.jpg,sa,Testing
Testing\sa\551.jpg,sa,Testing
Testing\sa\552.jpg,sa,Testing
Testing\sa\553.jpg,sa,Testing
Testing\sa\554.jpg,sa,Testing
Testing\sa\555.jpg,sa,Testing
Testing\sa\556.jpg,sa,Testing
Testing\sa\557.jpg,sa,Testing
Testing\sa\558.jpg,sa,Testing
Testing\sa\559.jpg,sa,Testing
Testing\sa\560.jpg,sa,Testing
Testing\sa\561.jpg,sa,Testing
Testing\sa\562.jpg,sa,Testing
Testing\sa\563.jpg,sa,Testing
Testing\sa\564.jpg,sa,Testing
Testing\sa\565.jpg,sa,Testing
Testing\sa\566.jpg,sa,Testing
Testing\sa\567.jpg,sa,Testing
Testing\sa\568.jpg,sa,Testing
Testing\sa\569.jpg,sa,Testing
Testing\sa\570.jpg,sa,Testing
Testing\sa\571.jpg,sa,Testing
Testing\sa\572.jpg,sa,Testing
Testing\sa\573.jpg,sa,Testing
Testing\sa\574.jpg,sa,Testing
Testing\sa\575.jpg,sa,Testing
Testing\sa\576.jpg,sa,Testing
Testing\sa\577.jpg,sa,Testing
Testing\sa\578.jpg,sa,Testing
Testing\sa\579.jpg,sa,Testing
Testing\sa\580.jpg,sa,Testing
Testing\sa\581.jpg,sa,Testing
Testing\sa\582.jpg,sa,Testing
Testing\sa\583.jpg,sa,Testing
Testing\sa\584.jpg,sa,Testing
Testing\sa\585.jpg,sa,Testing
Testing\sa\586.jpg,sa,Testing
Testing\sa\587.jpg,sa,Testing
Testing\sa\588.jpg,sa,Testing
Testing\sa\589.jpg,sa,Testing
Testing\sa\590.jpg,sa,Testing
Testing\sa\591.jpg,sa,Testing
Testing\sa\592.jpg,sa,Testing
Testing\sa\593.jpg,sa,Testing
Testing\sa\594.jpg,sa,Testing
Testing\sa\595.jpg,sa,Testing
Testing\sa\596.jpg,sa,Testing
Testing\sa\597.jpg,sa,Testing
Testing\sa\598.jpg,sa,Testing
Testing\sa\599.jpg,sa,Testing
Testing\sa\600.jpg,sa,Testing
Testing\sha\421.jpg,sha,Testing
Testing\sha\422.jpg,sha,Testing
Testing\sha\423.jpg,sha,Testing
Testing\sha\424.jpg,sha,Testing
Testing\sha\425.jpg,sha,Testing
Testing\sha\426.jpg,sha,Testing
Testing\sha\427.jpg,sha,Testing
Testing\sha\428.jpg,sha,Testing
Testing\sha\429.jpg,sha,Testing
Testing\sha\430.jpg,sha,Testing
Testing\sha\431.jpg,sha,Testing
Testing\sha\432.jpg,sha,Testing
Testing\sha\433.jpg,sha,Testing
Testing\sha\434.jpg,sha,Testing
Testing\sha\435.jpg,sha,Testing
Testing\sha\436.jpg,sha,Testing
Testing\sha\437.jpg,sha,Testing
Testing\sha\438.jpg,sha,Testing
Testing\sha\439.jpg,sha,Testing
Testing\sha\440.jpg,sha,Testing
Testing\sha\441.jpg,sha,Testing
Testing\sha\442.jpg,sha,Testing
Testing\sha\443.jpg,sha,Testing
Testing\sha\444.jpg,sha,Testing
Testing\sha\445.jpg,sha,Testing
Testing\sha\446.jpg,sha,Testing
Testing\sha\447.jpg,sha,Testing
Testing\sha\448.jpg,sha,Testing
Testing\sha\449.jpg,sha,Testing
Testing\sha\450.jpg,sha,Testing
Testing\sha\451.jpg,sha,Testing
Testing\sha\452.jpg,sha,Testing
Testing\sha\453.jpg,sha,Testing
Testing\sha\454.jpg,sha,Testing
Testing\sha\455.jpg,sha,Testing
Testing\sha\456.jpg,sha,Testing
Testing\sha\457.jpg,sha,Testing
Testing\sha\458.jpg,sha,Testing
Testing\sha\459.jpg,sha,Testing
Testing\sha\460.jpg,sha,Testing
Testing\sha\461.jpg,sha,Testing
Testing\sha\462.jpg,sha,Testing
Testing\sha\463.jpg,sha,Testing
Testing\sha\464.jpg,sha,Testing
Testing\sha\465.jpg,sha,Testing
Testing\sha\466.jpg,sha,Testing
Testing\sha\467.jpg,sha,Testing
Testing\sha\468.jpg,sha,Testing
Testing\sha\469.jpg,sha,Testing
Testing\sha\470.jpg,sha,Testing
Testing\sha\471.jpg,sha,Testing
Testing\sha\472.jpg,sha,Testing
Testing\sha\473.jpg,sha,Testing
Testing\sha\474.jpg,sha,Testing
Testing\sha\475.jpg,sha,Testing
Testing\sha\476.jpg,sha,Testing
Testing\sha\477.jpg,sha,Testing
Testing\sha\478.jpg,sha,Testing
Testing\sha\479.jpg,sha,Testing
Testing\sha\480.jpg,sha,Testing
Testing\sha\481.jpg,sha,Testing
Testing\sha\482.jpg,sha,Testing
Testing\sha\483.jpg,sha,Testing
Testing\sha\484.jpg,sha,Testing
Testing\sha\485.jpg,sha,Testing
Testing\sha\486.jpg,sha,Testing
Testing\sha\487.jpg,sha,Testing
Testing\sha\488.jpg,sha,Testing
Testing\sha\489.jpg,sha,Testing
Testing\sha\490.jpg,sha,Testing
Testing\sha\491.jpg,sha,Testing
Testing\sha\492.jpg,sha,Testing
Testing\sha\493.jpg,sha,Testing
Testing\sha\494.jpg,sha,Testing
Testing\sha\495.jpg,sha,Testing
Testing\sha\496.jpg,sha,Testing
Testing\sha\497.jpg,sha,Testing
Testing\sha\498.jpg,sha,Testing
Testing\sha\499.jpg,sha,Testing
Testing\sha\500.jpg,sha,Testing
Testing\sha\501.jpg,sha,Testing
Testing\sha\502.jpg,sha,Testing
Testing\sha\503.jpg,sha,Testing
Testing\sha\504.jpg,sha,Testing
Testing\sha\505.jpg,sha,Testing
Testing\sha\506.jpg,sha,Testing
Testing\sha\507.jpg,sha,Testing
Testing\sha\508.jpg,sha,Testing
Testing\sha\509.jpg,sha,Testing
Testing\sha\510.jpg,sha,Testing
Testing\sha\511.jpg,sha,Testing
Testing\sha\512.jpg,sha,Testing
Testing\sha\513.jpg,sha,Testing
Testing\sha\514.jpg,sha,Testing
Testing\sha\515.jpg,sha,Testing
Testing\sha\516.jpg,sha,Testing
Testing\sha\517.jpg,sha,Testing
Testing\sha\518.jpg,sha,Testing
Testing\sha\519.jpg,sha,Testing
Testing\sha\520.jpg,sha,Testing
Testing\sha\521.jpg,sha,Testing
Testing\sha\522.jpg,sha,Testing
Testing\sha\523.jpg,sha,Testing
Testing\sha\524.jpg,sha,Testing
Testing\sha\525.jpg,sha,Testing
Testing\sha\526.jpg,sha,Testing
Testing\sha\527.jpg,sha,Testing
Testing\sha\528.jpg,sha,Testing
Testing\sha\529.jpg,sha,Testing
Testing\sha\530.jpg,sha,Testing
Testing\sha\531.jpg,sha,Testing
Testing\sha\532.jpg,sha,Testing
Testing\sha\533.jpg,sha,Testing
Testing\sha\534.jpg,sha,Testing
Testing\sha\535.jpg,sha,Testing
Testing\sha\536.jpg,sha,Testing
Testing\sha\537.jpg,sha,Testing
Testing\sha\538.jpg,sha,Testing
Testing\sha\539.jpg,sha,Testing
Testing\sha\540.jpg,sha,Testing
Testing\sha\541.jpg,sha,Testing
Testing\sha\542.jpg,sha,Testing
Testing\sha\543.jpg,sha,Testing
Testing\sha\544.jpg,sha,Testing
Testing\sha\545.jpg,sha,Testing
Testing\sha\546.jpg,sha,Testing
Testing\sha\547.jpg,sha,Testing
Testing\sha\548.jpg,sha,Testing
Testing\sha\549.jpg,sha,Testing
Testing\sha\550.jpg,sha,Testing
Testing\sha\551.jpg,sha,Testing
Testing\sha\552.jpg,sha,Testing
Testing\sha\553.jpg,sha,Testing
Testing\sha\554.jpg,sha,Testing
Testing\sha\555.jpg,sha,Testing
Testing\sha\556.jpg,sha,Testing
Testing\sha\557.jpg,sha,Testing
Testing\sha\558.jpg,sha,Testing
Testing\sha\559.jpg,sha,Testing
Testing\sha\560.jpg,sha,Testing
Testing\sha\561.jpg,sha,Testing
Testing\sha\562.jpg,sha,Testing
Testing\sha\563.jpg,sha,Testing
Testing\sha\564.jpg,sha,Testing
Testing\sha\565.jpg,sha,Testing
Testing\sha\566.jpg,sha,Testing
Testing\sha\567.jpg,sha,Testing
Testing\sha\568.jpg,sha,Testing
Testing\sha\569.jpg,sha,Testing
Testing\sha\570.jpg,sha,Testing
Testing\sha\571.jpg,sha,Testing
Testing\sha\572.jpg,sha,Testing
Testing\sha\573.jpg,sha,Testing
Testing\sha\574.jpg,sha,Testing
Testing\sha\575.jpg,sha,Testing
Testing\sha\576.jpg,sha,Testing
Testing\sha\577.jpg,sha,Testing
Testing\sha\578.jpg,sha,Testing
Testing\sha\579.jpg,sha,Testing
Testing\sha\580.jpg,sha,Testing
Testing\sha\581.jpg,sha,Testing
Testing\sha\582.jpg,sha,Testing
Testing\sha\583.jpg,sha,Testing
Testing\sha\584.jpg,sha,Testing
Testing\sha\585.jpg,sha,Testing
Testing\sha\586.jpg,sha,Testing
Testing\sha\587.jpg,sha,Testing
Testing\sha\588.jpg,sha,Testing
Testing\sha\589.jpg,sha,Testing
Testing\sha\590.jpg,sha,Testing
Testing\sha\591.jpg,sha,Testing
Testing\sha\592.jpg,sha,Testing
Testing\sha\593.jpg,sha,Testing
Testing\sha\594.jpg,sha,Testing
Testing\sha\595.jpg,sha,Testing
Testing\sha\596.jpg,sha,Testing
Testing\sha\597.jpg,sha,Testing
Testing\sha\598.jpg,sha,Testing
Testing\sha\599.jpg,sha,Testing
Testing\sha\600.jpg,sha,Testing
Testing\shaa\421.jpg,shaa,Testing
Testing\shaa\422.jpg,shaa,Testing
Testing\shaa\423.jpg,shaa,Testing
Testing\shaa\424.jpg,shaa,Testing
Testing\shaa\425.jpg,shaa,Testing
Testing\shaa\426.jpg,shaa,Testing
Testing\shaa\427.jpg,shaa,Testing
Testing\shaa\428.jpg,shaa,Testing
Testing\shaa\429.jpg,shaa,Testing
Testing\shaa\430.jpg,shaa,Testing
Testing\shaa\431.jpg,shaa,Testing
Testing\shaa\432.jpg,shaa,Testing
Testing\shaa\433.jpg,shaa,Testing
Testing\shaa\434.jpg,shaa,Testing
Testing\shaa\435.jpg,shaa,Testing
Testing\shaa\436.jpg,shaa,Testing
Testing\shaa\437.jpg,shaa,Testing
Testing\shaa\438.jpg,shaa,Testing
Testing\shaa\439.jpg,shaa,Testing
Testing\shaa\440.jpg,shaa,Testing
Testing\shaa\441.jpg,shaa,Testing
Testing\shaa\442.jpg,shaa,Testing
Testing\shaa\443.jpg,shaa,Testing
Testing\shaa\444.jpg,shaa,Testing
Testing\shaa\445.jpg,shaa,Testing
Testing\shaa\446.jpg,shaa,Testing
Testing\shaa\447.jpg,shaa,Testing
Testing\shaa\448.jpg,shaa,Testing
Testing\shaa\449.jpg,shaa,Testing
Testing\shaa\450.jpg,shaa,Testing
Testing\shaa\451.jpg,shaa,Testing
Testing\shaa\452.jpg,shaa,Testing
Testing\shaa\453.jpg,shaa,Testing
Testing\shaa\454.jpg,shaa,Testing
Testing\shaa\455.jpg,shaa,Testing
Testing\shaa\456.jpg,shaa,Testing
Testing\shaa\457.jpg,shaa,Testing
Testing\shaa\458.jpg,shaa,Testing
Testing\shaa\459.jpg,shaa,Testing
Testing\shaa\460.jpg,shaa,Testing
Testing\shaa\461.jpg,shaa,Testing
Testing\shaa\462.jpg,shaa,Testing
Testing\shaa\463.jpg,shaa,Testing
Testing\shaa\464.jpg,shaa,Testing
Testing\shaa\465.jpg,shaa,Testing
Testing\shaa\466.jpg,shaa,Testing
Testing\shaa\467.jpg,shaa,Testing
Testing\shaa\468.jpg,shaa,Testing
Testing\shaa\469.jpg,shaa,Testing
Testing\shaa\470.jpg,shaa,Testing
Testing\shaa\471.jpg,shaa,Testing
Testing\shaa\472.jpg,shaa,Testing
Testing\shaa\473.jpg,shaa,Testing
Testing\shaa\474.jpg,shaa,Testing
Testing\shaa\475.jpg,shaa,Testing
Testing\shaa\476.jpg,shaa,Testing
Testing\shaa\477.jpg,shaa,Testing
Testing\shaa\478.jpg,shaa,Testing
Testing\shaa\479.jpg,shaa,Testing
Testing\shaa\480.jpg,shaa,Testing
Testing\shaa\481.jpg,shaa,Testing
Testing\shaa\482.jpg,shaa,Testing
Testing\shaa\483.jpg,shaa,Testing
Testing\shaa\484.jpg,shaa,Testing
Testing\shaa\485.jpg,shaa,Testing
Testing\shaa\486.jpg,shaa,Testing
Testing\shaa\487.jpg,shaa,Testing
Testing\shaa\488.jpg,shaa,Testing
Testing\shaa\489.jpg,shaa,Testing
Testing\shaa\490.jpg,shaa,Testing
Testing\shaa\491.jpg,shaa,Testing
Testing\shaa\492.jpg,shaa,Testing
Testing\shaa\493.jpg,shaa,Testing
Testing\shaa\494.jpg,shaa,Testing
Testing\shaa\495.jpg,shaa,Testing
Testing\shaa\496.jpg,shaa,Testing
Testing\shaa\497.jpg,shaa,Testing
Testing\shaa\498.jpg,shaa,Testing
Testing\shaa\499.jpg,shaa,Testing
Testing\shaa\500.jpg,shaa,Testing
Testing\shaa\501.jpg,shaa,Testing
Testing\shaa\502.jpg,shaa,Testing
Testing\shaa\503.jpg,shaa,Testing
Testing\shaa\504.jpg,shaa,Testing
Testing\shaa\505.jpg,shaa,Testing
Testing\shaa\506.jpg,shaa,Testing
Testing\shaa\507.jpg,shaa,Testing
Testing\shaa\508.jpg,shaa,Testing
Testing\shaa\509.jpg,shaa,Testing
Testing\shaa\510.jpg,shaa,Testing
Testing\shaa\511.jpg,shaa,Testing
Testing\shaa\512.jpg,shaa,Testing
Testing\shaa\513.jpg,shaa,Testing
Testing\shaa\514.jpg,shaa,Testing
Testing\shaa\515.jpg,shaa,Testing
Testing\shaa\516.jpg,shaa,Testing
Testing\shaa\517.jpg,shaa,Testing
Testing\shaa\518.jpg,shaa,Testing
Testing\shaa\519.jpg,shaa,Testing
Testing\shaa\520.jpg,shaa,Testing
Testing\shaa\521.jpg,shaa,Testing
Testing\shaa\522.jpg,shaa,Testing
Testing\shaa\523.jpg,shaa,Testing
Testing\shaa\524.jpg,shaa,Testing
Testing\shaa\525.jpg,shaa,Testing
Testing\shaa\526.jpg,shaa,Testing
Testing\shaa\527.jpg,shaa,Testing
Testing\shaa\528.jpg,shaa,Testing
Testing\shaa\529.jpg,shaa,Testing
Testing\shaa\530.jpg,shaa,Testing
Testing\shaa\531.jpg,shaa,Testing
Testing\shaa\532.jpg,shaa,Testing
Testing\shaa\533.jpg,shaa,Testing
Testing\shaa\534.jpg,shaa,Testing
Testing\shaa\535.jpg,shaa,Testing
Testing\shaa\536.jpg,shaa,Testing
Testing\shaa\537.jpg,shaa,Testing
Testing\shaa\538.jpg,shaa,Testing
Testing\shaa\539.jpg,shaa,Testing
Testing\shaa\540.jpg,shaa,Testing
Testing\shaa\541.jpg,shaa,Testing
Testing\shaa\542.jpg,shaa,Testing
Testing\shaa\543.jpg,shaa,Testing
Testing\shaa\544.jpg,shaa,Testing
Testing\shaa\545.jpg,shaa,Testing
Testing\shaa\546.jpg,shaa,Testing
Testing\shaa\547.jpg,shaa,Testing
Testing\shaa\548.jpg,shaa,Testing
Testing\shaa\549.jpg,shaa,Testing
Testing\shaa\550.jpg,shaa,Testing
Testing\shaa\551.jpg,shaa,Testing
Testing\shaa\552.jpg,shaa,Testing
Testing\shaa\553.jpg,shaa,Testing
Testing\shaa\554.jpg,shaa,Testing
Testing\shaa\555.jpg,shaa,Testing
Testing\shaa\556.jpg,shaa,Testing
Testing\shaa\557.jpg,shaa,Testing
Testing\shaa\558.jpg,shaa,Testing
Testing\shaa\559.jpg,shaa,Testing
Testing\shaa\560.jpg,shaa,Testing
Testing\shaa\561.jpg,shaa,Testing
Testing\shaa\562.jpg,shaa,Testing
Testing\shaa\563.jpg,shaa,Testing
Testing\shaa\564.jpg,shaa,Testing
Testing\shaa\565.jpg,shaa,Testing
Testing\shaa\566.jpg,shaa,Testing
Testing\shaa\567.jpg,shaa,Testing
Testing\shaa\568.jpg,shaa,Testing
Testing\shaa\569.jpg,shaa,Testing
Testing\shaa\570.jpg,shaa,Testing
Testing\shaa\571.jpg,shaa,Testing
Testing\shaa\572.jpg,shaa,Testing
Testing\shaa\573.jpg,shaa,Testing
Testing\shaa\574.jpg,shaa,Testing
Testing\shaa\575.jpg,shaa,Testing
Testing\shaa\576.jpg,shaa,Testing
Testing\shaa\577.jpg,shaa,Testing
Testing\shaa\578.jpg,shaa,Testing
Testing\shaa\579.jpg,shaa,Testing
Testing\shaa\580.jpg,shaa,Testing
Testing\shaa\581.jpg,shaa,Testing
Testing\shaa\582.jpg,shaa,Testing
Testing\shaa\583.jpg,shaa,Testing
Testing\shaa\584.jpg,shaa,Testing
Testing\shaa\585.jpg,shaa,Testing
Testing\shaa\586.jpg,shaa,Testing
Testing\shaa\587.jpg,shaa,Testing
Testing\shaa\588.jpg,shaa,Testing
Testing\shaa\589.jpg,shaa,Testing
Testing\shaa\590.jpg,shaa,Testing
Testing\shaa\591.jpg,shaa,Testing
Testing\shaa\592.jpg,shaa,Testing
Testing\shaa\593.jpg,shaa,Testing
Testing\shaa\594.jpg,shaa,Testing
Testing\shaa\595.jpg,shaa,Testing
Testing\shaa\596.jpg,shaa,Testing
Testing\shaa\597.jpg,shaa,Testing
Testing\shaa\598.jpg,shaa,Testing
Testing\shaa\599.jpg,shaa,Testing
Testing\shaa\600.jpg,shaa,Testing
Testing\shya\421.jpg,shya,Testing
Testing\shya\422.jpg,shya,Testing
Testing\shya\423.jpg,shya,Testing
Testing\shya\424.jpg,shya,Testing
Testing\shya\425.jpg,shya,Testing
Testing\shya\426.jpg,shya,Testing
Testing\shya\427.jpg,shya,Testing
Testing\shya\428.jpg,shya,Testing
Testing\shya\429.jpg,shya,Testing
Testing\shya\430.jpg,shya,Testing
Testing\shya\431.jpg,shya,Testing
Testing\shya\432.jpg,shya,Testing
Testing\shya\433.jpg,shya,Testing
Testing\shya\434.jpg,shya,Testing
Testing\shya\435.jpg,shya,Testing
Testing\shya\436.jpg,shya,Testing
Testing\shya\437.jpg,shya,Testing
Testing\shya\438.jpg,shya,Testing
Testing\shya\439.jpg,shya,Testing
Testing\shya\440.jpg,shya,Testing
Testing\shya\441.jpg,shya,Testing
Testing\shya\442.jpg,shya,Testing
Testing\shya\443.jpg,shya,Testing
Testing\shya\444.jpg,shya,Testing
Testing\shya\445.jpg,shya,Testing
Testing\shya\446.jpg,shya,Testing
Testing\shya\447.jpg,shya,Testing
Testing\shya\448.jpg,shya,Testing
Testing\shya\449.jpg,shya,Testing
Testing\shya\450.jpg,shya,Testing
Testing\shya\451.jpg,shya,Testing
Testing\shya\452.jpg,shya,Testing
Testing\shya\453.jpg,shya,Testing
Testing\shya\454.jpg,shya,Testing
Testing\shya\455.jpg,shya,Testing
Testing\shya\456.jpg,shya,Testing
Testing\shya\457.jpg,shya,Testing
Testing\shya\458.jpg,shya,Testing
Testing\shya\459.jpg,shya,Testing
Testing\shya\460.jpg,shya,Testing
Testing\shya\461.jpg,shya,Testing
Testing\shya\462.jpg,shya,Testing
Testing\shya\463.jpg,shya,Testing
Testing\shya\464.jpg,shya,Testing
Testing\shya\465.jpg,shya,Testing
Testing\shya\466.jpg,shya,Testing
Testing\shya\467.jpg,shya,Testing
Testing\shya\468.jpg,shya,Testing
Testing\shya\469.jpg,shya,Testing
Testing\shya\470.jpg,shya,Testing
Testing\shya\471.jpg,shya,Testing
Testing\shya\472.jpg,shya,Testing
Testing\shya\473.jpg,shya,Testing
Testing\shya\474.jpg,shya,Testing
Testing\shya\475.jpg,shya,Testing
Testing\shya\476.jpg,shya,Testing
Testing\shya\477.jpg,shya,Testing
Testing\shya\478.jpg,shya,Testing
Testing\shya\479.jpg,shya,Testing
Testing\shya\480.jpg,shya,Testing
Testing\shya\481.jpg,shya,Testing
Testing\shya\482.jpg,shya,Testing
Testing\shya\483.jpg,shya,Testing
Testing\shya\484.jpg,shya,Testing
Testing\shya\485.jpg,shya,Testing
Testing\shya\486.jpg,shya,Testing
Testing\shya\487.jpg,shya,Testing
Testing\shya\488.jpg,shya,Testing
Testing\shya\489.jpg,shya,Testing
Testing\shya\490.jpg,shya,Testing
Testing\shya\491.jpg,shya,Testing
Testing\shya\492.jpg,shya,Testing
Testing\shya\493.jpg,shya,Testing
Testing\shya\494.jpg,shya,Testing
Testing\shya\495.jpg,shya,Testing
Testing\shya\496.jpg,shya,Testing
Testing\shya\497.jpg,shya,Testing
Testing\shya\498.jpg,shya,Testing
Testing\shya\499.jpg,shya,Testing
Testing\shya\500.jpg,shya,Testing
Testing\shya\501.jpg,shya,Testing
Testing\shya\502.jpg,shya,Testing
Testing\shya\503.jpg,shya,Testing
Testing\shya\504.jpg,shya,Testing
Testing\shya\505.jpg,shya,Testing
Testing\shya\506.jpg,shya,Testing
Testing\shya\507.jpg,shya,Testing
Testing\shya\508.jpg,shya,Testing
Testing\shya\509.jpg,shya,Testing
Testing\shya\510.jpg,shya,Testing
Testing\shya\511.jpg,shya,Testing
Testing\shya\512.jpg,shya,Testing
Testing\shya\513.jpg,shya,Testing
Testing\shya\514.jpg,shya,Testing
Testing\shya\515.jpg,shya,Testing
Testing\shya\516.jpg,shya,Testing
Testing\shya\517.jpg,shya,Testing
Testing\shya\518.jpg,shya,Testing
Testing\shya\519.jpg,shya,Testing
Testing\shya\520.jpg,shya,Testing
Testing\shya\521.jpg,shya,Testing
Testing\shya\522.jpg,shya,Testing
Testing\shya\523.jpg,shya,Testing
Testing\shya\524.jpg,shya,Testing
Testing\shya\525.jpg,shya,Testing
Testing\shya\526.jpg,shya,Testing
Testing\shya\527.jpg,shya,Testing
Testing\shya\528.jpg,shya,Testing
Testing\shya\529.jpg,shya,Testing
Testing\shya\530.jpg,shya,Testing
Testing\shya\531.jpg,shya,Testing
Testing\shya\532.jpg,shya,Testing
Testing\shya\533.jpg,shya,Testing
Testing\shya\534.jpg,shya,Testing
Testing\shya\535.jpg,shya,Testing
Testing\shya\536.jpg,shya,Testing
Testing\shya\537.jpg,shya,Testing
Testing\shya\538.jpg,shya,Testing
Testing\shya\539.jpg,shya,Testing
Testing\shya\540.jpg,shya,Testing
Testing\shya\541.jpg,shya,Testing
Testing\shya\542.jpg,shya,Testing
Testing\shya\543.jpg,shya,Testing
Testing\shya\544.jpg,shya,Testing
Testing\shya\545.jpg,shya,Testing
Testing\shya\546.jpg,shya,Testing
Testing\shya\547.jpg,shya,Testing
Testing\shya\548.jpg,shya,Testing
Testing\shya\549.jpg,shya,Testing
Testing\shya\550.jpg,shya,Testing
Testing\shya\551.jpg,shya,Testing
Testing\shya\552.jpg,shya,Testing
Testing\shya\553.jpg,shya,Testing
Testing\shya\554.jpg,shya,Testing
Testing\shya\555.jpg,shya,Testing
Testing\shya\556.jpg,shya,Testing
Testing\shya\557.jpg,shya,Testing
Testing\shya\558.jpg,shya,Testing
Testing\shya\559.jpg,shya,Testing
Testing\shya\560.jpg,shya,Testing
Testing\shya\561.jpg,shya,Testing
Testing\shya\562.jpg,shya,Testing
Testing\shya\563.jpg,shya,Testing
Testing\shya\564.jpg,shya,Testing
Testing\shya\565.jpg,shya,Testing
Testing\shya\566.jpg,shya,Testing
Testing\shya\567.jpg,shya,Testing
Testing\shya\568.jpg,shya,Testing
Testing\shya\569.jpg,shya,Testing
Testing\shya\570.jpg,shya,Testing
Testing\shya\571.jpg,shya,Testing
Testing\shya\572.jpg,shya,Testing
Testing\shya\573.jpg,shya,Testing
Testing\shya\574.jpg,shya,Testing
Testing\shya\575.jpg,shya,Testing
Testing\shya\576.jpg,shya,Testing
Testing\shya\577.jpg,shya,Testing
Testing\shya\578.jpg,shya,Testing
Testing\shya\579.jpg,shya,Testing
Testing\shya\580.jpg,shya,Testing
Testing\shya\581.jpg,shya,Testing
Testing\shya\582.jpg,shya,Testing
Testing\shya\583.jpg,shya,Testing
Testing\shya\584.jpg,shya,Testing
Testing\shya\585.jpg,shya,Testing
Testing\shya\586.jpg,shya,Testing
Testing\shya\587.jpg,shya,Testing
Testing\shya\588.jpg,shya,Testing
Testing\shya\589.jpg,shya,Testing
Testing\shya\590.jpg,shya,Testing
Testing\shya\591.jpg,shya,Testing
Testing\shya\592.jpg,shya,Testing
Testing\shya\593.jpg,shya,Testing
Testing\shya\594.jpg,shya,Testing
Testing\shya\595.jpg,shya,Testing
Testing\shya\596.jpg,shya,Testing
Testing\shya\597.jpg,shya,Testing
Testing\shya\598.jpg,shya,Testing
Testing\shya\599.jpg,shya,Testing
Testing\shya\600.jpg,shya,Testing
Testing\ta\421.jpg,ta,Testing
Testing\ta\422.jpg,ta,Testing
Testing\ta\423.jpg,ta,Testing
Testing\ta\424.jpg,ta,Testing
Testing\ta\425.jpg,ta,Testing
Testing\ta\426.jpg,ta,Testing
Testing\ta\427.jpg,ta,Testing
Testing\ta\428.jpg,ta,Testing
Testing\ta\429.jpg,ta,Testing
Testing\ta\430.jpg,ta,Testing
Testing\ta\431.jpg,ta,Testing
Testing\ta\432.jpg,ta,Testing
Testing\ta\433.jpg,ta,Testing
Testing\ta\434.jpg,ta,Testing
Testing\ta\435.jpg,ta,Testing
Testing\ta\436.jpg,ta,Testing
Testing\ta\437.jpg,ta,Testing
Testing\ta\438.jpg,ta,Testing
Testing\ta\439.jpg,ta,Testing
Testing\ta\440.jpg,ta,Testing
Testing\ta\441.jpg,ta,Testing
Testing\ta\442.jpg,ta,Testing
Testing\ta\443.jpg,ta,Testing
Testing\ta\444.jpg,ta,Testing
Testing\ta\445.jpg,ta,Testing
Testing\ta\446.jpg,ta,Testing
Testing\ta\447.jpg,ta,Testing
Testing\ta\448.jpg,ta,Testing
Testing\ta\449.jpg,ta,Testing
Testing\ta\450.jpg,ta,Testing
Testing\ta\451.jpg,ta,Testing
Testing\ta\452.jpg,ta,Testing
Testing\ta\453.jpg,ta,Testing
Testing\ta\454.jpg,ta,Testing
Testing\ta\455.jpg,ta,Testing
Testing\ta\456.jpg,ta,Testing
Testing\ta\457.jpg,ta,Testing
Testing\ta\458.jpg,ta,Testing
Testing\ta\459.jpg,ta,Testing
Testing\ta\460.jpg,ta,Testing
Testing\ta\461.jpg,ta,Testing
Testing\ta\462.jpg,ta,Testing
Testing\ta\463.jpg,ta,Testing
Testing\ta\464.jpg,ta,Testing
Testing\ta\465.jpg,ta,Testing
Testing\ta\466.jpg,ta,Testing
Testing\ta\467.jpg,ta,Testing
Testing\ta\468.jpg,ta,Testing
Testing\ta\469.jpg,ta,Testing
Testing\ta\470.jpg,ta,Testing
Testing\ta\471.jpg,ta,Testing
Testing\ta\472.jpg,ta,Testing
Testing\ta\473.jpg,ta,Testing
Testing\ta\474.jpg,ta,Testing
Testing\ta\475.jpg,ta,Testing
Testing\ta\476.jpg,ta,Testing
Testing\ta\477.jpg,ta,Testing
Testing\ta\478.jpg,ta,Testing
Testing\ta\479.jpg,ta,Testing
Testing\ta\480.jpg,ta,Testing
Testing\ta\481.jpg,ta,Testing
Testing\ta\482.jpg,ta,Testing
Testing\ta\483.jpg,ta,Testing
Testing\ta\484.jpg,ta,Testing
Testing\ta\485.jpg,ta,Testing
Testing\ta\486.jpg,ta,Testing
Testing\ta\487.jpg,ta,Testing
Testing\ta\488.jpg,ta,Testing
Testing\ta\489.jpg,ta,Testing
Testing\ta\490.jpg,ta,Testing
Testing\ta\491.jpg,ta,Testing
Testing\ta\492.jpg,ta,Testing
Testing\ta\493.jpg,ta,Testing
Testing\ta\494.jpg,ta,Testing
Testing\ta\495.jpg,ta,Testing
Testing\ta\496.jpg,ta,Testing
Testing\ta\497.jpg,ta,Testing
Testing\ta\498.jpg,ta,Testing
Testing\ta\499.jpg,ta,Testing
Testing\ta\500.jpg,ta,Testing
Testing\ta\501.jpg,ta,Testing
Testing\ta\502.jpg,ta,Testing
Testing\ta\503.jpg,ta,Testing
Testing\ta\504.jpg,ta,Testing
Testing\ta\505.jpg,ta,Testing
Testing\ta\506.jpg,ta,Testing
Testing\ta\507.jpg,ta,Testing
Testing\ta\508.jpg,ta,Testing
Testing\ta\509.jpg,ta,Testing
Testing\ta\510.jpg,ta,Testing
Testing\ta\511.jpg,ta,Testing
Testing\ta\512.jpg,ta,Testing
Testing\ta\513.jpg,ta,Testing
Testing\ta\514.jpg,ta,Testing
Testing\ta\515.jpg,ta,Testing
Testing\ta\516.jpg,ta,Testing
Testing\ta\517.jpg,ta,Testing
Testing\ta\518.jpg,ta,Testing
Testing\ta\519.jpg,ta,Testing
Testing\ta\520.jpg,ta,Testing
Testing\ta\521.jpg,ta,Testing
Testing\ta\522.jpg,ta,Testing
Testing\ta\523.jpg,ta,Testing
Testing\ta\524.jpg,ta,Testing
Testing\ta\525.jpg,ta,Testing
Testing\ta\526.jpg,ta,Testing
Testing\ta\527.jpg,ta,Testing
Testing\ta\528.jpg,ta,Testing
Testing\ta\529.jpg,ta,Testing
Testing\ta\530.jpg,ta,Testing
Testing\ta\531.jpg,ta,Testing
Testing\ta\532.jpg,ta,Testing
Testing\ta\533.jpg,ta,Testing
Testing\ta\534.jpg,ta,Testing
Testing\ta\535.jpg,ta,Testing
Testing\ta\536.jpg,ta,Testing
Testing\ta\537.jpg,ta,Testing
Testing\ta\538.jpg,ta,Testing
Testing\ta\539.jpg,ta,Testing
Testing\ta\540.jpg,ta,Testing
Testing\ta\541.jpg,ta,Testing
Testing\ta\542.jpg,ta,Testing
Testing\ta\543.jpg,ta,Testing
Testing\ta\544.jpg,ta,Testing
Testing\ta\545.jpg,ta,Testing
Testing\ta\546.jpg,ta,Testing
Testing\ta\547.jpg,ta,Testing
Testing\ta\548.jpg,ta,Testing
Testing\ta\549.jpg,ta,Testing
Testing\ta\550.jpg,ta,Testing
Testing\ta\551.jpg,ta,Testing
Testing\ta\552.jpg,ta,Testing
Testing\ta\553.jpg,ta,Testing
Testing\ta\554.jpg,ta,Testing
Testing\ta\555.jpg,ta,Testing
Testing\ta\556.jpg,ta,Testing
Testing\ta\557.jpg,ta,Testing
Testing\ta\558.jpg,ta,Testing
Testing\ta\559.jpg,ta,Testing
Testing\ta\560.jpg,ta,Testing
Testing\ta\561.jpg,ta,Testing
Testing\ta\562.jpg,ta,Testing
Testing\ta\563.jpg,ta,Testing
Testing\ta\564.jpg,ta,Testing
Testing\ta\565.jpg,ta,Testing
Testing\ta\566.jpg,ta,Testing
Testing\ta\567.jpg,ta,Testing
Testing\ta\568.jpg,ta,Testing
Testing\ta\569.jpg,ta,Testing
Testing\ta\570.jpg,ta,Testing
Testing\ta\571.jpg,ta,Testing
Testing\ta\572.jpg,ta,Testing
Testing\ta\573.jpg,ta,Testing
Testing\ta\574.jpg,ta,Testing
Testing\ta\575.jpg,ta,Testing
Testing\ta\576.jpg,ta,Testing
Testing\ta\577.jpg,ta,Testing
Testing\ta\578.jpg,ta,Testing
Testing\ta\579.jpg,ta,Testing
Testing\ta\580.jpg,ta,Testing
Testing\ta\581.jpg,ta,Testing
Testing\ta\582.jpg,ta,Testing
Testing\ta\583.jpg,ta,Testing
Testing\ta\584.jpg,ta,Testing
Testing\ta\585.jpg,ta,Testing
Testing\ta\586.jpg,ta,Testing
Testing\ta\587.jpg,ta,Testing
Testing\ta\588.jpg,ta,Testing
Testing\ta\589.jpg,ta,Testing
Testing\ta\590.jpg,ta,Testing
Testing\ta\591.jpg,ta,Testing
Testing\ta\592.jpg,ta,Testing
Testing\ta\593.jpg,ta,Testing
Testing\ta\594.jpg,ta,Testing
Testing\ta\595.jpg,ta,Testing
Testing\ta\596.jpg,ta,Testing
Testing\ta\597.jpg,ta,Testing
Testing\ta\598.jpg,ta,Testing
Testing\ta\599.jpg,ta,Testing
Testing\ta\600.jpg,ta,Testing
Testing\tha\421.jpg,tha,Testing
Testing\tha\422.jpg,tha,Testing
Testing\tha\423.jpg,tha,Testing
Testing\tha\424.jpg,tha,Testing
Testing\tha\425.jpg,tha,Testing
Testing\tha\426.jpg,tha,Testing
Testing\tha\427.jpg,tha,Testing
Testing\tha\428.jpg,tha,Testing
Testing\tha\429.jpg,tha,Testing
Testing\tha\430.jpg,tha,Testing
Testing\tha\431.jpg,tha,Testing
Testing\tha\432.jpg,tha,Testing
Testing\tha\433.jpg,tha,Testing
Testing\tha\434.jpg,tha,Testing
Testing\tha\435.jpg,tha,Testing
Testing\tha\436.jpg,tha,Testing
Testing\tha\437.jpg,tha,Testing
Testing\tha\438.jpg,tha,Testing
Testing\tha\439.jpg,tha,Testing
Testing\tha\440.jpg,tha,Testing
Testing\tha\441.jpg,tha,Testing
Testing\tha\442.jpg,tha,Testing
Testing\tha\443.jpg,tha,Testing
Testing\tha\444.jpg,tha,Testing
Testing\tha\445.jpg,tha,Testing
Testing\tha\446.jpg,tha,Testing
Testing\tha\447.jpg,tha,Testing
Testing\tha\448.jpg,tha,Testing
Testing\tha\449.jpg,tha,Testing
Testing\tha\450.jpg,tha,Testing
Testing\tha\451.jpg,tha,Testing
Testing\tha\452.jpg,tha,Testing
Testing\tha\453.jpg,tha,Testing
Testing\tha\454.jpg,tha,Testing
Testing\tha\455.jpg,tha,Testing
Testing\tha\456.jpg,tha,Testing
Testing\tha\457.jpg,tha,Testing
Testing\tha\458.jpg,tha,Testing
Testing\tha\459.jpg,tha,Testing
Testing\tha\460.jpg,tha,Testing
Testing\tha\461.jpg,tha,Testing
Testing\tha\462.jpg,tha,Testing
Testing\tha\463.jpg,tha,Testing
Testing\tha\464.jpg,tha,Testing
Testing\tha\465.jpg,tha,Testing
Testing\tha\466.jpg,tha,Testing
Testing\tha\467.jpg,tha,Testing
Testing\tha\468.jpg,tha,Testing
Testing\tha\469.jpg,tha,Testing
Testing\tha\470.jpg,tha,Testing
Testing\tha\471.jpg,tha,Testing
Testing\tha\472.jpg,tha,Testing
Testing\tha\473.jpg,tha,Testing
Testing\tha\474.jpg,tha,Testing
Testing\tha\475.jpg,tha,Testing
Testing\tha\476.jpg,tha,Testing
Testing\tha\477.jpg,tha,Testing
Testing\tha\478.jpg,tha,Testing
Testing\tha\479.jpg,tha,Testing
Testing\tha\480.jpg,tha,Testing
Testing\tha\481.jpg,tha,Testing
Testing\tha\482.jpg,tha,Testing
Testing\tha\483.jpg,tha,Testing
Testing\tha\484.jpg,tha,Testing
Testing\tha\485.jpg,tha,Testing
Testing\tha\486.jpg,tha,Testing
Testing\tha\487.jpg,tha,Testing
Testing\tha\488.jpg,tha,Testing
Testing\tha\489.jpg,tha,Testing
Testing\tha\490.jpg,tha,Testing
Testing\tha\491.jpg,tha,Testing
Testing\tha\492.jpg,tha,Testing
Testing\tha\493.jpg,tha,Testing
Testing\tha\494.jpg,tha,Testing
Testing\tha\495.jpg,tha,Testing
Testing\tha\496.jpg,tha,Testing
Testing\tha\497.jpg,tha,Testing
Testing\tha\498.jpg,tha,Testing
Testing\tha\499.jpg,tha,Testing
Testing\tha\500.jpg,tha,Testing
Testing\tha\501.jpg,tha,Testing
Testing\tha\502.jpg,tha,Testing
Testing\tha\503.jpg,tha,Testing
Testing\tha\504.jpg,tha,Testing
Testing\tha\505.jpg,tha,Testing
Testing\tha\506.jpg,tha,Testing
Testing\tha\507.jpg,tha,Testing
Testing\tha\508.jpg,tha,Testing
Testing\tha\509.jpg,tha,Testing
Testing\tha\510.jpg,tha,Testing
Testing\tha\511.jpg,tha,Testing
Testing\tha\512.jpg,tha,Testing
Testing\tha\513.jpg,tha,Testing
Testing\tha\514.jpg,tha,Testing
Testing\tha\515.jpg,tha,Testing
Testing\tha\516.jpg,tha,Testing
Testing\tha\517.jpg,tha,Testing
Testing\tha\518.jpg,tha,Testing
Testing\tha\519.jpg,tha,Testing
Testing\tha\520.jpg,tha,Testing
Testing\tha\521.jpg,tha,Testing
Testing\tha\522.jpg,tha,Testing
Testing\tha\523.jpg,tha,Testing
Testing\tha\524.jpg,tha,Testing
Testing\tha\525.jpg,tha,Testing
Testing\tha\526.jpg,tha,Testing
Testing\tha\527.jpg,tha,Testing
Testing\tha\528.jpg,tha,Testing
Testing\tha\529.jpg,tha,Testing
Testing\tha\530.jpg,tha,Testing
Testing\tha\531.jpg,tha,Testing
Testing\tha\532.jpg,tha,Testing
Testing\tha\533.jpg,tha,Testing
Testing\tha\534.jpg,tha,Testing
Testing\tha\535.jpg,tha,Testing
Testing\tha\536.jpg,tha,Testing
Testing\tha\537.jpg,tha,Testing
Testing\tha\538.jpg,tha,Testing
Testing\tha\539.jpg,tha,Testing
Testing\tha\540.jpg,tha,Testing
Testing\tha\541.jpg,tha,Testing
Testing\tha\542.jpg,tha,Testing
Testing\tha\543.jpg,tha,Testing
Testing\tha\544.jpg,tha,Testing
Testing\tha\545.jpg,tha,Testing
Testing\tha\546.jpg,tha,Testing
Testing\tha\547.jpg,tha,Testing
Testing\tha\548.jpg,tha,Testing
Testing\tha\549.jpg,tha,Testing
Testing\tha\550.jpg,tha,Testing
Testing\tha\551.jpg,tha,Testing
Testing\tha\552.jpg,tha,Testing
Testing\tha\553.jpg,tha,Testing
Testing\tha\554.jpg,tha,Testing
Testing\tha\555.jpg,tha,Testing
Testing\tha\556.jpg,tha,Testing
Testing\tha\557.jpg,tha,Testing
Testing\tha\558.jpg,tha,Testing
Testing\tha\559.jpg,tha,Testing
Testing\tha\560.jpg,tha,Testing
Testing\tha\561.jpg,tha,Testing
Testing\tha\562.jpg,tha,Testing
Testing\tha\563.jpg,tha,Testing
Testing\tha\564.jpg,tha,Testing
Testing\tha\565.jpg,tha,Testing
Testing\tha\566.jpg,tha,Testing
Testing\tha\567.jpg,tha,Testing
Testing\tha\568.jpg,tha,Testing
Testing\tha\569.jpg,tha,Testing
Testing\tha\570.jpg,tha,Testing
Testing\tha\571.jpg,tha,Testing
Testing\tha\572.jpg,tha,Testing
Testing\tha\573.jpg,tha,Testing
Testing\tha\574.jpg,tha,Testing
Testing\tha\575.jpg,tha,Testing
Testing\tha\576.jpg,tha,Testing
Testing\tha\577.jpg,tha,Testing
Testing\tha\578.jpg,tha,Testing
Testing\tha\579.jpg,tha,Testing
Testing\tha\580.jpg,tha,Testing
Testing\tha\581.jpg,tha,Testing
Testing\tha\582.jpg,tha,Testing
Testing\tha\583.jpg,tha,Testing
Testing\tha\584.jpg,tha,Testing
Testing\tha\585.jpg,tha,Testing
Testing\tha\586.jpg,tha,Testing
Testing\tha\587.jpg,tha,Testing
Testing\tha\588.jpg,tha,Testing
Testing\tha\589.jpg,tha,Testing
Testing\tha\590.jpg,tha,Testing
Testing\tha\591.jpg,tha,Testing
Testing\tha\592.jpg,tha,Testing
Testing\tha\593.jpg,tha,Testing
Testing\tha\594.jpg,tha,Testing
Testing\tha\595.jpg,tha,Testing
Testing\tha\596.jpg,tha,Testing
Testing\tha\597.jpg,tha,Testing
Testing\tha\598.jpg,tha,Testing
Testing\tha\599.jpg,tha,Testing
Testing\tha\600.jpg,tha,Testing
Testing\thya\421.jpg,thya,Testing
Testing\thya\422.jpg,thya,Testing
Testing\thya\423.jpg,thya,Testing
Testing\thya\424.jpg,thya,Testing
Testing\thya\425.jpg,thya,Testing
Testing\thya\426.jpg,thya,Testing
Testing\thya\427.jpg,thya,Testing
Testing\thya\428.jpg,thya,Testing
Testing\thya\429.jpg,thya,Testing
Testing\thya\430.jpg,thya,Testing
Testing\thya\431.jpg,thya,Testing
Testing\thya\432.jpg,thya,Testing
Testing\thya\433.jpg,thya,Testing
Testing\thya\434.jpg,thya,Testing
Testing\thya\435.jpg,thya,Testing
Testing\thya\436.jpg,thya,Testing
Testing\thya\437.jpg,thya,Testing
Testing\thya\438.jpg,thya,Testing
Testing\thya\439.jpg,thya,Testing
Testing\thya\440.jpg,thya,Testing
Testing\thya\441.jpg,thya,Testing
Testing\thya\442.jpg,thya,Testing
Testing\thya\443.jpg,thya,Testing
Testing\thya\444.jpg,thya,Testing
Testing\thya\445.jpg,thya,Testing
Testing\thya\446.jpg,thya,Testing
Testing\thya\447.jpg,thya,Testing
Testing\thya\448.jpg,thya,Testing
Testing\thya\449.jpg,thya,Testing
Testing\thya\450.jpg,thya,Testing
Testing\thya\451.jpg,thya,Testing
Testing\thya\452.jpg,thya,Testing
Testing\thya\453.jpg,thya,Testing
Testing\thya\454.jpg,thya,Testing
Testing\thya\455.jpg,thya,Testing
Testing\thya\456.jpg,thya,Testing
Testing\thya\457.jpg,thya,Testing
Testing\thya\458.jpg,thya,Testing
Testing\thya\459.jpg,thya,Testing
Testing\thya\460.jpg,thya,Testing
Testing\thya\461.jpg,thya,Testing
Testing\thya\462.jpg,thya,Testing
Testing\thya\463.jpg,thya,Testing
Testing\thya\464.jpg,thya,Testing
Testing\thya\465.jpg,thya,Testing
Testing\thya\466.jpg,thya,Testing
Testing\thya\467.jpg,thya,Testing
Testing\thya\468.jpg,thya,Testing
Testing\thya\469.jpg,thya,Testing
Testing\thya\470.jpg,thya,Testing
Testing\thya\471.jpg,thya,Testing
Testing\thya\472.jpg,thya,Testing
Testing\thya\473.jpg,thya,Testing
Testing\thya\474.jpg,thya,Testing
Testing\thya\475.jpg,thya,Testing
Testing\thya\476.jpg,thya,Testing
Testing\thya\477.jpg,thya,Testing
Testing\thya\478.jpg,thya,Testing
Testing\thya\479.jpg,thya,Testing
Testing\thya\480.jpg,thya,Testing
Testing\thya\481.jpg,thya,Testing
Testing\thya\482.jpg,thya,Testing
Testing\thya\483.jpg,thya,Testing
Testing\thya\484.jpg,thya,Testing
Testing\thya\485.jpg,thya,Testing
Testing\thya\486.jpg,thya,Testing
Testing\thya\487.jpg,thya,Testing
Testing\thya\488.jpg,thya,Testing
Testing\thya\489.jpg,thya,Testing
Testing\thya\490.jpg,thya,Testing
Testing\thya\491.jpg,thya,Testing
Testing\thya\492.jpg,thya,Testing
Testing\thya\493.jpg,thya,Testing
Testing\thya\494.jpg,thya,Testing
Testing\thya\495.jpg,thya,Testing
Testing\thya\496.jpg,thya,Testing
Testing\thya\497.jpg,thya,Testing
Testing\thya\498.jpg,thya,Testing
Testing\thya\499.jpg,thya,Testing
Testing\thya\500.jpg,thya,Testing
Testing\thya\501.jpg,thya,Testing
Testing\thya\502.jpg,thya,Testing
Testing\thya\503.jpg,thya,Testing
Testing\thya\504.jpg,thya,Testing
Testing\thya\505.jpg,thya,Testing
Testing\thya\506.jpg,thya,Testing
Testing\thya\507.jpg,thya,Testing
Testing\thya\508.jpg,thya,Testing
Testing\thya\509.jpg,thya,Testing
Testing\thya\510.jpg,thya,Testing
Testing\thya\511.jpg,thya,Testing
Testing\thya\512.jpg,thya,Testing
Testing\thya\513.jpg,thya,Testing
Testing\thya\514.jpg,thya,Testing
Testing\thya\515.jpg,thya,Testing
Testing\thya\516.jpg,thya,Testing
Testing\thya\517.jpg,thya,Testing
Testing\thya\518.jpg,thya,Testing
Testing\thya\519.jpg,thya,Testing
Testing\thya\520.jpg,thya,Testing
Testing\thya\521.jpg,thya,Testing
Testing\thya\522.jpg,thya,Testing
Testing\thya\523.jpg,thya,Testing
Testing\thya\524.jpg,thya,Testing
Testing\thya\525.jpg,thya,Testing
Testing\thya\526.jpg,thya,Testing
Testing\thya\527.jpg,thya,Testing
Testing\thya\528.jpg,thya,Testing
Testing\thya\529.jpg,thya,Testing
Testing\thya\530.jpg,thya,Testing
Testing\thya\531.jpg,thya,Testing
Testing\thya\532.jpg,thya,Testing
Testing\thya\533.jpg,thya,Testing
Testing\thya\534.jpg,thya,Testing
Testing\thya\535.jpg,thya,Testing
Testing\thya\536.jpg,thya,Testing
Testing\thya\537.jpg,thya,Testing
Testing\thya\538.jpg,thya,Testing
Testing\thya\539.jpg,thya,Testing
Testing\thya\540.jpg,thya,Testing
Testing\thya\541.jpg,thya,Testing
Testing\thya\542.jpg,thya,Testing
Testing\thya\543.jpg,thya,Testing
Testing\thya\544.jpg,thya,Testing
Testing\thya\545.jpg,thya,Testing
Testing\thya\546.jpg,thya,Testing
Testing\thya\547.jpg,thya,Testing
Testing\thya\548.jpg,thya,Testing
Testing\thya\549.jpg,thya,Testing
Testing\thya\550.jpg,thya,Testing
Testing\thya\551.jpg,thya,Testing
Testing\thya\552.jpg,thya,Testing
Testing\thya\553.jpg,thya,Testing
Testing\thya\554.jpg,thya,Testing
Testing\thya\555.jpg,thya,Testing
Testing\thya\556.jpg,thya,Testing
Testing\thya\557.jpg,thya,Testing
Testing\thya\558.jpg,thya,Testing
Testing\thya\559.jpg,thya,Testing
Testing\thya\560.jpg,thya,Testing
Testing\thya\561.jpg,thya,Testing
Testing\thya\562.jpg,thya,Testing
Testing\thya\563.jpg,thya,Testing
Testing\thya\564.jpg,thya,Testing
Testing\thya\565.jpg,thya,Testing
Testing\thya\566.jpg,thya,Testing
Testing\thya\567.jpg,thya,Testing
Testing\thya\568.jpg,thya,Testing
Testing\thya\569.jpg,thya,Testing
Testing\thya\570.jpg,thya,Testing
Testing\thya\571.jpg,thya,Testing
Testing\thya\572.jpg,thya,Testing
Testing\thya\573.jpg,thya,Testing
Testing\thya\574.jpg,thya,Testing
Testing\thya\575.jpg,thya,Testing
Testing\thya\576.jpg,thya,Testing
Testing\thya\577.jpg,thya,Testing
Testing\thya\578.jpg,thya,Testing
Testing\thya\579.jpg,thya,Testing
Testing\thya\580.jpg,thya,Testing
Testing\thya\581.jpg,thya,Testing
Testing\thya\582.jpg,thya,Testing
Testing\thya\583.jpg,thya,Testing
Testing\thya\584.jpg,thya,Testing
Testing\thya\585.jpg,thya,Testing
Testing\thya\586.jpg,thya,Testing
Testing\thya\587.jpg,thya,Testing
Testing\thya\588.jpg,thya,Testing
Testing\thya\589.jpg,thya,Testing
Testing\thya\590.jpg,thya,Testing
Testing\thya\591.jpg,thya,Testing
Testing\thya\592.jpg,thya,Testing
Testing\thya\593.jpg,thya,Testing
Testing\thya\594.jpg,thya,Testing
Testing\thya\595.jpg,thya,Testing
Testing\thya\596.jpg,thya,Testing
Testing\thya\597.jpg,thya,Testing
Testing\thya\598.jpg,thya,Testing
Testing\thya\599.jpg,thya,Testing
Testing\thya\600.jpg,thya,Testing
Testing\tya\421.jpg,tya,Testing
Testing\tya\422.jpg,tya,Testing
Testing\tya\423.jpg,tya,Testing
Testing\tya\424.jpg,tya,Testing
Testing\tya\425.jpg,tya,Testing
Testing\tya\426.jpg,tya,Testing
Testing\tya\427.jpg,tya,Testing
Testing\tya\428.jpg,tya,Testing
Testing\tya\429.jpg,tya,Testing
Testing\tya\430.jpg,tya,Testing
Testing\tya\431.jpg,tya,Testing
Testing\tya\432.jpg,tya,Testing
Testing\tya\433.jpg,tya,Testing
Testing\tya\434.jpg,tya,Testing
Testing\tya\435.jpg,tya,Testing
Testing\tya\436.jpg,tya,Testing
Testing\tya\437.jpg,tya,Testing
Testing\tya\438.jpg,tya,Testing
Testing\tya\439.jpg,tya,Testing
Testing\tya\440.jpg,tya,Testing
Testing\tya\441.jpg,tya,Testing
Testing\tya\442.jpg,tya,Testing
Testing\tya\443.jpg,tya,Testing
Testing\tya\444.jpg,tya,Testing
Testing\tya\445.jpg,tya,Testing
Testing\tya\446.jpg,tya,Testing
Testing\tya\447.jpg,tya,Testing
Testing\tya\448.jpg,tya,Testing
Testing\tya\449.jpg,tya,Testing
Testing\tya\450.jpg,tya,Testing
Testing\tya\451.jpg,tya,Testing
Testing\tya\452.jpg,tya,Testing
Testing\tya\453.jpg,tya,Testing
Testing\tya\454.jpg,tya,Testing
Testing\tya\455.jpg,tya,Testing
Testing\tya\456.jpg,tya,Testing
Testing\tya\457.jpg,tya,Testing
Testing\tya\458.jpg,tya,Testing
Testing\tya\459.jpg,tya,Testing
Testing\tya\460.jpg,tya,Testing
Testing\tya\461.jpg,tya,Testing
Testing\tya\462.jpg,tya,Testing
Testing\tya\463.jpg,tya,Testing
Testing\tya\464.jpg,tya,Testing
Testing\tya\465.jpg,tya,Testing
Testing\tya\466.jpg,tya,Testing
Testing\tya\467.jpg,tya,Testing
Testing\tya\468.jpg,tya,Testing
Testing\tya\469.jpg,tya,Testing
Testing\tya\470.jpg,tya,Testing
Testing\tya\471.jpg,tya,Testing
Testing\tya\472.jpg,tya,Testing
Testing\tya\473.jpg,tya,Testing
Testing\tya\474.jpg,tya,Testing
Testing\tya\475.jpg,tya,Testing
Testing\tya\476.jpg,tya,Testing
Testing\tya\477.jpg,tya,Testing
Testing\tya\478.jpg,tya,Testing
Testing\tya\479.jpg,tya,Testing
Testing\tya\480.jpg,tya,Testing
Testing\tya\481.jpg,tya,Testing
Testing\tya\482.jpg,tya,Testing
Testing\tya\483.jpg,tya,Testing
Testing\tya\484.jpg,tya,Testing
Testing\tya\485.jpg,tya,Testing
Testing\tya\486.jpg,tya,Testing
Testing\tya\487.jpg,tya,Testing
Testing\tya\488.jpg,tya,Testing
Testing\tya\489.jpg,tya,Testing
Testing\tya\490.jpg,tya,Testing
Testing\tya\491.jpg,tya,Testing
Testing\tya\492.jpg,tya,Testing
Testing\tya\493.jpg,tya,Testing
Testing\tya\494.jpg,tya,Testing
Testing\tya\495.jpg,tya,Testing
Testing\tya\496.jpg,tya,Testing
Testing\tya\497.jpg,tya,Testing
Testing\tya\498.jpg,tya,Testing
Testing\tya\499.jpg,tya,Testing
Testing\tya\500.jpg,tya,Testing
Testing\tya\501.jpg,tya,Testing
Testing\tya\502.jpg,tya,Testing
Testing\tya\503.jpg,tya,Testing
Testing\tya\504.jpg,tya,Testing
Testing\tya\505.jpg,tya,Testing
Testing\tya\506.jpg,tya,Testing
Testing\tya\507.jpg,tya,Testing
Testing\tya\508.jpg,tya,Testing
Testing\tya\509.jpg,tya,Testing
Testing\tya\510.jpg,tya,Testing
Testing\tya\511.jpg,tya,Testing
Testing\tya\512.jpg,tya,Testing
Testing\tya\513.jpg,tya,Testing
Testing\tya\514.jpg,tya,Testing
Testing\tya\515.jpg,tya,Testing
Testing\tya\516.jpg,tya,Testing
Testing\tya\517.jpg,tya,Testing
Testing\tya\518.jpg,tya,Testing
Testing\tya\519.jpg,tya,Testing
Testing\tya\520.jpg,tya,Testing
Testing\tya\521.jpg,tya,Testing
Testing\tya\522.jpg,tya,Testing
Testing\tya\523.jpg,tya,Testing
Testing\tya\524.jpg,tya,Testing
Testing\tya\525.jpg,tya,Testing
Testing\tya\526.jpg,tya,Testing
Testing\tya\527.jpg,tya,Testing
Testing\tya\528.jpg,tya,Testing
Testing\tya\529.jpg,tya,Testing
Testing\tya\530.jpg,tya,Testing
Testing\tya\531.jpg,tya,Testing
Testing\tya\532.jpg,tya,Testing
Testing\tya\533.jpg,tya,Testing
Testing\tya\534.jpg,tya,Testing
Testing\tya\535.jpg,tya,Testing
Testing\tya\536.jpg,tya,Testing
Testing\tya\537.jpg,tya,Testing
Testing\tya\538.jpg,tya,Testing
Testing\tya\539.jpg,tya,Testing
Testing\tya\540.jpg,tya,Testing
Testing\tya\541.jpg,tya,Testing
Testing\tya\542.jpg,tya,Testing
Testing\tya\543.jpg,tya,Testing
Testing\tya\544.jpg,tya,Testing
Testing\tya\545.jpg,tya,Testing
Testing\tya\546.jpg,tya,Testing
Testing\tya\547.jpg,tya,Testing
Testing\tya\548.jpg,tya,Testing
Testing\tya\549.jpg,tya,Testing
Testing\tya\550.jpg,tya,Testing
Testing\tya\551.jpg,tya,Testing
Testing\tya\552.jpg,tya,Testing
Testing\tya\553.jpg,tya,Testing
Testing\tya\554.jpg,tya,Testing
Testing\tya\555.jpg,tya,Testing
Testing\tya\556.jpg,tya,Testing
Testing\tya\557.jpg,tya,Testing
Testing\tya\558.jpg,tya,Testing
Testing\tya\559.jpg,tya,Testing
Testing\tya\560.jpg,tya,Testing
Testing\tya\561.jpg,tya,Testing
Testing\tya\562.jpg,tya,Testing
Testing\tya\563.jpg,tya,Testing
Testing\tya\564.jpg,tya,Testing
Testing\tya\565.jpg,tya,Testing
Testing\tya\566.jpg,tya,Testing
Testing\tya\567.jpg,tya,Testing
Testing\tya\568.jpg,tya,Testing
Testing\tya\569.jpg,tya,Testing
Testing\tya\570.jpg,tya,Testing
Testing\tya\571.jpg,tya,Testing
Testing\tya\572.jpg,tya,Testing
Testing\tya\573.jpg,tya,Testing
Testing\tya\574.jpg,tya,Testing
Testing\tya\575.jpg,tya,Testing
Testing\tya\576.jpg,tya,Testing
Testing\tya\577.jpg,tya,Testing
Testing\tya\578.jpg,tya,Testing
Testing\tya\579.jpg,tya,Testing
Testing\tya\580.jpg,tya,Testing
Testing\tya\581.jpg,tya,Testing
Testing\tya\582.jpg,tya,Testing
Testing\tya\583.jpg,tya,Testing
Testing\tya\584.jpg,tya,Testing
Testing\tya\585.jpg,tya,Testing
Testing\tya\586.jpg,tya,Testing
Testing\tya\587.jpg,tya,Testing
Testing\tya\588.jpg,tya,Testing
Testing\tya\589.jpg,tya,Testing
Testing\tya\590.jpg,tya,Testing
Testing\tya\591.jpg,tya,Testing
Testing\tya\592.jpg,tya,Testing
Testing\tya\593.jpg,tya,Testing
Testing\tya\594.jpg,tya,Testing
Testing\tya\595.jpg,tya,Testing
Testing\tya\596.jpg,tya,Testing
Testing\tya\597.jpg,tya,Testing
Testing\tya\598.jpg,tya,Testing
Testing\tya\599.jpg,tya,Testing
Testing\tya\600.jpg,tya,Testing
Testing\u\421.jpg,u,Testing
Testing\u\422.jpg,u,Testing
Testing\u\423.jpg,u,Testing
Testing\u\424.jpg,u,Testing
Testing\u\425.jpg,u,Testing
Testing\u\426.jpg,u,Testing
Testing\u\427.jpg,u,Testing
Testing\u\428.jpg,u,Testing
Testing\u\429.jpg,u,Testing
Testing\u\430.jpg,u,Testing
Testing\u\431.jpg,u,Testing
Testing\u\432.jpg,u,Testing
Testing\u\433.jpg,u,Testing
Testing\u\434.jpg,u,Testing
Testing\u\435.jpg,u,Testing
Testing\u\436.jpg,u,Testing
Testing\u\437.jpg,u,Testing
Testing\u\438.jpg,u,Testing
Testing\u\439.jpg,u,Testing
Testing\u\440.jpg,u,Testing
Testing\u\441.jpg,u,Testing
Testing\u\442.jpg,u,Testing
Testing\u\443.jpg,u,Testing
Testing\u\444.jpg,u,Testing
Testing\u\445.jpg,u,Testing
Testing\u\446.jpg,u,Testing
Testing\u\447.jpg,u,Testing
Testing\u\448.jpg,u,Testing
Testing\u\449.jpg,u,Testing
Testing\u\450.jpg,u,Testing
Testing\u\451.jpg,u,Testing
Testing\u\452.jpg,u,Testing
Testing\u\453.jpg,u,Testing
Testing\u\454.jpg,u,Testing
Testing\u\455.jpg,u,Testing
Testing\u\456.jpg,u,Testing
Testing\u\457.jpg,u,Testing
Testing\u\458.jpg,u,Testing
Testing\u\459.jpg,u,Testing
Testing\u\460.jpg,u,Testing
Testing\u\461.jpg,u,Testing
Testing\u\462.jpg,u,Testing
Testing\u\463.jpg,u,Testing
Testing\u\464.jpg,u,Testing
Testing\u\465.jpg,u,Testing
Testing\u\466.jpg,u,Testing
Testing\u\467.jpg,u,Testing
Testing\u\468.jpg,u,Testing
Testing\u\469.jpg,u,Testing
Testing\u\470.jpg,u,Testing
Testing\u\471.jpg,u,Testing
Testing\u\472.jpg,u,Testing
Testing\u\473.jpg,u,Testing
Testing\u\474.jpg,u,Testing
Testing\u\475.jpg,u,Testing
Testing\u\476.jpg,u,Testing
Testing\u\477.jpg,u,Testing
Testing\u\478.jpg,u,Testing
Testing\u\479.jpg,u,Testing
Testing\u\480.jpg,u,Testing
Testing\u\481.jpg,u,Testing
Testing\u\482.jpg,u,Testing
Testing\u\483.jpg,u,Testing
Testing\u\484.jpg,u,Testing
Testing\u\485.jpg,u,Testing
Testing\u\486.jpg,u,Testing
Testing\u\487.jpg,u,Testing
Testing\u\488.jpg,u,Testing
Testing\u\489.jpg,u,Testing
Testing\u\490.jpg,u,Testing
Testing\u\491.jpg,u,Testing
Testing\u\492.jpg,u,Testing
Testing\u\493.jpg,u,Testing
Testing\u\494.jpg,u,Testing
Testing\u\495.jpg,u,Testing
Testing\u\496.jpg,u,Testing
Testing\u\497.jpg,u,Testing
Testing\u\498.jpg,u,Testing
Testing\u\499.jpg,u,Testing
Testing\u\500.jpg,u,Testing
Testing\u\501.jpg,u,Testing
Testing\u\502.jpg,u,Testing
Testing\u\503.jpg,u,Testing
Testing\u\504.jpg,u,Testing
Testing\u\505.jpg,u,Testing
Testing\u\506.jpg,u,Testing
Testing\u\507.jpg,u,Testing
Testing\u\508.jpg,u,Testing
Testing\u\509.jpg,u,Testing
Testing\u\510.jpg,u,Testing
Testing\u\511.jpg,u,Testing
Testing\u\512.jpg,u,Testing
Testing\u\513.jpg,u,Testing
Testing\u\514.jpg,u,Testing
Testing\u\515.jpg,u,Testing
Testing\u\516.jpg,u,Testing
Testing\u\517.jpg,u,Testing
Testing\u\518.jpg,u,Testing
Testing\u\519.jpg,u,Testing
Testing\u\520.jpg,u,Testing
Testing\u\521.jpg,u,Testing
Testing\u\522.jpg,u,Testing
Testing\u\523.jpg,u,Testing
Testing\u\524.jpg,u,Testing
Testing\u\525.jpg,u,Testing
Testing\u\526.jpg,u,Testing
Testing\u\527.jpg,u,Testing
Testing\u\528.jpg,u,Testing
Testing\u\529.jpg,u,Testing
Testing\u\530.jpg,u,Testing
Testing\u\531.jpg,u,Testing
Testing\u\532.jpg,u,Testing
Testing\u\533.jpg,u,Testing
Testing\u\534.jpg,u,Testing
Testing\u\535.jpg,u,Testing
Testing\u\536.jpg,u,Testing
Testing\u\537.jpg,u,Testing
Testing\u\538.jpg,u,Testing
Testing\u\539.jpg,u,Testing
Testing\u\540.jpg,u,Testing
Testing\u\541.jpg,u,Testing
Testing\u\542.jpg,u,Testing
Testing\u\543.jpg,u,Testing
Testing\u\544.jpg,u,Testing
Testing\u\545.jpg,u,Testing
Testing\u\546.jpg,u,Testing
Testing\u\547.jpg,u,Testing
Testing\u\548.jpg,u,Testing
Testing\u\549.jpg,u,Testing
Testing\u\550.jpg,u,Testing
Testing\u\551.jpg,u,Testing
Testing\u\552.jpg,u,Testing
Testing\u\553.jpg,u,Testing
Testing\u\554.jpg,u,Testing
Testing\u\555.jpg,u,Testing
Testing\u\556.jpg,u,Testing
Testing\u\557.jpg,u,Testing
Testing\u\558.jpg,u,Testing
Testing\u\559.jpg,u,Testing
Testing\u\560.jpg,u,Testing
Testing\u\561.jpg,u,Testing
Testing\u\562.jpg,u,Testing
Testing\u\563.jpg,u,Testing
Testing\u\564.jpg,u,Testing
Testing\u\565.jpg,u,Testing
Testing\u\566.jpg,u,Testing
Testing\u\567.jpg,u,Testing
Testing\u\568.jpg,u,Testing
Testing\u\569.jpg,u,Testing
Testing\u\570.jpg,u,Testing
Testing\u\571.jpg,u,Testing
Testing\u\572.jpg,u,Testing
Testing\u\573.jpg,u,Testing
Testing\u\574.jpg,u,Testing
Testing\u\575.jpg,u,Testing
Testing\u\576.jpg,u,Testing
Testing\u\577.jpg,u,Testing
Testing\u\578.jpg,u,Testing
Testing\u\579.jpg,u,Testing
Testing\u\580.jpg,u,Testing
Testing\u\581.jpg,u,Testing
Testing\u\582.jpg,u,Testing
Testing\u\583.jpg,u,Testing
Testing\u\584.jpg,u,Testing
Testing\u\585.jpg,u,Testing
Testing\u\586.jpg,u,Testing
Testing\u\587.jpg,u,Testing
Testing\u\588.jpg,u,Testing
Testing\u\589.jpg,u,Testing
Testing\u\590.jpg,u,Testing
Testing\u\591.jpg,u,Testing
Testing\u\592.jpg,u,Testing
Testing\u\593.jpg,u,Testing
Testing\u\594.jpg,u,Testing
Testing\u\595.jpg,u,Testing
Testing\u\596.jpg,u,Testing
Testing\u\597.jpg,u,Testing
Testing\u\598.jpg,u,Testing
Testing\u\599.jpg,u,Testing
Testing\u\600.jpg,u,Testing
Testing\va\421.jpg,va,Testing
Testing\va\422.jpg,va,Testing
Testing\va\423.jpg,va,Testing
Testing\va\424.jpg,va,Testing
Testing\va\425.jpg,va,Testing
Testing\va\426.jpg,va,Testing
Testing\va\427.jpg,va,Testing
Testing\va\428.jpg,va,Testing
Testing\va\429.jpg,va,Testing
Testing\va\430.jpg,va,Testing
Testing\va\431.jpg,va,Testing
Testing\va\432.jpg,va,Testing
Testing\va\433.jpg,va,Testing
Testing\va\434.jpg,va,Testing
Testing\va\435.jpg,va,Testing
Testing\va\436.jpg,va,Testing
Testing\va\437.jpg,va,Testing
Testing\va\438.jpg,va,Testing
Testing\va\439.jpg,va,Testing
Testing\va\440.jpg,va,Testing
Testing\va\441.jpg,va,Testing
Testing\va\442.jpg,va,Testing
Testing\va\443.jpg,va,Testing
Testing\va\444.jpg,va,Testing
Testing\va\445.jpg,va,Testing
Testing\va\446.jpg,va,Testing
Testing\va\447.jpg,va,Testing
Testing\va\448.jpg,va,Testing
Testing\va\449.jpg,va,Testing
Testing\va\450.jpg,va,Testing
Testing\va\451.jpg,va,Testing
Testing\va\452.jpg,va,Testing
Testing\va\453.jpg,va,Testing
Testing\va\454.jpg,va,Testing
Testing\va\455.jpg,va,Testing
Testing\va\456.jpg,va,Testing
Testing\va\457.jpg,va,Testing
Testing\va\458.jpg,va,Testing
Testing\va\459.jpg,va,Testing
Testing\va\460.jpg,va,Testing
Testing\va\461.jpg,va,Testing
Testing\va\462.jpg,va,Testing
Testing\va\463.jpg,va,Testing
Testing\va\464.jpg,va,Testing
Testing\va\465.jpg,va,Testing
Testing\va\466.jpg,va,Testing
Testing\va\467.jpg,va,Testing
Testing\va\468.jpg,va,Testing
Testing\va\469.jpg,va,Testing
Testing\va\470.jpg,va,Testing
Testing\va\471.jpg,va,Testing
Testing\va\472.jpg,va,Testing
Testing\va\473.jpg,va,Testing
Testing\va\474.jpg,va,Testing
Testing\va\475.jpg,va,Testing
Testing\va\476.jpg,va,Testing
Testing\va\477.jpg,va,Testing
Testing\va\478.jpg,va,Testing
Testing\va\479.jpg,va,Testing
Testing\va\480.jpg,va,Testing
Testing\va\481.jpg,va,Testing
Testing\va\482.jpg,va,Testing
Testing\va\483.jpg,va,Testing
Testing\va\484.jpg,va,Testing
Testing\va\485.jpg,va,Testing
Testing\va\486.jpg,va,Testing
Testing\va\487.jpg,va,Testing
Testing\va\488.jpg,va,Testing
Testing\va\489.jpg,va,Testing
Testing\va\490.jpg,va,Testing
Testing\va\491.jpg,va,Testing
Testing\va\492.jpg,va,Testing
Testing\va\493.jpg,va,Testing
Testing\va\494.jpg,va,Testing
Testing\va\495.jpg,va,Testing
Testing\va\496.jpg,va,Testing
Testing\va\497.jpg,va,Testing
Testing\va\498.jpg,va,Testing
Testing\va\499.jpg,va,Testing
Testing\va\500.jpg,va,Testing
Testing\va\501.jpg,va,Testing
Testing\va\502.jpg,va,Testing
Testing\va\503.jpg,va,Testing
Testing\va\504.jpg,va,Testing
Testing\va\505.jpg,va,Testing
Testing\va\506.jpg,va,Testing
Testing\va\507.jpg,va,Testing
Testing\va\508.jpg,va,Testing
Testing\va\509.jpg,va,Testing
Testing\va\510.jpg,va,Testing
Testing\va\511.jpg,va,Testing
Testing\va\512.jpg,va,Testing
Testing\va\513.jpg,va,Testing
Testing\va\514.jpg,va,Testing
Testing\va\515.jpg,va,Testing
Testing\va\516.jpg,va,Testing
Testing\va\517.jpg,va,Testing
Testing\va\518.jpg,va,Testing
Testing\va\519.jpg,va,Testing
Testing\va\520.jpg,va,Testing
Testing\va\521.jpg,va,Testing
Testing\va\522.jpg,va,Testing
Testing\va\523.jpg,va,Testing
Testing\va\524.jpg,va,Testing
Testing\va\525.jpg,va,Testing
Testing\va\526.jpg,va,Testing
Testing\va\527.jpg,va,Testing
Testing\va\528.jpg,va,Testing
Testing\va\529.jpg,va,Testing
Testing\va\530.jpg,va,Testing
Testing\va\531.jpg,va,Testing
Testing\va\532.jpg,va,Testing
Testing\va\533.jpg,va,Testing
Testing\va\534.jpg,va,Testing
Testing\va\535.jpg,va,Testing
Testing\va\536.jpg,va,Testing
Testing\va\537.jpg,va,Testing
Testing\va\538.jpg,va,Testing
Testing\va\539.jpg,va,Testing
Testing\va\540.jpg,va,Testing
Testing\va\541.jpg,va,Testing
Testing\va\542.jpg,va,Testing
Testing\va\543.jpg,va,Testing
Testing\va\544.jpg,va,Testing
Testing\va\545.jpg,va,Testing
Testing\va\546.jpg,va,Testing
Testing\va\547.jpg,va,Testing
Testing\va\548.jpg,va,Testing
Testing\va\549.jpg,va,Testing
Testing\va\550.jpg,va,Testing
Testing\va\551.jpg,va,Testing
Testing\va\552.jpg,va,Testing
Testing\va\553.jpg,va,Testing
Testing\va\554.jpg,va,Testing
Testing\va\555.jpg,va,Testing
Testing\va\556.jpg,va,Testing
Testing\va\557.jpg,va,Testing
Testing\va\558.jpg,va,Testing
Testing\va\559.jpg,va,Testing
Testing\va\560.jpg,va,Testing
Testing\va\561.jpg,va,Testing
Testing\va\562.jpg,va,Testing
Testing\va\563.jpg,va,Testing
Testing\va\564.jpg,va,Testing
Testing\va\565.jpg,va,Testing
Testing\va\566.jpg,va,Testing
Testing\va\567.jpg,va,Testing
Testing\va\568.jpg,va,Testing
Testing\va\569.jpg,va,Testing
Testing\va\570.jpg,va,Testing
Testing\va\571.jpg,va,Testing
Testing\va\572.jpg,va,Testing
Testing\va\573.jpg,va,Testing
Testing\va\574.jpg,va,Testing
Testing\va\575.jpg,va,Testing
Testing\va\576.jpg,va,Testing
Testing\va\577.jpg,va,Testing
Testing\va\578.jpg,va,Testing
Testing\va\579.jpg,va,Testing
Testing\va\580.jpg,va,Testing
Testing\va\581.jpg,va,Testing
Testing\va\582.jpg,va,Testing
Testing\va\583.jpg,va,Testing
Testing\va\584.jpg,va,Testing
Testing\va\585.jpg,va,Testing
Testing\va\586.jpg,va,Testing
Testing\va\587.jpg,va,Testing
Testing\va\588.jpg,va,Testing
Testing\va\589.jpg,va,Testing
Testing\va\590.jpg,va,Testing
Testing\va\591.jpg,va,Testing
Testing\va\592.jpg,va,Testing
Testing\va\593.jpg,va,Testing
Testing\va\594.jpg,va,Testing
Testing\va\595.jpg,va,Testing
Testing\va\596.jpg,va,Testing
Testing\va\597.jpg,va,Testing
Testing\va\598.jpg,va,Testing
Testing\va\599.jpg,va,Testing
Testing\va\600.jpg,va,Testing
Testing\ya\421.jpg,ya,Testing
Testing\ya\422.jpg,ya,Testing
Testing\ya\423.jpg,ya,Testing
Testing\ya\424.jpg,ya,Testing
Testing\ya\425.jpg,ya,Testing
Testing\ya\426.jpg,ya,Testing
Testing\ya\427.jpg,ya,Testing
Testing\ya\428.jpg,ya,Testing
Testing\ya\429.jpg,ya,Testing
Testing\ya\430.jpg,ya,Testing
Testing\ya\431.jpg,ya,Testing
Testing\ya\432.jpg,ya,Testing
Testing\ya\433.jpg,ya,Testing
Testing\ya\434.jpg,ya,Testing
Testing\ya\435.jpg,ya,Testing
Testing\ya\436.jpg,ya,Testing
Testing\ya\437.jpg,ya,Testing
Testing\ya\438.jpg,ya,Testing
Testing\ya\439.jpg,ya,Testing
Testing\ya\440.jpg,ya,Testing
Testing\ya\441.jpg,ya,Testing
Testing\ya\442.jpg,ya,Testing
Testing\ya\443.jpg,ya,Testing
Testing\ya\444.jpg,ya,Testing
Testing\ya\445.jpg,ya,Testing
Testing\ya\446.jpg,ya,Testing
Testing\ya\447.jpg,ya,Testing
Testing\ya\448.jpg,ya,Testing
Testing\ya\449.jpg,ya,Testing
Testing\ya\450.jpg,ya,Testing
Testing\ya\451.jpg,ya,Testing
Testing\ya\452.jpg,ya,Testing
Testing\ya\453.jpg,ya,Testing
Testing\ya\454.jpg,ya,Testing
Testing\ya\455.jpg,ya,Testing
Testing\ya\456.jpg,ya,Testing
Testing\ya\457.jpg,ya,Testing
Testing\ya\458.jpg,ya,Testing
Testing\ya\459.jpg,ya,Testing
Testing\ya\460.jpg,ya,Testing
Testing\ya\461.jpg,ya,Testing
Testing\ya\462.jpg,ya,Testing
Testing\ya\463.jpg,ya,Testing
Testing\ya\464.jpg,ya,Testing
Testing\ya\465.jpg,ya,Testing
Testing\ya\466.jpg,ya,Testing
Testing\ya\467.jpg,ya,Testing
Testing\ya\468.jpg,ya,Testing
Testing\ya\469.jpg,ya,Testing
Testing\ya\470.jpg,ya,Testing
Testing\ya\471.jpg,ya,Testing
Testing\ya\472.jpg,ya,Testing
Testing\ya\473.jpg,ya,Testing
Testing\ya\474.jpg,ya,Testing
Testing\ya\475.jpg,ya,Testing
Testing\ya\476.jpg,ya,Testing
Testing\ya\477.jpg,ya,Testing
Testing\ya\478.jpg,ya,Testing
Testing\ya\479.jpg,ya,Testing
Testing\ya\480.jpg,ya,Testing
Testing\ya\481.jpg,ya,Testing
Testing\ya\482.jpg,ya,Testing
Testing\ya\483.jpg,ya,Testing
Testing\ya\484.jpg,ya,Testing
Testing\ya\485.jpg,ya,Testing
Testing\ya\486.jpg,ya,Testing
Testing\ya\487.jpg,ya,Testing
Testing\ya\488.jpg,ya,Testing
Testing\ya\489.jpg,ya,Testing
Testing\ya\490.jpg,ya,Testing
Testing\ya\491.jpg,ya,Testing
Testing\ya\492.jpg,ya,Testing
Testing\ya\493.jpg,ya,Testing
Testing\ya\494.jpg,ya,Testing
Testing\ya\495.jpg,ya,Testing
Testing\ya\496.jpg,ya,Testing
Testing\ya\497.jpg,ya,Testing
Testing\ya\498.jpg,ya,Testing
Testing\ya\499.jpg,ya,Testing
Testing\ya\500.jpg,ya,Testing
Testing\ya\501.jpg,ya,Testing
Testing\ya\502.jpg,ya,Testing
Testing\ya\503.jpg,ya,Testing
Testing\ya\504.jpg,ya,Testing
Testing\ya\505.jpg,ya,Testing
Testing\ya\506.jpg,ya,Testing
Testing\ya\507.jpg,ya,Testing
Testing\ya\508.jpg,ya,Testing
Testing\ya\509.jpg,ya,Testing
Testing\ya\510.jpg,ya,Testing
Testing\ya\511.jpg,ya,Testing
Testing\ya\512.jpg,ya,Testing
Testing\ya\513.jpg,ya,Testing
Testing\ya\514.jpg,ya,Testing
Testing\ya\515.jpg,ya,Testing
Testing\ya\516.jpg,ya,Testing
Testing\ya\517.jpg,ya,Testing
Testing\ya\518.jpg,ya,Testing
Testing\ya\519.jpg,ya,Testing
Testing\ya\520.jpg,ya,Testing
Testing\ya\521.jpg,ya,Testing
Testing\ya\522.jpg,ya,Testing
Testing\ya\523.jpg,ya,Testing
Testing\ya\524.jpg,ya,Testing
Testing\ya\525.jpg,ya,Testing
Testing\ya\526.jpg,ya,Testing
Testing\ya\527.jpg,ya,Testing
Testing\ya\528.jpg,ya,Testing
Testing\ya\529.jpg,ya,Testing
Testing\ya\530.jpg,ya,Testing
Testing\ya\531.jpg,ya,Testing
Testing\ya\532.jpg,ya,Testing
Testing\ya\533.jpg,ya,Testing
Testing\ya\534.jpg,ya,Testing
Testing\ya\535.jpg,ya,Testing
Testing\ya\536.jpg,ya,Testing
Testing\ya\537.jpg,ya,Testing
Testing\ya\538.jpg,ya,Testing
Testing\ya\539.jpg,ya,Testing
Testing\ya\540.jpg,ya,Testing
Testing\ya\541.jpg,ya,Testing
Testing\ya\542.jpg,ya,Testing
Testing\ya\543.jpg,ya,Testing
Testing\ya\544.jpg,ya,Testing
Testing\ya\545.jpg,ya,Testing
Testing\ya\546.jpg,ya,Testing
Testing\ya\547.jpg,ya,Testing
Testing\ya\548.jpg,ya,Testing
Testing\ya\549.jpg,ya,Testing
Testing\ya\550.jpg,ya,Testing
Testing\ya\551.jpg,ya,Testing
Testing\ya\552.jpg,ya,Testing
Testing\ya\553.jpg,ya,Testing
Testing\ya\554.jpg,ya,Testing
Testing\ya\555.jpg,ya,Testing
Testing\ya\556.jpg,ya,Testing
Testing\ya\557.jpg,ya,Testing
Testing\ya\558.jpg,ya,Testing
Testing\ya\559.jpg,ya,Testing
Testing\ya\560.jpg,ya,Testing
Testing\ya\561.jpg,ya,Testing
Testing\ya\562.jpg,ya,Testing
Testing\ya\563.jpg,ya,Testing
Testing\ya\564.jpg,ya,Testing
Testing\ya\565.jpg,ya,Testing
Testing\ya\566.jpg,ya,Testing
Testing\ya\567.jpg,ya,Testing
Testing\ya\568.jpg,ya,Testing
Testing\ya\569.jpg,ya,Testing
Testing\ya\570.jpg,ya,Testing
Testing\ya\571.jpg,ya,Testing
Testing\ya\572.jpg,ya,Testing
Testing\ya\573.jpg,ya,Testing
Testing\ya\574.jpg,ya,Testing
Testing\ya\575.jpg,ya,Testing
Testing\ya\576.jpg,ya,Testing
Testing\ya\577.jpg,ya,Testing
Testing\ya\578.jpg,ya,Testing
Testing\ya\579.jpg,ya,Testing
Testing\ya\580.jpg,ya,Testing
Testing\ya\581.jpg,ya,Testing
Testing\ya\582.jpg,ya,Testing
Testing\ya\583.jpg,ya,Testing
Testing\ya\584.jpg,ya,Testing
Testing\ya\585.jpg,ya,Testing
Testing\ya\586.jpg,ya,Testing
Testing\ya\587.jpg,ya,Testing
Testing\ya\588.jpg,ya,Testing
Testing\ya\589.jpg,ya,Testing
Testing\ya\590.jpg,ya,Testing
Testing\ya\591.jpg,ya,Testing
Testing\ya\592.jpg,ya,Testing
Testing\ya\593.jpg,ya,Testing
Testing\ya\594.jpg,ya,Testing
Testing\ya\595.jpg,ya,Testing
Testing\ya\596.jpg,ya,Testing
Testing\ya\597.jpg,ya,Testing
Testing\ya\598.jpg,ya,Testing
Testing\ya\599.jpg,ya,Testing
Testing\ya\600.jpg,ya,Testing
Testing\yan\421.jpg,yan,Testing
Testing\yan\422.jpg,yan,Testing
Testing\yan\423.jpg,yan,Testing
Testing\yan\424.jpg,yan,Testing
Testing\yan\425.jpg,yan,Testing
Testing\yan\426.jpg,yan,Testing
Testing\yan\427.jpg,yan,Testing
Testing\yan\428.jpg,yan,Testing
Testing\yan\429.jpg,yan,Testing
Testing\yan\430.jpg,yan,Testing
Testing\yan\431.jpg,yan,Testing
Testing\yan\432.jpg,yan,Testing
Testing\yan\433.jpg,yan,Testing
Testing\yan\434.jpg,yan,Testing
Testing\yan\435.jpg,yan,Testing
Testing\yan\436.jpg,yan,Testing
Testing\yan\437.jpg,yan,Testing
Testing\yan\438.jpg,yan,Testing
Testing\yan\439.jpg,yan,Testing
Testing\yan\440.jpg,yan,Testing
Testing\yan\441.jpg,yan,Testing
Testing\yan\442.jpg,yan,Testing
Testing\yan\443.jpg,yan,Testing
Testing\yan\444.jpg,yan,Testing
Testing\yan\445.jpg,yan,Testing
Testing\yan\446.jpg,yan,Testing
Testing\yan\447.jpg,yan,Testing
Testing\yan\448.jpg,yan,Testing
Testing\yan\449.jpg,yan,Testing
Testing\yan\450.jpg,yan,Testing
Testing\yan\451.jpg,yan,Testing
Testing\yan\452.jpg,yan,Testing
Testing\yan\453.jpg,yan,Testing
Testing\yan\454.jpg,yan,Testing
Testing\yan\455.jpg,yan,Testing
Testing\yan\456.jpg,yan,Testing
Testing\yan\457.jpg,yan,Testing
Testing\yan\458.jpg,yan,Testing
Testing\yan\459.jpg,yan,Testing
Testing\yan\460.jpg,yan,Testing
Testing\yan\461.jpg,yan,Testing
Testing\yan\462.jpg,yan,Testing
Testing\yan\463.jpg,yan,Testing
Testing\yan\464.jpg,yan,Testing
Testing\yan\465.jpg,yan,Testing
Testing\yan\466.jpg,yan,Testing
Testing\yan\467.jpg,yan,Testing
Testing\yan\468.jpg,yan,Testing
Testing\yan\469.jpg,yan,Testing
Testing\yan\470.jpg,yan,Testing
Testing\yan\471.jpg,yan,Testing
Testing\yan\472.jpg,yan,Testing
Testing\yan\473.jpg,yan,Testing
Testing\yan\474.jpg,yan,Testing
Testing\yan\475.jpg,yan,Testing
Testing\yan\476.jpg,yan,Testing
Testing\yan\477.jpg,yan,Testing
Testing\yan\478.jpg,yan,Testing
Testing\yan\479.jpg,yan,Testing
Testing\yan\480.jpg,yan,Testing
Testing\yan\481.jpg,yan,Testing
Testing\yan\482.jpg,yan,Testing
Testing\yan\483.jpg,yan,Testing
Testing\yan\484.jpg,yan,Testing
Testing\yan\485.jpg,yan,Testing
Testing\yan\486.jpg,yan,Testing
Testing\yan\487.jpg,yan,Testing
Testing\yan\488.jpg,yan,Testing
Testing\yan\489.jpg,yan,Testing
Testing\yan\490.jpg,yan,Testing
Testing\yan\491.jpg,yan,Testing
Testing\yan\492.jpg,yan,Testing
Testing\yan\493.jpg,yan,Testing
Testing\yan\494.jpg,yan,Testing
Testing\yan\495.jpg,yan,Testing
Testing\yan\496.jpg,yan,Testing
Testing\yan\497.jpg,yan,Testing
Testing\yan\498.jpg,yan,Testing
Testing\yan\499.jpg,yan,Testing
Testing\yan\500.jpg,yan,Testing
Testing\yan\501.jpg,yan,Testing
Testing\yan\502.jpg,yan,Testing
Testing\yan\503.jpg,yan,Testing
Testing\yan\504.jpg,yan,Testing
Testing\yan\505.jpg,yan,Testing
Testing\yan\506.jpg,yan,Testing
Testing\yan\507.jpg,yan,Testing
Testing\yan\508.jpg,yan,Testing
Testing\yan\509.jpg,yan,Testing
Testing\yan\510.jpg,yan,Testing
Testing\yan\511.jpg,yan,Testing
Testing\yan\512.jpg,yan,Testing
Testing\yan\513.jpg,yan,Testing
Testing\yan\514.jpg,yan,Testing
Testing\yan\515.jpg,yan,Testing
Testing\yan\516.jpg,yan,Testing
Testing\yan\517.jpg,yan,Testing
Testing\yan\518.jpg,yan,Testing
Testing\yan\519.jpg,yan,Testing
Testing\yan\520.jpg,yan,Testing
Testing\yan\521.jpg,yan,Testing
Testing\yan\522.jpg,yan,Testing
Testing\yan\523.jpg,yan,Testing
Testing\yan\524.jpg,yan,Testing
Testing\yan\525.jpg,yan,Testing
Testing\yan\526.jpg,yan,Testing
Testing\yan\527.jpg,yan,Testing
Testing\yan\528.jpg,yan,Testing
Testing\yan\529.jpg,yan,Testing
Testing\yan\530.jpg,yan,Testing
Testing\yan\531.jpg,yan,Testing
Testing\yan\532.jpg,yan,Testing
Testing\yan\533.jpg,yan,Testing
Testing\yan\534.jpg,yan,Testing
Testing\yan\535.jpg,yan,Testing
Testing\yan\536.jpg,yan,Testing
Testing\yan\537.jpg,yan,Testing
Testing\yan\538.jpg,yan,Testing
Testing\yan\539.jpg,yan,Testing
Testing\yan\540.jpg,yan,Testing
Testing\yan\541.jpg,yan,Testing
Testing\yan\542.jpg,yan,Testing
Testing\yan\543.jpg,yan,Testing
Testing\yan\544.jpg,yan,Testing
Testing\yan\545.jpg,yan,Testing
Testing\yan\546.jpg,yan,Testing
Testing\yan\547.jpg,yan,Testing
Testing\yan\548.jpg,yan,Testing
Testing\yan\549.jpg,yan,Testing
Testing\yan\550.jpg,yan,Testing
Testing\yan\551.jpg,yan,Testing
Testing\yan\552.jpg,yan,Testing
Testing\yan\553.jpg,yan,Testing
Testing\yan\554.jpg,yan,Testing
Testing\yan\555.jpg,yan,Testing
Testing\yan\556.jpg,yan,Testing
Testing\yan\557.jpg,yan,Testing
Testing\yan\558.jpg,yan,Testing
Testing\yan\559.jpg,yan,Testing
Testing\yan\560.jpg,yan,Testing
Testing\yan\561.jpg,yan,Testing
Testing\yan\562.jpg,yan,Testing
Testing\yan\563.jpg,yan,Testing
Testing\yan\564.jpg,yan,Testing
Testing\yan\565.jpg,yan,Testing
Testing\yan\566.jpg,yan,Testing
Testing\yan\567.jpg,yan,Testing
Testing\yan\568.jpg,yan,Testing
Testing\yan\569.jpg,yan,Testing
Testing\yan\570.jpg,yan,Testing
Testing\yan\571.jpg,yan,Testing
Testing\yan\572.jpg,yan,Testing
Testing\yan\573.jpg,yan,Testing
Testing\yan\574.jpg,yan,Testing
Testing\yan\575.jpg,yan,Testing
Testing\yan\576.jpg,yan,Testing
Testing\yan\577.jpg,yan,Testing
Testing\yan\578.jpg,yan,Testing
Testing\yan\579.jpg,yan,Testing
Testing\yan\580.jpg,yan,Testing
Testing\yan\581.jpg,yan,Testing
Testing\yan\582.jpg,yan,Testing
Testing\yan\583.jpg,yan,Testing
Testing\yan\584.jpg,yan,Testing
Testing\yan\585.jpg,yan,Testing
Testing\yan\586.jpg,yan,Testing
Testing\yan\587.jpg,yan,Testing
Testing\yan\588.jpg,yan,Testing
Testing\yan\589.jpg,yan,Testing
Testing\yan\590.jpg,yan,Testing
Testing\yan\591.jpg,yan,Testing
Testing\yan\592.jpg,yan,Testing
Testing\yan\593.jpg,yan,Testing
Testing\yan\594.jpg,yan,Testing
Testing\yan\595.jpg,yan,Testing
Testing\yan\596.jpg,yan,Testing
Testing\yan\597.jpg,yan,Testing
Testing\yan\598.jpg,yan,Testing
Testing\yan\599.jpg,yan,Testing
Testing\yan\600.jpg,yan,Testing
