image_path,marathi_text,modi_text,sentence_id
data/synthetic/images/line_0000_v000.png,नमस्कार.,𑘡𑘦𑘭𑘿𑘎𑘰𑘨.,0
data/synthetic/images/line_0000_v001.png,नमस्कार.,𑘡𑘦𑘭𑘿𑘎𑘰𑘨.,0
data/synthetic/images/line_0000_v002.png,नमस्कार.,𑘡𑘦𑘭𑘿𑘎𑘰𑘨.,0
data/synthetic/images/line_0000_v003.png,नमस्कार.,𑘡𑘦𑘭𑘿𑘎𑘰𑘨.,0
data/synthetic/images/line_0000_v004.png,नमस्कार.,𑘡𑘦𑘭𑘿𑘎𑘰𑘨.,0
data/synthetic/images/line_0000_v005.png,नमस्कार.,𑘡𑘦𑘭𑘿𑘎𑘰𑘨.,0
data/synthetic/images/line_0000_v006.png,नमस्कार.,𑘡𑘦𑘭𑘿𑘎𑘰𑘨.,0
data/synthetic/images/line_0000_v007.png,नमस्कार.,𑘡𑘦𑘭𑘿𑘎𑘰𑘨.,0
data/synthetic/images/line_0000_v008.png,नमस्कार.,𑘡𑘦𑘭𑘿𑘎𑘰𑘨.,0
data/synthetic/images/line_0000_v009.png,नमस्कार.,𑘡𑘦𑘭𑘿𑘎𑘰𑘨.,0
data/synthetic/images/line_0000_v010.png,नमस्कार.,𑘡𑘦𑘭𑘿𑘎𑘰𑘨.,0
data/synthetic/images/line_0000_v011.png,नमस्कार.,𑘡𑘦𑘭𑘿𑘎𑘰𑘨.,0
data/synthetic/images/line_0000_v012.png,नमस्कार.,𑘡𑘦𑘭𑘿𑘎𑘰𑘨.,0
data/synthetic/images/line_0000_v013.png,नमस्कार.,𑘡𑘦𑘭𑘿𑘎𑘰𑘨.,0
data/synthetic/images/line_0000_v014.png,नमस्कार.,𑘡𑘦𑘭𑘿𑘎𑘰𑘨.,0
data/synthetic/images/line_0000_v015.png,नमस्कार.,𑘡𑘦𑘭𑘿𑘎𑘰𑘨.,0
data/synthetic/images/line_0000_v016.png,नमस्कार.,𑘡𑘦𑘭𑘿𑘎𑘰𑘨.,0
data/synthetic/images/line_0000_v017.png,नमस्कार.,𑘡𑘦𑘭𑘿𑘎𑘰𑘨.,0
data/synthetic/images/line_0000_v018.png,नमस्कार.,𑘡𑘦𑘭𑘿𑘎𑘰𑘨.,0
data/synthetic/images/line_0000_v019.png,नमस्कार.,𑘡𑘦𑘭𑘿𑘎𑘰𑘨.,0
data/synthetic/images/line_0000_v020.png,नमस्कार.,𑘡𑘦𑘭𑘿𑘎𑘰𑘨.,0
data/synthetic/images/line_0000_v021.png,नमस्कार.,𑘡𑘦𑘭𑘿𑘎𑘰𑘨.,0
data/synthetic/images/line_0000_v022.png,नमस्कार.,𑘡𑘦𑘭𑘿𑘎𑘰𑘨.,0
data/synthetic/images/line_0000_v023.png,नमस्कार.,𑘡𑘦𑘭𑘿𑘎𑘰𑘨.,0
data/synthetic/images/line_0000_v024.png,नमस्कार.,𑘡𑘦𑘭𑘿𑘎𑘰𑘨.,0
data/synthetic/images/line_0000_v025.png,नमस्कार.,𑘡𑘦𑘭𑘿𑘎𑘰𑘨.,0
data/synthetic/images/line_0000_v026.png,नमस्कार.,𑘡𑘦𑘭𑘿𑘎𑘰𑘨.,0
data/synthetic/images/line_0000_v027.png,नमस्कार.,𑘡𑘦𑘭𑘿𑘎𑘰𑘨.,0
data/synthetic/images/line_0000_v028.png,नमस्कार.,𑘡𑘦𑘭𑘿𑘎𑘰𑘨.,0
data/synthetic/images/line_0000_v029.png,नमस्कार.,𑘡𑘦𑘭𑘿𑘎𑘰𑘨.,0
data/synthetic/images/line_0000_v030.png,नमस्कार.,𑘡𑘦𑘭𑘿𑘎𑘰𑘨.,0
data/synthetic/images/line_0000_v031.png,नमस्कार.,𑘡𑘦𑘭𑘿𑘎𑘰𑘨.,0
data/synthetic/images/line_0000_v032.png,नमस्कार.,𑘡𑘦𑘭𑘿𑘎𑘰𑘨.,0
data/synthetic/images/line_0000_v033.png,नमस्कार.,𑘡𑘦𑘭𑘿𑘎𑘰𑘨.,0
data/synthetic/images/line_0000_v034.png,नमस्कार.,𑘡𑘦𑘭𑘿𑘎𑘰𑘨.,0
data/synthetic/images/line_0000_v035.png,नमस्कार.,𑘡𑘦𑘭𑘿𑘎𑘰𑘨.,0
data/synthetic/images/line_0000_v036.png,नमस्कार.,𑘡𑘦𑘭𑘿𑘎𑘰𑘨.,0
data/synthetic/images/line_0000_v037.png,नमस्कार.,𑘡𑘦𑘭𑘿𑘎𑘰𑘨.,0
data/synthetic/images/line_0000_v038.png,नमस्कार.,𑘡𑘦𑘭𑘿𑘎𑘰𑘨.,0
data/synthetic/images/line_0000_v039.png,नमस्कार.,𑘡𑘦𑘭𑘿𑘎𑘰𑘨.,0
data/synthetic/images/line_0001_v000.png,आपले स्वागत आहे.,𑘁𑘢𑘩𑘹 𑘭𑘿𑘪𑘰𑘐𑘝 𑘁𑘮𑘹.,1
data/synthetic/images/line_0001_v001.png,आपले स्वागत आहे.,𑘁𑘢𑘩𑘹 𑘭𑘿𑘪𑘰𑘐𑘝 𑘁𑘮𑘹.,1
data/synthetic/images/line_0001_v002.png,आपले स्वागत आहे.,𑘁𑘢𑘩𑘹 𑘭𑘿𑘪𑘰𑘐𑘝 𑘁𑘮𑘹.,1
data/synthetic/images/line_0001_v003.png,आपले स्वागत आहे.,𑘁𑘢𑘩𑘹 𑘭𑘿𑘪𑘰𑘐𑘝 𑘁𑘮𑘹.,1
data/synthetic/images/line_0001_v004.png,आपले स्वागत आहे.,𑘁𑘢𑘩𑘹 𑘭𑘿𑘪𑘰𑘐𑘝 𑘁𑘮𑘹.,1
data/synthetic/images/line_0001_v005.png,आपले स्वागत आहे.,𑘁𑘢𑘩𑘹 𑘭𑘿𑘪𑘰𑘐𑘝 𑘁𑘮𑘹.,1
data/synthetic/images/line_0001_v006.png,आपले स्वागत आहे.,𑘁𑘢𑘩𑘹 𑘭𑘿𑘪𑘰𑘐𑘝 𑘁𑘮𑘹.,1
data/synthetic/images/line_0001_v007.png,आपले स्वागत आहे.,𑘁𑘢𑘩𑘹 𑘭𑘿𑘪𑘰𑘐𑘝 𑘁𑘮𑘹.,1
data/synthetic/images/line_0001_v008.png,आपले स्वागत आहे.,𑘁𑘢𑘩𑘹 𑘭𑘿𑘪𑘰𑘐𑘝 𑘁𑘮𑘹.,1
data/synthetic/images/line_0001_v009.png,आपले स्वागत आहे.,𑘁𑘢𑘩𑘹 𑘭𑘿𑘪𑘰𑘐𑘝 𑘁𑘮𑘹.,1
data/synthetic/images/line_0001_v010.png,आपले स्वागत आहे.,𑘁𑘢𑘩𑘹 𑘭𑘿𑘪𑘰𑘐𑘝 𑘁𑘮𑘹.,1
data/synthetic/images/line_0001_v011.png,आपले स्वागत आहे.,𑘁𑘢𑘩𑘹 𑘭𑘿𑘪𑘰𑘐𑘝 𑘁𑘮𑘹.,1
data/synthetic/images/line_0001_v012.png,आपले स्वागत आहे.,𑘁𑘢𑘩𑘹 𑘭𑘿𑘪𑘰𑘐𑘝 𑘁𑘮𑘹.,1
data/synthetic/images/line_0001_v013.png,आपले स्वागत आहे.,𑘁𑘢𑘩𑘹 𑘭𑘿𑘪𑘰𑘐𑘝 𑘁𑘮𑘹.,1
data/synthetic/images/line_0001_v014.png,आपले स्वागत आहे.,𑘁𑘢𑘩𑘹 𑘭𑘿𑘪𑘰𑘐𑘝 𑘁𑘮𑘹.,1
data/synthetic/images/line_0001_v015.png,आपले स्वागत आहे.,𑘁𑘢𑘩𑘹 𑘭𑘿𑘪𑘰𑘐𑘝 𑘁𑘮𑘹.,1
data/synthetic/images/line_0001_v016.png,आपले स्वागत आहे.,𑘁𑘢𑘩𑘹 𑘭𑘿𑘪𑘰𑘐𑘝 𑘁𑘮𑘹.,1
data/synthetic/images/line_0001_v017.png,आपले स्वागत आहे.,𑘁𑘢𑘩𑘹 𑘭𑘿𑘪𑘰𑘐𑘝 𑘁𑘮𑘹.,1
data/synthetic/images/line_0001_v018.png,आपले स्वागत आहे.,𑘁𑘢𑘩𑘹 𑘭𑘿𑘪𑘰𑘐𑘝 𑘁𑘮𑘹.,1
data/synthetic/images/line_0001_v019.png,आपले स्वागत आहे.,𑘁𑘢𑘩𑘹 𑘭𑘿𑘪𑘰𑘐𑘝 𑘁𑘮𑘹.,1
data/synthetic/images/line_0001_v020.png,आपले स्वागत आहे.,𑘁𑘢𑘩𑘹 𑘭𑘿𑘪𑘰𑘐𑘝 𑘁𑘮𑘹.,1
data/synthetic/images/line_0001_v021.png,आपले स्वागत आहे.,𑘁𑘢𑘩𑘹 𑘭𑘿𑘪𑘰𑘐𑘝 𑘁𑘮𑘹.,1
data/synthetic/images/line_0001_v022.png,आपले स्वागत आहे.,𑘁𑘢𑘩𑘹 𑘭𑘿𑘪𑘰𑘐𑘝 𑘁𑘮𑘹.,1
data/synthetic/images/line_0001_v023.png,आपले स्वागत आहे.,𑘁𑘢𑘩𑘹 𑘭𑘿𑘪𑘰𑘐𑘝 𑘁𑘮𑘹.,1
data/synthetic/images/line_0001_v024.png,आपले स्वागत आहे.,𑘁𑘢𑘩𑘹 𑘭𑘿𑘪𑘰𑘐𑘝 𑘁𑘮𑘹.,1
data/synthetic/images/line_0001_v025.png,आपले स्वागत आहे.,𑘁𑘢𑘩𑘹 𑘭𑘿𑘪𑘰𑘐𑘝 𑘁𑘮𑘹.,1
data/synthetic/images/line_0001_v026.png,आपले स्वागत आहे.,𑘁𑘢𑘩𑘹 𑘭𑘿𑘪𑘰𑘐𑘝 𑘁𑘮𑘹.,1
data/synthetic/images/line_0001_v027.png,आपले स्वागत आहे.,𑘁𑘢𑘩𑘹 𑘭𑘿𑘪𑘰𑘐𑘝 𑘁𑘮𑘹.,1
data/synthetic/images/line_0001_v028.png,आपले स्वागत आहे.,𑘁𑘢𑘩𑘹 𑘭𑘿𑘪𑘰𑘐𑘝 𑘁𑘮𑘹.,1
data/synthetic/images/line_0001_v029.png,आपले स्वागत आहे.,𑘁𑘢𑘩𑘹 𑘭𑘿𑘪𑘰𑘐𑘝 𑘁𑘮𑘹.,1
data/synthetic/images/line_0001_v030.png,आपले स्वागत आहे.,𑘁𑘢𑘩𑘹 𑘭𑘿𑘪𑘰𑘐𑘝 𑘁𑘮𑘹.,1
data/synthetic/images/line_0001_v031.png,आपले स्वागत आहे.,𑘁𑘢𑘩𑘹 𑘭𑘿𑘪𑘰𑘐𑘝 𑘁𑘮𑘹.,1
data/synthetic/images/line_0001_v032.png,आपले स्वागत आहे.,𑘁𑘢𑘩𑘹 𑘭𑘿𑘪𑘰𑘐𑘝 𑘁𑘮𑘹.,1
data/synthetic/images/line_0001_v033.png,आपले स्वागत आहे.,𑘁𑘢𑘩𑘹 𑘭𑘿𑘪𑘰𑘐𑘝 𑘁𑘮𑘹.,1
data/synthetic/images/line_0001_v034.png,आपले स्वागत आहे.,𑘁𑘢𑘩𑘹 𑘭𑘿𑘪𑘰𑘐𑘝 𑘁𑘮𑘹.,1
data/synthetic/images/line_0001_v035.png,आपले स्वागत आहे.,𑘁𑘢𑘩𑘹 𑘭𑘿𑘪𑘰𑘐𑘝 𑘁𑘮𑘹.,1
data/synthetic/images/line_0001_v036.png,आपले स्वागत आहे.,𑘁𑘢𑘩𑘹 𑘭𑘿𑘪𑘰𑘐𑘝 𑘁𑘮𑘹.,1
data/synthetic/images/line_0001_v037.png,आपले स्वागत आहे.,𑘁𑘢𑘩𑘹 𑘭𑘿𑘪𑘰𑘐𑘝 𑘁𑘮𑘹.,1
data/synthetic/images/line_0001_v038.png,आपले स्वागत आहे.,𑘁𑘢𑘩𑘹 𑘭𑘿𑘪𑘰𑘐𑘝 𑘁𑘮𑘹.,1
data/synthetic/images/line_0001_v039.png,आपले स्वागत आहे.,𑘁𑘢𑘩𑘹 𑘭𑘿𑘪𑘰𑘐𑘝 𑘁𑘮𑘹.,1
data/synthetic/images/line_0002_v000.png,माझे नाव राहुल आहे.,𑘦𑘰𑘖𑘹 𑘡𑘰𑘪 𑘨𑘰𑘮𑘳𑘩 𑘁𑘮𑘹.,2
data/synthetic/images/line_0002_v001.png,माझे नाव राहुल आहे.,𑘦𑘰𑘖𑘹 𑘡𑘰𑘪 𑘨𑘰𑘮𑘳𑘩 𑘁𑘮𑘹.,2
data/synthetic/images/line_0002_v002.png,माझे नाव राहुल आहे.,𑘦𑘰𑘖𑘹 𑘡𑘰𑘪 𑘨𑘰𑘮𑘳𑘩 𑘁𑘮𑘹.,2
data/synthetic/images/line_0002_v003.png,माझे नाव राहुल आहे.,𑘦𑘰𑘖𑘹 𑘡𑘰𑘪 𑘨𑘰𑘮𑘳𑘩 𑘁𑘮𑘹.,2
data/synthetic/images/line_0002_v004.png,माझे नाव राहुल आहे.,𑘦𑘰𑘖𑘹 𑘡𑘰𑘪 𑘨𑘰𑘮𑘳𑘩 𑘁𑘮𑘹.,2
data/synthetic/images/line_0002_v005.png,माझे नाव राहुल आहे.,𑘦𑘰𑘖𑘹 𑘡𑘰𑘪 𑘨𑘰𑘮𑘳𑘩 𑘁𑘮𑘹.,2
data/synthetic/images/line_0002_v006.png,माझे नाव राहुल आहे.,𑘦𑘰𑘖𑘹 𑘡𑘰𑘪 𑘨𑘰𑘮𑘳𑘩 𑘁𑘮𑘹.,2
data/synthetic/images/line_0002_v007.png,माझे नाव राहुल आहे.,𑘦𑘰𑘖𑘹 𑘡𑘰𑘪 𑘨𑘰𑘮𑘳𑘩 𑘁𑘮𑘹.,2
data/synthetic/images/line_0002_v008.png,माझे नाव राहुल आहे.,𑘦𑘰𑘖𑘹 𑘡𑘰𑘪 𑘨𑘰𑘮𑘳𑘩 𑘁𑘮𑘹.,2
data/synthetic/images/line_0002_v009.png,माझे नाव राहुल आहे.,𑘦𑘰𑘖𑘹 𑘡𑘰𑘪 𑘨𑘰𑘮𑘳𑘩 𑘁𑘮𑘹.,2
data/synthetic/images/line_0002_v010.png,माझे नाव राहुल आहे.,𑘦𑘰𑘖𑘹 𑘡𑘰𑘪 𑘨𑘰𑘮𑘳𑘩 𑘁𑘮𑘹.,2
data/synthetic/images/line_0002_v011.png,माझे नाव राहुल आहे.,𑘦𑘰𑘖𑘹 𑘡𑘰𑘪 𑘨𑘰𑘮𑘳𑘩 𑘁𑘮𑘹.,2
data/synthetic/images/line_0002_v012.png,माझे नाव राहुल आहे.,𑘦𑘰𑘖𑘹 𑘡𑘰𑘪 𑘨𑘰𑘮𑘳𑘩 𑘁𑘮𑘹.,2
data/synthetic/images/line_0002_v013.png,माझे नाव राहुल आहे.,𑘦𑘰𑘖𑘹 𑘡𑘰𑘪 𑘨𑘰𑘮𑘳𑘩 𑘁𑘮𑘹.,2
data/synthetic/images/line_0002_v014.png,माझे नाव राहुल आहे.,𑘦𑘰𑘖𑘹 𑘡𑘰𑘪 𑘨𑘰𑘮𑘳𑘩 𑘁𑘮𑘹.,2
data/synthetic/images/line_0002_v015.png,माझे नाव राहुल आहे.,𑘦𑘰𑘖𑘹 𑘡𑘰𑘪 𑘨𑘰𑘮𑘳𑘩 𑘁𑘮𑘹.,2
data/synthetic/images/line_0002_v016.png,माझे नाव राहुल आहे.,𑘦𑘰𑘖𑘹 𑘡𑘰𑘪 𑘨𑘰𑘮𑘳𑘩 𑘁𑘮𑘹.,2
data/synthetic/images/line_0002_v017.png,माझे नाव राहुल आहे.,𑘦𑘰𑘖𑘹 𑘡𑘰𑘪 𑘨𑘰𑘮𑘳𑘩 𑘁𑘮𑘹.,2
data/synthetic/images/line_0002_v018.png,माझे नाव राहुल आहे.,𑘦𑘰𑘖𑘹 𑘡𑘰𑘪 𑘨𑘰𑘮𑘳𑘩 𑘁𑘮𑘹.,2
data/synthetic/images/line_0002_v019.png,माझे नाव राहुल आहे.,𑘦𑘰𑘖𑘹 𑘡𑘰𑘪 𑘨𑘰𑘮𑘳𑘩 𑘁𑘮𑘹.,2
data/synthetic/images/line_0002_v020.png,माझे नाव राहुल आहे.,𑘦𑘰𑘖𑘹 𑘡𑘰𑘪 𑘨𑘰𑘮𑘳𑘩 𑘁𑘮𑘹.,2
data/synthetic/images/line_0002_v021.png,माझे नाव राहुल आहे.,𑘦𑘰𑘖𑘹 𑘡𑘰𑘪 𑘨𑘰𑘮𑘳𑘩 𑘁𑘮𑘹.,2
data/synthetic/images/line_0002_v022.png,माझे नाव राहुल आहे.,𑘦𑘰𑘖𑘹 𑘡𑘰𑘪 𑘨𑘰𑘮𑘳𑘩 𑘁𑘮𑘹.,2
data/synthetic/images/line_0002_v023.png,माझे नाव राहुल आहे.,𑘦𑘰𑘖𑘹 𑘡𑘰𑘪 𑘨𑘰𑘮𑘳𑘩 𑘁𑘮𑘹.,2
data/synthetic/images/line_0002_v024.png,माझे नाव राहुल आहे.,𑘦𑘰𑘖𑘹 𑘡𑘰𑘪 𑘨𑘰𑘮𑘳𑘩 𑘁𑘮𑘹.,2
data/synthetic/images/line_0002_v025.png,माझे नाव राहुल आहे.,𑘦𑘰𑘖𑘹 𑘡𑘰𑘪 𑘨𑘰𑘮𑘳𑘩 𑘁𑘮𑘹.,2
data/synthetic/images/line_0002_v026.png,माझे नाव राहुल आहे.,𑘦𑘰𑘖𑘹 𑘡𑘰𑘪 𑘨𑘰𑘮𑘳𑘩 𑘁𑘮𑘹.,2
data/synthetic/images/line_0002_v027.png,माझे नाव राहुल आहे.,𑘦𑘰𑘖𑘹 𑘡𑘰𑘪 𑘨𑘰𑘮𑘳𑘩 𑘁𑘮𑘹.,2
data/synthetic/images/line_0002_v028.png,माझे नाव राहुल आहे.,𑘦𑘰𑘖𑘹 𑘡𑘰𑘪 𑘨𑘰𑘮𑘳𑘩 𑘁𑘮𑘹.,2
data/synthetic/images/line_0002_v029.png,माझे नाव राहुल आहे.,𑘦𑘰𑘖𑘹 𑘡𑘰𑘪 𑘨𑘰𑘮𑘳𑘩 𑘁𑘮𑘹.,2
data/synthetic/images/line_0002_v030.png,माझे नाव राहुल आहे.,𑘦𑘰𑘖𑘹 𑘡𑘰𑘪 𑘨𑘰𑘮𑘳𑘩 𑘁𑘮𑘹.,2
data/synthetic/images/line_0002_v031.png,माझे नाव राहुल आहे.,𑘦𑘰𑘖𑘹 𑘡𑘰𑘪 𑘨𑘰𑘮𑘳𑘩 𑘁𑘮𑘹.,2
data/synthetic/images/line_0002_v032.png,माझे नाव राहुल आहे.,𑘦𑘰𑘖𑘹 𑘡𑘰𑘪 𑘨𑘰𑘮𑘳𑘩 𑘁𑘮𑘹.,2
data/synthetic/images/line_0002_v033.png,माझे नाव राहुल आहे.,𑘦𑘰𑘖𑘹 𑘡𑘰𑘪 𑘨𑘰𑘮𑘳𑘩 𑘁𑘮𑘹.,2
data/synthetic/images/line_0002_v034.png,माझे नाव राहुल आहे.,𑘦𑘰𑘖𑘹 𑘡𑘰𑘪 𑘨𑘰𑘮𑘳𑘩 𑘁𑘮𑘹.,2
data/synthetic/images/line_0002_v035.png,माझे नाव राहुल आहे.,𑘦𑘰𑘖𑘹 𑘡𑘰𑘪 𑘨𑘰𑘮𑘳𑘩 𑘁𑘮𑘹.,2
data/synthetic/images/line_0002_v036.png,माझे नाव राहुल आहे.,𑘦𑘰𑘖𑘹 𑘡𑘰𑘪 𑘨𑘰𑘮𑘳𑘩 𑘁𑘮𑘹.,2
data/synthetic/images/line_0002_v037.png,माझे नाव राहुल आहे.,𑘦𑘰𑘖𑘹 𑘡𑘰𑘪 𑘨𑘰𑘮𑘳𑘩 𑘁𑘮𑘹.,2
data/synthetic/images/line_0002_v038.png,माझे नाव राहुल आहे.,𑘦𑘰𑘖𑘹 𑘡𑘰𑘪 𑘨𑘰𑘮𑘳𑘩 𑘁𑘮𑘹.,2
data/synthetic/images/line_0002_v039.png,माझे नाव राहुल आहे.,𑘦𑘰𑘖𑘹 𑘡𑘰𑘪 𑘨𑘰𑘮𑘳𑘩 𑘁𑘮𑘹.,2
data/synthetic/images/line_0003_v000.png,तुझे नाव काय आहे?,𑘝𑘳𑘖𑘹 𑘡𑘰𑘪 𑘎𑘰𑘧 𑘁𑘮𑘹?,3
data/synthetic/images/line_0003_v001.png,तुझे नाव काय आहे?,𑘝𑘳𑘖𑘹 𑘡𑘰𑘪 𑘎𑘰𑘧 𑘁𑘮𑘹?,3
data/synthetic/images/line_0003_v002.png,तुझे नाव काय आहे?,𑘝𑘳𑘖𑘹 𑘡𑘰𑘪 𑘎𑘰𑘧 𑘁𑘮𑘹?,3
data/synthetic/images/line_0003_v003.png,तुझे नाव काय आहे?,𑘝𑘳𑘖𑘹 𑘡𑘰𑘪 𑘎𑘰𑘧 𑘁𑘮𑘹?,3
data/synthetic/images/line_0003_v004.png,तुझे नाव काय आहे?,𑘝𑘳𑘖𑘹 𑘡𑘰𑘪 𑘎𑘰𑘧 𑘁𑘮𑘹?,3
data/synthetic/images/line_0003_v005.png,तुझे नाव काय आहे?,𑘝𑘳𑘖𑘹 𑘡𑘰𑘪 𑘎𑘰𑘧 𑘁𑘮𑘹?,3
data/synthetic/images/line_0003_v006.png,तुझे नाव काय आहे?,𑘝𑘳𑘖𑘹 𑘡𑘰𑘪 𑘎𑘰𑘧 𑘁𑘮𑘹?,3
data/synthetic/images/line_0003_v007.png,तुझे नाव काय आहे?,𑘝𑘳𑘖𑘹 𑘡𑘰𑘪 𑘎𑘰𑘧 𑘁𑘮𑘹?,3
data/synthetic/images/line_0003_v008.png,तुझे नाव काय आहे?,𑘝𑘳𑘖𑘹 𑘡𑘰𑘪 𑘎𑘰𑘧 𑘁𑘮𑘹?,3
data/synthetic/images/line_0003_v009.png,तुझे नाव काय आहे?,𑘝𑘳𑘖𑘹 𑘡𑘰𑘪 𑘎𑘰𑘧 𑘁𑘮𑘹?,3
data/synthetic/images/line_0003_v010.png,तुझे नाव काय आहे?,𑘝𑘳𑘖𑘹 𑘡𑘰𑘪 𑘎𑘰𑘧 𑘁𑘮𑘹?,3
data/synthetic/images/line_0003_v011.png,तुझे नाव काय आहे?,𑘝𑘳𑘖𑘹 𑘡𑘰𑘪 𑘎𑘰𑘧 𑘁𑘮𑘹?,3
data/synthetic/images/line_0003_v012.png,तुझे नाव काय आहे?,𑘝𑘳𑘖𑘹 𑘡𑘰𑘪 𑘎𑘰𑘧 𑘁𑘮𑘹?,3
data/synthetic/images/line_0003_v013.png,तुझे नाव काय आहे?,𑘝𑘳𑘖𑘹 𑘡𑘰𑘪 𑘎𑘰𑘧 𑘁𑘮𑘹?,3
data/synthetic/images/line_0003_v014.png,तुझे नाव काय आहे?,𑘝𑘳𑘖𑘹 𑘡𑘰𑘪 𑘎𑘰𑘧 𑘁𑘮𑘹?,3
data/synthetic/images/line_0003_v015.png,तुझे नाव काय आहे?,𑘝𑘳𑘖𑘹 𑘡𑘰𑘪 𑘎𑘰𑘧 𑘁𑘮𑘹?,3
data/synthetic/images/line_0003_v016.png,तुझे नाव काय आहे?,𑘝𑘳𑘖𑘹 𑘡𑘰𑘪 𑘎𑘰𑘧 𑘁𑘮𑘹?,3
data/synthetic/images/line_0003_v017.png,तुझे नाव काय आहे?,𑘝𑘳𑘖𑘹 𑘡𑘰𑘪 𑘎𑘰𑘧 𑘁𑘮𑘹?,3
data/synthetic/images/line_0003_v018.png,तुझे नाव काय आहे?,𑘝𑘳𑘖𑘹 𑘡𑘰𑘪 𑘎𑘰𑘧 𑘁𑘮𑘹?,3
data/synthetic/images/line_0003_v019.png,तुझे नाव काय आहे?,𑘝𑘳𑘖𑘹 𑘡𑘰𑘪 𑘎𑘰𑘧 𑘁𑘮𑘹?,3
data/synthetic/images/line_0003_v020.png,तुझे नाव काय आहे?,𑘝𑘳𑘖𑘹 𑘡𑘰𑘪 𑘎𑘰𑘧 𑘁𑘮𑘹?,3
data/synthetic/images/line_0003_v021.png,तुझे नाव काय आहे?,𑘝𑘳𑘖𑘹 𑘡𑘰𑘪 𑘎𑘰𑘧 𑘁𑘮𑘹?,3
data/synthetic/images/line_0003_v022.png,तुझे नाव काय आहे?,𑘝𑘳𑘖𑘹 𑘡𑘰𑘪 𑘎𑘰𑘧 𑘁𑘮𑘹?,3
data/synthetic/images/line_0003_v023.png,तुझे नाव काय आहे?,𑘝𑘳𑘖𑘹 𑘡𑘰𑘪 𑘎𑘰𑘧 𑘁𑘮𑘹?,3
data/synthetic/images/line_0003_v024.png,तुझे नाव काय आहे?,𑘝𑘳𑘖𑘹 𑘡𑘰𑘪 𑘎𑘰𑘧 𑘁𑘮𑘹?,3
data/synthetic/images/line_0003_v025.png,तुझे नाव काय आहे?,𑘝𑘳𑘖𑘹 𑘡𑘰𑘪 𑘎𑘰𑘧 𑘁𑘮𑘹?,3
data/synthetic/images/line_0003_v026.png,तुझे नाव काय आहे?,𑘝𑘳𑘖𑘹 𑘡𑘰𑘪 𑘎𑘰𑘧 𑘁𑘮𑘹?,3
data/synthetic/images/line_0003_v027.png,तुझे नाव काय आहे?,𑘝𑘳𑘖𑘹 𑘡𑘰𑘪 𑘎𑘰𑘧 𑘁𑘮𑘹?,3
data/synthetic/images/line_0003_v028.png,तुझे नाव काय आहे?,𑘝𑘳𑘖𑘹 𑘡𑘰𑘪 𑘎𑘰𑘧 𑘁𑘮𑘹?,3
data/synthetic/images/line_0003_v029.png,तुझे नाव काय आहे?,𑘝𑘳𑘖𑘹 𑘡𑘰𑘪 𑘎𑘰𑘧 𑘁𑘮𑘹?,3
data/synthetic/images/line_0003_v030.png,तुझे नाव काय आहे?,𑘝𑘳𑘖𑘹 𑘡𑘰𑘪 𑘎𑘰𑘧 𑘁𑘮𑘹?,3
data/synthetic/images/line_0003_v031.png,तुझे नाव काय आहे?,𑘝𑘳𑘖𑘹 𑘡𑘰𑘪 𑘎𑘰𑘧 𑘁𑘮𑘹?,3
data/synthetic/images/line_0003_v032.png,तुझे नाव काय आहे?,𑘝𑘳𑘖𑘹 𑘡𑘰𑘪 𑘎𑘰𑘧 𑘁𑘮𑘹?,3
data/synthetic/images/line_0003_v033.png,तुझे नाव काय आहे?,𑘝𑘳𑘖𑘹 𑘡𑘰𑘪 𑘎𑘰𑘧 𑘁𑘮𑘹?,3
data/synthetic/images/line_0003_v034.png,तुझे नाव काय आहे?,𑘝𑘳𑘖𑘹 𑘡𑘰𑘪 𑘎𑘰𑘧 𑘁𑘮𑘹?,3
data/synthetic/images/line_0003_v035.png,तुझे नाव काय आहे?,𑘝𑘳𑘖𑘹 𑘡𑘰𑘪 𑘎𑘰𑘧 𑘁𑘮𑘹?,3
data/synthetic/images/line_0003_v036.png,तुझे नाव काय आहे?,𑘝𑘳𑘖𑘹 𑘡𑘰𑘪 𑘎𑘰𑘧 𑘁𑘮𑘹?,3
data/synthetic/images/line_0003_v037.png,तुझे नाव काय आहे?,𑘝𑘳𑘖𑘹 𑘡𑘰𑘪 𑘎𑘰𑘧 𑘁𑘮𑘹?,3
data/synthetic/images/line_0003_v038.png,तुझे नाव काय आहे?,𑘝𑘳𑘖𑘹 𑘡𑘰𑘪 𑘎𑘰𑘧 𑘁𑘮𑘹?,3
data/synthetic/images/line_0003_v039.png,तुझे नाव काय आहे?,𑘝𑘳𑘖𑘹 𑘡𑘰𑘪 𑘎𑘰𑘧 𑘁𑘮𑘹?,3
data/synthetic/images/line_0004_v000.png,आज हवामान खूप छान आहे.,𑘁𑘕 𑘮𑘪𑘰𑘦𑘰𑘡 𑘏𑘴𑘢 𑘔𑘰𑘡 𑘁𑘮𑘹.,4
data/synthetic/images/line_0004_v001.png,आज हवामान खूप छान आहे.,𑘁𑘕 𑘮𑘪𑘰𑘦𑘰𑘡 𑘏𑘴𑘢 𑘔𑘰𑘡 𑘁𑘮𑘹.,4
data/synthetic/images/line_0004_v002.png,आज हवामान खूप छान आहे.,𑘁𑘕 𑘮𑘪𑘰𑘦𑘰𑘡 𑘏𑘴𑘢 𑘔𑘰𑘡 𑘁𑘮𑘹.,4
data/synthetic/images/line_0004_v003.png,आज हवामान खूप छान आहे.,𑘁𑘕 𑘮𑘪𑘰𑘦𑘰𑘡 𑘏𑘴𑘢 𑘔𑘰𑘡 𑘁𑘮𑘹.,4
data/synthetic/images/line_0004_v004.png,आज हवामान खूप छान आहे.,𑘁𑘕 𑘮𑘪𑘰𑘦𑘰𑘡 𑘏𑘴𑘢 𑘔𑘰𑘡 𑘁𑘮𑘹.,4
data/synthetic/images/line_0004_v005.png,आज हवामान खूप छान आहे.,𑘁𑘕 𑘮𑘪𑘰𑘦𑘰𑘡 𑘏𑘴𑘢 𑘔𑘰𑘡 𑘁𑘮𑘹.,4
data/synthetic/images/line_0004_v006.png,आज हवामान खूप छान आहे.,𑘁𑘕 𑘮𑘪𑘰𑘦𑘰𑘡 𑘏𑘴𑘢 𑘔𑘰𑘡 𑘁𑘮𑘹.,4
data/synthetic/images/line_0004_v007.png,आज हवामान खूप छान आहे.,𑘁𑘕 𑘮𑘪𑘰𑘦𑘰𑘡 𑘏𑘴𑘢 𑘔𑘰𑘡 𑘁𑘮𑘹.,4
data/synthetic/images/line_0004_v008.png,आज हवामान खूप छान आहे.,𑘁𑘕 𑘮𑘪𑘰𑘦𑘰𑘡 𑘏𑘴𑘢 𑘔𑘰𑘡 𑘁𑘮𑘹.,4
data/synthetic/images/line_0004_v009.png,आज हवामान खूप छान आहे.,𑘁𑘕 𑘮𑘪𑘰𑘦𑘰𑘡 𑘏𑘴𑘢 𑘔𑘰𑘡 𑘁𑘮𑘹.,4
data/synthetic/images/line_0004_v010.png,आज हवामान खूप छान आहे.,𑘁𑘕 𑘮𑘪𑘰𑘦𑘰𑘡 𑘏𑘴𑘢 𑘔𑘰𑘡 𑘁𑘮𑘹.,4
data/synthetic/images/line_0004_v011.png,आज हवामान खूप छान आहे.,𑘁𑘕 𑘮𑘪𑘰𑘦𑘰𑘡 𑘏𑘴𑘢 𑘔𑘰𑘡 𑘁𑘮𑘹.,4
data/synthetic/images/line_0004_v012.png,आज हवामान खूप छान आहे.,𑘁𑘕 𑘮𑘪𑘰𑘦𑘰𑘡 𑘏𑘴𑘢 𑘔𑘰𑘡 𑘁𑘮𑘹.,4
data/synthetic/images/line_0004_v013.png,आज हवामान खूप छान आहे.,𑘁𑘕 𑘮𑘪𑘰𑘦𑘰𑘡 𑘏𑘴𑘢 𑘔𑘰𑘡 𑘁𑘮𑘹.,4
data/synthetic/images/line_0004_v014.png,आज हवामान खूप छान आहे.,𑘁𑘕 𑘮𑘪𑘰𑘦𑘰𑘡 𑘏𑘴𑘢 𑘔𑘰𑘡 𑘁𑘮𑘹.,4
data/synthetic/images/line_0004_v015.png,आज हवामान खूप छान आहे.,𑘁𑘕 𑘮𑘪𑘰𑘦𑘰𑘡 𑘏𑘴𑘢 𑘔𑘰𑘡 𑘁𑘮𑘹.,4
data/synthetic/images/line_0004_v016.png,आज हवामान खूप छान आहे.,𑘁𑘕 𑘮𑘪𑘰𑘦𑘰𑘡 𑘏𑘴𑘢 𑘔𑘰𑘡 𑘁𑘮𑘹.,4
data/synthetic/images/line_0004_v017.png,आज हवामान खूप छान आहे.,𑘁𑘕 𑘮𑘪𑘰𑘦𑘰𑘡 𑘏𑘴𑘢 𑘔𑘰𑘡 𑘁𑘮𑘹.,4
data/synthetic/images/line_0004_v018.png,आज हवामान खूप छान आहे.,𑘁𑘕 𑘮𑘪𑘰𑘦𑘰𑘡 𑘏𑘴𑘢 𑘔𑘰𑘡 𑘁𑘮𑘹.,4
data/synthetic/images/line_0004_v019.png,आज हवामान खूप छान आहे.,𑘁𑘕 𑘮𑘪𑘰𑘦𑘰𑘡 𑘏𑘴𑘢 𑘔𑘰𑘡 𑘁𑘮𑘹.,4
data/synthetic/images/line_0004_v020.png,आज हवामान खूप छान आहे.,𑘁𑘕 𑘮𑘪𑘰𑘦𑘰𑘡 𑘏𑘴𑘢 𑘔𑘰𑘡 𑘁𑘮𑘹.,4
data/synthetic/images/line_0004_v021.png,आज हवामान खूप छान आहे.,𑘁𑘕 𑘮𑘪𑘰𑘦𑘰𑘡 𑘏𑘴𑘢 𑘔𑘰𑘡 𑘁𑘮𑘹.,4
data/synthetic/images/line_0004_v022.png,आज हवामान खूप छान आहे.,𑘁𑘕 𑘮𑘪𑘰𑘦𑘰𑘡 𑘏𑘴𑘢 𑘔𑘰𑘡 𑘁𑘮𑘹.,4
data/synthetic/images/line_0004_v023.png,आज हवामान खूप छान आहे.,𑘁𑘕 𑘮𑘪𑘰𑘦𑘰𑘡 𑘏𑘴𑘢 𑘔𑘰𑘡 𑘁𑘮𑘹.,4
data/synthetic/images/line_0004_v024.png,आज हवामान खूप छान आहे.,𑘁𑘕 𑘮𑘪𑘰𑘦𑘰𑘡 𑘏𑘴𑘢 𑘔𑘰𑘡 𑘁𑘮𑘹.,4
data/synthetic/images/line_0004_v025.png,आज हवामान खूप छान आहे.,𑘁𑘕 𑘮𑘪𑘰𑘦𑘰𑘡 𑘏𑘴𑘢 𑘔𑘰𑘡 𑘁𑘮𑘹.,4
data/synthetic/images/line_0004_v026.png,आज हवामान खूप छान आहे.,𑘁𑘕 𑘮𑘪𑘰𑘦𑘰𑘡 𑘏𑘴𑘢 𑘔𑘰𑘡 𑘁𑘮𑘹.,4
data/synthetic/images/line_0004_v027.png,आज हवामान खूप छान आहे.,𑘁𑘕 𑘮𑘪𑘰𑘦𑘰𑘡 𑘏𑘴𑘢 𑘔𑘰𑘡 𑘁𑘮𑘹.,4
data/synthetic/images/line_0004_v028.png,आज हवामान खूप छान आहे.,𑘁𑘕 𑘮𑘪𑘰𑘦𑘰𑘡 𑘏𑘴𑘢 𑘔𑘰𑘡 𑘁𑘮𑘹.,4
data/synthetic/images/line_0004_v029.png,आज हवामान खूप छान आहे.,𑘁𑘕 𑘮𑘪𑘰𑘦𑘰𑘡 𑘏𑘴𑘢 𑘔𑘰𑘡 𑘁𑘮𑘹.,4
data/synthetic/images/line_0004_v030.png,आज हवामान खूप छान आहे.,𑘁𑘕 𑘮𑘪𑘰𑘦𑘰𑘡 𑘏𑘴𑘢 𑘔𑘰𑘡 𑘁𑘮𑘹.,4
data/synthetic/images/line_0004_v031.png,आज हवामान खूप छान आहे.,𑘁𑘕 𑘮𑘪𑘰𑘦𑘰𑘡 𑘏𑘴𑘢 𑘔𑘰𑘡 𑘁𑘮𑘹.,4
data/synthetic/images/line_0004_v032.png,आज हवामान खूप छान आहे.,𑘁𑘕 𑘮𑘪𑘰𑘦𑘰𑘡 𑘏𑘴𑘢 𑘔𑘰𑘡 𑘁𑘮𑘹.,4
data/synthetic/images/line_0004_v033.png,आज हवामान खूप छान आहे.,𑘁𑘕 𑘮𑘪𑘰𑘦𑘰𑘡 𑘏𑘴𑘢 𑘔𑘰𑘡 𑘁𑘮𑘹.,4
data/synthetic/images/line_0004_v034.png,आज हवामान खूप छान आहे.,𑘁𑘕 𑘮𑘪𑘰𑘦𑘰𑘡 𑘏𑘴𑘢 𑘔𑘰𑘡 𑘁𑘮𑘹.,4
data/synthetic/images/line_0004_v035.png,आज हवामान खूप छान आहे.,𑘁𑘕 𑘮𑘪𑘰𑘦𑘰𑘡 𑘏𑘴𑘢 𑘔𑘰𑘡 𑘁𑘮𑘹.,4
data/synthetic/images/line_0004_v036.png,आज हवामान खूप छान आहे.,𑘁𑘕 𑘮𑘪𑘰𑘦𑘰𑘡 𑘏𑘴𑘢 𑘔𑘰𑘡 𑘁𑘮𑘹.,4
data/synthetic/images/line_0004_v037.png,आज हवामान खूप छान आहे.,𑘁𑘕 𑘮𑘪𑘰𑘦𑘰𑘡 𑘏𑘴𑘢 𑘔𑘰𑘡 𑘁𑘮𑘹.,4
data/synthetic/images/line_0004_v038.png,आज हवामान खूप छान आहे.,𑘁𑘕 𑘮𑘪𑘰𑘦𑘰𑘡 𑘏𑘴𑘢 𑘔𑘰𑘡 𑘁𑘮𑘹.,4
data/synthetic/images/line_0004_v039.png,आज हवामान खूप छान आहे.,𑘁𑘕 𑘮𑘪𑘰𑘦𑘰𑘡 𑘏𑘴𑘢 𑘔𑘰𑘡 𑘁𑘮𑘹.,4
data/synthetic/images/line_0005_v000.png,आज खूप ऊन आहे.,𑘁𑘕 𑘏𑘴𑘢 𑘅𑘡 𑘁𑘮𑘹.,5
data/synthetic/images/line_0005_v001.png,आज खूप ऊन आहे.,𑘁𑘕 𑘏𑘴𑘢 𑘅𑘡 𑘁𑘮𑘹.,5
data/synthetic/images/line_0005_v002.png,आज खूप ऊन आहे.,𑘁𑘕 𑘏𑘴𑘢 𑘅𑘡 𑘁𑘮𑘹.,5
data/synthetic/images/line_0005_v003.png,आज खूप ऊन आहे.,𑘁𑘕 𑘏𑘴𑘢 𑘅𑘡 𑘁𑘮𑘹.,5
data/synthetic/images/line_0005_v004.png,आज खूप ऊन आहे.,𑘁𑘕 𑘏𑘴𑘢 𑘅𑘡 𑘁𑘮𑘹.,5
data/synthetic/images/line_0005_v005.png,आज खूप ऊन आहे.,𑘁𑘕 𑘏𑘴𑘢 𑘅𑘡 𑘁𑘮𑘹.,5
data/synthetic/images/line_0005_v006.png,आज खूप ऊन आहे.,𑘁𑘕 𑘏𑘴𑘢 𑘅𑘡 𑘁𑘮𑘹.,5
data/synthetic/images/line_0005_v007.png,आज खूप ऊन आहे.,𑘁𑘕 𑘏𑘴𑘢 𑘅𑘡 𑘁𑘮𑘹.,5
data/synthetic/images/line_0005_v008.png,आज खूप ऊन आहे.,𑘁𑘕 𑘏𑘴𑘢 𑘅𑘡 𑘁𑘮𑘹.,5
data/synthetic/images/line_0005_v009.png,आज खूप ऊन आहे.,𑘁𑘕 𑘏𑘴𑘢 𑘅𑘡 𑘁𑘮𑘹.,5
data/synthetic/images/line_0005_v010.png,आज खूप ऊन आहे.,𑘁𑘕 𑘏𑘴𑘢 𑘅𑘡 𑘁𑘮𑘹.,5
data/synthetic/images/line_0005_v011.png,आज खूप ऊन आहे.,𑘁𑘕 𑘏𑘴𑘢 𑘅𑘡 𑘁𑘮𑘹.,5
data/synthetic/images/line_0005_v012.png,आज खूप ऊन आहे.,𑘁𑘕 𑘏𑘴𑘢 𑘅𑘡 𑘁𑘮𑘹.,5
data/synthetic/images/line_0005_v013.png,आज खूप ऊन आहे.,𑘁𑘕 𑘏𑘴𑘢 𑘅𑘡 𑘁𑘮𑘹.,5
data/synthetic/images/line_0005_v014.png,आज खूप ऊन आहे.,𑘁𑘕 𑘏𑘴𑘢 𑘅𑘡 𑘁𑘮𑘹.,5
data/synthetic/images/line_0005_v015.png,आज खूप ऊन आहे.,𑘁𑘕 𑘏𑘴𑘢 𑘅𑘡 𑘁𑘮𑘹.,5
data/synthetic/images/line_0005_v016.png,आज खूप ऊन आहे.,𑘁𑘕 𑘏𑘴𑘢 𑘅𑘡 𑘁𑘮𑘹.,5
data/synthetic/images/line_0005_v017.png,आज खूप ऊन आहे.,𑘁𑘕 𑘏𑘴𑘢 𑘅𑘡 𑘁𑘮𑘹.,5
data/synthetic/images/line_0005_v018.png,आज खूप ऊन आहे.,𑘁𑘕 𑘏𑘴𑘢 𑘅𑘡 𑘁𑘮𑘹.,5
data/synthetic/images/line_0005_v019.png,आज खूप ऊन आहे.,𑘁𑘕 𑘏𑘴𑘢 𑘅𑘡 𑘁𑘮𑘹.,5
data/synthetic/images/line_0005_v020.png,आज खूप ऊन आहे.,𑘁𑘕 𑘏𑘴𑘢 𑘅𑘡 𑘁𑘮𑘹.,5
data/synthetic/images/line_0005_v021.png,आज खूप ऊन आहे.,𑘁𑘕 𑘏𑘴𑘢 𑘅𑘡 𑘁𑘮𑘹.,5
data/synthetic/images/line_0005_v022.png,आज खूप ऊन आहे.,𑘁𑘕 𑘏𑘴𑘢 𑘅𑘡 𑘁𑘮𑘹.,5
data/synthetic/images/line_0005_v023.png,आज खूप ऊन आहे.,𑘁𑘕 𑘏𑘴𑘢 𑘅𑘡 𑘁𑘮𑘹.,5
data/synthetic/images/line_0005_v024.png,आज खूप ऊन आहे.,𑘁𑘕 𑘏𑘴𑘢 𑘅𑘡 𑘁𑘮𑘹.,5
data/synthetic/images/line_0005_v025.png,आज खूप ऊन आहे.,𑘁𑘕 𑘏𑘴𑘢 𑘅𑘡 𑘁𑘮𑘹.,5
data/synthetic/images/line_0005_v026.png,आज खूप ऊन आहे.,𑘁𑘕 𑘏𑘴𑘢 𑘅𑘡 𑘁𑘮𑘹.,5
data/synthetic/images/line_0005_v027.png,आज खूप ऊन आहे.,𑘁𑘕 𑘏𑘴𑘢 𑘅𑘡 𑘁𑘮𑘹.,5
data/synthetic/images/line_0005_v028.png,आज खूप ऊन आहे.,𑘁𑘕 𑘏𑘴𑘢 𑘅𑘡 𑘁𑘮𑘹.,5
data/synthetic/images/line_0005_v029.png,आज खूप ऊन आहे.,𑘁𑘕 𑘏𑘴𑘢 𑘅𑘡 𑘁𑘮𑘹.,5
data/synthetic/images/line_0005_v030.png,आज खूप ऊन आहे.,𑘁𑘕 𑘏𑘴𑘢 𑘅𑘡 𑘁𑘮𑘹.,5
data/synthetic/images/line_0005_v031.png,आज खूप ऊन आहे.,𑘁𑘕 𑘏𑘴𑘢 𑘅𑘡 𑘁𑘮𑘹.,5
data/synthetic/images/line_0005_v032.png,आज खूप ऊन आहे.,𑘁𑘕 𑘏𑘴𑘢 𑘅𑘡 𑘁𑘮𑘹.,5
data/synthetic/images/line_0005_v033.png,आज खूप ऊन आहे.,𑘁𑘕 𑘏𑘴𑘢 𑘅𑘡 𑘁𑘮𑘹.,5
data/synthetic/images/line_0005_v034.png,आज खूप ऊन आहे.,𑘁𑘕 𑘏𑘴𑘢 𑘅𑘡 𑘁𑘮𑘹.,5
data/synthetic/images/line_0005_v035.png,आज खूप ऊन आहे.,𑘁𑘕 𑘏𑘴𑘢 𑘅𑘡 𑘁𑘮𑘹.,5
data/synthetic/images/line_0005_v036.png,आज खूप ऊन आहे.,𑘁𑘕 𑘏𑘴𑘢 𑘅𑘡 𑘁𑘮𑘹.,5
data/synthetic/images/line_0005_v037.png,आज खूप ऊन आहे.,𑘁𑘕 𑘏𑘴𑘢 𑘅𑘡 𑘁𑘮𑘹.,5
data/synthetic/images/line_0005_v038.png,आज खूप ऊन आहे.,𑘁𑘕 𑘏𑘴𑘢 𑘅𑘡 𑘁𑘮𑘹.,5
data/synthetic/images/line_0005_v039.png,आज खूप ऊन आहे.,𑘁𑘕 𑘏𑘴𑘢 𑘅𑘡 𑘁𑘮𑘹.,5
data/synthetic/images/line_0006_v000.png,उद्या पाऊस पडण्याची शक्यता आहे.,𑘄𑘟𑘿𑘧𑘰 𑘢𑘰𑘅𑘭 𑘢𑘚𑘜𑘿𑘧𑘰𑘓𑘲 𑘫𑘎𑘿𑘧𑘝𑘰 𑘁𑘮𑘹.,6
data/synthetic/images/line_0006_v001.png,उद्या पाऊस पडण्याची शक्यता आहे.,𑘄𑘟𑘿𑘧𑘰 𑘢𑘰𑘅𑘭 𑘢𑘚𑘜𑘿𑘧𑘰𑘓𑘲 𑘫𑘎𑘿𑘧𑘝𑘰 𑘁𑘮𑘹.,6
data/synthetic/images/line_0006_v002.png,उद्या पाऊस पडण्याची शक्यता आहे.,𑘄𑘟𑘿𑘧𑘰 𑘢𑘰𑘅𑘭 𑘢𑘚𑘜𑘿𑘧𑘰𑘓𑘲 𑘫𑘎𑘿𑘧𑘝𑘰 𑘁𑘮𑘹.,6
data/synthetic/images/line_0006_v003.png,उद्या पाऊस पडण्याची शक्यता आहे.,𑘄𑘟𑘿𑘧𑘰 𑘢𑘰𑘅𑘭 𑘢𑘚𑘜𑘿𑘧𑘰𑘓𑘲 𑘫𑘎𑘿𑘧𑘝𑘰 𑘁𑘮𑘹.,6
data/synthetic/images/line_0006_v004.png,उद्या पाऊस पडण्याची शक्यता आहे.,𑘄𑘟𑘿𑘧𑘰 𑘢𑘰𑘅𑘭 𑘢𑘚𑘜𑘿𑘧𑘰𑘓𑘲 𑘫𑘎𑘿𑘧𑘝𑘰 𑘁𑘮𑘹.,6
data/synthetic/images/line_0006_v005.png,उद्या पाऊस पडण्याची शक्यता आहे.,𑘄𑘟𑘿𑘧𑘰 𑘢𑘰𑘅𑘭 𑘢𑘚𑘜𑘿𑘧𑘰𑘓𑘲 𑘫𑘎𑘿𑘧𑘝𑘰 𑘁𑘮𑘹.,6
data/synthetic/images/line_0006_v006.png,उद्या पाऊस पडण्याची शक्यता आहे.,𑘄𑘟𑘿𑘧𑘰 𑘢𑘰𑘅𑘭 𑘢𑘚𑘜𑘿𑘧𑘰𑘓𑘲 𑘫𑘎𑘿𑘧𑘝𑘰 𑘁𑘮𑘹.,6
data/synthetic/images/line_0006_v007.png,उद्या पाऊस पडण्याची शक्यता आहे.,𑘄𑘟𑘿𑘧𑘰 𑘢𑘰𑘅𑘭 𑘢𑘚𑘜𑘿𑘧𑘰𑘓𑘲 𑘫𑘎𑘿𑘧𑘝𑘰 𑘁𑘮𑘹.,6
data/synthetic/images/line_0006_v008.png,उद्या पाऊस पडण्याची शक्यता आहे.,𑘄𑘟𑘿𑘧𑘰 𑘢𑘰𑘅𑘭 𑘢𑘚𑘜𑘿𑘧𑘰𑘓𑘲 𑘫𑘎𑘿𑘧𑘝𑘰 𑘁𑘮𑘹.,6
data/synthetic/images/line_0006_v009.png,उद्या पाऊस पडण्याची शक्यता आहे.,𑘄𑘟𑘿𑘧𑘰 𑘢𑘰𑘅𑘭 𑘢𑘚𑘜𑘿𑘧𑘰𑘓𑘲 𑘫𑘎𑘿𑘧𑘝𑘰 𑘁𑘮𑘹.,6
data/synthetic/images/line_0006_v010.png,उद्या पाऊस पडण्याची शक्यता आहे.,𑘄𑘟𑘿𑘧𑘰 𑘢𑘰𑘅𑘭 𑘢𑘚𑘜𑘿𑘧𑘰𑘓𑘲 𑘫𑘎𑘿𑘧𑘝𑘰 𑘁𑘮𑘹.,6
data/synthetic/images/line_0006_v011.png,उद्या पाऊस पडण्याची शक्यता आहे.,𑘄𑘟𑘿𑘧𑘰 𑘢𑘰𑘅𑘭 𑘢𑘚𑘜𑘿𑘧𑘰𑘓𑘲 𑘫𑘎𑘿𑘧𑘝𑘰 𑘁𑘮𑘹.,6
data/synthetic/images/line_0006_v012.png,उद्या पाऊस पडण्याची शक्यता आहे.,𑘄𑘟𑘿𑘧𑘰 𑘢𑘰𑘅𑘭 𑘢𑘚𑘜𑘿𑘧𑘰𑘓𑘲 𑘫𑘎𑘿𑘧𑘝𑘰 𑘁𑘮𑘹.,6
data/synthetic/images/line_0006_v013.png,उद्या पाऊस पडण्याची शक्यता आहे.,𑘄𑘟𑘿𑘧𑘰 𑘢𑘰𑘅𑘭 𑘢𑘚𑘜𑘿𑘧𑘰𑘓𑘲 𑘫𑘎𑘿𑘧𑘝𑘰 𑘁𑘮𑘹.,6
data/synthetic/images/line_0006_v014.png,उद्या पाऊस पडण्याची शक्यता आहे.,𑘄𑘟𑘿𑘧𑘰 𑘢𑘰𑘅𑘭 𑘢𑘚𑘜𑘿𑘧𑘰𑘓𑘲 𑘫𑘎𑘿𑘧𑘝𑘰 𑘁𑘮𑘹.,6
data/synthetic/images/line_0006_v015.png,उद्या पाऊस पडण्याची शक्यता आहे.,𑘄𑘟𑘿𑘧𑘰 𑘢𑘰𑘅𑘭 𑘢𑘚𑘜𑘿𑘧𑘰𑘓𑘲 𑘫𑘎𑘿𑘧𑘝𑘰 𑘁𑘮𑘹.,6
data/synthetic/images/line_0006_v016.png,उद्या पाऊस पडण्याची शक्यता आहे.,𑘄𑘟𑘿𑘧𑘰 𑘢𑘰𑘅𑘭 𑘢𑘚𑘜𑘿𑘧𑘰𑘓𑘲 𑘫𑘎𑘿𑘧𑘝𑘰 𑘁𑘮𑘹.,6
data/synthetic/images/line_0006_v017.png,उद्या पाऊस पडण्याची शक्यता आहे.,𑘄𑘟𑘿𑘧𑘰 𑘢𑘰𑘅𑘭 𑘢𑘚𑘜𑘿𑘧𑘰𑘓𑘲 𑘫𑘎𑘿𑘧𑘝𑘰 𑘁𑘮𑘹.,6
data/synthetic/images/line_0006_v018.png,उद्या पाऊस पडण्याची शक्यता आहे.,𑘄𑘟𑘿𑘧𑘰 𑘢𑘰𑘅𑘭 𑘢𑘚𑘜𑘿𑘧𑘰𑘓𑘲 𑘫𑘎𑘿𑘧𑘝𑘰 𑘁𑘮𑘹.,6
data/synthetic/images/line_0006_v019.png,उद्या पाऊस पडण्याची शक्यता आहे.,𑘄𑘟𑘿𑘧𑘰 𑘢𑘰𑘅𑘭 𑘢𑘚𑘜𑘿𑘧𑘰𑘓𑘲 𑘫𑘎𑘿𑘧𑘝𑘰 𑘁𑘮𑘹.,6
data/synthetic/images/line_0006_v020.png,उद्या पाऊस पडण्याची शक्यता आहे.,𑘄𑘟𑘿𑘧𑘰 𑘢𑘰𑘅𑘭 𑘢𑘚𑘜𑘿𑘧𑘰𑘓𑘲 𑘫𑘎𑘿𑘧𑘝𑘰 𑘁𑘮𑘹.,6
data/synthetic/images/line_0006_v021.png,उद्या पाऊस पडण्याची शक्यता आहे.,𑘄𑘟𑘿𑘧𑘰 𑘢𑘰𑘅𑘭 𑘢𑘚𑘜𑘿𑘧𑘰𑘓𑘲 𑘫𑘎𑘿𑘧𑘝𑘰 𑘁𑘮𑘹.,6
data/synthetic/images/line_0006_v022.png,उद्या पाऊस पडण्याची शक्यता आहे.,𑘄𑘟𑘿𑘧𑘰 𑘢𑘰𑘅𑘭 𑘢𑘚𑘜𑘿𑘧𑘰𑘓𑘲 𑘫𑘎𑘿𑘧𑘝𑘰 𑘁𑘮𑘹.,6
data/synthetic/images/line_0006_v023.png,उद्या पाऊस पडण्याची शक्यता आहे.,𑘄𑘟𑘿𑘧𑘰 𑘢𑘰𑘅𑘭 𑘢𑘚𑘜𑘿𑘧𑘰𑘓𑘲 𑘫𑘎𑘿𑘧𑘝𑘰 𑘁𑘮𑘹.,6
data/synthetic/images/line_0006_v024.png,उद्या पाऊस पडण्याची शक्यता आहे.,𑘄𑘟𑘿𑘧𑘰 𑘢𑘰𑘅𑘭 𑘢𑘚𑘜𑘿𑘧𑘰𑘓𑘲 𑘫𑘎𑘿𑘧𑘝𑘰 𑘁𑘮𑘹.,6
data/synthetic/images/line_0006_v025.png,उद्या पाऊस पडण्याची शक्यता आहे.,𑘄𑘟𑘿𑘧𑘰 𑘢𑘰𑘅𑘭 𑘢𑘚𑘜𑘿𑘧𑘰𑘓𑘲 𑘫𑘎𑘿𑘧𑘝𑘰 𑘁𑘮𑘹.,6
data/synthetic/images/line_0006_v026.png,उद्या पाऊस पडण्याची शक्यता आहे.,𑘄𑘟𑘿𑘧𑘰 𑘢𑘰𑘅𑘭 𑘢𑘚𑘜𑘿𑘧𑘰𑘓𑘲 𑘫𑘎𑘿𑘧𑘝𑘰 𑘁𑘮𑘹.,6
data/synthetic/images/line_0006_v027.png,उद्या पाऊस पडण्याची शक्यता आहे.,𑘄𑘟𑘿𑘧𑘰 𑘢𑘰𑘅𑘭 𑘢𑘚𑘜𑘿𑘧𑘰𑘓𑘲 𑘫𑘎𑘿𑘧𑘝𑘰 𑘁𑘮𑘹.,6
data/synthetic/images/line_0006_v028.png,उद्या पाऊस पडण्याची शक्यता आहे.,𑘄𑘟𑘿𑘧𑘰 𑘢𑘰𑘅𑘭 𑘢𑘚𑘜𑘿𑘧𑘰𑘓𑘲 𑘫𑘎𑘿𑘧𑘝𑘰 𑘁𑘮𑘹.,6
data/synthetic/images/line_0006_v029.png,उद्या पाऊस पडण्याची शक्यता आहे.,𑘄𑘟𑘿𑘧𑘰 𑘢𑘰𑘅𑘭 𑘢𑘚𑘜𑘿𑘧𑘰𑘓𑘲 𑘫𑘎𑘿𑘧𑘝𑘰 𑘁𑘮𑘹.,6
data/synthetic/images/line_0006_v030.png,उद्या पाऊस पडण्याची शक्यता आहे.,𑘄𑘟𑘿𑘧𑘰 𑘢𑘰𑘅𑘭 𑘢𑘚𑘜𑘿𑘧𑘰𑘓𑘲 𑘫𑘎𑘿𑘧𑘝𑘰 𑘁𑘮𑘹.,6
data/synthetic/images/line_0006_v031.png,उद्या पाऊस पडण्याची शक्यता आहे.,𑘄𑘟𑘿𑘧𑘰 𑘢𑘰𑘅𑘭 𑘢𑘚𑘜𑘿𑘧𑘰𑘓𑘲 𑘫𑘎𑘿𑘧𑘝𑘰 𑘁𑘮𑘹.,6
data/synthetic/images/line_0006_v032.png,उद्या पाऊस पडण्याची शक्यता आहे.,𑘄𑘟𑘿𑘧𑘰 𑘢𑘰𑘅𑘭 𑘢𑘚𑘜𑘿𑘧𑘰𑘓𑘲 𑘫𑘎𑘿𑘧𑘝𑘰 𑘁𑘮𑘹.,6
data/synthetic/images/line_0006_v033.png,उद्या पाऊस पडण्याची शक्यता आहे.,𑘄𑘟𑘿𑘧𑘰 𑘢𑘰𑘅𑘭 𑘢𑘚𑘜𑘿𑘧𑘰𑘓𑘲 𑘫𑘎𑘿𑘧𑘝𑘰 𑘁𑘮𑘹.,6
data/synthetic/images/line_0006_v034.png,उद्या पाऊस पडण्याची शक्यता आहे.,𑘄𑘟𑘿𑘧𑘰 𑘢𑘰𑘅𑘭 𑘢𑘚𑘜𑘿𑘧𑘰𑘓𑘲 𑘫𑘎𑘿𑘧𑘝𑘰 𑘁𑘮𑘹.,6
data/synthetic/images/line_0006_v035.png,उद्या पाऊस पडण्याची शक्यता आहे.,𑘄𑘟𑘿𑘧𑘰 𑘢𑘰𑘅𑘭 𑘢𑘚𑘜𑘿𑘧𑘰𑘓𑘲 𑘫𑘎𑘿𑘧𑘝𑘰 𑘁𑘮𑘹.,6
data/synthetic/images/line_0006_v036.png,उद्या पाऊस पडण्याची शक्यता आहे.,𑘄𑘟𑘿𑘧𑘰 𑘢𑘰𑘅𑘭 𑘢𑘚𑘜𑘿𑘧𑘰𑘓𑘲 𑘫𑘎𑘿𑘧𑘝𑘰 𑘁𑘮𑘹.,6
data/synthetic/images/line_0006_v037.png,उद्या पाऊस पडण्याची शक्यता आहे.,𑘄𑘟𑘿𑘧𑘰 𑘢𑘰𑘅𑘭 𑘢𑘚𑘜𑘿𑘧𑘰𑘓𑘲 𑘫𑘎𑘿𑘧𑘝𑘰 𑘁𑘮𑘹.,6
data/synthetic/images/line_0006_v038.png,उद्या पाऊस पडण्याची शक्यता आहे.,𑘄𑘟𑘿𑘧𑘰 𑘢𑘰𑘅𑘭 𑘢𑘚𑘜𑘿𑘧𑘰𑘓𑘲 𑘫𑘎𑘿𑘧𑘝𑘰 𑘁𑘮𑘹.,6
data/synthetic/images/line_0006_v039.png,उद्या पाऊस पडण्याची शक्यता आहे.,𑘄𑘟𑘿𑘧𑘰 𑘢𑘰𑘅𑘭 𑘢𑘚𑘜𑘿𑘧𑘰𑘓𑘲 𑘫𑘎𑘿𑘧𑘝𑘰 𑘁𑘮𑘹.,6
data/synthetic/images/line_0007_v000.png,पुणे शहर खूप सुंदर आहे.,𑘢𑘳𑘜𑘹 𑘫𑘮𑘨 𑘏𑘴𑘢 𑘭𑘳𑘽𑘟𑘨 𑘁𑘮𑘹.,7
data/synthetic/images/line_0007_v001.png,पुणे शहर खूप सुंदर आहे.,𑘢𑘳𑘜𑘹 𑘫𑘮𑘨 𑘏𑘴𑘢 𑘭𑘳𑘽𑘟𑘨 𑘁𑘮𑘹.,7
data/synthetic/images/line_0007_v002.png,पुणे शहर खूप सुंदर आहे.,𑘢𑘳𑘜𑘹 𑘫𑘮𑘨 𑘏𑘴𑘢 𑘭𑘳𑘽𑘟𑘨 𑘁𑘮𑘹.,7
data/synthetic/images/line_0007_v003.png,पुणे शहर खूप सुंदर आहे.,𑘢𑘳𑘜𑘹 𑘫𑘮𑘨 𑘏𑘴𑘢 𑘭𑘳𑘽𑘟𑘨 𑘁𑘮𑘹.,7
data/synthetic/images/line_0007_v004.png,पुणे शहर खूप सुंदर आहे.,𑘢𑘳𑘜𑘹 𑘫𑘮𑘨 𑘏𑘴𑘢 𑘭𑘳𑘽𑘟𑘨 𑘁𑘮𑘹.,7
data/synthetic/images/line_0007_v005.png,पुणे शहर खूप सुंदर आहे.,𑘢𑘳𑘜𑘹 𑘫𑘮𑘨 𑘏𑘴𑘢 𑘭𑘳𑘽𑘟𑘨 𑘁𑘮𑘹.,7
data/synthetic/images/line_0007_v006.png,पुणे शहर खूप सुंदर आहे.,𑘢𑘳𑘜𑘹 𑘫𑘮𑘨 𑘏𑘴𑘢 𑘭𑘳𑘽𑘟𑘨 𑘁𑘮𑘹.,7
data/synthetic/images/line_0007_v007.png,पुणे शहर खूप सुंदर आहे.,𑘢𑘳𑘜𑘹 𑘫𑘮𑘨 𑘏𑘴𑘢 𑘭𑘳𑘽𑘟𑘨 𑘁𑘮𑘹.,7
data/synthetic/images/line_0007_v008.png,पुणे शहर खूप सुंदर आहे.,𑘢𑘳𑘜𑘹 𑘫𑘮𑘨 𑘏𑘴𑘢 𑘭𑘳𑘽𑘟𑘨 𑘁𑘮𑘹.,7
data/synthetic/images/line_0007_v009.png,पुणे शहर खूप सुंदर आहे.,𑘢𑘳𑘜𑘹 𑘫𑘮𑘨 𑘏𑘴𑘢 𑘭𑘳𑘽𑘟𑘨 𑘁𑘮𑘹.,7
data/synthetic/images/line_0007_v010.png,पुणे शहर खूप सुंदर आहे.,𑘢𑘳𑘜𑘹 𑘫𑘮𑘨 𑘏𑘴𑘢 𑘭𑘳𑘽𑘟𑘨 𑘁𑘮𑘹.,7
data/synthetic/images/line_0007_v011.png,पुणे शहर खूप सुंदर आहे.,𑘢𑘳𑘜𑘹 𑘫𑘮𑘨 𑘏𑘴𑘢 𑘭𑘳𑘽𑘟𑘨 𑘁𑘮𑘹.,7
data/synthetic/images/line_0007_v012.png,पुणे शहर खूप सुंदर आहे.,𑘢𑘳𑘜𑘹 𑘫𑘮𑘨 𑘏𑘴𑘢 𑘭𑘳𑘽𑘟𑘨 𑘁𑘮𑘹.,7
data/synthetic/images/line_0007_v013.png,पुणे शहर खूप सुंदर आहे.,𑘢𑘳𑘜𑘹 𑘫𑘮𑘨 𑘏𑘴𑘢 𑘭𑘳𑘽𑘟𑘨 𑘁𑘮𑘹.,7
data/synthetic/images/line_0007_v014.png,पुणे शहर खूप सुंदर आहे.,𑘢𑘳𑘜𑘹 𑘫𑘮𑘨 𑘏𑘴𑘢 𑘭𑘳𑘽𑘟𑘨 𑘁𑘮𑘹.,7
data/synthetic/images/line_0007_v015.png,पुणे शहर खूप सुंदर आहे.,𑘢𑘳𑘜𑘹 𑘫𑘮𑘨 𑘏𑘴𑘢 𑘭𑘳𑘽𑘟𑘨 𑘁𑘮𑘹.,7
data/synthetic/images/line_0007_v016.png,पुणे शहर खूप सुंदर आहे.,𑘢𑘳𑘜𑘹 𑘫𑘮𑘨 𑘏𑘴𑘢 𑘭𑘳𑘽𑘟𑘨 𑘁𑘮𑘹.,7
data/synthetic/images/line_0007_v017.png,पुणे शहर खूप सुंदर आहे.,𑘢𑘳𑘜𑘹 𑘫𑘮𑘨 𑘏𑘴𑘢 𑘭𑘳𑘽𑘟𑘨 𑘁𑘮𑘹.,7
data/synthetic/images/line_0007_v018.png,पुणे शहर खूप सुंदर आहे.,𑘢𑘳𑘜𑘹 𑘫𑘮𑘨 𑘏𑘴𑘢 𑘭𑘳𑘽𑘟𑘨 𑘁𑘮𑘹.,7
data/synthetic/images/line_0007_v019.png,पुणे शहर खूप सुंदर आहे.,𑘢𑘳𑘜𑘹 𑘫𑘮𑘨 𑘏𑘴𑘢 𑘭𑘳𑘽𑘟𑘨 𑘁𑘮𑘹.,7
data/synthetic/images/line_0007_v020.png,पुणे शहर खूप सुंदर आहे.,𑘢𑘳𑘜𑘹 𑘫𑘮𑘨 𑘏𑘴𑘢 𑘭𑘳𑘽𑘟𑘨 𑘁𑘮𑘹.,7
data/synthetic/images/line_0007_v021.png,पुणे शहर खूप सुंदर आहे.,𑘢𑘳𑘜𑘹 𑘫𑘮𑘨 𑘏𑘴𑘢 𑘭𑘳𑘽𑘟𑘨 𑘁𑘮𑘹.,7
data/synthetic/images/line_0007_v022.png,पुणे शहर खूप सुंदर आहे.,𑘢𑘳𑘜𑘹 𑘫𑘮𑘨 𑘏𑘴𑘢 𑘭𑘳𑘽𑘟𑘨 𑘁𑘮𑘹.,7
data/synthetic/images/line_0007_v023.png,पुणे शहर खूप सुंदर आहे.,𑘢𑘳𑘜𑘹 𑘫𑘮𑘨 𑘏𑘴𑘢 𑘭𑘳𑘽𑘟𑘨 𑘁𑘮𑘹.,7
data/synthetic/images/line_0007_v024.png,पुणे शहर खूप सुंदर आहे.,𑘢𑘳𑘜𑘹 𑘫𑘮𑘨 𑘏𑘴𑘢 𑘭𑘳𑘽𑘟𑘨 𑘁𑘮𑘹.,7
data/synthetic/images/line_0007_v025.png,पुणे शहर खूप सुंदर आहे.,𑘢𑘳𑘜𑘹 𑘫𑘮𑘨 𑘏𑘴𑘢 𑘭𑘳𑘽𑘟𑘨 𑘁𑘮𑘹.,7
data/synthetic/images/line_0007_v026.png,पुणे शहर खूप सुंदर आहे.,𑘢𑘳𑘜𑘹 𑘫𑘮𑘨 𑘏𑘴𑘢 𑘭𑘳𑘽𑘟𑘨 𑘁𑘮𑘹.,7
data/synthetic/images/line_0007_v027.png,पुणे शहर खूप सुंदर आहे.,𑘢𑘳𑘜𑘹 𑘫𑘮𑘨 𑘏𑘴𑘢 𑘭𑘳𑘽𑘟𑘨 𑘁𑘮𑘹.,7
data/synthetic/images/line_0007_v028.png,पुणे शहर खूप सुंदर आहे.,𑘢𑘳𑘜𑘹 𑘫𑘮𑘨 𑘏𑘴𑘢 𑘭𑘳𑘽𑘟𑘨 𑘁𑘮𑘹.,7
data/synthetic/images/line_0007_v029.png,पुणे शहर खूप सुंदर आहे.,𑘢𑘳𑘜𑘹 𑘫𑘮𑘨 𑘏𑘴𑘢 𑘭𑘳𑘽𑘟𑘨 𑘁𑘮𑘹.,7
data/synthetic/images/line_0007_v030.png,पुणे शहर खूप सुंदर आहे.,𑘢𑘳𑘜𑘹 𑘫𑘮𑘨 𑘏𑘴𑘢 𑘭𑘳𑘽𑘟𑘨 𑘁𑘮𑘹.,7
data/synthetic/images/line_0007_v031.png,पुणे शहर खूप सुंदर आहे.,𑘢𑘳𑘜𑘹 𑘫𑘮𑘨 𑘏𑘴𑘢 𑘭𑘳𑘽𑘟𑘨 𑘁𑘮𑘹.,7
data/synthetic/images/line_0007_v032.png,पुणे शहर खूप सुंदर आहे.,𑘢𑘳𑘜𑘹 𑘫𑘮𑘨 𑘏𑘴𑘢 𑘭𑘳𑘽𑘟𑘨 𑘁𑘮𑘹.,7
data/synthetic/images/line_0007_v033.png,पुणे शहर खूप सुंदर आहे.,𑘢𑘳𑘜𑘹 𑘫𑘮𑘨 𑘏𑘴𑘢 𑘭𑘳𑘽𑘟𑘨 𑘁𑘮𑘹.,7
data/synthetic/images/line_0007_v034.png,पुणे शहर खूप सुंदर आहे.,𑘢𑘳𑘜𑘹 𑘫𑘮𑘨 𑘏𑘴𑘢 𑘭𑘳𑘽𑘟𑘨 𑘁𑘮𑘹.,7
data/synthetic/images/line_0007_v035.png,पुणे शहर खूप सुंदर आहे.,𑘢𑘳𑘜𑘹 𑘫𑘮𑘨 𑘏𑘴𑘢 𑘭𑘳𑘽𑘟𑘨 𑘁𑘮𑘹.,7
data/synthetic/images/line_0007_v036.png,पुणे शहर खूप सुंदर आहे.,𑘢𑘳𑘜𑘹 𑘫𑘮𑘨 𑘏𑘴𑘢 𑘭𑘳𑘽𑘟𑘨 𑘁𑘮𑘹.,7
data/synthetic/images/line_0007_v037.png,पुणे शहर खूप सुंदर आहे.,𑘢𑘳𑘜𑘹 𑘫𑘮𑘨 𑘏𑘴𑘢 𑘭𑘳𑘽𑘟𑘨 𑘁𑘮𑘹.,7
data/synthetic/images/line_0007_v038.png,पुणे शहर खूप सुंदर आहे.,𑘢𑘳𑘜𑘹 𑘫𑘮𑘨 𑘏𑘴𑘢 𑘭𑘳𑘽𑘟𑘨 𑘁𑘮𑘹.,7
data/synthetic/images/line_0007_v039.png,पुणे शहर खूप सुंदर आहे.,𑘢𑘳𑘜𑘹 𑘫𑘮𑘨 𑘏𑘴𑘢 𑘭𑘳𑘽𑘟𑘨 𑘁𑘮𑘹.,7
data/synthetic/images/line_0008_v000.png,मुंबई ही महाराष्ट्राची राजधानी आहे.,𑘦𑘳𑘽𑘤𑘃 𑘮𑘲 𑘦𑘮𑘰𑘨𑘰𑘬𑘿𑘘𑘿𑘨𑘰𑘓𑘲 𑘨𑘰𑘕𑘠𑘰𑘡𑘲 𑘁𑘮𑘹.,8
data/synthetic/images/line_0008_v001.png,मुंबई ही महाराष्ट्राची राजधानी आहे.,𑘦𑘳𑘽𑘤𑘃 𑘮𑘲 𑘦𑘮𑘰𑘨𑘰𑘬𑘿𑘘𑘿𑘨𑘰𑘓𑘲 𑘨𑘰𑘕𑘠𑘰𑘡𑘲 𑘁𑘮𑘹.,8
data/synthetic/images/line_0008_v002.png,मुंबई ही महाराष्ट्राची राजधानी आहे.,𑘦𑘳𑘽𑘤𑘃 𑘮𑘲 𑘦𑘮𑘰𑘨𑘰𑘬𑘿𑘘𑘿𑘨𑘰𑘓𑘲 𑘨𑘰𑘕𑘠𑘰𑘡𑘲 𑘁𑘮𑘹.,8
data/synthetic/images/line_0008_v003.png,मुंबई ही महाराष्ट्राची राजधानी आहे.,𑘦𑘳𑘽𑘤𑘃 𑘮𑘲 𑘦𑘮𑘰𑘨𑘰𑘬𑘿𑘘𑘿𑘨𑘰𑘓𑘲 𑘨𑘰𑘕𑘠𑘰𑘡𑘲 𑘁𑘮𑘹.,8
data/synthetic/images/line_0008_v004.png,मुंबई ही महाराष्ट्राची राजधानी आहे.,𑘦𑘳𑘽𑘤𑘃 𑘮𑘲 𑘦𑘮𑘰𑘨𑘰𑘬𑘿𑘘𑘿𑘨𑘰𑘓𑘲 𑘨𑘰𑘕𑘠𑘰𑘡𑘲 𑘁𑘮𑘹.,8
data/synthetic/images/line_0008_v005.png,मुंबई ही महाराष्ट्राची राजधानी आहे.,𑘦𑘳𑘽𑘤𑘃 𑘮𑘲 𑘦𑘮𑘰𑘨𑘰𑘬𑘿𑘘𑘿𑘨𑘰𑘓𑘲 𑘨𑘰𑘕𑘠𑘰𑘡𑘲 𑘁𑘮𑘹.,8
data/synthetic/images/line_0008_v006.png,मुंबई ही महाराष्ट्राची राजधानी आहे.,𑘦𑘳𑘽𑘤𑘃 𑘮𑘲 𑘦𑘮𑘰𑘨𑘰𑘬𑘿𑘘𑘿𑘨𑘰𑘓𑘲 𑘨𑘰𑘕𑘠𑘰𑘡𑘲 𑘁𑘮𑘹.,8
data/synthetic/images/line_0008_v007.png,मुंबई ही महाराष्ट्राची राजधानी आहे.,𑘦𑘳𑘽𑘤𑘃 𑘮𑘲 𑘦𑘮𑘰𑘨𑘰𑘬𑘿𑘘𑘿𑘨𑘰𑘓𑘲 𑘨𑘰𑘕𑘠𑘰𑘡𑘲 𑘁𑘮𑘹.,8
data/synthetic/images/line_0008_v008.png,मुंबई ही महाराष्ट्राची राजधानी आहे.,𑘦𑘳𑘽𑘤𑘃 𑘮𑘲 𑘦𑘮𑘰𑘨𑘰𑘬𑘿𑘘𑘿𑘨𑘰𑘓𑘲 𑘨𑘰𑘕𑘠𑘰𑘡𑘲 𑘁𑘮𑘹.,8
data/synthetic/images/line_0008_v009.png,मुंबई ही महाराष्ट्राची राजधानी आहे.,𑘦𑘳𑘽𑘤𑘃 𑘮𑘲 𑘦𑘮𑘰𑘨𑘰𑘬𑘿𑘘𑘿𑘨𑘰𑘓𑘲 𑘨𑘰𑘕𑘠𑘰𑘡𑘲 𑘁𑘮𑘹.,8
data/synthetic/images/line_0008_v010.png,मुंबई ही महाराष्ट्राची राजधानी आहे.,𑘦𑘳𑘽𑘤𑘃 𑘮𑘲 𑘦𑘮𑘰𑘨𑘰𑘬𑘿𑘘𑘿𑘨𑘰𑘓𑘲 𑘨𑘰𑘕𑘠𑘰𑘡𑘲 𑘁𑘮𑘹.,8
data/synthetic/images/line_0008_v011.png,मुंबई ही महाराष्ट्राची राजधानी आहे.,𑘦𑘳𑘽𑘤𑘃 𑘮𑘲 𑘦𑘮𑘰𑘨𑘰𑘬𑘿𑘘𑘿𑘨𑘰𑘓𑘲 𑘨𑘰𑘕𑘠𑘰𑘡𑘲 𑘁𑘮𑘹.,8
data/synthetic/images/line_0008_v012.png,मुंबई ही महाराष्ट्राची राजधानी आहे.,𑘦𑘳𑘽𑘤𑘃 𑘮𑘲 𑘦𑘮𑘰𑘨𑘰𑘬𑘿𑘘𑘿𑘨𑘰𑘓𑘲 𑘨𑘰𑘕𑘠𑘰𑘡𑘲 𑘁𑘮𑘹.,8
data/synthetic/images/line_0008_v013.png,मुंबई ही महाराष्ट्राची राजधानी आहे.,𑘦𑘳𑘽𑘤𑘃 𑘮𑘲 𑘦𑘮𑘰𑘨𑘰𑘬𑘿𑘘𑘿𑘨𑘰𑘓𑘲 𑘨𑘰𑘕𑘠𑘰𑘡𑘲 𑘁𑘮𑘹.,8
data/synthetic/images/line_0008_v014.png,मुंबई ही महाराष्ट्राची राजधानी आहे.,𑘦𑘳𑘽𑘤𑘃 𑘮𑘲 𑘦𑘮𑘰𑘨𑘰𑘬𑘿𑘘𑘿𑘨𑘰𑘓𑘲 𑘨𑘰𑘕𑘠𑘰𑘡𑘲 𑘁𑘮𑘹.,8
data/synthetic/images/line_0008_v015.png,मुंबई ही महाराष्ट्राची राजधानी आहे.,𑘦𑘳𑘽𑘤𑘃 𑘮𑘲 𑘦𑘮𑘰𑘨𑘰𑘬𑘿𑘘𑘿𑘨𑘰𑘓𑘲 𑘨𑘰𑘕𑘠𑘰𑘡𑘲 𑘁𑘮𑘹.,8
data/synthetic/images/line_0008_v016.png,मुंबई ही महाराष्ट्राची राजधानी आहे.,𑘦𑘳𑘽𑘤𑘃 𑘮𑘲 𑘦𑘮𑘰𑘨𑘰𑘬𑘿𑘘𑘿𑘨𑘰𑘓𑘲 𑘨𑘰𑘕𑘠𑘰𑘡𑘲 𑘁𑘮𑘹.,8
data/synthetic/images/line_0008_v017.png,मुंबई ही महाराष्ट्राची राजधानी आहे.,𑘦𑘳𑘽𑘤𑘃 𑘮𑘲 𑘦𑘮𑘰𑘨𑘰𑘬𑘿𑘘𑘿𑘨𑘰𑘓𑘲 𑘨𑘰𑘕𑘠𑘰𑘡𑘲 𑘁𑘮𑘹.,8
data/synthetic/images/line_0008_v018.png,मुंबई ही महाराष्ट्राची राजधानी आहे.,𑘦𑘳𑘽𑘤𑘃 𑘮𑘲 𑘦𑘮𑘰𑘨𑘰𑘬𑘿𑘘𑘿𑘨𑘰𑘓𑘲 𑘨𑘰𑘕𑘠𑘰𑘡𑘲 𑘁𑘮𑘹.,8
data/synthetic/images/line_0008_v019.png,मुंबई ही महाराष्ट्राची राजधानी आहे.,𑘦𑘳𑘽𑘤𑘃 𑘮𑘲 𑘦𑘮𑘰𑘨𑘰𑘬𑘿𑘘𑘿𑘨𑘰𑘓𑘲 𑘨𑘰𑘕𑘠𑘰𑘡𑘲 𑘁𑘮𑘹.,8
data/synthetic/images/line_0008_v020.png,मुंबई ही महाराष्ट्राची राजधानी आहे.,𑘦𑘳𑘽𑘤𑘃 𑘮𑘲 𑘦𑘮𑘰𑘨𑘰𑘬𑘿𑘘𑘿𑘨𑘰𑘓𑘲 𑘨𑘰𑘕𑘠𑘰𑘡𑘲 𑘁𑘮𑘹.,8
data/synthetic/images/line_0008_v021.png,मुंबई ही महाराष्ट्राची राजधानी आहे.,𑘦𑘳𑘽𑘤𑘃 𑘮𑘲 𑘦𑘮𑘰𑘨𑘰𑘬𑘿𑘘𑘿𑘨𑘰𑘓𑘲 𑘨𑘰𑘕𑘠𑘰𑘡𑘲 𑘁𑘮𑘹.,8
data/synthetic/images/line_0008_v022.png,मुंबई ही महाराष्ट्राची राजधानी आहे.,𑘦𑘳𑘽𑘤𑘃 𑘮𑘲 𑘦𑘮𑘰𑘨𑘰𑘬𑘿𑘘𑘿𑘨𑘰𑘓𑘲 𑘨𑘰𑘕𑘠𑘰𑘡𑘲 𑘁𑘮𑘹.,8
data/synthetic/images/line_0008_v023.png,मुंबई ही महाराष्ट्राची राजधानी आहे.,𑘦𑘳𑘽𑘤𑘃 𑘮𑘲 𑘦𑘮𑘰𑘨𑘰𑘬𑘿𑘘𑘿𑘨𑘰𑘓𑘲 𑘨𑘰𑘕𑘠𑘰𑘡𑘲 𑘁𑘮𑘹.,8
data/synthetic/images/line_0008_v024.png,मुंबई ही महाराष्ट्राची राजधानी आहे.,𑘦𑘳𑘽𑘤𑘃 𑘮𑘲 𑘦𑘮𑘰𑘨𑘰𑘬𑘿𑘘𑘿𑘨𑘰𑘓𑘲 𑘨𑘰𑘕𑘠𑘰𑘡𑘲 𑘁𑘮𑘹.,8
data/synthetic/images/line_0008_v025.png,मुंबई ही महाराष्ट्राची राजधानी आहे.,𑘦𑘳𑘽𑘤𑘃 𑘮𑘲 𑘦𑘮𑘰𑘨𑘰𑘬𑘿𑘘𑘿𑘨𑘰𑘓𑘲 𑘨𑘰𑘕𑘠𑘰𑘡𑘲 𑘁𑘮𑘹.,8
data/synthetic/images/line_0008_v026.png,मुंबई ही महाराष्ट्राची राजधानी आहे.,𑘦𑘳𑘽𑘤𑘃 𑘮𑘲 𑘦𑘮𑘰𑘨𑘰𑘬𑘿𑘘𑘿𑘨𑘰𑘓𑘲 𑘨𑘰𑘕𑘠𑘰𑘡𑘲 𑘁𑘮𑘹.,8
data/synthetic/images/line_0008_v027.png,मुंबई ही महाराष्ट्राची राजधानी आहे.,𑘦𑘳𑘽𑘤𑘃 𑘮𑘲 𑘦𑘮𑘰𑘨𑘰𑘬𑘿𑘘𑘿𑘨𑘰𑘓𑘲 𑘨𑘰𑘕𑘠𑘰𑘡𑘲 𑘁𑘮𑘹.,8
data/synthetic/images/line_0008_v028.png,मुंबई ही महाराष्ट्राची राजधानी आहे.,𑘦𑘳𑘽𑘤𑘃 𑘮𑘲 𑘦𑘮𑘰𑘨𑘰𑘬𑘿𑘘𑘿𑘨𑘰𑘓𑘲 𑘨𑘰𑘕𑘠𑘰𑘡𑘲 𑘁𑘮𑘹.,8
data/synthetic/images/line_0008_v029.png,मुंबई ही महाराष्ट्राची राजधानी आहे.,𑘦𑘳𑘽𑘤𑘃 𑘮𑘲 𑘦𑘮𑘰𑘨𑘰𑘬𑘿𑘘𑘿𑘨𑘰𑘓𑘲 𑘨𑘰𑘕𑘠𑘰𑘡𑘲 𑘁𑘮𑘹.,8
data/synthetic/images/line_0008_v030.png,मुंबई ही महाराष्ट्राची राजधानी आहे.,𑘦𑘳𑘽𑘤𑘃 𑘮𑘲 𑘦𑘮𑘰𑘨𑘰𑘬𑘿𑘘𑘿𑘨𑘰𑘓𑘲 𑘨𑘰𑘕𑘠𑘰𑘡𑘲 𑘁𑘮𑘹.,8
data/synthetic/images/line_0008_v031.png,मुंबई ही महाराष्ट्राची राजधानी आहे.,𑘦𑘳𑘽𑘤𑘃 𑘮𑘲 𑘦𑘮𑘰𑘨𑘰𑘬𑘿𑘘𑘿𑘨𑘰𑘓𑘲 𑘨𑘰𑘕𑘠𑘰𑘡𑘲 𑘁𑘮𑘹.,8
data/synthetic/images/line_0008_v032.png,मुंबई ही महाराष्ट्राची राजधानी आहे.,𑘦𑘳𑘽𑘤𑘃 𑘮𑘲 𑘦𑘮𑘰𑘨𑘰𑘬𑘿𑘘𑘿𑘨𑘰𑘓𑘲 𑘨𑘰𑘕𑘠𑘰𑘡𑘲 𑘁𑘮𑘹.,8
data/synthetic/images/line_0008_v033.png,मुंबई ही महाराष्ट्राची राजधानी आहे.,𑘦𑘳𑘽𑘤𑘃 𑘮𑘲 𑘦𑘮𑘰𑘨𑘰𑘬𑘿𑘘𑘿𑘨𑘰𑘓𑘲 𑘨𑘰𑘕𑘠𑘰𑘡𑘲 𑘁𑘮𑘹.,8
data/synthetic/images/line_0008_v034.png,मुंबई ही महाराष्ट्राची राजधानी आहे.,𑘦𑘳𑘽𑘤𑘃 𑘮𑘲 𑘦𑘮𑘰𑘨𑘰𑘬𑘿𑘘𑘿𑘨𑘰𑘓𑘲 𑘨𑘰𑘕𑘠𑘰𑘡𑘲 𑘁𑘮𑘹.,8
data/synthetic/images/line_0008_v035.png,मुंबई ही महाराष्ट्राची राजधानी आहे.,𑘦𑘳𑘽𑘤𑘃 𑘮𑘲 𑘦𑘮𑘰𑘨𑘰𑘬𑘿𑘘𑘿𑘨𑘰𑘓𑘲 𑘨𑘰𑘕𑘠𑘰𑘡𑘲 𑘁𑘮𑘹.,8
data/synthetic/images/line_0008_v036.png,मुंबई ही महाराष्ट्राची राजधानी आहे.,𑘦𑘳𑘽𑘤𑘃 𑘮𑘲 𑘦𑘮𑘰𑘨𑘰𑘬𑘿𑘘𑘿𑘨𑘰𑘓𑘲 𑘨𑘰𑘕𑘠𑘰𑘡𑘲 𑘁𑘮𑘹.,8
data/synthetic/images/line_0008_v037.png,मुंबई ही महाराष्ट्राची राजधानी आहे.,𑘦𑘳𑘽𑘤𑘃 𑘮𑘲 𑘦𑘮𑘰𑘨𑘰𑘬𑘿𑘘𑘿𑘨𑘰𑘓𑘲 𑘨𑘰𑘕𑘠𑘰𑘡𑘲 𑘁𑘮𑘹.,8
data/synthetic/images/line_0008_v038.png,मुंबई ही महाराष्ट्राची राजधानी आहे.,𑘦𑘳𑘽𑘤𑘃 𑘮𑘲 𑘦𑘮𑘰𑘨𑘰𑘬𑘿𑘘𑘿𑘨𑘰𑘓𑘲 𑘨𑘰𑘕𑘠𑘰𑘡𑘲 𑘁𑘮𑘹.,8
data/synthetic/images/line_0008_v039.png,मुंबई ही महाराष्ट्राची राजधानी आहे.,𑘦𑘳𑘽𑘤𑘃 𑘮𑘲 𑘦𑘮𑘰𑘨𑘰𑘬𑘿𑘘𑘿𑘨𑘰𑘓𑘲 𑘨𑘰𑘕𑘠𑘰𑘡𑘲 𑘁𑘮𑘹.,8
data/synthetic/images/line_0009_v000.png,महाराष्ट्र हे भारतातील एक राज्य आहे.,𑘦𑘮𑘰𑘨𑘰𑘬𑘿𑘘𑘿𑘨 𑘮𑘹 𑘥𑘰𑘨𑘝𑘰𑘝𑘲𑘩 𑘊𑘎 𑘨𑘰𑘕𑘿𑘧 𑘁𑘮𑘹.,9
data/synthetic/images/line_0009_v001.png,महाराष्ट्र हे भारतातील एक राज्य आहे.,𑘦𑘮𑘰𑘨𑘰𑘬𑘿𑘘𑘿𑘨 𑘮𑘹 𑘥𑘰𑘨𑘝𑘰𑘝𑘲𑘩 𑘊𑘎 𑘨𑘰𑘕𑘿𑘧 𑘁𑘮𑘹.,9
data/synthetic/images/line_0009_v002.png,महाराष्ट्र हे भारतातील एक राज्य आहे.,𑘦𑘮𑘰𑘨𑘰𑘬𑘿𑘘𑘿𑘨 𑘮𑘹 𑘥𑘰𑘨𑘝𑘰𑘝𑘲𑘩 𑘊𑘎 𑘨𑘰𑘕𑘿𑘧 𑘁𑘮𑘹.,9
data/synthetic/images/line_0009_v003.png,महाराष्ट्र हे भारतातील एक राज्य आहे.,𑘦𑘮𑘰𑘨𑘰𑘬𑘿𑘘𑘿𑘨 𑘮𑘹 𑘥𑘰𑘨𑘝𑘰𑘝𑘲𑘩 𑘊𑘎 𑘨𑘰𑘕𑘿𑘧 𑘁𑘮𑘹.,9
data/synthetic/images/line_0009_v004.png,महाराष्ट्र हे भारतातील एक राज्य आहे.,𑘦𑘮𑘰𑘨𑘰𑘬𑘿𑘘𑘿𑘨 𑘮𑘹 𑘥𑘰𑘨𑘝𑘰𑘝𑘲𑘩 𑘊𑘎 𑘨𑘰𑘕𑘿𑘧 𑘁𑘮𑘹.,9
data/synthetic/images/line_0009_v005.png,महाराष्ट्र हे भारतातील एक राज्य आहे.,𑘦𑘮𑘰𑘨𑘰𑘬𑘿𑘘𑘿𑘨 𑘮𑘹 𑘥𑘰𑘨𑘝𑘰𑘝𑘲𑘩 𑘊𑘎 𑘨𑘰𑘕𑘿𑘧 𑘁𑘮𑘹.,9
data/synthetic/images/line_0009_v006.png,महाराष्ट्र हे भारतातील एक राज्य आहे.,𑘦𑘮𑘰𑘨𑘰𑘬𑘿𑘘𑘿𑘨 𑘮𑘹 𑘥𑘰𑘨𑘝𑘰𑘝𑘲𑘩 𑘊𑘎 𑘨𑘰𑘕𑘿𑘧 𑘁𑘮𑘹.,9
data/synthetic/images/line_0009_v007.png,महाराष्ट्र हे भारतातील एक राज्य आहे.,𑘦𑘮𑘰𑘨𑘰𑘬𑘿𑘘𑘿𑘨 𑘮𑘹 𑘥𑘰𑘨𑘝𑘰𑘝𑘲𑘩 𑘊𑘎 𑘨𑘰𑘕𑘿𑘧 𑘁𑘮𑘹.,9
data/synthetic/images/line_0009_v008.png,महाराष्ट्र हे भारतातील एक राज्य आहे.,𑘦𑘮𑘰𑘨𑘰𑘬𑘿𑘘𑘿𑘨 𑘮𑘹 𑘥𑘰𑘨𑘝𑘰𑘝𑘲𑘩 𑘊𑘎 𑘨𑘰𑘕𑘿𑘧 𑘁𑘮𑘹.,9
data/synthetic/images/line_0009_v009.png,महाराष्ट्र हे भारतातील एक राज्य आहे.,𑘦𑘮𑘰𑘨𑘰𑘬𑘿𑘘𑘿𑘨 𑘮𑘹 𑘥𑘰𑘨𑘝𑘰𑘝𑘲𑘩 𑘊𑘎 𑘨𑘰𑘕𑘿𑘧 𑘁𑘮𑘹.,9
data/synthetic/images/line_0009_v010.png,महाराष्ट्र हे भारतातील एक राज्य आहे.,𑘦𑘮𑘰𑘨𑘰𑘬𑘿𑘘𑘿𑘨 𑘮𑘹 𑘥𑘰𑘨𑘝𑘰𑘝𑘲𑘩 𑘊𑘎 𑘨𑘰𑘕𑘿𑘧 𑘁𑘮𑘹.,9
data/synthetic/images/line_0009_v011.png,महाराष्ट्र हे भारतातील एक राज्य आहे.,𑘦𑘮𑘰𑘨𑘰𑘬𑘿𑘘𑘿𑘨 𑘮𑘹 𑘥𑘰𑘨𑘝𑘰𑘝𑘲𑘩 𑘊𑘎 𑘨𑘰𑘕𑘿𑘧 𑘁𑘮𑘹.,9
data/synthetic/images/line_0009_v012.png,महाराष्ट्र हे भारतातील एक राज्य आहे.,𑘦𑘮𑘰𑘨𑘰𑘬𑘿𑘘𑘿𑘨 𑘮𑘹 𑘥𑘰𑘨𑘝𑘰𑘝𑘲𑘩 𑘊𑘎 𑘨𑘰𑘕𑘿𑘧 𑘁𑘮𑘹.,9
data/synthetic/images/line_0009_v013.png,महाराष्ट्र हे भारतातील एक राज्य आहे.,𑘦𑘮𑘰𑘨𑘰𑘬𑘿𑘘𑘿𑘨 𑘮𑘹 𑘥𑘰𑘨𑘝𑘰𑘝𑘲𑘩 𑘊𑘎 𑘨𑘰𑘕𑘿𑘧 𑘁𑘮𑘹.,9
data/synthetic/images/line_0009_v014.png,महाराष्ट्र हे भारतातील एक राज्य आहे.,𑘦𑘮𑘰𑘨𑘰𑘬𑘿𑘘𑘿𑘨 𑘮𑘹 𑘥𑘰𑘨𑘝𑘰𑘝𑘲𑘩 𑘊𑘎 𑘨𑘰𑘕𑘿𑘧 𑘁𑘮𑘹.,9
data/synthetic/images/line_0009_v015.png,महाराष्ट्र हे भारतातील एक राज्य आहे.,𑘦𑘮𑘰𑘨𑘰𑘬𑘿𑘘𑘿𑘨 𑘮𑘹 𑘥𑘰𑘨𑘝𑘰𑘝𑘲𑘩 𑘊𑘎 𑘨𑘰𑘕𑘿𑘧 𑘁𑘮𑘹.,9
data/synthetic/images/line_0009_v016.png,महाराष्ट्र हे भारतातील एक राज्य आहे.,𑘦𑘮𑘰𑘨𑘰𑘬𑘿𑘘𑘿𑘨 𑘮𑘹 𑘥𑘰𑘨𑘝𑘰𑘝𑘲𑘩 𑘊𑘎 𑘨𑘰𑘕𑘿𑘧 𑘁𑘮𑘹.,9
data/synthetic/images/line_0009_v017.png,महाराष्ट्र हे भारतातील एक राज्य आहे.,𑘦𑘮𑘰𑘨𑘰𑘬𑘿𑘘𑘿𑘨 𑘮𑘹 𑘥𑘰𑘨𑘝𑘰𑘝𑘲𑘩 𑘊𑘎 𑘨𑘰𑘕𑘿𑘧 𑘁𑘮𑘹.,9
data/synthetic/images/line_0009_v018.png,महाराष्ट्र हे भारतातील एक राज्य आहे.,𑘦𑘮𑘰𑘨𑘰𑘬𑘿𑘘𑘿𑘨 𑘮𑘹 𑘥𑘰𑘨𑘝𑘰𑘝𑘲𑘩 𑘊𑘎 𑘨𑘰𑘕𑘿𑘧 𑘁𑘮𑘹.,9
data/synthetic/images/line_0009_v019.png,महाराष्ट्र हे भारतातील एक राज्य आहे.,𑘦𑘮𑘰𑘨𑘰𑘬𑘿𑘘𑘿𑘨 𑘮𑘹 𑘥𑘰𑘨𑘝𑘰𑘝𑘲𑘩 𑘊𑘎 𑘨𑘰𑘕𑘿𑘧 𑘁𑘮𑘹.,9
data/synthetic/images/line_0009_v020.png,महाराष्ट्र हे भारतातील एक राज्य आहे.,𑘦𑘮𑘰𑘨𑘰𑘬𑘿𑘘𑘿𑘨 𑘮𑘹 𑘥𑘰𑘨𑘝𑘰𑘝𑘲𑘩 𑘊𑘎 𑘨𑘰𑘕𑘿𑘧 𑘁𑘮𑘹.,9
data/synthetic/images/line_0009_v021.png,महाराष्ट्र हे भारतातील एक राज्य आहे.,𑘦𑘮𑘰𑘨𑘰𑘬𑘿𑘘𑘿𑘨 𑘮𑘹 𑘥𑘰𑘨𑘝𑘰𑘝𑘲𑘩 𑘊𑘎 𑘨𑘰𑘕𑘿𑘧 𑘁𑘮𑘹.,9
data/synthetic/images/line_0009_v022.png,महाराष्ट्र हे भारतातील एक राज्य आहे.,𑘦𑘮𑘰𑘨𑘰𑘬𑘿𑘘𑘿𑘨 𑘮𑘹 𑘥𑘰𑘨𑘝𑘰𑘝𑘲𑘩 𑘊𑘎 𑘨𑘰𑘕𑘿𑘧 𑘁𑘮𑘹.,9
data/synthetic/images/line_0009_v023.png,महाराष्ट्र हे भारतातील एक राज्य आहे.,𑘦𑘮𑘰𑘨𑘰𑘬𑘿𑘘𑘿𑘨 𑘮𑘹 𑘥𑘰𑘨𑘝𑘰𑘝𑘲𑘩 𑘊𑘎 𑘨𑘰𑘕𑘿𑘧 𑘁𑘮𑘹.,9
data/synthetic/images/line_0009_v024.png,महाराष्ट्र हे भारतातील एक राज्य आहे.,𑘦𑘮𑘰𑘨𑘰𑘬𑘿𑘘𑘿𑘨 𑘮𑘹 𑘥𑘰𑘨𑘝𑘰𑘝𑘲𑘩 𑘊𑘎 𑘨𑘰𑘕𑘿𑘧 𑘁𑘮𑘹.,9
data/synthetic/images/line_0009_v025.png,महाराष्ट्र हे भारतातील एक राज्य आहे.,𑘦𑘮𑘰𑘨𑘰𑘬𑘿𑘘𑘿𑘨 𑘮𑘹 𑘥𑘰𑘨𑘝𑘰𑘝𑘲𑘩 𑘊𑘎 𑘨𑘰𑘕𑘿𑘧 𑘁𑘮𑘹.,9
data/synthetic/images/line_0009_v026.png,महाराष्ट्र हे भारतातील एक राज्य आहे.,𑘦𑘮𑘰𑘨𑘰𑘬𑘿𑘘𑘿𑘨 𑘮𑘹 𑘥𑘰𑘨𑘝𑘰𑘝𑘲𑘩 𑘊𑘎 𑘨𑘰𑘕𑘿𑘧 𑘁𑘮𑘹.,9
data/synthetic/images/line_0009_v027.png,महाराष्ट्र हे भारतातील एक राज्य आहे.,𑘦𑘮𑘰𑘨𑘰𑘬𑘿𑘘𑘿𑘨 𑘮𑘹 𑘥𑘰𑘨𑘝𑘰𑘝𑘲𑘩 𑘊𑘎 𑘨𑘰𑘕𑘿𑘧 𑘁𑘮𑘹.,9
data/synthetic/images/line_0009_v028.png,महाराष्ट्र हे भारतातील एक राज्य आहे.,𑘦𑘮𑘰𑘨𑘰𑘬𑘿𑘘𑘿𑘨 𑘮𑘹 𑘥𑘰𑘨𑘝𑘰𑘝𑘲𑘩 𑘊𑘎 𑘨𑘰𑘕𑘿𑘧 𑘁𑘮𑘹.,9
data/synthetic/images/line_0009_v029.png,महाराष्ट्र हे भारतातील एक राज्य आहे.,𑘦𑘮𑘰𑘨𑘰𑘬𑘿𑘘𑘿𑘨 𑘮𑘹 𑘥𑘰𑘨𑘝𑘰𑘝𑘲𑘩 𑘊𑘎 𑘨𑘰𑘕𑘿𑘧 𑘁𑘮𑘹.,9
data/synthetic/images/line_0009_v030.png,महाराष्ट्र हे भारतातील एक राज्य आहे.,𑘦𑘮𑘰𑘨𑘰𑘬𑘿𑘘𑘿𑘨 𑘮𑘹 𑘥𑘰𑘨𑘝𑘰𑘝𑘲𑘩 𑘊𑘎 𑘨𑘰𑘕𑘿𑘧 𑘁𑘮𑘹.,9
data/synthetic/images/line_0009_v031.png,महाराष्ट्र हे भारतातील एक राज्य आहे.,𑘦𑘮𑘰𑘨𑘰𑘬𑘿𑘘𑘿𑘨 𑘮𑘹 𑘥𑘰𑘨𑘝𑘰𑘝𑘲𑘩 𑘊𑘎 𑘨𑘰𑘕𑘿𑘧 𑘁𑘮𑘹.,9
data/synthetic/images/line_0009_v032.png,महाराष्ट्र हे भारतातील एक राज्य आहे.,𑘦𑘮𑘰𑘨𑘰𑘬𑘿𑘘𑘿𑘨 𑘮𑘹 𑘥𑘰𑘨𑘝𑘰𑘝𑘲𑘩 𑘊𑘎 𑘨𑘰𑘕𑘿𑘧 𑘁𑘮𑘹.,9
data/synthetic/images/line_0009_v033.png,महाराष्ट्र हे भारतातील एक राज्य आहे.,𑘦𑘮𑘰𑘨𑘰𑘬𑘿𑘘𑘿𑘨 𑘮𑘹 𑘥𑘰𑘨𑘝𑘰𑘝𑘲𑘩 𑘊𑘎 𑘨𑘰𑘕𑘿𑘧 𑘁𑘮𑘹.,9
data/synthetic/images/line_0009_v034.png,महाराष्ट्र हे भारतातील एक राज्य आहे.,𑘦𑘮𑘰𑘨𑘰𑘬𑘿𑘘𑘿𑘨 𑘮𑘹 𑘥𑘰𑘨𑘝𑘰𑘝𑘲𑘩 𑘊𑘎 𑘨𑘰𑘕𑘿𑘧 𑘁𑘮𑘹.,9
data/synthetic/images/line_0009_v035.png,महाराष्ट्र हे भारतातील एक राज्य आहे.,𑘦𑘮𑘰𑘨𑘰𑘬𑘿𑘘𑘿𑘨 𑘮𑘹 𑘥𑘰𑘨𑘝𑘰𑘝𑘲𑘩 𑘊𑘎 𑘨𑘰𑘕𑘿𑘧 𑘁𑘮𑘹.,9
data/synthetic/images/line_0009_v036.png,महाराष्ट्र हे भारतातील एक राज्य आहे.,𑘦𑘮𑘰𑘨𑘰𑘬𑘿𑘘𑘿𑘨 𑘮𑘹 𑘥𑘰𑘨𑘝𑘰𑘝𑘲𑘩 𑘊𑘎 𑘨𑘰𑘕𑘿𑘧 𑘁𑘮𑘹.,9
data/synthetic/images/line_0009_v037.png,महाराष्ट्र हे भारतातील एक राज्य आहे.,𑘦𑘮𑘰𑘨𑘰𑘬𑘿𑘘𑘿𑘨 𑘮𑘹 𑘥𑘰𑘨𑘝𑘰𑘝𑘲𑘩 𑘊𑘎 𑘨𑘰𑘕𑘿𑘧 𑘁𑘮𑘹.,9
data/synthetic/images/line_0009_v038.png,महाराष्ट्र हे भारतातील एक राज्य आहे.,𑘦𑘮𑘰𑘨𑘰𑘬𑘿𑘘𑘿𑘨 𑘮𑘹 𑘥𑘰𑘨𑘝𑘰𑘝𑘲𑘩 𑘊𑘎 𑘨𑘰𑘕𑘿𑘧 𑘁𑘮𑘹.,9
data/synthetic/images/line_0009_v039.png,महाराष्ट्र हे भारतातील एक राज्य आहे.,𑘦𑘮𑘰𑘨𑘰𑘬𑘿𑘘𑘿𑘨 𑘮𑘹 𑘥𑘰𑘨𑘝𑘰𑘝𑘲𑘩 𑘊𑘎 𑘨𑘰𑘕𑘿𑘧 𑘁𑘮𑘹.,9
data/synthetic/images/line_0010_v000.png,शिवाजी महाराज हे एक महान राजा होते.,𑘫𑘱𑘪𑘰𑘕𑘲 𑘦𑘮𑘰𑘨𑘰𑘕 𑘮𑘹 𑘊𑘎 𑘦𑘮𑘰𑘡 𑘨𑘰𑘕𑘰 𑘮𑘻𑘝𑘹.,10
data/synthetic/images/line_0010_v001.png,शिवाजी महाराज हे एक महान राजा होते.,𑘫𑘱𑘪𑘰𑘕𑘲 𑘦𑘮𑘰𑘨𑘰𑘕 𑘮𑘹 𑘊𑘎 𑘦𑘮𑘰𑘡 𑘨𑘰𑘕𑘰 𑘮𑘻𑘝𑘹.,10
data/synthetic/images/line_0010_v002.png,शिवाजी महाराज हे एक महान राजा होते.,𑘫𑘱𑘪𑘰𑘕𑘲 𑘦𑘮𑘰𑘨𑘰𑘕 𑘮𑘹 𑘊𑘎 𑘦𑘮𑘰𑘡 𑘨𑘰𑘕𑘰 𑘮𑘻𑘝𑘹.,10
data/synthetic/images/line_0010_v003.png,शिवाजी महाराज हे एक महान राजा होते.,𑘫𑘱𑘪𑘰𑘕𑘲 𑘦𑘮𑘰𑘨𑘰𑘕 𑘮𑘹 𑘊𑘎 𑘦𑘮𑘰𑘡 𑘨𑘰𑘕𑘰 𑘮𑘻𑘝𑘹.,10
data/synthetic/images/line_0010_v004.png,शिवाजी महाराज हे एक महान राजा होते.,𑘫𑘱𑘪𑘰𑘕𑘲 𑘦𑘮𑘰𑘨𑘰𑘕 𑘮𑘹 𑘊𑘎 𑘦𑘮𑘰𑘡 𑘨𑘰𑘕𑘰 𑘮𑘻𑘝𑘹.,10
data/synthetic/images/line_0010_v005.png,शिवाजी महाराज हे एक महान राजा होते.,𑘫𑘱𑘪𑘰𑘕𑘲 𑘦𑘮𑘰𑘨𑘰𑘕 𑘮𑘹 𑘊𑘎 𑘦𑘮𑘰𑘡 𑘨𑘰𑘕𑘰 𑘮𑘻𑘝𑘹.,10
data/synthetic/images/line_0010_v006.png,शिवाजी महाराज हे एक महान राजा होते.,𑘫𑘱𑘪𑘰𑘕𑘲 𑘦𑘮𑘰𑘨𑘰𑘕 𑘮𑘹 𑘊𑘎 𑘦𑘮𑘰𑘡 𑘨𑘰𑘕𑘰 𑘮𑘻𑘝𑘹.,10
data/synthetic/images/line_0010_v007.png,शिवाजी महाराज हे एक महान राजा होते.,𑘫𑘱𑘪𑘰𑘕𑘲 𑘦𑘮𑘰𑘨𑘰𑘕 𑘮𑘹 𑘊𑘎 𑘦𑘮𑘰𑘡 𑘨𑘰𑘕𑘰 𑘮𑘻𑘝𑘹.,10
data/synthetic/images/line_0010_v008.png,शिवाजी महाराज हे एक महान राजा होते.,𑘫𑘱𑘪𑘰𑘕𑘲 𑘦𑘮𑘰𑘨𑘰𑘕 𑘮𑘹 𑘊𑘎 𑘦𑘮𑘰𑘡 𑘨𑘰𑘕𑘰 𑘮𑘻𑘝𑘹.,10
data/synthetic/images/line_0010_v009.png,शिवाजी महाराज हे एक महान राजा होते.,𑘫𑘱𑘪𑘰𑘕𑘲 𑘦𑘮𑘰𑘨𑘰𑘕 𑘮𑘹 𑘊𑘎 𑘦𑘮𑘰𑘡 𑘨𑘰𑘕𑘰 𑘮𑘻𑘝𑘹.,10
data/synthetic/images/line_0010_v010.png,शिवाजी महाराज हे एक महान राजा होते.,𑘫𑘱𑘪𑘰𑘕𑘲 𑘦𑘮𑘰𑘨𑘰𑘕 𑘮𑘹 𑘊𑘎 𑘦𑘮𑘰𑘡 𑘨𑘰𑘕𑘰 𑘮𑘻𑘝𑘹.,10
data/synthetic/images/line_0010_v011.png,शिवाजी महाराज हे एक महान राजा होते.,𑘫𑘱𑘪𑘰𑘕𑘲 𑘦𑘮𑘰𑘨𑘰𑘕 𑘮𑘹 𑘊𑘎 𑘦𑘮𑘰𑘡 𑘨𑘰𑘕𑘰 𑘮𑘻𑘝𑘹.,10
data/synthetic/images/line_0010_v012.png,शिवाजी महाराज हे एक महान राजा होते.,𑘫𑘱𑘪𑘰𑘕𑘲 𑘦𑘮𑘰𑘨𑘰𑘕 𑘮𑘹 𑘊𑘎 𑘦𑘮𑘰𑘡 𑘨𑘰𑘕𑘰 𑘮𑘻𑘝𑘹.,10
data/synthetic/images/line_0010_v013.png,शिवाजी महाराज हे एक महान राजा होते.,𑘫𑘱𑘪𑘰𑘕𑘲 𑘦𑘮𑘰𑘨𑘰𑘕 𑘮𑘹 𑘊𑘎 𑘦𑘮𑘰𑘡 𑘨𑘰𑘕𑘰 𑘮𑘻𑘝𑘹.,10
data/synthetic/images/line_0010_v014.png,शिवाजी महाराज हे एक महान राजा होते.,𑘫𑘱𑘪𑘰𑘕𑘲 𑘦𑘮𑘰𑘨𑘰𑘕 𑘮𑘹 𑘊𑘎 𑘦𑘮𑘰𑘡 𑘨𑘰𑘕𑘰 𑘮𑘻𑘝𑘹.,10
data/synthetic/images/line_0010_v015.png,शिवाजी महाराज हे एक महान राजा होते.,𑘫𑘱𑘪𑘰𑘕𑘲 𑘦𑘮𑘰𑘨𑘰𑘕 𑘮𑘹 𑘊𑘎 𑘦𑘮𑘰𑘡 𑘨𑘰𑘕𑘰 𑘮𑘻𑘝𑘹.,10
data/synthetic/images/line_0010_v016.png,शिवाजी महाराज हे एक महान राजा होते.,𑘫𑘱𑘪𑘰𑘕𑘲 𑘦𑘮𑘰𑘨𑘰𑘕 𑘮𑘹 𑘊𑘎 𑘦𑘮𑘰𑘡 𑘨𑘰𑘕𑘰 𑘮𑘻𑘝𑘹.,10
data/synthetic/images/line_0010_v017.png,शिवाजी महाराज हे एक महान राजा होते.,𑘫𑘱𑘪𑘰𑘕𑘲 𑘦𑘮𑘰𑘨𑘰𑘕 𑘮𑘹 𑘊𑘎 𑘦𑘮𑘰𑘡 𑘨𑘰𑘕𑘰 𑘮𑘻𑘝𑘹.,10
data/synthetic/images/line_0010_v018.png,शिवाजी महाराज हे एक महान राजा होते.,𑘫𑘱𑘪𑘰𑘕𑘲 𑘦𑘮𑘰𑘨𑘰𑘕 𑘮𑘹 𑘊𑘎 𑘦𑘮𑘰𑘡 𑘨𑘰𑘕𑘰 𑘮𑘻𑘝𑘹.,10
data/synthetic/images/line_0010_v019.png,शिवाजी महाराज हे एक महान राजा होते.,𑘫𑘱𑘪𑘰𑘕𑘲 𑘦𑘮𑘰𑘨𑘰𑘕 𑘮𑘹 𑘊𑘎 𑘦𑘮𑘰𑘡 𑘨𑘰𑘕𑘰 𑘮𑘻𑘝𑘹.,10
data/synthetic/images/line_0010_v020.png,शिवाजी महाराज हे एक महान राजा होते.,𑘫𑘱𑘪𑘰𑘕𑘲 𑘦𑘮𑘰𑘨𑘰𑘕 𑘮𑘹 𑘊𑘎 𑘦𑘮𑘰𑘡 𑘨𑘰𑘕𑘰 𑘮𑘻𑘝𑘹.,10
data/synthetic/images/line_0010_v021.png,शिवाजी महाराज हे एक महान राजा होते.,𑘫𑘱𑘪𑘰𑘕𑘲 𑘦𑘮𑘰𑘨𑘰𑘕 𑘮𑘹 𑘊𑘎 𑘦𑘮𑘰𑘡 𑘨𑘰𑘕𑘰 𑘮𑘻𑘝𑘹.,10
data/synthetic/images/line_0010_v022.png,शिवाजी महाराज हे एक महान राजा होते.,𑘫𑘱𑘪𑘰𑘕𑘲 𑘦𑘮𑘰𑘨𑘰𑘕 𑘮𑘹 𑘊𑘎 𑘦𑘮𑘰𑘡 𑘨𑘰𑘕𑘰 𑘮𑘻𑘝𑘹.,10
data/synthetic/images/line_0010_v023.png,शिवाजी महाराज हे एक महान राजा होते.,𑘫𑘱𑘪𑘰𑘕𑘲 𑘦𑘮𑘰𑘨𑘰𑘕 𑘮𑘹 𑘊𑘎 𑘦𑘮𑘰𑘡 𑘨𑘰𑘕𑘰 𑘮𑘻𑘝𑘹.,10
data/synthetic/images/line_0010_v024.png,शिवाजी महाराज हे एक महान राजा होते.,𑘫𑘱𑘪𑘰𑘕𑘲 𑘦𑘮𑘰𑘨𑘰𑘕 𑘮𑘹 𑘊𑘎 𑘦𑘮𑘰𑘡 𑘨𑘰𑘕𑘰 𑘮𑘻𑘝𑘹.,10
data/synthetic/images/line_0010_v025.png,शिवाजी महाराज हे एक महान राजा होते.,𑘫𑘱𑘪𑘰𑘕𑘲 𑘦𑘮𑘰𑘨𑘰𑘕 𑘮𑘹 𑘊𑘎 𑘦𑘮𑘰𑘡 𑘨𑘰𑘕𑘰 𑘮𑘻𑘝𑘹.,10
data/synthetic/images/line_0010_v026.png,शिवाजी महाराज हे एक महान राजा होते.,𑘫𑘱𑘪𑘰𑘕𑘲 𑘦𑘮𑘰𑘨𑘰𑘕 𑘮𑘹 𑘊𑘎 𑘦𑘮𑘰𑘡 𑘨𑘰𑘕𑘰 𑘮𑘻𑘝𑘹.,10
data/synthetic/images/line_0010_v027.png,शिवाजी महाराज हे एक महान राजा होते.,𑘫𑘱𑘪𑘰𑘕𑘲 𑘦𑘮𑘰𑘨𑘰𑘕 𑘮𑘹 𑘊𑘎 𑘦𑘮𑘰𑘡 𑘨𑘰𑘕𑘰 𑘮𑘻𑘝𑘹.,10
data/synthetic/images/line_0010_v028.png,शिवाजी महाराज हे एक महान राजा होते.,𑘫𑘱𑘪𑘰𑘕𑘲 𑘦𑘮𑘰𑘨𑘰𑘕 𑘮𑘹 𑘊𑘎 𑘦𑘮𑘰𑘡 𑘨𑘰𑘕𑘰 𑘮𑘻𑘝𑘹.,10
data/synthetic/images/line_0010_v029.png,शिवाजी महाराज हे एक महान राजा होते.,𑘫𑘱𑘪𑘰𑘕𑘲 𑘦𑘮𑘰𑘨𑘰𑘕 𑘮𑘹 𑘊𑘎 𑘦𑘮𑘰𑘡 𑘨𑘰𑘕𑘰 𑘮𑘻𑘝𑘹.,10
data/synthetic/images/line_0010_v030.png,शिवाजी महाराज हे एक महान राजा होते.,𑘫𑘱𑘪𑘰𑘕𑘲 𑘦𑘮𑘰𑘨𑘰𑘕 𑘮𑘹 𑘊𑘎 𑘦𑘮𑘰𑘡 𑘨𑘰𑘕𑘰 𑘮𑘻𑘝𑘹.,10
data/synthetic/images/line_0010_v031.png,शिवाजी महाराज हे एक महान राजा होते.,𑘫𑘱𑘪𑘰𑘕𑘲 𑘦𑘮𑘰𑘨𑘰𑘕 𑘮𑘹 𑘊𑘎 𑘦𑘮𑘰𑘡 𑘨𑘰𑘕𑘰 𑘮𑘻𑘝𑘹.,10
data/synthetic/images/line_0010_v032.png,शिवाजी महाराज हे एक महान राजा होते.,𑘫𑘱𑘪𑘰𑘕𑘲 𑘦𑘮𑘰𑘨𑘰𑘕 𑘮𑘹 𑘊𑘎 𑘦𑘮𑘰𑘡 𑘨𑘰𑘕𑘰 𑘮𑘻𑘝𑘹.,10
data/synthetic/images/line_0010_v033.png,शिवाजी महाराज हे एक महान राजा होते.,𑘫𑘱𑘪𑘰𑘕𑘲 𑘦𑘮𑘰𑘨𑘰𑘕 𑘮𑘹 𑘊𑘎 𑘦𑘮𑘰𑘡 𑘨𑘰𑘕𑘰 𑘮𑘻𑘝𑘹.,10
data/synthetic/images/line_0010_v034.png,शिवाजी महाराज हे एक महान राजा होते.,𑘫𑘱𑘪𑘰𑘕𑘲 𑘦𑘮𑘰𑘨𑘰𑘕 𑘮𑘹 𑘊𑘎 𑘦𑘮𑘰𑘡 𑘨𑘰𑘕𑘰 𑘮𑘻𑘝𑘹.,10
data/synthetic/images/line_0010_v035.png,शिवाजी महाराज हे एक महान राजा होते.,𑘫𑘱𑘪𑘰𑘕𑘲 𑘦𑘮𑘰𑘨𑘰𑘕 𑘮𑘹 𑘊𑘎 𑘦𑘮𑘰𑘡 𑘨𑘰𑘕𑘰 𑘮𑘻𑘝𑘹.,10
data/synthetic/images/line_0010_v036.png,शिवाजी महाराज हे एक महान राजा होते.,𑘫𑘱𑘪𑘰𑘕𑘲 𑘦𑘮𑘰𑘨𑘰𑘕 𑘮𑘹 𑘊𑘎 𑘦𑘮𑘰𑘡 𑘨𑘰𑘕𑘰 𑘮𑘻𑘝𑘹.,10
data/synthetic/images/line_0010_v037.png,शिवाजी महाराज हे एक महान राजा होते.,𑘫𑘱𑘪𑘰𑘕𑘲 𑘦𑘮𑘰𑘨𑘰𑘕 𑘮𑘹 𑘊𑘎 𑘦𑘮𑘰𑘡 𑘨𑘰𑘕𑘰 𑘮𑘻𑘝𑘹.,10
data/synthetic/images/line_0010_v038.png,शिवाजी महाराज हे एक महान राजा होते.,𑘫𑘱𑘪𑘰𑘕𑘲 𑘦𑘮𑘰𑘨𑘰𑘕 𑘮𑘹 𑘊𑘎 𑘦𑘮𑘰𑘡 𑘨𑘰𑘕𑘰 𑘮𑘻𑘝𑘹.,10
data/synthetic/images/line_0010_v039.png,शिवाजी महाराज हे एक महान राजा होते.,𑘫𑘱𑘪𑘰𑘕𑘲 𑘦𑘮𑘰𑘨𑘰𑘕 𑘮𑘹 𑘊𑘎 𑘦𑘮𑘰𑘡 𑘨𑘰𑘕𑘰 𑘮𑘻𑘝𑘹.,10
data/synthetic/images/line_0011_v000.png,मोडी लिपी ही ऐतिहासिक आहे.,𑘦𑘻𑘚𑘲 𑘩𑘱𑘢𑘲 𑘮𑘲 𑘋𑘝𑘱𑘮𑘰𑘭𑘱𑘎 𑘁𑘮𑘹.,11
data/synthetic/images/line_0011_v001.png,मोडी लिपी ही ऐतिहासिक आहे.,𑘦𑘻𑘚𑘲 𑘩𑘱𑘢𑘲 𑘮𑘲 𑘋𑘝𑘱𑘮𑘰𑘭𑘱𑘎 𑘁𑘮𑘹.,11
data/synthetic/images/line_0011_v002.png,मोडी लिपी ही ऐतिहासिक आहे.,𑘦𑘻𑘚𑘲 𑘩𑘱𑘢𑘲 𑘮𑘲 𑘋𑘝𑘱𑘮𑘰𑘭𑘱𑘎 𑘁𑘮𑘹.,11
data/synthetic/images/line_0011_v003.png,मोडी लिपी ही ऐतिहासिक आहे.,𑘦𑘻𑘚𑘲 𑘩𑘱𑘢𑘲 𑘮𑘲 𑘋𑘝𑘱𑘮𑘰𑘭𑘱𑘎 𑘁𑘮𑘹.,11
data/synthetic/images/line_0011_v004.png,मोडी लिपी ही ऐतिहासिक आहे.,𑘦𑘻𑘚𑘲 𑘩𑘱𑘢𑘲 𑘮𑘲 𑘋𑘝𑘱𑘮𑘰𑘭𑘱𑘎 𑘁𑘮𑘹.,11
data/synthetic/images/line_0011_v005.png,मोडी लिपी ही ऐतिहासिक आहे.,𑘦𑘻𑘚𑘲 𑘩𑘱𑘢𑘲 𑘮𑘲 𑘋𑘝𑘱𑘮𑘰𑘭𑘱𑘎 𑘁𑘮𑘹.,11
data/synthetic/images/line_0011_v006.png,मोडी लिपी ही ऐतिहासिक आहे.,𑘦𑘻𑘚𑘲 𑘩𑘱𑘢𑘲 𑘮𑘲 𑘋𑘝𑘱𑘮𑘰𑘭𑘱𑘎 𑘁𑘮𑘹.,11
data/synthetic/images/line_0011_v007.png,मोडी लिपी ही ऐतिहासिक आहे.,𑘦𑘻𑘚𑘲 𑘩𑘱𑘢𑘲 𑘮𑘲 𑘋𑘝𑘱𑘮𑘰𑘭𑘱𑘎 𑘁𑘮𑘹.,11
data/synthetic/images/line_0011_v008.png,मोडी लिपी ही ऐतिहासिक आहे.,𑘦𑘻𑘚𑘲 𑘩𑘱𑘢𑘲 𑘮𑘲 𑘋𑘝𑘱𑘮𑘰𑘭𑘱𑘎 𑘁𑘮𑘹.,11
data/synthetic/images/line_0011_v009.png,मोडी लिपी ही ऐतिहासिक आहे.,𑘦𑘻𑘚𑘲 𑘩𑘱𑘢𑘲 𑘮𑘲 𑘋𑘝𑘱𑘮𑘰𑘭𑘱𑘎 𑘁𑘮𑘹.,11
data/synthetic/images/line_0011_v010.png,मोडी लिपी ही ऐतिहासिक आहे.,𑘦𑘻𑘚𑘲 𑘩𑘱𑘢𑘲 𑘮𑘲 𑘋𑘝𑘱𑘮𑘰𑘭𑘱𑘎 𑘁𑘮𑘹.,11
data/synthetic/images/line_0011_v011.png,मोडी लिपी ही ऐतिहासिक आहे.,𑘦𑘻𑘚𑘲 𑘩𑘱𑘢𑘲 𑘮𑘲 𑘋𑘝𑘱𑘮𑘰𑘭𑘱𑘎 𑘁𑘮𑘹.,11
data/synthetic/images/line_0011_v012.png,मोडी लिपी ही ऐतिहासिक आहे.,𑘦𑘻𑘚𑘲 𑘩𑘱𑘢𑘲 𑘮𑘲 𑘋𑘝𑘱𑘮𑘰𑘭𑘱𑘎 𑘁𑘮𑘹.,11
data/synthetic/images/line_0011_v013.png,मोडी लिपी ही ऐतिहासिक आहे.,𑘦𑘻𑘚𑘲 𑘩𑘱𑘢𑘲 𑘮𑘲 𑘋𑘝𑘱𑘮𑘰𑘭𑘱𑘎 𑘁𑘮𑘹.,11
data/synthetic/images/line_0011_v014.png,मोडी लिपी ही ऐतिहासिक आहे.,𑘦𑘻𑘚𑘲 𑘩𑘱𑘢𑘲 𑘮𑘲 𑘋𑘝𑘱𑘮𑘰𑘭𑘱𑘎 𑘁𑘮𑘹.,11
data/synthetic/images/line_0011_v015.png,मोडी लिपी ही ऐतिहासिक आहे.,𑘦𑘻𑘚𑘲 𑘩𑘱𑘢𑘲 𑘮𑘲 𑘋𑘝𑘱𑘮𑘰𑘭𑘱𑘎 𑘁𑘮𑘹.,11
data/synthetic/images/line_0011_v016.png,मोडी लिपी ही ऐतिहासिक आहे.,𑘦𑘻𑘚𑘲 𑘩𑘱𑘢𑘲 𑘮𑘲 𑘋𑘝𑘱𑘮𑘰𑘭𑘱𑘎 𑘁𑘮𑘹.,11
data/synthetic/images/line_0011_v017.png,मोडी लिपी ही ऐतिहासिक आहे.,𑘦𑘻𑘚𑘲 𑘩𑘱𑘢𑘲 𑘮𑘲 𑘋𑘝𑘱𑘮𑘰𑘭𑘱𑘎 𑘁𑘮𑘹.,11
data/synthetic/images/line_0011_v018.png,मोडी लिपी ही ऐतिहासिक आहे.,𑘦𑘻𑘚𑘲 𑘩𑘱𑘢𑘲 𑘮𑘲 𑘋𑘝𑘱𑘮𑘰𑘭𑘱𑘎 𑘁𑘮𑘹.,11
data/synthetic/images/line_0011_v019.png,मोडी लिपी ही ऐतिहासिक आहे.,𑘦𑘻𑘚𑘲 𑘩𑘱𑘢𑘲 𑘮𑘲 𑘋𑘝𑘱𑘮𑘰𑘭𑘱𑘎 𑘁𑘮𑘹.,11
data/synthetic/images/line_0011_v020.png,मोडी लिपी ही ऐतिहासिक आहे.,𑘦𑘻𑘚𑘲 𑘩𑘱𑘢𑘲 𑘮𑘲 𑘋𑘝𑘱𑘮𑘰𑘭𑘱𑘎 𑘁𑘮𑘹.,11
data/synthetic/images/line_0011_v021.png,मोडी लिपी ही ऐतिहासिक आहे.,𑘦𑘻𑘚𑘲 𑘩𑘱𑘢𑘲 𑘮𑘲 𑘋𑘝𑘱𑘮𑘰𑘭𑘱𑘎 𑘁𑘮𑘹.,11
data/synthetic/images/line_0011_v022.png,मोडी लिपी ही ऐतिहासिक आहे.,𑘦𑘻𑘚𑘲 𑘩𑘱𑘢𑘲 𑘮𑘲 𑘋𑘝𑘱𑘮𑘰𑘭𑘱𑘎 𑘁𑘮𑘹.,11
data/synthetic/images/line_0011_v023.png,मोडी लिपी ही ऐतिहासिक आहे.,𑘦𑘻𑘚𑘲 𑘩𑘱𑘢𑘲 𑘮𑘲 𑘋𑘝𑘱𑘮𑘰𑘭𑘱𑘎 𑘁𑘮𑘹.,11
data/synthetic/images/line_0011_v024.png,मोडी लिपी ही ऐतिहासिक आहे.,𑘦𑘻𑘚𑘲 𑘩𑘱𑘢𑘲 𑘮𑘲 𑘋𑘝𑘱𑘮𑘰𑘭𑘱𑘎 𑘁𑘮𑘹.,11
data/synthetic/images/line_0011_v025.png,मोडी लिपी ही ऐतिहासिक आहे.,𑘦𑘻𑘚𑘲 𑘩𑘱𑘢𑘲 𑘮𑘲 𑘋𑘝𑘱𑘮𑘰𑘭𑘱𑘎 𑘁𑘮𑘹.,11
data/synthetic/images/line_0011_v026.png,मोडी लिपी ही ऐतिहासिक आहे.,𑘦𑘻𑘚𑘲 𑘩𑘱𑘢𑘲 𑘮𑘲 𑘋𑘝𑘱𑘮𑘰𑘭𑘱𑘎 𑘁𑘮𑘹.,11
data/synthetic/images/line_0011_v027.png,मोडी लिपी ही ऐतिहासिक आहे.,𑘦𑘻𑘚𑘲 𑘩𑘱𑘢𑘲 𑘮𑘲 𑘋𑘝𑘱𑘮𑘰𑘭𑘱𑘎 𑘁𑘮𑘹.,11
data/synthetic/images/line_0011_v028.png,मोडी लिपी ही ऐतिहासिक आहे.,𑘦𑘻𑘚𑘲 𑘩𑘱𑘢𑘲 𑘮𑘲 𑘋𑘝𑘱𑘮𑘰𑘭𑘱𑘎 𑘁𑘮𑘹.,11
data/synthetic/images/line_0011_v029.png,मोडी लिपी ही ऐतिहासिक आहे.,𑘦𑘻𑘚𑘲 𑘩𑘱𑘢𑘲 𑘮𑘲 𑘋𑘝𑘱𑘮𑘰𑘭𑘱𑘎 𑘁𑘮𑘹.,11
data/synthetic/images/line_0011_v030.png,मोडी लिपी ही ऐतिहासिक आहे.,𑘦𑘻𑘚𑘲 𑘩𑘱𑘢𑘲 𑘮𑘲 𑘋𑘝𑘱𑘮𑘰𑘭𑘱𑘎 𑘁𑘮𑘹.,11
data/synthetic/images/line_0011_v031.png,मोडी लिपी ही ऐतिहासिक आहे.,𑘦𑘻𑘚𑘲 𑘩𑘱𑘢𑘲 𑘮𑘲 𑘋𑘝𑘱𑘮𑘰𑘭𑘱𑘎 𑘁𑘮𑘹.,11
data/synthetic/images/line_0011_v032.png,मोडी लिपी ही ऐतिहासिक आहे.,𑘦𑘻𑘚𑘲 𑘩𑘱𑘢𑘲 𑘮𑘲 𑘋𑘝𑘱𑘮𑘰𑘭𑘱𑘎 𑘁𑘮𑘹.,11
data/synthetic/images/line_0011_v033.png,मोडी लिपी ही ऐतिहासिक आहे.,𑘦𑘻𑘚𑘲 𑘩𑘱𑘢𑘲 𑘮𑘲 𑘋𑘝𑘱𑘮𑘰𑘭𑘱𑘎 𑘁𑘮𑘹.,11
data/synthetic/images/line_0011_v034.png,मोडी लिपी ही ऐतिहासिक आहे.,𑘦𑘻𑘚𑘲 𑘩𑘱𑘢𑘲 𑘮𑘲 𑘋𑘝𑘱𑘮𑘰𑘭𑘱𑘎 𑘁𑘮𑘹.,11
data/synthetic/images/line_0011_v035.png,मोडी लिपी ही ऐतिहासिक आहे.,𑘦𑘻𑘚𑘲 𑘩𑘱𑘢𑘲 𑘮𑘲 𑘋𑘝𑘱𑘮𑘰𑘭𑘱𑘎 𑘁𑘮𑘹.,11
data/synthetic/images/line_0011_v036.png,मोडी लिपी ही ऐतिहासिक आहे.,𑘦𑘻𑘚𑘲 𑘩𑘱𑘢𑘲 𑘮𑘲 𑘋𑘝𑘱𑘮𑘰𑘭𑘱𑘎 𑘁𑘮𑘹.,11
data/synthetic/images/line_0011_v037.png,मोडी लिपी ही ऐतिहासिक आहे.,𑘦𑘻𑘚𑘲 𑘩𑘱𑘢𑘲 𑘮𑘲 𑘋𑘝𑘱𑘮𑘰𑘭𑘱𑘎 𑘁𑘮𑘹.,11
data/synthetic/images/line_0011_v038.png,मोडी लिपी ही ऐतिहासिक आहे.,𑘦𑘻𑘚𑘲 𑘩𑘱𑘢𑘲 𑘮𑘲 𑘋𑘝𑘱𑘮𑘰𑘭𑘱𑘎 𑘁𑘮𑘹.,11
data/synthetic/images/line_0011_v039.png,मोडी लिपी ही ऐतिहासिक आहे.,𑘦𑘻𑘚𑘲 𑘩𑘱𑘢𑘲 𑘮𑘲 𑘋𑘝𑘱𑘮𑘰𑘭𑘱𑘎 𑘁𑘮𑘹.,11
data/synthetic/images/line_0012_v000.png,मोडी लिपी मराठी भाषा लिहिण्यासाठी वापरली जात असे.,𑘦𑘻𑘚𑘲 𑘩𑘱𑘢𑘲 𑘦𑘨𑘰𑘙𑘲 𑘥𑘰𑘬𑘰 𑘩𑘱𑘮𑘱𑘜𑘿𑘧𑘰𑘭𑘰𑘙𑘲 𑘪𑘰𑘢𑘨𑘩𑘲 𑘕𑘰𑘝 𑘀𑘭𑘹.,12
data/synthetic/images/line_0012_v001.png,मोडी लिपी मराठी भाषा लिहिण्यासाठी वापरली जात असे.,𑘦𑘻𑘚𑘲 𑘩𑘱𑘢𑘲 𑘦𑘨𑘰𑘙𑘲 𑘥𑘰𑘬𑘰 𑘩𑘱𑘮𑘱𑘜𑘿𑘧𑘰𑘭𑘰𑘙𑘲 𑘪𑘰𑘢𑘨𑘩𑘲 𑘕𑘰𑘝 𑘀𑘭𑘹.,12
data/synthetic/images/line_0012_v002.png,मोडी लिपी मराठी भाषा लिहिण्यासाठी वापरली जात असे.,𑘦𑘻𑘚𑘲 𑘩𑘱𑘢𑘲 𑘦𑘨𑘰𑘙𑘲 𑘥𑘰𑘬𑘰 𑘩𑘱𑘮𑘱𑘜𑘿𑘧𑘰𑘭𑘰𑘙𑘲 𑘪𑘰𑘢𑘨𑘩𑘲 𑘕𑘰𑘝 𑘀𑘭𑘹.,12
data/synthetic/images/line_0012_v003.png,मोडी लिपी मराठी भाषा लिहिण्यासाठी वापरली जात असे.,𑘦𑘻𑘚𑘲 𑘩𑘱𑘢𑘲 𑘦𑘨𑘰𑘙𑘲 𑘥𑘰𑘬𑘰 𑘩𑘱𑘮𑘱𑘜𑘿𑘧𑘰𑘭𑘰𑘙𑘲 𑘪𑘰𑘢𑘨𑘩𑘲 𑘕𑘰𑘝 𑘀𑘭𑘹.,12
data/synthetic/images/line_0012_v004.png,मोडी लिपी मराठी भाषा लिहिण्यासाठी वापरली जात असे.,𑘦𑘻𑘚𑘲 𑘩𑘱𑘢𑘲 𑘦𑘨𑘰𑘙𑘲 𑘥𑘰𑘬𑘰 𑘩𑘱𑘮𑘱𑘜𑘿𑘧𑘰𑘭𑘰𑘙𑘲 𑘪𑘰𑘢𑘨𑘩𑘲 𑘕𑘰𑘝 𑘀𑘭𑘹.,12
data/synthetic/images/line_0012_v005.png,मोडी लिपी मराठी भाषा लिहिण्यासाठी वापरली जात असे.,𑘦𑘻𑘚𑘲 𑘩𑘱𑘢𑘲 𑘦𑘨𑘰𑘙𑘲 𑘥𑘰𑘬𑘰 𑘩𑘱𑘮𑘱𑘜𑘿𑘧𑘰𑘭𑘰𑘙𑘲 𑘪𑘰𑘢𑘨𑘩𑘲 𑘕𑘰𑘝 𑘀𑘭𑘹.,12
data/synthetic/images/line_0012_v006.png,मोडी लिपी मराठी भाषा लिहिण्यासाठी वापरली जात असे.,𑘦𑘻𑘚𑘲 𑘩𑘱𑘢𑘲 𑘦𑘨𑘰𑘙𑘲 𑘥𑘰𑘬𑘰 𑘩𑘱𑘮𑘱𑘜𑘿𑘧𑘰𑘭𑘰𑘙𑘲 𑘪𑘰𑘢𑘨𑘩𑘲 𑘕𑘰𑘝 𑘀𑘭𑘹.,12
data/synthetic/images/line_0012_v007.png,मोडी लिपी मराठी भाषा लिहिण्यासाठी वापरली जात असे.,𑘦𑘻𑘚𑘲 𑘩𑘱𑘢𑘲 𑘦𑘨𑘰𑘙𑘲 𑘥𑘰𑘬𑘰 𑘩𑘱𑘮𑘱𑘜𑘿𑘧𑘰𑘭𑘰𑘙𑘲 𑘪𑘰𑘢𑘨𑘩𑘲 𑘕𑘰𑘝 𑘀𑘭𑘹.,12
data/synthetic/images/line_0012_v008.png,मोडी लिपी मराठी भाषा लिहिण्यासाठी वापरली जात असे.,𑘦𑘻𑘚𑘲 𑘩𑘱𑘢𑘲 𑘦𑘨𑘰𑘙𑘲 𑘥𑘰𑘬𑘰 𑘩𑘱𑘮𑘱𑘜𑘿𑘧𑘰𑘭𑘰𑘙𑘲 𑘪𑘰𑘢𑘨𑘩𑘲 𑘕𑘰𑘝 𑘀𑘭𑘹.,12
data/synthetic/images/line_0012_v009.png,मोडी लिपी मराठी भाषा लिहिण्यासाठी वापरली जात असे.,𑘦𑘻𑘚𑘲 𑘩𑘱𑘢𑘲 𑘦𑘨𑘰𑘙𑘲 𑘥𑘰𑘬𑘰 𑘩𑘱𑘮𑘱𑘜𑘿𑘧𑘰𑘭𑘰𑘙𑘲 𑘪𑘰𑘢𑘨𑘩𑘲 𑘕𑘰𑘝 𑘀𑘭𑘹.,12
data/synthetic/images/line_0012_v010.png,मोडी लिपी मराठी भाषा लिहिण्यासाठी वापरली जात असे.,𑘦𑘻𑘚𑘲 𑘩𑘱𑘢𑘲 𑘦𑘨𑘰𑘙𑘲 𑘥𑘰𑘬𑘰 𑘩𑘱𑘮𑘱𑘜𑘿𑘧𑘰𑘭𑘰𑘙𑘲 𑘪𑘰𑘢𑘨𑘩𑘲 𑘕𑘰𑘝 𑘀𑘭𑘹.,12
data/synthetic/images/line_0012_v011.png,मोडी लिपी मराठी भाषा लिहिण्यासाठी वापरली जात असे.,𑘦𑘻𑘚𑘲 𑘩𑘱𑘢𑘲 𑘦𑘨𑘰𑘙𑘲 𑘥𑘰𑘬𑘰 𑘩𑘱𑘮𑘱𑘜𑘿𑘧𑘰𑘭𑘰𑘙𑘲 𑘪𑘰𑘢𑘨𑘩𑘲 𑘕𑘰𑘝 𑘀𑘭𑘹.,12
data/synthetic/images/line_0012_v012.png,मोडी लिपी मराठी भाषा लिहिण्यासाठी वापरली जात असे.,𑘦𑘻𑘚𑘲 𑘩𑘱𑘢𑘲 𑘦𑘨𑘰𑘙𑘲 𑘥𑘰𑘬𑘰 𑘩𑘱𑘮𑘱𑘜𑘿𑘧𑘰𑘭𑘰𑘙𑘲 𑘪𑘰𑘢𑘨𑘩𑘲 𑘕𑘰𑘝 𑘀𑘭𑘹.,12
data/synthetic/images/line_0012_v013.png,मोडी लिपी मराठी भाषा लिहिण्यासाठी वापरली जात असे.,𑘦𑘻𑘚𑘲 𑘩𑘱𑘢𑘲 𑘦𑘨𑘰𑘙𑘲 𑘥𑘰𑘬𑘰 𑘩𑘱𑘮𑘱𑘜𑘿𑘧𑘰𑘭𑘰𑘙𑘲 𑘪𑘰𑘢𑘨𑘩𑘲 𑘕𑘰𑘝 𑘀𑘭𑘹.,12
data/synthetic/images/line_0012_v014.png,मोडी लिपी मराठी भाषा लिहिण्यासाठी वापरली जात असे.,𑘦𑘻𑘚𑘲 𑘩𑘱𑘢𑘲 𑘦𑘨𑘰𑘙𑘲 𑘥𑘰𑘬𑘰 𑘩𑘱𑘮𑘱𑘜𑘿𑘧𑘰𑘭𑘰𑘙𑘲 𑘪𑘰𑘢𑘨𑘩𑘲 𑘕𑘰𑘝 𑘀𑘭𑘹.,12
data/synthetic/images/line_0012_v015.png,मोडी लिपी मराठी भाषा लिहिण्यासाठी वापरली जात असे.,𑘦𑘻𑘚𑘲 𑘩𑘱𑘢𑘲 𑘦𑘨𑘰𑘙𑘲 𑘥𑘰𑘬𑘰 𑘩𑘱𑘮𑘱𑘜𑘿𑘧𑘰𑘭𑘰𑘙𑘲 𑘪𑘰𑘢𑘨𑘩𑘲 𑘕𑘰𑘝 𑘀𑘭𑘹.,12
data/synthetic/images/line_0012_v016.png,मोडी लिपी मराठी भाषा लिहिण्यासाठी वापरली जात असे.,𑘦𑘻𑘚𑘲 𑘩𑘱𑘢𑘲 𑘦𑘨𑘰𑘙𑘲 𑘥𑘰𑘬𑘰 𑘩𑘱𑘮𑘱𑘜𑘿𑘧𑘰𑘭𑘰𑘙𑘲 𑘪𑘰𑘢𑘨𑘩𑘲 𑘕𑘰𑘝 𑘀𑘭𑘹.,12
data/synthetic/images/line_0012_v017.png,मोडी लिपी मराठी भाषा लिहिण्यासाठी वापरली जात असे.,𑘦𑘻𑘚𑘲 𑘩𑘱𑘢𑘲 𑘦𑘨𑘰𑘙𑘲 𑘥𑘰𑘬𑘰 𑘩𑘱𑘮𑘱𑘜𑘿𑘧𑘰𑘭𑘰𑘙𑘲 𑘪𑘰𑘢𑘨𑘩𑘲 𑘕𑘰𑘝 𑘀𑘭𑘹.,12
data/synthetic/images/line_0012_v018.png,मोडी लिपी मराठी भाषा लिहिण्यासाठी वापरली जात असे.,𑘦𑘻𑘚𑘲 𑘩𑘱𑘢𑘲 𑘦𑘨𑘰𑘙𑘲 𑘥𑘰𑘬𑘰 𑘩𑘱𑘮𑘱𑘜𑘿𑘧𑘰𑘭𑘰𑘙𑘲 𑘪𑘰𑘢𑘨𑘩𑘲 𑘕𑘰𑘝 𑘀𑘭𑘹.,12
data/synthetic/images/line_0012_v019.png,मोडी लिपी मराठी भाषा लिहिण्यासाठी वापरली जात असे.,𑘦𑘻𑘚𑘲 𑘩𑘱𑘢𑘲 𑘦𑘨𑘰𑘙𑘲 𑘥𑘰𑘬𑘰 𑘩𑘱𑘮𑘱𑘜𑘿𑘧𑘰𑘭𑘰𑘙𑘲 𑘪𑘰𑘢𑘨𑘩𑘲 𑘕𑘰𑘝 𑘀𑘭𑘹.,12
data/synthetic/images/line_0012_v020.png,मोडी लिपी मराठी भाषा लिहिण्यासाठी वापरली जात असे.,𑘦𑘻𑘚𑘲 𑘩𑘱𑘢𑘲 𑘦𑘨𑘰𑘙𑘲 𑘥𑘰𑘬𑘰 𑘩𑘱𑘮𑘱𑘜𑘿𑘧𑘰𑘭𑘰𑘙𑘲 𑘪𑘰𑘢𑘨𑘩𑘲 𑘕𑘰𑘝 𑘀𑘭𑘹.,12
data/synthetic/images/line_0012_v021.png,मोडी लिपी मराठी भाषा लिहिण्यासाठी वापरली जात असे.,𑘦𑘻𑘚𑘲 𑘩𑘱𑘢𑘲 𑘦𑘨𑘰𑘙𑘲 𑘥𑘰𑘬𑘰 𑘩𑘱𑘮𑘱𑘜𑘿𑘧𑘰𑘭𑘰𑘙𑘲 𑘪𑘰𑘢𑘨𑘩𑘲 𑘕𑘰𑘝 𑘀𑘭𑘹.,12
data/synthetic/images/line_0012_v022.png,मोडी लिपी मराठी भाषा लिहिण्यासाठी वापरली जात असे.,𑘦𑘻𑘚𑘲 𑘩𑘱𑘢𑘲 𑘦𑘨𑘰𑘙𑘲 𑘥𑘰𑘬𑘰 𑘩𑘱𑘮𑘱𑘜𑘿𑘧𑘰𑘭𑘰𑘙𑘲 𑘪𑘰𑘢𑘨𑘩𑘲 𑘕𑘰𑘝 𑘀𑘭𑘹.,12
data/synthetic/images/line_0012_v023.png,मोडी लिपी मराठी भाषा लिहिण्यासाठी वापरली जात असे.,𑘦𑘻𑘚𑘲 𑘩𑘱𑘢𑘲 𑘦𑘨𑘰𑘙𑘲 𑘥𑘰𑘬𑘰 𑘩𑘱𑘮𑘱𑘜𑘿𑘧𑘰𑘭𑘰𑘙𑘲 𑘪𑘰𑘢𑘨𑘩𑘲 𑘕𑘰𑘝 𑘀𑘭𑘹.,12
data/synthetic/images/line_0012_v024.png,मोडी लिपी मराठी भाषा लिहिण्यासाठी वापरली जात असे.,𑘦𑘻𑘚𑘲 𑘩𑘱𑘢𑘲 𑘦𑘨𑘰𑘙𑘲 𑘥𑘰𑘬𑘰 𑘩𑘱𑘮𑘱𑘜𑘿𑘧𑘰𑘭𑘰𑘙𑘲 𑘪𑘰𑘢𑘨𑘩𑘲 𑘕𑘰𑘝 𑘀𑘭𑘹.,12
data/synthetic/images/line_0012_v025.png,मोडी लिपी मराठी भाषा लिहिण्यासाठी वापरली जात असे.,𑘦𑘻𑘚𑘲 𑘩𑘱𑘢𑘲 𑘦𑘨𑘰𑘙𑘲 𑘥𑘰𑘬𑘰 𑘩𑘱𑘮𑘱𑘜𑘿𑘧𑘰𑘭𑘰𑘙𑘲 𑘪𑘰𑘢𑘨𑘩𑘲 𑘕𑘰𑘝 𑘀𑘭𑘹.,12
data/synthetic/images/line_0012_v026.png,मोडी लिपी मराठी भाषा लिहिण्यासाठी वापरली जात असे.,𑘦𑘻𑘚𑘲 𑘩𑘱𑘢𑘲 𑘦𑘨𑘰𑘙𑘲 𑘥𑘰𑘬𑘰 𑘩𑘱𑘮𑘱𑘜𑘿𑘧𑘰𑘭𑘰𑘙𑘲 𑘪𑘰𑘢𑘨𑘩𑘲 𑘕𑘰𑘝 𑘀𑘭𑘹.,12
data/synthetic/images/line_0012_v027.png,मोडी लिपी मराठी भाषा लिहिण्यासाठी वापरली जात असे.,𑘦𑘻𑘚𑘲 𑘩𑘱𑘢𑘲 𑘦𑘨𑘰𑘙𑘲 𑘥𑘰𑘬𑘰 𑘩𑘱𑘮𑘱𑘜𑘿𑘧𑘰𑘭𑘰𑘙𑘲 𑘪𑘰𑘢𑘨𑘩𑘲 𑘕𑘰𑘝 𑘀𑘭𑘹.,12
data/synthetic/images/line_0012_v028.png,मोडी लिपी मराठी भाषा लिहिण्यासाठी वापरली जात असे.,𑘦𑘻𑘚𑘲 𑘩𑘱𑘢𑘲 𑘦𑘨𑘰𑘙𑘲 𑘥𑘰𑘬𑘰 𑘩𑘱𑘮𑘱𑘜𑘿𑘧𑘰𑘭𑘰𑘙𑘲 𑘪𑘰𑘢𑘨𑘩𑘲 𑘕𑘰𑘝 𑘀𑘭𑘹.,12
data/synthetic/images/line_0012_v029.png,मोडी लिपी मराठी भाषा लिहिण्यासाठी वापरली जात असे.,𑘦𑘻𑘚𑘲 𑘩𑘱𑘢𑘲 𑘦𑘨𑘰𑘙𑘲 𑘥𑘰𑘬𑘰 𑘩𑘱𑘮𑘱𑘜𑘿𑘧𑘰𑘭𑘰𑘙𑘲 𑘪𑘰𑘢𑘨𑘩𑘲 𑘕𑘰𑘝 𑘀𑘭𑘹.,12
data/synthetic/images/line_0012_v030.png,मोडी लिपी मराठी भाषा लिहिण्यासाठी वापरली जात असे.,𑘦𑘻𑘚𑘲 𑘩𑘱𑘢𑘲 𑘦𑘨𑘰𑘙𑘲 𑘥𑘰𑘬𑘰 𑘩𑘱𑘮𑘱𑘜𑘿𑘧𑘰𑘭𑘰𑘙𑘲 𑘪𑘰𑘢𑘨𑘩𑘲 𑘕𑘰𑘝 𑘀𑘭𑘹.,12
data/synthetic/images/line_0012_v031.png,मोडी लिपी मराठी भाषा लिहिण्यासाठी वापरली जात असे.,𑘦𑘻𑘚𑘲 𑘩𑘱𑘢𑘲 𑘦𑘨𑘰𑘙𑘲 𑘥𑘰𑘬𑘰 𑘩𑘱𑘮𑘱𑘜𑘿𑘧𑘰𑘭𑘰𑘙𑘲 𑘪𑘰𑘢𑘨𑘩𑘲 𑘕𑘰𑘝 𑘀𑘭𑘹.,12
data/synthetic/images/line_0012_v032.png,मोडी लिपी मराठी भाषा लिहिण्यासाठी वापरली जात असे.,𑘦𑘻𑘚𑘲 𑘩𑘱𑘢𑘲 𑘦𑘨𑘰𑘙𑘲 𑘥𑘰𑘬𑘰 𑘩𑘱𑘮𑘱𑘜𑘿𑘧𑘰𑘭𑘰𑘙𑘲 𑘪𑘰𑘢𑘨𑘩𑘲 𑘕𑘰𑘝 𑘀𑘭𑘹.,12
data/synthetic/images/line_0012_v033.png,मोडी लिपी मराठी भाषा लिहिण्यासाठी वापरली जात असे.,𑘦𑘻𑘚𑘲 𑘩𑘱𑘢𑘲 𑘦𑘨𑘰𑘙𑘲 𑘥𑘰𑘬𑘰 𑘩𑘱𑘮𑘱𑘜𑘿𑘧𑘰𑘭𑘰𑘙𑘲 𑘪𑘰𑘢𑘨𑘩𑘲 𑘕𑘰𑘝 𑘀𑘭𑘹.,12
data/synthetic/images/line_0012_v034.png,मोडी लिपी मराठी भाषा लिहिण्यासाठी वापरली जात असे.,𑘦𑘻𑘚𑘲 𑘩𑘱𑘢𑘲 𑘦𑘨𑘰𑘙𑘲 𑘥𑘰𑘬𑘰 𑘩𑘱𑘮𑘱𑘜𑘿𑘧𑘰𑘭𑘰𑘙𑘲 𑘪𑘰𑘢𑘨𑘩𑘲 𑘕𑘰𑘝 𑘀𑘭𑘹.,12
data/synthetic/images/line_0012_v035.png,मोडी लिपी मराठी भाषा लिहिण्यासाठी वापरली जात असे.,𑘦𑘻𑘚𑘲 𑘩𑘱𑘢𑘲 𑘦𑘨𑘰𑘙𑘲 𑘥𑘰𑘬𑘰 𑘩𑘱𑘮𑘱𑘜𑘿𑘧𑘰𑘭𑘰𑘙𑘲 𑘪𑘰𑘢𑘨𑘩𑘲 𑘕𑘰𑘝 𑘀𑘭𑘹.,12
data/synthetic/images/line_0012_v036.png,मोडी लिपी मराठी भाषा लिहिण्यासाठी वापरली जात असे.,𑘦𑘻𑘚𑘲 𑘩𑘱𑘢𑘲 𑘦𑘨𑘰𑘙𑘲 𑘥𑘰𑘬𑘰 𑘩𑘱𑘮𑘱𑘜𑘿𑘧𑘰𑘭𑘰𑘙𑘲 𑘪𑘰𑘢𑘨𑘩𑘲 𑘕𑘰𑘝 𑘀𑘭𑘹.,12
data/synthetic/images/line_0012_v037.png,मोडी लिपी मराठी भाषा लिहिण्यासाठी वापरली जात असे.,𑘦𑘻𑘚𑘲 𑘩𑘱𑘢𑘲 𑘦𑘨𑘰𑘙𑘲 𑘥𑘰𑘬𑘰 𑘩𑘱𑘮𑘱𑘜𑘿𑘧𑘰𑘭𑘰𑘙𑘲 𑘪𑘰𑘢𑘨𑘩𑘲 𑘕𑘰𑘝 𑘀𑘭𑘹.,12
data/synthetic/images/line_0012_v038.png,मोडी लिपी मराठी भाषा लिहिण्यासाठी वापरली जात असे.,𑘦𑘻𑘚𑘲 𑘩𑘱𑘢𑘲 𑘦𑘨𑘰𑘙𑘲 𑘥𑘰𑘬𑘰 𑘩𑘱𑘮𑘱𑘜𑘿𑘧𑘰𑘭𑘰𑘙𑘲 𑘪𑘰𑘢𑘨𑘩𑘲 𑘕𑘰𑘝 𑘀𑘭𑘹.,12
data/synthetic/images/line_0012_v039.png,मोडी लिपी मराठी भाषा लिहिण्यासाठी वापरली जात असे.,𑘦𑘻𑘚𑘲 𑘩𑘱𑘢𑘲 𑘦𑘨𑘰𑘙𑘲 𑘥𑘰𑘬𑘰 𑘩𑘱𑘮𑘱𑘜𑘿𑘧𑘰𑘭𑘰𑘙𑘲 𑘪𑘰𑘢𑘨𑘩𑘲 𑘕𑘰𑘝 𑘀𑘭𑘹.,12
data/synthetic/images/line_0013_v000.png,जुनी कागदपत्रे मोडी लिपीत लिहिलेली आहेत.,𑘕𑘳𑘡𑘲 𑘎𑘰𑘐𑘟𑘢𑘝𑘿𑘨𑘹 𑘦𑘻𑘚𑘲 𑘩𑘱𑘢𑘲𑘝 𑘩𑘱𑘮𑘱𑘩𑘹𑘩𑘲 𑘁𑘮𑘹𑘝.,13
data/synthetic/images/line_0013_v001.png,जुनी कागदपत्रे मोडी लिपीत लिहिलेली आहेत.,𑘕𑘳𑘡𑘲 𑘎𑘰𑘐𑘟𑘢𑘝𑘿𑘨𑘹 𑘦𑘻𑘚𑘲 𑘩𑘱𑘢𑘲𑘝 𑘩𑘱𑘮𑘱𑘩𑘹𑘩𑘲 𑘁𑘮𑘹𑘝.,13
data/synthetic/images/line_0013_v002.png,जुनी कागदपत्रे मोडी लिपीत लिहिलेली आहेत.,𑘕𑘳𑘡𑘲 𑘎𑘰𑘐𑘟𑘢𑘝𑘿𑘨𑘹 𑘦𑘻𑘚𑘲 𑘩𑘱𑘢𑘲𑘝 𑘩𑘱𑘮𑘱𑘩𑘹𑘩𑘲 𑘁𑘮𑘹𑘝.,13
data/synthetic/images/line_0013_v003.png,जुनी कागदपत्रे मोडी लिपीत लिहिलेली आहेत.,𑘕𑘳𑘡𑘲 𑘎𑘰𑘐𑘟𑘢𑘝𑘿𑘨𑘹 𑘦𑘻𑘚𑘲 𑘩𑘱𑘢𑘲𑘝 𑘩𑘱𑘮𑘱𑘩𑘹𑘩𑘲 𑘁𑘮𑘹𑘝.,13
data/synthetic/images/line_0013_v004.png,जुनी कागदपत्रे मोडी लिपीत लिहिलेली आहेत.,𑘕𑘳𑘡𑘲 𑘎𑘰𑘐𑘟𑘢𑘝𑘿𑘨𑘹 𑘦𑘻𑘚𑘲 𑘩𑘱𑘢𑘲𑘝 𑘩𑘱𑘮𑘱𑘩𑘹𑘩𑘲 𑘁𑘮𑘹𑘝.,13
data/synthetic/images/line_0013_v005.png,जुनी कागदपत्रे मोडी लिपीत लिहिलेली आहेत.,𑘕𑘳𑘡𑘲 𑘎𑘰𑘐𑘟𑘢𑘝𑘿𑘨𑘹 𑘦𑘻𑘚𑘲 𑘩𑘱𑘢𑘲𑘝 𑘩𑘱𑘮𑘱𑘩𑘹𑘩𑘲 𑘁𑘮𑘹𑘝.,13
data/synthetic/images/line_0013_v006.png,जुनी कागदपत्रे मोडी लिपीत लिहिलेली आहेत.,𑘕𑘳𑘡𑘲 𑘎𑘰𑘐𑘟𑘢𑘝𑘿𑘨𑘹 𑘦𑘻𑘚𑘲 𑘩𑘱𑘢𑘲𑘝 𑘩𑘱𑘮𑘱𑘩𑘹𑘩𑘲 𑘁𑘮𑘹𑘝.,13
data/synthetic/images/line_0013_v007.png,जुनी कागदपत्रे मोडी लिपीत लिहिलेली आहेत.,𑘕𑘳𑘡𑘲 𑘎𑘰𑘐𑘟𑘢𑘝𑘿𑘨𑘹 𑘦𑘻𑘚𑘲 𑘩𑘱𑘢𑘲𑘝 𑘩𑘱𑘮𑘱𑘩𑘹𑘩𑘲 𑘁𑘮𑘹𑘝.,13
data/synthetic/images/line_0013_v008.png,जुनी कागदपत्रे मोडी लिपीत लिहिलेली आहेत.,𑘕𑘳𑘡𑘲 𑘎𑘰𑘐𑘟𑘢𑘝𑘿𑘨𑘹 𑘦𑘻𑘚𑘲 𑘩𑘱𑘢𑘲𑘝 𑘩𑘱𑘮𑘱𑘩𑘹𑘩𑘲 𑘁𑘮𑘹𑘝.,13
data/synthetic/images/line_0013_v009.png,जुनी कागदपत्रे मोडी लिपीत लिहिलेली आहेत.,𑘕𑘳𑘡𑘲 𑘎𑘰𑘐𑘟𑘢𑘝𑘿𑘨𑘹 𑘦𑘻𑘚𑘲 𑘩𑘱𑘢𑘲𑘝 𑘩𑘱𑘮𑘱𑘩𑘹𑘩𑘲 𑘁𑘮𑘹𑘝.,13
data/synthetic/images/line_0013_v010.png,जुनी कागदपत्रे मोडी लिपीत लिहिलेली आहेत.,𑘕𑘳𑘡𑘲 𑘎𑘰𑘐𑘟𑘢𑘝𑘿𑘨𑘹 𑘦𑘻𑘚𑘲 𑘩𑘱𑘢𑘲𑘝 𑘩𑘱𑘮𑘱𑘩𑘹𑘩𑘲 𑘁𑘮𑘹𑘝.,13
data/synthetic/images/line_0013_v011.png,जुनी कागदपत्रे मोडी लिपीत लिहिलेली आहेत.,𑘕𑘳𑘡𑘲 𑘎𑘰𑘐𑘟𑘢𑘝𑘿𑘨𑘹 𑘦𑘻𑘚𑘲 𑘩𑘱𑘢𑘲𑘝 𑘩𑘱𑘮𑘱𑘩𑘹𑘩𑘲 𑘁𑘮𑘹𑘝.,13
data/synthetic/images/line_0013_v012.png,जुनी कागदपत्रे मोडी लिपीत लिहिलेली आहेत.,𑘕𑘳𑘡𑘲 𑘎𑘰𑘐𑘟𑘢𑘝𑘿𑘨𑘹 𑘦𑘻𑘚𑘲 𑘩𑘱𑘢𑘲𑘝 𑘩𑘱𑘮𑘱𑘩𑘹𑘩𑘲 𑘁𑘮𑘹𑘝.,13
data/synthetic/images/line_0013_v013.png,जुनी कागदपत्रे मोडी लिपीत लिहिलेली आहेत.,𑘕𑘳𑘡𑘲 𑘎𑘰𑘐𑘟𑘢𑘝𑘿𑘨𑘹 𑘦𑘻𑘚𑘲 𑘩𑘱𑘢𑘲𑘝 𑘩𑘱𑘮𑘱𑘩𑘹𑘩𑘲 𑘁𑘮𑘹𑘝.,13
data/synthetic/images/line_0013_v014.png,जुनी कागदपत्रे मोडी लिपीत लिहिलेली आहेत.,𑘕𑘳𑘡𑘲 𑘎𑘰𑘐𑘟𑘢𑘝𑘿𑘨𑘹 𑘦𑘻𑘚𑘲 𑘩𑘱𑘢𑘲𑘝 𑘩𑘱𑘮𑘱𑘩𑘹𑘩𑘲 𑘁𑘮𑘹𑘝.,13
data/synthetic/images/line_0013_v015.png,जुनी कागदपत्रे मोडी लिपीत लिहिलेली आहेत.,𑘕𑘳𑘡𑘲 𑘎𑘰𑘐𑘟𑘢𑘝𑘿𑘨𑘹 𑘦𑘻𑘚𑘲 𑘩𑘱𑘢𑘲𑘝 𑘩𑘱𑘮𑘱𑘩𑘹𑘩𑘲 𑘁𑘮𑘹𑘝.,13
data/synthetic/images/line_0013_v016.png,जुनी कागदपत्रे मोडी लिपीत लिहिलेली आहेत.,𑘕𑘳𑘡𑘲 𑘎𑘰𑘐𑘟𑘢𑘝𑘿𑘨𑘹 𑘦𑘻𑘚𑘲 𑘩𑘱𑘢𑘲𑘝 𑘩𑘱𑘮𑘱𑘩𑘹𑘩𑘲 𑘁𑘮𑘹𑘝.,13
data/synthetic/images/line_0013_v017.png,जुनी कागदपत्रे मोडी लिपीत लिहिलेली आहेत.,𑘕𑘳𑘡𑘲 𑘎𑘰𑘐𑘟𑘢𑘝𑘿𑘨𑘹 𑘦𑘻𑘚𑘲 𑘩𑘱𑘢𑘲𑘝 𑘩𑘱𑘮𑘱𑘩𑘹𑘩𑘲 𑘁𑘮𑘹𑘝.,13
data/synthetic/images/line_0013_v018.png,जुनी कागदपत्रे मोडी लिपीत लिहिलेली आहेत.,𑘕𑘳𑘡𑘲 𑘎𑘰𑘐𑘟𑘢𑘝𑘿𑘨𑘹 𑘦𑘻𑘚𑘲 𑘩𑘱𑘢𑘲𑘝 𑘩𑘱𑘮𑘱𑘩𑘹𑘩𑘲 𑘁𑘮𑘹𑘝.,13
data/synthetic/images/line_0013_v019.png,जुनी कागदपत्रे मोडी लिपीत लिहिलेली आहेत.,𑘕𑘳𑘡𑘲 𑘎𑘰𑘐𑘟𑘢𑘝𑘿𑘨𑘹 𑘦𑘻𑘚𑘲 𑘩𑘱𑘢𑘲𑘝 𑘩𑘱𑘮𑘱𑘩𑘹𑘩𑘲 𑘁𑘮𑘹𑘝.,13
data/synthetic/images/line_0013_v020.png,जुनी कागदपत्रे मोडी लिपीत लिहिलेली आहेत.,𑘕𑘳𑘡𑘲 𑘎𑘰𑘐𑘟𑘢𑘝𑘿𑘨𑘹 𑘦𑘻𑘚𑘲 𑘩𑘱𑘢𑘲𑘝 𑘩𑘱𑘮𑘱𑘩𑘹𑘩𑘲 𑘁𑘮𑘹𑘝.,13
data/synthetic/images/line_0013_v021.png,जुनी कागदपत्रे मोडी लिपीत लिहिलेली आहेत.,𑘕𑘳𑘡𑘲 𑘎𑘰𑘐𑘟𑘢𑘝𑘿𑘨𑘹 𑘦𑘻𑘚𑘲 𑘩𑘱𑘢𑘲𑘝 𑘩𑘱𑘮𑘱𑘩𑘹𑘩𑘲 𑘁𑘮𑘹𑘝.,13
data/synthetic/images/line_0013_v022.png,जुनी कागदपत्रे मोडी लिपीत लिहिलेली आहेत.,𑘕𑘳𑘡𑘲 𑘎𑘰𑘐𑘟𑘢𑘝𑘿𑘨𑘹 𑘦𑘻𑘚𑘲 𑘩𑘱𑘢𑘲𑘝 𑘩𑘱𑘮𑘱𑘩𑘹𑘩𑘲 𑘁𑘮𑘹𑘝.,13
data/synthetic/images/line_0013_v023.png,जुनी कागदपत्रे मोडी लिपीत लिहिलेली आहेत.,𑘕𑘳𑘡𑘲 𑘎𑘰𑘐𑘟𑘢𑘝𑘿𑘨𑘹 𑘦𑘻𑘚𑘲 𑘩𑘱𑘢𑘲𑘝 𑘩𑘱𑘮𑘱𑘩𑘹𑘩𑘲 𑘁𑘮𑘹𑘝.,13
data/synthetic/images/line_0013_v024.png,जुनी कागदपत्रे मोडी लिपीत लिहिलेली आहेत.,𑘕𑘳𑘡𑘲 𑘎𑘰𑘐𑘟𑘢𑘝𑘿𑘨𑘹 𑘦𑘻𑘚𑘲 𑘩𑘱𑘢𑘲𑘝 𑘩𑘱𑘮𑘱𑘩𑘹𑘩𑘲 𑘁𑘮𑘹𑘝.,13
data/synthetic/images/line_0013_v025.png,जुनी कागदपत्रे मोडी लिपीत लिहिलेली आहेत.,𑘕𑘳𑘡𑘲 𑘎𑘰𑘐𑘟𑘢𑘝𑘿𑘨𑘹 𑘦𑘻𑘚𑘲 𑘩𑘱𑘢𑘲𑘝 𑘩𑘱𑘮𑘱𑘩𑘹𑘩𑘲 𑘁𑘮𑘹𑘝.,13
data/synthetic/images/line_0013_v026.png,जुनी कागदपत्रे मोडी लिपीत लिहिलेली आहेत.,𑘕𑘳𑘡𑘲 𑘎𑘰𑘐𑘟𑘢𑘝𑘿𑘨𑘹 𑘦𑘻𑘚𑘲 𑘩𑘱𑘢𑘲𑘝 𑘩𑘱𑘮𑘱𑘩𑘹𑘩𑘲 𑘁𑘮𑘹𑘝.,13
data/synthetic/images/line_0013_v027.png,जुनी कागदपत्रे मोडी लिपीत लिहिलेली आहेत.,𑘕𑘳𑘡𑘲 𑘎𑘰𑘐𑘟𑘢𑘝𑘿𑘨𑘹 𑘦𑘻𑘚𑘲 𑘩𑘱𑘢𑘲𑘝 𑘩𑘱𑘮𑘱𑘩𑘹𑘩𑘲 𑘁𑘮𑘹𑘝.,13
data/synthetic/images/line_0013_v028.png,जुनी कागदपत्रे मोडी लिपीत लिहिलेली आहेत.,𑘕𑘳𑘡𑘲 𑘎𑘰𑘐𑘟𑘢𑘝𑘿𑘨𑘹 𑘦𑘻𑘚𑘲 𑘩𑘱𑘢𑘲𑘝 𑘩𑘱𑘮𑘱𑘩𑘹𑘩𑘲 𑘁𑘮𑘹𑘝.,13
data/synthetic/images/line_0013_v029.png,जुनी कागदपत्रे मोडी लिपीत लिहिलेली आहेत.,𑘕𑘳𑘡𑘲 𑘎𑘰𑘐𑘟𑘢𑘝𑘿𑘨𑘹 𑘦𑘻𑘚𑘲 𑘩𑘱𑘢𑘲𑘝 𑘩𑘱𑘮𑘱𑘩𑘹𑘩𑘲 𑘁𑘮𑘹𑘝.,13
data/synthetic/images/line_0013_v030.png,जुनी कागदपत्रे मोडी लिपीत लिहिलेली आहेत.,𑘕𑘳𑘡𑘲 𑘎𑘰𑘐𑘟𑘢𑘝𑘿𑘨𑘹 𑘦𑘻𑘚𑘲 𑘩𑘱𑘢𑘲𑘝 𑘩𑘱𑘮𑘱𑘩𑘹𑘩𑘲 𑘁𑘮𑘹𑘝.,13
data/synthetic/images/line_0013_v031.png,जुनी कागदपत्रे मोडी लिपीत लिहिलेली आहेत.,𑘕𑘳𑘡𑘲 𑘎𑘰𑘐𑘟𑘢𑘝𑘿𑘨𑘹 𑘦𑘻𑘚𑘲 𑘩𑘱𑘢𑘲𑘝 𑘩𑘱𑘮𑘱𑘩𑘹𑘩𑘲 𑘁𑘮𑘹𑘝.,13
data/synthetic/images/line_0013_v032.png,जुनी कागदपत्रे मोडी लिपीत लिहिलेली आहेत.,𑘕𑘳𑘡𑘲 𑘎𑘰𑘐𑘟𑘢𑘝𑘿𑘨𑘹 𑘦𑘻𑘚𑘲 𑘩𑘱𑘢𑘲𑘝 𑘩𑘱𑘮𑘱𑘩𑘹𑘩𑘲 𑘁𑘮𑘹𑘝.,13
data/synthetic/images/line_0013_v033.png,जुनी कागदपत्रे मोडी लिपीत लिहिलेली आहेत.,𑘕𑘳𑘡𑘲 𑘎𑘰𑘐𑘟𑘢𑘝𑘿𑘨𑘹 𑘦𑘻𑘚𑘲 𑘩𑘱𑘢𑘲𑘝 𑘩𑘱𑘮𑘱𑘩𑘹𑘩𑘲 𑘁𑘮𑘹𑘝.,13
data/synthetic/images/line_0013_v034.png,जुनी कागदपत्रे मोडी लिपीत लिहिलेली आहेत.,𑘕𑘳𑘡𑘲 𑘎𑘰𑘐𑘟𑘢𑘝𑘿𑘨𑘹 𑘦𑘻𑘚𑘲 𑘩𑘱𑘢𑘲𑘝 𑘩𑘱𑘮𑘱𑘩𑘹𑘩𑘲 𑘁𑘮𑘹𑘝.,13
data/synthetic/images/line_0013_v035.png,जुनी कागदपत्रे मोडी लिपीत लिहिलेली आहेत.,𑘕𑘳𑘡𑘲 𑘎𑘰𑘐𑘟𑘢𑘝𑘿𑘨𑘹 𑘦𑘻𑘚𑘲 𑘩𑘱𑘢𑘲𑘝 𑘩𑘱𑘮𑘱𑘩𑘹𑘩𑘲 𑘁𑘮𑘹𑘝.,13
data/synthetic/images/line_0013_v036.png,जुनी कागदपत्रे मोडी लिपीत लिहिलेली आहेत.,𑘕𑘳𑘡𑘲 𑘎𑘰𑘐𑘟𑘢𑘝𑘿𑘨𑘹 𑘦𑘻𑘚𑘲 𑘩𑘱𑘢𑘲𑘝 𑘩𑘱𑘮𑘱𑘩𑘹𑘩𑘲 𑘁𑘮𑘹𑘝.,13
data/synthetic/images/line_0013_v037.png,जुनी कागदपत्रे मोडी लिपीत लिहिलेली आहेत.,𑘕𑘳𑘡𑘲 𑘎𑘰𑘐𑘟𑘢𑘝𑘿𑘨𑘹 𑘦𑘻𑘚𑘲 𑘩𑘱𑘢𑘲𑘝 𑘩𑘱𑘮𑘱𑘩𑘹𑘩𑘲 𑘁𑘮𑘹𑘝.,13
data/synthetic/images/line_0013_v038.png,जुनी कागदपत्रे मोडी लिपीत लिहिलेली आहेत.,𑘕𑘳𑘡𑘲 𑘎𑘰𑘐𑘟𑘢𑘝𑘿𑘨𑘹 𑘦𑘻𑘚𑘲 𑘩𑘱𑘢𑘲𑘝 𑘩𑘱𑘮𑘱𑘩𑘹𑘩𑘲 𑘁𑘮𑘹𑘝.,13
data/synthetic/images/line_0013_v039.png,जुनी कागदपत्रे मोडी लिपीत लिहिलेली आहेत.,𑘕𑘳𑘡𑘲 𑘎𑘰𑘐𑘟𑘢𑘝𑘿𑘨𑘹 𑘦𑘻𑘚𑘲 𑘩𑘱𑘢𑘲𑘝 𑘩𑘱𑘮𑘱𑘩𑘹𑘩𑘲 𑘁𑘮𑘹𑘝.,13
data/synthetic/images/line_0014_v000.png,इतिहास संशोधन मंडळात जुनी कागदपत्रे जपली आहेत.,𑘂𑘝𑘱𑘮𑘰𑘭 𑘭𑘽𑘫𑘻𑘠𑘡 𑘦𑘽𑘚𑘯𑘰𑘝 𑘕𑘳𑘡𑘲 𑘎𑘰𑘐𑘟𑘢𑘝𑘿𑘨𑘹 𑘕𑘢𑘩𑘲 𑘁𑘮𑘹𑘝.,14
data/synthetic/images/line_0014_v001.png,इतिहास संशोधन मंडळात जुनी कागदपत्रे जपली आहेत.,𑘂𑘝𑘱𑘮𑘰𑘭 𑘭𑘽𑘫𑘻𑘠𑘡 𑘦𑘽𑘚𑘯𑘰𑘝 𑘕𑘳𑘡𑘲 𑘎𑘰𑘐𑘟𑘢𑘝𑘿𑘨𑘹 𑘕𑘢𑘩𑘲 𑘁𑘮𑘹𑘝.,14
data/synthetic/images/line_0014_v002.png,इतिहास संशोधन मंडळात जुनी कागदपत्रे जपली आहेत.,𑘂𑘝𑘱𑘮𑘰𑘭 𑘭𑘽𑘫𑘻𑘠𑘡 𑘦𑘽𑘚𑘯𑘰𑘝 𑘕𑘳𑘡𑘲 𑘎𑘰𑘐𑘟𑘢𑘝𑘿𑘨𑘹 𑘕𑘢𑘩𑘲 𑘁𑘮𑘹𑘝.,14
data/synthetic/images/line_0014_v003.png,इतिहास संशोधन मंडळात जुनी कागदपत्रे जपली आहेत.,𑘂𑘝𑘱𑘮𑘰𑘭 𑘭𑘽𑘫𑘻𑘠𑘡 𑘦𑘽𑘚𑘯𑘰𑘝 𑘕𑘳𑘡𑘲 𑘎𑘰𑘐𑘟𑘢𑘝𑘿𑘨𑘹 𑘕𑘢𑘩𑘲 𑘁𑘮𑘹𑘝.,14
data/synthetic/images/line_0014_v004.png,इतिहास संशोधन मंडळात जुनी कागदपत्रे जपली आहेत.,𑘂𑘝𑘱𑘮𑘰𑘭 𑘭𑘽𑘫𑘻𑘠𑘡 𑘦𑘽𑘚𑘯𑘰𑘝 𑘕𑘳𑘡𑘲 𑘎𑘰𑘐𑘟𑘢𑘝𑘿𑘨𑘹 𑘕𑘢𑘩𑘲 𑘁𑘮𑘹𑘝.,14
data/synthetic/images/line_0014_v005.png,इतिहास संशोधन मंडळात जुनी कागदपत्रे जपली आहेत.,𑘂𑘝𑘱𑘮𑘰𑘭 𑘭𑘽𑘫𑘻𑘠𑘡 𑘦𑘽𑘚𑘯𑘰𑘝 𑘕𑘳𑘡𑘲 𑘎𑘰𑘐𑘟𑘢𑘝𑘿𑘨𑘹 𑘕𑘢𑘩𑘲 𑘁𑘮𑘹𑘝.,14
data/synthetic/images/line_0014_v006.png,इतिहास संशोधन मंडळात जुनी कागदपत्रे जपली आहेत.,𑘂𑘝𑘱𑘮𑘰𑘭 𑘭𑘽𑘫𑘻𑘠𑘡 𑘦𑘽𑘚𑘯𑘰𑘝 𑘕𑘳𑘡𑘲 𑘎𑘰𑘐𑘟𑘢𑘝𑘿𑘨𑘹 𑘕𑘢𑘩𑘲 𑘁𑘮𑘹𑘝.,14
data/synthetic/images/line_0014_v007.png,इतिहास संशोधन मंडळात जुनी कागदपत्रे जपली आहेत.,𑘂𑘝𑘱𑘮𑘰𑘭 𑘭𑘽𑘫𑘻𑘠𑘡 𑘦𑘽𑘚𑘯𑘰𑘝 𑘕𑘳𑘡𑘲 𑘎𑘰𑘐𑘟𑘢𑘝𑘿𑘨𑘹 𑘕𑘢𑘩𑘲 𑘁𑘮𑘹𑘝.,14
data/synthetic/images/line_0014_v008.png,इतिहास संशोधन मंडळात जुनी कागदपत्रे जपली आहेत.,𑘂𑘝𑘱𑘮𑘰𑘭 𑘭𑘽𑘫𑘻𑘠𑘡 𑘦𑘽𑘚𑘯𑘰𑘝 𑘕𑘳𑘡𑘲 𑘎𑘰𑘐𑘟𑘢𑘝𑘿𑘨𑘹 𑘕𑘢𑘩𑘲 𑘁𑘮𑘹𑘝.,14
data/synthetic/images/line_0014_v009.png,इतिहास संशोधन मंडळात जुनी कागदपत्रे जपली आहेत.,𑘂𑘝𑘱𑘮𑘰𑘭 𑘭𑘽𑘫𑘻𑘠𑘡 𑘦𑘽𑘚𑘯𑘰𑘝 𑘕𑘳𑘡𑘲 𑘎𑘰𑘐𑘟𑘢𑘝𑘿𑘨𑘹 𑘕𑘢𑘩𑘲 𑘁𑘮𑘹𑘝.,14
data/synthetic/images/line_0014_v010.png,इतिहास संशोधन मंडळात जुनी कागदपत्रे जपली आहेत.,𑘂𑘝𑘱𑘮𑘰𑘭 𑘭𑘽𑘫𑘻𑘠𑘡 𑘦𑘽𑘚𑘯𑘰𑘝 𑘕𑘳𑘡𑘲 𑘎𑘰𑘐𑘟𑘢𑘝𑘿𑘨𑘹 𑘕𑘢𑘩𑘲 𑘁𑘮𑘹𑘝.,14
data/synthetic/images/line_0014_v011.png,इतिहास संशोधन मंडळात जुनी कागदपत्रे जपली आहेत.,𑘂𑘝𑘱𑘮𑘰𑘭 𑘭𑘽𑘫𑘻𑘠𑘡 𑘦𑘽𑘚𑘯𑘰𑘝 𑘕𑘳𑘡𑘲 𑘎𑘰𑘐𑘟𑘢𑘝𑘿𑘨𑘹 𑘕𑘢𑘩𑘲 𑘁𑘮𑘹𑘝.,14
data/synthetic/images/line_0014_v012.png,इतिहास संशोधन मंडळात जुनी कागदपत्रे जपली आहेत.,𑘂𑘝𑘱𑘮𑘰𑘭 𑘭𑘽𑘫𑘻𑘠𑘡 𑘦𑘽𑘚𑘯𑘰𑘝 𑘕𑘳𑘡𑘲 𑘎𑘰𑘐𑘟𑘢𑘝𑘿𑘨𑘹 𑘕𑘢𑘩𑘲 𑘁𑘮𑘹𑘝.,14
data/synthetic/images/line_0014_v013.png,इतिहास संशोधन मंडळात जुनी कागदपत्रे जपली आहेत.,𑘂𑘝𑘱𑘮𑘰𑘭 𑘭𑘽𑘫𑘻𑘠𑘡 𑘦𑘽𑘚𑘯𑘰𑘝 𑘕𑘳𑘡𑘲 𑘎𑘰𑘐𑘟𑘢𑘝𑘿𑘨𑘹 𑘕𑘢𑘩𑘲 𑘁𑘮𑘹𑘝.,14
data/synthetic/images/line_0014_v014.png,इतिहास संशोधन मंडळात जुनी कागदपत्रे जपली आहेत.,𑘂𑘝𑘱𑘮𑘰𑘭 𑘭𑘽𑘫𑘻𑘠𑘡 𑘦𑘽𑘚𑘯𑘰𑘝 𑘕𑘳𑘡𑘲 𑘎𑘰𑘐𑘟𑘢𑘝𑘿𑘨𑘹 𑘕𑘢𑘩𑘲 𑘁𑘮𑘹𑘝.,14
data/synthetic/images/line_0014_v015.png,इतिहास संशोधन मंडळात जुनी कागदपत्रे जपली आहेत.,𑘂𑘝𑘱𑘮𑘰𑘭 𑘭𑘽𑘫𑘻𑘠𑘡 𑘦𑘽𑘚𑘯𑘰𑘝 𑘕𑘳𑘡𑘲 𑘎𑘰𑘐𑘟𑘢𑘝𑘿𑘨𑘹 𑘕𑘢𑘩𑘲 𑘁𑘮𑘹𑘝.,14
data/synthetic/images/line_0014_v016.png,इतिहास संशोधन मंडळात जुनी कागदपत्रे जपली आहेत.,𑘂𑘝𑘱𑘮𑘰𑘭 𑘭𑘽𑘫𑘻𑘠𑘡 𑘦𑘽𑘚𑘯𑘰𑘝 𑘕𑘳𑘡𑘲 𑘎𑘰𑘐𑘟𑘢𑘝𑘿𑘨𑘹 𑘕𑘢𑘩𑘲 𑘁𑘮𑘹𑘝.,14
data/synthetic/images/line_0014_v017.png,इतिहास संशोधन मंडळात जुनी कागदपत्रे जपली आहेत.,𑘂𑘝𑘱𑘮𑘰𑘭 𑘭𑘽𑘫𑘻𑘠𑘡 𑘦𑘽𑘚𑘯𑘰𑘝 𑘕𑘳𑘡𑘲 𑘎𑘰𑘐𑘟𑘢𑘝𑘿𑘨𑘹 𑘕𑘢𑘩𑘲 𑘁𑘮𑘹𑘝.,14
data/synthetic/images/line_0014_v018.png,इतिहास संशोधन मंडळात जुनी कागदपत्रे जपली आहेत.,𑘂𑘝𑘱𑘮𑘰𑘭 𑘭𑘽𑘫𑘻𑘠𑘡 𑘦𑘽𑘚𑘯𑘰𑘝 𑘕𑘳𑘡𑘲 𑘎𑘰𑘐𑘟𑘢𑘝𑘿𑘨𑘹 𑘕𑘢𑘩𑘲 𑘁𑘮𑘹𑘝.,14
data/synthetic/images/line_0014_v019.png,इतिहास संशोधन मंडळात जुनी कागदपत्रे जपली आहेत.,𑘂𑘝𑘱𑘮𑘰𑘭 𑘭𑘽𑘫𑘻𑘠𑘡 𑘦𑘽𑘚𑘯𑘰𑘝 𑘕𑘳𑘡𑘲 𑘎𑘰𑘐𑘟𑘢𑘝𑘿𑘨𑘹 𑘕𑘢𑘩𑘲 𑘁𑘮𑘹𑘝.,14
data/synthetic/images/line_0014_v020.png,इतिहास संशोधन मंडळात जुनी कागदपत्रे जपली आहेत.,𑘂𑘝𑘱𑘮𑘰𑘭 𑘭𑘽𑘫𑘻𑘠𑘡 𑘦𑘽𑘚𑘯𑘰𑘝 𑘕𑘳𑘡𑘲 𑘎𑘰𑘐𑘟𑘢𑘝𑘿𑘨𑘹 𑘕𑘢𑘩𑘲 𑘁𑘮𑘹𑘝.,14
data/synthetic/images/line_0014_v021.png,इतिहास संशोधन मंडळात जुनी कागदपत्रे जपली आहेत.,𑘂𑘝𑘱𑘮𑘰𑘭 𑘭𑘽𑘫𑘻𑘠𑘡 𑘦𑘽𑘚𑘯𑘰𑘝 𑘕𑘳𑘡𑘲 𑘎𑘰𑘐𑘟𑘢𑘝𑘿𑘨𑘹 𑘕𑘢𑘩𑘲 𑘁𑘮𑘹𑘝.,14
data/synthetic/images/line_0014_v022.png,इतिहास संशोधन मंडळात जुनी कागदपत्रे जपली आहेत.,𑘂𑘝𑘱𑘮𑘰𑘭 𑘭𑘽𑘫𑘻𑘠𑘡 𑘦𑘽𑘚𑘯𑘰𑘝 𑘕𑘳𑘡𑘲 𑘎𑘰𑘐𑘟𑘢𑘝𑘿𑘨𑘹 𑘕𑘢𑘩𑘲 𑘁𑘮𑘹𑘝.,14
data/synthetic/images/line_0014_v023.png,इतिहास संशोधन मंडळात जुनी कागदपत्रे जपली आहेत.,𑘂𑘝𑘱𑘮𑘰𑘭 𑘭𑘽𑘫𑘻𑘠𑘡 𑘦𑘽𑘚𑘯𑘰𑘝 𑘕𑘳𑘡𑘲 𑘎𑘰𑘐𑘟𑘢𑘝𑘿𑘨𑘹 𑘕𑘢𑘩𑘲 𑘁𑘮𑘹𑘝.,14
data/synthetic/images/line_0014_v024.png,इतिहास संशोधन मंडळात जुनी कागदपत्रे जपली आहेत.,𑘂𑘝𑘱𑘮𑘰𑘭 𑘭𑘽𑘫𑘻𑘠𑘡 𑘦𑘽𑘚𑘯𑘰𑘝 𑘕𑘳𑘡𑘲 𑘎𑘰𑘐𑘟𑘢𑘝𑘿𑘨𑘹 𑘕𑘢𑘩𑘲 𑘁𑘮𑘹𑘝.,14
data/synthetic/images/line_0014_v025.png,इतिहास संशोधन मंडळात जुनी कागदपत्रे जपली आहेत.,𑘂𑘝𑘱𑘮𑘰𑘭 𑘭𑘽𑘫𑘻𑘠𑘡 𑘦𑘽𑘚𑘯𑘰𑘝 𑘕𑘳𑘡𑘲 𑘎𑘰𑘐𑘟𑘢𑘝𑘿𑘨𑘹 𑘕𑘢𑘩𑘲 𑘁𑘮𑘹𑘝.,14
data/synthetic/images/line_0014_v026.png,इतिहास संशोधन मंडळात जुनी कागदपत्रे जपली आहेत.,𑘂𑘝𑘱𑘮𑘰𑘭 𑘭𑘽𑘫𑘻𑘠𑘡 𑘦𑘽𑘚𑘯𑘰𑘝 𑘕𑘳𑘡𑘲 𑘎𑘰𑘐𑘟𑘢𑘝𑘿𑘨𑘹 𑘕𑘢𑘩𑘲 𑘁𑘮𑘹𑘝.,14
data/synthetic/images/line_0014_v027.png,इतिहास संशोधन मंडळात जुनी कागदपत्रे जपली आहेत.,𑘂𑘝𑘱𑘮𑘰𑘭 𑘭𑘽𑘫𑘻𑘠𑘡 𑘦𑘽𑘚𑘯𑘰𑘝 𑘕𑘳𑘡𑘲 𑘎𑘰𑘐𑘟𑘢𑘝𑘿𑘨𑘹 𑘕𑘢𑘩𑘲 𑘁𑘮𑘹𑘝.,14
data/synthetic/images/line_0014_v028.png,इतिहास संशोधन मंडळात जुनी कागदपत्रे जपली आहेत.,𑘂𑘝𑘱𑘮𑘰𑘭 𑘭𑘽𑘫𑘻𑘠𑘡 𑘦𑘽𑘚𑘯𑘰𑘝 𑘕𑘳𑘡𑘲 𑘎𑘰𑘐𑘟𑘢𑘝𑘿𑘨𑘹 𑘕𑘢𑘩𑘲 𑘁𑘮𑘹𑘝.,14
data/synthetic/images/line_0014_v029.png,इतिहास संशोधन मंडळात जुनी कागदपत्रे जपली आहेत.,𑘂𑘝𑘱𑘮𑘰𑘭 𑘭𑘽𑘫𑘻𑘠𑘡 𑘦𑘽𑘚𑘯𑘰𑘝 𑘕𑘳𑘡𑘲 𑘎𑘰𑘐𑘟𑘢𑘝𑘿𑘨𑘹 𑘕𑘢𑘩𑘲 𑘁𑘮𑘹𑘝.,14
data/synthetic/images/line_0014_v030.png,इतिहास संशोधन मंडळात जुनी कागदपत्रे जपली आहेत.,𑘂𑘝𑘱𑘮𑘰𑘭 𑘭𑘽𑘫𑘻𑘠𑘡 𑘦𑘽𑘚𑘯𑘰𑘝 𑘕𑘳𑘡𑘲 𑘎𑘰𑘐𑘟𑘢𑘝𑘿𑘨𑘹 𑘕𑘢𑘩𑘲 𑘁𑘮𑘹𑘝.,14
data/synthetic/images/line_0014_v031.png,इतिहास संशोधन मंडळात जुनी कागदपत्रे जपली आहेत.,𑘂𑘝𑘱𑘮𑘰𑘭 𑘭𑘽𑘫𑘻𑘠𑘡 𑘦𑘽𑘚𑘯𑘰𑘝 𑘕𑘳𑘡𑘲 𑘎𑘰𑘐𑘟𑘢𑘝𑘿𑘨𑘹 𑘕𑘢𑘩𑘲 𑘁𑘮𑘹𑘝.,14
data/synthetic/images/line_0014_v032.png,इतिहास संशोधन मंडळात जुनी कागदपत्रे जपली आहेत.,𑘂𑘝𑘱𑘮𑘰𑘭 𑘭𑘽𑘫𑘻𑘠𑘡 𑘦𑘽𑘚𑘯𑘰𑘝 𑘕𑘳𑘡𑘲 𑘎𑘰𑘐𑘟𑘢𑘝𑘿𑘨𑘹 𑘕𑘢𑘩𑘲 𑘁𑘮𑘹𑘝.,14
data/synthetic/images/line_0014_v033.png,इतिहास संशोधन मंडळात जुनी कागदपत्रे जपली आहेत.,𑘂𑘝𑘱𑘮𑘰𑘭 𑘭𑘽𑘫𑘻𑘠𑘡 𑘦𑘽𑘚𑘯𑘰𑘝 𑘕𑘳𑘡𑘲 𑘎𑘰𑘐𑘟𑘢𑘝𑘿𑘨𑘹 𑘕𑘢𑘩𑘲 𑘁𑘮𑘹𑘝.,14
data/synthetic/images/line_0014_v034.png,इतिहास संशोधन मंडळात जुनी कागदपत्रे जपली आहेत.,𑘂𑘝𑘱𑘮𑘰𑘭 𑘭𑘽𑘫𑘻𑘠𑘡 𑘦𑘽𑘚𑘯𑘰𑘝 𑘕𑘳𑘡𑘲 𑘎𑘰𑘐𑘟𑘢𑘝𑘿𑘨𑘹 𑘕𑘢𑘩𑘲 𑘁𑘮𑘹𑘝.,14
data/synthetic/images/line_0014_v035.png,इतिहास संशोधन मंडळात जुनी कागदपत्रे जपली आहेत.,𑘂𑘝𑘱𑘮𑘰𑘭 𑘭𑘽𑘫𑘻𑘠𑘡 𑘦𑘽𑘚𑘯𑘰𑘝 𑘕𑘳𑘡𑘲 𑘎𑘰𑘐𑘟𑘢𑘝𑘿𑘨𑘹 𑘕𑘢𑘩𑘲 𑘁𑘮𑘹𑘝.,14
data/synthetic/images/line_0014_v036.png,इतिहास संशोधन मंडळात जुनी कागदपत्रे जपली आहेत.,𑘂𑘝𑘱𑘮𑘰𑘭 𑘭𑘽𑘫𑘻𑘠𑘡 𑘦𑘽𑘚𑘯𑘰𑘝 𑘕𑘳𑘡𑘲 𑘎𑘰𑘐𑘟𑘢𑘝𑘿𑘨𑘹 𑘕𑘢𑘩𑘲 𑘁𑘮𑘹𑘝.,14
data/synthetic/images/line_0014_v037.png,इतिहास संशोधन मंडळात जुनी कागदपत्रे जपली आहेत.,𑘂𑘝𑘱𑘮𑘰𑘭 𑘭𑘽𑘫𑘻𑘠𑘡 𑘦𑘽𑘚𑘯𑘰𑘝 𑘕𑘳𑘡𑘲 𑘎𑘰𑘐𑘟𑘢𑘝𑘿𑘨𑘹 𑘕𑘢𑘩𑘲 𑘁𑘮𑘹𑘝.,14
data/synthetic/images/line_0014_v038.png,इतिहास संशोधन मंडळात जुनी कागदपत्रे जपली आहेत.,𑘂𑘝𑘱𑘮𑘰𑘭 𑘭𑘽𑘫𑘻𑘠𑘡 𑘦𑘽𑘚𑘯𑘰𑘝 𑘕𑘳𑘡𑘲 𑘎𑘰𑘐𑘟𑘢𑘝𑘿𑘨𑘹 𑘕𑘢𑘩𑘲 𑘁𑘮𑘹𑘝.,14
data/synthetic/images/line_0014_v039.png,इतिहास संशोधन मंडळात जुनी कागदपत्रे जपली आहेत.,𑘂𑘝𑘱𑘮𑘰𑘭 𑘭𑘽𑘫𑘻𑘠𑘡 𑘦𑘽𑘚𑘯𑘰𑘝 𑘕𑘳𑘡𑘲 𑘎𑘰𑘐𑘟𑘢𑘝𑘿𑘨𑘹 𑘕𑘢𑘩𑘲 𑘁𑘮𑘹𑘝.,14
data/synthetic/images/line_0015_v000.png,या गावाचे नाव देशमुख वाडी आहे.,𑘧𑘰 𑘐𑘰𑘪𑘰𑘓𑘹 𑘡𑘰𑘪 𑘟𑘹𑘫𑘦𑘳𑘏 𑘪𑘰𑘚𑘲 𑘁𑘮𑘹.,15
data/synthetic/images/line_0015_v001.png,या गावाचे नाव देशमुख वाडी आहे.,𑘧𑘰 𑘐𑘰𑘪𑘰𑘓𑘹 𑘡𑘰𑘪 𑘟𑘹𑘫𑘦𑘳𑘏 𑘪𑘰𑘚𑘲 𑘁𑘮𑘹.,15
data/synthetic/images/line_0015_v002.png,या गावाचे नाव देशमुख वाडी आहे.,𑘧𑘰 𑘐𑘰𑘪𑘰𑘓𑘹 𑘡𑘰𑘪 𑘟𑘹𑘫𑘦𑘳𑘏 𑘪𑘰𑘚𑘲 𑘁𑘮𑘹.,15
data/synthetic/images/line_0015_v003.png,या गावाचे नाव देशमुख वाडी आहे.,𑘧𑘰 𑘐𑘰𑘪𑘰𑘓𑘹 𑘡𑘰𑘪 𑘟𑘹𑘫𑘦𑘳𑘏 𑘪𑘰𑘚𑘲 𑘁𑘮𑘹.,15
data/synthetic/images/line_0015_v004.png,या गावाचे नाव देशमुख वाडी आहे.,𑘧𑘰 𑘐𑘰𑘪𑘰𑘓𑘹 𑘡𑘰𑘪 𑘟𑘹𑘫𑘦𑘳𑘏 𑘪𑘰𑘚𑘲 𑘁𑘮𑘹.,15
data/synthetic/images/line_0015_v005.png,या गावाचे नाव देशमुख वाडी आहे.,𑘧𑘰 𑘐𑘰𑘪𑘰𑘓𑘹 𑘡𑘰𑘪 𑘟𑘹𑘫𑘦𑘳𑘏 𑘪𑘰𑘚𑘲 𑘁𑘮𑘹.,15
data/synthetic/images/line_0015_v006.png,या गावाचे नाव देशमुख वाडी आहे.,𑘧𑘰 𑘐𑘰𑘪𑘰𑘓𑘹 𑘡𑘰𑘪 𑘟𑘹𑘫𑘦𑘳𑘏 𑘪𑘰𑘚𑘲 𑘁𑘮𑘹.,15
data/synthetic/images/line_0015_v007.png,या गावाचे नाव देशमुख वाडी आहे.,𑘧𑘰 𑘐𑘰𑘪𑘰𑘓𑘹 𑘡𑘰𑘪 𑘟𑘹𑘫𑘦𑘳𑘏 𑘪𑘰𑘚𑘲 𑘁𑘮𑘹.,15
data/synthetic/images/line_0015_v008.png,या गावाचे नाव देशमुख वाडी आहे.,𑘧𑘰 𑘐𑘰𑘪𑘰𑘓𑘹 𑘡𑘰𑘪 𑘟𑘹𑘫𑘦𑘳𑘏 𑘪𑘰𑘚𑘲 𑘁𑘮𑘹.,15
data/synthetic/images/line_0015_v009.png,या गावाचे नाव देशमुख वाडी आहे.,𑘧𑘰 𑘐𑘰𑘪𑘰𑘓𑘹 𑘡𑘰𑘪 𑘟𑘹𑘫𑘦𑘳𑘏 𑘪𑘰𑘚𑘲 𑘁𑘮𑘹.,15
data/synthetic/images/line_0015_v010.png,या गावाचे नाव देशमुख वाडी आहे.,𑘧𑘰 𑘐𑘰𑘪𑘰𑘓𑘹 𑘡𑘰𑘪 𑘟𑘹𑘫𑘦𑘳𑘏 𑘪𑘰𑘚𑘲 𑘁𑘮𑘹.,15
data/synthetic/images/line_0015_v011.png,या गावाचे नाव देशमुख वाडी आहे.,𑘧𑘰 𑘐𑘰𑘪𑘰𑘓𑘹 𑘡𑘰𑘪 𑘟𑘹𑘫𑘦𑘳𑘏 𑘪𑘰𑘚𑘲 𑘁𑘮𑘹.,15
data/synthetic/images/line_0015_v012.png,या गावाचे नाव देशमुख वाडी आहे.,𑘧𑘰 𑘐𑘰𑘪𑘰𑘓𑘹 𑘡𑘰𑘪 𑘟𑘹𑘫𑘦𑘳𑘏 𑘪𑘰𑘚𑘲 𑘁𑘮𑘹.,15
data/synthetic/images/line_0015_v013.png,या गावाचे नाव देशमुख वाडी आहे.,𑘧𑘰 𑘐𑘰𑘪𑘰𑘓𑘹 𑘡𑘰𑘪 𑘟𑘹𑘫𑘦𑘳𑘏 𑘪𑘰𑘚𑘲 𑘁𑘮𑘹.,15
data/synthetic/images/line_0015_v014.png,या गावाचे नाव देशमुख वाडी आहे.,𑘧𑘰 𑘐𑘰𑘪𑘰𑘓𑘹 𑘡𑘰𑘪 𑘟𑘹𑘫𑘦𑘳𑘏 𑘪𑘰𑘚𑘲 𑘁𑘮𑘹.,15
data/synthetic/images/line_0015_v015.png,या गावाचे नाव देशमुख वाडी आहे.,𑘧𑘰 𑘐𑘰𑘪𑘰𑘓𑘹 𑘡𑘰𑘪 𑘟𑘹𑘫𑘦𑘳𑘏 𑘪𑘰𑘚𑘲 𑘁𑘮𑘹.,15
data/synthetic/images/line_0015_v016.png,या गावाचे नाव देशमुख वाडी आहे.,𑘧𑘰 𑘐𑘰𑘪𑘰𑘓𑘹 𑘡𑘰𑘪 𑘟𑘹𑘫𑘦𑘳𑘏 𑘪𑘰𑘚𑘲 𑘁𑘮𑘹.,15
data/synthetic/images/line_0015_v017.png,या गावाचे नाव देशमुख वाडी आहे.,𑘧𑘰 𑘐𑘰𑘪𑘰𑘓𑘹 𑘡𑘰𑘪 𑘟𑘹𑘫𑘦𑘳𑘏 𑘪𑘰𑘚𑘲 𑘁𑘮𑘹.,15
data/synthetic/images/line_0015_v018.png,या गावाचे नाव देशमुख वाडी आहे.,𑘧𑘰 𑘐𑘰𑘪𑘰𑘓𑘹 𑘡𑘰𑘪 𑘟𑘹𑘫𑘦𑘳𑘏 𑘪𑘰𑘚𑘲 𑘁𑘮𑘹.,15
data/synthetic/images/line_0015_v019.png,या गावाचे नाव देशमुख वाडी आहे.,𑘧𑘰 𑘐𑘰𑘪𑘰𑘓𑘹 𑘡𑘰𑘪 𑘟𑘹𑘫𑘦𑘳𑘏 𑘪𑘰𑘚𑘲 𑘁𑘮𑘹.,15
data/synthetic/images/line_0015_v020.png,या गावाचे नाव देशमुख वाडी आहे.,𑘧𑘰 𑘐𑘰𑘪𑘰𑘓𑘹 𑘡𑘰𑘪 𑘟𑘹𑘫𑘦𑘳𑘏 𑘪𑘰𑘚𑘲 𑘁𑘮𑘹.,15
data/synthetic/images/line_0015_v021.png,या गावाचे नाव देशमुख वाडी आहे.,𑘧𑘰 𑘐𑘰𑘪𑘰𑘓𑘹 𑘡𑘰𑘪 𑘟𑘹𑘫𑘦𑘳𑘏 𑘪𑘰𑘚𑘲 𑘁𑘮𑘹.,15
data/synthetic/images/line_0015_v022.png,या गावाचे नाव देशमुख वाडी आहे.,𑘧𑘰 𑘐𑘰𑘪𑘰𑘓𑘹 𑘡𑘰𑘪 𑘟𑘹𑘫𑘦𑘳𑘏 𑘪𑘰𑘚𑘲 𑘁𑘮𑘹.,15
data/synthetic/images/line_0015_v023.png,या गावाचे नाव देशमुख वाडी आहे.,𑘧𑘰 𑘐𑘰𑘪𑘰𑘓𑘹 𑘡𑘰𑘪 𑘟𑘹𑘫𑘦𑘳𑘏 𑘪𑘰𑘚𑘲 𑘁𑘮𑘹.,15
data/synthetic/images/line_0015_v024.png,या गावाचे नाव देशमुख वाडी आहे.,𑘧𑘰 𑘐𑘰𑘪𑘰𑘓𑘹 𑘡𑘰𑘪 𑘟𑘹𑘫𑘦𑘳𑘏 𑘪𑘰𑘚𑘲 𑘁𑘮𑘹.,15
data/synthetic/images/line_0015_v025.png,या गावाचे नाव देशमुख वाडी आहे.,𑘧𑘰 𑘐𑘰𑘪𑘰𑘓𑘹 𑘡𑘰𑘪 𑘟𑘹𑘫𑘦𑘳𑘏 𑘪𑘰𑘚𑘲 𑘁𑘮𑘹.,15
data/synthetic/images/line_0015_v026.png,या गावाचे नाव देशमुख वाडी आहे.,𑘧𑘰 𑘐𑘰𑘪𑘰𑘓𑘹 𑘡𑘰𑘪 𑘟𑘹𑘫𑘦𑘳𑘏 𑘪𑘰𑘚𑘲 𑘁𑘮𑘹.,15
data/synthetic/images/line_0015_v027.png,या गावाचे नाव देशमुख वाडी आहे.,𑘧𑘰 𑘐𑘰𑘪𑘰𑘓𑘹 𑘡𑘰𑘪 𑘟𑘹𑘫𑘦𑘳𑘏 𑘪𑘰𑘚𑘲 𑘁𑘮𑘹.,15
data/synthetic/images/line_0015_v028.png,या गावाचे नाव देशमुख वाडी आहे.,𑘧𑘰 𑘐𑘰𑘪𑘰𑘓𑘹 𑘡𑘰𑘪 𑘟𑘹𑘫𑘦𑘳𑘏 𑘪𑘰𑘚𑘲 𑘁𑘮𑘹.,15
data/synthetic/images/line_0015_v029.png,या गावाचे नाव देशमुख वाडी आहे.,𑘧𑘰 𑘐𑘰𑘪𑘰𑘓𑘹 𑘡𑘰𑘪 𑘟𑘹𑘫𑘦𑘳𑘏 𑘪𑘰𑘚𑘲 𑘁𑘮𑘹.,15
data/synthetic/images/line_0015_v030.png,या गावाचे नाव देशमुख वाडी आहे.,𑘧𑘰 𑘐𑘰𑘪𑘰𑘓𑘹 𑘡𑘰𑘪 𑘟𑘹𑘫𑘦𑘳𑘏 𑘪𑘰𑘚𑘲 𑘁𑘮𑘹.,15
data/synthetic/images/line_0015_v031.png,या गावाचे नाव देशमुख वाडी आहे.,𑘧𑘰 𑘐𑘰𑘪𑘰𑘓𑘹 𑘡𑘰𑘪 𑘟𑘹𑘫𑘦𑘳𑘏 𑘪𑘰𑘚𑘲 𑘁𑘮𑘹.,15
data/synthetic/images/line_0015_v032.png,या गावाचे नाव देशमुख वाडी आहे.,𑘧𑘰 𑘐𑘰𑘪𑘰𑘓𑘹 𑘡𑘰𑘪 𑘟𑘹𑘫𑘦𑘳𑘏 𑘪𑘰𑘚𑘲 𑘁𑘮𑘹.,15
data/synthetic/images/line_0015_v033.png,या गावाचे नाव देशमुख वाडी आहे.,𑘧𑘰 𑘐𑘰𑘪𑘰𑘓𑘹 𑘡𑘰𑘪 𑘟𑘹𑘫𑘦𑘳𑘏 𑘪𑘰𑘚𑘲 𑘁𑘮𑘹.,15
data/synthetic/images/line_0015_v034.png,या गावाचे नाव देशमुख वाडी आहे.,𑘧𑘰 𑘐𑘰𑘪𑘰𑘓𑘹 𑘡𑘰𑘪 𑘟𑘹𑘫𑘦𑘳𑘏 𑘪𑘰𑘚𑘲 𑘁𑘮𑘹.,15
data/synthetic/images/line_0015_v035.png,या गावाचे नाव देशमुख वाडी आहे.,𑘧𑘰 𑘐𑘰𑘪𑘰𑘓𑘹 𑘡𑘰𑘪 𑘟𑘹𑘫𑘦𑘳𑘏 𑘪𑘰𑘚𑘲 𑘁𑘮𑘹.,15
data/synthetic/images/line_0015_v036.png,या गावाचे नाव देशमुख वाडी आहे.,𑘧𑘰 𑘐𑘰𑘪𑘰𑘓𑘹 𑘡𑘰𑘪 𑘟𑘹𑘫𑘦𑘳𑘏 𑘪𑘰𑘚𑘲 𑘁𑘮𑘹.,15
data/synthetic/images/line_0015_v037.png,या गावाचे नाव देशमुख वाडी आहे.,𑘧𑘰 𑘐𑘰𑘪𑘰𑘓𑘹 𑘡𑘰𑘪 𑘟𑘹𑘫𑘦𑘳𑘏 𑘪𑘰𑘚𑘲 𑘁𑘮𑘹.,15
data/synthetic/images/line_0015_v038.png,या गावाचे नाव देशमुख वाडी आहे.,𑘧𑘰 𑘐𑘰𑘪𑘰𑘓𑘹 𑘡𑘰𑘪 𑘟𑘹𑘫𑘦𑘳𑘏 𑘪𑘰𑘚𑘲 𑘁𑘮𑘹.,15
data/synthetic/images/line_0015_v039.png,या गावाचे नाव देशमुख वाडी आहे.,𑘧𑘰 𑘐𑘰𑘪𑘰𑘓𑘹 𑘡𑘰𑘪 𑘟𑘹𑘫𑘦𑘳𑘏 𑘪𑘰𑘚𑘲 𑘁𑘮𑘹.,15
data/synthetic/images/line_0016_v000.png,शेतकरी शेतात काम करत आहे.,𑘫𑘹𑘝𑘎𑘨𑘲 𑘫𑘹𑘝𑘰𑘝 𑘎𑘰𑘦 𑘎𑘨𑘝 𑘁𑘮𑘹.,16
data/synthetic/images/line_0016_v001.png,शेतकरी शेतात काम करत आहे.,𑘫𑘹𑘝𑘎𑘨𑘲 𑘫𑘹𑘝𑘰𑘝 𑘎𑘰𑘦 𑘎𑘨𑘝 𑘁𑘮𑘹.,16
data/synthetic/images/line_0016_v002.png,शेतकरी शेतात काम करत आहे.,𑘫𑘹𑘝𑘎𑘨𑘲 𑘫𑘹𑘝𑘰𑘝 𑘎𑘰𑘦 𑘎𑘨𑘝 𑘁𑘮𑘹.,16
data/synthetic/images/line_0016_v003.png,शेतकरी शेतात काम करत आहे.,𑘫𑘹𑘝𑘎𑘨𑘲 𑘫𑘹𑘝𑘰𑘝 𑘎𑘰𑘦 𑘎𑘨𑘝 𑘁𑘮𑘹.,16
data/synthetic/images/line_0016_v004.png,शेतकरी शेतात काम करत आहे.,𑘫𑘹𑘝𑘎𑘨𑘲 𑘫𑘹𑘝𑘰𑘝 𑘎𑘰𑘦 𑘎𑘨𑘝 𑘁𑘮𑘹.,16
data/synthetic/images/line_0016_v005.png,शेतकरी शेतात काम करत आहे.,𑘫𑘹𑘝𑘎𑘨𑘲 𑘫𑘹𑘝𑘰𑘝 𑘎𑘰𑘦 𑘎𑘨𑘝 𑘁𑘮𑘹.,16
data/synthetic/images/line_0016_v006.png,शेतकरी शेतात काम करत आहे.,𑘫𑘹𑘝𑘎𑘨𑘲 𑘫𑘹𑘝𑘰𑘝 𑘎𑘰𑘦 𑘎𑘨𑘝 𑘁𑘮𑘹.,16
data/synthetic/images/line_0016_v007.png,शेतकरी शेतात काम करत आहे.,𑘫𑘹𑘝𑘎𑘨𑘲 𑘫𑘹𑘝𑘰𑘝 𑘎𑘰𑘦 𑘎𑘨𑘝 𑘁𑘮𑘹.,16
data/synthetic/images/line_0016_v008.png,शेतकरी शेतात काम करत आहे.,𑘫𑘹𑘝𑘎𑘨𑘲 𑘫𑘹𑘝𑘰𑘝 𑘎𑘰𑘦 𑘎𑘨𑘝 𑘁𑘮𑘹.,16
data/synthetic/images/line_0016_v009.png,शेतकरी शेतात काम करत आहे.,𑘫𑘹𑘝𑘎𑘨𑘲 𑘫𑘹𑘝𑘰𑘝 𑘎𑘰𑘦 𑘎𑘨𑘝 𑘁𑘮𑘹.,16
data/synthetic/images/line_0016_v010.png,शेतकरी शेतात काम करत आहे.,𑘫𑘹𑘝𑘎𑘨𑘲 𑘫𑘹𑘝𑘰𑘝 𑘎𑘰𑘦 𑘎𑘨𑘝 𑘁𑘮𑘹.,16
data/synthetic/images/line_0016_v011.png,शेतकरी शेतात काम करत आहे.,𑘫𑘹𑘝𑘎𑘨𑘲 𑘫𑘹𑘝𑘰𑘝 𑘎𑘰𑘦 𑘎𑘨𑘝 𑘁𑘮𑘹.,16
data/synthetic/images/line_0016_v012.png,शेतकरी शेतात काम करत आहे.,𑘫𑘹𑘝𑘎𑘨𑘲 𑘫𑘹𑘝𑘰𑘝 𑘎𑘰𑘦 𑘎𑘨𑘝 𑘁𑘮𑘹.,16
data/synthetic/images/line_0016_v013.png,शेतकरी शेतात काम करत आहे.,𑘫𑘹𑘝𑘎𑘨𑘲 𑘫𑘹𑘝𑘰𑘝 𑘎𑘰𑘦 𑘎𑘨𑘝 𑘁𑘮𑘹.,16
data/synthetic/images/line_0016_v014.png,शेतकरी शेतात काम करत आहे.,𑘫𑘹𑘝𑘎𑘨𑘲 𑘫𑘹𑘝𑘰𑘝 𑘎𑘰𑘦 𑘎𑘨𑘝 𑘁𑘮𑘹.,16
data/synthetic/images/line_0016_v015.png,शेतकरी शेतात काम करत आहे.,𑘫𑘹𑘝𑘎𑘨𑘲 𑘫𑘹𑘝𑘰𑘝 𑘎𑘰𑘦 𑘎𑘨𑘝 𑘁𑘮𑘹.,16
data/synthetic/images/line_0016_v016.png,शेतकरी शेतात काम करत आहे.,𑘫𑘹𑘝𑘎𑘨𑘲 𑘫𑘹𑘝𑘰𑘝 𑘎𑘰𑘦 𑘎𑘨𑘝 𑘁𑘮𑘹.,16
data/synthetic/images/line_0016_v017.png,शेतकरी शेतात काम करत आहे.,𑘫𑘹𑘝𑘎𑘨𑘲 𑘫𑘹𑘝𑘰𑘝 𑘎𑘰𑘦 𑘎𑘨𑘝 𑘁𑘮𑘹.,16
data/synthetic/images/line_0016_v018.png,शेतकरी शेतात काम करत आहे.,𑘫𑘹𑘝𑘎𑘨𑘲 𑘫𑘹𑘝𑘰𑘝 𑘎𑘰𑘦 𑘎𑘨𑘝 𑘁𑘮𑘹.,16
data/synthetic/images/line_0016_v019.png,शेतकरी शेतात काम करत आहे.,𑘫𑘹𑘝𑘎𑘨𑘲 𑘫𑘹𑘝𑘰𑘝 𑘎𑘰𑘦 𑘎𑘨𑘝 𑘁𑘮𑘹.,16
data/synthetic/images/line_0016_v020.png,शेतकरी शेतात काम करत आहे.,𑘫𑘹𑘝𑘎𑘨𑘲 𑘫𑘹𑘝𑘰𑘝 𑘎𑘰𑘦 𑘎𑘨𑘝 𑘁𑘮𑘹.,16
data/synthetic/images/line_0016_v021.png,शेतकरी शेतात काम करत आहे.,𑘫𑘹𑘝𑘎𑘨𑘲 𑘫𑘹𑘝𑘰𑘝 𑘎𑘰𑘦 𑘎𑘨𑘝 𑘁𑘮𑘹.,16
data/synthetic/images/line_0016_v022.png,शेतकरी शेतात काम करत आहे.,𑘫𑘹𑘝𑘎𑘨𑘲 𑘫𑘹𑘝𑘰𑘝 𑘎𑘰𑘦 𑘎𑘨𑘝 𑘁𑘮𑘹.,16
data/synthetic/images/line_0016_v023.png,शेतकरी शेतात काम करत आहे.,𑘫𑘹𑘝𑘎𑘨𑘲 𑘫𑘹𑘝𑘰𑘝 𑘎𑘰𑘦 𑘎𑘨𑘝 𑘁𑘮𑘹.,16
data/synthetic/images/line_0016_v024.png,शेतकरी शेतात काम करत आहे.,𑘫𑘹𑘝𑘎𑘨𑘲 𑘫𑘹𑘝𑘰𑘝 𑘎𑘰𑘦 𑘎𑘨𑘝 𑘁𑘮𑘹.,16
data/synthetic/images/line_0016_v025.png,शेतकरी शेतात काम करत आहे.,𑘫𑘹𑘝𑘎𑘨𑘲 𑘫𑘹𑘝𑘰𑘝 𑘎𑘰𑘦 𑘎𑘨𑘝 𑘁𑘮𑘹.,16
data/synthetic/images/line_0016_v026.png,शेतकरी शेतात काम करत आहे.,𑘫𑘹𑘝𑘎𑘨𑘲 𑘫𑘹𑘝𑘰𑘝 𑘎𑘰𑘦 𑘎𑘨𑘝 𑘁𑘮𑘹.,16
data/synthetic/images/line_0016_v027.png,शेतकरी शेतात काम करत आहे.,𑘫𑘹𑘝𑘎𑘨𑘲 𑘫𑘹𑘝𑘰𑘝 𑘎𑘰𑘦 𑘎𑘨𑘝 𑘁𑘮𑘹.,16
data/synthetic/images/line_0016_v028.png,शेतकरी शेतात काम करत आहे.,𑘫𑘹𑘝𑘎𑘨𑘲 𑘫𑘹𑘝𑘰𑘝 𑘎𑘰𑘦 𑘎𑘨𑘝 𑘁𑘮𑘹.,16
data/synthetic/images/line_0016_v029.png,शेतकरी शेतात काम करत आहे.,𑘫𑘹𑘝𑘎𑘨𑘲 𑘫𑘹𑘝𑘰𑘝 𑘎𑘰𑘦 𑘎𑘨𑘝 𑘁𑘮𑘹.,16
data/synthetic/images/line_0016_v030.png,शेतकरी शेतात काम करत आहे.,𑘫𑘹𑘝𑘎𑘨𑘲 𑘫𑘹𑘝𑘰𑘝 𑘎𑘰𑘦 𑘎𑘨𑘝 𑘁𑘮𑘹.,16
data/synthetic/images/line_0016_v031.png,शेतकरी शेतात काम करत आहे.,𑘫𑘹𑘝𑘎𑘨𑘲 𑘫𑘹𑘝𑘰𑘝 𑘎𑘰𑘦 𑘎𑘨𑘝 𑘁𑘮𑘹.,16
data/synthetic/images/line_0016_v032.png,शेतकरी शेतात काम करत आहे.,𑘫𑘹𑘝𑘎𑘨𑘲 𑘫𑘹𑘝𑘰𑘝 𑘎𑘰𑘦 𑘎𑘨𑘝 𑘁𑘮𑘹.,16
data/synthetic/images/line_0016_v033.png,शेतकरी शेतात काम करत आहे.,𑘫𑘹𑘝𑘎𑘨𑘲 𑘫𑘹𑘝𑘰𑘝 𑘎𑘰𑘦 𑘎𑘨𑘝 𑘁𑘮𑘹.,16
data/synthetic/images/line_0016_v034.png,शेतकरी शेतात काम करत आहे.,𑘫𑘹𑘝𑘎𑘨𑘲 𑘫𑘹𑘝𑘰𑘝 𑘎𑘰𑘦 𑘎𑘨𑘝 𑘁𑘮𑘹.,16
data/synthetic/images/line_0016_v035.png,शेतकरी शेतात काम करत आहे.,𑘫𑘹𑘝𑘎𑘨𑘲 𑘫𑘹𑘝𑘰𑘝 𑘎𑘰𑘦 𑘎𑘨𑘝 𑘁𑘮𑘹.,16
data/synthetic/images/line_0016_v036.png,शेतकरी शेतात काम करत आहे.,𑘫𑘹𑘝𑘎𑘨𑘲 𑘫𑘹𑘝𑘰𑘝 𑘎𑘰𑘦 𑘎𑘨𑘝 𑘁𑘮𑘹.,16
data/synthetic/images/line_0016_v037.png,शेतकरी शेतात काम करत आहे.,𑘫𑘹𑘝𑘎𑘨𑘲 𑘫𑘹𑘝𑘰𑘝 𑘎𑘰𑘦 𑘎𑘨𑘝 𑘁𑘮𑘹.,16
data/synthetic/images/line_0016_v038.png,शेतकरी शेतात काम करत आहे.,𑘫𑘹𑘝𑘎𑘨𑘲 𑘫𑘹𑘝𑘰𑘝 𑘎𑘰𑘦 𑘎𑘨𑘝 𑘁𑘮𑘹.,16
data/synthetic/images/line_0016_v039.png,शेतकरी शेतात काम करत आहे.,𑘫𑘹𑘝𑘎𑘨𑘲 𑘫𑘹𑘝𑘰𑘝 𑘎𑘰𑘦 𑘎𑘨𑘝 𑘁𑘮𑘹.,16
data/synthetic/images/line_0017_v000.png,शेतामध्ये गहू आणि ज्वारी पिकते.,𑘫𑘹𑘝𑘰𑘦𑘠𑘿𑘧𑘹 𑘐𑘮𑘴 𑘁𑘜𑘱 𑘕𑘿𑘪𑘰𑘨𑘲 𑘢𑘱𑘎𑘝𑘹.,17
data/synthetic/images/line_0017_v001.png,शेतामध्ये गहू आणि ज्वारी पिकते.,𑘫𑘹𑘝𑘰𑘦𑘠𑘿𑘧𑘹 𑘐𑘮𑘴 𑘁𑘜𑘱 𑘕𑘿𑘪𑘰𑘨𑘲 𑘢𑘱𑘎𑘝𑘹.,17
data/synthetic/images/line_0017_v002.png,शेतामध्ये गहू आणि ज्वारी पिकते.,𑘫𑘹𑘝𑘰𑘦𑘠𑘿𑘧𑘹 𑘐𑘮𑘴 𑘁𑘜𑘱 𑘕𑘿𑘪𑘰𑘨𑘲 𑘢𑘱𑘎𑘝𑘹.,17
data/synthetic/images/line_0017_v003.png,शेतामध्ये गहू आणि ज्वारी पिकते.,𑘫𑘹𑘝𑘰𑘦𑘠𑘿𑘧𑘹 𑘐𑘮𑘴 𑘁𑘜𑘱 𑘕𑘿𑘪𑘰𑘨𑘲 𑘢𑘱𑘎𑘝𑘹.,17
data/synthetic/images/line_0017_v004.png,शेतामध्ये गहू आणि ज्वारी पिकते.,𑘫𑘹𑘝𑘰𑘦𑘠𑘿𑘧𑘹 𑘐𑘮𑘴 𑘁𑘜𑘱 𑘕𑘿𑘪𑘰𑘨𑘲 𑘢𑘱𑘎𑘝𑘹.,17
data/synthetic/images/line_0017_v005.png,शेतामध्ये गहू आणि ज्वारी पिकते.,𑘫𑘹𑘝𑘰𑘦𑘠𑘿𑘧𑘹 𑘐𑘮𑘴 𑘁𑘜𑘱 𑘕𑘿𑘪𑘰𑘨𑘲 𑘢𑘱𑘎𑘝𑘹.,17
data/synthetic/images/line_0017_v006.png,शेतामध्ये गहू आणि ज्वारी पिकते.,𑘫𑘹𑘝𑘰𑘦𑘠𑘿𑘧𑘹 𑘐𑘮𑘴 𑘁𑘜𑘱 𑘕𑘿𑘪𑘰𑘨𑘲 𑘢𑘱𑘎𑘝𑘹.,17
data/synthetic/images/line_0017_v007.png,शेतामध्ये गहू आणि ज्वारी पिकते.,𑘫𑘹𑘝𑘰𑘦𑘠𑘿𑘧𑘹 𑘐𑘮𑘴 𑘁𑘜𑘱 𑘕𑘿𑘪𑘰𑘨𑘲 𑘢𑘱𑘎𑘝𑘹.,17
data/synthetic/images/line_0017_v008.png,शेतामध्ये गहू आणि ज्वारी पिकते.,𑘫𑘹𑘝𑘰𑘦𑘠𑘿𑘧𑘹 𑘐𑘮𑘴 𑘁𑘜𑘱 𑘕𑘿𑘪𑘰𑘨𑘲 𑘢𑘱𑘎𑘝𑘹.,17
data/synthetic/images/line_0017_v009.png,शेतामध्ये गहू आणि ज्वारी पिकते.,𑘫𑘹𑘝𑘰𑘦𑘠𑘿𑘧𑘹 𑘐𑘮𑘴 𑘁𑘜𑘱 𑘕𑘿𑘪𑘰𑘨𑘲 𑘢𑘱𑘎𑘝𑘹.,17
data/synthetic/images/line_0017_v010.png,शेतामध्ये गहू आणि ज्वारी पिकते.,𑘫𑘹𑘝𑘰𑘦𑘠𑘿𑘧𑘹 𑘐𑘮𑘴 𑘁𑘜𑘱 𑘕𑘿𑘪𑘰𑘨𑘲 𑘢𑘱𑘎𑘝𑘹.,17
data/synthetic/images/line_0017_v011.png,शेतामध्ये गहू आणि ज्वारी पिकते.,𑘫𑘹𑘝𑘰𑘦𑘠𑘿𑘧𑘹 𑘐𑘮𑘴 𑘁𑘜𑘱 𑘕𑘿𑘪𑘰𑘨𑘲 𑘢𑘱𑘎𑘝𑘹.,17
data/synthetic/images/line_0017_v012.png,शेतामध्ये गहू आणि ज्वारी पिकते.,𑘫𑘹𑘝𑘰𑘦𑘠𑘿𑘧𑘹 𑘐𑘮𑘴 𑘁𑘜𑘱 𑘕𑘿𑘪𑘰𑘨𑘲 𑘢𑘱𑘎𑘝𑘹.,17
data/synthetic/images/line_0017_v013.png,शेतामध्ये गहू आणि ज्वारी पिकते.,𑘫𑘹𑘝𑘰𑘦𑘠𑘿𑘧𑘹 𑘐𑘮𑘴 𑘁𑘜𑘱 𑘕𑘿𑘪𑘰𑘨𑘲 𑘢𑘱𑘎𑘝𑘹.,17
data/synthetic/images/line_0017_v014.png,शेतामध्ये गहू आणि ज्वारी पिकते.,𑘫𑘹𑘝𑘰𑘦𑘠𑘿𑘧𑘹 𑘐𑘮𑘴 𑘁𑘜𑘱 𑘕𑘿𑘪𑘰𑘨𑘲 𑘢𑘱𑘎𑘝𑘹.,17
data/synthetic/images/line_0017_v015.png,शेतामध्ये गहू आणि ज्वारी पिकते.,𑘫𑘹𑘝𑘰𑘦𑘠𑘿𑘧𑘹 𑘐𑘮𑘴 𑘁𑘜𑘱 𑘕𑘿𑘪𑘰𑘨𑘲 𑘢𑘱𑘎𑘝𑘹.,17
data/synthetic/images/line_0017_v016.png,शेतामध्ये गहू आणि ज्वारी पिकते.,𑘫𑘹𑘝𑘰𑘦𑘠𑘿𑘧𑘹 𑘐𑘮𑘴 𑘁𑘜𑘱 𑘕𑘿𑘪𑘰𑘨𑘲 𑘢𑘱𑘎𑘝𑘹.,17
data/synthetic/images/line_0017_v017.png,शेतामध्ये गहू आणि ज्वारी पिकते.,𑘫𑘹𑘝𑘰𑘦𑘠𑘿𑘧𑘹 𑘐𑘮𑘴 𑘁𑘜𑘱 𑘕𑘿𑘪𑘰𑘨𑘲 𑘢𑘱𑘎𑘝𑘹.,17
data/synthetic/images/line_0017_v018.png,शेतामध्ये गहू आणि ज्वारी पिकते.,𑘫𑘹𑘝𑘰𑘦𑘠𑘿𑘧𑘹 𑘐𑘮𑘴 𑘁𑘜𑘱 𑘕𑘿𑘪𑘰𑘨𑘲 𑘢𑘱𑘎𑘝𑘹.,17
data/synthetic/images/line_0017_v019.png,शेतामध्ये गहू आणि ज्वारी पिकते.,𑘫𑘹𑘝𑘰𑘦𑘠𑘿𑘧𑘹 𑘐𑘮𑘴 𑘁𑘜𑘱 𑘕𑘿𑘪𑘰𑘨𑘲 𑘢𑘱𑘎𑘝𑘹.,17
data/synthetic/images/line_0017_v020.png,शेतामध्ये गहू आणि ज्वारी पिकते.,𑘫𑘹𑘝𑘰𑘦𑘠𑘿𑘧𑘹 𑘐𑘮𑘴 𑘁𑘜𑘱 𑘕𑘿𑘪𑘰𑘨𑘲 𑘢𑘱𑘎𑘝𑘹.,17
data/synthetic/images/line_0017_v021.png,शेतामध्ये गहू आणि ज्वारी पिकते.,𑘫𑘹𑘝𑘰𑘦𑘠𑘿𑘧𑘹 𑘐𑘮𑘴 𑘁𑘜𑘱 𑘕𑘿𑘪𑘰𑘨𑘲 𑘢𑘱𑘎𑘝𑘹.,17
data/synthetic/images/line_0017_v022.png,शेतामध्ये गहू आणि ज्वारी पिकते.,𑘫𑘹𑘝𑘰𑘦𑘠𑘿𑘧𑘹 𑘐𑘮𑘴 𑘁𑘜𑘱 𑘕𑘿𑘪𑘰𑘨𑘲 𑘢𑘱𑘎𑘝𑘹.,17
data/synthetic/images/line_0017_v023.png,शेतामध्ये गहू आणि ज्वारी पिकते.,𑘫𑘹𑘝𑘰𑘦𑘠𑘿𑘧𑘹 𑘐𑘮𑘴 𑘁𑘜𑘱 𑘕𑘿𑘪𑘰𑘨𑘲 𑘢𑘱𑘎𑘝𑘹.,17
data/synthetic/images/line_0017_v024.png,शेतामध्ये गहू आणि ज्वारी पिकते.,𑘫𑘹𑘝𑘰𑘦𑘠𑘿𑘧𑘹 𑘐𑘮𑘴 𑘁𑘜𑘱 𑘕𑘿𑘪𑘰𑘨𑘲 𑘢𑘱𑘎𑘝𑘹.,17
data/synthetic/images/line_0017_v025.png,शेतामध्ये गहू आणि ज्वारी पिकते.,𑘫𑘹𑘝𑘰𑘦𑘠𑘿𑘧𑘹 𑘐𑘮𑘴 𑘁𑘜𑘱 𑘕𑘿𑘪𑘰𑘨𑘲 𑘢𑘱𑘎𑘝𑘹.,17
data/synthetic/images/line_0017_v026.png,शेतामध्ये गहू आणि ज्वारी पिकते.,𑘫𑘹𑘝𑘰𑘦𑘠𑘿𑘧𑘹 𑘐𑘮𑘴 𑘁𑘜𑘱 𑘕𑘿𑘪𑘰𑘨𑘲 𑘢𑘱𑘎𑘝𑘹.,17
data/synthetic/images/line_0017_v027.png,शेतामध्ये गहू आणि ज्वारी पिकते.,𑘫𑘹𑘝𑘰𑘦𑘠𑘿𑘧𑘹 𑘐𑘮𑘴 𑘁𑘜𑘱 𑘕𑘿𑘪𑘰𑘨𑘲 𑘢𑘱𑘎𑘝𑘹.,17
data/synthetic/images/line_0017_v028.png,शेतामध्ये गहू आणि ज्वारी पिकते.,𑘫𑘹𑘝𑘰𑘦𑘠𑘿𑘧𑘹 𑘐𑘮𑘴 𑘁𑘜𑘱 𑘕𑘿𑘪𑘰𑘨𑘲 𑘢𑘱𑘎𑘝𑘹.,17
data/synthetic/images/line_0017_v029.png,शेतामध्ये गहू आणि ज्वारी पिकते.,𑘫𑘹𑘝𑘰𑘦𑘠𑘿𑘧𑘹 𑘐𑘮𑘴 𑘁𑘜𑘱 𑘕𑘿𑘪𑘰𑘨𑘲 𑘢𑘱𑘎𑘝𑘹.,17
data/synthetic/images/line_0017_v030.png,शेतामध्ये गहू आणि ज्वारी पिकते.,𑘫𑘹𑘝𑘰𑘦𑘠𑘿𑘧𑘹 𑘐𑘮𑘴 𑘁𑘜𑘱 𑘕𑘿𑘪𑘰𑘨𑘲 𑘢𑘱𑘎𑘝𑘹.,17
data/synthetic/images/line_0017_v031.png,शेतामध्ये गहू आणि ज्वारी पिकते.,𑘫𑘹𑘝𑘰𑘦𑘠𑘿𑘧𑘹 𑘐𑘮𑘴 𑘁𑘜𑘱 𑘕𑘿𑘪𑘰𑘨𑘲 𑘢𑘱𑘎𑘝𑘹.,17
data/synthetic/images/line_0017_v032.png,शेतामध्ये गहू आणि ज्वारी पिकते.,𑘫𑘹𑘝𑘰𑘦𑘠𑘿𑘧𑘹 𑘐𑘮𑘴 𑘁𑘜𑘱 𑘕𑘿𑘪𑘰𑘨𑘲 𑘢𑘱𑘎𑘝𑘹.,17
data/synthetic/images/line_0017_v033.png,शेतामध्ये गहू आणि ज्वारी पिकते.,𑘫𑘹𑘝𑘰𑘦𑘠𑘿𑘧𑘹 𑘐𑘮𑘴 𑘁𑘜𑘱 𑘕𑘿𑘪𑘰𑘨𑘲 𑘢𑘱𑘎𑘝𑘹.,17
data/synthetic/images/line_0017_v034.png,शेतामध्ये गहू आणि ज्वारी पिकते.,𑘫𑘹𑘝𑘰𑘦𑘠𑘿𑘧𑘹 𑘐𑘮𑘴 𑘁𑘜𑘱 𑘕𑘿𑘪𑘰𑘨𑘲 𑘢𑘱𑘎𑘝𑘹.,17
data/synthetic/images/line_0017_v035.png,शेतामध्ये गहू आणि ज्वारी पिकते.,𑘫𑘹𑘝𑘰𑘦𑘠𑘿𑘧𑘹 𑘐𑘮𑘴 𑘁𑘜𑘱 𑘕𑘿𑘪𑘰𑘨𑘲 𑘢𑘱𑘎𑘝𑘹.,17
data/synthetic/images/line_0017_v036.png,शेतामध्ये गहू आणि ज्वारी पिकते.,𑘫𑘹𑘝𑘰𑘦𑘠𑘿𑘧𑘹 𑘐𑘮𑘴 𑘁𑘜𑘱 𑘕𑘿𑘪𑘰𑘨𑘲 𑘢𑘱𑘎𑘝𑘹.,17
data/synthetic/images/line_0017_v037.png,शेतामध्ये गहू आणि ज्वारी पिकते.,𑘫𑘹𑘝𑘰𑘦𑘠𑘿𑘧𑘹 𑘐𑘮𑘴 𑘁𑘜𑘱 𑘕𑘿𑘪𑘰𑘨𑘲 𑘢𑘱𑘎𑘝𑘹.,17
data/synthetic/images/line_0017_v038.png,शेतामध्ये गहू आणि ज्वारी पिकते.,𑘫𑘹𑘝𑘰𑘦𑘠𑘿𑘧𑘹 𑘐𑘮𑘴 𑘁𑘜𑘱 𑘕𑘿𑘪𑘰𑘨𑘲 𑘢𑘱𑘎𑘝𑘹.,17
data/synthetic/images/line_0017_v039.png,शेतामध्ये गहू आणि ज्वारी पिकते.,𑘫𑘹𑘝𑘰𑘦𑘠𑘿𑘧𑘹 𑘐𑘮𑘴 𑘁𑘜𑘱 𑘕𑘿𑘪𑘰𑘨𑘲 𑘢𑘱𑘎𑘝𑘹.,17
data/synthetic/images/line_0018_v000.png,आमच्या घरी आंब्याचे झाड आहे.,𑘁𑘦𑘓𑘿𑘧𑘰 𑘑𑘨𑘲 𑘁𑘽𑘤𑘿𑘧𑘰𑘓𑘹 𑘖𑘰𑘚 𑘁𑘮𑘹.,18
data/synthetic/images/line_0018_v001.png,आमच्या घरी आंब्याचे झाड आहे.,𑘁𑘦𑘓𑘿𑘧𑘰 𑘑𑘨𑘲 𑘁𑘽𑘤𑘿𑘧𑘰𑘓𑘹 𑘖𑘰𑘚 𑘁𑘮𑘹.,18
data/synthetic/images/line_0018_v002.png,आमच्या घरी आंब्याचे झाड आहे.,𑘁𑘦𑘓𑘿𑘧𑘰 𑘑𑘨𑘲 𑘁𑘽𑘤𑘿𑘧𑘰𑘓𑘹 𑘖𑘰𑘚 𑘁𑘮𑘹.,18
data/synthetic/images/line_0018_v003.png,आमच्या घरी आंब्याचे झाड आहे.,𑘁𑘦𑘓𑘿𑘧𑘰 𑘑𑘨𑘲 𑘁𑘽𑘤𑘿𑘧𑘰𑘓𑘹 𑘖𑘰𑘚 𑘁𑘮𑘹.,18
data/synthetic/images/line_0018_v004.png,आमच्या घरी आंब्याचे झाड आहे.,𑘁𑘦𑘓𑘿𑘧𑘰 𑘑𑘨𑘲 𑘁𑘽𑘤𑘿𑘧𑘰𑘓𑘹 𑘖𑘰𑘚 𑘁𑘮𑘹.,18
data/synthetic/images/line_0018_v005.png,आमच्या घरी आंब्याचे झाड आहे.,𑘁𑘦𑘓𑘿𑘧𑘰 𑘑𑘨𑘲 𑘁𑘽𑘤𑘿𑘧𑘰𑘓𑘹 𑘖𑘰𑘚 𑘁𑘮𑘹.,18
data/synthetic/images/line_0018_v006.png,आमच्या घरी आंब्याचे झाड आहे.,𑘁𑘦𑘓𑘿𑘧𑘰 𑘑𑘨𑘲 𑘁𑘽𑘤𑘿𑘧𑘰𑘓𑘹 𑘖𑘰𑘚 𑘁𑘮𑘹.,18
data/synthetic/images/line_0018_v007.png,आमच्या घरी आंब्याचे झाड आहे.,𑘁𑘦𑘓𑘿𑘧𑘰 𑘑𑘨𑘲 𑘁𑘽𑘤𑘿𑘧𑘰𑘓𑘹 𑘖𑘰𑘚 𑘁𑘮𑘹.,18
data/synthetic/images/line_0018_v008.png,आमच्या घरी आंब्याचे झाड आहे.,𑘁𑘦𑘓𑘿𑘧𑘰 𑘑𑘨𑘲 𑘁𑘽𑘤𑘿𑘧𑘰𑘓𑘹 𑘖𑘰𑘚 𑘁𑘮𑘹.,18
data/synthetic/images/line_0018_v009.png,आमच्या घरी आंब्याचे झाड आहे.,𑘁𑘦𑘓𑘿𑘧𑘰 𑘑𑘨𑘲 𑘁𑘽𑘤𑘿𑘧𑘰𑘓𑘹 𑘖𑘰𑘚 𑘁𑘮𑘹.,18
data/synthetic/images/line_0018_v010.png,आमच्या घरी आंब्याचे झाड आहे.,𑘁𑘦𑘓𑘿𑘧𑘰 𑘑𑘨𑘲 𑘁𑘽𑘤𑘿𑘧𑘰𑘓𑘹 𑘖𑘰𑘚 𑘁𑘮𑘹.,18
data/synthetic/images/line_0018_v011.png,आमच्या घरी आंब्याचे झाड आहे.,𑘁𑘦𑘓𑘿𑘧𑘰 𑘑𑘨𑘲 𑘁𑘽𑘤𑘿𑘧𑘰𑘓𑘹 𑘖𑘰𑘚 𑘁𑘮𑘹.,18
data/synthetic/images/line_0018_v012.png,आमच्या घरी आंब्याचे झाड आहे.,𑘁𑘦𑘓𑘿𑘧𑘰 𑘑𑘨𑘲 𑘁𑘽𑘤𑘿𑘧𑘰𑘓𑘹 𑘖𑘰𑘚 𑘁𑘮𑘹.,18
data/synthetic/images/line_0018_v013.png,आमच्या घरी आंब्याचे झाड आहे.,𑘁𑘦𑘓𑘿𑘧𑘰 𑘑𑘨𑘲 𑘁𑘽𑘤𑘿𑘧𑘰𑘓𑘹 𑘖𑘰𑘚 𑘁𑘮𑘹.,18
data/synthetic/images/line_0018_v014.png,आमच्या घरी आंब्याचे झाड आहे.,𑘁𑘦𑘓𑘿𑘧𑘰 𑘑𑘨𑘲 𑘁𑘽𑘤𑘿𑘧𑘰𑘓𑘹 𑘖𑘰𑘚 𑘁𑘮𑘹.,18
data/synthetic/images/line_0018_v015.png,आमच्या घरी आंब्याचे झाड आहे.,𑘁𑘦𑘓𑘿𑘧𑘰 𑘑𑘨𑘲 𑘁𑘽𑘤𑘿𑘧𑘰𑘓𑘹 𑘖𑘰𑘚 𑘁𑘮𑘹.,18
data/synthetic/images/line_0018_v016.png,आमच्या घरी आंब्याचे झाड आहे.,𑘁𑘦𑘓𑘿𑘧𑘰 𑘑𑘨𑘲 𑘁𑘽𑘤𑘿𑘧𑘰𑘓𑘹 𑘖𑘰𑘚 𑘁𑘮𑘹.,18
data/synthetic/images/line_0018_v017.png,आमच्या घरी आंब्याचे झाड आहे.,𑘁𑘦𑘓𑘿𑘧𑘰 𑘑𑘨𑘲 𑘁𑘽𑘤𑘿𑘧𑘰𑘓𑘹 𑘖𑘰𑘚 𑘁𑘮𑘹.,18
data/synthetic/images/line_0018_v018.png,आमच्या घरी आंब्याचे झाड आहे.,𑘁𑘦𑘓𑘿𑘧𑘰 𑘑𑘨𑘲 𑘁𑘽𑘤𑘿𑘧𑘰𑘓𑘹 𑘖𑘰𑘚 𑘁𑘮𑘹.,18
data/synthetic/images/line_0018_v019.png,आमच्या घरी आंब्याचे झाड आहे.,𑘁𑘦𑘓𑘿𑘧𑘰 𑘑𑘨𑘲 𑘁𑘽𑘤𑘿𑘧𑘰𑘓𑘹 𑘖𑘰𑘚 𑘁𑘮𑘹.,18
data/synthetic/images/line_0018_v020.png,आमच्या घरी आंब्याचे झाड आहे.,𑘁𑘦𑘓𑘿𑘧𑘰 𑘑𑘨𑘲 𑘁𑘽𑘤𑘿𑘧𑘰𑘓𑘹 𑘖𑘰𑘚 𑘁𑘮𑘹.,18
data/synthetic/images/line_0018_v021.png,आमच्या घरी आंब्याचे झाड आहे.,𑘁𑘦𑘓𑘿𑘧𑘰 𑘑𑘨𑘲 𑘁𑘽𑘤𑘿𑘧𑘰𑘓𑘹 𑘖𑘰𑘚 𑘁𑘮𑘹.,18
data/synthetic/images/line_0018_v022.png,आमच्या घरी आंब्याचे झाड आहे.,𑘁𑘦𑘓𑘿𑘧𑘰 𑘑𑘨𑘲 𑘁𑘽𑘤𑘿𑘧𑘰𑘓𑘹 𑘖𑘰𑘚 𑘁𑘮𑘹.,18
data/synthetic/images/line_0018_v023.png,आमच्या घरी आंब्याचे झाड आहे.,𑘁𑘦𑘓𑘿𑘧𑘰 𑘑𑘨𑘲 𑘁𑘽𑘤𑘿𑘧𑘰𑘓𑘹 𑘖𑘰𑘚 𑘁𑘮𑘹.,18
data/synthetic/images/line_0018_v024.png,आमच्या घरी आंब्याचे झाड आहे.,𑘁𑘦𑘓𑘿𑘧𑘰 𑘑𑘨𑘲 𑘁𑘽𑘤𑘿𑘧𑘰𑘓𑘹 𑘖𑘰𑘚 𑘁𑘮𑘹.,18
data/synthetic/images/line_0018_v025.png,आमच्या घरी आंब्याचे झाड आहे.,𑘁𑘦𑘓𑘿𑘧𑘰 𑘑𑘨𑘲 𑘁𑘽𑘤𑘿𑘧𑘰𑘓𑘹 𑘖𑘰𑘚 𑘁𑘮𑘹.,18
data/synthetic/images/line_0018_v026.png,आमच्या घरी आंब्याचे झाड आहे.,𑘁𑘦𑘓𑘿𑘧𑘰 𑘑𑘨𑘲 𑘁𑘽𑘤𑘿𑘧𑘰𑘓𑘹 𑘖𑘰𑘚 𑘁𑘮𑘹.,18
data/synthetic/images/line_0018_v027.png,आमच्या घरी आंब्याचे झाड आहे.,𑘁𑘦𑘓𑘿𑘧𑘰 𑘑𑘨𑘲 𑘁𑘽𑘤𑘿𑘧𑘰𑘓𑘹 𑘖𑘰𑘚 𑘁𑘮𑘹.,18
data/synthetic/images/line_0018_v028.png,आमच्या घरी आंब्याचे झाड आहे.,𑘁𑘦𑘓𑘿𑘧𑘰 𑘑𑘨𑘲 𑘁𑘽𑘤𑘿𑘧𑘰𑘓𑘹 𑘖𑘰𑘚 𑘁𑘮𑘹.,18
data/synthetic/images/line_0018_v029.png,आमच्या घरी आंब्याचे झाड आहे.,𑘁𑘦𑘓𑘿𑘧𑘰 𑘑𑘨𑘲 𑘁𑘽𑘤𑘿𑘧𑘰𑘓𑘹 𑘖𑘰𑘚 𑘁𑘮𑘹.,18
data/synthetic/images/line_0018_v030.png,आमच्या घरी आंब्याचे झाड आहे.,𑘁𑘦𑘓𑘿𑘧𑘰 𑘑𑘨𑘲 𑘁𑘽𑘤𑘿𑘧𑘰𑘓𑘹 𑘖𑘰𑘚 𑘁𑘮𑘹.,18
data/synthetic/images/line_0018_v031.png,आमच्या घरी आंब्याचे झाड आहे.,𑘁𑘦𑘓𑘿𑘧𑘰 𑘑𑘨𑘲 𑘁𑘽𑘤𑘿𑘧𑘰𑘓𑘹 𑘖𑘰𑘚 𑘁𑘮𑘹.,18
data/synthetic/images/line_0018_v032.png,आमच्या घरी आंब्याचे झाड आहे.,𑘁𑘦𑘓𑘿𑘧𑘰 𑘑𑘨𑘲 𑘁𑘽𑘤𑘿𑘧𑘰𑘓𑘹 𑘖𑘰𑘚 𑘁𑘮𑘹.,18
data/synthetic/images/line_0018_v033.png,आमच्या घरी आंब्याचे झाड आहे.,𑘁𑘦𑘓𑘿𑘧𑘰 𑘑𑘨𑘲 𑘁𑘽𑘤𑘿𑘧𑘰𑘓𑘹 𑘖𑘰𑘚 𑘁𑘮𑘹.,18
data/synthetic/images/line_0018_v034.png,आमच्या घरी आंब्याचे झाड आहे.,𑘁𑘦𑘓𑘿𑘧𑘰 𑘑𑘨𑘲 𑘁𑘽𑘤𑘿𑘧𑘰𑘓𑘹 𑘖𑘰𑘚 𑘁𑘮𑘹.,18
data/synthetic/images/line_0018_v035.png,आमच्या घरी आंब्याचे झाड आहे.,𑘁𑘦𑘓𑘿𑘧𑘰 𑘑𑘨𑘲 𑘁𑘽𑘤𑘿𑘧𑘰𑘓𑘹 𑘖𑘰𑘚 𑘁𑘮𑘹.,18
data/synthetic/images/line_0018_v036.png,आमच्या घरी आंब्याचे झाड आहे.,𑘁𑘦𑘓𑘿𑘧𑘰 𑘑𑘨𑘲 𑘁𑘽𑘤𑘿𑘧𑘰𑘓𑘹 𑘖𑘰𑘚 𑘁𑘮𑘹.,18
data/synthetic/images/line_0018_v037.png,आमच्या घरी आंब्याचे झाड आहे.,𑘁𑘦𑘓𑘿𑘧𑘰 𑘑𑘨𑘲 𑘁𑘽𑘤𑘿𑘧𑘰𑘓𑘹 𑘖𑘰𑘚 𑘁𑘮𑘹.,18
data/synthetic/images/line_0018_v038.png,आमच्या घरी आंब्याचे झाड आहे.,𑘁𑘦𑘓𑘿𑘧𑘰 𑘑𑘨𑘲 𑘁𑘽𑘤𑘿𑘧𑘰𑘓𑘹 𑘖𑘰𑘚 𑘁𑘮𑘹.,18
data/synthetic/images/line_0018_v039.png,आमच्या घरी आंब्याचे झाड आहे.,𑘁𑘦𑘓𑘿𑘧𑘰 𑘑𑘨𑘲 𑘁𑘽𑘤𑘿𑘧𑘰𑘓𑘹 𑘖𑘰𑘚 𑘁𑘮𑘹.,18
data/synthetic/images/line_0019_v000.png,आंबा हे फळांचा राजा आहे.,𑘁𑘽𑘤𑘰 𑘮𑘹 𑘣𑘯𑘰𑘽𑘓𑘰 𑘨𑘰𑘕𑘰 𑘁𑘮𑘹.,19
data/synthetic/images/line_0019_v001.png,आंबा हे फळांचा राजा आहे.,𑘁𑘽𑘤𑘰 𑘮𑘹 𑘣𑘯𑘰𑘽𑘓𑘰 𑘨𑘰𑘕𑘰 𑘁𑘮𑘹.,19
data/synthetic/images/line_0019_v002.png,आंबा हे फळांचा राजा आहे.,𑘁𑘽𑘤𑘰 𑘮𑘹 𑘣𑘯𑘰𑘽𑘓𑘰 𑘨𑘰𑘕𑘰 𑘁𑘮𑘹.,19
data/synthetic/images/line_0019_v003.png,आंबा हे फळांचा राजा आहे.,𑘁𑘽𑘤𑘰 𑘮𑘹 𑘣𑘯𑘰𑘽𑘓𑘰 𑘨𑘰𑘕𑘰 𑘁𑘮𑘹.,19
data/synthetic/images/line_0019_v004.png,आंबा हे फळांचा राजा आहे.,𑘁𑘽𑘤𑘰 𑘮𑘹 𑘣𑘯𑘰𑘽𑘓𑘰 𑘨𑘰𑘕𑘰 𑘁𑘮𑘹.,19
data/synthetic/images/line_0019_v005.png,आंबा हे फळांचा राजा आहे.,𑘁𑘽𑘤𑘰 𑘮𑘹 𑘣𑘯𑘰𑘽𑘓𑘰 𑘨𑘰𑘕𑘰 𑘁𑘮𑘹.,19
data/synthetic/images/line_0019_v006.png,आंबा हे फळांचा राजा आहे.,𑘁𑘽𑘤𑘰 𑘮𑘹 𑘣𑘯𑘰𑘽𑘓𑘰 𑘨𑘰𑘕𑘰 𑘁𑘮𑘹.,19
data/synthetic/images/line_0019_v007.png,आंबा हे फळांचा राजा आहे.,𑘁𑘽𑘤𑘰 𑘮𑘹 𑘣𑘯𑘰𑘽𑘓𑘰 𑘨𑘰𑘕𑘰 𑘁𑘮𑘹.,19
data/synthetic/images/line_0019_v008.png,आंबा हे फळांचा राजा आहे.,𑘁𑘽𑘤𑘰 𑘮𑘹 𑘣𑘯𑘰𑘽𑘓𑘰 𑘨𑘰𑘕𑘰 𑘁𑘮𑘹.,19
data/synthetic/images/line_0019_v009.png,आंबा हे फळांचा राजा आहे.,𑘁𑘽𑘤𑘰 𑘮𑘹 𑘣𑘯𑘰𑘽𑘓𑘰 𑘨𑘰𑘕𑘰 𑘁𑘮𑘹.,19
data/synthetic/images/line_0019_v010.png,आंबा हे फळांचा राजा आहे.,𑘁𑘽𑘤𑘰 𑘮𑘹 𑘣𑘯𑘰𑘽𑘓𑘰 𑘨𑘰𑘕𑘰 𑘁𑘮𑘹.,19
data/synthetic/images/line_0019_v011.png,आंबा हे फळांचा राजा आहे.,𑘁𑘽𑘤𑘰 𑘮𑘹 𑘣𑘯𑘰𑘽𑘓𑘰 𑘨𑘰𑘕𑘰 𑘁𑘮𑘹.,19
data/synthetic/images/line_0019_v012.png,आंबा हे फळांचा राजा आहे.,𑘁𑘽𑘤𑘰 𑘮𑘹 𑘣𑘯𑘰𑘽𑘓𑘰 𑘨𑘰𑘕𑘰 𑘁𑘮𑘹.,19
data/synthetic/images/line_0019_v013.png,आंबा हे फळांचा राजा आहे.,𑘁𑘽𑘤𑘰 𑘮𑘹 𑘣𑘯𑘰𑘽𑘓𑘰 𑘨𑘰𑘕𑘰 𑘁𑘮𑘹.,19
data/synthetic/images/line_0019_v014.png,आंबा हे फळांचा राजा आहे.,𑘁𑘽𑘤𑘰 𑘮𑘹 𑘣𑘯𑘰𑘽𑘓𑘰 𑘨𑘰𑘕𑘰 𑘁𑘮𑘹.,19
data/synthetic/images/line_0019_v015.png,आंबा हे फळांचा राजा आहे.,𑘁𑘽𑘤𑘰 𑘮𑘹 𑘣𑘯𑘰𑘽𑘓𑘰 𑘨𑘰𑘕𑘰 𑘁𑘮𑘹.,19
data/synthetic/images/line_0019_v016.png,आंबा हे फळांचा राजा आहे.,𑘁𑘽𑘤𑘰 𑘮𑘹 𑘣𑘯𑘰𑘽𑘓𑘰 𑘨𑘰𑘕𑘰 𑘁𑘮𑘹.,19
data/synthetic/images/line_0019_v017.png,आंबा हे फळांचा राजा आहे.,𑘁𑘽𑘤𑘰 𑘮𑘹 𑘣𑘯𑘰𑘽𑘓𑘰 𑘨𑘰𑘕𑘰 𑘁𑘮𑘹.,19
data/synthetic/images/line_0019_v018.png,आंबा हे फळांचा राजा आहे.,𑘁𑘽𑘤𑘰 𑘮𑘹 𑘣𑘯𑘰𑘽𑘓𑘰 𑘨𑘰𑘕𑘰 𑘁𑘮𑘹.,19
data/synthetic/images/line_0019_v019.png,आंबा हे फळांचा राजा आहे.,𑘁𑘽𑘤𑘰 𑘮𑘹 𑘣𑘯𑘰𑘽𑘓𑘰 𑘨𑘰𑘕𑘰 𑘁𑘮𑘹.,19
data/synthetic/images/line_0019_v020.png,आंबा हे फळांचा राजा आहे.,𑘁𑘽𑘤𑘰 𑘮𑘹 𑘣𑘯𑘰𑘽𑘓𑘰 𑘨𑘰𑘕𑘰 𑘁𑘮𑘹.,19
data/synthetic/images/line_0019_v021.png,आंबा हे फळांचा राजा आहे.,𑘁𑘽𑘤𑘰 𑘮𑘹 𑘣𑘯𑘰𑘽𑘓𑘰 𑘨𑘰𑘕𑘰 𑘁𑘮𑘹.,19
data/synthetic/images/line_0019_v022.png,आंबा हे फळांचा राजा आहे.,𑘁𑘽𑘤𑘰 𑘮𑘹 𑘣𑘯𑘰𑘽𑘓𑘰 𑘨𑘰𑘕𑘰 𑘁𑘮𑘹.,19
data/synthetic/images/line_0019_v023.png,आंबा हे फळांचा राजा आहे.,𑘁𑘽𑘤𑘰 𑘮𑘹 𑘣𑘯𑘰𑘽𑘓𑘰 𑘨𑘰𑘕𑘰 𑘁𑘮𑘹.,19
data/synthetic/images/line_0019_v024.png,आंबा हे फळांचा राजा आहे.,𑘁𑘽𑘤𑘰 𑘮𑘹 𑘣𑘯𑘰𑘽𑘓𑘰 𑘨𑘰𑘕𑘰 𑘁𑘮𑘹.,19
data/synthetic/images/line_0019_v025.png,आंबा हे फळांचा राजा आहे.,𑘁𑘽𑘤𑘰 𑘮𑘹 𑘣𑘯𑘰𑘽𑘓𑘰 𑘨𑘰𑘕𑘰 𑘁𑘮𑘹.,19
data/synthetic/images/line_0019_v026.png,आंबा हे फळांचा राजा आहे.,𑘁𑘽𑘤𑘰 𑘮𑘹 𑘣𑘯𑘰𑘽𑘓𑘰 𑘨𑘰𑘕𑘰 𑘁𑘮𑘹.,19
data/synthetic/images/line_0019_v027.png,आंबा हे फळांचा राजा आहे.,𑘁𑘽𑘤𑘰 𑘮𑘹 𑘣𑘯𑘰𑘽𑘓𑘰 𑘨𑘰𑘕𑘰 𑘁𑘮𑘹.,19
data/synthetic/images/line_0019_v028.png,आंबा हे फळांचा राजा आहे.,𑘁𑘽𑘤𑘰 𑘮𑘹 𑘣𑘯𑘰𑘽𑘓𑘰 𑘨𑘰𑘕𑘰 𑘁𑘮𑘹.,19
data/synthetic/images/line_0019_v029.png,आंबा हे फळांचा राजा आहे.,𑘁𑘽𑘤𑘰 𑘮𑘹 𑘣𑘯𑘰𑘽𑘓𑘰 𑘨𑘰𑘕𑘰 𑘁𑘮𑘹.,19
data/synthetic/images/line_0019_v030.png,आंबा हे फळांचा राजा आहे.,𑘁𑘽𑘤𑘰 𑘮𑘹 𑘣𑘯𑘰𑘽𑘓𑘰 𑘨𑘰𑘕𑘰 𑘁𑘮𑘹.,19
data/synthetic/images/line_0019_v031.png,आंबा हे फळांचा राजा आहे.,𑘁𑘽𑘤𑘰 𑘮𑘹 𑘣𑘯𑘰𑘽𑘓𑘰 𑘨𑘰𑘕𑘰 𑘁𑘮𑘹.,19
data/synthetic/images/line_0019_v032.png,आंबा हे फळांचा राजा आहे.,𑘁𑘽𑘤𑘰 𑘮𑘹 𑘣𑘯𑘰𑘽𑘓𑘰 𑘨𑘰𑘕𑘰 𑘁𑘮𑘹.,19
data/synthetic/images/line_0019_v033.png,आंबा हे फळांचा राजा आहे.,𑘁𑘽𑘤𑘰 𑘮𑘹 𑘣𑘯𑘰𑘽𑘓𑘰 𑘨𑘰𑘕𑘰 𑘁𑘮𑘹.,19
data/synthetic/images/line_0019_v034.png,आंबा हे फळांचा राजा आहे.,𑘁𑘽𑘤𑘰 𑘮𑘹 𑘣𑘯𑘰𑘽𑘓𑘰 𑘨𑘰𑘕𑘰 𑘁𑘮𑘹.,19
data/synthetic/images/line_0019_v035.png,आंबा हे फळांचा राजा आहे.,𑘁𑘽𑘤𑘰 𑘮𑘹 𑘣𑘯𑘰𑘽𑘓𑘰 𑘨𑘰𑘕𑘰 𑘁𑘮𑘹.,19
data/synthetic/images/line_0019_v036.png,आंबा हे फळांचा राजा आहे.,𑘁𑘽𑘤𑘰 𑘮𑘹 𑘣𑘯𑘰𑘽𑘓𑘰 𑘨𑘰𑘕𑘰 𑘁𑘮𑘹.,19
data/synthetic/images/line_0019_v037.png,आंबा हे फळांचा राजा आहे.,𑘁𑘽𑘤𑘰 𑘮𑘹 𑘣𑘯𑘰𑘽𑘓𑘰 𑘨𑘰𑘕𑘰 𑘁𑘮𑘹.,19
data/synthetic/images/line_0019_v038.png,आंबा हे फळांचा राजा आहे.,𑘁𑘽𑘤𑘰 𑘮𑘹 𑘣𑘯𑘰𑘽𑘓𑘰 𑘨𑘰𑘕𑘰 𑘁𑘮𑘹.,19
data/synthetic/images/line_0019_v039.png,आंबा हे फळांचा राजा आहे.,𑘁𑘽𑘤𑘰 𑘮𑘹 𑘣𑘯𑘰𑘽𑘓𑘰 𑘨𑘰𑘕𑘰 𑘁𑘮𑘹.,19
data/synthetic/images/line_0020_v000.png,सकाळी लवकर उठावे.,𑘭𑘎𑘰𑘯𑘲 𑘩𑘪𑘎𑘨 𑘄𑘙𑘰𑘪𑘹.,20
data/synthetic/images/line_0020_v001.png,सकाळी लवकर उठावे.,𑘭𑘎𑘰𑘯𑘲 𑘩𑘪𑘎𑘨 𑘄𑘙𑘰𑘪𑘹.,20
data/synthetic/images/line_0020_v002.png,सकाळी लवकर उठावे.,𑘭𑘎𑘰𑘯𑘲 𑘩𑘪𑘎𑘨 𑘄𑘙𑘰𑘪𑘹.,20
data/synthetic/images/line_0020_v003.png,सकाळी लवकर उठावे.,𑘭𑘎𑘰𑘯𑘲 𑘩𑘪𑘎𑘨 𑘄𑘙𑘰𑘪𑘹.,20
data/synthetic/images/line_0020_v004.png,सकाळी लवकर उठावे.,𑘭𑘎𑘰𑘯𑘲 𑘩𑘪𑘎𑘨 𑘄𑘙𑘰𑘪𑘹.,20
data/synthetic/images/line_0020_v005.png,सकाळी लवकर उठावे.,𑘭𑘎𑘰𑘯𑘲 𑘩𑘪𑘎𑘨 𑘄𑘙𑘰𑘪𑘹.,20
data/synthetic/images/line_0020_v006.png,सकाळी लवकर उठावे.,𑘭𑘎𑘰𑘯𑘲 𑘩𑘪𑘎𑘨 𑘄𑘙𑘰𑘪𑘹.,20
data/synthetic/images/line_0020_v007.png,सकाळी लवकर उठावे.,𑘭𑘎𑘰𑘯𑘲 𑘩𑘪𑘎𑘨 𑘄𑘙𑘰𑘪𑘹.,20
data/synthetic/images/line_0020_v008.png,सकाळी लवकर उठावे.,𑘭𑘎𑘰𑘯𑘲 𑘩𑘪𑘎𑘨 𑘄𑘙𑘰𑘪𑘹.,20
data/synthetic/images/line_0020_v009.png,सकाळी लवकर उठावे.,𑘭𑘎𑘰𑘯𑘲 𑘩𑘪𑘎𑘨 𑘄𑘙𑘰𑘪𑘹.,20
data/synthetic/images/line_0020_v010.png,सकाळी लवकर उठावे.,𑘭𑘎𑘰𑘯𑘲 𑘩𑘪𑘎𑘨 𑘄𑘙𑘰𑘪𑘹.,20
data/synthetic/images/line_0020_v011.png,सकाळी लवकर उठावे.,𑘭𑘎𑘰𑘯𑘲 𑘩𑘪𑘎𑘨 𑘄𑘙𑘰𑘪𑘹.,20
data/synthetic/images/line_0020_v012.png,सकाळी लवकर उठावे.,𑘭𑘎𑘰𑘯𑘲 𑘩𑘪𑘎𑘨 𑘄𑘙𑘰𑘪𑘹.,20
data/synthetic/images/line_0020_v013.png,सकाळी लवकर उठावे.,𑘭𑘎𑘰𑘯𑘲 𑘩𑘪𑘎𑘨 𑘄𑘙𑘰𑘪𑘹.,20
data/synthetic/images/line_0020_v014.png,सकाळी लवकर उठावे.,𑘭𑘎𑘰𑘯𑘲 𑘩𑘪𑘎𑘨 𑘄𑘙𑘰𑘪𑘹.,20
data/synthetic/images/line_0020_v015.png,सकाळी लवकर उठावे.,𑘭𑘎𑘰𑘯𑘲 𑘩𑘪𑘎𑘨 𑘄𑘙𑘰𑘪𑘹.,20
data/synthetic/images/line_0020_v016.png,सकाळी लवकर उठावे.,𑘭𑘎𑘰𑘯𑘲 𑘩𑘪𑘎𑘨 𑘄𑘙𑘰𑘪𑘹.,20
data/synthetic/images/line_0020_v017.png,सकाळी लवकर उठावे.,𑘭𑘎𑘰𑘯𑘲 𑘩𑘪𑘎𑘨 𑘄𑘙𑘰𑘪𑘹.,20
data/synthetic/images/line_0020_v018.png,सकाळी लवकर उठावे.,𑘭𑘎𑘰𑘯𑘲 𑘩𑘪𑘎𑘨 𑘄𑘙𑘰𑘪𑘹.,20
data/synthetic/images/line_0020_v019.png,सकाळी लवकर उठावे.,𑘭𑘎𑘰𑘯𑘲 𑘩𑘪𑘎𑘨 𑘄𑘙𑘰𑘪𑘹.,20
data/synthetic/images/line_0020_v020.png,सकाळी लवकर उठावे.,𑘭𑘎𑘰𑘯𑘲 𑘩𑘪𑘎𑘨 𑘄𑘙𑘰𑘪𑘹.,20
data/synthetic/images/line_0020_v021.png,सकाळी लवकर उठावे.,𑘭𑘎𑘰𑘯𑘲 𑘩𑘪𑘎𑘨 𑘄𑘙𑘰𑘪𑘹.,20
data/synthetic/images/line_0020_v022.png,सकाळी लवकर उठावे.,𑘭𑘎𑘰𑘯𑘲 𑘩𑘪𑘎𑘨 𑘄𑘙𑘰𑘪𑘹.,20
data/synthetic/images/line_0020_v023.png,सकाळी लवकर उठावे.,𑘭𑘎𑘰𑘯𑘲 𑘩𑘪𑘎𑘨 𑘄𑘙𑘰𑘪𑘹.,20
data/synthetic/images/line_0020_v024.png,सकाळी लवकर उठावे.,𑘭𑘎𑘰𑘯𑘲 𑘩𑘪𑘎𑘨 𑘄𑘙𑘰𑘪𑘹.,20
data/synthetic/images/line_0020_v025.png,सकाळी लवकर उठावे.,𑘭𑘎𑘰𑘯𑘲 𑘩𑘪𑘎𑘨 𑘄𑘙𑘰𑘪𑘹.,20
data/synthetic/images/line_0020_v026.png,सकाळी लवकर उठावे.,𑘭𑘎𑘰𑘯𑘲 𑘩𑘪𑘎𑘨 𑘄𑘙𑘰𑘪𑘹.,20
data/synthetic/images/line_0020_v027.png,सकाळी लवकर उठावे.,𑘭𑘎𑘰𑘯𑘲 𑘩𑘪𑘎𑘨 𑘄𑘙𑘰𑘪𑘹.,20
data/synthetic/images/line_0020_v028.png,सकाळी लवकर उठावे.,𑘭𑘎𑘰𑘯𑘲 𑘩𑘪𑘎𑘨 𑘄𑘙𑘰𑘪𑘹.,20
data/synthetic/images/line_0020_v029.png,सकाळी लवकर उठावे.,𑘭𑘎𑘰𑘯𑘲 𑘩𑘪𑘎𑘨 𑘄𑘙𑘰𑘪𑘹.,20
data/synthetic/images/line_0020_v030.png,सकाळी लवकर उठावे.,𑘭𑘎𑘰𑘯𑘲 𑘩𑘪𑘎𑘨 𑘄𑘙𑘰𑘪𑘹.,20
data/synthetic/images/line_0020_v031.png,सकाळी लवकर उठावे.,𑘭𑘎𑘰𑘯𑘲 𑘩𑘪𑘎𑘨 𑘄𑘙𑘰𑘪𑘹.,20
data/synthetic/images/line_0020_v032.png,सकाळी लवकर उठावे.,𑘭𑘎𑘰𑘯𑘲 𑘩𑘪𑘎𑘨 𑘄𑘙𑘰𑘪𑘹.,20
data/synthetic/images/line_0020_v033.png,सकाळी लवकर उठावे.,𑘭𑘎𑘰𑘯𑘲 𑘩𑘪𑘎𑘨 𑘄𑘙𑘰𑘪𑘹.,20
data/synthetic/images/line_0020_v034.png,सकाळी लवकर उठावे.,𑘭𑘎𑘰𑘯𑘲 𑘩𑘪𑘎𑘨 𑘄𑘙𑘰𑘪𑘹.,20
data/synthetic/images/line_0020_v035.png,सकाळी लवकर उठावे.,𑘭𑘎𑘰𑘯𑘲 𑘩𑘪𑘎𑘨 𑘄𑘙𑘰𑘪𑘹.,20
data/synthetic/images/line_0020_v036.png,सकाळी लवकर उठावे.,𑘭𑘎𑘰𑘯𑘲 𑘩𑘪𑘎𑘨 𑘄𑘙𑘰𑘪𑘹.,20
data/synthetic/images/line_0020_v037.png,सकाळी लवकर उठावे.,𑘭𑘎𑘰𑘯𑘲 𑘩𑘪𑘎𑘨 𑘄𑘙𑘰𑘪𑘹.,20
data/synthetic/images/line_0020_v038.png,सकाळी लवकर उठावे.,𑘭𑘎𑘰𑘯𑘲 𑘩𑘪𑘎𑘨 𑘄𑘙𑘰𑘪𑘹.,20
data/synthetic/images/line_0020_v039.png,सकाळी लवकर उठावे.,𑘭𑘎𑘰𑘯𑘲 𑘩𑘪𑘎𑘨 𑘄𑘙𑘰𑘪𑘹.,20
data/synthetic/images/line_0021_v000.png,रोज व्यायाम करणे आरोग्यासाठी चांगले असते.,𑘨𑘻𑘕 𑘪𑘿𑘧𑘰𑘧𑘰𑘦 𑘎𑘨𑘜𑘹 𑘁𑘨𑘻𑘐𑘿𑘧𑘰𑘭𑘰𑘙𑘲 𑘓𑘰𑘽𑘐𑘩𑘹 𑘀𑘭𑘝𑘹.,21
data/synthetic/images/line_0021_v001.png,रोज व्यायाम करणे आरोग्यासाठी चांगले असते.,𑘨𑘻𑘕 𑘪𑘿𑘧𑘰𑘧𑘰𑘦 𑘎𑘨𑘜𑘹 𑘁𑘨𑘻𑘐𑘿𑘧𑘰𑘭𑘰𑘙𑘲 𑘓𑘰𑘽𑘐𑘩𑘹 𑘀𑘭𑘝𑘹.,21
data/synthetic/images/line_0021_v002.png,रोज व्यायाम करणे आरोग्यासाठी चांगले असते.,𑘨𑘻𑘕 𑘪𑘿𑘧𑘰𑘧𑘰𑘦 𑘎𑘨𑘜𑘹 𑘁𑘨𑘻𑘐𑘿𑘧𑘰𑘭𑘰𑘙𑘲 𑘓𑘰𑘽𑘐𑘩𑘹 𑘀𑘭𑘝𑘹.,21
data/synthetic/images/line_0021_v003.png,रोज व्यायाम करणे आरोग्यासाठी चांगले असते.,𑘨𑘻𑘕 𑘪𑘿𑘧𑘰𑘧𑘰𑘦 𑘎𑘨𑘜𑘹 𑘁𑘨𑘻𑘐𑘿𑘧𑘰𑘭𑘰𑘙𑘲 𑘓𑘰𑘽𑘐𑘩𑘹 𑘀𑘭𑘝𑘹.,21
data/synthetic/images/line_0021_v004.png,रोज व्यायाम करणे आरोग्यासाठी चांगले असते.,𑘨𑘻𑘕 𑘪𑘿𑘧𑘰𑘧𑘰𑘦 𑘎𑘨𑘜𑘹 𑘁𑘨𑘻𑘐𑘿𑘧𑘰𑘭𑘰𑘙𑘲 𑘓𑘰𑘽𑘐𑘩𑘹 𑘀𑘭𑘝𑘹.,21
data/synthetic/images/line_0021_v005.png,रोज व्यायाम करणे आरोग्यासाठी चांगले असते.,𑘨𑘻𑘕 𑘪𑘿𑘧𑘰𑘧𑘰𑘦 𑘎𑘨𑘜𑘹 𑘁𑘨𑘻𑘐𑘿𑘧𑘰𑘭𑘰𑘙𑘲 𑘓𑘰𑘽𑘐𑘩𑘹 𑘀𑘭𑘝𑘹.,21
data/synthetic/images/line_0021_v006.png,रोज व्यायाम करणे आरोग्यासाठी चांगले असते.,𑘨𑘻𑘕 𑘪𑘿𑘧𑘰𑘧𑘰𑘦 𑘎𑘨𑘜𑘹 𑘁𑘨𑘻𑘐𑘿𑘧𑘰𑘭𑘰𑘙𑘲 𑘓𑘰𑘽𑘐𑘩𑘹 𑘀𑘭𑘝𑘹.,21
data/synthetic/images/line_0021_v007.png,रोज व्यायाम करणे आरोग्यासाठी चांगले असते.,𑘨𑘻𑘕 𑘪𑘿𑘧𑘰𑘧𑘰𑘦 𑘎𑘨𑘜𑘹 𑘁𑘨𑘻𑘐𑘿𑘧𑘰𑘭𑘰𑘙𑘲 𑘓𑘰𑘽𑘐𑘩𑘹 𑘀𑘭𑘝𑘹.,21
data/synthetic/images/line_0021_v008.png,रोज व्यायाम करणे आरोग्यासाठी चांगले असते.,𑘨𑘻𑘕 𑘪𑘿𑘧𑘰𑘧𑘰𑘦 𑘎𑘨𑘜𑘹 𑘁𑘨𑘻𑘐𑘿𑘧𑘰𑘭𑘰𑘙𑘲 𑘓𑘰𑘽𑘐𑘩𑘹 𑘀𑘭𑘝𑘹.,21
data/synthetic/images/line_0021_v009.png,रोज व्यायाम करणे आरोग्यासाठी चांगले असते.,𑘨𑘻𑘕 𑘪𑘿𑘧𑘰𑘧𑘰𑘦 𑘎𑘨𑘜𑘹 𑘁𑘨𑘻𑘐𑘿𑘧𑘰𑘭𑘰𑘙𑘲 𑘓𑘰𑘽𑘐𑘩𑘹 𑘀𑘭𑘝𑘹.,21
data/synthetic/images/line_0021_v010.png,रोज व्यायाम करणे आरोग्यासाठी चांगले असते.,𑘨𑘻𑘕 𑘪𑘿𑘧𑘰𑘧𑘰𑘦 𑘎𑘨𑘜𑘹 𑘁𑘨𑘻𑘐𑘿𑘧𑘰𑘭𑘰𑘙𑘲 𑘓𑘰𑘽𑘐𑘩𑘹 𑘀𑘭𑘝𑘹.,21
data/synthetic/images/line_0021_v011.png,रोज व्यायाम करणे आरोग्यासाठी चांगले असते.,𑘨𑘻𑘕 𑘪𑘿𑘧𑘰𑘧𑘰𑘦 𑘎𑘨𑘜𑘹 𑘁𑘨𑘻𑘐𑘿𑘧𑘰𑘭𑘰𑘙𑘲 𑘓𑘰𑘽𑘐𑘩𑘹 𑘀𑘭𑘝𑘹.,21
data/synthetic/images/line_0021_v012.png,रोज व्यायाम करणे आरोग्यासाठी चांगले असते.,𑘨𑘻𑘕 𑘪𑘿𑘧𑘰𑘧𑘰𑘦 𑘎𑘨𑘜𑘹 𑘁𑘨𑘻𑘐𑘿𑘧𑘰𑘭𑘰𑘙𑘲 𑘓𑘰𑘽𑘐𑘩𑘹 𑘀𑘭𑘝𑘹.,21
data/synthetic/images/line_0021_v013.png,रोज व्यायाम करणे आरोग्यासाठी चांगले असते.,𑘨𑘻𑘕 𑘪𑘿𑘧𑘰𑘧𑘰𑘦 𑘎𑘨𑘜𑘹 𑘁𑘨𑘻𑘐𑘿𑘧𑘰𑘭𑘰𑘙𑘲 𑘓𑘰𑘽𑘐𑘩𑘹 𑘀𑘭𑘝𑘹.,21
data/synthetic/images/line_0021_v014.png,रोज व्यायाम करणे आरोग्यासाठी चांगले असते.,𑘨𑘻𑘕 𑘪𑘿𑘧𑘰𑘧𑘰𑘦 𑘎𑘨𑘜𑘹 𑘁𑘨𑘻𑘐𑘿𑘧𑘰𑘭𑘰𑘙𑘲 𑘓𑘰𑘽𑘐𑘩𑘹 𑘀𑘭𑘝𑘹.,21
data/synthetic/images/line_0021_v015.png,रोज व्यायाम करणे आरोग्यासाठी चांगले असते.,𑘨𑘻𑘕 𑘪𑘿𑘧𑘰𑘧𑘰𑘦 𑘎𑘨𑘜𑘹 𑘁𑘨𑘻𑘐𑘿𑘧𑘰𑘭𑘰𑘙𑘲 𑘓𑘰𑘽𑘐𑘩𑘹 𑘀𑘭𑘝𑘹.,21
data/synthetic/images/line_0021_v016.png,रोज व्यायाम करणे आरोग्यासाठी चांगले असते.,𑘨𑘻𑘕 𑘪𑘿𑘧𑘰𑘧𑘰𑘦 𑘎𑘨𑘜𑘹 𑘁𑘨𑘻𑘐𑘿𑘧𑘰𑘭𑘰𑘙𑘲 𑘓𑘰𑘽𑘐𑘩𑘹 𑘀𑘭𑘝𑘹.,21
data/synthetic/images/line_0021_v017.png,रोज व्यायाम करणे आरोग्यासाठी चांगले असते.,𑘨𑘻𑘕 𑘪𑘿𑘧𑘰𑘧𑘰𑘦 𑘎𑘨𑘜𑘹 𑘁𑘨𑘻𑘐𑘿𑘧𑘰𑘭𑘰𑘙𑘲 𑘓𑘰𑘽𑘐𑘩𑘹 𑘀𑘭𑘝𑘹.,21
data/synthetic/images/line_0021_v018.png,रोज व्यायाम करणे आरोग्यासाठी चांगले असते.,𑘨𑘻𑘕 𑘪𑘿𑘧𑘰𑘧𑘰𑘦 𑘎𑘨𑘜𑘹 𑘁𑘨𑘻𑘐𑘿𑘧𑘰𑘭𑘰𑘙𑘲 𑘓𑘰𑘽𑘐𑘩𑘹 𑘀𑘭𑘝𑘹.,21
data/synthetic/images/line_0021_v019.png,रोज व्यायाम करणे आरोग्यासाठी चांगले असते.,𑘨𑘻𑘕 𑘪𑘿𑘧𑘰𑘧𑘰𑘦 𑘎𑘨𑘜𑘹 𑘁𑘨𑘻𑘐𑘿𑘧𑘰𑘭𑘰𑘙𑘲 𑘓𑘰𑘽𑘐𑘩𑘹 𑘀𑘭𑘝𑘹.,21
data/synthetic/images/line_0021_v020.png,रोज व्यायाम करणे आरोग्यासाठी चांगले असते.,𑘨𑘻𑘕 𑘪𑘿𑘧𑘰𑘧𑘰𑘦 𑘎𑘨𑘜𑘹 𑘁𑘨𑘻𑘐𑘿𑘧𑘰𑘭𑘰𑘙𑘲 𑘓𑘰𑘽𑘐𑘩𑘹 𑘀𑘭𑘝𑘹.,21
data/synthetic/images/line_0021_v021.png,रोज व्यायाम करणे आरोग्यासाठी चांगले असते.,𑘨𑘻𑘕 𑘪𑘿𑘧𑘰𑘧𑘰𑘦 𑘎𑘨𑘜𑘹 𑘁𑘨𑘻𑘐𑘿𑘧𑘰𑘭𑘰𑘙𑘲 𑘓𑘰𑘽𑘐𑘩𑘹 𑘀𑘭𑘝𑘹.,21
data/synthetic/images/line_0021_v022.png,रोज व्यायाम करणे आरोग्यासाठी चांगले असते.,𑘨𑘻𑘕 𑘪𑘿𑘧𑘰𑘧𑘰𑘦 𑘎𑘨𑘜𑘹 𑘁𑘨𑘻𑘐𑘿𑘧𑘰𑘭𑘰𑘙𑘲 𑘓𑘰𑘽𑘐𑘩𑘹 𑘀𑘭𑘝𑘹.,21
data/synthetic/images/line_0021_v023.png,रोज व्यायाम करणे आरोग्यासाठी चांगले असते.,𑘨𑘻𑘕 𑘪𑘿𑘧𑘰𑘧𑘰𑘦 𑘎𑘨𑘜𑘹 𑘁𑘨𑘻𑘐𑘿𑘧𑘰𑘭𑘰𑘙𑘲 𑘓𑘰𑘽𑘐𑘩𑘹 𑘀𑘭𑘝𑘹.,21
data/synthetic/images/line_0021_v024.png,रोज व्यायाम करणे आरोग्यासाठी चांगले असते.,𑘨𑘻𑘕 𑘪𑘿𑘧𑘰𑘧𑘰𑘦 𑘎𑘨𑘜𑘹 𑘁𑘨𑘻𑘐𑘿𑘧𑘰𑘭𑘰𑘙𑘲 𑘓𑘰𑘽𑘐𑘩𑘹 𑘀𑘭𑘝𑘹.,21
data/synthetic/images/line_0021_v025.png,रोज व्यायाम करणे आरोग्यासाठी चांगले असते.,𑘨𑘻𑘕 𑘪𑘿𑘧𑘰𑘧𑘰𑘦 𑘎𑘨𑘜𑘹 𑘁𑘨𑘻𑘐𑘿𑘧𑘰𑘭𑘰𑘙𑘲 𑘓𑘰𑘽𑘐𑘩𑘹 𑘀𑘭𑘝𑘹.,21
data/synthetic/images/line_0021_v026.png,रोज व्यायाम करणे आरोग्यासाठी चांगले असते.,𑘨𑘻𑘕 𑘪𑘿𑘧𑘰𑘧𑘰𑘦 𑘎𑘨𑘜𑘹 𑘁𑘨𑘻𑘐𑘿𑘧𑘰𑘭𑘰𑘙𑘲 𑘓𑘰𑘽𑘐𑘩𑘹 𑘀𑘭𑘝𑘹.,21
data/synthetic/images/line_0021_v027.png,रोज व्यायाम करणे आरोग्यासाठी चांगले असते.,𑘨𑘻𑘕 𑘪𑘿𑘧𑘰𑘧𑘰𑘦 𑘎𑘨𑘜𑘹 𑘁𑘨𑘻𑘐𑘿𑘧𑘰𑘭𑘰𑘙𑘲 𑘓𑘰𑘽𑘐𑘩𑘹 𑘀𑘭𑘝𑘹.,21
data/synthetic/images/line_0021_v028.png,रोज व्यायाम करणे आरोग्यासाठी चांगले असते.,𑘨𑘻𑘕 𑘪𑘿𑘧𑘰𑘧𑘰𑘦 𑘎𑘨𑘜𑘹 𑘁𑘨𑘻𑘐𑘿𑘧𑘰𑘭𑘰𑘙𑘲 𑘓𑘰𑘽𑘐𑘩𑘹 𑘀𑘭𑘝𑘹.,21
data/synthetic/images/line_0021_v029.png,रोज व्यायाम करणे आरोग्यासाठी चांगले असते.,𑘨𑘻𑘕 𑘪𑘿𑘧𑘰𑘧𑘰𑘦 𑘎𑘨𑘜𑘹 𑘁𑘨𑘻𑘐𑘿𑘧𑘰𑘭𑘰𑘙𑘲 𑘓𑘰𑘽𑘐𑘩𑘹 𑘀𑘭𑘝𑘹.,21
data/synthetic/images/line_0021_v030.png,रोज व्यायाम करणे आरोग्यासाठी चांगले असते.,𑘨𑘻𑘕 𑘪𑘿𑘧𑘰𑘧𑘰𑘦 𑘎𑘨𑘜𑘹 𑘁𑘨𑘻𑘐𑘿𑘧𑘰𑘭𑘰𑘙𑘲 𑘓𑘰𑘽𑘐𑘩𑘹 𑘀𑘭𑘝𑘹.,21
data/synthetic/images/line_0021_v031.png,रोज व्यायाम करणे आरोग्यासाठी चांगले असते.,𑘨𑘻𑘕 𑘪𑘿𑘧𑘰𑘧𑘰𑘦 𑘎𑘨𑘜𑘹 𑘁𑘨𑘻𑘐𑘿𑘧𑘰𑘭𑘰𑘙𑘲 𑘓𑘰𑘽𑘐𑘩𑘹 𑘀𑘭𑘝𑘹.,21
data/synthetic/images/line_0021_v032.png,रोज व्यायाम करणे आरोग्यासाठी चांगले असते.,𑘨𑘻𑘕 𑘪𑘿𑘧𑘰𑘧𑘰𑘦 𑘎𑘨𑘜𑘹 𑘁𑘨𑘻𑘐𑘿𑘧𑘰𑘭𑘰𑘙𑘲 𑘓𑘰𑘽𑘐𑘩𑘹 𑘀𑘭𑘝𑘹.,21
data/synthetic/images/line_0021_v033.png,रोज व्यायाम करणे आरोग्यासाठी चांगले असते.,𑘨𑘻𑘕 𑘪𑘿𑘧𑘰𑘧𑘰𑘦 𑘎𑘨𑘜𑘹 𑘁𑘨𑘻𑘐𑘿𑘧𑘰𑘭𑘰𑘙𑘲 𑘓𑘰𑘽𑘐𑘩𑘹 𑘀𑘭𑘝𑘹.,21
data/synthetic/images/line_0021_v034.png,रोज व्यायाम करणे आरोग्यासाठी चांगले असते.,𑘨𑘻𑘕 𑘪𑘿𑘧𑘰𑘧𑘰𑘦 𑘎𑘨𑘜𑘹 𑘁𑘨𑘻𑘐𑘿𑘧𑘰𑘭𑘰𑘙𑘲 𑘓𑘰𑘽𑘐𑘩𑘹 𑘀𑘭𑘝𑘹.,21
data/synthetic/images/line_0021_v035.png,रोज व्यायाम करणे आरोग्यासाठी चांगले असते.,𑘨𑘻𑘕 𑘪𑘿𑘧𑘰𑘧𑘰𑘦 𑘎𑘨𑘜𑘹 𑘁𑘨𑘻𑘐𑘿𑘧𑘰𑘭𑘰𑘙𑘲 𑘓𑘰𑘽𑘐𑘩𑘹 𑘀𑘭𑘝𑘹.,21
data/synthetic/images/line_0021_v036.png,रोज व्यायाम करणे आरोग्यासाठी चांगले असते.,𑘨𑘻𑘕 𑘪𑘿𑘧𑘰𑘧𑘰𑘦 𑘎𑘨𑘜𑘹 𑘁𑘨𑘻𑘐𑘿𑘧𑘰𑘭𑘰𑘙𑘲 𑘓𑘰𑘽𑘐𑘩𑘹 𑘀𑘭𑘝𑘹.,21
data/synthetic/images/line_0021_v037.png,रोज व्यायाम करणे आरोग्यासाठी चांगले असते.,𑘨𑘻𑘕 𑘪𑘿𑘧𑘰𑘧𑘰𑘦 𑘎𑘨𑘜𑘹 𑘁𑘨𑘻𑘐𑘿𑘧𑘰𑘭𑘰𑘙𑘲 𑘓𑘰𑘽𑘐𑘩𑘹 𑘀𑘭𑘝𑘹.,21
data/synthetic/images/line_0021_v038.png,रोज व्यायाम करणे आरोग्यासाठी चांगले असते.,𑘨𑘻𑘕 𑘪𑘿𑘧𑘰𑘧𑘰𑘦 𑘎𑘨𑘜𑘹 𑘁𑘨𑘻𑘐𑘿𑘧𑘰𑘭𑘰𑘙𑘲 𑘓𑘰𑘽𑘐𑘩𑘹 𑘀𑘭𑘝𑘹.,21
data/synthetic/images/line_0021_v039.png,रोज व्यायाम करणे आरोग्यासाठी चांगले असते.,𑘨𑘻𑘕 𑘪𑘿𑘧𑘰𑘧𑘰𑘦 𑘎𑘨𑘜𑘹 𑘁𑘨𑘻𑘐𑘿𑘧𑘰𑘭𑘰𑘙𑘲 𑘓𑘰𑘽𑘐𑘩𑘹 𑘀𑘭𑘝𑘹.,21
data/synthetic/images/line_0022_v000.png,पाणी जीवनासाठी आवश्यक आहे.,𑘢𑘰𑘜𑘲 𑘕𑘲𑘪𑘡𑘰𑘭𑘰𑘙𑘲 𑘁𑘪𑘫𑘿𑘧𑘎 𑘁𑘮𑘹.,22
data/synthetic/images/line_0022_v001.png,पाणी जीवनासाठी आवश्यक आहे.,𑘢𑘰𑘜𑘲 𑘕𑘲𑘪𑘡𑘰𑘭𑘰𑘙𑘲 𑘁𑘪𑘫𑘿𑘧𑘎 𑘁𑘮𑘹.,22
data/synthetic/images/line_0022_v002.png,पाणी जीवनासाठी आवश्यक आहे.,𑘢𑘰𑘜𑘲 𑘕𑘲𑘪𑘡𑘰𑘭𑘰𑘙𑘲 𑘁𑘪𑘫𑘿𑘧𑘎 𑘁𑘮𑘹.,22
data/synthetic/images/line_0022_v003.png,पाणी जीवनासाठी आवश्यक आहे.,𑘢𑘰𑘜𑘲 𑘕𑘲𑘪𑘡𑘰𑘭𑘰𑘙𑘲 𑘁𑘪𑘫𑘿𑘧𑘎 𑘁𑘮𑘹.,22
data/synthetic/images/line_0022_v004.png,पाणी जीवनासाठी आवश्यक आहे.,𑘢𑘰𑘜𑘲 𑘕𑘲𑘪𑘡𑘰𑘭𑘰𑘙𑘲 𑘁𑘪𑘫𑘿𑘧𑘎 𑘁𑘮𑘹.,22
data/synthetic/images/line_0022_v005.png,पाणी जीवनासाठी आवश्यक आहे.,𑘢𑘰𑘜𑘲 𑘕𑘲𑘪𑘡𑘰𑘭𑘰𑘙𑘲 𑘁𑘪𑘫𑘿𑘧𑘎 𑘁𑘮𑘹.,22
data/synthetic/images/line_0022_v006.png,पाणी जीवनासाठी आवश्यक आहे.,𑘢𑘰𑘜𑘲 𑘕𑘲𑘪𑘡𑘰𑘭𑘰𑘙𑘲 𑘁𑘪𑘫𑘿𑘧𑘎 𑘁𑘮𑘹.,22
data/synthetic/images/line_0022_v007.png,पाणी जीवनासाठी आवश्यक आहे.,𑘢𑘰𑘜𑘲 𑘕𑘲𑘪𑘡𑘰𑘭𑘰𑘙𑘲 𑘁𑘪𑘫𑘿𑘧𑘎 𑘁𑘮𑘹.,22
data/synthetic/images/line_0022_v008.png,पाणी जीवनासाठी आवश्यक आहे.,𑘢𑘰𑘜𑘲 𑘕𑘲𑘪𑘡𑘰𑘭𑘰𑘙𑘲 𑘁𑘪𑘫𑘿𑘧𑘎 𑘁𑘮𑘹.,22
data/synthetic/images/line_0022_v009.png,पाणी जीवनासाठी आवश्यक आहे.,𑘢𑘰𑘜𑘲 𑘕𑘲𑘪𑘡𑘰𑘭𑘰𑘙𑘲 𑘁𑘪𑘫𑘿𑘧𑘎 𑘁𑘮𑘹.,22
data/synthetic/images/line_0022_v010.png,पाणी जीवनासाठी आवश्यक आहे.,𑘢𑘰𑘜𑘲 𑘕𑘲𑘪𑘡𑘰𑘭𑘰𑘙𑘲 𑘁𑘪𑘫𑘿𑘧𑘎 𑘁𑘮𑘹.,22
data/synthetic/images/line_0022_v011.png,पाणी जीवनासाठी आवश्यक आहे.,𑘢𑘰𑘜𑘲 𑘕𑘲𑘪𑘡𑘰𑘭𑘰𑘙𑘲 𑘁𑘪𑘫𑘿𑘧𑘎 𑘁𑘮𑘹.,22
data/synthetic/images/line_0022_v012.png,पाणी जीवनासाठी आवश्यक आहे.,𑘢𑘰𑘜𑘲 𑘕𑘲𑘪𑘡𑘰𑘭𑘰𑘙𑘲 𑘁𑘪𑘫𑘿𑘧𑘎 𑘁𑘮𑘹.,22
data/synthetic/images/line_0022_v013.png,पाणी जीवनासाठी आवश्यक आहे.,𑘢𑘰𑘜𑘲 𑘕𑘲𑘪𑘡𑘰𑘭𑘰𑘙𑘲 𑘁𑘪𑘫𑘿𑘧𑘎 𑘁𑘮𑘹.,22
data/synthetic/images/line_0022_v014.png,पाणी जीवनासाठी आवश्यक आहे.,𑘢𑘰𑘜𑘲 𑘕𑘲𑘪𑘡𑘰𑘭𑘰𑘙𑘲 𑘁𑘪𑘫𑘿𑘧𑘎 𑘁𑘮𑘹.,22
data/synthetic/images/line_0022_v015.png,पाणी जीवनासाठी आवश्यक आहे.,𑘢𑘰𑘜𑘲 𑘕𑘲𑘪𑘡𑘰𑘭𑘰𑘙𑘲 𑘁𑘪𑘫𑘿𑘧𑘎 𑘁𑘮𑘹.,22
data/synthetic/images/line_0022_v016.png,पाणी जीवनासाठी आवश्यक आहे.,𑘢𑘰𑘜𑘲 𑘕𑘲𑘪𑘡𑘰𑘭𑘰𑘙𑘲 𑘁𑘪𑘫𑘿𑘧𑘎 𑘁𑘮𑘹.,22
data/synthetic/images/line_0022_v017.png,पाणी जीवनासाठी आवश्यक आहे.,𑘢𑘰𑘜𑘲 𑘕𑘲𑘪𑘡𑘰𑘭𑘰𑘙𑘲 𑘁𑘪𑘫𑘿𑘧𑘎 𑘁𑘮𑘹.,22
data/synthetic/images/line_0022_v018.png,पाणी जीवनासाठी आवश्यक आहे.,𑘢𑘰𑘜𑘲 𑘕𑘲𑘪𑘡𑘰𑘭𑘰𑘙𑘲 𑘁𑘪𑘫𑘿𑘧𑘎 𑘁𑘮𑘹.,22
data/synthetic/images/line_0022_v019.png,पाणी जीवनासाठी आवश्यक आहे.,𑘢𑘰𑘜𑘲 𑘕𑘲𑘪𑘡𑘰𑘭𑘰𑘙𑘲 𑘁𑘪𑘫𑘿𑘧𑘎 𑘁𑘮𑘹.,22
data/synthetic/images/line_0022_v020.png,पाणी जीवनासाठी आवश्यक आहे.,𑘢𑘰𑘜𑘲 𑘕𑘲𑘪𑘡𑘰𑘭𑘰𑘙𑘲 𑘁𑘪𑘫𑘿𑘧𑘎 𑘁𑘮𑘹.,22
data/synthetic/images/line_0022_v021.png,पाणी जीवनासाठी आवश्यक आहे.,𑘢𑘰𑘜𑘲 𑘕𑘲𑘪𑘡𑘰𑘭𑘰𑘙𑘲 𑘁𑘪𑘫𑘿𑘧𑘎 𑘁𑘮𑘹.,22
data/synthetic/images/line_0022_v022.png,पाणी जीवनासाठी आवश्यक आहे.,𑘢𑘰𑘜𑘲 𑘕𑘲𑘪𑘡𑘰𑘭𑘰𑘙𑘲 𑘁𑘪𑘫𑘿𑘧𑘎 𑘁𑘮𑘹.,22
data/synthetic/images/line_0022_v023.png,पाणी जीवनासाठी आवश्यक आहे.,𑘢𑘰𑘜𑘲 𑘕𑘲𑘪𑘡𑘰𑘭𑘰𑘙𑘲 𑘁𑘪𑘫𑘿𑘧𑘎 𑘁𑘮𑘹.,22
data/synthetic/images/line_0022_v024.png,पाणी जीवनासाठी आवश्यक आहे.,𑘢𑘰𑘜𑘲 𑘕𑘲𑘪𑘡𑘰𑘭𑘰𑘙𑘲 𑘁𑘪𑘫𑘿𑘧𑘎 𑘁𑘮𑘹.,22
data/synthetic/images/line_0022_v025.png,पाणी जीवनासाठी आवश्यक आहे.,𑘢𑘰𑘜𑘲 𑘕𑘲𑘪𑘡𑘰𑘭𑘰𑘙𑘲 𑘁𑘪𑘫𑘿𑘧𑘎 𑘁𑘮𑘹.,22
data/synthetic/images/line_0022_v026.png,पाणी जीवनासाठी आवश्यक आहे.,𑘢𑘰𑘜𑘲 𑘕𑘲𑘪𑘡𑘰𑘭𑘰𑘙𑘲 𑘁𑘪𑘫𑘿𑘧𑘎 𑘁𑘮𑘹.,22
data/synthetic/images/line_0022_v027.png,पाणी जीवनासाठी आवश्यक आहे.,𑘢𑘰𑘜𑘲 𑘕𑘲𑘪𑘡𑘰𑘭𑘰𑘙𑘲 𑘁𑘪𑘫𑘿𑘧𑘎 𑘁𑘮𑘹.,22
data/synthetic/images/line_0022_v028.png,पाणी जीवनासाठी आवश्यक आहे.,𑘢𑘰𑘜𑘲 𑘕𑘲𑘪𑘡𑘰𑘭𑘰𑘙𑘲 𑘁𑘪𑘫𑘿𑘧𑘎 𑘁𑘮𑘹.,22
data/synthetic/images/line_0022_v029.png,पाणी जीवनासाठी आवश्यक आहे.,𑘢𑘰𑘜𑘲 𑘕𑘲𑘪𑘡𑘰𑘭𑘰𑘙𑘲 𑘁𑘪𑘫𑘿𑘧𑘎 𑘁𑘮𑘹.,22
data/synthetic/images/line_0022_v030.png,पाणी जीवनासाठी आवश्यक आहे.,𑘢𑘰𑘜𑘲 𑘕𑘲𑘪𑘡𑘰𑘭𑘰𑘙𑘲 𑘁𑘪𑘫𑘿𑘧𑘎 𑘁𑘮𑘹.,22
data/synthetic/images/line_0022_v031.png,पाणी जीवनासाठी आवश्यक आहे.,𑘢𑘰𑘜𑘲 𑘕𑘲𑘪𑘡𑘰𑘭𑘰𑘙𑘲 𑘁𑘪𑘫𑘿𑘧𑘎 𑘁𑘮𑘹.,22
data/synthetic/images/line_0022_v032.png,पाणी जीवनासाठी आवश्यक आहे.,𑘢𑘰𑘜𑘲 𑘕𑘲𑘪𑘡𑘰𑘭𑘰𑘙𑘲 𑘁𑘪𑘫𑘿𑘧𑘎 𑘁𑘮𑘹.,22
data/synthetic/images/line_0022_v033.png,पाणी जीवनासाठी आवश्यक आहे.,𑘢𑘰𑘜𑘲 𑘕𑘲𑘪𑘡𑘰𑘭𑘰𑘙𑘲 𑘁𑘪𑘫𑘿𑘧𑘎 𑘁𑘮𑘹.,22
data/synthetic/images/line_0022_v034.png,पाणी जीवनासाठी आवश्यक आहे.,𑘢𑘰𑘜𑘲 𑘕𑘲𑘪𑘡𑘰𑘭𑘰𑘙𑘲 𑘁𑘪𑘫𑘿𑘧𑘎 𑘁𑘮𑘹.,22
data/synthetic/images/line_0022_v035.png,पाणी जीवनासाठी आवश्यक आहे.,𑘢𑘰𑘜𑘲 𑘕𑘲𑘪𑘡𑘰𑘭𑘰𑘙𑘲 𑘁𑘪𑘫𑘿𑘧𑘎 𑘁𑘮𑘹.,22
data/synthetic/images/line_0022_v036.png,पाणी जीवनासाठी आवश्यक आहे.,𑘢𑘰𑘜𑘲 𑘕𑘲𑘪𑘡𑘰𑘭𑘰𑘙𑘲 𑘁𑘪𑘫𑘿𑘧𑘎 𑘁𑘮𑘹.,22
data/synthetic/images/line_0022_v037.png,पाणी जीवनासाठी आवश्यक आहे.,𑘢𑘰𑘜𑘲 𑘕𑘲𑘪𑘡𑘰𑘭𑘰𑘙𑘲 𑘁𑘪𑘫𑘿𑘧𑘎 𑘁𑘮𑘹.,22
data/synthetic/images/line_0022_v038.png,पाणी जीवनासाठी आवश्यक आहे.,𑘢𑘰𑘜𑘲 𑘕𑘲𑘪𑘡𑘰𑘭𑘰𑘙𑘲 𑘁𑘪𑘫𑘿𑘧𑘎 𑘁𑘮𑘹.,22
data/synthetic/images/line_0022_v039.png,पाणी जीवनासाठी आवश्यक आहे.,𑘢𑘰𑘜𑘲 𑘕𑘲𑘪𑘡𑘰𑘭𑘰𑘙𑘲 𑘁𑘪𑘫𑘿𑘧𑘎 𑘁𑘮𑘹.,22
data/synthetic/images/line_0023_v000.png,नदीचे पाणी स्वच्छ ठेवावे.,𑘡𑘟𑘲𑘓𑘹 𑘢𑘰𑘜𑘲 𑘭𑘿𑘪𑘓𑘿𑘔 𑘙𑘹𑘪𑘰𑘪𑘹.,23
data/synthetic/images/line_0023_v001.png,नदीचे पाणी स्वच्छ ठेवावे.,𑘡𑘟𑘲𑘓𑘹 𑘢𑘰𑘜𑘲 𑘭𑘿𑘪𑘓𑘿𑘔 𑘙𑘹𑘪𑘰𑘪𑘹.,23
data/synthetic/images/line_0023_v002.png,नदीचे पाणी स्वच्छ ठेवावे.,𑘡𑘟𑘲𑘓𑘹 𑘢𑘰𑘜𑘲 𑘭𑘿𑘪𑘓𑘿𑘔 𑘙𑘹𑘪𑘰𑘪𑘹.,23
data/synthetic/images/line_0023_v003.png,नदीचे पाणी स्वच्छ ठेवावे.,𑘡𑘟𑘲𑘓𑘹 𑘢𑘰𑘜𑘲 𑘭𑘿𑘪𑘓𑘿𑘔 𑘙𑘹𑘪𑘰𑘪𑘹.,23
data/synthetic/images/line_0023_v004.png,नदीचे पाणी स्वच्छ ठेवावे.,𑘡𑘟𑘲𑘓𑘹 𑘢𑘰𑘜𑘲 𑘭𑘿𑘪𑘓𑘿𑘔 𑘙𑘹𑘪𑘰𑘪𑘹.,23
data/synthetic/images/line_0023_v005.png,नदीचे पाणी स्वच्छ ठेवावे.,𑘡𑘟𑘲𑘓𑘹 𑘢𑘰𑘜𑘲 𑘭𑘿𑘪𑘓𑘿𑘔 𑘙𑘹𑘪𑘰𑘪𑘹.,23
data/synthetic/images/line_0023_v006.png,नदीचे पाणी स्वच्छ ठेवावे.,𑘡𑘟𑘲𑘓𑘹 𑘢𑘰𑘜𑘲 𑘭𑘿𑘪𑘓𑘿𑘔 𑘙𑘹𑘪𑘰𑘪𑘹.,23
data/synthetic/images/line_0023_v007.png,नदीचे पाणी स्वच्छ ठेवावे.,𑘡𑘟𑘲𑘓𑘹 𑘢𑘰𑘜𑘲 𑘭𑘿𑘪𑘓𑘿𑘔 𑘙𑘹𑘪𑘰𑘪𑘹.,23
data/synthetic/images/line_0023_v008.png,नदीचे पाणी स्वच्छ ठेवावे.,𑘡𑘟𑘲𑘓𑘹 𑘢𑘰𑘜𑘲 𑘭𑘿𑘪𑘓𑘿𑘔 𑘙𑘹𑘪𑘰𑘪𑘹.,23
data/synthetic/images/line_0023_v009.png,नदीचे पाणी स्वच्छ ठेवावे.,𑘡𑘟𑘲𑘓𑘹 𑘢𑘰𑘜𑘲 𑘭𑘿𑘪𑘓𑘿𑘔 𑘙𑘹𑘪𑘰𑘪𑘹.,23
data/synthetic/images/line_0023_v010.png,नदीचे पाणी स्वच्छ ठेवावे.,𑘡𑘟𑘲𑘓𑘹 𑘢𑘰𑘜𑘲 𑘭𑘿𑘪𑘓𑘿𑘔 𑘙𑘹𑘪𑘰𑘪𑘹.,23
data/synthetic/images/line_0023_v011.png,नदीचे पाणी स्वच्छ ठेवावे.,𑘡𑘟𑘲𑘓𑘹 𑘢𑘰𑘜𑘲 𑘭𑘿𑘪𑘓𑘿𑘔 𑘙𑘹𑘪𑘰𑘪𑘹.,23
data/synthetic/images/line_0023_v012.png,नदीचे पाणी स्वच्छ ठेवावे.,𑘡𑘟𑘲𑘓𑘹 𑘢𑘰𑘜𑘲 𑘭𑘿𑘪𑘓𑘿𑘔 𑘙𑘹𑘪𑘰𑘪𑘹.,23
data/synthetic/images/line_0023_v013.png,नदीचे पाणी स्वच्छ ठेवावे.,𑘡𑘟𑘲𑘓𑘹 𑘢𑘰𑘜𑘲 𑘭𑘿𑘪𑘓𑘿𑘔 𑘙𑘹𑘪𑘰𑘪𑘹.,23
data/synthetic/images/line_0023_v014.png,नदीचे पाणी स्वच्छ ठेवावे.,𑘡𑘟𑘲𑘓𑘹 𑘢𑘰𑘜𑘲 𑘭𑘿𑘪𑘓𑘿𑘔 𑘙𑘹𑘪𑘰𑘪𑘹.,23
data/synthetic/images/line_0023_v015.png,नदीचे पाणी स्वच्छ ठेवावे.,𑘡𑘟𑘲𑘓𑘹 𑘢𑘰𑘜𑘲 𑘭𑘿𑘪𑘓𑘿𑘔 𑘙𑘹𑘪𑘰𑘪𑘹.,23
data/synthetic/images/line_0023_v016.png,नदीचे पाणी स्वच्छ ठेवावे.,𑘡𑘟𑘲𑘓𑘹 𑘢𑘰𑘜𑘲 𑘭𑘿𑘪𑘓𑘿𑘔 𑘙𑘹𑘪𑘰𑘪𑘹.,23
data/synthetic/images/line_0023_v017.png,नदीचे पाणी स्वच्छ ठेवावे.,𑘡𑘟𑘲𑘓𑘹 𑘢𑘰𑘜𑘲 𑘭𑘿𑘪𑘓𑘿𑘔 𑘙𑘹𑘪𑘰𑘪𑘹.,23
data/synthetic/images/line_0023_v018.png,नदीचे पाणी स्वच्छ ठेवावे.,𑘡𑘟𑘲𑘓𑘹 𑘢𑘰𑘜𑘲 𑘭𑘿𑘪𑘓𑘿𑘔 𑘙𑘹𑘪𑘰𑘪𑘹.,23
data/synthetic/images/line_0023_v019.png,नदीचे पाणी स्वच्छ ठेवावे.,𑘡𑘟𑘲𑘓𑘹 𑘢𑘰𑘜𑘲 𑘭𑘿𑘪𑘓𑘿𑘔 𑘙𑘹𑘪𑘰𑘪𑘹.,23
data/synthetic/images/line_0023_v020.png,नदीचे पाणी स्वच्छ ठेवावे.,𑘡𑘟𑘲𑘓𑘹 𑘢𑘰𑘜𑘲 𑘭𑘿𑘪𑘓𑘿𑘔 𑘙𑘹𑘪𑘰𑘪𑘹.,23
data/synthetic/images/line_0023_v021.png,नदीचे पाणी स्वच्छ ठेवावे.,𑘡𑘟𑘲𑘓𑘹 𑘢𑘰𑘜𑘲 𑘭𑘿𑘪𑘓𑘿𑘔 𑘙𑘹𑘪𑘰𑘪𑘹.,23
data/synthetic/images/line_0023_v022.png,नदीचे पाणी स्वच्छ ठेवावे.,𑘡𑘟𑘲𑘓𑘹 𑘢𑘰𑘜𑘲 𑘭𑘿𑘪𑘓𑘿𑘔 𑘙𑘹𑘪𑘰𑘪𑘹.,23
data/synthetic/images/line_0023_v023.png,नदीचे पाणी स्वच्छ ठेवावे.,𑘡𑘟𑘲𑘓𑘹 𑘢𑘰𑘜𑘲 𑘭𑘿𑘪𑘓𑘿𑘔 𑘙𑘹𑘪𑘰𑘪𑘹.,23
data/synthetic/images/line_0023_v024.png,नदीचे पाणी स्वच्छ ठेवावे.,𑘡𑘟𑘲𑘓𑘹 𑘢𑘰𑘜𑘲 𑘭𑘿𑘪𑘓𑘿𑘔 𑘙𑘹𑘪𑘰𑘪𑘹.,23
data/synthetic/images/line_0023_v025.png,नदीचे पाणी स्वच्छ ठेवावे.,𑘡𑘟𑘲𑘓𑘹 𑘢𑘰𑘜𑘲 𑘭𑘿𑘪𑘓𑘿𑘔 𑘙𑘹𑘪𑘰𑘪𑘹.,23
data/synthetic/images/line_0023_v026.png,नदीचे पाणी स्वच्छ ठेवावे.,𑘡𑘟𑘲𑘓𑘹 𑘢𑘰𑘜𑘲 𑘭𑘿𑘪𑘓𑘿𑘔 𑘙𑘹𑘪𑘰𑘪𑘹.,23
data/synthetic/images/line_0023_v027.png,नदीचे पाणी स्वच्छ ठेवावे.,𑘡𑘟𑘲𑘓𑘹 𑘢𑘰𑘜𑘲 𑘭𑘿𑘪𑘓𑘿𑘔 𑘙𑘹𑘪𑘰𑘪𑘹.,23
data/synthetic/images/line_0023_v028.png,नदीचे पाणी स्वच्छ ठेवावे.,𑘡𑘟𑘲𑘓𑘹 𑘢𑘰𑘜𑘲 𑘭𑘿𑘪𑘓𑘿𑘔 𑘙𑘹𑘪𑘰𑘪𑘹.,23
data/synthetic/images/line_0023_v029.png,नदीचे पाणी स्वच्छ ठेवावे.,𑘡𑘟𑘲𑘓𑘹 𑘢𑘰𑘜𑘲 𑘭𑘿𑘪𑘓𑘿𑘔 𑘙𑘹𑘪𑘰𑘪𑘹.,23
data/synthetic/images/line_0023_v030.png,नदीचे पाणी स्वच्छ ठेवावे.,𑘡𑘟𑘲𑘓𑘹 𑘢𑘰𑘜𑘲 𑘭𑘿𑘪𑘓𑘿𑘔 𑘙𑘹𑘪𑘰𑘪𑘹.,23
data/synthetic/images/line_0023_v031.png,नदीचे पाणी स्वच्छ ठेवावे.,𑘡𑘟𑘲𑘓𑘹 𑘢𑘰𑘜𑘲 𑘭𑘿𑘪𑘓𑘿𑘔 𑘙𑘹𑘪𑘰𑘪𑘹.,23
data/synthetic/images/line_0023_v032.png,नदीचे पाणी स्वच्छ ठेवावे.,𑘡𑘟𑘲𑘓𑘹 𑘢𑘰𑘜𑘲 𑘭𑘿𑘪𑘓𑘿𑘔 𑘙𑘹𑘪𑘰𑘪𑘹.,23
data/synthetic/images/line_0023_v033.png,नदीचे पाणी स्वच्छ ठेवावे.,𑘡𑘟𑘲𑘓𑘹 𑘢𑘰𑘜𑘲 𑘭𑘿𑘪𑘓𑘿𑘔 𑘙𑘹𑘪𑘰𑘪𑘹.,23
data/synthetic/images/line_0023_v034.png,नदीचे पाणी स्वच्छ ठेवावे.,𑘡𑘟𑘲𑘓𑘹 𑘢𑘰𑘜𑘲 𑘭𑘿𑘪𑘓𑘿𑘔 𑘙𑘹𑘪𑘰𑘪𑘹.,23
data/synthetic/images/line_0023_v035.png,नदीचे पाणी स्वच्छ ठेवावे.,𑘡𑘟𑘲𑘓𑘹 𑘢𑘰𑘜𑘲 𑘭𑘿𑘪𑘓𑘿𑘔 𑘙𑘹𑘪𑘰𑘪𑘹.,23
data/synthetic/images/line_0023_v036.png,नदीचे पाणी स्वच्छ ठेवावे.,𑘡𑘟𑘲𑘓𑘹 𑘢𑘰𑘜𑘲 𑘭𑘿𑘪𑘓𑘿𑘔 𑘙𑘹𑘪𑘰𑘪𑘹.,23
data/synthetic/images/line_0023_v037.png,नदीचे पाणी स्वच्छ ठेवावे.,𑘡𑘟𑘲𑘓𑘹 𑘢𑘰𑘜𑘲 𑘭𑘿𑘪𑘓𑘿𑘔 𑘙𑘹𑘪𑘰𑘪𑘹.,23
data/synthetic/images/line_0023_v038.png,नदीचे पाणी स्वच्छ ठेवावे.,𑘡𑘟𑘲𑘓𑘹 𑘢𑘰𑘜𑘲 𑘭𑘿𑘪𑘓𑘿𑘔 𑘙𑘹𑘪𑘰𑘪𑘹.,23
data/synthetic/images/line_0023_v039.png,नदीचे पाणी स्वच्छ ठेवावे.,𑘡𑘟𑘲𑘓𑘹 𑘢𑘰𑘜𑘲 𑘭𑘿𑘪𑘓𑘿𑘔 𑘙𑘹𑘪𑘰𑘪𑘹.,23
data/synthetic/images/line_0024_v000.png,आई स्वयंपाक घरात काम करते.,𑘁𑘃 𑘭𑘿𑘪𑘧𑘽𑘢𑘰𑘎 𑘑𑘨𑘰𑘝 𑘎𑘰𑘦 𑘎𑘨𑘝𑘹.,24
data/synthetic/images/line_0024_v001.png,आई स्वयंपाक घरात काम करते.,𑘁𑘃 𑘭𑘿𑘪𑘧𑘽𑘢𑘰𑘎 𑘑𑘨𑘰𑘝 𑘎𑘰𑘦 𑘎𑘨𑘝𑘹.,24
data/synthetic/images/line_0024_v002.png,आई स्वयंपाक घरात काम करते.,𑘁𑘃 𑘭𑘿𑘪𑘧𑘽𑘢𑘰𑘎 𑘑𑘨𑘰𑘝 𑘎𑘰𑘦 𑘎𑘨𑘝𑘹.,24
data/synthetic/images/line_0024_v003.png,आई स्वयंपाक घरात काम करते.,𑘁𑘃 𑘭𑘿𑘪𑘧𑘽𑘢𑘰𑘎 𑘑𑘨𑘰𑘝 𑘎𑘰𑘦 𑘎𑘨𑘝𑘹.,24
data/synthetic/images/line_0024_v004.png,आई स्वयंपाक घरात काम करते.,𑘁𑘃 𑘭𑘿𑘪𑘧𑘽𑘢𑘰𑘎 𑘑𑘨𑘰𑘝 𑘎𑘰𑘦 𑘎𑘨𑘝𑘹.,24
data/synthetic/images/line_0024_v005.png,आई स्वयंपाक घरात काम करते.,𑘁𑘃 𑘭𑘿𑘪𑘧𑘽𑘢𑘰𑘎 𑘑𑘨𑘰𑘝 𑘎𑘰𑘦 𑘎𑘨𑘝𑘹.,24
data/synthetic/images/line_0024_v006.png,आई स्वयंपाक घरात काम करते.,𑘁𑘃 𑘭𑘿𑘪𑘧𑘽𑘢𑘰𑘎 𑘑𑘨𑘰𑘝 𑘎𑘰𑘦 𑘎𑘨𑘝𑘹.,24
data/synthetic/images/line_0024_v007.png,आई स्वयंपाक घरात काम करते.,𑘁𑘃 𑘭𑘿𑘪𑘧𑘽𑘢𑘰𑘎 𑘑𑘨𑘰𑘝 𑘎𑘰𑘦 𑘎𑘨𑘝𑘹.,24
data/synthetic/images/line_0024_v008.png,आई स्वयंपाक घरात काम करते.,𑘁𑘃 𑘭𑘿𑘪𑘧𑘽𑘢𑘰𑘎 𑘑𑘨𑘰𑘝 𑘎𑘰𑘦 𑘎𑘨𑘝𑘹.,24
data/synthetic/images/line_0024_v009.png,आई स्वयंपाक घरात काम करते.,𑘁𑘃 𑘭𑘿𑘪𑘧𑘽𑘢𑘰𑘎 𑘑𑘨𑘰𑘝 𑘎𑘰𑘦 𑘎𑘨𑘝𑘹.,24
data/synthetic/images/line_0024_v010.png,आई स्वयंपाक घरात काम करते.,𑘁𑘃 𑘭𑘿𑘪𑘧𑘽𑘢𑘰𑘎 𑘑𑘨𑘰𑘝 𑘎𑘰𑘦 𑘎𑘨𑘝𑘹.,24
data/synthetic/images/line_0024_v011.png,आई स्वयंपाक घरात काम करते.,𑘁𑘃 𑘭𑘿𑘪𑘧𑘽𑘢𑘰𑘎 𑘑𑘨𑘰𑘝 𑘎𑘰𑘦 𑘎𑘨𑘝𑘹.,24
data/synthetic/images/line_0024_v012.png,आई स्वयंपाक घरात काम करते.,𑘁𑘃 𑘭𑘿𑘪𑘧𑘽𑘢𑘰𑘎 𑘑𑘨𑘰𑘝 𑘎𑘰𑘦 𑘎𑘨𑘝𑘹.,24
data/synthetic/images/line_0024_v013.png,आई स्वयंपाक घरात काम करते.,𑘁𑘃 𑘭𑘿𑘪𑘧𑘽𑘢𑘰𑘎 𑘑𑘨𑘰𑘝 𑘎𑘰𑘦 𑘎𑘨𑘝𑘹.,24
data/synthetic/images/line_0024_v014.png,आई स्वयंपाक घरात काम करते.,𑘁𑘃 𑘭𑘿𑘪𑘧𑘽𑘢𑘰𑘎 𑘑𑘨𑘰𑘝 𑘎𑘰𑘦 𑘎𑘨𑘝𑘹.,24
data/synthetic/images/line_0024_v015.png,आई स्वयंपाक घरात काम करते.,𑘁𑘃 𑘭𑘿𑘪𑘧𑘽𑘢𑘰𑘎 𑘑𑘨𑘰𑘝 𑘎𑘰𑘦 𑘎𑘨𑘝𑘹.,24
data/synthetic/images/line_0024_v016.png,आई स्वयंपाक घरात काम करते.,𑘁𑘃 𑘭𑘿𑘪𑘧𑘽𑘢𑘰𑘎 𑘑𑘨𑘰𑘝 𑘎𑘰𑘦 𑘎𑘨𑘝𑘹.,24
data/synthetic/images/line_0024_v017.png,आई स्वयंपाक घरात काम करते.,𑘁𑘃 𑘭𑘿𑘪𑘧𑘽𑘢𑘰𑘎 𑘑𑘨𑘰𑘝 𑘎𑘰𑘦 𑘎𑘨𑘝𑘹.,24
data/synthetic/images/line_0024_v018.png,आई स्वयंपाक घरात काम करते.,𑘁𑘃 𑘭𑘿𑘪𑘧𑘽𑘢𑘰𑘎 𑘑𑘨𑘰𑘝 𑘎𑘰𑘦 𑘎𑘨𑘝𑘹.,24
data/synthetic/images/line_0024_v019.png,आई स्वयंपाक घरात काम करते.,𑘁𑘃 𑘭𑘿𑘪𑘧𑘽𑘢𑘰𑘎 𑘑𑘨𑘰𑘝 𑘎𑘰𑘦 𑘎𑘨𑘝𑘹.,24
data/synthetic/images/line_0024_v020.png,आई स्वयंपाक घरात काम करते.,𑘁𑘃 𑘭𑘿𑘪𑘧𑘽𑘢𑘰𑘎 𑘑𑘨𑘰𑘝 𑘎𑘰𑘦 𑘎𑘨𑘝𑘹.,24
data/synthetic/images/line_0024_v021.png,आई स्वयंपाक घरात काम करते.,𑘁𑘃 𑘭𑘿𑘪𑘧𑘽𑘢𑘰𑘎 𑘑𑘨𑘰𑘝 𑘎𑘰𑘦 𑘎𑘨𑘝𑘹.,24
data/synthetic/images/line_0024_v022.png,आई स्वयंपाक घरात काम करते.,𑘁𑘃 𑘭𑘿𑘪𑘧𑘽𑘢𑘰𑘎 𑘑𑘨𑘰𑘝 𑘎𑘰𑘦 𑘎𑘨𑘝𑘹.,24
data/synthetic/images/line_0024_v023.png,आई स्वयंपाक घरात काम करते.,𑘁𑘃 𑘭𑘿𑘪𑘧𑘽𑘢𑘰𑘎 𑘑𑘨𑘰𑘝 𑘎𑘰𑘦 𑘎𑘨𑘝𑘹.,24
data/synthetic/images/line_0024_v024.png,आई स्वयंपाक घरात काम करते.,𑘁𑘃 𑘭𑘿𑘪𑘧𑘽𑘢𑘰𑘎 𑘑𑘨𑘰𑘝 𑘎𑘰𑘦 𑘎𑘨𑘝𑘹.,24
data/synthetic/images/line_0024_v025.png,आई स्वयंपाक घरात काम करते.,𑘁𑘃 𑘭𑘿𑘪𑘧𑘽𑘢𑘰𑘎 𑘑𑘨𑘰𑘝 𑘎𑘰𑘦 𑘎𑘨𑘝𑘹.,24
data/synthetic/images/line_0024_v026.png,आई स्वयंपाक घरात काम करते.,𑘁𑘃 𑘭𑘿𑘪𑘧𑘽𑘢𑘰𑘎 𑘑𑘨𑘰𑘝 𑘎𑘰𑘦 𑘎𑘨𑘝𑘹.,24
data/synthetic/images/line_0024_v027.png,आई स्वयंपाक घरात काम करते.,𑘁𑘃 𑘭𑘿𑘪𑘧𑘽𑘢𑘰𑘎 𑘑𑘨𑘰𑘝 𑘎𑘰𑘦 𑘎𑘨𑘝𑘹.,24
data/synthetic/images/line_0024_v028.png,आई स्वयंपाक घरात काम करते.,𑘁𑘃 𑘭𑘿𑘪𑘧𑘽𑘢𑘰𑘎 𑘑𑘨𑘰𑘝 𑘎𑘰𑘦 𑘎𑘨𑘝𑘹.,24
data/synthetic/images/line_0024_v029.png,आई स्वयंपाक घरात काम करते.,𑘁𑘃 𑘭𑘿𑘪𑘧𑘽𑘢𑘰𑘎 𑘑𑘨𑘰𑘝 𑘎𑘰𑘦 𑘎𑘨𑘝𑘹.,24
data/synthetic/images/line_0024_v030.png,आई स्वयंपाक घरात काम करते.,𑘁𑘃 𑘭𑘿𑘪𑘧𑘽𑘢𑘰𑘎 𑘑𑘨𑘰𑘝 𑘎𑘰𑘦 𑘎𑘨𑘝𑘹.,24
data/synthetic/images/line_0024_v031.png,आई स्वयंपाक घरात काम करते.,𑘁𑘃 𑘭𑘿𑘪𑘧𑘽𑘢𑘰𑘎 𑘑𑘨𑘰𑘝 𑘎𑘰𑘦 𑘎𑘨𑘝𑘹.,24
data/synthetic/images/line_0024_v032.png,आई स्वयंपाक घरात काम करते.,𑘁𑘃 𑘭𑘿𑘪𑘧𑘽𑘢𑘰𑘎 𑘑𑘨𑘰𑘝 𑘎𑘰𑘦 𑘎𑘨𑘝𑘹.,24
data/synthetic/images/line_0024_v033.png,आई स्वयंपाक घरात काम करते.,𑘁𑘃 𑘭𑘿𑘪𑘧𑘽𑘢𑘰𑘎 𑘑𑘨𑘰𑘝 𑘎𑘰𑘦 𑘎𑘨𑘝𑘹.,24
data/synthetic/images/line_0024_v034.png,आई स्वयंपाक घरात काम करते.,𑘁𑘃 𑘭𑘿𑘪𑘧𑘽𑘢𑘰𑘎 𑘑𑘨𑘰𑘝 𑘎𑘰𑘦 𑘎𑘨𑘝𑘹.,24
data/synthetic/images/line_0024_v035.png,आई स्वयंपाक घरात काम करते.,𑘁𑘃 𑘭𑘿𑘪𑘧𑘽𑘢𑘰𑘎 𑘑𑘨𑘰𑘝 𑘎𑘰𑘦 𑘎𑘨𑘝𑘹.,24
data/synthetic/images/line_0024_v036.png,आई स्वयंपाक घरात काम करते.,𑘁𑘃 𑘭𑘿𑘪𑘧𑘽𑘢𑘰𑘎 𑘑𑘨𑘰𑘝 𑘎𑘰𑘦 𑘎𑘨𑘝𑘹.,24
data/synthetic/images/line_0024_v037.png,आई स्वयंपाक घरात काम करते.,𑘁𑘃 𑘭𑘿𑘪𑘧𑘽𑘢𑘰𑘎 𑘑𑘨𑘰𑘝 𑘎𑘰𑘦 𑘎𑘨𑘝𑘹.,24
data/synthetic/images/line_0024_v038.png,आई स्वयंपाक घरात काम करते.,𑘁𑘃 𑘭𑘿𑘪𑘧𑘽𑘢𑘰𑘎 𑘑𑘨𑘰𑘝 𑘎𑘰𑘦 𑘎𑘨𑘝𑘹.,24
data/synthetic/images/line_0024_v039.png,आई स्वयंपाक घरात काम करते.,𑘁𑘃 𑘭𑘿𑘪𑘧𑘽𑘢𑘰𑘎 𑘑𑘨𑘰𑘝 𑘎𑘰𑘦 𑘎𑘨𑘝𑘹.,24
data/synthetic/images/line_0025_v000.png,वडील शेतावर गेले आहेत.,𑘪𑘚𑘲𑘩 𑘫𑘹𑘝𑘰𑘪𑘨 𑘐𑘹𑘩𑘹 𑘁𑘮𑘹𑘝.,25
data/synthetic/images/line_0025_v001.png,वडील शेतावर गेले आहेत.,𑘪𑘚𑘲𑘩 𑘫𑘹𑘝𑘰𑘪𑘨 𑘐𑘹𑘩𑘹 𑘁𑘮𑘹𑘝.,25
data/synthetic/images/line_0025_v002.png,वडील शेतावर गेले आहेत.,𑘪𑘚𑘲𑘩 𑘫𑘹𑘝𑘰𑘪𑘨 𑘐𑘹𑘩𑘹 𑘁𑘮𑘹𑘝.,25
data/synthetic/images/line_0025_v003.png,वडील शेतावर गेले आहेत.,𑘪𑘚𑘲𑘩 𑘫𑘹𑘝𑘰𑘪𑘨 𑘐𑘹𑘩𑘹 𑘁𑘮𑘹𑘝.,25
data/synthetic/images/line_0025_v004.png,वडील शेतावर गेले आहेत.,𑘪𑘚𑘲𑘩 𑘫𑘹𑘝𑘰𑘪𑘨 𑘐𑘹𑘩𑘹 𑘁𑘮𑘹𑘝.,25
data/synthetic/images/line_0025_v005.png,वडील शेतावर गेले आहेत.,𑘪𑘚𑘲𑘩 𑘫𑘹𑘝𑘰𑘪𑘨 𑘐𑘹𑘩𑘹 𑘁𑘮𑘹𑘝.,25
data/synthetic/images/line_0025_v006.png,वडील शेतावर गेले आहेत.,𑘪𑘚𑘲𑘩 𑘫𑘹𑘝𑘰𑘪𑘨 𑘐𑘹𑘩𑘹 𑘁𑘮𑘹𑘝.,25
data/synthetic/images/line_0025_v007.png,वडील शेतावर गेले आहेत.,𑘪𑘚𑘲𑘩 𑘫𑘹𑘝𑘰𑘪𑘨 𑘐𑘹𑘩𑘹 𑘁𑘮𑘹𑘝.,25
data/synthetic/images/line_0025_v008.png,वडील शेतावर गेले आहेत.,𑘪𑘚𑘲𑘩 𑘫𑘹𑘝𑘰𑘪𑘨 𑘐𑘹𑘩𑘹 𑘁𑘮𑘹𑘝.,25
data/synthetic/images/line_0025_v009.png,वडील शेतावर गेले आहेत.,𑘪𑘚𑘲𑘩 𑘫𑘹𑘝𑘰𑘪𑘨 𑘐𑘹𑘩𑘹 𑘁𑘮𑘹𑘝.,25
data/synthetic/images/line_0025_v010.png,वडील शेतावर गेले आहेत.,𑘪𑘚𑘲𑘩 𑘫𑘹𑘝𑘰𑘪𑘨 𑘐𑘹𑘩𑘹 𑘁𑘮𑘹𑘝.,25
data/synthetic/images/line_0025_v011.png,वडील शेतावर गेले आहेत.,𑘪𑘚𑘲𑘩 𑘫𑘹𑘝𑘰𑘪𑘨 𑘐𑘹𑘩𑘹 𑘁𑘮𑘹𑘝.,25
data/synthetic/images/line_0025_v012.png,वडील शेतावर गेले आहेत.,𑘪𑘚𑘲𑘩 𑘫𑘹𑘝𑘰𑘪𑘨 𑘐𑘹𑘩𑘹 𑘁𑘮𑘹𑘝.,25
data/synthetic/images/line_0025_v013.png,वडील शेतावर गेले आहेत.,𑘪𑘚𑘲𑘩 𑘫𑘹𑘝𑘰𑘪𑘨 𑘐𑘹𑘩𑘹 𑘁𑘮𑘹𑘝.,25
data/synthetic/images/line_0025_v014.png,वडील शेतावर गेले आहेत.,𑘪𑘚𑘲𑘩 𑘫𑘹𑘝𑘰𑘪𑘨 𑘐𑘹𑘩𑘹 𑘁𑘮𑘹𑘝.,25
data/synthetic/images/line_0025_v015.png,वडील शेतावर गेले आहेत.,𑘪𑘚𑘲𑘩 𑘫𑘹𑘝𑘰𑘪𑘨 𑘐𑘹𑘩𑘹 𑘁𑘮𑘹𑘝.,25
data/synthetic/images/line_0025_v016.png,वडील शेतावर गेले आहेत.,𑘪𑘚𑘲𑘩 𑘫𑘹𑘝𑘰𑘪𑘨 𑘐𑘹𑘩𑘹 𑘁𑘮𑘹𑘝.,25
data/synthetic/images/line_0025_v017.png,वडील शेतावर गेले आहेत.,𑘪𑘚𑘲𑘩 𑘫𑘹𑘝𑘰𑘪𑘨 𑘐𑘹𑘩𑘹 𑘁𑘮𑘹𑘝.,25
data/synthetic/images/line_0025_v018.png,वडील शेतावर गेले आहेत.,𑘪𑘚𑘲𑘩 𑘫𑘹𑘝𑘰𑘪𑘨 𑘐𑘹𑘩𑘹 𑘁𑘮𑘹𑘝.,25
data/synthetic/images/line_0025_v019.png,वडील शेतावर गेले आहेत.,𑘪𑘚𑘲𑘩 𑘫𑘹𑘝𑘰𑘪𑘨 𑘐𑘹𑘩𑘹 𑘁𑘮𑘹𑘝.,25
data/synthetic/images/line_0025_v020.png,वडील शेतावर गेले आहेत.,𑘪𑘚𑘲𑘩 𑘫𑘹𑘝𑘰𑘪𑘨 𑘐𑘹𑘩𑘹 𑘁𑘮𑘹𑘝.,25
data/synthetic/images/line_0025_v021.png,वडील शेतावर गेले आहेत.,𑘪𑘚𑘲𑘩 𑘫𑘹𑘝𑘰𑘪𑘨 𑘐𑘹𑘩𑘹 𑘁𑘮𑘹𑘝.,25
data/synthetic/images/line_0025_v022.png,वडील शेतावर गेले आहेत.,𑘪𑘚𑘲𑘩 𑘫𑘹𑘝𑘰𑘪𑘨 𑘐𑘹𑘩𑘹 𑘁𑘮𑘹𑘝.,25
data/synthetic/images/line_0025_v023.png,वडील शेतावर गेले आहेत.,𑘪𑘚𑘲𑘩 𑘫𑘹𑘝𑘰𑘪𑘨 𑘐𑘹𑘩𑘹 𑘁𑘮𑘹𑘝.,25
data/synthetic/images/line_0025_v024.png,वडील शेतावर गेले आहेत.,𑘪𑘚𑘲𑘩 𑘫𑘹𑘝𑘰𑘪𑘨 𑘐𑘹𑘩𑘹 𑘁𑘮𑘹𑘝.,25
data/synthetic/images/line_0025_v025.png,वडील शेतावर गेले आहेत.,𑘪𑘚𑘲𑘩 𑘫𑘹𑘝𑘰𑘪𑘨 𑘐𑘹𑘩𑘹 𑘁𑘮𑘹𑘝.,25
data/synthetic/images/line_0025_v026.png,वडील शेतावर गेले आहेत.,𑘪𑘚𑘲𑘩 𑘫𑘹𑘝𑘰𑘪𑘨 𑘐𑘹𑘩𑘹 𑘁𑘮𑘹𑘝.,25
data/synthetic/images/line_0025_v027.png,वडील शेतावर गेले आहेत.,𑘪𑘚𑘲𑘩 𑘫𑘹𑘝𑘰𑘪𑘨 𑘐𑘹𑘩𑘹 𑘁𑘮𑘹𑘝.,25
data/synthetic/images/line_0025_v028.png,वडील शेतावर गेले आहेत.,𑘪𑘚𑘲𑘩 𑘫𑘹𑘝𑘰𑘪𑘨 𑘐𑘹𑘩𑘹 𑘁𑘮𑘹𑘝.,25
data/synthetic/images/line_0025_v029.png,वडील शेतावर गेले आहेत.,𑘪𑘚𑘲𑘩 𑘫𑘹𑘝𑘰𑘪𑘨 𑘐𑘹𑘩𑘹 𑘁𑘮𑘹𑘝.,25
data/synthetic/images/line_0025_v030.png,वडील शेतावर गेले आहेत.,𑘪𑘚𑘲𑘩 𑘫𑘹𑘝𑘰𑘪𑘨 𑘐𑘹𑘩𑘹 𑘁𑘮𑘹𑘝.,25
data/synthetic/images/line_0025_v031.png,वडील शेतावर गेले आहेत.,𑘪𑘚𑘲𑘩 𑘫𑘹𑘝𑘰𑘪𑘨 𑘐𑘹𑘩𑘹 𑘁𑘮𑘹𑘝.,25
data/synthetic/images/line_0025_v032.png,वडील शेतावर गेले आहेत.,𑘪𑘚𑘲𑘩 𑘫𑘹𑘝𑘰𑘪𑘨 𑘐𑘹𑘩𑘹 𑘁𑘮𑘹𑘝.,25
data/synthetic/images/line_0025_v033.png,वडील शेतावर गेले आहेत.,𑘪𑘚𑘲𑘩 𑘫𑘹𑘝𑘰𑘪𑘨 𑘐𑘹𑘩𑘹 𑘁𑘮𑘹𑘝.,25
data/synthetic/images/line_0025_v034.png,वडील शेतावर गेले आहेत.,𑘪𑘚𑘲𑘩 𑘫𑘹𑘝𑘰𑘪𑘨 𑘐𑘹𑘩𑘹 𑘁𑘮𑘹𑘝.,25
data/synthetic/images/line_0025_v035.png,वडील शेतावर गेले आहेत.,𑘪𑘚𑘲𑘩 𑘫𑘹𑘝𑘰𑘪𑘨 𑘐𑘹𑘩𑘹 𑘁𑘮𑘹𑘝.,25
data/synthetic/images/line_0025_v036.png,वडील शेतावर गेले आहेत.,𑘪𑘚𑘲𑘩 𑘫𑘹𑘝𑘰𑘪𑘨 𑘐𑘹𑘩𑘹 𑘁𑘮𑘹𑘝.,25
data/synthetic/images/line_0025_v037.png,वडील शेतावर गेले आहेत.,𑘪𑘚𑘲𑘩 𑘫𑘹𑘝𑘰𑘪𑘨 𑘐𑘹𑘩𑘹 𑘁𑘮𑘹𑘝.,25
data/synthetic/images/line_0025_v038.png,वडील शेतावर गेले आहेत.,𑘪𑘚𑘲𑘩 𑘫𑘹𑘝𑘰𑘪𑘨 𑘐𑘹𑘩𑘹 𑘁𑘮𑘹𑘝.,25
data/synthetic/images/line_0025_v039.png,वडील शेतावर गेले आहेत.,𑘪𑘚𑘲𑘩 𑘫𑘹𑘝𑘰𑘪𑘨 𑘐𑘹𑘩𑘹 𑘁𑘮𑘹𑘝.,25
data/synthetic/images/line_0026_v000.png,भाऊ शाळेत जातो.,𑘥𑘰𑘅 𑘫𑘰𑘯𑘹𑘝 𑘕𑘰𑘝𑘻.,26
data/synthetic/images/line_0026_v001.png,भाऊ शाळेत जातो.,𑘥𑘰𑘅 𑘫𑘰𑘯𑘹𑘝 𑘕𑘰𑘝𑘻.,26
data/synthetic/images/line_0026_v002.png,भाऊ शाळेत जातो.,𑘥𑘰𑘅 𑘫𑘰𑘯𑘹𑘝 𑘕𑘰𑘝𑘻.,26
data/synthetic/images/line_0026_v003.png,भाऊ शाळेत जातो.,𑘥𑘰𑘅 𑘫𑘰𑘯𑘹𑘝 𑘕𑘰𑘝𑘻.,26
data/synthetic/images/line_0026_v004.png,भाऊ शाळेत जातो.,𑘥𑘰𑘅 𑘫𑘰𑘯𑘹𑘝 𑘕𑘰𑘝𑘻.,26
data/synthetic/images/line_0026_v005.png,भाऊ शाळेत जातो.,𑘥𑘰𑘅 𑘫𑘰𑘯𑘹𑘝 𑘕𑘰𑘝𑘻.,26
data/synthetic/images/line_0026_v006.png,भाऊ शाळेत जातो.,𑘥𑘰𑘅 𑘫𑘰𑘯𑘹𑘝 𑘕𑘰𑘝𑘻.,26
data/synthetic/images/line_0026_v007.png,भाऊ शाळेत जातो.,𑘥𑘰𑘅 𑘫𑘰𑘯𑘹𑘝 𑘕𑘰𑘝𑘻.,26
data/synthetic/images/line_0026_v008.png,भाऊ शाळेत जातो.,𑘥𑘰𑘅 𑘫𑘰𑘯𑘹𑘝 𑘕𑘰𑘝𑘻.,26
data/synthetic/images/line_0026_v009.png,भाऊ शाळेत जातो.,𑘥𑘰𑘅 𑘫𑘰𑘯𑘹𑘝 𑘕𑘰𑘝𑘻.,26
data/synthetic/images/line_0026_v010.png,भाऊ शाळेत जातो.,𑘥𑘰𑘅 𑘫𑘰𑘯𑘹𑘝 𑘕𑘰𑘝𑘻.,26
data/synthetic/images/line_0026_v011.png,भाऊ शाळेत जातो.,𑘥𑘰𑘅 𑘫𑘰𑘯𑘹𑘝 𑘕𑘰𑘝𑘻.,26
data/synthetic/images/line_0026_v012.png,भाऊ शाळेत जातो.,𑘥𑘰𑘅 𑘫𑘰𑘯𑘹𑘝 𑘕𑘰𑘝𑘻.,26
data/synthetic/images/line_0026_v013.png,भाऊ शाळेत जातो.,𑘥𑘰𑘅 𑘫𑘰𑘯𑘹𑘝 𑘕𑘰𑘝𑘻.,26
data/synthetic/images/line_0026_v014.png,भाऊ शाळेत जातो.,𑘥𑘰𑘅 𑘫𑘰𑘯𑘹𑘝 𑘕𑘰𑘝𑘻.,26
data/synthetic/images/line_0026_v015.png,भाऊ शाळेत जातो.,𑘥𑘰𑘅 𑘫𑘰𑘯𑘹𑘝 𑘕𑘰𑘝𑘻.,26
data/synthetic/images/line_0026_v016.png,भाऊ शाळेत जातो.,𑘥𑘰𑘅 𑘫𑘰𑘯𑘹𑘝 𑘕𑘰𑘝𑘻.,26
data/synthetic/images/line_0026_v017.png,भाऊ शाळेत जातो.,𑘥𑘰𑘅 𑘫𑘰𑘯𑘹𑘝 𑘕𑘰𑘝𑘻.,26
data/synthetic/images/line_0026_v018.png,भाऊ शाळेत जातो.,𑘥𑘰𑘅 𑘫𑘰𑘯𑘹𑘝 𑘕𑘰𑘝𑘻.,26
data/synthetic/images/line_0026_v019.png,भाऊ शाळेत जातो.,𑘥𑘰𑘅 𑘫𑘰𑘯𑘹𑘝 𑘕𑘰𑘝𑘻.,26
data/synthetic/images/line_0026_v020.png,भाऊ शाळेत जातो.,𑘥𑘰𑘅 𑘫𑘰𑘯𑘹𑘝 𑘕𑘰𑘝𑘻.,26
data/synthetic/images/line_0026_v021.png,भाऊ शाळेत जातो.,𑘥𑘰𑘅 𑘫𑘰𑘯𑘹𑘝 𑘕𑘰𑘝𑘻.,26
data/synthetic/images/line_0026_v022.png,भाऊ शाळेत जातो.,𑘥𑘰𑘅 𑘫𑘰𑘯𑘹𑘝 𑘕𑘰𑘝𑘻.,26
data/synthetic/images/line_0026_v023.png,भाऊ शाळेत जातो.,𑘥𑘰𑘅 𑘫𑘰𑘯𑘹𑘝 𑘕𑘰𑘝𑘻.,26
data/synthetic/images/line_0026_v024.png,भाऊ शाळेत जातो.,𑘥𑘰𑘅 𑘫𑘰𑘯𑘹𑘝 𑘕𑘰𑘝𑘻.,26
data/synthetic/images/line_0026_v025.png,भाऊ शाळेत जातो.,𑘥𑘰𑘅 𑘫𑘰𑘯𑘹𑘝 𑘕𑘰𑘝𑘻.,26
data/synthetic/images/line_0026_v026.png,भाऊ शाळेत जातो.,𑘥𑘰𑘅 𑘫𑘰𑘯𑘹𑘝 𑘕𑘰𑘝𑘻.,26
data/synthetic/images/line_0026_v027.png,भाऊ शाळेत जातो.,𑘥𑘰𑘅 𑘫𑘰𑘯𑘹𑘝 𑘕𑘰𑘝𑘻.,26
data/synthetic/images/line_0026_v028.png,भाऊ शाळेत जातो.,𑘥𑘰𑘅 𑘫𑘰𑘯𑘹𑘝 𑘕𑘰𑘝𑘻.,26
data/synthetic/images/line_0026_v029.png,भाऊ शाळेत जातो.,𑘥𑘰𑘅 𑘫𑘰𑘯𑘹𑘝 𑘕𑘰𑘝𑘻.,26
data/synthetic/images/line_0026_v030.png,भाऊ शाळेत जातो.,𑘥𑘰𑘅 𑘫𑘰𑘯𑘹𑘝 𑘕𑘰𑘝𑘻.,26
data/synthetic/images/line_0026_v031.png,भाऊ शाळेत जातो.,𑘥𑘰𑘅 𑘫𑘰𑘯𑘹𑘝 𑘕𑘰𑘝𑘻.,26
data/synthetic/images/line_0026_v032.png,भाऊ शाळेत जातो.,𑘥𑘰𑘅 𑘫𑘰𑘯𑘹𑘝 𑘕𑘰𑘝𑘻.,26
data/synthetic/images/line_0026_v033.png,भाऊ शाळेत जातो.,𑘥𑘰𑘅 𑘫𑘰𑘯𑘹𑘝 𑘕𑘰𑘝𑘻.,26
data/synthetic/images/line_0026_v034.png,भाऊ शाळेत जातो.,𑘥𑘰𑘅 𑘫𑘰𑘯𑘹𑘝 𑘕𑘰𑘝𑘻.,26
data/synthetic/images/line_0026_v035.png,भाऊ शाळेत जातो.,𑘥𑘰𑘅 𑘫𑘰𑘯𑘹𑘝 𑘕𑘰𑘝𑘻.,26
data/synthetic/images/line_0026_v036.png,भाऊ शाळेत जातो.,𑘥𑘰𑘅 𑘫𑘰𑘯𑘹𑘝 𑘕𑘰𑘝𑘻.,26
data/synthetic/images/line_0026_v037.png,भाऊ शाळेत जातो.,𑘥𑘰𑘅 𑘫𑘰𑘯𑘹𑘝 𑘕𑘰𑘝𑘻.,26
data/synthetic/images/line_0026_v038.png,भाऊ शाळेत जातो.,𑘥𑘰𑘅 𑘫𑘰𑘯𑘹𑘝 𑘕𑘰𑘝𑘻.,26
data/synthetic/images/line_0026_v039.png,भाऊ शाळेत जातो.,𑘥𑘰𑘅 𑘫𑘰𑘯𑘹𑘝 𑘕𑘰𑘝𑘻.,26
data/synthetic/images/line_0027_v000.png,बहीण विद्यालयात शिकते.,𑘤𑘮𑘲𑘜 𑘪𑘱𑘟𑘿𑘧𑘰𑘩𑘧𑘰𑘝 𑘫𑘱𑘎𑘝𑘹.,27
data/synthetic/images/line_0027_v001.png,बहीण विद्यालयात शिकते.,𑘤𑘮𑘲𑘜 𑘪𑘱𑘟𑘿𑘧𑘰𑘩𑘧𑘰𑘝 𑘫𑘱𑘎𑘝𑘹.,27
data/synthetic/images/line_0027_v002.png,बहीण विद्यालयात शिकते.,𑘤𑘮𑘲𑘜 𑘪𑘱𑘟𑘿𑘧𑘰𑘩𑘧𑘰𑘝 𑘫𑘱𑘎𑘝𑘹.,27
data/synthetic/images/line_0027_v003.png,बहीण विद्यालयात शिकते.,𑘤𑘮𑘲𑘜 𑘪𑘱𑘟𑘿𑘧𑘰𑘩𑘧𑘰𑘝 𑘫𑘱𑘎𑘝𑘹.,27
data/synthetic/images/line_0027_v004.png,बहीण विद्यालयात शिकते.,𑘤𑘮𑘲𑘜 𑘪𑘱𑘟𑘿𑘧𑘰𑘩𑘧𑘰𑘝 𑘫𑘱𑘎𑘝𑘹.,27
data/synthetic/images/line_0027_v005.png,बहीण विद्यालयात शिकते.,𑘤𑘮𑘲𑘜 𑘪𑘱𑘟𑘿𑘧𑘰𑘩𑘧𑘰𑘝 𑘫𑘱𑘎𑘝𑘹.,27
data/synthetic/images/line_0027_v006.png,बहीण विद्यालयात शिकते.,𑘤𑘮𑘲𑘜 𑘪𑘱𑘟𑘿𑘧𑘰𑘩𑘧𑘰𑘝 𑘫𑘱𑘎𑘝𑘹.,27
data/synthetic/images/line_0027_v007.png,बहीण विद्यालयात शिकते.,𑘤𑘮𑘲𑘜 𑘪𑘱𑘟𑘿𑘧𑘰𑘩𑘧𑘰𑘝 𑘫𑘱𑘎𑘝𑘹.,27
data/synthetic/images/line_0027_v008.png,बहीण विद्यालयात शिकते.,𑘤𑘮𑘲𑘜 𑘪𑘱𑘟𑘿𑘧𑘰𑘩𑘧𑘰𑘝 𑘫𑘱𑘎𑘝𑘹.,27
data/synthetic/images/line_0027_v009.png,बहीण विद्यालयात शिकते.,𑘤𑘮𑘲𑘜 𑘪𑘱𑘟𑘿𑘧𑘰𑘩𑘧𑘰𑘝 𑘫𑘱𑘎𑘝𑘹.,27
data/synthetic/images/line_0027_v010.png,बहीण विद्यालयात शिकते.,𑘤𑘮𑘲𑘜 𑘪𑘱𑘟𑘿𑘧𑘰𑘩𑘧𑘰𑘝 𑘫𑘱𑘎𑘝𑘹.,27
data/synthetic/images/line_0027_v011.png,बहीण विद्यालयात शिकते.,𑘤𑘮𑘲𑘜 𑘪𑘱𑘟𑘿𑘧𑘰𑘩𑘧𑘰𑘝 𑘫𑘱𑘎𑘝𑘹.,27
data/synthetic/images/line_0027_v012.png,बहीण विद्यालयात शिकते.,𑘤𑘮𑘲𑘜 𑘪𑘱𑘟𑘿𑘧𑘰𑘩𑘧𑘰𑘝 𑘫𑘱𑘎𑘝𑘹.,27
data/synthetic/images/line_0027_v013.png,बहीण विद्यालयात शिकते.,𑘤𑘮𑘲𑘜 𑘪𑘱𑘟𑘿𑘧𑘰𑘩𑘧𑘰𑘝 𑘫𑘱𑘎𑘝𑘹.,27
data/synthetic/images/line_0027_v014.png,बहीण विद्यालयात शिकते.,𑘤𑘮𑘲𑘜 𑘪𑘱𑘟𑘿𑘧𑘰𑘩𑘧𑘰𑘝 𑘫𑘱𑘎𑘝𑘹.,27
data/synthetic/images/line_0027_v015.png,बहीण विद्यालयात शिकते.,𑘤𑘮𑘲𑘜 𑘪𑘱𑘟𑘿𑘧𑘰𑘩𑘧𑘰𑘝 𑘫𑘱𑘎𑘝𑘹.,27
data/synthetic/images/line_0027_v016.png,बहीण विद्यालयात शिकते.,𑘤𑘮𑘲𑘜 𑘪𑘱𑘟𑘿𑘧𑘰𑘩𑘧𑘰𑘝 𑘫𑘱𑘎𑘝𑘹.,27
data/synthetic/images/line_0027_v017.png,बहीण विद्यालयात शिकते.,𑘤𑘮𑘲𑘜 𑘪𑘱𑘟𑘿𑘧𑘰𑘩𑘧𑘰𑘝 𑘫𑘱𑘎𑘝𑘹.,27
data/synthetic/images/line_0027_v018.png,बहीण विद्यालयात शिकते.,𑘤𑘮𑘲𑘜 𑘪𑘱𑘟𑘿𑘧𑘰𑘩𑘧𑘰𑘝 𑘫𑘱𑘎𑘝𑘹.,27
data/synthetic/images/line_0027_v019.png,बहीण विद्यालयात शिकते.,𑘤𑘮𑘲𑘜 𑘪𑘱𑘟𑘿𑘧𑘰𑘩𑘧𑘰𑘝 𑘫𑘱𑘎𑘝𑘹.,27
data/synthetic/images/line_0027_v020.png,बहीण विद्यालयात शिकते.,𑘤𑘮𑘲𑘜 𑘪𑘱𑘟𑘿𑘧𑘰𑘩𑘧𑘰𑘝 𑘫𑘱𑘎𑘝𑘹.,27
data/synthetic/images/line_0027_v021.png,बहीण विद्यालयात शिकते.,𑘤𑘮𑘲𑘜 𑘪𑘱𑘟𑘿𑘧𑘰𑘩𑘧𑘰𑘝 𑘫𑘱𑘎𑘝𑘹.,27
data/synthetic/images/line_0027_v022.png,बहीण विद्यालयात शिकते.,𑘤𑘮𑘲𑘜 𑘪𑘱𑘟𑘿𑘧𑘰𑘩𑘧𑘰𑘝 𑘫𑘱𑘎𑘝𑘹.,27
data/synthetic/images/line_0027_v023.png,बहीण विद्यालयात शिकते.,𑘤𑘮𑘲𑘜 𑘪𑘱𑘟𑘿𑘧𑘰𑘩𑘧𑘰𑘝 𑘫𑘱𑘎𑘝𑘹.,27
data/synthetic/images/line_0027_v024.png,बहीण विद्यालयात शिकते.,𑘤𑘮𑘲𑘜 𑘪𑘱𑘟𑘿𑘧𑘰𑘩𑘧𑘰𑘝 𑘫𑘱𑘎𑘝𑘹.,27
data/synthetic/images/line_0027_v025.png,बहीण विद्यालयात शिकते.,𑘤𑘮𑘲𑘜 𑘪𑘱𑘟𑘿𑘧𑘰𑘩𑘧𑘰𑘝 𑘫𑘱𑘎𑘝𑘹.,27
data/synthetic/images/line_0027_v026.png,बहीण विद्यालयात शिकते.,𑘤𑘮𑘲𑘜 𑘪𑘱𑘟𑘿𑘧𑘰𑘩𑘧𑘰𑘝 𑘫𑘱𑘎𑘝𑘹.,27
data/synthetic/images/line_0027_v027.png,बहीण विद्यालयात शिकते.,𑘤𑘮𑘲𑘜 𑘪𑘱𑘟𑘿𑘧𑘰𑘩𑘧𑘰𑘝 𑘫𑘱𑘎𑘝𑘹.,27
data/synthetic/images/line_0027_v028.png,बहीण विद्यालयात शिकते.,𑘤𑘮𑘲𑘜 𑘪𑘱𑘟𑘿𑘧𑘰𑘩𑘧𑘰𑘝 𑘫𑘱𑘎𑘝𑘹.,27
data/synthetic/images/line_0027_v029.png,बहीण विद्यालयात शिकते.,𑘤𑘮𑘲𑘜 𑘪𑘱𑘟𑘿𑘧𑘰𑘩𑘧𑘰𑘝 𑘫𑘱𑘎𑘝𑘹.,27
data/synthetic/images/line_0027_v030.png,बहीण विद्यालयात शिकते.,𑘤𑘮𑘲𑘜 𑘪𑘱𑘟𑘿𑘧𑘰𑘩𑘧𑘰𑘝 𑘫𑘱𑘎𑘝𑘹.,27
data/synthetic/images/line_0027_v031.png,बहीण विद्यालयात शिकते.,𑘤𑘮𑘲𑘜 𑘪𑘱𑘟𑘿𑘧𑘰𑘩𑘧𑘰𑘝 𑘫𑘱𑘎𑘝𑘹.,27
data/synthetic/images/line_0027_v032.png,बहीण विद्यालयात शिकते.,𑘤𑘮𑘲𑘜 𑘪𑘱𑘟𑘿𑘧𑘰𑘩𑘧𑘰𑘝 𑘫𑘱𑘎𑘝𑘹.,27
data/synthetic/images/line_0027_v033.png,बहीण विद्यालयात शिकते.,𑘤𑘮𑘲𑘜 𑘪𑘱𑘟𑘿𑘧𑘰𑘩𑘧𑘰𑘝 𑘫𑘱𑘎𑘝𑘹.,27
data/synthetic/images/line_0027_v034.png,बहीण विद्यालयात शिकते.,𑘤𑘮𑘲𑘜 𑘪𑘱𑘟𑘿𑘧𑘰𑘩𑘧𑘰𑘝 𑘫𑘱𑘎𑘝𑘹.,27
data/synthetic/images/line_0027_v035.png,बहीण विद्यालयात शिकते.,𑘤𑘮𑘲𑘜 𑘪𑘱𑘟𑘿𑘧𑘰𑘩𑘧𑘰𑘝 𑘫𑘱𑘎𑘝𑘹.,27
data/synthetic/images/line_0027_v036.png,बहीण विद्यालयात शिकते.,𑘤𑘮𑘲𑘜 𑘪𑘱𑘟𑘿𑘧𑘰𑘩𑘧𑘰𑘝 𑘫𑘱𑘎𑘝𑘹.,27
data/synthetic/images/line_0027_v037.png,बहीण विद्यालयात शिकते.,𑘤𑘮𑘲𑘜 𑘪𑘱𑘟𑘿𑘧𑘰𑘩𑘧𑘰𑘝 𑘫𑘱𑘎𑘝𑘹.,27
data/synthetic/images/line_0027_v038.png,बहीण विद्यालयात शिकते.,𑘤𑘮𑘲𑘜 𑘪𑘱𑘟𑘿𑘧𑘰𑘩𑘧𑘰𑘝 𑘫𑘱𑘎𑘝𑘹.,27
data/synthetic/images/line_0027_v039.png,बहीण विद्यालयात शिकते.,𑘤𑘮𑘲𑘜 𑘪𑘱𑘟𑘿𑘧𑘰𑘩𑘧𑘰𑘝 𑘫𑘱𑘎𑘝𑘹.,27
data/synthetic/images/line_0028_v000.png,आजोबा रोज सकाळी फिरायला जातात.,𑘁𑘕𑘻𑘤𑘰 𑘨𑘻𑘕 𑘭𑘎𑘰𑘯𑘲 𑘣𑘱𑘨𑘰𑘧𑘩𑘰 𑘕𑘰𑘝𑘰𑘝.,28
data/synthetic/images/line_0028_v001.png,आजोबा रोज सकाळी फिरायला जातात.,𑘁𑘕𑘻𑘤𑘰 𑘨𑘻𑘕 𑘭𑘎𑘰𑘯𑘲 𑘣𑘱𑘨𑘰𑘧𑘩𑘰 𑘕𑘰𑘝𑘰𑘝.,28
data/synthetic/images/line_0028_v002.png,आजोबा रोज सकाळी फिरायला जातात.,𑘁𑘕𑘻𑘤𑘰 𑘨𑘻𑘕 𑘭𑘎𑘰𑘯𑘲 𑘣𑘱𑘨𑘰𑘧𑘩𑘰 𑘕𑘰𑘝𑘰𑘝.,28
data/synthetic/images/line_0028_v003.png,आजोबा रोज सकाळी फिरायला जातात.,𑘁𑘕𑘻𑘤𑘰 𑘨𑘻𑘕 𑘭𑘎𑘰𑘯𑘲 𑘣𑘱𑘨𑘰𑘧𑘩𑘰 𑘕𑘰𑘝𑘰𑘝.,28
data/synthetic/images/line_0028_v004.png,आजोबा रोज सकाळी फिरायला जातात.,𑘁𑘕𑘻𑘤𑘰 𑘨𑘻𑘕 𑘭𑘎𑘰𑘯𑘲 𑘣𑘱𑘨𑘰𑘧𑘩𑘰 𑘕𑘰𑘝𑘰𑘝.,28
data/synthetic/images/line_0028_v005.png,आजोबा रोज सकाळी फिरायला जातात.,𑘁𑘕𑘻𑘤𑘰 𑘨𑘻𑘕 𑘭𑘎𑘰𑘯𑘲 𑘣𑘱𑘨𑘰𑘧𑘩𑘰 𑘕𑘰𑘝𑘰𑘝.,28
data/synthetic/images/line_0028_v006.png,आजोबा रोज सकाळी फिरायला जातात.,𑘁𑘕𑘻𑘤𑘰 𑘨𑘻𑘕 𑘭𑘎𑘰𑘯𑘲 𑘣𑘱𑘨𑘰𑘧𑘩𑘰 𑘕𑘰𑘝𑘰𑘝.,28
data/synthetic/images/line_0028_v007.png,आजोबा रोज सकाळी फिरायला जातात.,𑘁𑘕𑘻𑘤𑘰 𑘨𑘻𑘕 𑘭𑘎𑘰𑘯𑘲 𑘣𑘱𑘨𑘰𑘧𑘩𑘰 𑘕𑘰𑘝𑘰𑘝.,28
data/synthetic/images/line_0028_v008.png,आजोबा रोज सकाळी फिरायला जातात.,𑘁𑘕𑘻𑘤𑘰 𑘨𑘻𑘕 𑘭𑘎𑘰𑘯𑘲 𑘣𑘱𑘨𑘰𑘧𑘩𑘰 𑘕𑘰𑘝𑘰𑘝.,28
data/synthetic/images/line_0028_v009.png,आजोबा रोज सकाळी फिरायला जातात.,𑘁𑘕𑘻𑘤𑘰 𑘨𑘻𑘕 𑘭𑘎𑘰𑘯𑘲 𑘣𑘱𑘨𑘰𑘧𑘩𑘰 𑘕𑘰𑘝𑘰𑘝.,28
data/synthetic/images/line_0028_v010.png,आजोबा रोज सकाळी फिरायला जातात.,𑘁𑘕𑘻𑘤𑘰 𑘨𑘻𑘕 𑘭𑘎𑘰𑘯𑘲 𑘣𑘱𑘨𑘰𑘧𑘩𑘰 𑘕𑘰𑘝𑘰𑘝.,28
data/synthetic/images/line_0028_v011.png,आजोबा रोज सकाळी फिरायला जातात.,𑘁𑘕𑘻𑘤𑘰 𑘨𑘻𑘕 𑘭𑘎𑘰𑘯𑘲 𑘣𑘱𑘨𑘰𑘧𑘩𑘰 𑘕𑘰𑘝𑘰𑘝.,28
data/synthetic/images/line_0028_v012.png,आजोबा रोज सकाळी फिरायला जातात.,𑘁𑘕𑘻𑘤𑘰 𑘨𑘻𑘕 𑘭𑘎𑘰𑘯𑘲 𑘣𑘱𑘨𑘰𑘧𑘩𑘰 𑘕𑘰𑘝𑘰𑘝.,28
data/synthetic/images/line_0028_v013.png,आजोबा रोज सकाळी फिरायला जातात.,𑘁𑘕𑘻𑘤𑘰 𑘨𑘻𑘕 𑘭𑘎𑘰𑘯𑘲 𑘣𑘱𑘨𑘰𑘧𑘩𑘰 𑘕𑘰𑘝𑘰𑘝.,28
data/synthetic/images/line_0028_v014.png,आजोबा रोज सकाळी फिरायला जातात.,𑘁𑘕𑘻𑘤𑘰 𑘨𑘻𑘕 𑘭𑘎𑘰𑘯𑘲 𑘣𑘱𑘨𑘰𑘧𑘩𑘰 𑘕𑘰𑘝𑘰𑘝.,28
data/synthetic/images/line_0028_v015.png,आजोबा रोज सकाळी फिरायला जातात.,𑘁𑘕𑘻𑘤𑘰 𑘨𑘻𑘕 𑘭𑘎𑘰𑘯𑘲 𑘣𑘱𑘨𑘰𑘧𑘩𑘰 𑘕𑘰𑘝𑘰𑘝.,28
data/synthetic/images/line_0028_v016.png,आजोबा रोज सकाळी फिरायला जातात.,𑘁𑘕𑘻𑘤𑘰 𑘨𑘻𑘕 𑘭𑘎𑘰𑘯𑘲 𑘣𑘱𑘨𑘰𑘧𑘩𑘰 𑘕𑘰𑘝𑘰𑘝.,28
data/synthetic/images/line_0028_v017.png,आजोबा रोज सकाळी फिरायला जातात.,𑘁𑘕𑘻𑘤𑘰 𑘨𑘻𑘕 𑘭𑘎𑘰𑘯𑘲 𑘣𑘱𑘨𑘰𑘧𑘩𑘰 𑘕𑘰𑘝𑘰𑘝.,28
data/synthetic/images/line_0028_v018.png,आजोबा रोज सकाळी फिरायला जातात.,𑘁𑘕𑘻𑘤𑘰 𑘨𑘻𑘕 𑘭𑘎𑘰𑘯𑘲 𑘣𑘱𑘨𑘰𑘧𑘩𑘰 𑘕𑘰𑘝𑘰𑘝.,28
data/synthetic/images/line_0028_v019.png,आजोबा रोज सकाळी फिरायला जातात.,𑘁𑘕𑘻𑘤𑘰 𑘨𑘻𑘕 𑘭𑘎𑘰𑘯𑘲 𑘣𑘱𑘨𑘰𑘧𑘩𑘰 𑘕𑘰𑘝𑘰𑘝.,28
data/synthetic/images/line_0028_v020.png,आजोबा रोज सकाळी फिरायला जातात.,𑘁𑘕𑘻𑘤𑘰 𑘨𑘻𑘕 𑘭𑘎𑘰𑘯𑘲 𑘣𑘱𑘨𑘰𑘧𑘩𑘰 𑘕𑘰𑘝𑘰𑘝.,28
data/synthetic/images/line_0028_v021.png,आजोबा रोज सकाळी फिरायला जातात.,𑘁𑘕𑘻𑘤𑘰 𑘨𑘻𑘕 𑘭𑘎𑘰𑘯𑘲 𑘣𑘱𑘨𑘰𑘧𑘩𑘰 𑘕𑘰𑘝𑘰𑘝.,28
data/synthetic/images/line_0028_v022.png,आजोबा रोज सकाळी फिरायला जातात.,𑘁𑘕𑘻𑘤𑘰 𑘨𑘻𑘕 𑘭𑘎𑘰𑘯𑘲 𑘣𑘱𑘨𑘰𑘧𑘩𑘰 𑘕𑘰𑘝𑘰𑘝.,28
data/synthetic/images/line_0028_v023.png,आजोबा रोज सकाळी फिरायला जातात.,𑘁𑘕𑘻𑘤𑘰 𑘨𑘻𑘕 𑘭𑘎𑘰𑘯𑘲 𑘣𑘱𑘨𑘰𑘧𑘩𑘰 𑘕𑘰𑘝𑘰𑘝.,28
data/synthetic/images/line_0028_v024.png,आजोबा रोज सकाळी फिरायला जातात.,𑘁𑘕𑘻𑘤𑘰 𑘨𑘻𑘕 𑘭𑘎𑘰𑘯𑘲 𑘣𑘱𑘨𑘰𑘧𑘩𑘰 𑘕𑘰𑘝𑘰𑘝.,28
data/synthetic/images/line_0028_v025.png,आजोबा रोज सकाळी फिरायला जातात.,𑘁𑘕𑘻𑘤𑘰 𑘨𑘻𑘕 𑘭𑘎𑘰𑘯𑘲 𑘣𑘱𑘨𑘰𑘧𑘩𑘰 𑘕𑘰𑘝𑘰𑘝.,28
data/synthetic/images/line_0028_v026.png,आजोबा रोज सकाळी फिरायला जातात.,𑘁𑘕𑘻𑘤𑘰 𑘨𑘻𑘕 𑘭𑘎𑘰𑘯𑘲 𑘣𑘱𑘨𑘰𑘧𑘩𑘰 𑘕𑘰𑘝𑘰𑘝.,28
data/synthetic/images/line_0028_v027.png,आजोबा रोज सकाळी फिरायला जातात.,𑘁𑘕𑘻𑘤𑘰 𑘨𑘻𑘕 𑘭𑘎𑘰𑘯𑘲 𑘣𑘱𑘨𑘰𑘧𑘩𑘰 𑘕𑘰𑘝𑘰𑘝.,28
data/synthetic/images/line_0028_v028.png,आजोबा रोज सकाळी फिरायला जातात.,𑘁𑘕𑘻𑘤𑘰 𑘨𑘻𑘕 𑘭𑘎𑘰𑘯𑘲 𑘣𑘱𑘨𑘰𑘧𑘩𑘰 𑘕𑘰𑘝𑘰𑘝.,28
data/synthetic/images/line_0028_v029.png,आजोबा रोज सकाळी फिरायला जातात.,𑘁𑘕𑘻𑘤𑘰 𑘨𑘻𑘕 𑘭𑘎𑘰𑘯𑘲 𑘣𑘱𑘨𑘰𑘧𑘩𑘰 𑘕𑘰𑘝𑘰𑘝.,28
data/synthetic/images/line_0028_v030.png,आजोबा रोज सकाळी फिरायला जातात.,𑘁𑘕𑘻𑘤𑘰 𑘨𑘻𑘕 𑘭𑘎𑘰𑘯𑘲 𑘣𑘱𑘨𑘰𑘧𑘩𑘰 𑘕𑘰𑘝𑘰𑘝.,28
data/synthetic/images/line_0028_v031.png,आजोबा रोज सकाळी फिरायला जातात.,𑘁𑘕𑘻𑘤𑘰 𑘨𑘻𑘕 𑘭𑘎𑘰𑘯𑘲 𑘣𑘱𑘨𑘰𑘧𑘩𑘰 𑘕𑘰𑘝𑘰𑘝.,28
data/synthetic/images/line_0028_v032.png,आजोबा रोज सकाळी फिरायला जातात.,𑘁𑘕𑘻𑘤𑘰 𑘨𑘻𑘕 𑘭𑘎𑘰𑘯𑘲 𑘣𑘱𑘨𑘰𑘧𑘩𑘰 𑘕𑘰𑘝𑘰𑘝.,28
data/synthetic/images/line_0028_v033.png,आजोबा रोज सकाळी फिरायला जातात.,𑘁𑘕𑘻𑘤𑘰 𑘨𑘻𑘕 𑘭𑘎𑘰𑘯𑘲 𑘣𑘱𑘨𑘰𑘧𑘩𑘰 𑘕𑘰𑘝𑘰𑘝.,28
data/synthetic/images/line_0028_v034.png,आजोबा रोज सकाळी फिरायला जातात.,𑘁𑘕𑘻𑘤𑘰 𑘨𑘻𑘕 𑘭𑘎𑘰𑘯𑘲 𑘣𑘱𑘨𑘰𑘧𑘩𑘰 𑘕𑘰𑘝𑘰𑘝.,28
data/synthetic/images/line_0028_v035.png,आजोबा रोज सकाळी फिरायला जातात.,𑘁𑘕𑘻𑘤𑘰 𑘨𑘻𑘕 𑘭𑘎𑘰𑘯𑘲 𑘣𑘱𑘨𑘰𑘧𑘩𑘰 𑘕𑘰𑘝𑘰𑘝.,28
data/synthetic/images/line_0028_v036.png,आजोबा रोज सकाळी फिरायला जातात.,𑘁𑘕𑘻𑘤𑘰 𑘨𑘻𑘕 𑘭𑘎𑘰𑘯𑘲 𑘣𑘱𑘨𑘰𑘧𑘩𑘰 𑘕𑘰𑘝𑘰𑘝.,28
data/synthetic/images/line_0028_v037.png,आजोबा रोज सकाळी फिरायला जातात.,𑘁𑘕𑘻𑘤𑘰 𑘨𑘻𑘕 𑘭𑘎𑘰𑘯𑘲 𑘣𑘱𑘨𑘰𑘧𑘩𑘰 𑘕𑘰𑘝𑘰𑘝.,28
data/synthetic/images/line_0028_v038.png,आजोबा रोज सकाळी फिरायला जातात.,𑘁𑘕𑘻𑘤𑘰 𑘨𑘻𑘕 𑘭𑘎𑘰𑘯𑘲 𑘣𑘱𑘨𑘰𑘧𑘩𑘰 𑘕𑘰𑘝𑘰𑘝.,28
data/synthetic/images/line_0028_v039.png,आजोबा रोज सकाळी फिरायला जातात.,𑘁𑘕𑘻𑘤𑘰 𑘨𑘻𑘕 𑘭𑘎𑘰𑘯𑘲 𑘣𑘱𑘨𑘰𑘧𑘩𑘰 𑘕𑘰𑘝𑘰𑘝.,28
data/synthetic/images/line_0029_v000.png,आजी देवपूजा करते.,𑘁𑘕𑘲 𑘟𑘹𑘪𑘢𑘴𑘕𑘰 𑘎𑘨𑘝𑘹.,29
data/synthetic/images/line_0029_v001.png,आजी देवपूजा करते.,𑘁𑘕𑘲 𑘟𑘹𑘪𑘢𑘴𑘕𑘰 𑘎𑘨𑘝𑘹.,29
data/synthetic/images/line_0029_v002.png,आजी देवपूजा करते.,𑘁𑘕𑘲 𑘟𑘹𑘪𑘢𑘴𑘕𑘰 𑘎𑘨𑘝𑘹.,29
data/synthetic/images/line_0029_v003.png,आजी देवपूजा करते.,𑘁𑘕𑘲 𑘟𑘹𑘪𑘢𑘴𑘕𑘰 𑘎𑘨𑘝𑘹.,29
data/synthetic/images/line_0029_v004.png,आजी देवपूजा करते.,𑘁𑘕𑘲 𑘟𑘹𑘪𑘢𑘴𑘕𑘰 𑘎𑘨𑘝𑘹.,29
data/synthetic/images/line_0029_v005.png,आजी देवपूजा करते.,𑘁𑘕𑘲 𑘟𑘹𑘪𑘢𑘴𑘕𑘰 𑘎𑘨𑘝𑘹.,29
data/synthetic/images/line_0029_v006.png,आजी देवपूजा करते.,𑘁𑘕𑘲 𑘟𑘹𑘪𑘢𑘴𑘕𑘰 𑘎𑘨𑘝𑘹.,29
data/synthetic/images/line_0029_v007.png,आजी देवपूजा करते.,𑘁𑘕𑘲 𑘟𑘹𑘪𑘢𑘴𑘕𑘰 𑘎𑘨𑘝𑘹.,29
data/synthetic/images/line_0029_v008.png,आजी देवपूजा करते.,𑘁𑘕𑘲 𑘟𑘹𑘪𑘢𑘴𑘕𑘰 𑘎𑘨𑘝𑘹.,29
data/synthetic/images/line_0029_v009.png,आजी देवपूजा करते.,𑘁𑘕𑘲 𑘟𑘹𑘪𑘢𑘴𑘕𑘰 𑘎𑘨𑘝𑘹.,29
data/synthetic/images/line_0029_v010.png,आजी देवपूजा करते.,𑘁𑘕𑘲 𑘟𑘹𑘪𑘢𑘴𑘕𑘰 𑘎𑘨𑘝𑘹.,29
data/synthetic/images/line_0029_v011.png,आजी देवपूजा करते.,𑘁𑘕𑘲 𑘟𑘹𑘪𑘢𑘴𑘕𑘰 𑘎𑘨𑘝𑘹.,29
data/synthetic/images/line_0029_v012.png,आजी देवपूजा करते.,𑘁𑘕𑘲 𑘟𑘹𑘪𑘢𑘴𑘕𑘰 𑘎𑘨𑘝𑘹.,29
data/synthetic/images/line_0029_v013.png,आजी देवपूजा करते.,𑘁𑘕𑘲 𑘟𑘹𑘪𑘢𑘴𑘕𑘰 𑘎𑘨𑘝𑘹.,29
data/synthetic/images/line_0029_v014.png,आजी देवपूजा करते.,𑘁𑘕𑘲 𑘟𑘹𑘪𑘢𑘴𑘕𑘰 𑘎𑘨𑘝𑘹.,29
data/synthetic/images/line_0029_v015.png,आजी देवपूजा करते.,𑘁𑘕𑘲 𑘟𑘹𑘪𑘢𑘴𑘕𑘰 𑘎𑘨𑘝𑘹.,29
data/synthetic/images/line_0029_v016.png,आजी देवपूजा करते.,𑘁𑘕𑘲 𑘟𑘹𑘪𑘢𑘴𑘕𑘰 𑘎𑘨𑘝𑘹.,29
data/synthetic/images/line_0029_v017.png,आजी देवपूजा करते.,𑘁𑘕𑘲 𑘟𑘹𑘪𑘢𑘴𑘕𑘰 𑘎𑘨𑘝𑘹.,29
data/synthetic/images/line_0029_v018.png,आजी देवपूजा करते.,𑘁𑘕𑘲 𑘟𑘹𑘪𑘢𑘴𑘕𑘰 𑘎𑘨𑘝𑘹.,29
data/synthetic/images/line_0029_v019.png,आजी देवपूजा करते.,𑘁𑘕𑘲 𑘟𑘹𑘪𑘢𑘴𑘕𑘰 𑘎𑘨𑘝𑘹.,29
data/synthetic/images/line_0029_v020.png,आजी देवपूजा करते.,𑘁𑘕𑘲 𑘟𑘹𑘪𑘢𑘴𑘕𑘰 𑘎𑘨𑘝𑘹.,29
data/synthetic/images/line_0029_v021.png,आजी देवपूजा करते.,𑘁𑘕𑘲 𑘟𑘹𑘪𑘢𑘴𑘕𑘰 𑘎𑘨𑘝𑘹.,29
data/synthetic/images/line_0029_v022.png,आजी देवपूजा करते.,𑘁𑘕𑘲 𑘟𑘹𑘪𑘢𑘴𑘕𑘰 𑘎𑘨𑘝𑘹.,29
data/synthetic/images/line_0029_v023.png,आजी देवपूजा करते.,𑘁𑘕𑘲 𑘟𑘹𑘪𑘢𑘴𑘕𑘰 𑘎𑘨𑘝𑘹.,29
data/synthetic/images/line_0029_v024.png,आजी देवपूजा करते.,𑘁𑘕𑘲 𑘟𑘹𑘪𑘢𑘴𑘕𑘰 𑘎𑘨𑘝𑘹.,29
data/synthetic/images/line_0029_v025.png,आजी देवपूजा करते.,𑘁𑘕𑘲 𑘟𑘹𑘪𑘢𑘴𑘕𑘰 𑘎𑘨𑘝𑘹.,29
data/synthetic/images/line_0029_v026.png,आजी देवपूजा करते.,𑘁𑘕𑘲 𑘟𑘹𑘪𑘢𑘴𑘕𑘰 𑘎𑘨𑘝𑘹.,29
data/synthetic/images/line_0029_v027.png,आजी देवपूजा करते.,𑘁𑘕𑘲 𑘟𑘹𑘪𑘢𑘴𑘕𑘰 𑘎𑘨𑘝𑘹.,29
data/synthetic/images/line_0029_v028.png,आजी देवपूजा करते.,𑘁𑘕𑘲 𑘟𑘹𑘪𑘢𑘴𑘕𑘰 𑘎𑘨𑘝𑘹.,29
data/synthetic/images/line_0029_v029.png,आजी देवपूजा करते.,𑘁𑘕𑘲 𑘟𑘹𑘪𑘢𑘴𑘕𑘰 𑘎𑘨𑘝𑘹.,29
data/synthetic/images/line_0029_v030.png,आजी देवपूजा करते.,𑘁𑘕𑘲 𑘟𑘹𑘪𑘢𑘴𑘕𑘰 𑘎𑘨𑘝𑘹.,29
data/synthetic/images/line_0029_v031.png,आजी देवपूजा करते.,𑘁𑘕𑘲 𑘟𑘹𑘪𑘢𑘴𑘕𑘰 𑘎𑘨𑘝𑘹.,29
data/synthetic/images/line_0029_v032.png,आजी देवपूजा करते.,𑘁𑘕𑘲 𑘟𑘹𑘪𑘢𑘴𑘕𑘰 𑘎𑘨𑘝𑘹.,29
data/synthetic/images/line_0029_v033.png,आजी देवपूजा करते.,𑘁𑘕𑘲 𑘟𑘹𑘪𑘢𑘴𑘕𑘰 𑘎𑘨𑘝𑘹.,29
data/synthetic/images/line_0029_v034.png,आजी देवपूजा करते.,𑘁𑘕𑘲 𑘟𑘹𑘪𑘢𑘴𑘕𑘰 𑘎𑘨𑘝𑘹.,29
data/synthetic/images/line_0029_v035.png,आजी देवपूजा करते.,𑘁𑘕𑘲 𑘟𑘹𑘪𑘢𑘴𑘕𑘰 𑘎𑘨𑘝𑘹.,29
data/synthetic/images/line_0029_v036.png,आजी देवपूजा करते.,𑘁𑘕𑘲 𑘟𑘹𑘪𑘢𑘴𑘕𑘰 𑘎𑘨𑘝𑘹.,29
data/synthetic/images/line_0029_v037.png,आजी देवपूजा करते.,𑘁𑘕𑘲 𑘟𑘹𑘪𑘢𑘴𑘕𑘰 𑘎𑘨𑘝𑘹.,29
data/synthetic/images/line_0029_v038.png,आजी देवपूजा करते.,𑘁𑘕𑘲 𑘟𑘹𑘪𑘢𑘴𑘕𑘰 𑘎𑘨𑘝𑘹.,29
data/synthetic/images/line_0029_v039.png,आजी देवपूजा करते.,𑘁𑘕𑘲 𑘟𑘹𑘪𑘢𑘴𑘕𑘰 𑘎𑘨𑘝𑘹.,29
data/synthetic/images/line_0030_v000.png,मुलांनी अभ्यास केला पाहिजे.,𑘦𑘳𑘩𑘰𑘽𑘡𑘲 𑘀𑘥𑘿𑘧𑘰𑘭 𑘎𑘹𑘩𑘰 𑘢𑘰𑘮𑘱𑘕𑘹.,30
data/synthetic/images/line_0030_v001.png,मुलांनी अभ्यास केला पाहिजे.,𑘦𑘳𑘩𑘰𑘽𑘡𑘲 𑘀𑘥𑘿𑘧𑘰𑘭 𑘎𑘹𑘩𑘰 𑘢𑘰𑘮𑘱𑘕𑘹.,30
data/synthetic/images/line_0030_v002.png,मुलांनी अभ्यास केला पाहिजे.,𑘦𑘳𑘩𑘰𑘽𑘡𑘲 𑘀𑘥𑘿𑘧𑘰𑘭 𑘎𑘹𑘩𑘰 𑘢𑘰𑘮𑘱𑘕𑘹.,30
data/synthetic/images/line_0030_v003.png,मुलांनी अभ्यास केला पाहिजे.,𑘦𑘳𑘩𑘰𑘽𑘡𑘲 𑘀𑘥𑘿𑘧𑘰𑘭 𑘎𑘹𑘩𑘰 𑘢𑘰𑘮𑘱𑘕𑘹.,30
data/synthetic/images/line_0030_v004.png,मुलांनी अभ्यास केला पाहिजे.,𑘦𑘳𑘩𑘰𑘽𑘡𑘲 𑘀𑘥𑘿𑘧𑘰𑘭 𑘎𑘹𑘩𑘰 𑘢𑘰𑘮𑘱𑘕𑘹.,30
data/synthetic/images/line_0030_v005.png,मुलांनी अभ्यास केला पाहिजे.,𑘦𑘳𑘩𑘰𑘽𑘡𑘲 𑘀𑘥𑘿𑘧𑘰𑘭 𑘎𑘹𑘩𑘰 𑘢𑘰𑘮𑘱𑘕𑘹.,30
data/synthetic/images/line_0030_v006.png,मुलांनी अभ्यास केला पाहिजे.,𑘦𑘳𑘩𑘰𑘽𑘡𑘲 𑘀𑘥𑘿𑘧𑘰𑘭 𑘎𑘹𑘩𑘰 𑘢𑘰𑘮𑘱𑘕𑘹.,30
data/synthetic/images/line_0030_v007.png,मुलांनी अभ्यास केला पाहिजे.,𑘦𑘳𑘩𑘰𑘽𑘡𑘲 𑘀𑘥𑘿𑘧𑘰𑘭 𑘎𑘹𑘩𑘰 𑘢𑘰𑘮𑘱𑘕𑘹.,30
data/synthetic/images/line_0030_v008.png,मुलांनी अभ्यास केला पाहिजे.,𑘦𑘳𑘩𑘰𑘽𑘡𑘲 𑘀𑘥𑘿𑘧𑘰𑘭 𑘎𑘹𑘩𑘰 𑘢𑘰𑘮𑘱𑘕𑘹.,30
data/synthetic/images/line_0030_v009.png,मुलांनी अभ्यास केला पाहिजे.,𑘦𑘳𑘩𑘰𑘽𑘡𑘲 𑘀𑘥𑘿𑘧𑘰𑘭 𑘎𑘹𑘩𑘰 𑘢𑘰𑘮𑘱𑘕𑘹.,30
data/synthetic/images/line_0030_v010.png,मुलांनी अभ्यास केला पाहिजे.,𑘦𑘳𑘩𑘰𑘽𑘡𑘲 𑘀𑘥𑘿𑘧𑘰𑘭 𑘎𑘹𑘩𑘰 𑘢𑘰𑘮𑘱𑘕𑘹.,30
data/synthetic/images/line_0030_v011.png,मुलांनी अभ्यास केला पाहिजे.,𑘦𑘳𑘩𑘰𑘽𑘡𑘲 𑘀𑘥𑘿𑘧𑘰𑘭 𑘎𑘹𑘩𑘰 𑘢𑘰𑘮𑘱𑘕𑘹.,30
data/synthetic/images/line_0030_v012.png,मुलांनी अभ्यास केला पाहिजे.,𑘦𑘳𑘩𑘰𑘽𑘡𑘲 𑘀𑘥𑘿𑘧𑘰𑘭 𑘎𑘹𑘩𑘰 𑘢𑘰𑘮𑘱𑘕𑘹.,30
data/synthetic/images/line_0030_v013.png,मुलांनी अभ्यास केला पाहिजे.,𑘦𑘳𑘩𑘰𑘽𑘡𑘲 𑘀𑘥𑘿𑘧𑘰𑘭 𑘎𑘹𑘩𑘰 𑘢𑘰𑘮𑘱𑘕𑘹.,30
data/synthetic/images/line_0030_v014.png,मुलांनी अभ्यास केला पाहिजे.,𑘦𑘳𑘩𑘰𑘽𑘡𑘲 𑘀𑘥𑘿𑘧𑘰𑘭 𑘎𑘹𑘩𑘰 𑘢𑘰𑘮𑘱𑘕𑘹.,30
data/synthetic/images/line_0030_v015.png,मुलांनी अभ्यास केला पाहिजे.,𑘦𑘳𑘩𑘰𑘽𑘡𑘲 𑘀𑘥𑘿𑘧𑘰𑘭 𑘎𑘹𑘩𑘰 𑘢𑘰𑘮𑘱𑘕𑘹.,30
data/synthetic/images/line_0030_v016.png,मुलांनी अभ्यास केला पाहिजे.,𑘦𑘳𑘩𑘰𑘽𑘡𑘲 𑘀𑘥𑘿𑘧𑘰𑘭 𑘎𑘹𑘩𑘰 𑘢𑘰𑘮𑘱𑘕𑘹.,30
data/synthetic/images/line_0030_v017.png,मुलांनी अभ्यास केला पाहिजे.,𑘦𑘳𑘩𑘰𑘽𑘡𑘲 𑘀𑘥𑘿𑘧𑘰𑘭 𑘎𑘹𑘩𑘰 𑘢𑘰𑘮𑘱𑘕𑘹.,30
data/synthetic/images/line_0030_v018.png,मुलांनी अभ्यास केला पाहिजे.,𑘦𑘳𑘩𑘰𑘽𑘡𑘲 𑘀𑘥𑘿𑘧𑘰𑘭 𑘎𑘹𑘩𑘰 𑘢𑘰𑘮𑘱𑘕𑘹.,30
data/synthetic/images/line_0030_v019.png,मुलांनी अभ्यास केला पाहिजे.,𑘦𑘳𑘩𑘰𑘽𑘡𑘲 𑘀𑘥𑘿𑘧𑘰𑘭 𑘎𑘹𑘩𑘰 𑘢𑘰𑘮𑘱𑘕𑘹.,30
data/synthetic/images/line_0030_v020.png,मुलांनी अभ्यास केला पाहिजे.,𑘦𑘳𑘩𑘰𑘽𑘡𑘲 𑘀𑘥𑘿𑘧𑘰𑘭 𑘎𑘹𑘩𑘰 𑘢𑘰𑘮𑘱𑘕𑘹.,30
data/synthetic/images/line_0030_v021.png,मुलांनी अभ्यास केला पाहिजे.,𑘦𑘳𑘩𑘰𑘽𑘡𑘲 𑘀𑘥𑘿𑘧𑘰𑘭 𑘎𑘹𑘩𑘰 𑘢𑘰𑘮𑘱𑘕𑘹.,30
data/synthetic/images/line_0030_v022.png,मुलांनी अभ्यास केला पाहिजे.,𑘦𑘳𑘩𑘰𑘽𑘡𑘲 𑘀𑘥𑘿𑘧𑘰𑘭 𑘎𑘹𑘩𑘰 𑘢𑘰𑘮𑘱𑘕𑘹.,30
data/synthetic/images/line_0030_v023.png,मुलांनी अभ्यास केला पाहिजे.,𑘦𑘳𑘩𑘰𑘽𑘡𑘲 𑘀𑘥𑘿𑘧𑘰𑘭 𑘎𑘹𑘩𑘰 𑘢𑘰𑘮𑘱𑘕𑘹.,30
data/synthetic/images/line_0030_v024.png,मुलांनी अभ्यास केला पाहिजे.,𑘦𑘳𑘩𑘰𑘽𑘡𑘲 𑘀𑘥𑘿𑘧𑘰𑘭 𑘎𑘹𑘩𑘰 𑘢𑘰𑘮𑘱𑘕𑘹.,30
data/synthetic/images/line_0030_v025.png,मुलांनी अभ्यास केला पाहिजे.,𑘦𑘳𑘩𑘰𑘽𑘡𑘲 𑘀𑘥𑘿𑘧𑘰𑘭 𑘎𑘹𑘩𑘰 𑘢𑘰𑘮𑘱𑘕𑘹.,30
data/synthetic/images/line_0030_v026.png,मुलांनी अभ्यास केला पाहिजे.,𑘦𑘳𑘩𑘰𑘽𑘡𑘲 𑘀𑘥𑘿𑘧𑘰𑘭 𑘎𑘹𑘩𑘰 𑘢𑘰𑘮𑘱𑘕𑘹.,30
data/synthetic/images/line_0030_v027.png,मुलांनी अभ्यास केला पाहिजे.,𑘦𑘳𑘩𑘰𑘽𑘡𑘲 𑘀𑘥𑘿𑘧𑘰𑘭 𑘎𑘹𑘩𑘰 𑘢𑘰𑘮𑘱𑘕𑘹.,30
data/synthetic/images/line_0030_v028.png,मुलांनी अभ्यास केला पाहिजे.,𑘦𑘳𑘩𑘰𑘽𑘡𑘲 𑘀𑘥𑘿𑘧𑘰𑘭 𑘎𑘹𑘩𑘰 𑘢𑘰𑘮𑘱𑘕𑘹.,30
data/synthetic/images/line_0030_v029.png,मुलांनी अभ्यास केला पाहिजे.,𑘦𑘳𑘩𑘰𑘽𑘡𑘲 𑘀𑘥𑘿𑘧𑘰𑘭 𑘎𑘹𑘩𑘰 𑘢𑘰𑘮𑘱𑘕𑘹.,30
data/synthetic/images/line_0030_v030.png,मुलांनी अभ्यास केला पाहिजे.,𑘦𑘳𑘩𑘰𑘽𑘡𑘲 𑘀𑘥𑘿𑘧𑘰𑘭 𑘎𑘹𑘩𑘰 𑘢𑘰𑘮𑘱𑘕𑘹.,30
data/synthetic/images/line_0030_v031.png,मुलांनी अभ्यास केला पाहिजे.,𑘦𑘳𑘩𑘰𑘽𑘡𑘲 𑘀𑘥𑘿𑘧𑘰𑘭 𑘎𑘹𑘩𑘰 𑘢𑘰𑘮𑘱𑘕𑘹.,30
data/synthetic/images/line_0030_v032.png,मुलांनी अभ्यास केला पाहिजे.,𑘦𑘳𑘩𑘰𑘽𑘡𑘲 𑘀𑘥𑘿𑘧𑘰𑘭 𑘎𑘹𑘩𑘰 𑘢𑘰𑘮𑘱𑘕𑘹.,30
data/synthetic/images/line_0030_v033.png,मुलांनी अभ्यास केला पाहिजे.,𑘦𑘳𑘩𑘰𑘽𑘡𑘲 𑘀𑘥𑘿𑘧𑘰𑘭 𑘎𑘹𑘩𑘰 𑘢𑘰𑘮𑘱𑘕𑘹.,30
data/synthetic/images/line_0030_v034.png,मुलांनी अभ्यास केला पाहिजे.,𑘦𑘳𑘩𑘰𑘽𑘡𑘲 𑘀𑘥𑘿𑘧𑘰𑘭 𑘎𑘹𑘩𑘰 𑘢𑘰𑘮𑘱𑘕𑘹.,30
data/synthetic/images/line_0030_v035.png,मुलांनी अभ्यास केला पाहिजे.,𑘦𑘳𑘩𑘰𑘽𑘡𑘲 𑘀𑘥𑘿𑘧𑘰𑘭 𑘎𑘹𑘩𑘰 𑘢𑘰𑘮𑘱𑘕𑘹.,30
data/synthetic/images/line_0030_v036.png,मुलांनी अभ्यास केला पाहिजे.,𑘦𑘳𑘩𑘰𑘽𑘡𑘲 𑘀𑘥𑘿𑘧𑘰𑘭 𑘎𑘹𑘩𑘰 𑘢𑘰𑘮𑘱𑘕𑘹.,30
data/synthetic/images/line_0030_v037.png,मुलांनी अभ्यास केला पाहिजे.,𑘦𑘳𑘩𑘰𑘽𑘡𑘲 𑘀𑘥𑘿𑘧𑘰𑘭 𑘎𑘹𑘩𑘰 𑘢𑘰𑘮𑘱𑘕𑘹.,30
data/synthetic/images/line_0030_v038.png,मुलांनी अभ्यास केला पाहिजे.,𑘦𑘳𑘩𑘰𑘽𑘡𑘲 𑘀𑘥𑘿𑘧𑘰𑘭 𑘎𑘹𑘩𑘰 𑘢𑘰𑘮𑘱𑘕𑘹.,30
data/synthetic/images/line_0030_v039.png,मुलांनी अभ्यास केला पाहिजे.,𑘦𑘳𑘩𑘰𑘽𑘡𑘲 𑘀𑘥𑘿𑘧𑘰𑘭 𑘎𑘹𑘩𑘰 𑘢𑘰𑘮𑘱𑘕𑘹.,30
data/synthetic/images/line_0031_v000.png,शिक्षक विद्यार्थ्यांना शिकवतात.,𑘫𑘱𑘎𑘿𑘬𑘎 𑘪𑘱𑘟𑘿𑘧𑘰𑘨𑘿𑘞𑘿𑘧𑘰𑘽𑘡𑘰 𑘫𑘱𑘎𑘪𑘝𑘰𑘝.,31
data/synthetic/images/line_0031_v001.png,शिक्षक विद्यार्थ्यांना शिकवतात.,𑘫𑘱𑘎𑘿𑘬𑘎 𑘪𑘱𑘟𑘿𑘧𑘰𑘨𑘿𑘞𑘿𑘧𑘰𑘽𑘡𑘰 𑘫𑘱𑘎𑘪𑘝𑘰𑘝.,31
data/synthetic/images/line_0031_v002.png,शिक्षक विद्यार्थ्यांना शिकवतात.,𑘫𑘱𑘎𑘿𑘬𑘎 𑘪𑘱𑘟𑘿𑘧𑘰𑘨𑘿𑘞𑘿𑘧𑘰𑘽𑘡𑘰 𑘫𑘱𑘎𑘪𑘝𑘰𑘝.,31
data/synthetic/images/line_0031_v003.png,शिक्षक विद्यार्थ्यांना शिकवतात.,𑘫𑘱𑘎𑘿𑘬𑘎 𑘪𑘱𑘟𑘿𑘧𑘰𑘨𑘿𑘞𑘿𑘧𑘰𑘽𑘡𑘰 𑘫𑘱𑘎𑘪𑘝𑘰𑘝.,31
data/synthetic/images/line_0031_v004.png,शिक्षक विद्यार्थ्यांना शिकवतात.,𑘫𑘱𑘎𑘿𑘬𑘎 𑘪𑘱𑘟𑘿𑘧𑘰𑘨𑘿𑘞𑘿𑘧𑘰𑘽𑘡𑘰 𑘫𑘱𑘎𑘪𑘝𑘰𑘝.,31
data/synthetic/images/line_0031_v005.png,शिक्षक विद्यार्थ्यांना शिकवतात.,𑘫𑘱𑘎𑘿𑘬𑘎 𑘪𑘱𑘟𑘿𑘧𑘰𑘨𑘿𑘞𑘿𑘧𑘰𑘽𑘡𑘰 𑘫𑘱𑘎𑘪𑘝𑘰𑘝.,31
data/synthetic/images/line_0031_v006.png,शिक्षक विद्यार्थ्यांना शिकवतात.,𑘫𑘱𑘎𑘿𑘬𑘎 𑘪𑘱𑘟𑘿𑘧𑘰𑘨𑘿𑘞𑘿𑘧𑘰𑘽𑘡𑘰 𑘫𑘱𑘎𑘪𑘝𑘰𑘝.,31
data/synthetic/images/line_0031_v007.png,शिक्षक विद्यार्थ्यांना शिकवतात.,𑘫𑘱𑘎𑘿𑘬𑘎 𑘪𑘱𑘟𑘿𑘧𑘰𑘨𑘿𑘞𑘿𑘧𑘰𑘽𑘡𑘰 𑘫𑘱𑘎𑘪𑘝𑘰𑘝.,31
data/synthetic/images/line_0031_v008.png,शिक्षक विद्यार्थ्यांना शिकवतात.,𑘫𑘱𑘎𑘿𑘬𑘎 𑘪𑘱𑘟𑘿𑘧𑘰𑘨𑘿𑘞𑘿𑘧𑘰𑘽𑘡𑘰 𑘫𑘱𑘎𑘪𑘝𑘰𑘝.,31
data/synthetic/images/line_0031_v009.png,शिक्षक विद्यार्थ्यांना शिकवतात.,𑘫𑘱𑘎𑘿𑘬𑘎 𑘪𑘱𑘟𑘿𑘧𑘰𑘨𑘿𑘞𑘿𑘧𑘰𑘽𑘡𑘰 𑘫𑘱𑘎𑘪𑘝𑘰𑘝.,31
data/synthetic/images/line_0031_v010.png,शिक्षक विद्यार्थ्यांना शिकवतात.,𑘫𑘱𑘎𑘿𑘬𑘎 𑘪𑘱𑘟𑘿𑘧𑘰𑘨𑘿𑘞𑘿𑘧𑘰𑘽𑘡𑘰 𑘫𑘱𑘎𑘪𑘝𑘰𑘝.,31
data/synthetic/images/line_0031_v011.png,शिक्षक विद्यार्थ्यांना शिकवतात.,𑘫𑘱𑘎𑘿𑘬𑘎 𑘪𑘱𑘟𑘿𑘧𑘰𑘨𑘿𑘞𑘿𑘧𑘰𑘽𑘡𑘰 𑘫𑘱𑘎𑘪𑘝𑘰𑘝.,31
data/synthetic/images/line_0031_v012.png,शिक्षक विद्यार्थ्यांना शिकवतात.,𑘫𑘱𑘎𑘿𑘬𑘎 𑘪𑘱𑘟𑘿𑘧𑘰𑘨𑘿𑘞𑘿𑘧𑘰𑘽𑘡𑘰 𑘫𑘱𑘎𑘪𑘝𑘰𑘝.,31
data/synthetic/images/line_0031_v013.png,शिक्षक विद्यार्थ्यांना शिकवतात.,𑘫𑘱𑘎𑘿𑘬𑘎 𑘪𑘱𑘟𑘿𑘧𑘰𑘨𑘿𑘞𑘿𑘧𑘰𑘽𑘡𑘰 𑘫𑘱𑘎𑘪𑘝𑘰𑘝.,31
data/synthetic/images/line_0031_v014.png,शिक्षक विद्यार्थ्यांना शिकवतात.,𑘫𑘱𑘎𑘿𑘬𑘎 𑘪𑘱𑘟𑘿𑘧𑘰𑘨𑘿𑘞𑘿𑘧𑘰𑘽𑘡𑘰 𑘫𑘱𑘎𑘪𑘝𑘰𑘝.,31
data/synthetic/images/line_0031_v015.png,शिक्षक विद्यार्थ्यांना शिकवतात.,𑘫𑘱𑘎𑘿𑘬𑘎 𑘪𑘱𑘟𑘿𑘧𑘰𑘨𑘿𑘞𑘿𑘧𑘰𑘽𑘡𑘰 𑘫𑘱𑘎𑘪𑘝𑘰𑘝.,31
data/synthetic/images/line_0031_v016.png,शिक्षक विद्यार्थ्यांना शिकवतात.,𑘫𑘱𑘎𑘿𑘬𑘎 𑘪𑘱𑘟𑘿𑘧𑘰𑘨𑘿𑘞𑘿𑘧𑘰𑘽𑘡𑘰 𑘫𑘱𑘎𑘪𑘝𑘰𑘝.,31
data/synthetic/images/line_0031_v017.png,शिक्षक विद्यार्थ्यांना शिकवतात.,𑘫𑘱𑘎𑘿𑘬𑘎 𑘪𑘱𑘟𑘿𑘧𑘰𑘨𑘿𑘞𑘿𑘧𑘰𑘽𑘡𑘰 𑘫𑘱𑘎𑘪𑘝𑘰𑘝.,31
data/synthetic/images/line_0031_v018.png,शिक्षक विद्यार्थ्यांना शिकवतात.,𑘫𑘱𑘎𑘿𑘬𑘎 𑘪𑘱𑘟𑘿𑘧𑘰𑘨𑘿𑘞𑘿𑘧𑘰𑘽𑘡𑘰 𑘫𑘱𑘎𑘪𑘝𑘰𑘝.,31
data/synthetic/images/line_0031_v019.png,शिक्षक विद्यार्थ्यांना शिकवतात.,𑘫𑘱𑘎𑘿𑘬𑘎 𑘪𑘱𑘟𑘿𑘧𑘰𑘨𑘿𑘞𑘿𑘧𑘰𑘽𑘡𑘰 𑘫𑘱𑘎𑘪𑘝𑘰𑘝.,31
data/synthetic/images/line_0031_v020.png,शिक्षक विद्यार्थ्यांना शिकवतात.,𑘫𑘱𑘎𑘿𑘬𑘎 𑘪𑘱𑘟𑘿𑘧𑘰𑘨𑘿𑘞𑘿𑘧𑘰𑘽𑘡𑘰 𑘫𑘱𑘎𑘪𑘝𑘰𑘝.,31
data/synthetic/images/line_0031_v021.png,शिक्षक विद्यार्थ्यांना शिकवतात.,𑘫𑘱𑘎𑘿𑘬𑘎 𑘪𑘱𑘟𑘿𑘧𑘰𑘨𑘿𑘞𑘿𑘧𑘰𑘽𑘡𑘰 𑘫𑘱𑘎𑘪𑘝𑘰𑘝.,31
data/synthetic/images/line_0031_v022.png,शिक्षक विद्यार्थ्यांना शिकवतात.,𑘫𑘱𑘎𑘿𑘬𑘎 𑘪𑘱𑘟𑘿𑘧𑘰𑘨𑘿𑘞𑘿𑘧𑘰𑘽𑘡𑘰 𑘫𑘱𑘎𑘪𑘝𑘰𑘝.,31
data/synthetic/images/line_0031_v023.png,शिक्षक विद्यार्थ्यांना शिकवतात.,𑘫𑘱𑘎𑘿𑘬𑘎 𑘪𑘱𑘟𑘿𑘧𑘰𑘨𑘿𑘞𑘿𑘧𑘰𑘽𑘡𑘰 𑘫𑘱𑘎𑘪𑘝𑘰𑘝.,31
data/synthetic/images/line_0031_v024.png,शिक्षक विद्यार्थ्यांना शिकवतात.,𑘫𑘱𑘎𑘿𑘬𑘎 𑘪𑘱𑘟𑘿𑘧𑘰𑘨𑘿𑘞𑘿𑘧𑘰𑘽𑘡𑘰 𑘫𑘱𑘎𑘪𑘝𑘰𑘝.,31
data/synthetic/images/line_0031_v025.png,शिक्षक विद्यार्थ्यांना शिकवतात.,𑘫𑘱𑘎𑘿𑘬𑘎 𑘪𑘱𑘟𑘿𑘧𑘰𑘨𑘿𑘞𑘿𑘧𑘰𑘽𑘡𑘰 𑘫𑘱𑘎𑘪𑘝𑘰𑘝.,31
data/synthetic/images/line_0031_v026.png,शिक्षक विद्यार्थ्यांना शिकवतात.,𑘫𑘱𑘎𑘿𑘬𑘎 𑘪𑘱𑘟𑘿𑘧𑘰𑘨𑘿𑘞𑘿𑘧𑘰𑘽𑘡𑘰 𑘫𑘱𑘎𑘪𑘝𑘰𑘝.,31
data/synthetic/images/line_0031_v027.png,शिक्षक विद्यार्थ्यांना शिकवतात.,𑘫𑘱𑘎𑘿𑘬𑘎 𑘪𑘱𑘟𑘿𑘧𑘰𑘨𑘿𑘞𑘿𑘧𑘰𑘽𑘡𑘰 𑘫𑘱𑘎𑘪𑘝𑘰𑘝.,31
data/synthetic/images/line_0031_v028.png,शिक्षक विद्यार्थ्यांना शिकवतात.,𑘫𑘱𑘎𑘿𑘬𑘎 𑘪𑘱𑘟𑘿𑘧𑘰𑘨𑘿𑘞𑘿𑘧𑘰𑘽𑘡𑘰 𑘫𑘱𑘎𑘪𑘝𑘰𑘝.,31
data/synthetic/images/line_0031_v029.png,शिक्षक विद्यार्थ्यांना शिकवतात.,𑘫𑘱𑘎𑘿𑘬𑘎 𑘪𑘱𑘟𑘿𑘧𑘰𑘨𑘿𑘞𑘿𑘧𑘰𑘽𑘡𑘰 𑘫𑘱𑘎𑘪𑘝𑘰𑘝.,31
data/synthetic/images/line_0031_v030.png,शिक्षक विद्यार्थ्यांना शिकवतात.,𑘫𑘱𑘎𑘿𑘬𑘎 𑘪𑘱𑘟𑘿𑘧𑘰𑘨𑘿𑘞𑘿𑘧𑘰𑘽𑘡𑘰 𑘫𑘱𑘎𑘪𑘝𑘰𑘝.,31
data/synthetic/images/line_0031_v031.png,शिक्षक विद्यार्थ्यांना शिकवतात.,𑘫𑘱𑘎𑘿𑘬𑘎 𑘪𑘱𑘟𑘿𑘧𑘰𑘨𑘿𑘞𑘿𑘧𑘰𑘽𑘡𑘰 𑘫𑘱𑘎𑘪𑘝𑘰𑘝.,31
data/synthetic/images/line_0031_v032.png,शिक्षक विद्यार्थ्यांना शिकवतात.,𑘫𑘱𑘎𑘿𑘬𑘎 𑘪𑘱𑘟𑘿𑘧𑘰𑘨𑘿𑘞𑘿𑘧𑘰𑘽𑘡𑘰 𑘫𑘱𑘎𑘪𑘝𑘰𑘝.,31
data/synthetic/images/line_0031_v033.png,शिक्षक विद्यार्थ्यांना शिकवतात.,𑘫𑘱𑘎𑘿𑘬𑘎 𑘪𑘱𑘟𑘿𑘧𑘰𑘨𑘿𑘞𑘿𑘧𑘰𑘽𑘡𑘰 𑘫𑘱𑘎𑘪𑘝𑘰𑘝.,31
data/synthetic/images/line_0031_v034.png,शिक्षक विद्यार्थ्यांना शिकवतात.,𑘫𑘱𑘎𑘿𑘬𑘎 𑘪𑘱𑘟𑘿𑘧𑘰𑘨𑘿𑘞𑘿𑘧𑘰𑘽𑘡𑘰 𑘫𑘱𑘎𑘪𑘝𑘰𑘝.,31
data/synthetic/images/line_0031_v035.png,शिक्षक विद्यार्थ्यांना शिकवतात.,𑘫𑘱𑘎𑘿𑘬𑘎 𑘪𑘱𑘟𑘿𑘧𑘰𑘨𑘿𑘞𑘿𑘧𑘰𑘽𑘡𑘰 𑘫𑘱𑘎𑘪𑘝𑘰𑘝.,31
data/synthetic/images/line_0031_v036.png,शिक्षक विद्यार्थ्यांना शिकवतात.,𑘫𑘱𑘎𑘿𑘬𑘎 𑘪𑘱𑘟𑘿𑘧𑘰𑘨𑘿𑘞𑘿𑘧𑘰𑘽𑘡𑘰 𑘫𑘱𑘎𑘪𑘝𑘰𑘝.,31
data/synthetic/images/line_0031_v037.png,शिक्षक विद्यार्थ्यांना शिकवतात.,𑘫𑘱𑘎𑘿𑘬𑘎 𑘪𑘱𑘟𑘿𑘧𑘰𑘨𑘿𑘞𑘿𑘧𑘰𑘽𑘡𑘰 𑘫𑘱𑘎𑘪𑘝𑘰𑘝.,31
data/synthetic/images/line_0031_v038.png,शिक्षक विद्यार्थ्यांना शिकवतात.,𑘫𑘱𑘎𑘿𑘬𑘎 𑘪𑘱𑘟𑘿𑘧𑘰𑘨𑘿𑘞𑘿𑘧𑘰𑘽𑘡𑘰 𑘫𑘱𑘎𑘪𑘝𑘰𑘝.,31
data/synthetic/images/line_0031_v039.png,शिक्षक विद्यार्थ्यांना शिकवतात.,𑘫𑘱𑘎𑘿𑘬𑘎 𑘪𑘱𑘟𑘿𑘧𑘰𑘨𑘿𑘞𑘿𑘧𑘰𑘽𑘡𑘰 𑘫𑘱𑘎𑘪𑘝𑘰𑘝.,31
data/synthetic/images/line_0032_v000.png,पुस्तक वाचणे हा चांगला छंद आहे.,𑘢𑘳𑘭𑘿𑘝𑘎 𑘪𑘰𑘓𑘜𑘹 𑘮𑘰 𑘓𑘰𑘽𑘐𑘩𑘰 𑘔𑘽𑘟 𑘁𑘮𑘹.,32
data/synthetic/images/line_0032_v001.png,पुस्तक वाचणे हा चांगला छंद आहे.,𑘢𑘳𑘭𑘿𑘝𑘎 𑘪𑘰𑘓𑘜𑘹 𑘮𑘰 𑘓𑘰𑘽𑘐𑘩𑘰 𑘔𑘽𑘟 𑘁𑘮𑘹.,32
data/synthetic/images/line_0032_v002.png,पुस्तक वाचणे हा चांगला छंद आहे.,𑘢𑘳𑘭𑘿𑘝𑘎 𑘪𑘰𑘓𑘜𑘹 𑘮𑘰 𑘓𑘰𑘽𑘐𑘩𑘰 𑘔𑘽𑘟 𑘁𑘮𑘹.,32
data/synthetic/images/line_0032_v003.png,पुस्तक वाचणे हा चांगला छंद आहे.,𑘢𑘳𑘭𑘿𑘝𑘎 𑘪𑘰𑘓𑘜𑘹 𑘮𑘰 𑘓𑘰𑘽𑘐𑘩𑘰 𑘔𑘽𑘟 𑘁𑘮𑘹.,32
data/synthetic/images/line_0032_v004.png,पुस्तक वाचणे हा चांगला छंद आहे.,𑘢𑘳𑘭𑘿𑘝𑘎 𑘪𑘰𑘓𑘜𑘹 𑘮𑘰 𑘓𑘰𑘽𑘐𑘩𑘰 𑘔𑘽𑘟 𑘁𑘮𑘹.,32
data/synthetic/images/line_0032_v005.png,पुस्तक वाचणे हा चांगला छंद आहे.,𑘢𑘳𑘭𑘿𑘝𑘎 𑘪𑘰𑘓𑘜𑘹 𑘮𑘰 𑘓𑘰𑘽𑘐𑘩𑘰 𑘔𑘽𑘟 𑘁𑘮𑘹.,32
data/synthetic/images/line_0032_v006.png,पुस्तक वाचणे हा चांगला छंद आहे.,𑘢𑘳𑘭𑘿𑘝𑘎 𑘪𑘰𑘓𑘜𑘹 𑘮𑘰 𑘓𑘰𑘽𑘐𑘩𑘰 𑘔𑘽𑘟 𑘁𑘮𑘹.,32
data/synthetic/images/line_0032_v007.png,पुस्तक वाचणे हा चांगला छंद आहे.,𑘢𑘳𑘭𑘿𑘝𑘎 𑘪𑘰𑘓𑘜𑘹 𑘮𑘰 𑘓𑘰𑘽𑘐𑘩𑘰 𑘔𑘽𑘟 𑘁𑘮𑘹.,32
data/synthetic/images/line_0032_v008.png,पुस्तक वाचणे हा चांगला छंद आहे.,𑘢𑘳𑘭𑘿𑘝𑘎 𑘪𑘰𑘓𑘜𑘹 𑘮𑘰 𑘓𑘰𑘽𑘐𑘩𑘰 𑘔𑘽𑘟 𑘁𑘮𑘹.,32
data/synthetic/images/line_0032_v009.png,पुस्तक वाचणे हा चांगला छंद आहे.,𑘢𑘳𑘭𑘿𑘝𑘎 𑘪𑘰𑘓𑘜𑘹 𑘮𑘰 𑘓𑘰𑘽𑘐𑘩𑘰 𑘔𑘽𑘟 𑘁𑘮𑘹.,32
data/synthetic/images/line_0032_v010.png,पुस्तक वाचणे हा चांगला छंद आहे.,𑘢𑘳𑘭𑘿𑘝𑘎 𑘪𑘰𑘓𑘜𑘹 𑘮𑘰 𑘓𑘰𑘽𑘐𑘩𑘰 𑘔𑘽𑘟 𑘁𑘮𑘹.,32
data/synthetic/images/line_0032_v011.png,पुस्तक वाचणे हा चांगला छंद आहे.,𑘢𑘳𑘭𑘿𑘝𑘎 𑘪𑘰𑘓𑘜𑘹 𑘮𑘰 𑘓𑘰𑘽𑘐𑘩𑘰 𑘔𑘽𑘟 𑘁𑘮𑘹.,32
data/synthetic/images/line_0032_v012.png,पुस्तक वाचणे हा चांगला छंद आहे.,𑘢𑘳𑘭𑘿𑘝𑘎 𑘪𑘰𑘓𑘜𑘹 𑘮𑘰 𑘓𑘰𑘽𑘐𑘩𑘰 𑘔𑘽𑘟 𑘁𑘮𑘹.,32
data/synthetic/images/line_0032_v013.png,पुस्तक वाचणे हा चांगला छंद आहे.,𑘢𑘳𑘭𑘿𑘝𑘎 𑘪𑘰𑘓𑘜𑘹 𑘮𑘰 𑘓𑘰𑘽𑘐𑘩𑘰 𑘔𑘽𑘟 𑘁𑘮𑘹.,32
data/synthetic/images/line_0032_v014.png,पुस्तक वाचणे हा चांगला छंद आहे.,𑘢𑘳𑘭𑘿𑘝𑘎 𑘪𑘰𑘓𑘜𑘹 𑘮𑘰 𑘓𑘰𑘽𑘐𑘩𑘰 𑘔𑘽𑘟 𑘁𑘮𑘹.,32
data/synthetic/images/line_0032_v015.png,पुस्तक वाचणे हा चांगला छंद आहे.,𑘢𑘳𑘭𑘿𑘝𑘎 𑘪𑘰𑘓𑘜𑘹 𑘮𑘰 𑘓𑘰𑘽𑘐𑘩𑘰 𑘔𑘽𑘟 𑘁𑘮𑘹.,32
data/synthetic/images/line_0032_v016.png,पुस्तक वाचणे हा चांगला छंद आहे.,𑘢𑘳𑘭𑘿𑘝𑘎 𑘪𑘰𑘓𑘜𑘹 𑘮𑘰 𑘓𑘰𑘽𑘐𑘩𑘰 𑘔𑘽𑘟 𑘁𑘮𑘹.,32
data/synthetic/images/line_0032_v017.png,पुस्तक वाचणे हा चांगला छंद आहे.,𑘢𑘳𑘭𑘿𑘝𑘎 𑘪𑘰𑘓𑘜𑘹 𑘮𑘰 𑘓𑘰𑘽𑘐𑘩𑘰 𑘔𑘽𑘟 𑘁𑘮𑘹.,32
data/synthetic/images/line_0032_v018.png,पुस्तक वाचणे हा चांगला छंद आहे.,𑘢𑘳𑘭𑘿𑘝𑘎 𑘪𑘰𑘓𑘜𑘹 𑘮𑘰 𑘓𑘰𑘽𑘐𑘩𑘰 𑘔𑘽𑘟 𑘁𑘮𑘹.,32
data/synthetic/images/line_0032_v019.png,पुस्तक वाचणे हा चांगला छंद आहे.,𑘢𑘳𑘭𑘿𑘝𑘎 𑘪𑘰𑘓𑘜𑘹 𑘮𑘰 𑘓𑘰𑘽𑘐𑘩𑘰 𑘔𑘽𑘟 𑘁𑘮𑘹.,32
data/synthetic/images/line_0032_v020.png,पुस्तक वाचणे हा चांगला छंद आहे.,𑘢𑘳𑘭𑘿𑘝𑘎 𑘪𑘰𑘓𑘜𑘹 𑘮𑘰 𑘓𑘰𑘽𑘐𑘩𑘰 𑘔𑘽𑘟 𑘁𑘮𑘹.,32
data/synthetic/images/line_0032_v021.png,पुस्तक वाचणे हा चांगला छंद आहे.,𑘢𑘳𑘭𑘿𑘝𑘎 𑘪𑘰𑘓𑘜𑘹 𑘮𑘰 𑘓𑘰𑘽𑘐𑘩𑘰 𑘔𑘽𑘟 𑘁𑘮𑘹.,32
data/synthetic/images/line_0032_v022.png,पुस्तक वाचणे हा चांगला छंद आहे.,𑘢𑘳𑘭𑘿𑘝𑘎 𑘪𑘰𑘓𑘜𑘹 𑘮𑘰 𑘓𑘰𑘽𑘐𑘩𑘰 𑘔𑘽𑘟 𑘁𑘮𑘹.,32
data/synthetic/images/line_0032_v023.png,पुस्तक वाचणे हा चांगला छंद आहे.,𑘢𑘳𑘭𑘿𑘝𑘎 𑘪𑘰𑘓𑘜𑘹 𑘮𑘰 𑘓𑘰𑘽𑘐𑘩𑘰 𑘔𑘽𑘟 𑘁𑘮𑘹.,32
data/synthetic/images/line_0032_v024.png,पुस्तक वाचणे हा चांगला छंद आहे.,𑘢𑘳𑘭𑘿𑘝𑘎 𑘪𑘰𑘓𑘜𑘹 𑘮𑘰 𑘓𑘰𑘽𑘐𑘩𑘰 𑘔𑘽𑘟 𑘁𑘮𑘹.,32
data/synthetic/images/line_0032_v025.png,पुस्तक वाचणे हा चांगला छंद आहे.,𑘢𑘳𑘭𑘿𑘝𑘎 𑘪𑘰𑘓𑘜𑘹 𑘮𑘰 𑘓𑘰𑘽𑘐𑘩𑘰 𑘔𑘽𑘟 𑘁𑘮𑘹.,32
data/synthetic/images/line_0032_v026.png,पुस्तक वाचणे हा चांगला छंद आहे.,𑘢𑘳𑘭𑘿𑘝𑘎 𑘪𑘰𑘓𑘜𑘹 𑘮𑘰 𑘓𑘰𑘽𑘐𑘩𑘰 𑘔𑘽𑘟 𑘁𑘮𑘹.,32
data/synthetic/images/line_0032_v027.png,पुस्तक वाचणे हा चांगला छंद आहे.,𑘢𑘳𑘭𑘿𑘝𑘎 𑘪𑘰𑘓𑘜𑘹 𑘮𑘰 𑘓𑘰𑘽𑘐𑘩𑘰 𑘔𑘽𑘟 𑘁𑘮𑘹.,32
data/synthetic/images/line_0032_v028.png,पुस्तक वाचणे हा चांगला छंद आहे.,𑘢𑘳𑘭𑘿𑘝𑘎 𑘪𑘰𑘓𑘜𑘹 𑘮𑘰 𑘓𑘰𑘽𑘐𑘩𑘰 𑘔𑘽𑘟 𑘁𑘮𑘹.,32
data/synthetic/images/line_0032_v029.png,पुस्तक वाचणे हा चांगला छंद आहे.,𑘢𑘳𑘭𑘿𑘝𑘎 𑘪𑘰𑘓𑘜𑘹 𑘮𑘰 𑘓𑘰𑘽𑘐𑘩𑘰 𑘔𑘽𑘟 𑘁𑘮𑘹.,32
data/synthetic/images/line_0032_v030.png,पुस्तक वाचणे हा चांगला छंद आहे.,𑘢𑘳𑘭𑘿𑘝𑘎 𑘪𑘰𑘓𑘜𑘹 𑘮𑘰 𑘓𑘰𑘽𑘐𑘩𑘰 𑘔𑘽𑘟 𑘁𑘮𑘹.,32
data/synthetic/images/line_0032_v031.png,पुस्तक वाचणे हा चांगला छंद आहे.,𑘢𑘳𑘭𑘿𑘝𑘎 𑘪𑘰𑘓𑘜𑘹 𑘮𑘰 𑘓𑘰𑘽𑘐𑘩𑘰 𑘔𑘽𑘟 𑘁𑘮𑘹.,32
data/synthetic/images/line_0032_v032.png,पुस्तक वाचणे हा चांगला छंद आहे.,𑘢𑘳𑘭𑘿𑘝𑘎 𑘪𑘰𑘓𑘜𑘹 𑘮𑘰 𑘓𑘰𑘽𑘐𑘩𑘰 𑘔𑘽𑘟 𑘁𑘮𑘹.,32
data/synthetic/images/line_0032_v033.png,पुस्तक वाचणे हा चांगला छंद आहे.,𑘢𑘳𑘭𑘿𑘝𑘎 𑘪𑘰𑘓𑘜𑘹 𑘮𑘰 𑘓𑘰𑘽𑘐𑘩𑘰 𑘔𑘽𑘟 𑘁𑘮𑘹.,32
data/synthetic/images/line_0032_v034.png,पुस्तक वाचणे हा चांगला छंद आहे.,𑘢𑘳𑘭𑘿𑘝𑘎 𑘪𑘰𑘓𑘜𑘹 𑘮𑘰 𑘓𑘰𑘽𑘐𑘩𑘰 𑘔𑘽𑘟 𑘁𑘮𑘹.,32
data/synthetic/images/line_0032_v035.png,पुस्तक वाचणे हा चांगला छंद आहे.,𑘢𑘳𑘭𑘿𑘝𑘎 𑘪𑘰𑘓𑘜𑘹 𑘮𑘰 𑘓𑘰𑘽𑘐𑘩𑘰 𑘔𑘽𑘟 𑘁𑘮𑘹.,32
data/synthetic/images/line_0032_v036.png,पुस्तक वाचणे हा चांगला छंद आहे.,𑘢𑘳𑘭𑘿𑘝𑘎 𑘪𑘰𑘓𑘜𑘹 𑘮𑘰 𑘓𑘰𑘽𑘐𑘩𑘰 𑘔𑘽𑘟 𑘁𑘮𑘹.,32
data/synthetic/images/line_0032_v037.png,पुस्तक वाचणे हा चांगला छंद आहे.,𑘢𑘳𑘭𑘿𑘝𑘎 𑘪𑘰𑘓𑘜𑘹 𑘮𑘰 𑘓𑘰𑘽𑘐𑘩𑘰 𑘔𑘽𑘟 𑘁𑘮𑘹.,32
data/synthetic/images/line_0032_v038.png,पुस्तक वाचणे हा चांगला छंद आहे.,𑘢𑘳𑘭𑘿𑘝𑘎 𑘪𑘰𑘓𑘜𑘹 𑘮𑘰 𑘓𑘰𑘽𑘐𑘩𑘰 𑘔𑘽𑘟 𑘁𑘮𑘹.,32
data/synthetic/images/line_0032_v039.png,पुस्तक वाचणे हा चांगला छंद आहे.,𑘢𑘳𑘭𑘿𑘝𑘎 𑘪𑘰𑘓𑘜𑘹 𑘮𑘰 𑘓𑘰𑘽𑘐𑘩𑘰 𑘔𑘽𑘟 𑘁𑘮𑘹.,32
data/synthetic/images/line_0033_v000.png,ग्रंथालयात खूप पुस्तके आहेत.,𑘐𑘿𑘨𑘽𑘞𑘰𑘩𑘧𑘰𑘝 𑘏𑘴𑘢 𑘢𑘳𑘭𑘿𑘝𑘎𑘹 𑘁𑘮𑘹𑘝.,33
data/synthetic/images/line_0033_v001.png,ग्रंथालयात खूप पुस्तके आहेत.,𑘐𑘿𑘨𑘽𑘞𑘰𑘩𑘧𑘰𑘝 𑘏𑘴𑘢 𑘢𑘳𑘭𑘿𑘝𑘎𑘹 𑘁𑘮𑘹𑘝.,33
data/synthetic/images/line_0033_v002.png,ग्रंथालयात खूप पुस्तके आहेत.,𑘐𑘿𑘨𑘽𑘞𑘰𑘩𑘧𑘰𑘝 𑘏𑘴𑘢 𑘢𑘳𑘭𑘿𑘝𑘎𑘹 𑘁𑘮𑘹𑘝.,33
data/synthetic/images/line_0033_v003.png,ग्रंथालयात खूप पुस्तके आहेत.,𑘐𑘿𑘨𑘽𑘞𑘰𑘩𑘧𑘰𑘝 𑘏𑘴𑘢 𑘢𑘳𑘭𑘿𑘝𑘎𑘹 𑘁𑘮𑘹𑘝.,33
data/synthetic/images/line_0033_v004.png,ग्रंथालयात खूप पुस्तके आहेत.,𑘐𑘿𑘨𑘽𑘞𑘰𑘩𑘧𑘰𑘝 𑘏𑘴𑘢 𑘢𑘳𑘭𑘿𑘝𑘎𑘹 𑘁𑘮𑘹𑘝.,33
data/synthetic/images/line_0033_v005.png,ग्रंथालयात खूप पुस्तके आहेत.,𑘐𑘿𑘨𑘽𑘞𑘰𑘩𑘧𑘰𑘝 𑘏𑘴𑘢 𑘢𑘳𑘭𑘿𑘝𑘎𑘹 𑘁𑘮𑘹𑘝.,33
data/synthetic/images/line_0033_v006.png,ग्रंथालयात खूप पुस्तके आहेत.,𑘐𑘿𑘨𑘽𑘞𑘰𑘩𑘧𑘰𑘝 𑘏𑘴𑘢 𑘢𑘳𑘭𑘿𑘝𑘎𑘹 𑘁𑘮𑘹𑘝.,33
data/synthetic/images/line_0033_v007.png,ग्रंथालयात खूप पुस्तके आहेत.,𑘐𑘿𑘨𑘽𑘞𑘰𑘩𑘧𑘰𑘝 𑘏𑘴𑘢 𑘢𑘳𑘭𑘿𑘝𑘎𑘹 𑘁𑘮𑘹𑘝.,33
data/synthetic/images/line_0033_v008.png,ग्रंथालयात खूप पुस्तके आहेत.,𑘐𑘿𑘨𑘽𑘞𑘰𑘩𑘧𑘰𑘝 𑘏𑘴𑘢 𑘢𑘳𑘭𑘿𑘝𑘎𑘹 𑘁𑘮𑘹𑘝.,33
data/synthetic/images/line_0033_v009.png,ग्रंथालयात खूप पुस्तके आहेत.,𑘐𑘿𑘨𑘽𑘞𑘰𑘩𑘧𑘰𑘝 𑘏𑘴𑘢 𑘢𑘳𑘭𑘿𑘝𑘎𑘹 𑘁𑘮𑘹𑘝.,33
data/synthetic/images/line_0033_v010.png,ग्रंथालयात खूप पुस्तके आहेत.,𑘐𑘿𑘨𑘽𑘞𑘰𑘩𑘧𑘰𑘝 𑘏𑘴𑘢 𑘢𑘳𑘭𑘿𑘝𑘎𑘹 𑘁𑘮𑘹𑘝.,33
data/synthetic/images/line_0033_v011.png,ग्रंथालयात खूप पुस्तके आहेत.,𑘐𑘿𑘨𑘽𑘞𑘰𑘩𑘧𑘰𑘝 𑘏𑘴𑘢 𑘢𑘳𑘭𑘿𑘝𑘎𑘹 𑘁𑘮𑘹𑘝.,33
data/synthetic/images/line_0033_v012.png,ग्रंथालयात खूप पुस्तके आहेत.,𑘐𑘿𑘨𑘽𑘞𑘰𑘩𑘧𑘰𑘝 𑘏𑘴𑘢 𑘢𑘳𑘭𑘿𑘝𑘎𑘹 𑘁𑘮𑘹𑘝.,33
data/synthetic/images/line_0033_v013.png,ग्रंथालयात खूप पुस्तके आहेत.,𑘐𑘿𑘨𑘽𑘞𑘰𑘩𑘧𑘰𑘝 𑘏𑘴𑘢 𑘢𑘳𑘭𑘿𑘝𑘎𑘹 𑘁𑘮𑘹𑘝.,33
data/synthetic/images/line_0033_v014.png,ग्रंथालयात खूप पुस्तके आहेत.,𑘐𑘿𑘨𑘽𑘞𑘰𑘩𑘧𑘰𑘝 𑘏𑘴𑘢 𑘢𑘳𑘭𑘿𑘝𑘎𑘹 𑘁𑘮𑘹𑘝.,33
data/synthetic/images/line_0033_v015.png,ग्रंथालयात खूप पुस्तके आहेत.,𑘐𑘿𑘨𑘽𑘞𑘰𑘩𑘧𑘰𑘝 𑘏𑘴𑘢 𑘢𑘳𑘭𑘿𑘝𑘎𑘹 𑘁𑘮𑘹𑘝.,33
data/synthetic/images/line_0033_v016.png,ग्रंथालयात खूप पुस्तके आहेत.,𑘐𑘿𑘨𑘽𑘞𑘰𑘩𑘧𑘰𑘝 𑘏𑘴𑘢 𑘢𑘳𑘭𑘿𑘝𑘎𑘹 𑘁𑘮𑘹𑘝.,33
data/synthetic/images/line_0033_v017.png,ग्रंथालयात खूप पुस्तके आहेत.,𑘐𑘿𑘨𑘽𑘞𑘰𑘩𑘧𑘰𑘝 𑘏𑘴𑘢 𑘢𑘳𑘭𑘿𑘝𑘎𑘹 𑘁𑘮𑘹𑘝.,33
data/synthetic/images/line_0033_v018.png,ग्रंथालयात खूप पुस्तके आहेत.,𑘐𑘿𑘨𑘽𑘞𑘰𑘩𑘧𑘰𑘝 𑘏𑘴𑘢 𑘢𑘳𑘭𑘿𑘝𑘎𑘹 𑘁𑘮𑘹𑘝.,33
data/synthetic/images/line_0033_v019.png,ग्रंथालयात खूप पुस्तके आहेत.,𑘐𑘿𑘨𑘽𑘞𑘰𑘩𑘧𑘰𑘝 𑘏𑘴𑘢 𑘢𑘳𑘭𑘿𑘝𑘎𑘹 𑘁𑘮𑘹𑘝.,33
data/synthetic/images/line_0033_v020.png,ग्रंथालयात खूप पुस्तके आहेत.,𑘐𑘿𑘨𑘽𑘞𑘰𑘩𑘧𑘰𑘝 𑘏𑘴𑘢 𑘢𑘳𑘭𑘿𑘝𑘎𑘹 𑘁𑘮𑘹𑘝.,33
data/synthetic/images/line_0033_v021.png,ग्रंथालयात खूप पुस्तके आहेत.,𑘐𑘿𑘨𑘽𑘞𑘰𑘩𑘧𑘰𑘝 𑘏𑘴𑘢 𑘢𑘳𑘭𑘿𑘝𑘎𑘹 𑘁𑘮𑘹𑘝.,33
data/synthetic/images/line_0033_v022.png,ग्रंथालयात खूप पुस्तके आहेत.,𑘐𑘿𑘨𑘽𑘞𑘰𑘩𑘧𑘰𑘝 𑘏𑘴𑘢 𑘢𑘳𑘭𑘿𑘝𑘎𑘹 𑘁𑘮𑘹𑘝.,33
data/synthetic/images/line_0033_v023.png,ग्रंथालयात खूप पुस्तके आहेत.,𑘐𑘿𑘨𑘽𑘞𑘰𑘩𑘧𑘰𑘝 𑘏𑘴𑘢 𑘢𑘳𑘭𑘿𑘝𑘎𑘹 𑘁𑘮𑘹𑘝.,33
data/synthetic/images/line_0033_v024.png,ग्रंथालयात खूप पुस्तके आहेत.,𑘐𑘿𑘨𑘽𑘞𑘰𑘩𑘧𑘰𑘝 𑘏𑘴𑘢 𑘢𑘳𑘭𑘿𑘝𑘎𑘹 𑘁𑘮𑘹𑘝.,33
data/synthetic/images/line_0033_v025.png,ग्रंथालयात खूप पुस्तके आहेत.,𑘐𑘿𑘨𑘽𑘞𑘰𑘩𑘧𑘰𑘝 𑘏𑘴𑘢 𑘢𑘳𑘭𑘿𑘝𑘎𑘹 𑘁𑘮𑘹𑘝.,33
data/synthetic/images/line_0033_v026.png,ग्रंथालयात खूप पुस्तके आहेत.,𑘐𑘿𑘨𑘽𑘞𑘰𑘩𑘧𑘰𑘝 𑘏𑘴𑘢 𑘢𑘳𑘭𑘿𑘝𑘎𑘹 𑘁𑘮𑘹𑘝.,33
data/synthetic/images/line_0033_v027.png,ग्रंथालयात खूप पुस्तके आहेत.,𑘐𑘿𑘨𑘽𑘞𑘰𑘩𑘧𑘰𑘝 𑘏𑘴𑘢 𑘢𑘳𑘭𑘿𑘝𑘎𑘹 𑘁𑘮𑘹𑘝.,33
data/synthetic/images/line_0033_v028.png,ग्रंथालयात खूप पुस्तके आहेत.,𑘐𑘿𑘨𑘽𑘞𑘰𑘩𑘧𑘰𑘝 𑘏𑘴𑘢 𑘢𑘳𑘭𑘿𑘝𑘎𑘹 𑘁𑘮𑘹𑘝.,33
data/synthetic/images/line_0033_v029.png,ग्रंथालयात खूप पुस्तके आहेत.,𑘐𑘿𑘨𑘽𑘞𑘰𑘩𑘧𑘰𑘝 𑘏𑘴𑘢 𑘢𑘳𑘭𑘿𑘝𑘎𑘹 𑘁𑘮𑘹𑘝.,33
data/synthetic/images/line_0033_v030.png,ग्रंथालयात खूप पुस्तके आहेत.,𑘐𑘿𑘨𑘽𑘞𑘰𑘩𑘧𑘰𑘝 𑘏𑘴𑘢 𑘢𑘳𑘭𑘿𑘝𑘎𑘹 𑘁𑘮𑘹𑘝.,33
data/synthetic/images/line_0033_v031.png,ग्रंथालयात खूप पुस्तके आहेत.,𑘐𑘿𑘨𑘽𑘞𑘰𑘩𑘧𑘰𑘝 𑘏𑘴𑘢 𑘢𑘳𑘭𑘿𑘝𑘎𑘹 𑘁𑘮𑘹𑘝.,33
data/synthetic/images/line_0033_v032.png,ग्रंथालयात खूप पुस्तके आहेत.,𑘐𑘿𑘨𑘽𑘞𑘰𑘩𑘧𑘰𑘝 𑘏𑘴𑘢 𑘢𑘳𑘭𑘿𑘝𑘎𑘹 𑘁𑘮𑘹𑘝.,33
data/synthetic/images/line_0033_v033.png,ग्रंथालयात खूप पुस्तके आहेत.,𑘐𑘿𑘨𑘽𑘞𑘰𑘩𑘧𑘰𑘝 𑘏𑘴𑘢 𑘢𑘳𑘭𑘿𑘝𑘎𑘹 𑘁𑘮𑘹𑘝.,33
data/synthetic/images/line_0033_v034.png,ग्रंथालयात खूप पुस्तके आहेत.,𑘐𑘿𑘨𑘽𑘞𑘰𑘩𑘧𑘰𑘝 𑘏𑘴𑘢 𑘢𑘳𑘭𑘿𑘝𑘎𑘹 𑘁𑘮𑘹𑘝.,33
data/synthetic/images/line_0033_v035.png,ग्रंथालयात खूप पुस्तके आहेत.,𑘐𑘿𑘨𑘽𑘞𑘰𑘩𑘧𑘰𑘝 𑘏𑘴𑘢 𑘢𑘳𑘭𑘿𑘝𑘎𑘹 𑘁𑘮𑘹𑘝.,33
data/synthetic/images/line_0033_v036.png,ग्रंथालयात खूप पुस्तके आहेत.,𑘐𑘿𑘨𑘽𑘞𑘰𑘩𑘧𑘰𑘝 𑘏𑘴𑘢 𑘢𑘳𑘭𑘿𑘝𑘎𑘹 𑘁𑘮𑘹𑘝.,33
data/synthetic/images/line_0033_v037.png,ग्रंथालयात खूप पुस्तके आहेत.,𑘐𑘿𑘨𑘽𑘞𑘰𑘩𑘧𑘰𑘝 𑘏𑘴𑘢 𑘢𑘳𑘭𑘿𑘝𑘎𑘹 𑘁𑘮𑘹𑘝.,33
data/synthetic/images/line_0033_v038.png,ग्रंथालयात खूप पुस्तके आहेत.,𑘐𑘿𑘨𑘽𑘞𑘰𑘩𑘧𑘰𑘝 𑘏𑘴𑘢 𑘢𑘳𑘭𑘿𑘝𑘎𑘹 𑘁𑘮𑘹𑘝.,33
data/synthetic/images/line_0033_v039.png,ग्रंथालयात खूप पुस्तके आहेत.,𑘐𑘿𑘨𑘽𑘞𑘰𑘩𑘧𑘰𑘝 𑘏𑘴𑘢 𑘢𑘳𑘭𑘿𑘝𑘎𑘹 𑘁𑘮𑘹𑘝.,33
data/synthetic/images/line_0034_v000.png,संगणकाचा वापर आजकाल सर्वत्र होतो.,𑘭𑘽𑘐𑘜𑘎𑘰𑘓𑘰 𑘪𑘰𑘢𑘨 𑘁𑘕𑘎𑘰𑘩 𑘭𑘨𑘿𑘪𑘝𑘿𑘨 𑘮𑘻𑘝𑘻.,34
data/synthetic/images/line_0034_v001.png,संगणकाचा वापर आजकाल सर्वत्र होतो.,𑘭𑘽𑘐𑘜𑘎𑘰𑘓𑘰 𑘪𑘰𑘢𑘨 𑘁𑘕𑘎𑘰𑘩 𑘭𑘨𑘿𑘪𑘝𑘿𑘨 𑘮𑘻𑘝𑘻.,34
data/synthetic/images/line_0034_v002.png,संगणकाचा वापर आजकाल सर्वत्र होतो.,𑘭𑘽𑘐𑘜𑘎𑘰𑘓𑘰 𑘪𑘰𑘢𑘨 𑘁𑘕𑘎𑘰𑘩 𑘭𑘨𑘿𑘪𑘝𑘿𑘨 𑘮𑘻𑘝𑘻.,34
data/synthetic/images/line_0034_v003.png,संगणकाचा वापर आजकाल सर्वत्र होतो.,𑘭𑘽𑘐𑘜𑘎𑘰𑘓𑘰 𑘪𑘰𑘢𑘨 𑘁𑘕𑘎𑘰𑘩 𑘭𑘨𑘿𑘪𑘝𑘿𑘨 𑘮𑘻𑘝𑘻.,34
data/synthetic/images/line_0034_v004.png,संगणकाचा वापर आजकाल सर्वत्र होतो.,𑘭𑘽𑘐𑘜𑘎𑘰𑘓𑘰 𑘪𑘰𑘢𑘨 𑘁𑘕𑘎𑘰𑘩 𑘭𑘨𑘿𑘪𑘝𑘿𑘨 𑘮𑘻𑘝𑘻.,34
data/synthetic/images/line_0034_v005.png,संगणकाचा वापर आजकाल सर्वत्र होतो.,𑘭𑘽𑘐𑘜𑘎𑘰𑘓𑘰 𑘪𑘰𑘢𑘨 𑘁𑘕𑘎𑘰𑘩 𑘭𑘨𑘿𑘪𑘝𑘿𑘨 𑘮𑘻𑘝𑘻.,34
data/synthetic/images/line_0034_v006.png,संगणकाचा वापर आजकाल सर्वत्र होतो.,𑘭𑘽𑘐𑘜𑘎𑘰𑘓𑘰 𑘪𑘰𑘢𑘨 𑘁𑘕𑘎𑘰𑘩 𑘭𑘨𑘿𑘪𑘝𑘿𑘨 𑘮𑘻𑘝𑘻.,34
data/synthetic/images/line_0034_v007.png,संगणकाचा वापर आजकाल सर्वत्र होतो.,𑘭𑘽𑘐𑘜𑘎𑘰𑘓𑘰 𑘪𑘰𑘢𑘨 𑘁𑘕𑘎𑘰𑘩 𑘭𑘨𑘿𑘪𑘝𑘿𑘨 𑘮𑘻𑘝𑘻.,34
data/synthetic/images/line_0034_v008.png,संगणकाचा वापर आजकाल सर्वत्र होतो.,𑘭𑘽𑘐𑘜𑘎𑘰𑘓𑘰 𑘪𑘰𑘢𑘨 𑘁𑘕𑘎𑘰𑘩 𑘭𑘨𑘿𑘪𑘝𑘿𑘨 𑘮𑘻𑘝𑘻.,34
data/synthetic/images/line_0034_v009.png,संगणकाचा वापर आजकाल सर्वत्र होतो.,𑘭𑘽𑘐𑘜𑘎𑘰𑘓𑘰 𑘪𑘰𑘢𑘨 𑘁𑘕𑘎𑘰𑘩 𑘭𑘨𑘿𑘪𑘝𑘿𑘨 𑘮𑘻𑘝𑘻.,34
data/synthetic/images/line_0034_v010.png,संगणकाचा वापर आजकाल सर्वत्र होतो.,𑘭𑘽𑘐𑘜𑘎𑘰𑘓𑘰 𑘪𑘰𑘢𑘨 𑘁𑘕𑘎𑘰𑘩 𑘭𑘨𑘿𑘪𑘝𑘿𑘨 𑘮𑘻𑘝𑘻.,34
data/synthetic/images/line_0034_v011.png,संगणकाचा वापर आजकाल सर्वत्र होतो.,𑘭𑘽𑘐𑘜𑘎𑘰𑘓𑘰 𑘪𑘰𑘢𑘨 𑘁𑘕𑘎𑘰𑘩 𑘭𑘨𑘿𑘪𑘝𑘿𑘨 𑘮𑘻𑘝𑘻.,34
data/synthetic/images/line_0034_v012.png,संगणकाचा वापर आजकाल सर्वत्र होतो.,𑘭𑘽𑘐𑘜𑘎𑘰𑘓𑘰 𑘪𑘰𑘢𑘨 𑘁𑘕𑘎𑘰𑘩 𑘭𑘨𑘿𑘪𑘝𑘿𑘨 𑘮𑘻𑘝𑘻.,34
data/synthetic/images/line_0034_v013.png,संगणकाचा वापर आजकाल सर्वत्र होतो.,𑘭𑘽𑘐𑘜𑘎𑘰𑘓𑘰 𑘪𑘰𑘢𑘨 𑘁𑘕𑘎𑘰𑘩 𑘭𑘨𑘿𑘪𑘝𑘿𑘨 𑘮𑘻𑘝𑘻.,34
data/synthetic/images/line_0034_v014.png,संगणकाचा वापर आजकाल सर्वत्र होतो.,𑘭𑘽𑘐𑘜𑘎𑘰𑘓𑘰 𑘪𑘰𑘢𑘨 𑘁𑘕𑘎𑘰𑘩 𑘭𑘨𑘿𑘪𑘝𑘿𑘨 𑘮𑘻𑘝𑘻.,34
data/synthetic/images/line_0034_v015.png,संगणकाचा वापर आजकाल सर्वत्र होतो.,𑘭𑘽𑘐𑘜𑘎𑘰𑘓𑘰 𑘪𑘰𑘢𑘨 𑘁𑘕𑘎𑘰𑘩 𑘭𑘨𑘿𑘪𑘝𑘿𑘨 𑘮𑘻𑘝𑘻.,34
data/synthetic/images/line_0034_v016.png,संगणकाचा वापर आजकाल सर्वत्र होतो.,𑘭𑘽𑘐𑘜𑘎𑘰𑘓𑘰 𑘪𑘰𑘢𑘨 𑘁𑘕𑘎𑘰𑘩 𑘭𑘨𑘿𑘪𑘝𑘿𑘨 𑘮𑘻𑘝𑘻.,34
data/synthetic/images/line_0034_v017.png,संगणकाचा वापर आजकाल सर्वत्र होतो.,𑘭𑘽𑘐𑘜𑘎𑘰𑘓𑘰 𑘪𑘰𑘢𑘨 𑘁𑘕𑘎𑘰𑘩 𑘭𑘨𑘿𑘪𑘝𑘿𑘨 𑘮𑘻𑘝𑘻.,34
data/synthetic/images/line_0034_v018.png,संगणकाचा वापर आजकाल सर्वत्र होतो.,𑘭𑘽𑘐𑘜𑘎𑘰𑘓𑘰 𑘪𑘰𑘢𑘨 𑘁𑘕𑘎𑘰𑘩 𑘭𑘨𑘿𑘪𑘝𑘿𑘨 𑘮𑘻𑘝𑘻.,34
data/synthetic/images/line_0034_v019.png,संगणकाचा वापर आजकाल सर्वत्र होतो.,𑘭𑘽𑘐𑘜𑘎𑘰𑘓𑘰 𑘪𑘰𑘢𑘨 𑘁𑘕𑘎𑘰𑘩 𑘭𑘨𑘿𑘪𑘝𑘿𑘨 𑘮𑘻𑘝𑘻.,34
data/synthetic/images/line_0034_v020.png,संगणकाचा वापर आजकाल सर्वत्र होतो.,𑘭𑘽𑘐𑘜𑘎𑘰𑘓𑘰 𑘪𑘰𑘢𑘨 𑘁𑘕𑘎𑘰𑘩 𑘭𑘨𑘿𑘪𑘝𑘿𑘨 𑘮𑘻𑘝𑘻.,34
data/synthetic/images/line_0034_v021.png,संगणकाचा वापर आजकाल सर्वत्र होतो.,𑘭𑘽𑘐𑘜𑘎𑘰𑘓𑘰 𑘪𑘰𑘢𑘨 𑘁𑘕𑘎𑘰𑘩 𑘭𑘨𑘿𑘪𑘝𑘿𑘨 𑘮𑘻𑘝𑘻.,34
data/synthetic/images/line_0034_v022.png,संगणकाचा वापर आजकाल सर्वत्र होतो.,𑘭𑘽𑘐𑘜𑘎𑘰𑘓𑘰 𑘪𑘰𑘢𑘨 𑘁𑘕𑘎𑘰𑘩 𑘭𑘨𑘿𑘪𑘝𑘿𑘨 𑘮𑘻𑘝𑘻.,34
data/synthetic/images/line_0034_v023.png,संगणकाचा वापर आजकाल सर्वत्र होतो.,𑘭𑘽𑘐𑘜𑘎𑘰𑘓𑘰 𑘪𑘰𑘢𑘨 𑘁𑘕𑘎𑘰𑘩 𑘭𑘨𑘿𑘪𑘝𑘿𑘨 𑘮𑘻𑘝𑘻.,34
data/synthetic/images/line_0034_v024.png,संगणकाचा वापर आजकाल सर्वत्र होतो.,𑘭𑘽𑘐𑘜𑘎𑘰𑘓𑘰 𑘪𑘰𑘢𑘨 𑘁𑘕𑘎𑘰𑘩 𑘭𑘨𑘿𑘪𑘝𑘿𑘨 𑘮𑘻𑘝𑘻.,34
data/synthetic/images/line_0034_v025.png,संगणकाचा वापर आजकाल सर्वत्र होतो.,𑘭𑘽𑘐𑘜𑘎𑘰𑘓𑘰 𑘪𑘰𑘢𑘨 𑘁𑘕𑘎𑘰𑘩 𑘭𑘨𑘿𑘪𑘝𑘿𑘨 𑘮𑘻𑘝𑘻.,34
data/synthetic/images/line_0034_v026.png,संगणकाचा वापर आजकाल सर्वत्र होतो.,𑘭𑘽𑘐𑘜𑘎𑘰𑘓𑘰 𑘪𑘰𑘢𑘨 𑘁𑘕𑘎𑘰𑘩 𑘭𑘨𑘿𑘪𑘝𑘿𑘨 𑘮𑘻𑘝𑘻.,34
data/synthetic/images/line_0034_v027.png,संगणकाचा वापर आजकाल सर्वत्र होतो.,𑘭𑘽𑘐𑘜𑘎𑘰𑘓𑘰 𑘪𑘰𑘢𑘨 𑘁𑘕𑘎𑘰𑘩 𑘭𑘨𑘿𑘪𑘝𑘿𑘨 𑘮𑘻𑘝𑘻.,34
data/synthetic/images/line_0034_v028.png,संगणकाचा वापर आजकाल सर्वत्र होतो.,𑘭𑘽𑘐𑘜𑘎𑘰𑘓𑘰 𑘪𑘰𑘢𑘨 𑘁𑘕𑘎𑘰𑘩 𑘭𑘨𑘿𑘪𑘝𑘿𑘨 𑘮𑘻𑘝𑘻.,34
data/synthetic/images/line_0034_v029.png,संगणकाचा वापर आजकाल सर्वत्र होतो.,𑘭𑘽𑘐𑘜𑘎𑘰𑘓𑘰 𑘪𑘰𑘢𑘨 𑘁𑘕𑘎𑘰𑘩 𑘭𑘨𑘿𑘪𑘝𑘿𑘨 𑘮𑘻𑘝𑘻.,34
data/synthetic/images/line_0034_v030.png,संगणकाचा वापर आजकाल सर्वत्र होतो.,𑘭𑘽𑘐𑘜𑘎𑘰𑘓𑘰 𑘪𑘰𑘢𑘨 𑘁𑘕𑘎𑘰𑘩 𑘭𑘨𑘿𑘪𑘝𑘿𑘨 𑘮𑘻𑘝𑘻.,34
data/synthetic/images/line_0034_v031.png,संगणकाचा वापर आजकाल सर्वत्र होतो.,𑘭𑘽𑘐𑘜𑘎𑘰𑘓𑘰 𑘪𑘰𑘢𑘨 𑘁𑘕𑘎𑘰𑘩 𑘭𑘨𑘿𑘪𑘝𑘿𑘨 𑘮𑘻𑘝𑘻.,34
data/synthetic/images/line_0034_v032.png,संगणकाचा वापर आजकाल सर्वत्र होतो.,𑘭𑘽𑘐𑘜𑘎𑘰𑘓𑘰 𑘪𑘰𑘢𑘨 𑘁𑘕𑘎𑘰𑘩 𑘭𑘨𑘿𑘪𑘝𑘿𑘨 𑘮𑘻𑘝𑘻.,34
data/synthetic/images/line_0034_v033.png,संगणकाचा वापर आजकाल सर्वत्र होतो.,𑘭𑘽𑘐𑘜𑘎𑘰𑘓𑘰 𑘪𑘰𑘢𑘨 𑘁𑘕𑘎𑘰𑘩 𑘭𑘨𑘿𑘪𑘝𑘿𑘨 𑘮𑘻𑘝𑘻.,34
data/synthetic/images/line_0034_v034.png,संगणकाचा वापर आजकाल सर्वत्र होतो.,𑘭𑘽𑘐𑘜𑘎𑘰𑘓𑘰 𑘪𑘰𑘢𑘨 𑘁𑘕𑘎𑘰𑘩 𑘭𑘨𑘿𑘪𑘝𑘿𑘨 𑘮𑘻𑘝𑘻.,34
data/synthetic/images/line_0034_v035.png,संगणकाचा वापर आजकाल सर्वत्र होतो.,𑘭𑘽𑘐𑘜𑘎𑘰𑘓𑘰 𑘪𑘰𑘢𑘨 𑘁𑘕𑘎𑘰𑘩 𑘭𑘨𑘿𑘪𑘝𑘿𑘨 𑘮𑘻𑘝𑘻.,34
data/synthetic/images/line_0034_v036.png,संगणकाचा वापर आजकाल सर्वत्र होतो.,𑘭𑘽𑘐𑘜𑘎𑘰𑘓𑘰 𑘪𑘰𑘢𑘨 𑘁𑘕𑘎𑘰𑘩 𑘭𑘨𑘿𑘪𑘝𑘿𑘨 𑘮𑘻𑘝𑘻.,34
data/synthetic/images/line_0034_v037.png,संगणकाचा वापर आजकाल सर्वत्र होतो.,𑘭𑘽𑘐𑘜𑘎𑘰𑘓𑘰 𑘪𑘰𑘢𑘨 𑘁𑘕𑘎𑘰𑘩 𑘭𑘨𑘿𑘪𑘝𑘿𑘨 𑘮𑘻𑘝𑘻.,34
data/synthetic/images/line_0034_v038.png,संगणकाचा वापर आजकाल सर्वत्र होतो.,𑘭𑘽𑘐𑘜𑘎𑘰𑘓𑘰 𑘪𑘰𑘢𑘨 𑘁𑘕𑘎𑘰𑘩 𑘭𑘨𑘿𑘪𑘝𑘿𑘨 𑘮𑘻𑘝𑘻.,34
data/synthetic/images/line_0034_v039.png,संगणकाचा वापर आजकाल सर्वत्र होतो.,𑘭𑘽𑘐𑘜𑘎𑘰𑘓𑘰 𑘪𑘰𑘢𑘨 𑘁𑘕𑘎𑘰𑘩 𑘭𑘨𑘿𑘪𑘝𑘿𑘨 𑘮𑘻𑘝𑘻.,34
data/synthetic/images/line_0035_v000.png,मोबाईल फोन प्रत्येकाकडे असतो.,𑘦𑘻𑘤𑘰𑘃𑘩 𑘣𑘻𑘡 𑘢𑘿𑘨𑘝𑘿𑘧𑘹𑘎𑘰𑘎𑘚𑘹 𑘀𑘭𑘝𑘻.,35
data/synthetic/images/line_0035_v001.png,मोबाईल फोन प्रत्येकाकडे असतो.,𑘦𑘻𑘤𑘰𑘃𑘩 𑘣𑘻𑘡 𑘢𑘿𑘨𑘝𑘿𑘧𑘹𑘎𑘰𑘎𑘚𑘹 𑘀𑘭𑘝𑘻.,35
data/synthetic/images/line_0035_v002.png,मोबाईल फोन प्रत्येकाकडे असतो.,𑘦𑘻𑘤𑘰𑘃𑘩 𑘣𑘻𑘡 𑘢𑘿𑘨𑘝𑘿𑘧𑘹𑘎𑘰𑘎𑘚𑘹 𑘀𑘭𑘝𑘻.,35
data/synthetic/images/line_0035_v003.png,मोबाईल फोन प्रत्येकाकडे असतो.,𑘦𑘻𑘤𑘰𑘃𑘩 𑘣𑘻𑘡 𑘢𑘿𑘨𑘝𑘿𑘧𑘹𑘎𑘰𑘎𑘚𑘹 𑘀𑘭𑘝𑘻.,35
data/synthetic/images/line_0035_v004.png,मोबाईल फोन प्रत्येकाकडे असतो.,𑘦𑘻𑘤𑘰𑘃𑘩 𑘣𑘻𑘡 𑘢𑘿𑘨𑘝𑘿𑘧𑘹𑘎𑘰𑘎𑘚𑘹 𑘀𑘭𑘝𑘻.,35
data/synthetic/images/line_0035_v005.png,मोबाईल फोन प्रत्येकाकडे असतो.,𑘦𑘻𑘤𑘰𑘃𑘩 𑘣𑘻𑘡 𑘢𑘿𑘨𑘝𑘿𑘧𑘹𑘎𑘰𑘎𑘚𑘹 𑘀𑘭𑘝𑘻.,35
data/synthetic/images/line_0035_v006.png,मोबाईल फोन प्रत्येकाकडे असतो.,𑘦𑘻𑘤𑘰𑘃𑘩 𑘣𑘻𑘡 𑘢𑘿𑘨𑘝𑘿𑘧𑘹𑘎𑘰𑘎𑘚𑘹 𑘀𑘭𑘝𑘻.,35
data/synthetic/images/line_0035_v007.png,मोबाईल फोन प्रत्येकाकडे असतो.,𑘦𑘻𑘤𑘰𑘃𑘩 𑘣𑘻𑘡 𑘢𑘿𑘨𑘝𑘿𑘧𑘹𑘎𑘰𑘎𑘚𑘹 𑘀𑘭𑘝𑘻.,35
data/synthetic/images/line_0035_v008.png,मोबाईल फोन प्रत्येकाकडे असतो.,𑘦𑘻𑘤𑘰𑘃𑘩 𑘣𑘻𑘡 𑘢𑘿𑘨𑘝𑘿𑘧𑘹𑘎𑘰𑘎𑘚𑘹 𑘀𑘭𑘝𑘻.,35
data/synthetic/images/line_0035_v009.png,मोबाईल फोन प्रत्येकाकडे असतो.,𑘦𑘻𑘤𑘰𑘃𑘩 𑘣𑘻𑘡 𑘢𑘿𑘨𑘝𑘿𑘧𑘹𑘎𑘰𑘎𑘚𑘹 𑘀𑘭𑘝𑘻.,35
data/synthetic/images/line_0035_v010.png,मोबाईल फोन प्रत्येकाकडे असतो.,𑘦𑘻𑘤𑘰𑘃𑘩 𑘣𑘻𑘡 𑘢𑘿𑘨𑘝𑘿𑘧𑘹𑘎𑘰𑘎𑘚𑘹 𑘀𑘭𑘝𑘻.,35
data/synthetic/images/line_0035_v011.png,मोबाईल फोन प्रत्येकाकडे असतो.,𑘦𑘻𑘤𑘰𑘃𑘩 𑘣𑘻𑘡 𑘢𑘿𑘨𑘝𑘿𑘧𑘹𑘎𑘰𑘎𑘚𑘹 𑘀𑘭𑘝𑘻.,35
data/synthetic/images/line_0035_v012.png,मोबाईल फोन प्रत्येकाकडे असतो.,𑘦𑘻𑘤𑘰𑘃𑘩 𑘣𑘻𑘡 𑘢𑘿𑘨𑘝𑘿𑘧𑘹𑘎𑘰𑘎𑘚𑘹 𑘀𑘭𑘝𑘻.,35
data/synthetic/images/line_0035_v013.png,मोबाईल फोन प्रत्येकाकडे असतो.,𑘦𑘻𑘤𑘰𑘃𑘩 𑘣𑘻𑘡 𑘢𑘿𑘨𑘝𑘿𑘧𑘹𑘎𑘰𑘎𑘚𑘹 𑘀𑘭𑘝𑘻.,35
data/synthetic/images/line_0035_v014.png,मोबाईल फोन प्रत्येकाकडे असतो.,𑘦𑘻𑘤𑘰𑘃𑘩 𑘣𑘻𑘡 𑘢𑘿𑘨𑘝𑘿𑘧𑘹𑘎𑘰𑘎𑘚𑘹 𑘀𑘭𑘝𑘻.,35
data/synthetic/images/line_0035_v015.png,मोबाईल फोन प्रत्येकाकडे असतो.,𑘦𑘻𑘤𑘰𑘃𑘩 𑘣𑘻𑘡 𑘢𑘿𑘨𑘝𑘿𑘧𑘹𑘎𑘰𑘎𑘚𑘹 𑘀𑘭𑘝𑘻.,35
data/synthetic/images/line_0035_v016.png,मोबाईल फोन प्रत्येकाकडे असतो.,𑘦𑘻𑘤𑘰𑘃𑘩 𑘣𑘻𑘡 𑘢𑘿𑘨𑘝𑘿𑘧𑘹𑘎𑘰𑘎𑘚𑘹 𑘀𑘭𑘝𑘻.,35
data/synthetic/images/line_0035_v017.png,मोबाईल फोन प्रत्येकाकडे असतो.,𑘦𑘻𑘤𑘰𑘃𑘩 𑘣𑘻𑘡 𑘢𑘿𑘨𑘝𑘿𑘧𑘹𑘎𑘰𑘎𑘚𑘹 𑘀𑘭𑘝𑘻.,35
data/synthetic/images/line_0035_v018.png,मोबाईल फोन प्रत्येकाकडे असतो.,𑘦𑘻𑘤𑘰𑘃𑘩 𑘣𑘻𑘡 𑘢𑘿𑘨𑘝𑘿𑘧𑘹𑘎𑘰𑘎𑘚𑘹 𑘀𑘭𑘝𑘻.,35
data/synthetic/images/line_0035_v019.png,मोबाईल फोन प्रत्येकाकडे असतो.,𑘦𑘻𑘤𑘰𑘃𑘩 𑘣𑘻𑘡 𑘢𑘿𑘨𑘝𑘿𑘧𑘹𑘎𑘰𑘎𑘚𑘹 𑘀𑘭𑘝𑘻.,35
data/synthetic/images/line_0035_v020.png,मोबाईल फोन प्रत्येकाकडे असतो.,𑘦𑘻𑘤𑘰𑘃𑘩 𑘣𑘻𑘡 𑘢𑘿𑘨𑘝𑘿𑘧𑘹𑘎𑘰𑘎𑘚𑘹 𑘀𑘭𑘝𑘻.,35
data/synthetic/images/line_0035_v021.png,मोबाईल फोन प्रत्येकाकडे असतो.,𑘦𑘻𑘤𑘰𑘃𑘩 𑘣𑘻𑘡 𑘢𑘿𑘨𑘝𑘿𑘧𑘹𑘎𑘰𑘎𑘚𑘹 𑘀𑘭𑘝𑘻.,35
data/synthetic/images/line_0035_v022.png,मोबाईल फोन प्रत्येकाकडे असतो.,𑘦𑘻𑘤𑘰𑘃𑘩 𑘣𑘻𑘡 𑘢𑘿𑘨𑘝𑘿𑘧𑘹𑘎𑘰𑘎𑘚𑘹 𑘀𑘭𑘝𑘻.,35
data/synthetic/images/line_0035_v023.png,मोबाईल फोन प्रत्येकाकडे असतो.,𑘦𑘻𑘤𑘰𑘃𑘩 𑘣𑘻𑘡 𑘢𑘿𑘨𑘝𑘿𑘧𑘹𑘎𑘰𑘎𑘚𑘹 𑘀𑘭𑘝𑘻.,35
data/synthetic/images/line_0035_v024.png,मोबाईल फोन प्रत्येकाकडे असतो.,𑘦𑘻𑘤𑘰𑘃𑘩 𑘣𑘻𑘡 𑘢𑘿𑘨𑘝𑘿𑘧𑘹𑘎𑘰𑘎𑘚𑘹 𑘀𑘭𑘝𑘻.,35
data/synthetic/images/line_0035_v025.png,मोबाईल फोन प्रत्येकाकडे असतो.,𑘦𑘻𑘤𑘰𑘃𑘩 𑘣𑘻𑘡 𑘢𑘿𑘨𑘝𑘿𑘧𑘹𑘎𑘰𑘎𑘚𑘹 𑘀𑘭𑘝𑘻.,35
data/synthetic/images/line_0035_v026.png,मोबाईल फोन प्रत्येकाकडे असतो.,𑘦𑘻𑘤𑘰𑘃𑘩 𑘣𑘻𑘡 𑘢𑘿𑘨𑘝𑘿𑘧𑘹𑘎𑘰𑘎𑘚𑘹 𑘀𑘭𑘝𑘻.,35
data/synthetic/images/line_0035_v027.png,मोबाईल फोन प्रत्येकाकडे असतो.,𑘦𑘻𑘤𑘰𑘃𑘩 𑘣𑘻𑘡 𑘢𑘿𑘨𑘝𑘿𑘧𑘹𑘎𑘰𑘎𑘚𑘹 𑘀𑘭𑘝𑘻.,35
data/synthetic/images/line_0035_v028.png,मोबाईल फोन प्रत्येकाकडे असतो.,𑘦𑘻𑘤𑘰𑘃𑘩 𑘣𑘻𑘡 𑘢𑘿𑘨𑘝𑘿𑘧𑘹𑘎𑘰𑘎𑘚𑘹 𑘀𑘭𑘝𑘻.,35
data/synthetic/images/line_0035_v029.png,मोबाईल फोन प्रत्येकाकडे असतो.,𑘦𑘻𑘤𑘰𑘃𑘩 𑘣𑘻𑘡 𑘢𑘿𑘨𑘝𑘿𑘧𑘹𑘎𑘰𑘎𑘚𑘹 𑘀𑘭𑘝𑘻.,35
data/synthetic/images/line_0035_v030.png,मोबाईल फोन प्रत्येकाकडे असतो.,𑘦𑘻𑘤𑘰𑘃𑘩 𑘣𑘻𑘡 𑘢𑘿𑘨𑘝𑘿𑘧𑘹𑘎𑘰𑘎𑘚𑘹 𑘀𑘭𑘝𑘻.,35
data/synthetic/images/line_0035_v031.png,मोबाईल फोन प्रत्येकाकडे असतो.,𑘦𑘻𑘤𑘰𑘃𑘩 𑘣𑘻𑘡 𑘢𑘿𑘨𑘝𑘿𑘧𑘹𑘎𑘰𑘎𑘚𑘹 𑘀𑘭𑘝𑘻.,35
data/synthetic/images/line_0035_v032.png,मोबाईल फोन प्रत्येकाकडे असतो.,𑘦𑘻𑘤𑘰𑘃𑘩 𑘣𑘻𑘡 𑘢𑘿𑘨𑘝𑘿𑘧𑘹𑘎𑘰𑘎𑘚𑘹 𑘀𑘭𑘝𑘻.,35
data/synthetic/images/line_0035_v033.png,मोबाईल फोन प्रत्येकाकडे असतो.,𑘦𑘻𑘤𑘰𑘃𑘩 𑘣𑘻𑘡 𑘢𑘿𑘨𑘝𑘿𑘧𑘹𑘎𑘰𑘎𑘚𑘹 𑘀𑘭𑘝𑘻.,35
data/synthetic/images/line_0035_v034.png,मोबाईल फोन प्रत्येकाकडे असतो.,𑘦𑘻𑘤𑘰𑘃𑘩 𑘣𑘻𑘡 𑘢𑘿𑘨𑘝𑘿𑘧𑘹𑘎𑘰𑘎𑘚𑘹 𑘀𑘭𑘝𑘻.,35
data/synthetic/images/line_0035_v035.png,मोबाईल फोन प्रत्येकाकडे असतो.,𑘦𑘻𑘤𑘰𑘃𑘩 𑘣𑘻𑘡 𑘢𑘿𑘨𑘝𑘿𑘧𑘹𑘎𑘰𑘎𑘚𑘹 𑘀𑘭𑘝𑘻.,35
data/synthetic/images/line_0035_v036.png,मोबाईल फोन प्रत्येकाकडे असतो.,𑘦𑘻𑘤𑘰𑘃𑘩 𑘣𑘻𑘡 𑘢𑘿𑘨𑘝𑘿𑘧𑘹𑘎𑘰𑘎𑘚𑘹 𑘀𑘭𑘝𑘻.,35
data/synthetic/images/line_0035_v037.png,मोबाईल फोन प्रत्येकाकडे असतो.,𑘦𑘻𑘤𑘰𑘃𑘩 𑘣𑘻𑘡 𑘢𑘿𑘨𑘝𑘿𑘧𑘹𑘎𑘰𑘎𑘚𑘹 𑘀𑘭𑘝𑘻.,35
data/synthetic/images/line_0035_v038.png,मोबाईल फोन प्रत्येकाकडे असतो.,𑘦𑘻𑘤𑘰𑘃𑘩 𑘣𑘻𑘡 𑘢𑘿𑘨𑘝𑘿𑘧𑘹𑘎𑘰𑘎𑘚𑘹 𑘀𑘭𑘝𑘻.,35
data/synthetic/images/line_0035_v039.png,मोबाईल फोन प्रत्येकाकडे असतो.,𑘦𑘻𑘤𑘰𑘃𑘩 𑘣𑘻𑘡 𑘢𑘿𑘨𑘝𑘿𑘧𑘹𑘎𑘰𑘎𑘚𑘹 𑘀𑘭𑘝𑘻.,35
data/synthetic/images/line_0036_v000.png,बाजारात भाजी घ्यायला गेलो होतो.,𑘤𑘰𑘕𑘰𑘨𑘰𑘝 𑘥𑘰𑘕𑘲 𑘑𑘿𑘧𑘰𑘧𑘩𑘰 𑘐𑘹𑘩𑘻 𑘮𑘻𑘝𑘻.,36
data/synthetic/images/line_0036_v001.png,बाजारात भाजी घ्यायला गेलो होतो.,𑘤𑘰𑘕𑘰𑘨𑘰𑘝 𑘥𑘰𑘕𑘲 𑘑𑘿𑘧𑘰𑘧𑘩𑘰 𑘐𑘹𑘩𑘻 𑘮𑘻𑘝𑘻.,36
data/synthetic/images/line_0036_v002.png,बाजारात भाजी घ्यायला गेलो होतो.,𑘤𑘰𑘕𑘰𑘨𑘰𑘝 𑘥𑘰𑘕𑘲 𑘑𑘿𑘧𑘰𑘧𑘩𑘰 𑘐𑘹𑘩𑘻 𑘮𑘻𑘝𑘻.,36
data/synthetic/images/line_0036_v003.png,बाजारात भाजी घ्यायला गेलो होतो.,𑘤𑘰𑘕𑘰𑘨𑘰𑘝 𑘥𑘰𑘕𑘲 𑘑𑘿𑘧𑘰𑘧𑘩𑘰 𑘐𑘹𑘩𑘻 𑘮𑘻𑘝𑘻.,36
data/synthetic/images/line_0036_v004.png,बाजारात भाजी घ्यायला गेलो होतो.,𑘤𑘰𑘕𑘰𑘨𑘰𑘝 𑘥𑘰𑘕𑘲 𑘑𑘿𑘧𑘰𑘧𑘩𑘰 𑘐𑘹𑘩𑘻 𑘮𑘻𑘝𑘻.,36
data/synthetic/images/line_0036_v005.png,बाजारात भाजी घ्यायला गेलो होतो.,𑘤𑘰𑘕𑘰𑘨𑘰𑘝 𑘥𑘰𑘕𑘲 𑘑𑘿𑘧𑘰𑘧𑘩𑘰 𑘐𑘹𑘩𑘻 𑘮𑘻𑘝𑘻.,36
data/synthetic/images/line_0036_v006.png,बाजारात भाजी घ्यायला गेलो होतो.,𑘤𑘰𑘕𑘰𑘨𑘰𑘝 𑘥𑘰𑘕𑘲 𑘑𑘿𑘧𑘰𑘧𑘩𑘰 𑘐𑘹𑘩𑘻 𑘮𑘻𑘝𑘻.,36
data/synthetic/images/line_0036_v007.png,बाजारात भाजी घ्यायला गेलो होतो.,𑘤𑘰𑘕𑘰𑘨𑘰𑘝 𑘥𑘰𑘕𑘲 𑘑𑘿𑘧𑘰𑘧𑘩𑘰 𑘐𑘹𑘩𑘻 𑘮𑘻𑘝𑘻.,36
data/synthetic/images/line_0036_v008.png,बाजारात भाजी घ्यायला गेलो होतो.,𑘤𑘰𑘕𑘰𑘨𑘰𑘝 𑘥𑘰𑘕𑘲 𑘑𑘿𑘧𑘰𑘧𑘩𑘰 𑘐𑘹𑘩𑘻 𑘮𑘻𑘝𑘻.,36
data/synthetic/images/line_0036_v009.png,बाजारात भाजी घ्यायला गेलो होतो.,𑘤𑘰𑘕𑘰𑘨𑘰𑘝 𑘥𑘰𑘕𑘲 𑘑𑘿𑘧𑘰𑘧𑘩𑘰 𑘐𑘹𑘩𑘻 𑘮𑘻𑘝𑘻.,36
data/synthetic/images/line_0036_v010.png,बाजारात भाजी घ्यायला गेलो होतो.,𑘤𑘰𑘕𑘰𑘨𑘰𑘝 𑘥𑘰𑘕𑘲 𑘑𑘿𑘧𑘰𑘧𑘩𑘰 𑘐𑘹𑘩𑘻 𑘮𑘻𑘝𑘻.,36
data/synthetic/images/line_0036_v011.png,बाजारात भाजी घ्यायला गेलो होतो.,𑘤𑘰𑘕𑘰𑘨𑘰𑘝 𑘥𑘰𑘕𑘲 𑘑𑘿𑘧𑘰𑘧𑘩𑘰 𑘐𑘹𑘩𑘻 𑘮𑘻𑘝𑘻.,36
data/synthetic/images/line_0036_v012.png,बाजारात भाजी घ्यायला गेलो होतो.,𑘤𑘰𑘕𑘰𑘨𑘰𑘝 𑘥𑘰𑘕𑘲 𑘑𑘿𑘧𑘰𑘧𑘩𑘰 𑘐𑘹𑘩𑘻 𑘮𑘻𑘝𑘻.,36
data/synthetic/images/line_0036_v013.png,बाजारात भाजी घ्यायला गेलो होतो.,𑘤𑘰𑘕𑘰𑘨𑘰𑘝 𑘥𑘰𑘕𑘲 𑘑𑘿𑘧𑘰𑘧𑘩𑘰 𑘐𑘹𑘩𑘻 𑘮𑘻𑘝𑘻.,36
data/synthetic/images/line_0036_v014.png,बाजारात भाजी घ्यायला गेलो होतो.,𑘤𑘰𑘕𑘰𑘨𑘰𑘝 𑘥𑘰𑘕𑘲 𑘑𑘿𑘧𑘰𑘧𑘩𑘰 𑘐𑘹𑘩𑘻 𑘮𑘻𑘝𑘻.,36
data/synthetic/images/line_0036_v015.png,बाजारात भाजी घ्यायला गेलो होतो.,𑘤𑘰𑘕𑘰𑘨𑘰𑘝 𑘥𑘰𑘕𑘲 𑘑𑘿𑘧𑘰𑘧𑘩𑘰 𑘐𑘹𑘩𑘻 𑘮𑘻𑘝𑘻.,36
data/synthetic/images/line_0036_v016.png,बाजारात भाजी घ्यायला गेलो होतो.,𑘤𑘰𑘕𑘰𑘨𑘰𑘝 𑘥𑘰𑘕𑘲 𑘑𑘿𑘧𑘰𑘧𑘩𑘰 𑘐𑘹𑘩𑘻 𑘮𑘻𑘝𑘻.,36
data/synthetic/images/line_0036_v017.png,बाजारात भाजी घ्यायला गेलो होतो.,𑘤𑘰𑘕𑘰𑘨𑘰𑘝 𑘥𑘰𑘕𑘲 𑘑𑘿𑘧𑘰𑘧𑘩𑘰 𑘐𑘹𑘩𑘻 𑘮𑘻𑘝𑘻.,36
data/synthetic/images/line_0036_v018.png,बाजारात भाजी घ्यायला गेलो होतो.,𑘤𑘰𑘕𑘰𑘨𑘰𑘝 𑘥𑘰𑘕𑘲 𑘑𑘿𑘧𑘰𑘧𑘩𑘰 𑘐𑘹𑘩𑘻 𑘮𑘻𑘝𑘻.,36
data/synthetic/images/line_0036_v019.png,बाजारात भाजी घ्यायला गेलो होतो.,𑘤𑘰𑘕𑘰𑘨𑘰𑘝 𑘥𑘰𑘕𑘲 𑘑𑘿𑘧𑘰𑘧𑘩𑘰 𑘐𑘹𑘩𑘻 𑘮𑘻𑘝𑘻.,36
data/synthetic/images/line_0036_v020.png,बाजारात भाजी घ्यायला गेलो होतो.,𑘤𑘰𑘕𑘰𑘨𑘰𑘝 𑘥𑘰𑘕𑘲 𑘑𑘿𑘧𑘰𑘧𑘩𑘰 𑘐𑘹𑘩𑘻 𑘮𑘻𑘝𑘻.,36
data/synthetic/images/line_0036_v021.png,बाजारात भाजी घ्यायला गेलो होतो.,𑘤𑘰𑘕𑘰𑘨𑘰𑘝 𑘥𑘰𑘕𑘲 𑘑𑘿𑘧𑘰𑘧𑘩𑘰 𑘐𑘹𑘩𑘻 𑘮𑘻𑘝𑘻.,36
data/synthetic/images/line_0036_v022.png,बाजारात भाजी घ्यायला गेलो होतो.,𑘤𑘰𑘕𑘰𑘨𑘰𑘝 𑘥𑘰𑘕𑘲 𑘑𑘿𑘧𑘰𑘧𑘩𑘰 𑘐𑘹𑘩𑘻 𑘮𑘻𑘝𑘻.,36
data/synthetic/images/line_0036_v023.png,बाजारात भाजी घ्यायला गेलो होतो.,𑘤𑘰𑘕𑘰𑘨𑘰𑘝 𑘥𑘰𑘕𑘲 𑘑𑘿𑘧𑘰𑘧𑘩𑘰 𑘐𑘹𑘩𑘻 𑘮𑘻𑘝𑘻.,36
data/synthetic/images/line_0036_v024.png,बाजारात भाजी घ्यायला गेलो होतो.,𑘤𑘰𑘕𑘰𑘨𑘰𑘝 𑘥𑘰𑘕𑘲 𑘑𑘿𑘧𑘰𑘧𑘩𑘰 𑘐𑘹𑘩𑘻 𑘮𑘻𑘝𑘻.,36
data/synthetic/images/line_0036_v025.png,बाजारात भाजी घ्यायला गेलो होतो.,𑘤𑘰𑘕𑘰𑘨𑘰𑘝 𑘥𑘰𑘕𑘲 𑘑𑘿𑘧𑘰𑘧𑘩𑘰 𑘐𑘹𑘩𑘻 𑘮𑘻𑘝𑘻.,36
data/synthetic/images/line_0036_v026.png,बाजारात भाजी घ्यायला गेलो होतो.,𑘤𑘰𑘕𑘰𑘨𑘰𑘝 𑘥𑘰𑘕𑘲 𑘑𑘿𑘧𑘰𑘧𑘩𑘰 𑘐𑘹𑘩𑘻 𑘮𑘻𑘝𑘻.,36
data/synthetic/images/line_0036_v027.png,बाजारात भाजी घ्यायला गेलो होतो.,𑘤𑘰𑘕𑘰𑘨𑘰𑘝 𑘥𑘰𑘕𑘲 𑘑𑘿𑘧𑘰𑘧𑘩𑘰 𑘐𑘹𑘩𑘻 𑘮𑘻𑘝𑘻.,36
data/synthetic/images/line_0036_v028.png,बाजारात भाजी घ्यायला गेलो होतो.,𑘤𑘰𑘕𑘰𑘨𑘰𑘝 𑘥𑘰𑘕𑘲 𑘑𑘿𑘧𑘰𑘧𑘩𑘰 𑘐𑘹𑘩𑘻 𑘮𑘻𑘝𑘻.,36
data/synthetic/images/line_0036_v029.png,बाजारात भाजी घ्यायला गेलो होतो.,𑘤𑘰𑘕𑘰𑘨𑘰𑘝 𑘥𑘰𑘕𑘲 𑘑𑘿𑘧𑘰𑘧𑘩𑘰 𑘐𑘹𑘩𑘻 𑘮𑘻𑘝𑘻.,36
data/synthetic/images/line_0036_v030.png,बाजारात भाजी घ्यायला गेलो होतो.,𑘤𑘰𑘕𑘰𑘨𑘰𑘝 𑘥𑘰𑘕𑘲 𑘑𑘿𑘧𑘰𑘧𑘩𑘰 𑘐𑘹𑘩𑘻 𑘮𑘻𑘝𑘻.,36
data/synthetic/images/line_0036_v031.png,बाजारात भाजी घ्यायला गेलो होतो.,𑘤𑘰𑘕𑘰𑘨𑘰𑘝 𑘥𑘰𑘕𑘲 𑘑𑘿𑘧𑘰𑘧𑘩𑘰 𑘐𑘹𑘩𑘻 𑘮𑘻𑘝𑘻.,36
data/synthetic/images/line_0036_v032.png,बाजारात भाजी घ्यायला गेलो होतो.,𑘤𑘰𑘕𑘰𑘨𑘰𑘝 𑘥𑘰𑘕𑘲 𑘑𑘿𑘧𑘰𑘧𑘩𑘰 𑘐𑘹𑘩𑘻 𑘮𑘻𑘝𑘻.,36
data/synthetic/images/line_0036_v033.png,बाजारात भाजी घ्यायला गेलो होतो.,𑘤𑘰𑘕𑘰𑘨𑘰𑘝 𑘥𑘰𑘕𑘲 𑘑𑘿𑘧𑘰𑘧𑘩𑘰 𑘐𑘹𑘩𑘻 𑘮𑘻𑘝𑘻.,36
data/synthetic/images/line_0036_v034.png,बाजारात भाजी घ्यायला गेलो होतो.,𑘤𑘰𑘕𑘰𑘨𑘰𑘝 𑘥𑘰𑘕𑘲 𑘑𑘿𑘧𑘰𑘧𑘩𑘰 𑘐𑘹𑘩𑘻 𑘮𑘻𑘝𑘻.,36
data/synthetic/images/line_0036_v035.png,बाजारात भाजी घ्यायला गेलो होतो.,𑘤𑘰𑘕𑘰𑘨𑘰𑘝 𑘥𑘰𑘕𑘲 𑘑𑘿𑘧𑘰𑘧𑘩𑘰 𑘐𑘹𑘩𑘻 𑘮𑘻𑘝𑘻.,36
data/synthetic/images/line_0036_v036.png,बाजारात भाजी घ्यायला गेलो होतो.,𑘤𑘰𑘕𑘰𑘨𑘰𑘝 𑘥𑘰𑘕𑘲 𑘑𑘿𑘧𑘰𑘧𑘩𑘰 𑘐𑘹𑘩𑘻 𑘮𑘻𑘝𑘻.,36
data/synthetic/images/line_0036_v037.png,बाजारात भाजी घ्यायला गेलो होतो.,𑘤𑘰𑘕𑘰𑘨𑘰𑘝 𑘥𑘰𑘕𑘲 𑘑𑘿𑘧𑘰𑘧𑘩𑘰 𑘐𑘹𑘩𑘻 𑘮𑘻𑘝𑘻.,36
data/synthetic/images/line_0036_v038.png,बाजारात भाजी घ्यायला गेलो होतो.,𑘤𑘰𑘕𑘰𑘨𑘰𑘝 𑘥𑘰𑘕𑘲 𑘑𑘿𑘧𑘰𑘧𑘩𑘰 𑘐𑘹𑘩𑘻 𑘮𑘻𑘝𑘻.,36
data/synthetic/images/line_0036_v039.png,बाजारात भाजी घ्यायला गेलो होतो.,𑘤𑘰𑘕𑘰𑘨𑘰𑘝 𑘥𑘰𑘕𑘲 𑘑𑘿𑘧𑘰𑘧𑘩𑘰 𑘐𑘹𑘩𑘻 𑘮𑘻𑘝𑘻.,36
data/synthetic/images/line_0037_v000.png,बाजारात खूप गर्दी होती.,𑘤𑘰𑘕𑘰𑘨𑘰𑘝 𑘏𑘴𑘢 𑘐𑘨𑘿𑘟𑘲 𑘮𑘻𑘝𑘲.,37
data/synthetic/images/line_0037_v001.png,बाजारात खूप गर्दी होती.,𑘤𑘰𑘕𑘰𑘨𑘰𑘝 𑘏𑘴𑘢 𑘐𑘨𑘿𑘟𑘲 𑘮𑘻𑘝𑘲.,37
data/synthetic/images/line_0037_v002.png,बाजारात खूप गर्दी होती.,𑘤𑘰𑘕𑘰𑘨𑘰𑘝 𑘏𑘴𑘢 𑘐𑘨𑘿𑘟𑘲 𑘮𑘻𑘝𑘲.,37
data/synthetic/images/line_0037_v003.png,बाजारात खूप गर्दी होती.,𑘤𑘰𑘕𑘰𑘨𑘰𑘝 𑘏𑘴𑘢 𑘐𑘨𑘿𑘟𑘲 𑘮𑘻𑘝𑘲.,37
data/synthetic/images/line_0037_v004.png,बाजारात खूप गर्दी होती.,𑘤𑘰𑘕𑘰𑘨𑘰𑘝 𑘏𑘴𑘢 𑘐𑘨𑘿𑘟𑘲 𑘮𑘻𑘝𑘲.,37
data/synthetic/images/line_0037_v005.png,बाजारात खूप गर्दी होती.,𑘤𑘰𑘕𑘰𑘨𑘰𑘝 𑘏𑘴𑘢 𑘐𑘨𑘿𑘟𑘲 𑘮𑘻𑘝𑘲.,37
data/synthetic/images/line_0037_v006.png,बाजारात खूप गर्दी होती.,𑘤𑘰𑘕𑘰𑘨𑘰𑘝 𑘏𑘴𑘢 𑘐𑘨𑘿𑘟𑘲 𑘮𑘻𑘝𑘲.,37
data/synthetic/images/line_0037_v007.png,बाजारात खूप गर्दी होती.,𑘤𑘰𑘕𑘰𑘨𑘰𑘝 𑘏𑘴𑘢 𑘐𑘨𑘿𑘟𑘲 𑘮𑘻𑘝𑘲.,37
data/synthetic/images/line_0037_v008.png,बाजारात खूप गर्दी होती.,𑘤𑘰𑘕𑘰𑘨𑘰𑘝 𑘏𑘴𑘢 𑘐𑘨𑘿𑘟𑘲 𑘮𑘻𑘝𑘲.,37
data/synthetic/images/line_0037_v009.png,बाजारात खूप गर्दी होती.,𑘤𑘰𑘕𑘰𑘨𑘰𑘝 𑘏𑘴𑘢 𑘐𑘨𑘿𑘟𑘲 𑘮𑘻𑘝𑘲.,37
data/synthetic/images/line_0037_v010.png,बाजारात खूप गर्दी होती.,𑘤𑘰𑘕𑘰𑘨𑘰𑘝 𑘏𑘴𑘢 𑘐𑘨𑘿𑘟𑘲 𑘮𑘻𑘝𑘲.,37
data/synthetic/images/line_0037_v011.png,बाजारात खूप गर्दी होती.,𑘤𑘰𑘕𑘰𑘨𑘰𑘝 𑘏𑘴𑘢 𑘐𑘨𑘿𑘟𑘲 𑘮𑘻𑘝𑘲.,37
data/synthetic/images/line_0037_v012.png,बाजारात खूप गर्दी होती.,𑘤𑘰𑘕𑘰𑘨𑘰𑘝 𑘏𑘴𑘢 𑘐𑘨𑘿𑘟𑘲 𑘮𑘻𑘝𑘲.,37
data/synthetic/images/line_0037_v013.png,बाजारात खूप गर्दी होती.,𑘤𑘰𑘕𑘰𑘨𑘰𑘝 𑘏𑘴𑘢 𑘐𑘨𑘿𑘟𑘲 𑘮𑘻𑘝𑘲.,37
data/synthetic/images/line_0037_v014.png,बाजारात खूप गर्दी होती.,𑘤𑘰𑘕𑘰𑘨𑘰𑘝 𑘏𑘴𑘢 𑘐𑘨𑘿𑘟𑘲 𑘮𑘻𑘝𑘲.,37
data/synthetic/images/line_0037_v015.png,बाजारात खूप गर्दी होती.,𑘤𑘰𑘕𑘰𑘨𑘰𑘝 𑘏𑘴𑘢 𑘐𑘨𑘿𑘟𑘲 𑘮𑘻𑘝𑘲.,37
data/synthetic/images/line_0037_v016.png,बाजारात खूप गर्दी होती.,𑘤𑘰𑘕𑘰𑘨𑘰𑘝 𑘏𑘴𑘢 𑘐𑘨𑘿𑘟𑘲 𑘮𑘻𑘝𑘲.,37
data/synthetic/images/line_0037_v017.png,बाजारात खूप गर्दी होती.,𑘤𑘰𑘕𑘰𑘨𑘰𑘝 𑘏𑘴𑘢 𑘐𑘨𑘿𑘟𑘲 𑘮𑘻𑘝𑘲.,37
data/synthetic/images/line_0037_v018.png,बाजारात खूप गर्दी होती.,𑘤𑘰𑘕𑘰𑘨𑘰𑘝 𑘏𑘴𑘢 𑘐𑘨𑘿𑘟𑘲 𑘮𑘻𑘝𑘲.,37
data/synthetic/images/line_0037_v019.png,बाजारात खूप गर्दी होती.,𑘤𑘰𑘕𑘰𑘨𑘰𑘝 𑘏𑘴𑘢 𑘐𑘨𑘿𑘟𑘲 𑘮𑘻𑘝𑘲.,37
data/synthetic/images/line_0037_v020.png,बाजारात खूप गर्दी होती.,𑘤𑘰𑘕𑘰𑘨𑘰𑘝 𑘏𑘴𑘢 𑘐𑘨𑘿𑘟𑘲 𑘮𑘻𑘝𑘲.,37
data/synthetic/images/line_0037_v021.png,बाजारात खूप गर्दी होती.,𑘤𑘰𑘕𑘰𑘨𑘰𑘝 𑘏𑘴𑘢 𑘐𑘨𑘿𑘟𑘲 𑘮𑘻𑘝𑘲.,37
data/synthetic/images/line_0037_v022.png,बाजारात खूप गर्दी होती.,𑘤𑘰𑘕𑘰𑘨𑘰𑘝 𑘏𑘴𑘢 𑘐𑘨𑘿𑘟𑘲 𑘮𑘻𑘝𑘲.,37
data/synthetic/images/line_0037_v023.png,बाजारात खूप गर्दी होती.,𑘤𑘰𑘕𑘰𑘨𑘰𑘝 𑘏𑘴𑘢 𑘐𑘨𑘿𑘟𑘲 𑘮𑘻𑘝𑘲.,37
data/synthetic/images/line_0037_v024.png,बाजारात खूप गर्दी होती.,𑘤𑘰𑘕𑘰𑘨𑘰𑘝 𑘏𑘴𑘢 𑘐𑘨𑘿𑘟𑘲 𑘮𑘻𑘝𑘲.,37
data/synthetic/images/line_0037_v025.png,बाजारात खूप गर्दी होती.,𑘤𑘰𑘕𑘰𑘨𑘰𑘝 𑘏𑘴𑘢 𑘐𑘨𑘿𑘟𑘲 𑘮𑘻𑘝𑘲.,37
data/synthetic/images/line_0037_v026.png,बाजारात खूप गर्दी होती.,𑘤𑘰𑘕𑘰𑘨𑘰𑘝 𑘏𑘴𑘢 𑘐𑘨𑘿𑘟𑘲 𑘮𑘻𑘝𑘲.,37
data/synthetic/images/line_0037_v027.png,बाजारात खूप गर्दी होती.,𑘤𑘰𑘕𑘰𑘨𑘰𑘝 𑘏𑘴𑘢 𑘐𑘨𑘿𑘟𑘲 𑘮𑘻𑘝𑘲.,37
data/synthetic/images/line_0037_v028.png,बाजारात खूप गर्दी होती.,𑘤𑘰𑘕𑘰𑘨𑘰𑘝 𑘏𑘴𑘢 𑘐𑘨𑘿𑘟𑘲 𑘮𑘻𑘝𑘲.,37
data/synthetic/images/line_0037_v029.png,बाजारात खूप गर्दी होती.,𑘤𑘰𑘕𑘰𑘨𑘰𑘝 𑘏𑘴𑘢 𑘐𑘨𑘿𑘟𑘲 𑘮𑘻𑘝𑘲.,37
data/synthetic/images/line_0037_v030.png,बाजारात खूप गर्दी होती.,𑘤𑘰𑘕𑘰𑘨𑘰𑘝 𑘏𑘴𑘢 𑘐𑘨𑘿𑘟𑘲 𑘮𑘻𑘝𑘲.,37
data/synthetic/images/line_0037_v031.png,बाजारात खूप गर्दी होती.,𑘤𑘰𑘕𑘰𑘨𑘰𑘝 𑘏𑘴𑘢 𑘐𑘨𑘿𑘟𑘲 𑘮𑘻𑘝𑘲.,37
data/synthetic/images/line_0037_v032.png,बाजारात खूप गर्दी होती.,𑘤𑘰𑘕𑘰𑘨𑘰𑘝 𑘏𑘴𑘢 𑘐𑘨𑘿𑘟𑘲 𑘮𑘻𑘝𑘲.,37
data/synthetic/images/line_0037_v033.png,बाजारात खूप गर्दी होती.,𑘤𑘰𑘕𑘰𑘨𑘰𑘝 𑘏𑘴𑘢 𑘐𑘨𑘿𑘟𑘲 𑘮𑘻𑘝𑘲.,37
data/synthetic/images/line_0037_v034.png,बाजारात खूप गर्दी होती.,𑘤𑘰𑘕𑘰𑘨𑘰𑘝 𑘏𑘴𑘢 𑘐𑘨𑘿𑘟𑘲 𑘮𑘻𑘝𑘲.,37
data/synthetic/images/line_0037_v035.png,बाजारात खूप गर्दी होती.,𑘤𑘰𑘕𑘰𑘨𑘰𑘝 𑘏𑘴𑘢 𑘐𑘨𑘿𑘟𑘲 𑘮𑘻𑘝𑘲.,37
data/synthetic/images/line_0037_v036.png,बाजारात खूप गर्दी होती.,𑘤𑘰𑘕𑘰𑘨𑘰𑘝 𑘏𑘴𑘢 𑘐𑘨𑘿𑘟𑘲 𑘮𑘻𑘝𑘲.,37
data/synthetic/images/line_0037_v037.png,बाजारात खूप गर्दी होती.,𑘤𑘰𑘕𑘰𑘨𑘰𑘝 𑘏𑘴𑘢 𑘐𑘨𑘿𑘟𑘲 𑘮𑘻𑘝𑘲.,37
data/synthetic/images/line_0037_v038.png,बाजारात खूप गर्दी होती.,𑘤𑘰𑘕𑘰𑘨𑘰𑘝 𑘏𑘴𑘢 𑘐𑘨𑘿𑘟𑘲 𑘮𑘻𑘝𑘲.,37
data/synthetic/images/line_0037_v039.png,बाजारात खूप गर्दी होती.,𑘤𑘰𑘕𑘰𑘨𑘰𑘝 𑘏𑘴𑘢 𑘐𑘨𑘿𑘟𑘲 𑘮𑘻𑘝𑘲.,37
data/synthetic/images/line_0038_v000.png,आजचा दिवस खूप व्यस्त होता.,𑘁𑘕𑘓𑘰 𑘟𑘱𑘪𑘭 𑘏𑘴𑘢 𑘪𑘿𑘧𑘭𑘿𑘝 𑘮𑘻𑘝𑘰.,38
data/synthetic/images/line_0038_v001.png,आजचा दिवस खूप व्यस्त होता.,𑘁𑘕𑘓𑘰 𑘟𑘱𑘪𑘭 𑘏𑘴𑘢 𑘪𑘿𑘧𑘭𑘿𑘝 𑘮𑘻𑘝𑘰.,38
data/synthetic/images/line_0038_v002.png,आजचा दिवस खूप व्यस्त होता.,𑘁𑘕𑘓𑘰 𑘟𑘱𑘪𑘭 𑘏𑘴𑘢 𑘪𑘿𑘧𑘭𑘿𑘝 𑘮𑘻𑘝𑘰.,38
data/synthetic/images/line_0038_v003.png,आजचा दिवस खूप व्यस्त होता.,𑘁𑘕𑘓𑘰 𑘟𑘱𑘪𑘭 𑘏𑘴𑘢 𑘪𑘿𑘧𑘭𑘿𑘝 𑘮𑘻𑘝𑘰.,38
data/synthetic/images/line_0038_v004.png,आजचा दिवस खूप व्यस्त होता.,𑘁𑘕𑘓𑘰 𑘟𑘱𑘪𑘭 𑘏𑘴𑘢 𑘪𑘿𑘧𑘭𑘿𑘝 𑘮𑘻𑘝𑘰.,38
data/synthetic/images/line_0038_v005.png,आजचा दिवस खूप व्यस्त होता.,𑘁𑘕𑘓𑘰 𑘟𑘱𑘪𑘭 𑘏𑘴𑘢 𑘪𑘿𑘧𑘭𑘿𑘝 𑘮𑘻𑘝𑘰.,38
data/synthetic/images/line_0038_v006.png,आजचा दिवस खूप व्यस्त होता.,𑘁𑘕𑘓𑘰 𑘟𑘱𑘪𑘭 𑘏𑘴𑘢 𑘪𑘿𑘧𑘭𑘿𑘝 𑘮𑘻𑘝𑘰.,38
data/synthetic/images/line_0038_v007.png,आजचा दिवस खूप व्यस्त होता.,𑘁𑘕𑘓𑘰 𑘟𑘱𑘪𑘭 𑘏𑘴𑘢 𑘪𑘿𑘧𑘭𑘿𑘝 𑘮𑘻𑘝𑘰.,38
data/synthetic/images/line_0038_v008.png,आजचा दिवस खूप व्यस्त होता.,𑘁𑘕𑘓𑘰 𑘟𑘱𑘪𑘭 𑘏𑘴𑘢 𑘪𑘿𑘧𑘭𑘿𑘝 𑘮𑘻𑘝𑘰.,38
data/synthetic/images/line_0038_v009.png,आजचा दिवस खूप व्यस्त होता.,𑘁𑘕𑘓𑘰 𑘟𑘱𑘪𑘭 𑘏𑘴𑘢 𑘪𑘿𑘧𑘭𑘿𑘝 𑘮𑘻𑘝𑘰.,38
data/synthetic/images/line_0038_v010.png,आजचा दिवस खूप व्यस्त होता.,𑘁𑘕𑘓𑘰 𑘟𑘱𑘪𑘭 𑘏𑘴𑘢 𑘪𑘿𑘧𑘭𑘿𑘝 𑘮𑘻𑘝𑘰.,38
data/synthetic/images/line_0038_v011.png,आजचा दिवस खूप व्यस्त होता.,𑘁𑘕𑘓𑘰 𑘟𑘱𑘪𑘭 𑘏𑘴𑘢 𑘪𑘿𑘧𑘭𑘿𑘝 𑘮𑘻𑘝𑘰.,38
data/synthetic/images/line_0038_v012.png,आजचा दिवस खूप व्यस्त होता.,𑘁𑘕𑘓𑘰 𑘟𑘱𑘪𑘭 𑘏𑘴𑘢 𑘪𑘿𑘧𑘭𑘿𑘝 𑘮𑘻𑘝𑘰.,38
data/synthetic/images/line_0038_v013.png,आजचा दिवस खूप व्यस्त होता.,𑘁𑘕𑘓𑘰 𑘟𑘱𑘪𑘭 𑘏𑘴𑘢 𑘪𑘿𑘧𑘭𑘿𑘝 𑘮𑘻𑘝𑘰.,38
data/synthetic/images/line_0038_v014.png,आजचा दिवस खूप व्यस्त होता.,𑘁𑘕𑘓𑘰 𑘟𑘱𑘪𑘭 𑘏𑘴𑘢 𑘪𑘿𑘧𑘭𑘿𑘝 𑘮𑘻𑘝𑘰.,38
data/synthetic/images/line_0038_v015.png,आजचा दिवस खूप व्यस्त होता.,𑘁𑘕𑘓𑘰 𑘟𑘱𑘪𑘭 𑘏𑘴𑘢 𑘪𑘿𑘧𑘭𑘿𑘝 𑘮𑘻𑘝𑘰.,38
data/synthetic/images/line_0038_v016.png,आजचा दिवस खूप व्यस्त होता.,𑘁𑘕𑘓𑘰 𑘟𑘱𑘪𑘭 𑘏𑘴𑘢 𑘪𑘿𑘧𑘭𑘿𑘝 𑘮𑘻𑘝𑘰.,38
data/synthetic/images/line_0038_v017.png,आजचा दिवस खूप व्यस्त होता.,𑘁𑘕𑘓𑘰 𑘟𑘱𑘪𑘭 𑘏𑘴𑘢 𑘪𑘿𑘧𑘭𑘿𑘝 𑘮𑘻𑘝𑘰.,38
data/synthetic/images/line_0038_v018.png,आजचा दिवस खूप व्यस्त होता.,𑘁𑘕𑘓𑘰 𑘟𑘱𑘪𑘭 𑘏𑘴𑘢 𑘪𑘿𑘧𑘭𑘿𑘝 𑘮𑘻𑘝𑘰.,38
data/synthetic/images/line_0038_v019.png,आजचा दिवस खूप व्यस्त होता.,𑘁𑘕𑘓𑘰 𑘟𑘱𑘪𑘭 𑘏𑘴𑘢 𑘪𑘿𑘧𑘭𑘿𑘝 𑘮𑘻𑘝𑘰.,38
data/synthetic/images/line_0038_v020.png,आजचा दिवस खूप व्यस्त होता.,𑘁𑘕𑘓𑘰 𑘟𑘱𑘪𑘭 𑘏𑘴𑘢 𑘪𑘿𑘧𑘭𑘿𑘝 𑘮𑘻𑘝𑘰.,38
data/synthetic/images/line_0038_v021.png,आजचा दिवस खूप व्यस्त होता.,𑘁𑘕𑘓𑘰 𑘟𑘱𑘪𑘭 𑘏𑘴𑘢 𑘪𑘿𑘧𑘭𑘿𑘝 𑘮𑘻𑘝𑘰.,38
data/synthetic/images/line_0038_v022.png,आजचा दिवस खूप व्यस्त होता.,𑘁𑘕𑘓𑘰 𑘟𑘱𑘪𑘭 𑘏𑘴𑘢 𑘪𑘿𑘧𑘭𑘿𑘝 𑘮𑘻𑘝𑘰.,38
data/synthetic/images/line_0038_v023.png,आजचा दिवस खूप व्यस्त होता.,𑘁𑘕𑘓𑘰 𑘟𑘱𑘪𑘭 𑘏𑘴𑘢 𑘪𑘿𑘧𑘭𑘿𑘝 𑘮𑘻𑘝𑘰.,38
data/synthetic/images/line_0038_v024.png,आजचा दिवस खूप व्यस्त होता.,𑘁𑘕𑘓𑘰 𑘟𑘱𑘪𑘭 𑘏𑘴𑘢 𑘪𑘿𑘧𑘭𑘿𑘝 𑘮𑘻𑘝𑘰.,38
data/synthetic/images/line_0038_v025.png,आजचा दिवस खूप व्यस्त होता.,𑘁𑘕𑘓𑘰 𑘟𑘱𑘪𑘭 𑘏𑘴𑘢 𑘪𑘿𑘧𑘭𑘿𑘝 𑘮𑘻𑘝𑘰.,38
data/synthetic/images/line_0038_v026.png,आजचा दिवस खूप व्यस्त होता.,𑘁𑘕𑘓𑘰 𑘟𑘱𑘪𑘭 𑘏𑘴𑘢 𑘪𑘿𑘧𑘭𑘿𑘝 𑘮𑘻𑘝𑘰.,38
data/synthetic/images/line_0038_v027.png,आजचा दिवस खूप व्यस्त होता.,𑘁𑘕𑘓𑘰 𑘟𑘱𑘪𑘭 𑘏𑘴𑘢 𑘪𑘿𑘧𑘭𑘿𑘝 𑘮𑘻𑘝𑘰.,38
data/synthetic/images/line_0038_v028.png,आजचा दिवस खूप व्यस्त होता.,𑘁𑘕𑘓𑘰 𑘟𑘱𑘪𑘭 𑘏𑘴𑘢 𑘪𑘿𑘧𑘭𑘿𑘝 𑘮𑘻𑘝𑘰.,38
data/synthetic/images/line_0038_v029.png,आजचा दिवस खूप व्यस्त होता.,𑘁𑘕𑘓𑘰 𑘟𑘱𑘪𑘭 𑘏𑘴𑘢 𑘪𑘿𑘧𑘭𑘿𑘝 𑘮𑘻𑘝𑘰.,38
data/synthetic/images/line_0038_v030.png,आजचा दिवस खूप व्यस्त होता.,𑘁𑘕𑘓𑘰 𑘟𑘱𑘪𑘭 𑘏𑘴𑘢 𑘪𑘿𑘧𑘭𑘿𑘝 𑘮𑘻𑘝𑘰.,38
data/synthetic/images/line_0038_v031.png,आजचा दिवस खूप व्यस्त होता.,𑘁𑘕𑘓𑘰 𑘟𑘱𑘪𑘭 𑘏𑘴𑘢 𑘪𑘿𑘧𑘭𑘿𑘝 𑘮𑘻𑘝𑘰.,38
data/synthetic/images/line_0038_v032.png,आजचा दिवस खूप व्यस्त होता.,𑘁𑘕𑘓𑘰 𑘟𑘱𑘪𑘭 𑘏𑘴𑘢 𑘪𑘿𑘧𑘭𑘿𑘝 𑘮𑘻𑘝𑘰.,38
data/synthetic/images/line_0038_v033.png,आजचा दिवस खूप व्यस्त होता.,𑘁𑘕𑘓𑘰 𑘟𑘱𑘪𑘭 𑘏𑘴𑘢 𑘪𑘿𑘧𑘭𑘿𑘝 𑘮𑘻𑘝𑘰.,38
data/synthetic/images/line_0038_v034.png,आजचा दिवस खूप व्यस्त होता.,𑘁𑘕𑘓𑘰 𑘟𑘱𑘪𑘭 𑘏𑘴𑘢 𑘪𑘿𑘧𑘭𑘿𑘝 𑘮𑘻𑘝𑘰.,38
data/synthetic/images/line_0038_v035.png,आजचा दिवस खूप व्यस्त होता.,𑘁𑘕𑘓𑘰 𑘟𑘱𑘪𑘭 𑘏𑘴𑘢 𑘪𑘿𑘧𑘭𑘿𑘝 𑘮𑘻𑘝𑘰.,38
data/synthetic/images/line_0038_v036.png,आजचा दिवस खूप व्यस्त होता.,𑘁𑘕𑘓𑘰 𑘟𑘱𑘪𑘭 𑘏𑘴𑘢 𑘪𑘿𑘧𑘭𑘿𑘝 𑘮𑘻𑘝𑘰.,38
data/synthetic/images/line_0038_v037.png,आजचा दिवस खूप व्यस्त होता.,𑘁𑘕𑘓𑘰 𑘟𑘱𑘪𑘭 𑘏𑘴𑘢 𑘪𑘿𑘧𑘭𑘿𑘝 𑘮𑘻𑘝𑘰.,38
data/synthetic/images/line_0038_v038.png,आजचा दिवस खूप व्यस्त होता.,𑘁𑘕𑘓𑘰 𑘟𑘱𑘪𑘭 𑘏𑘴𑘢 𑘪𑘿𑘧𑘭𑘿𑘝 𑘮𑘻𑘝𑘰.,38
data/synthetic/images/line_0038_v039.png,आजचा दिवस खूप व्यस्त होता.,𑘁𑘕𑘓𑘰 𑘟𑘱𑘪𑘭 𑘏𑘴𑘢 𑘪𑘿𑘧𑘭𑘿𑘝 𑘮𑘻𑘝𑘰.,38
data/synthetic/images/line_0039_v000.png,काल रात्री खूप पाऊस झाला.,𑘎𑘰𑘩 𑘨𑘰𑘝𑘿𑘨𑘲 𑘏𑘴𑘢 𑘢𑘰𑘅𑘭 𑘖𑘰𑘩𑘰.,39
data/synthetic/images/line_0039_v001.png,काल रात्री खूप पाऊस झाला.,𑘎𑘰𑘩 𑘨𑘰𑘝𑘿𑘨𑘲 𑘏𑘴𑘢 𑘢𑘰𑘅𑘭 𑘖𑘰𑘩𑘰.,39
data/synthetic/images/line_0039_v002.png,काल रात्री खूप पाऊस झाला.,𑘎𑘰𑘩 𑘨𑘰𑘝𑘿𑘨𑘲 𑘏𑘴𑘢 𑘢𑘰𑘅𑘭 𑘖𑘰𑘩𑘰.,39
data/synthetic/images/line_0039_v003.png,काल रात्री खूप पाऊस झाला.,𑘎𑘰𑘩 𑘨𑘰𑘝𑘿𑘨𑘲 𑘏𑘴𑘢 𑘢𑘰𑘅𑘭 𑘖𑘰𑘩𑘰.,39
data/synthetic/images/line_0039_v004.png,काल रात्री खूप पाऊस झाला.,𑘎𑘰𑘩 𑘨𑘰𑘝𑘿𑘨𑘲 𑘏𑘴𑘢 𑘢𑘰𑘅𑘭 𑘖𑘰𑘩𑘰.,39
data/synthetic/images/line_0039_v005.png,काल रात्री खूप पाऊस झाला.,𑘎𑘰𑘩 𑘨𑘰𑘝𑘿𑘨𑘲 𑘏𑘴𑘢 𑘢𑘰𑘅𑘭 𑘖𑘰𑘩𑘰.,39
data/synthetic/images/line_0039_v006.png,काल रात्री खूप पाऊस झाला.,𑘎𑘰𑘩 𑘨𑘰𑘝𑘿𑘨𑘲 𑘏𑘴𑘢 𑘢𑘰𑘅𑘭 𑘖𑘰𑘩𑘰.,39
data/synthetic/images/line_0039_v007.png,काल रात्री खूप पाऊस झाला.,𑘎𑘰𑘩 𑘨𑘰𑘝𑘿𑘨𑘲 𑘏𑘴𑘢 𑘢𑘰𑘅𑘭 𑘖𑘰𑘩𑘰.,39
data/synthetic/images/line_0039_v008.png,काल रात्री खूप पाऊस झाला.,𑘎𑘰𑘩 𑘨𑘰𑘝𑘿𑘨𑘲 𑘏𑘴𑘢 𑘢𑘰𑘅𑘭 𑘖𑘰𑘩𑘰.,39
data/synthetic/images/line_0039_v009.png,काल रात्री खूप पाऊस झाला.,𑘎𑘰𑘩 𑘨𑘰𑘝𑘿𑘨𑘲 𑘏𑘴𑘢 𑘢𑘰𑘅𑘭 𑘖𑘰𑘩𑘰.,39
data/synthetic/images/line_0039_v010.png,काल रात्री खूप पाऊस झाला.,𑘎𑘰𑘩 𑘨𑘰𑘝𑘿𑘨𑘲 𑘏𑘴𑘢 𑘢𑘰𑘅𑘭 𑘖𑘰𑘩𑘰.,39
data/synthetic/images/line_0039_v011.png,काल रात्री खूप पाऊस झाला.,𑘎𑘰𑘩 𑘨𑘰𑘝𑘿𑘨𑘲 𑘏𑘴𑘢 𑘢𑘰𑘅𑘭 𑘖𑘰𑘩𑘰.,39
data/synthetic/images/line_0039_v012.png,काल रात्री खूप पाऊस झाला.,𑘎𑘰𑘩 𑘨𑘰𑘝𑘿𑘨𑘲 𑘏𑘴𑘢 𑘢𑘰𑘅𑘭 𑘖𑘰𑘩𑘰.,39
data/synthetic/images/line_0039_v013.png,काल रात्री खूप पाऊस झाला.,𑘎𑘰𑘩 𑘨𑘰𑘝𑘿𑘨𑘲 𑘏𑘴𑘢 𑘢𑘰𑘅𑘭 𑘖𑘰𑘩𑘰.,39
data/synthetic/images/line_0039_v014.png,काल रात्री खूप पाऊस झाला.,𑘎𑘰𑘩 𑘨𑘰𑘝𑘿𑘨𑘲 𑘏𑘴𑘢 𑘢𑘰𑘅𑘭 𑘖𑘰𑘩𑘰.,39
data/synthetic/images/line_0039_v015.png,काल रात्री खूप पाऊस झाला.,𑘎𑘰𑘩 𑘨𑘰𑘝𑘿𑘨𑘲 𑘏𑘴𑘢 𑘢𑘰𑘅𑘭 𑘖𑘰𑘩𑘰.,39
data/synthetic/images/line_0039_v016.png,काल रात्री खूप पाऊस झाला.,𑘎𑘰𑘩 𑘨𑘰𑘝𑘿𑘨𑘲 𑘏𑘴𑘢 𑘢𑘰𑘅𑘭 𑘖𑘰𑘩𑘰.,39
data/synthetic/images/line_0039_v017.png,काल रात्री खूप पाऊस झाला.,𑘎𑘰𑘩 𑘨𑘰𑘝𑘿𑘨𑘲 𑘏𑘴𑘢 𑘢𑘰𑘅𑘭 𑘖𑘰𑘩𑘰.,39
data/synthetic/images/line_0039_v018.png,काल रात्री खूप पाऊस झाला.,𑘎𑘰𑘩 𑘨𑘰𑘝𑘿𑘨𑘲 𑘏𑘴𑘢 𑘢𑘰𑘅𑘭 𑘖𑘰𑘩𑘰.,39
data/synthetic/images/line_0039_v019.png,काल रात्री खूप पाऊस झाला.,𑘎𑘰𑘩 𑘨𑘰𑘝𑘿𑘨𑘲 𑘏𑘴𑘢 𑘢𑘰𑘅𑘭 𑘖𑘰𑘩𑘰.,39
data/synthetic/images/line_0039_v020.png,काल रात्री खूप पाऊस झाला.,𑘎𑘰𑘩 𑘨𑘰𑘝𑘿𑘨𑘲 𑘏𑘴𑘢 𑘢𑘰𑘅𑘭 𑘖𑘰𑘩𑘰.,39
data/synthetic/images/line_0039_v021.png,काल रात्री खूप पाऊस झाला.,𑘎𑘰𑘩 𑘨𑘰𑘝𑘿𑘨𑘲 𑘏𑘴𑘢 𑘢𑘰𑘅𑘭 𑘖𑘰𑘩𑘰.,39
data/synthetic/images/line_0039_v022.png,काल रात्री खूप पाऊस झाला.,𑘎𑘰𑘩 𑘨𑘰𑘝𑘿𑘨𑘲 𑘏𑘴𑘢 𑘢𑘰𑘅𑘭 𑘖𑘰𑘩𑘰.,39
data/synthetic/images/line_0039_v023.png,काल रात्री खूप पाऊस झाला.,𑘎𑘰𑘩 𑘨𑘰𑘝𑘿𑘨𑘲 𑘏𑘴𑘢 𑘢𑘰𑘅𑘭 𑘖𑘰𑘩𑘰.,39
data/synthetic/images/line_0039_v024.png,काल रात्री खूप पाऊस झाला.,𑘎𑘰𑘩 𑘨𑘰𑘝𑘿𑘨𑘲 𑘏𑘴𑘢 𑘢𑘰𑘅𑘭 𑘖𑘰𑘩𑘰.,39
data/synthetic/images/line_0039_v025.png,काल रात्री खूप पाऊस झाला.,𑘎𑘰𑘩 𑘨𑘰𑘝𑘿𑘨𑘲 𑘏𑘴𑘢 𑘢𑘰𑘅𑘭 𑘖𑘰𑘩𑘰.,39
data/synthetic/images/line_0039_v026.png,काल रात्री खूप पाऊस झाला.,𑘎𑘰𑘩 𑘨𑘰𑘝𑘿𑘨𑘲 𑘏𑘴𑘢 𑘢𑘰𑘅𑘭 𑘖𑘰𑘩𑘰.,39
data/synthetic/images/line_0039_v027.png,काल रात्री खूप पाऊस झाला.,𑘎𑘰𑘩 𑘨𑘰𑘝𑘿𑘨𑘲 𑘏𑘴𑘢 𑘢𑘰𑘅𑘭 𑘖𑘰𑘩𑘰.,39
data/synthetic/images/line_0039_v028.png,काल रात्री खूप पाऊस झाला.,𑘎𑘰𑘩 𑘨𑘰𑘝𑘿𑘨𑘲 𑘏𑘴𑘢 𑘢𑘰𑘅𑘭 𑘖𑘰𑘩𑘰.,39
data/synthetic/images/line_0039_v029.png,काल रात्री खूप पाऊस झाला.,𑘎𑘰𑘩 𑘨𑘰𑘝𑘿𑘨𑘲 𑘏𑘴𑘢 𑘢𑘰𑘅𑘭 𑘖𑘰𑘩𑘰.,39
data/synthetic/images/line_0039_v030.png,काल रात्री खूप पाऊस झाला.,𑘎𑘰𑘩 𑘨𑘰𑘝𑘿𑘨𑘲 𑘏𑘴𑘢 𑘢𑘰𑘅𑘭 𑘖𑘰𑘩𑘰.,39
data/synthetic/images/line_0039_v031.png,काल रात्री खूप पाऊस झाला.,𑘎𑘰𑘩 𑘨𑘰𑘝𑘿𑘨𑘲 𑘏𑘴𑘢 𑘢𑘰𑘅𑘭 𑘖𑘰𑘩𑘰.,39
data/synthetic/images/line_0039_v032.png,काल रात्री खूप पाऊस झाला.,𑘎𑘰𑘩 𑘨𑘰𑘝𑘿𑘨𑘲 𑘏𑘴𑘢 𑘢𑘰𑘅𑘭 𑘖𑘰𑘩𑘰.,39
data/synthetic/images/line_0039_v033.png,काल रात्री खूप पाऊस झाला.,𑘎𑘰𑘩 𑘨𑘰𑘝𑘿𑘨𑘲 𑘏𑘴𑘢 𑘢𑘰𑘅𑘭 𑘖𑘰𑘩𑘰.,39
data/synthetic/images/line_0039_v034.png,काल रात्री खूप पाऊस झाला.,𑘎𑘰𑘩 𑘨𑘰𑘝𑘿𑘨𑘲 𑘏𑘴𑘢 𑘢𑘰𑘅𑘭 𑘖𑘰𑘩𑘰.,39
data/synthetic/images/line_0039_v035.png,काल रात्री खूप पाऊस झाला.,𑘎𑘰𑘩 𑘨𑘰𑘝𑘿𑘨𑘲 𑘏𑘴𑘢 𑘢𑘰𑘅𑘭 𑘖𑘰𑘩𑘰.,39
data/synthetic/images/line_0039_v036.png,काल रात्री खूप पाऊस झाला.,𑘎𑘰𑘩 𑘨𑘰𑘝𑘿𑘨𑘲 𑘏𑘴𑘢 𑘢𑘰𑘅𑘭 𑘖𑘰𑘩𑘰.,39
data/synthetic/images/line_0039_v037.png,काल रात्री खूप पाऊस झाला.,𑘎𑘰𑘩 𑘨𑘰𑘝𑘿𑘨𑘲 𑘏𑘴𑘢 𑘢𑘰𑘅𑘭 𑘖𑘰𑘩𑘰.,39
data/synthetic/images/line_0039_v038.png,काल रात्री खूप पाऊस झाला.,𑘎𑘰𑘩 𑘨𑘰𑘝𑘿𑘨𑘲 𑘏𑘴𑘢 𑘢𑘰𑘅𑘭 𑘖𑘰𑘩𑘰.,39
data/synthetic/images/line_0039_v039.png,काल रात्री खूप पाऊस झाला.,𑘎𑘰𑘩 𑘨𑘰𑘝𑘿𑘨𑘲 𑘏𑘴𑘢 𑘢𑘰𑘅𑘭 𑘖𑘰𑘩𑘰.,39
data/synthetic/images/line_0040_v000.png,हिवाळ्यात खूप थंडी पडते.,𑘮𑘱𑘪𑘰𑘯𑘿𑘧𑘰𑘝 𑘏𑘴𑘢 𑘞𑘽𑘚𑘲 𑘢𑘚𑘝𑘹.,40
data/synthetic/images/line_0040_v001.png,हिवाळ्यात खूप थंडी पडते.,𑘮𑘱𑘪𑘰𑘯𑘿𑘧𑘰𑘝 𑘏𑘴𑘢 𑘞𑘽𑘚𑘲 𑘢𑘚𑘝𑘹.,40
data/synthetic/images/line_0040_v002.png,हिवाळ्यात खूप थंडी पडते.,𑘮𑘱𑘪𑘰𑘯𑘿𑘧𑘰𑘝 𑘏𑘴𑘢 𑘞𑘽𑘚𑘲 𑘢𑘚𑘝𑘹.,40
data/synthetic/images/line_0040_v003.png,हिवाळ्यात खूप थंडी पडते.,𑘮𑘱𑘪𑘰𑘯𑘿𑘧𑘰𑘝 𑘏𑘴𑘢 𑘞𑘽𑘚𑘲 𑘢𑘚𑘝𑘹.,40
data/synthetic/images/line_0040_v004.png,हिवाळ्यात खूप थंडी पडते.,𑘮𑘱𑘪𑘰𑘯𑘿𑘧𑘰𑘝 𑘏𑘴𑘢 𑘞𑘽𑘚𑘲 𑘢𑘚𑘝𑘹.,40
data/synthetic/images/line_0040_v005.png,हिवाळ्यात खूप थंडी पडते.,𑘮𑘱𑘪𑘰𑘯𑘿𑘧𑘰𑘝 𑘏𑘴𑘢 𑘞𑘽𑘚𑘲 𑘢𑘚𑘝𑘹.,40
data/synthetic/images/line_0040_v006.png,हिवाळ्यात खूप थंडी पडते.,𑘮𑘱𑘪𑘰𑘯𑘿𑘧𑘰𑘝 𑘏𑘴𑘢 𑘞𑘽𑘚𑘲 𑘢𑘚𑘝𑘹.,40
data/synthetic/images/line_0040_v007.png,हिवाळ्यात खूप थंडी पडते.,𑘮𑘱𑘪𑘰𑘯𑘿𑘧𑘰𑘝 𑘏𑘴𑘢 𑘞𑘽𑘚𑘲 𑘢𑘚𑘝𑘹.,40
data/synthetic/images/line_0040_v008.png,हिवाळ्यात खूप थंडी पडते.,𑘮𑘱𑘪𑘰𑘯𑘿𑘧𑘰𑘝 𑘏𑘴𑘢 𑘞𑘽𑘚𑘲 𑘢𑘚𑘝𑘹.,40
data/synthetic/images/line_0040_v009.png,हिवाळ्यात खूप थंडी पडते.,𑘮𑘱𑘪𑘰𑘯𑘿𑘧𑘰𑘝 𑘏𑘴𑘢 𑘞𑘽𑘚𑘲 𑘢𑘚𑘝𑘹.,40
data/synthetic/images/line_0040_v010.png,हिवाळ्यात खूप थंडी पडते.,𑘮𑘱𑘪𑘰𑘯𑘿𑘧𑘰𑘝 𑘏𑘴𑘢 𑘞𑘽𑘚𑘲 𑘢𑘚𑘝𑘹.,40
data/synthetic/images/line_0040_v011.png,हिवाळ्यात खूप थंडी पडते.,𑘮𑘱𑘪𑘰𑘯𑘿𑘧𑘰𑘝 𑘏𑘴𑘢 𑘞𑘽𑘚𑘲 𑘢𑘚𑘝𑘹.,40
data/synthetic/images/line_0040_v012.png,हिवाळ्यात खूप थंडी पडते.,𑘮𑘱𑘪𑘰𑘯𑘿𑘧𑘰𑘝 𑘏𑘴𑘢 𑘞𑘽𑘚𑘲 𑘢𑘚𑘝𑘹.,40
data/synthetic/images/line_0040_v013.png,हिवाळ्यात खूप थंडी पडते.,𑘮𑘱𑘪𑘰𑘯𑘿𑘧𑘰𑘝 𑘏𑘴𑘢 𑘞𑘽𑘚𑘲 𑘢𑘚𑘝𑘹.,40
data/synthetic/images/line_0040_v014.png,हिवाळ्यात खूप थंडी पडते.,𑘮𑘱𑘪𑘰𑘯𑘿𑘧𑘰𑘝 𑘏𑘴𑘢 𑘞𑘽𑘚𑘲 𑘢𑘚𑘝𑘹.,40
data/synthetic/images/line_0040_v015.png,हिवाळ्यात खूप थंडी पडते.,𑘮𑘱𑘪𑘰𑘯𑘿𑘧𑘰𑘝 𑘏𑘴𑘢 𑘞𑘽𑘚𑘲 𑘢𑘚𑘝𑘹.,40
data/synthetic/images/line_0040_v016.png,हिवाळ्यात खूप थंडी पडते.,𑘮𑘱𑘪𑘰𑘯𑘿𑘧𑘰𑘝 𑘏𑘴𑘢 𑘞𑘽𑘚𑘲 𑘢𑘚𑘝𑘹.,40
data/synthetic/images/line_0040_v017.png,हिवाळ्यात खूप थंडी पडते.,𑘮𑘱𑘪𑘰𑘯𑘿𑘧𑘰𑘝 𑘏𑘴𑘢 𑘞𑘽𑘚𑘲 𑘢𑘚𑘝𑘹.,40
data/synthetic/images/line_0040_v018.png,हिवाळ्यात खूप थंडी पडते.,𑘮𑘱𑘪𑘰𑘯𑘿𑘧𑘰𑘝 𑘏𑘴𑘢 𑘞𑘽𑘚𑘲 𑘢𑘚𑘝𑘹.,40
data/synthetic/images/line_0040_v019.png,हिवाळ्यात खूप थंडी पडते.,𑘮𑘱𑘪𑘰𑘯𑘿𑘧𑘰𑘝 𑘏𑘴𑘢 𑘞𑘽𑘚𑘲 𑘢𑘚𑘝𑘹.,40
data/synthetic/images/line_0040_v020.png,हिवाळ्यात खूप थंडी पडते.,𑘮𑘱𑘪𑘰𑘯𑘿𑘧𑘰𑘝 𑘏𑘴𑘢 𑘞𑘽𑘚𑘲 𑘢𑘚𑘝𑘹.,40
data/synthetic/images/line_0040_v021.png,हिवाळ्यात खूप थंडी पडते.,𑘮𑘱𑘪𑘰𑘯𑘿𑘧𑘰𑘝 𑘏𑘴𑘢 𑘞𑘽𑘚𑘲 𑘢𑘚𑘝𑘹.,40
data/synthetic/images/line_0040_v022.png,हिवाळ्यात खूप थंडी पडते.,𑘮𑘱𑘪𑘰𑘯𑘿𑘧𑘰𑘝 𑘏𑘴𑘢 𑘞𑘽𑘚𑘲 𑘢𑘚𑘝𑘹.,40
data/synthetic/images/line_0040_v023.png,हिवाळ्यात खूप थंडी पडते.,𑘮𑘱𑘪𑘰𑘯𑘿𑘧𑘰𑘝 𑘏𑘴𑘢 𑘞𑘽𑘚𑘲 𑘢𑘚𑘝𑘹.,40
data/synthetic/images/line_0040_v024.png,हिवाळ्यात खूप थंडी पडते.,𑘮𑘱𑘪𑘰𑘯𑘿𑘧𑘰𑘝 𑘏𑘴𑘢 𑘞𑘽𑘚𑘲 𑘢𑘚𑘝𑘹.,40
data/synthetic/images/line_0040_v025.png,हिवाळ्यात खूप थंडी पडते.,𑘮𑘱𑘪𑘰𑘯𑘿𑘧𑘰𑘝 𑘏𑘴𑘢 𑘞𑘽𑘚𑘲 𑘢𑘚𑘝𑘹.,40
data/synthetic/images/line_0040_v026.png,हिवाळ्यात खूप थंडी पडते.,𑘮𑘱𑘪𑘰𑘯𑘿𑘧𑘰𑘝 𑘏𑘴𑘢 𑘞𑘽𑘚𑘲 𑘢𑘚𑘝𑘹.,40
data/synthetic/images/line_0040_v027.png,हिवाळ्यात खूप थंडी पडते.,𑘮𑘱𑘪𑘰𑘯𑘿𑘧𑘰𑘝 𑘏𑘴𑘢 𑘞𑘽𑘚𑘲 𑘢𑘚𑘝𑘹.,40
data/synthetic/images/line_0040_v028.png,हिवाळ्यात खूप थंडी पडते.,𑘮𑘱𑘪𑘰𑘯𑘿𑘧𑘰𑘝 𑘏𑘴𑘢 𑘞𑘽𑘚𑘲 𑘢𑘚𑘝𑘹.,40
data/synthetic/images/line_0040_v029.png,हिवाळ्यात खूप थंडी पडते.,𑘮𑘱𑘪𑘰𑘯𑘿𑘧𑘰𑘝 𑘏𑘴𑘢 𑘞𑘽𑘚𑘲 𑘢𑘚𑘝𑘹.,40
data/synthetic/images/line_0040_v030.png,हिवाळ्यात खूप थंडी पडते.,𑘮𑘱𑘪𑘰𑘯𑘿𑘧𑘰𑘝 𑘏𑘴𑘢 𑘞𑘽𑘚𑘲 𑘢𑘚𑘝𑘹.,40
data/synthetic/images/line_0040_v031.png,हिवाळ्यात खूप थंडी पडते.,𑘮𑘱𑘪𑘰𑘯𑘿𑘧𑘰𑘝 𑘏𑘴𑘢 𑘞𑘽𑘚𑘲 𑘢𑘚𑘝𑘹.,40
data/synthetic/images/line_0040_v032.png,हिवाळ्यात खूप थंडी पडते.,𑘮𑘱𑘪𑘰𑘯𑘿𑘧𑘰𑘝 𑘏𑘴𑘢 𑘞𑘽𑘚𑘲 𑘢𑘚𑘝𑘹.,40
data/synthetic/images/line_0040_v033.png,हिवाळ्यात खूप थंडी पडते.,𑘮𑘱𑘪𑘰𑘯𑘿𑘧𑘰𑘝 𑘏𑘴𑘢 𑘞𑘽𑘚𑘲 𑘢𑘚𑘝𑘹.,40
data/synthetic/images/line_0040_v034.png,हिवाळ्यात खूप थंडी पडते.,𑘮𑘱𑘪𑘰𑘯𑘿𑘧𑘰𑘝 𑘏𑘴𑘢 𑘞𑘽𑘚𑘲 𑘢𑘚𑘝𑘹.,40
data/synthetic/images/line_0040_v035.png,हिवाळ्यात खूप थंडी पडते.,𑘮𑘱𑘪𑘰𑘯𑘿𑘧𑘰𑘝 𑘏𑘴𑘢 𑘞𑘽𑘚𑘲 𑘢𑘚𑘝𑘹.,40
data/synthetic/images/line_0040_v036.png,हिवाळ्यात खूप थंडी पडते.,𑘮𑘱𑘪𑘰𑘯𑘿𑘧𑘰𑘝 𑘏𑘴𑘢 𑘞𑘽𑘚𑘲 𑘢𑘚𑘝𑘹.,40
data/synthetic/images/line_0040_v037.png,हिवाळ्यात खूप थंडी पडते.,𑘮𑘱𑘪𑘰𑘯𑘿𑘧𑘰𑘝 𑘏𑘴𑘢 𑘞𑘽𑘚𑘲 𑘢𑘚𑘝𑘹.,40
data/synthetic/images/line_0040_v038.png,हिवाळ्यात खूप थंडी पडते.,𑘮𑘱𑘪𑘰𑘯𑘿𑘧𑘰𑘝 𑘏𑘴𑘢 𑘞𑘽𑘚𑘲 𑘢𑘚𑘝𑘹.,40
data/synthetic/images/line_0040_v039.png,हिवाळ्यात खूप थंडी पडते.,𑘮𑘱𑘪𑘰𑘯𑘿𑘧𑘰𑘝 𑘏𑘴𑘢 𑘞𑘽𑘚𑘲 𑘢𑘚𑘝𑘹.,40
data/synthetic/images/line_0041_v000.png,उन्हाळ्यात खूप उकाडा असतो.,𑘄𑘡𑘿𑘮𑘰𑘯𑘿𑘧𑘰𑘝 𑘏𑘴𑘢 𑘄𑘎𑘰𑘚𑘰 𑘀𑘭𑘝𑘻.,41
data/synthetic/images/line_0041_v001.png,उन्हाळ्यात खूप उकाडा असतो.,𑘄𑘡𑘿𑘮𑘰𑘯𑘿𑘧𑘰𑘝 𑘏𑘴𑘢 𑘄𑘎𑘰𑘚𑘰 𑘀𑘭𑘝𑘻.,41
data/synthetic/images/line_0041_v002.png,उन्हाळ्यात खूप उकाडा असतो.,𑘄𑘡𑘿𑘮𑘰𑘯𑘿𑘧𑘰𑘝 𑘏𑘴𑘢 𑘄𑘎𑘰𑘚𑘰 𑘀𑘭𑘝𑘻.,41
data/synthetic/images/line_0041_v003.png,उन्हाळ्यात खूप उकाडा असतो.,𑘄𑘡𑘿𑘮𑘰𑘯𑘿𑘧𑘰𑘝 𑘏𑘴𑘢 𑘄𑘎𑘰𑘚𑘰 𑘀𑘭𑘝𑘻.,41
data/synthetic/images/line_0041_v004.png,उन्हाळ्यात खूप उकाडा असतो.,𑘄𑘡𑘿𑘮𑘰𑘯𑘿𑘧𑘰𑘝 𑘏𑘴𑘢 𑘄𑘎𑘰𑘚𑘰 𑘀𑘭𑘝𑘻.,41
data/synthetic/images/line_0041_v005.png,उन्हाळ्यात खूप उकाडा असतो.,𑘄𑘡𑘿𑘮𑘰𑘯𑘿𑘧𑘰𑘝 𑘏𑘴𑘢 𑘄𑘎𑘰𑘚𑘰 𑘀𑘭𑘝𑘻.,41
data/synthetic/images/line_0041_v006.png,उन्हाळ्यात खूप उकाडा असतो.,𑘄𑘡𑘿𑘮𑘰𑘯𑘿𑘧𑘰𑘝 𑘏𑘴𑘢 𑘄𑘎𑘰𑘚𑘰 𑘀𑘭𑘝𑘻.,41
data/synthetic/images/line_0041_v007.png,उन्हाळ्यात खूप उकाडा असतो.,𑘄𑘡𑘿𑘮𑘰𑘯𑘿𑘧𑘰𑘝 𑘏𑘴𑘢 𑘄𑘎𑘰𑘚𑘰 𑘀𑘭𑘝𑘻.,41
data/synthetic/images/line_0041_v008.png,उन्हाळ्यात खूप उकाडा असतो.,𑘄𑘡𑘿𑘮𑘰𑘯𑘿𑘧𑘰𑘝 𑘏𑘴𑘢 𑘄𑘎𑘰𑘚𑘰 𑘀𑘭𑘝𑘻.,41
data/synthetic/images/line_0041_v009.png,उन्हाळ्यात खूप उकाडा असतो.,𑘄𑘡𑘿𑘮𑘰𑘯𑘿𑘧𑘰𑘝 𑘏𑘴𑘢 𑘄𑘎𑘰𑘚𑘰 𑘀𑘭𑘝𑘻.,41
data/synthetic/images/line_0041_v010.png,उन्हाळ्यात खूप उकाडा असतो.,𑘄𑘡𑘿𑘮𑘰𑘯𑘿𑘧𑘰𑘝 𑘏𑘴𑘢 𑘄𑘎𑘰𑘚𑘰 𑘀𑘭𑘝𑘻.,41
data/synthetic/images/line_0041_v011.png,उन्हाळ्यात खूप उकाडा असतो.,𑘄𑘡𑘿𑘮𑘰𑘯𑘿𑘧𑘰𑘝 𑘏𑘴𑘢 𑘄𑘎𑘰𑘚𑘰 𑘀𑘭𑘝𑘻.,41
data/synthetic/images/line_0041_v012.png,उन्हाळ्यात खूप उकाडा असतो.,𑘄𑘡𑘿𑘮𑘰𑘯𑘿𑘧𑘰𑘝 𑘏𑘴𑘢 𑘄𑘎𑘰𑘚𑘰 𑘀𑘭𑘝𑘻.,41
data/synthetic/images/line_0041_v013.png,उन्हाळ्यात खूप उकाडा असतो.,𑘄𑘡𑘿𑘮𑘰𑘯𑘿𑘧𑘰𑘝 𑘏𑘴𑘢 𑘄𑘎𑘰𑘚𑘰 𑘀𑘭𑘝𑘻.,41
data/synthetic/images/line_0041_v014.png,उन्हाळ्यात खूप उकाडा असतो.,𑘄𑘡𑘿𑘮𑘰𑘯𑘿𑘧𑘰𑘝 𑘏𑘴𑘢 𑘄𑘎𑘰𑘚𑘰 𑘀𑘭𑘝𑘻.,41
data/synthetic/images/line_0041_v015.png,उन्हाळ्यात खूप उकाडा असतो.,𑘄𑘡𑘿𑘮𑘰𑘯𑘿𑘧𑘰𑘝 𑘏𑘴𑘢 𑘄𑘎𑘰𑘚𑘰 𑘀𑘭𑘝𑘻.,41
data/synthetic/images/line_0041_v016.png,उन्हाळ्यात खूप उकाडा असतो.,𑘄𑘡𑘿𑘮𑘰𑘯𑘿𑘧𑘰𑘝 𑘏𑘴𑘢 𑘄𑘎𑘰𑘚𑘰 𑘀𑘭𑘝𑘻.,41
data/synthetic/images/line_0041_v017.png,उन्हाळ्यात खूप उकाडा असतो.,𑘄𑘡𑘿𑘮𑘰𑘯𑘿𑘧𑘰𑘝 𑘏𑘴𑘢 𑘄𑘎𑘰𑘚𑘰 𑘀𑘭𑘝𑘻.,41
data/synthetic/images/line_0041_v018.png,उन्हाळ्यात खूप उकाडा असतो.,𑘄𑘡𑘿𑘮𑘰𑘯𑘿𑘧𑘰𑘝 𑘏𑘴𑘢 𑘄𑘎𑘰𑘚𑘰 𑘀𑘭𑘝𑘻.,41
data/synthetic/images/line_0041_v019.png,उन्हाळ्यात खूप उकाडा असतो.,𑘄𑘡𑘿𑘮𑘰𑘯𑘿𑘧𑘰𑘝 𑘏𑘴𑘢 𑘄𑘎𑘰𑘚𑘰 𑘀𑘭𑘝𑘻.,41
data/synthetic/images/line_0041_v020.png,उन्हाळ्यात खूप उकाडा असतो.,𑘄𑘡𑘿𑘮𑘰𑘯𑘿𑘧𑘰𑘝 𑘏𑘴𑘢 𑘄𑘎𑘰𑘚𑘰 𑘀𑘭𑘝𑘻.,41
data/synthetic/images/line_0041_v021.png,उन्हाळ्यात खूप उकाडा असतो.,𑘄𑘡𑘿𑘮𑘰𑘯𑘿𑘧𑘰𑘝 𑘏𑘴𑘢 𑘄𑘎𑘰𑘚𑘰 𑘀𑘭𑘝𑘻.,41
data/synthetic/images/line_0041_v022.png,उन्हाळ्यात खूप उकाडा असतो.,𑘄𑘡𑘿𑘮𑘰𑘯𑘿𑘧𑘰𑘝 𑘏𑘴𑘢 𑘄𑘎𑘰𑘚𑘰 𑘀𑘭𑘝𑘻.,41
data/synthetic/images/line_0041_v023.png,उन्हाळ्यात खूप उकाडा असतो.,𑘄𑘡𑘿𑘮𑘰𑘯𑘿𑘧𑘰𑘝 𑘏𑘴𑘢 𑘄𑘎𑘰𑘚𑘰 𑘀𑘭𑘝𑘻.,41
data/synthetic/images/line_0041_v024.png,उन्हाळ्यात खूप उकाडा असतो.,𑘄𑘡𑘿𑘮𑘰𑘯𑘿𑘧𑘰𑘝 𑘏𑘴𑘢 𑘄𑘎𑘰𑘚𑘰 𑘀𑘭𑘝𑘻.,41
data/synthetic/images/line_0041_v025.png,उन्हाळ्यात खूप उकाडा असतो.,𑘄𑘡𑘿𑘮𑘰𑘯𑘿𑘧𑘰𑘝 𑘏𑘴𑘢 𑘄𑘎𑘰𑘚𑘰 𑘀𑘭𑘝𑘻.,41
data/synthetic/images/line_0041_v026.png,उन्हाळ्यात खूप उकाडा असतो.,𑘄𑘡𑘿𑘮𑘰𑘯𑘿𑘧𑘰𑘝 𑘏𑘴𑘢 𑘄𑘎𑘰𑘚𑘰 𑘀𑘭𑘝𑘻.,41
data/synthetic/images/line_0041_v027.png,उन्हाळ्यात खूप उकाडा असतो.,𑘄𑘡𑘿𑘮𑘰𑘯𑘿𑘧𑘰𑘝 𑘏𑘴𑘢 𑘄𑘎𑘰𑘚𑘰 𑘀𑘭𑘝𑘻.,41
data/synthetic/images/line_0041_v028.png,उन्हाळ्यात खूप उकाडा असतो.,𑘄𑘡𑘿𑘮𑘰𑘯𑘿𑘧𑘰𑘝 𑘏𑘴𑘢 𑘄𑘎𑘰𑘚𑘰 𑘀𑘭𑘝𑘻.,41
data/synthetic/images/line_0041_v029.png,उन्हाळ्यात खूप उकाडा असतो.,𑘄𑘡𑘿𑘮𑘰𑘯𑘿𑘧𑘰𑘝 𑘏𑘴𑘢 𑘄𑘎𑘰𑘚𑘰 𑘀𑘭𑘝𑘻.,41
data/synthetic/images/line_0041_v030.png,उन्हाळ्यात खूप उकाडा असतो.,𑘄𑘡𑘿𑘮𑘰𑘯𑘿𑘧𑘰𑘝 𑘏𑘴𑘢 𑘄𑘎𑘰𑘚𑘰 𑘀𑘭𑘝𑘻.,41
data/synthetic/images/line_0041_v031.png,उन्हाळ्यात खूप उकाडा असतो.,𑘄𑘡𑘿𑘮𑘰𑘯𑘿𑘧𑘰𑘝 𑘏𑘴𑘢 𑘄𑘎𑘰𑘚𑘰 𑘀𑘭𑘝𑘻.,41
data/synthetic/images/line_0041_v032.png,उन्हाळ्यात खूप उकाडा असतो.,𑘄𑘡𑘿𑘮𑘰𑘯𑘿𑘧𑘰𑘝 𑘏𑘴𑘢 𑘄𑘎𑘰𑘚𑘰 𑘀𑘭𑘝𑘻.,41
data/synthetic/images/line_0041_v033.png,उन्हाळ्यात खूप उकाडा असतो.,𑘄𑘡𑘿𑘮𑘰𑘯𑘿𑘧𑘰𑘝 𑘏𑘴𑘢 𑘄𑘎𑘰𑘚𑘰 𑘀𑘭𑘝𑘻.,41
data/synthetic/images/line_0041_v034.png,उन्हाळ्यात खूप उकाडा असतो.,𑘄𑘡𑘿𑘮𑘰𑘯𑘿𑘧𑘰𑘝 𑘏𑘴𑘢 𑘄𑘎𑘰𑘚𑘰 𑘀𑘭𑘝𑘻.,41
data/synthetic/images/line_0041_v035.png,उन्हाळ्यात खूप उकाडा असतो.,𑘄𑘡𑘿𑘮𑘰𑘯𑘿𑘧𑘰𑘝 𑘏𑘴𑘢 𑘄𑘎𑘰𑘚𑘰 𑘀𑘭𑘝𑘻.,41
data/synthetic/images/line_0041_v036.png,उन्हाळ्यात खूप उकाडा असतो.,𑘄𑘡𑘿𑘮𑘰𑘯𑘿𑘧𑘰𑘝 𑘏𑘴𑘢 𑘄𑘎𑘰𑘚𑘰 𑘀𑘭𑘝𑘻.,41
data/synthetic/images/line_0041_v037.png,उन्हाळ्यात खूप उकाडा असतो.,𑘄𑘡𑘿𑘮𑘰𑘯𑘿𑘧𑘰𑘝 𑘏𑘴𑘢 𑘄𑘎𑘰𑘚𑘰 𑘀𑘭𑘝𑘻.,41
data/synthetic/images/line_0041_v038.png,उन्हाळ्यात खूप उकाडा असतो.,𑘄𑘡𑘿𑘮𑘰𑘯𑘿𑘧𑘰𑘝 𑘏𑘴𑘢 𑘄𑘎𑘰𑘚𑘰 𑘀𑘭𑘝𑘻.,41
data/synthetic/images/line_0041_v039.png,उन्हाळ्यात खूप उकाडा असतो.,𑘄𑘡𑘿𑘮𑘰𑘯𑘿𑘧𑘰𑘝 𑘏𑘴𑘢 𑘄𑘎𑘰𑘚𑘰 𑘀𑘭𑘝𑘻.,41
data/synthetic/images/line_0042_v000.png,पावसाळ्यात नद्यांना पूर येतो.,𑘢𑘰𑘪𑘭𑘰𑘯𑘿𑘧𑘰𑘝 𑘡𑘟𑘿𑘧𑘰𑘽𑘡𑘰 𑘢𑘴𑘨 𑘧𑘹𑘝𑘻.,42
data/synthetic/images/line_0042_v001.png,पावसाळ्यात नद्यांना पूर येतो.,𑘢𑘰𑘪𑘭𑘰𑘯𑘿𑘧𑘰𑘝 𑘡𑘟𑘿𑘧𑘰𑘽𑘡𑘰 𑘢𑘴𑘨 𑘧𑘹𑘝𑘻.,42
data/synthetic/images/line_0042_v002.png,पावसाळ्यात नद्यांना पूर येतो.,𑘢𑘰𑘪𑘭𑘰𑘯𑘿𑘧𑘰𑘝 𑘡𑘟𑘿𑘧𑘰𑘽𑘡𑘰 𑘢𑘴𑘨 𑘧𑘹𑘝𑘻.,42
data/synthetic/images/line_0042_v003.png,पावसाळ्यात नद्यांना पूर येतो.,𑘢𑘰𑘪𑘭𑘰𑘯𑘿𑘧𑘰𑘝 𑘡𑘟𑘿𑘧𑘰𑘽𑘡𑘰 𑘢𑘴𑘨 𑘧𑘹𑘝𑘻.,42
data/synthetic/images/line_0042_v004.png,पावसाळ्यात नद्यांना पूर येतो.,𑘢𑘰𑘪𑘭𑘰𑘯𑘿𑘧𑘰𑘝 𑘡𑘟𑘿𑘧𑘰𑘽𑘡𑘰 𑘢𑘴𑘨 𑘧𑘹𑘝𑘻.,42
data/synthetic/images/line_0042_v005.png,पावसाळ्यात नद्यांना पूर येतो.,𑘢𑘰𑘪𑘭𑘰𑘯𑘿𑘧𑘰𑘝 𑘡𑘟𑘿𑘧𑘰𑘽𑘡𑘰 𑘢𑘴𑘨 𑘧𑘹𑘝𑘻.,42
data/synthetic/images/line_0042_v006.png,पावसाळ्यात नद्यांना पूर येतो.,𑘢𑘰𑘪𑘭𑘰𑘯𑘿𑘧𑘰𑘝 𑘡𑘟𑘿𑘧𑘰𑘽𑘡𑘰 𑘢𑘴𑘨 𑘧𑘹𑘝𑘻.,42
data/synthetic/images/line_0042_v007.png,पावसाळ्यात नद्यांना पूर येतो.,𑘢𑘰𑘪𑘭𑘰𑘯𑘿𑘧𑘰𑘝 𑘡𑘟𑘿𑘧𑘰𑘽𑘡𑘰 𑘢𑘴𑘨 𑘧𑘹𑘝𑘻.,42
data/synthetic/images/line_0042_v008.png,पावसाळ्यात नद्यांना पूर येतो.,𑘢𑘰𑘪𑘭𑘰𑘯𑘿𑘧𑘰𑘝 𑘡𑘟𑘿𑘧𑘰𑘽𑘡𑘰 𑘢𑘴𑘨 𑘧𑘹𑘝𑘻.,42
data/synthetic/images/line_0042_v009.png,पावसाळ्यात नद्यांना पूर येतो.,𑘢𑘰𑘪𑘭𑘰𑘯𑘿𑘧𑘰𑘝 𑘡𑘟𑘿𑘧𑘰𑘽𑘡𑘰 𑘢𑘴𑘨 𑘧𑘹𑘝𑘻.,42
data/synthetic/images/line_0042_v010.png,पावसाळ्यात नद्यांना पूर येतो.,𑘢𑘰𑘪𑘭𑘰𑘯𑘿𑘧𑘰𑘝 𑘡𑘟𑘿𑘧𑘰𑘽𑘡𑘰 𑘢𑘴𑘨 𑘧𑘹𑘝𑘻.,42
data/synthetic/images/line_0042_v011.png,पावसाळ्यात नद्यांना पूर येतो.,𑘢𑘰𑘪𑘭𑘰𑘯𑘿𑘧𑘰𑘝 𑘡𑘟𑘿𑘧𑘰𑘽𑘡𑘰 𑘢𑘴𑘨 𑘧𑘹𑘝𑘻.,42
data/synthetic/images/line_0042_v012.png,पावसाळ्यात नद्यांना पूर येतो.,𑘢𑘰𑘪𑘭𑘰𑘯𑘿𑘧𑘰𑘝 𑘡𑘟𑘿𑘧𑘰𑘽𑘡𑘰 𑘢𑘴𑘨 𑘧𑘹𑘝𑘻.,42
data/synthetic/images/line_0042_v013.png,पावसाळ्यात नद्यांना पूर येतो.,𑘢𑘰𑘪𑘭𑘰𑘯𑘿𑘧𑘰𑘝 𑘡𑘟𑘿𑘧𑘰𑘽𑘡𑘰 𑘢𑘴𑘨 𑘧𑘹𑘝𑘻.,42
data/synthetic/images/line_0042_v014.png,पावसाळ्यात नद्यांना पूर येतो.,𑘢𑘰𑘪𑘭𑘰𑘯𑘿𑘧𑘰𑘝 𑘡𑘟𑘿𑘧𑘰𑘽𑘡𑘰 𑘢𑘴𑘨 𑘧𑘹𑘝𑘻.,42
data/synthetic/images/line_0042_v015.png,पावसाळ्यात नद्यांना पूर येतो.,𑘢𑘰𑘪𑘭𑘰𑘯𑘿𑘧𑘰𑘝 𑘡𑘟𑘿𑘧𑘰𑘽𑘡𑘰 𑘢𑘴𑘨 𑘧𑘹𑘝𑘻.,42
data/synthetic/images/line_0042_v016.png,पावसाळ्यात नद्यांना पूर येतो.,𑘢𑘰𑘪𑘭𑘰𑘯𑘿𑘧𑘰𑘝 𑘡𑘟𑘿𑘧𑘰𑘽𑘡𑘰 𑘢𑘴𑘨 𑘧𑘹𑘝𑘻.,42
data/synthetic/images/line_0042_v017.png,पावसाळ्यात नद्यांना पूर येतो.,𑘢𑘰𑘪𑘭𑘰𑘯𑘿𑘧𑘰𑘝 𑘡𑘟𑘿𑘧𑘰𑘽𑘡𑘰 𑘢𑘴𑘨 𑘧𑘹𑘝𑘻.,42
data/synthetic/images/line_0042_v018.png,पावसाळ्यात नद्यांना पूर येतो.,𑘢𑘰𑘪𑘭𑘰𑘯𑘿𑘧𑘰𑘝 𑘡𑘟𑘿𑘧𑘰𑘽𑘡𑘰 𑘢𑘴𑘨 𑘧𑘹𑘝𑘻.,42
data/synthetic/images/line_0042_v019.png,पावसाळ्यात नद्यांना पूर येतो.,𑘢𑘰𑘪𑘭𑘰𑘯𑘿𑘧𑘰𑘝 𑘡𑘟𑘿𑘧𑘰𑘽𑘡𑘰 𑘢𑘴𑘨 𑘧𑘹𑘝𑘻.,42
data/synthetic/images/line_0042_v020.png,पावसाळ्यात नद्यांना पूर येतो.,𑘢𑘰𑘪𑘭𑘰𑘯𑘿𑘧𑘰𑘝 𑘡𑘟𑘿𑘧𑘰𑘽𑘡𑘰 𑘢𑘴𑘨 𑘧𑘹𑘝𑘻.,42
data/synthetic/images/line_0042_v021.png,पावसाळ्यात नद्यांना पूर येतो.,𑘢𑘰𑘪𑘭𑘰𑘯𑘿𑘧𑘰𑘝 𑘡𑘟𑘿𑘧𑘰𑘽𑘡𑘰 𑘢𑘴𑘨 𑘧𑘹𑘝𑘻.,42
data/synthetic/images/line_0042_v022.png,पावसाळ्यात नद्यांना पूर येतो.,𑘢𑘰𑘪𑘭𑘰𑘯𑘿𑘧𑘰𑘝 𑘡𑘟𑘿𑘧𑘰𑘽𑘡𑘰 𑘢𑘴𑘨 𑘧𑘹𑘝𑘻.,42
data/synthetic/images/line_0042_v023.png,पावसाळ्यात नद्यांना पूर येतो.,𑘢𑘰𑘪𑘭𑘰𑘯𑘿𑘧𑘰𑘝 𑘡𑘟𑘿𑘧𑘰𑘽𑘡𑘰 𑘢𑘴𑘨 𑘧𑘹𑘝𑘻.,42
data/synthetic/images/line_0042_v024.png,पावसाळ्यात नद्यांना पूर येतो.,𑘢𑘰𑘪𑘭𑘰𑘯𑘿𑘧𑘰𑘝 𑘡𑘟𑘿𑘧𑘰𑘽𑘡𑘰 𑘢𑘴𑘨 𑘧𑘹𑘝𑘻.,42
data/synthetic/images/line_0042_v025.png,पावसाळ्यात नद्यांना पूर येतो.,𑘢𑘰𑘪𑘭𑘰𑘯𑘿𑘧𑘰𑘝 𑘡𑘟𑘿𑘧𑘰𑘽𑘡𑘰 𑘢𑘴𑘨 𑘧𑘹𑘝𑘻.,42
data/synthetic/images/line_0042_v026.png,पावसाळ्यात नद्यांना पूर येतो.,𑘢𑘰𑘪𑘭𑘰𑘯𑘿𑘧𑘰𑘝 𑘡𑘟𑘿𑘧𑘰𑘽𑘡𑘰 𑘢𑘴𑘨 𑘧𑘹𑘝𑘻.,42
data/synthetic/images/line_0042_v027.png,पावसाळ्यात नद्यांना पूर येतो.,𑘢𑘰𑘪𑘭𑘰𑘯𑘿𑘧𑘰𑘝 𑘡𑘟𑘿𑘧𑘰𑘽𑘡𑘰 𑘢𑘴𑘨 𑘧𑘹𑘝𑘻.,42
data/synthetic/images/line_0042_v028.png,पावसाळ्यात नद्यांना पूर येतो.,𑘢𑘰𑘪𑘭𑘰𑘯𑘿𑘧𑘰𑘝 𑘡𑘟𑘿𑘧𑘰𑘽𑘡𑘰 𑘢𑘴𑘨 𑘧𑘹𑘝𑘻.,42
data/synthetic/images/line_0042_v029.png,पावसाळ्यात नद्यांना पूर येतो.,𑘢𑘰𑘪𑘭𑘰𑘯𑘿𑘧𑘰𑘝 𑘡𑘟𑘿𑘧𑘰𑘽𑘡𑘰 𑘢𑘴𑘨 𑘧𑘹𑘝𑘻.,42
data/synthetic/images/line_0042_v030.png,पावसाळ्यात नद्यांना पूर येतो.,𑘢𑘰𑘪𑘭𑘰𑘯𑘿𑘧𑘰𑘝 𑘡𑘟𑘿𑘧𑘰𑘽𑘡𑘰 𑘢𑘴𑘨 𑘧𑘹𑘝𑘻.,42
data/synthetic/images/line_0042_v031.png,पावसाळ्यात नद्यांना पूर येतो.,𑘢𑘰𑘪𑘭𑘰𑘯𑘿𑘧𑘰𑘝 𑘡𑘟𑘿𑘧𑘰𑘽𑘡𑘰 𑘢𑘴𑘨 𑘧𑘹𑘝𑘻.,42
data/synthetic/images/line_0042_v032.png,पावसाळ्यात नद्यांना पूर येतो.,𑘢𑘰𑘪𑘭𑘰𑘯𑘿𑘧𑘰𑘝 𑘡𑘟𑘿𑘧𑘰𑘽𑘡𑘰 𑘢𑘴𑘨 𑘧𑘹𑘝𑘻.,42
data/synthetic/images/line_0042_v033.png,पावसाळ्यात नद्यांना पूर येतो.,𑘢𑘰𑘪𑘭𑘰𑘯𑘿𑘧𑘰𑘝 𑘡𑘟𑘿𑘧𑘰𑘽𑘡𑘰 𑘢𑘴𑘨 𑘧𑘹𑘝𑘻.,42
data/synthetic/images/line_0042_v034.png,पावसाळ्यात नद्यांना पूर येतो.,𑘢𑘰𑘪𑘭𑘰𑘯𑘿𑘧𑘰𑘝 𑘡𑘟𑘿𑘧𑘰𑘽𑘡𑘰 𑘢𑘴𑘨 𑘧𑘹𑘝𑘻.,42
data/synthetic/images/line_0042_v035.png,पावसाळ्यात नद्यांना पूर येतो.,𑘢𑘰𑘪𑘭𑘰𑘯𑘿𑘧𑘰𑘝 𑘡𑘟𑘿𑘧𑘰𑘽𑘡𑘰 𑘢𑘴𑘨 𑘧𑘹𑘝𑘻.,42
data/synthetic/images/line_0042_v036.png,पावसाळ्यात नद्यांना पूर येतो.,𑘢𑘰𑘪𑘭𑘰𑘯𑘿𑘧𑘰𑘝 𑘡𑘟𑘿𑘧𑘰𑘽𑘡𑘰 𑘢𑘴𑘨 𑘧𑘹𑘝𑘻.,42
data/synthetic/images/line_0042_v037.png,पावसाळ्यात नद्यांना पूर येतो.,𑘢𑘰𑘪𑘭𑘰𑘯𑘿𑘧𑘰𑘝 𑘡𑘟𑘿𑘧𑘰𑘽𑘡𑘰 𑘢𑘴𑘨 𑘧𑘹𑘝𑘻.,42
data/synthetic/images/line_0042_v038.png,पावसाळ्यात नद्यांना पूर येतो.,𑘢𑘰𑘪𑘭𑘰𑘯𑘿𑘧𑘰𑘝 𑘡𑘟𑘿𑘧𑘰𑘽𑘡𑘰 𑘢𑘴𑘨 𑘧𑘹𑘝𑘻.,42
data/synthetic/images/line_0042_v039.png,पावसाळ्यात नद्यांना पूर येतो.,𑘢𑘰𑘪𑘭𑘰𑘯𑘿𑘧𑘰𑘝 𑘡𑘟𑘿𑘧𑘰𑘽𑘡𑘰 𑘢𑘴𑘨 𑘧𑘹𑘝𑘻.,42
data/synthetic/images/line_0043_v000.png,सण साजरे करणे ही आपली परंपरा आहे.,𑘭𑘜 𑘭𑘰𑘕𑘨𑘹 𑘎𑘨𑘜𑘹 𑘮𑘲 𑘁𑘢𑘩𑘲 𑘢𑘨𑘽𑘢𑘨𑘰 𑘁𑘮𑘹.,43
data/synthetic/images/line_0043_v001.png,सण साजरे करणे ही आपली परंपरा आहे.,𑘭𑘜 𑘭𑘰𑘕𑘨𑘹 𑘎𑘨𑘜𑘹 𑘮𑘲 𑘁𑘢𑘩𑘲 𑘢𑘨𑘽𑘢𑘨𑘰 𑘁𑘮𑘹.,43
data/synthetic/images/line_0043_v002.png,सण साजरे करणे ही आपली परंपरा आहे.,𑘭𑘜 𑘭𑘰𑘕𑘨𑘹 𑘎𑘨𑘜𑘹 𑘮𑘲 𑘁𑘢𑘩𑘲 𑘢𑘨𑘽𑘢𑘨𑘰 𑘁𑘮𑘹.,43
data/synthetic/images/line_0043_v003.png,सण साजरे करणे ही आपली परंपरा आहे.,𑘭𑘜 𑘭𑘰𑘕𑘨𑘹 𑘎𑘨𑘜𑘹 𑘮𑘲 𑘁𑘢𑘩𑘲 𑘢𑘨𑘽𑘢𑘨𑘰 𑘁𑘮𑘹.,43
data/synthetic/images/line_0043_v004.png,सण साजरे करणे ही आपली परंपरा आहे.,𑘭𑘜 𑘭𑘰𑘕𑘨𑘹 𑘎𑘨𑘜𑘹 𑘮𑘲 𑘁𑘢𑘩𑘲 𑘢𑘨𑘽𑘢𑘨𑘰 𑘁𑘮𑘹.,43
data/synthetic/images/line_0043_v005.png,सण साजरे करणे ही आपली परंपरा आहे.,𑘭𑘜 𑘭𑘰𑘕𑘨𑘹 𑘎𑘨𑘜𑘹 𑘮𑘲 𑘁𑘢𑘩𑘲 𑘢𑘨𑘽𑘢𑘨𑘰 𑘁𑘮𑘹.,43
data/synthetic/images/line_0043_v006.png,सण साजरे करणे ही आपली परंपरा आहे.,𑘭𑘜 𑘭𑘰𑘕𑘨𑘹 𑘎𑘨𑘜𑘹 𑘮𑘲 𑘁𑘢𑘩𑘲 𑘢𑘨𑘽𑘢𑘨𑘰 𑘁𑘮𑘹.,43
data/synthetic/images/line_0043_v007.png,सण साजरे करणे ही आपली परंपरा आहे.,𑘭𑘜 𑘭𑘰𑘕𑘨𑘹 𑘎𑘨𑘜𑘹 𑘮𑘲 𑘁𑘢𑘩𑘲 𑘢𑘨𑘽𑘢𑘨𑘰 𑘁𑘮𑘹.,43
data/synthetic/images/line_0043_v008.png,सण साजरे करणे ही आपली परंपरा आहे.,𑘭𑘜 𑘭𑘰𑘕𑘨𑘹 𑘎𑘨𑘜𑘹 𑘮𑘲 𑘁𑘢𑘩𑘲 𑘢𑘨𑘽𑘢𑘨𑘰 𑘁𑘮𑘹.,43
data/synthetic/images/line_0043_v009.png,सण साजरे करणे ही आपली परंपरा आहे.,𑘭𑘜 𑘭𑘰𑘕𑘨𑘹 𑘎𑘨𑘜𑘹 𑘮𑘲 𑘁𑘢𑘩𑘲 𑘢𑘨𑘽𑘢𑘨𑘰 𑘁𑘮𑘹.,43
data/synthetic/images/line_0043_v010.png,सण साजरे करणे ही आपली परंपरा आहे.,𑘭𑘜 𑘭𑘰𑘕𑘨𑘹 𑘎𑘨𑘜𑘹 𑘮𑘲 𑘁𑘢𑘩𑘲 𑘢𑘨𑘽𑘢𑘨𑘰 𑘁𑘮𑘹.,43
data/synthetic/images/line_0043_v011.png,सण साजरे करणे ही आपली परंपरा आहे.,𑘭𑘜 𑘭𑘰𑘕𑘨𑘹 𑘎𑘨𑘜𑘹 𑘮𑘲 𑘁𑘢𑘩𑘲 𑘢𑘨𑘽𑘢𑘨𑘰 𑘁𑘮𑘹.,43
data/synthetic/images/line_0043_v012.png,सण साजरे करणे ही आपली परंपरा आहे.,𑘭𑘜 𑘭𑘰𑘕𑘨𑘹 𑘎𑘨𑘜𑘹 𑘮𑘲 𑘁𑘢𑘩𑘲 𑘢𑘨𑘽𑘢𑘨𑘰 𑘁𑘮𑘹.,43
data/synthetic/images/line_0043_v013.png,सण साजरे करणे ही आपली परंपरा आहे.,𑘭𑘜 𑘭𑘰𑘕𑘨𑘹 𑘎𑘨𑘜𑘹 𑘮𑘲 𑘁𑘢𑘩𑘲 𑘢𑘨𑘽𑘢𑘨𑘰 𑘁𑘮𑘹.,43
data/synthetic/images/line_0043_v014.png,सण साजरे करणे ही आपली परंपरा आहे.,𑘭𑘜 𑘭𑘰𑘕𑘨𑘹 𑘎𑘨𑘜𑘹 𑘮𑘲 𑘁𑘢𑘩𑘲 𑘢𑘨𑘽𑘢𑘨𑘰 𑘁𑘮𑘹.,43
data/synthetic/images/line_0043_v015.png,सण साजरे करणे ही आपली परंपरा आहे.,𑘭𑘜 𑘭𑘰𑘕𑘨𑘹 𑘎𑘨𑘜𑘹 𑘮𑘲 𑘁𑘢𑘩𑘲 𑘢𑘨𑘽𑘢𑘨𑘰 𑘁𑘮𑘹.,43
data/synthetic/images/line_0043_v016.png,सण साजरे करणे ही आपली परंपरा आहे.,𑘭𑘜 𑘭𑘰𑘕𑘨𑘹 𑘎𑘨𑘜𑘹 𑘮𑘲 𑘁𑘢𑘩𑘲 𑘢𑘨𑘽𑘢𑘨𑘰 𑘁𑘮𑘹.,43
data/synthetic/images/line_0043_v017.png,सण साजरे करणे ही आपली परंपरा आहे.,𑘭𑘜 𑘭𑘰𑘕𑘨𑘹 𑘎𑘨𑘜𑘹 𑘮𑘲 𑘁𑘢𑘩𑘲 𑘢𑘨𑘽𑘢𑘨𑘰 𑘁𑘮𑘹.,43
data/synthetic/images/line_0043_v018.png,सण साजरे करणे ही आपली परंपरा आहे.,𑘭𑘜 𑘭𑘰𑘕𑘨𑘹 𑘎𑘨𑘜𑘹 𑘮𑘲 𑘁𑘢𑘩𑘲 𑘢𑘨𑘽𑘢𑘨𑘰 𑘁𑘮𑘹.,43
data/synthetic/images/line_0043_v019.png,सण साजरे करणे ही आपली परंपरा आहे.,𑘭𑘜 𑘭𑘰𑘕𑘨𑘹 𑘎𑘨𑘜𑘹 𑘮𑘲 𑘁𑘢𑘩𑘲 𑘢𑘨𑘽𑘢𑘨𑘰 𑘁𑘮𑘹.,43
data/synthetic/images/line_0043_v020.png,सण साजरे करणे ही आपली परंपरा आहे.,𑘭𑘜 𑘭𑘰𑘕𑘨𑘹 𑘎𑘨𑘜𑘹 𑘮𑘲 𑘁𑘢𑘩𑘲 𑘢𑘨𑘽𑘢𑘨𑘰 𑘁𑘮𑘹.,43
data/synthetic/images/line_0043_v021.png,सण साजरे करणे ही आपली परंपरा आहे.,𑘭𑘜 𑘭𑘰𑘕𑘨𑘹 𑘎𑘨𑘜𑘹 𑘮𑘲 𑘁𑘢𑘩𑘲 𑘢𑘨𑘽𑘢𑘨𑘰 𑘁𑘮𑘹.,43
data/synthetic/images/line_0043_v022.png,सण साजरे करणे ही आपली परंपरा आहे.,𑘭𑘜 𑘭𑘰𑘕𑘨𑘹 𑘎𑘨𑘜𑘹 𑘮𑘲 𑘁𑘢𑘩𑘲 𑘢𑘨𑘽𑘢𑘨𑘰 𑘁𑘮𑘹.,43
data/synthetic/images/line_0043_v023.png,सण साजरे करणे ही आपली परंपरा आहे.,𑘭𑘜 𑘭𑘰𑘕𑘨𑘹 𑘎𑘨𑘜𑘹 𑘮𑘲 𑘁𑘢𑘩𑘲 𑘢𑘨𑘽𑘢𑘨𑘰 𑘁𑘮𑘹.,43
data/synthetic/images/line_0043_v024.png,सण साजरे करणे ही आपली परंपरा आहे.,𑘭𑘜 𑘭𑘰𑘕𑘨𑘹 𑘎𑘨𑘜𑘹 𑘮𑘲 𑘁𑘢𑘩𑘲 𑘢𑘨𑘽𑘢𑘨𑘰 𑘁𑘮𑘹.,43
data/synthetic/images/line_0043_v025.png,सण साजरे करणे ही आपली परंपरा आहे.,𑘭𑘜 𑘭𑘰𑘕𑘨𑘹 𑘎𑘨𑘜𑘹 𑘮𑘲 𑘁𑘢𑘩𑘲 𑘢𑘨𑘽𑘢𑘨𑘰 𑘁𑘮𑘹.,43
data/synthetic/images/line_0043_v026.png,सण साजरे करणे ही आपली परंपरा आहे.,𑘭𑘜 𑘭𑘰𑘕𑘨𑘹 𑘎𑘨𑘜𑘹 𑘮𑘲 𑘁𑘢𑘩𑘲 𑘢𑘨𑘽𑘢𑘨𑘰 𑘁𑘮𑘹.,43
data/synthetic/images/line_0043_v027.png,सण साजरे करणे ही आपली परंपरा आहे.,𑘭𑘜 𑘭𑘰𑘕𑘨𑘹 𑘎𑘨𑘜𑘹 𑘮𑘲 𑘁𑘢𑘩𑘲 𑘢𑘨𑘽𑘢𑘨𑘰 𑘁𑘮𑘹.,43
data/synthetic/images/line_0043_v028.png,सण साजरे करणे ही आपली परंपरा आहे.,𑘭𑘜 𑘭𑘰𑘕𑘨𑘹 𑘎𑘨𑘜𑘹 𑘮𑘲 𑘁𑘢𑘩𑘲 𑘢𑘨𑘽𑘢𑘨𑘰 𑘁𑘮𑘹.,43
data/synthetic/images/line_0043_v029.png,सण साजरे करणे ही आपली परंपरा आहे.,𑘭𑘜 𑘭𑘰𑘕𑘨𑘹 𑘎𑘨𑘜𑘹 𑘮𑘲 𑘁𑘢𑘩𑘲 𑘢𑘨𑘽𑘢𑘨𑘰 𑘁𑘮𑘹.,43
data/synthetic/images/line_0043_v030.png,सण साजरे करणे ही आपली परंपरा आहे.,𑘭𑘜 𑘭𑘰𑘕𑘨𑘹 𑘎𑘨𑘜𑘹 𑘮𑘲 𑘁𑘢𑘩𑘲 𑘢𑘨𑘽𑘢𑘨𑘰 𑘁𑘮𑘹.,43
data/synthetic/images/line_0043_v031.png,सण साजरे करणे ही आपली परंपरा आहे.,𑘭𑘜 𑘭𑘰𑘕𑘨𑘹 𑘎𑘨𑘜𑘹 𑘮𑘲 𑘁𑘢𑘩𑘲 𑘢𑘨𑘽𑘢𑘨𑘰 𑘁𑘮𑘹.,43
data/synthetic/images/line_0043_v032.png,सण साजरे करणे ही आपली परंपरा आहे.,𑘭𑘜 𑘭𑘰𑘕𑘨𑘹 𑘎𑘨𑘜𑘹 𑘮𑘲 𑘁𑘢𑘩𑘲 𑘢𑘨𑘽𑘢𑘨𑘰 𑘁𑘮𑘹.,43
data/synthetic/images/line_0043_v033.png,सण साजरे करणे ही आपली परंपरा आहे.,𑘭𑘜 𑘭𑘰𑘕𑘨𑘹 𑘎𑘨𑘜𑘹 𑘮𑘲 𑘁𑘢𑘩𑘲 𑘢𑘨𑘽𑘢𑘨𑘰 𑘁𑘮𑘹.,43
data/synthetic/images/line_0043_v034.png,सण साजरे करणे ही आपली परंपरा आहे.,𑘭𑘜 𑘭𑘰𑘕𑘨𑘹 𑘎𑘨𑘜𑘹 𑘮𑘲 𑘁𑘢𑘩𑘲 𑘢𑘨𑘽𑘢𑘨𑘰 𑘁𑘮𑘹.,43
data/synthetic/images/line_0043_v035.png,सण साजरे करणे ही आपली परंपरा आहे.,𑘭𑘜 𑘭𑘰𑘕𑘨𑘹 𑘎𑘨𑘜𑘹 𑘮𑘲 𑘁𑘢𑘩𑘲 𑘢𑘨𑘽𑘢𑘨𑘰 𑘁𑘮𑘹.,43
data/synthetic/images/line_0043_v036.png,सण साजरे करणे ही आपली परंपरा आहे.,𑘭𑘜 𑘭𑘰𑘕𑘨𑘹 𑘎𑘨𑘜𑘹 𑘮𑘲 𑘁𑘢𑘩𑘲 𑘢𑘨𑘽𑘢𑘨𑘰 𑘁𑘮𑘹.,43
data/synthetic/images/line_0043_v037.png,सण साजरे करणे ही आपली परंपरा आहे.,𑘭𑘜 𑘭𑘰𑘕𑘨𑘹 𑘎𑘨𑘜𑘹 𑘮𑘲 𑘁𑘢𑘩𑘲 𑘢𑘨𑘽𑘢𑘨𑘰 𑘁𑘮𑘹.,43
data/synthetic/images/line_0043_v038.png,सण साजरे करणे ही आपली परंपरा आहे.,𑘭𑘜 𑘭𑘰𑘕𑘨𑘹 𑘎𑘨𑘜𑘹 𑘮𑘲 𑘁𑘢𑘩𑘲 𑘢𑘨𑘽𑘢𑘨𑘰 𑘁𑘮𑘹.,43
data/synthetic/images/line_0043_v039.png,सण साजरे करणे ही आपली परंपरा आहे.,𑘭𑘜 𑘭𑘰𑘕𑘨𑘹 𑘎𑘨𑘜𑘹 𑘮𑘲 𑘁𑘢𑘩𑘲 𑘢𑘨𑘽𑘢𑘨𑘰 𑘁𑘮𑘹.,43
data/synthetic/images/line_0044_v000.png,दिवाळी हा दिव्यांचा सण आहे.,𑘟𑘱𑘪𑘰𑘯𑘲 𑘮𑘰 𑘟𑘱𑘪𑘿𑘧𑘰𑘽𑘓𑘰 𑘭𑘜 𑘁𑘮𑘹.,44
data/synthetic/images/line_0044_v001.png,दिवाळी हा दिव्यांचा सण आहे.,𑘟𑘱𑘪𑘰𑘯𑘲 𑘮𑘰 𑘟𑘱𑘪𑘿𑘧𑘰𑘽𑘓𑘰 𑘭𑘜 𑘁𑘮𑘹.,44
data/synthetic/images/line_0044_v002.png,दिवाळी हा दिव्यांचा सण आहे.,𑘟𑘱𑘪𑘰𑘯𑘲 𑘮𑘰 𑘟𑘱𑘪𑘿𑘧𑘰𑘽𑘓𑘰 𑘭𑘜 𑘁𑘮𑘹.,44
data/synthetic/images/line_0044_v003.png,दिवाळी हा दिव्यांचा सण आहे.,𑘟𑘱𑘪𑘰𑘯𑘲 𑘮𑘰 𑘟𑘱𑘪𑘿𑘧𑘰𑘽𑘓𑘰 𑘭𑘜 𑘁𑘮𑘹.,44
data/synthetic/images/line_0044_v004.png,दिवाळी हा दिव्यांचा सण आहे.,𑘟𑘱𑘪𑘰𑘯𑘲 𑘮𑘰 𑘟𑘱𑘪𑘿𑘧𑘰𑘽𑘓𑘰 𑘭𑘜 𑘁𑘮𑘹.,44
data/synthetic/images/line_0044_v005.png,दिवाळी हा दिव्यांचा सण आहे.,𑘟𑘱𑘪𑘰𑘯𑘲 𑘮𑘰 𑘟𑘱𑘪𑘿𑘧𑘰𑘽𑘓𑘰 𑘭𑘜 𑘁𑘮𑘹.,44
data/synthetic/images/line_0044_v006.png,दिवाळी हा दिव्यांचा सण आहे.,𑘟𑘱𑘪𑘰𑘯𑘲 𑘮𑘰 𑘟𑘱𑘪𑘿𑘧𑘰𑘽𑘓𑘰 𑘭𑘜 𑘁𑘮𑘹.,44
data/synthetic/images/line_0044_v007.png,दिवाळी हा दिव्यांचा सण आहे.,𑘟𑘱𑘪𑘰𑘯𑘲 𑘮𑘰 𑘟𑘱𑘪𑘿𑘧𑘰𑘽𑘓𑘰 𑘭𑘜 𑘁𑘮𑘹.,44
data/synthetic/images/line_0044_v008.png,दिवाळी हा दिव्यांचा सण आहे.,𑘟𑘱𑘪𑘰𑘯𑘲 𑘮𑘰 𑘟𑘱𑘪𑘿𑘧𑘰𑘽𑘓𑘰 𑘭𑘜 𑘁𑘮𑘹.,44
data/synthetic/images/line_0044_v009.png,दिवाळी हा दिव्यांचा सण आहे.,𑘟𑘱𑘪𑘰𑘯𑘲 𑘮𑘰 𑘟𑘱𑘪𑘿𑘧𑘰𑘽𑘓𑘰 𑘭𑘜 𑘁𑘮𑘹.,44
data/synthetic/images/line_0044_v010.png,दिवाळी हा दिव्यांचा सण आहे.,𑘟𑘱𑘪𑘰𑘯𑘲 𑘮𑘰 𑘟𑘱𑘪𑘿𑘧𑘰𑘽𑘓𑘰 𑘭𑘜 𑘁𑘮𑘹.,44
data/synthetic/images/line_0044_v011.png,दिवाळी हा दिव्यांचा सण आहे.,𑘟𑘱𑘪𑘰𑘯𑘲 𑘮𑘰 𑘟𑘱𑘪𑘿𑘧𑘰𑘽𑘓𑘰 𑘭𑘜 𑘁𑘮𑘹.,44
data/synthetic/images/line_0044_v012.png,दिवाळी हा दिव्यांचा सण आहे.,𑘟𑘱𑘪𑘰𑘯𑘲 𑘮𑘰 𑘟𑘱𑘪𑘿𑘧𑘰𑘽𑘓𑘰 𑘭𑘜 𑘁𑘮𑘹.,44
data/synthetic/images/line_0044_v013.png,दिवाळी हा दिव्यांचा सण आहे.,𑘟𑘱𑘪𑘰𑘯𑘲 𑘮𑘰 𑘟𑘱𑘪𑘿𑘧𑘰𑘽𑘓𑘰 𑘭𑘜 𑘁𑘮𑘹.,44
data/synthetic/images/line_0044_v014.png,दिवाळी हा दिव्यांचा सण आहे.,𑘟𑘱𑘪𑘰𑘯𑘲 𑘮𑘰 𑘟𑘱𑘪𑘿𑘧𑘰𑘽𑘓𑘰 𑘭𑘜 𑘁𑘮𑘹.,44
data/synthetic/images/line_0044_v015.png,दिवाळी हा दिव्यांचा सण आहे.,𑘟𑘱𑘪𑘰𑘯𑘲 𑘮𑘰 𑘟𑘱𑘪𑘿𑘧𑘰𑘽𑘓𑘰 𑘭𑘜 𑘁𑘮𑘹.,44
data/synthetic/images/line_0044_v016.png,दिवाळी हा दिव्यांचा सण आहे.,𑘟𑘱𑘪𑘰𑘯𑘲 𑘮𑘰 𑘟𑘱𑘪𑘿𑘧𑘰𑘽𑘓𑘰 𑘭𑘜 𑘁𑘮𑘹.,44
data/synthetic/images/line_0044_v017.png,दिवाळी हा दिव्यांचा सण आहे.,𑘟𑘱𑘪𑘰𑘯𑘲 𑘮𑘰 𑘟𑘱𑘪𑘿𑘧𑘰𑘽𑘓𑘰 𑘭𑘜 𑘁𑘮𑘹.,44
data/synthetic/images/line_0044_v018.png,दिवाळी हा दिव्यांचा सण आहे.,𑘟𑘱𑘪𑘰𑘯𑘲 𑘮𑘰 𑘟𑘱𑘪𑘿𑘧𑘰𑘽𑘓𑘰 𑘭𑘜 𑘁𑘮𑘹.,44
data/synthetic/images/line_0044_v019.png,दिवाळी हा दिव्यांचा सण आहे.,𑘟𑘱𑘪𑘰𑘯𑘲 𑘮𑘰 𑘟𑘱𑘪𑘿𑘧𑘰𑘽𑘓𑘰 𑘭𑘜 𑘁𑘮𑘹.,44
data/synthetic/images/line_0044_v020.png,दिवाळी हा दिव्यांचा सण आहे.,𑘟𑘱𑘪𑘰𑘯𑘲 𑘮𑘰 𑘟𑘱𑘪𑘿𑘧𑘰𑘽𑘓𑘰 𑘭𑘜 𑘁𑘮𑘹.,44
data/synthetic/images/line_0044_v021.png,दिवाळी हा दिव्यांचा सण आहे.,𑘟𑘱𑘪𑘰𑘯𑘲 𑘮𑘰 𑘟𑘱𑘪𑘿𑘧𑘰𑘽𑘓𑘰 𑘭𑘜 𑘁𑘮𑘹.,44
data/synthetic/images/line_0044_v022.png,दिवाळी हा दिव्यांचा सण आहे.,𑘟𑘱𑘪𑘰𑘯𑘲 𑘮𑘰 𑘟𑘱𑘪𑘿𑘧𑘰𑘽𑘓𑘰 𑘭𑘜 𑘁𑘮𑘹.,44
data/synthetic/images/line_0044_v023.png,दिवाळी हा दिव्यांचा सण आहे.,𑘟𑘱𑘪𑘰𑘯𑘲 𑘮𑘰 𑘟𑘱𑘪𑘿𑘧𑘰𑘽𑘓𑘰 𑘭𑘜 𑘁𑘮𑘹.,44
data/synthetic/images/line_0044_v024.png,दिवाळी हा दिव्यांचा सण आहे.,𑘟𑘱𑘪𑘰𑘯𑘲 𑘮𑘰 𑘟𑘱𑘪𑘿𑘧𑘰𑘽𑘓𑘰 𑘭𑘜 𑘁𑘮𑘹.,44
data/synthetic/images/line_0044_v025.png,दिवाळी हा दिव्यांचा सण आहे.,𑘟𑘱𑘪𑘰𑘯𑘲 𑘮𑘰 𑘟𑘱𑘪𑘿𑘧𑘰𑘽𑘓𑘰 𑘭𑘜 𑘁𑘮𑘹.,44
data/synthetic/images/line_0044_v026.png,दिवाळी हा दिव्यांचा सण आहे.,𑘟𑘱𑘪𑘰𑘯𑘲 𑘮𑘰 𑘟𑘱𑘪𑘿𑘧𑘰𑘽𑘓𑘰 𑘭𑘜 𑘁𑘮𑘹.,44
data/synthetic/images/line_0044_v027.png,दिवाळी हा दिव्यांचा सण आहे.,𑘟𑘱𑘪𑘰𑘯𑘲 𑘮𑘰 𑘟𑘱𑘪𑘿𑘧𑘰𑘽𑘓𑘰 𑘭𑘜 𑘁𑘮𑘹.,44
data/synthetic/images/line_0044_v028.png,दिवाळी हा दिव्यांचा सण आहे.,𑘟𑘱𑘪𑘰𑘯𑘲 𑘮𑘰 𑘟𑘱𑘪𑘿𑘧𑘰𑘽𑘓𑘰 𑘭𑘜 𑘁𑘮𑘹.,44
data/synthetic/images/line_0044_v029.png,दिवाळी हा दिव्यांचा सण आहे.,𑘟𑘱𑘪𑘰𑘯𑘲 𑘮𑘰 𑘟𑘱𑘪𑘿𑘧𑘰𑘽𑘓𑘰 𑘭𑘜 𑘁𑘮𑘹.,44
data/synthetic/images/line_0044_v030.png,दिवाळी हा दिव्यांचा सण आहे.,𑘟𑘱𑘪𑘰𑘯𑘲 𑘮𑘰 𑘟𑘱𑘪𑘿𑘧𑘰𑘽𑘓𑘰 𑘭𑘜 𑘁𑘮𑘹.,44
data/synthetic/images/line_0044_v031.png,दिवाळी हा दिव्यांचा सण आहे.,𑘟𑘱𑘪𑘰𑘯𑘲 𑘮𑘰 𑘟𑘱𑘪𑘿𑘧𑘰𑘽𑘓𑘰 𑘭𑘜 𑘁𑘮𑘹.,44
data/synthetic/images/line_0044_v032.png,दिवाळी हा दिव्यांचा सण आहे.,𑘟𑘱𑘪𑘰𑘯𑘲 𑘮𑘰 𑘟𑘱𑘪𑘿𑘧𑘰𑘽𑘓𑘰 𑘭𑘜 𑘁𑘮𑘹.,44
data/synthetic/images/line_0044_v033.png,दिवाळी हा दिव्यांचा सण आहे.,𑘟𑘱𑘪𑘰𑘯𑘲 𑘮𑘰 𑘟𑘱𑘪𑘿𑘧𑘰𑘽𑘓𑘰 𑘭𑘜 𑘁𑘮𑘹.,44
data/synthetic/images/line_0044_v034.png,दिवाळी हा दिव्यांचा सण आहे.,𑘟𑘱𑘪𑘰𑘯𑘲 𑘮𑘰 𑘟𑘱𑘪𑘿𑘧𑘰𑘽𑘓𑘰 𑘭𑘜 𑘁𑘮𑘹.,44
data/synthetic/images/line_0044_v035.png,दिवाळी हा दिव्यांचा सण आहे.,𑘟𑘱𑘪𑘰𑘯𑘲 𑘮𑘰 𑘟𑘱𑘪𑘿𑘧𑘰𑘽𑘓𑘰 𑘭𑘜 𑘁𑘮𑘹.,44
data/synthetic/images/line_0044_v036.png,दिवाळी हा दिव्यांचा सण आहे.,𑘟𑘱𑘪𑘰𑘯𑘲 𑘮𑘰 𑘟𑘱𑘪𑘿𑘧𑘰𑘽𑘓𑘰 𑘭𑘜 𑘁𑘮𑘹.,44
data/synthetic/images/line_0044_v037.png,दिवाळी हा दिव्यांचा सण आहे.,𑘟𑘱𑘪𑘰𑘯𑘲 𑘮𑘰 𑘟𑘱𑘪𑘿𑘧𑘰𑘽𑘓𑘰 𑘭𑘜 𑘁𑘮𑘹.,44
data/synthetic/images/line_0044_v038.png,दिवाळी हा दिव्यांचा सण आहे.,𑘟𑘱𑘪𑘰𑘯𑘲 𑘮𑘰 𑘟𑘱𑘪𑘿𑘧𑘰𑘽𑘓𑘰 𑘭𑘜 𑘁𑘮𑘹.,44
data/synthetic/images/line_0044_v039.png,दिवाळी हा दिव्यांचा सण आहे.,𑘟𑘱𑘪𑘰𑘯𑘲 𑘮𑘰 𑘟𑘱𑘪𑘿𑘧𑘰𑘽𑘓𑘰 𑘭𑘜 𑘁𑘮𑘹.,44
data/synthetic/images/line_0045_v000.png,गणेश चतुर्थी महाराष्ट्रात मोठ्या उत्साहात साजरी होते.,𑘐𑘜𑘹𑘫 𑘓𑘝𑘳𑘨𑘿𑘞𑘲 𑘦𑘮𑘰𑘨𑘰𑘬𑘿𑘘𑘿𑘨𑘰𑘝 𑘦𑘻𑘙𑘿𑘧𑘰 𑘄𑘝𑘿𑘭𑘰𑘮𑘰𑘝 𑘭𑘰𑘕𑘨𑘲 𑘮𑘻𑘝𑘹.,45
data/synthetic/images/line_0045_v001.png,गणेश चतुर्थी महाराष्ट्रात मोठ्या उत्साहात साजरी होते.,𑘐𑘜𑘹𑘫 𑘓𑘝𑘳𑘨𑘿𑘞𑘲 𑘦𑘮𑘰𑘨𑘰𑘬𑘿𑘘𑘿𑘨𑘰𑘝 𑘦𑘻𑘙𑘿𑘧𑘰 𑘄𑘝𑘿𑘭𑘰𑘮𑘰𑘝 𑘭𑘰𑘕𑘨𑘲 𑘮𑘻𑘝𑘹.,45
data/synthetic/images/line_0045_v002.png,गणेश चतुर्थी महाराष्ट्रात मोठ्या उत्साहात साजरी होते.,𑘐𑘜𑘹𑘫 𑘓𑘝𑘳𑘨𑘿𑘞𑘲 𑘦𑘮𑘰𑘨𑘰𑘬𑘿𑘘𑘿𑘨𑘰𑘝 𑘦𑘻𑘙𑘿𑘧𑘰 𑘄𑘝𑘿𑘭𑘰𑘮𑘰𑘝 𑘭𑘰𑘕𑘨𑘲 𑘮𑘻𑘝𑘹.,45
data/synthetic/images/line_0045_v003.png,गणेश चतुर्थी महाराष्ट्रात मोठ्या उत्साहात साजरी होते.,𑘐𑘜𑘹𑘫 𑘓𑘝𑘳𑘨𑘿𑘞𑘲 𑘦𑘮𑘰𑘨𑘰𑘬𑘿𑘘𑘿𑘨𑘰𑘝 𑘦𑘻𑘙𑘿𑘧𑘰 𑘄𑘝𑘿𑘭𑘰𑘮𑘰𑘝 𑘭𑘰𑘕𑘨𑘲 𑘮𑘻𑘝𑘹.,45
data/synthetic/images/line_0045_v004.png,गणेश चतुर्थी महाराष्ट्रात मोठ्या उत्साहात साजरी होते.,𑘐𑘜𑘹𑘫 𑘓𑘝𑘳𑘨𑘿𑘞𑘲 𑘦𑘮𑘰𑘨𑘰𑘬𑘿𑘘𑘿𑘨𑘰𑘝 𑘦𑘻𑘙𑘿𑘧𑘰 𑘄𑘝𑘿𑘭𑘰𑘮𑘰𑘝 𑘭𑘰𑘕𑘨𑘲 𑘮𑘻𑘝𑘹.,45
data/synthetic/images/line_0045_v005.png,गणेश चतुर्थी महाराष्ट्रात मोठ्या उत्साहात साजरी होते.,𑘐𑘜𑘹𑘫 𑘓𑘝𑘳𑘨𑘿𑘞𑘲 𑘦𑘮𑘰𑘨𑘰𑘬𑘿𑘘𑘿𑘨𑘰𑘝 𑘦𑘻𑘙𑘿𑘧𑘰 𑘄𑘝𑘿𑘭𑘰𑘮𑘰𑘝 𑘭𑘰𑘕𑘨𑘲 𑘮𑘻𑘝𑘹.,45
data/synthetic/images/line_0045_v006.png,गणेश चतुर्थी महाराष्ट्रात मोठ्या उत्साहात साजरी होते.,𑘐𑘜𑘹𑘫 𑘓𑘝𑘳𑘨𑘿𑘞𑘲 𑘦𑘮𑘰𑘨𑘰𑘬𑘿𑘘𑘿𑘨𑘰𑘝 𑘦𑘻𑘙𑘿𑘧𑘰 𑘄𑘝𑘿𑘭𑘰𑘮𑘰𑘝 𑘭𑘰𑘕𑘨𑘲 𑘮𑘻𑘝𑘹.,45
data/synthetic/images/line_0045_v007.png,गणेश चतुर्थी महाराष्ट्रात मोठ्या उत्साहात साजरी होते.,𑘐𑘜𑘹𑘫 𑘓𑘝𑘳𑘨𑘿𑘞𑘲 𑘦𑘮𑘰𑘨𑘰𑘬𑘿𑘘𑘿𑘨𑘰𑘝 𑘦𑘻𑘙𑘿𑘧𑘰 𑘄𑘝𑘿𑘭𑘰𑘮𑘰𑘝 𑘭𑘰𑘕𑘨𑘲 𑘮𑘻𑘝𑘹.,45
data/synthetic/images/line_0045_v008.png,गणेश चतुर्थी महाराष्ट्रात मोठ्या उत्साहात साजरी होते.,𑘐𑘜𑘹𑘫 𑘓𑘝𑘳𑘨𑘿𑘞𑘲 𑘦𑘮𑘰𑘨𑘰𑘬𑘿𑘘𑘿𑘨𑘰𑘝 𑘦𑘻𑘙𑘿𑘧𑘰 𑘄𑘝𑘿𑘭𑘰𑘮𑘰𑘝 𑘭𑘰𑘕𑘨𑘲 𑘮𑘻𑘝𑘹.,45
data/synthetic/images/line_0045_v009.png,गणेश चतुर्थी महाराष्ट्रात मोठ्या उत्साहात साजरी होते.,𑘐𑘜𑘹𑘫 𑘓𑘝𑘳𑘨𑘿𑘞𑘲 𑘦𑘮𑘰𑘨𑘰𑘬𑘿𑘘𑘿𑘨𑘰𑘝 𑘦𑘻𑘙𑘿𑘧𑘰 𑘄𑘝𑘿𑘭𑘰𑘮𑘰𑘝 𑘭𑘰𑘕𑘨𑘲 𑘮𑘻𑘝𑘹.,45
data/synthetic/images/line_0045_v010.png,गणेश चतुर्थी महाराष्ट्रात मोठ्या उत्साहात साजरी होते.,𑘐𑘜𑘹𑘫 𑘓𑘝𑘳𑘨𑘿𑘞𑘲 𑘦𑘮𑘰𑘨𑘰𑘬𑘿𑘘𑘿𑘨𑘰𑘝 𑘦𑘻𑘙𑘿𑘧𑘰 𑘄𑘝𑘿𑘭𑘰𑘮𑘰𑘝 𑘭𑘰𑘕𑘨𑘲 𑘮𑘻𑘝𑘹.,45
data/synthetic/images/line_0045_v011.png,गणेश चतुर्थी महाराष्ट्रात मोठ्या उत्साहात साजरी होते.,𑘐𑘜𑘹𑘫 𑘓𑘝𑘳𑘨𑘿𑘞𑘲 𑘦𑘮𑘰𑘨𑘰𑘬𑘿𑘘𑘿𑘨𑘰𑘝 𑘦𑘻𑘙𑘿𑘧𑘰 𑘄𑘝𑘿𑘭𑘰𑘮𑘰𑘝 𑘭𑘰𑘕𑘨𑘲 𑘮𑘻𑘝𑘹.,45
data/synthetic/images/line_0045_v012.png,गणेश चतुर्थी महाराष्ट्रात मोठ्या उत्साहात साजरी होते.,𑘐𑘜𑘹𑘫 𑘓𑘝𑘳𑘨𑘿𑘞𑘲 𑘦𑘮𑘰𑘨𑘰𑘬𑘿𑘘𑘿𑘨𑘰𑘝 𑘦𑘻𑘙𑘿𑘧𑘰 𑘄𑘝𑘿𑘭𑘰𑘮𑘰𑘝 𑘭𑘰𑘕𑘨𑘲 𑘮𑘻𑘝𑘹.,45
data/synthetic/images/line_0045_v013.png,गणेश चतुर्थी महाराष्ट्रात मोठ्या उत्साहात साजरी होते.,𑘐𑘜𑘹𑘫 𑘓𑘝𑘳𑘨𑘿𑘞𑘲 𑘦𑘮𑘰𑘨𑘰𑘬𑘿𑘘𑘿𑘨𑘰𑘝 𑘦𑘻𑘙𑘿𑘧𑘰 𑘄𑘝𑘿𑘭𑘰𑘮𑘰𑘝 𑘭𑘰𑘕𑘨𑘲 𑘮𑘻𑘝𑘹.,45
data/synthetic/images/line_0045_v014.png,गणेश चतुर्थी महाराष्ट्रात मोठ्या उत्साहात साजरी होते.,𑘐𑘜𑘹𑘫 𑘓𑘝𑘳𑘨𑘿𑘞𑘲 𑘦𑘮𑘰𑘨𑘰𑘬𑘿𑘘𑘿𑘨𑘰𑘝 𑘦𑘻𑘙𑘿𑘧𑘰 𑘄𑘝𑘿𑘭𑘰𑘮𑘰𑘝 𑘭𑘰𑘕𑘨𑘲 𑘮𑘻𑘝𑘹.,45
data/synthetic/images/line_0045_v015.png,गणेश चतुर्थी महाराष्ट्रात मोठ्या उत्साहात साजरी होते.,𑘐𑘜𑘹𑘫 𑘓𑘝𑘳𑘨𑘿𑘞𑘲 𑘦𑘮𑘰𑘨𑘰𑘬𑘿𑘘𑘿𑘨𑘰𑘝 𑘦𑘻𑘙𑘿𑘧𑘰 𑘄𑘝𑘿𑘭𑘰𑘮𑘰𑘝 𑘭𑘰𑘕𑘨𑘲 𑘮𑘻𑘝𑘹.,45
data/synthetic/images/line_0045_v016.png,गणेश चतुर्थी महाराष्ट्रात मोठ्या उत्साहात साजरी होते.,𑘐𑘜𑘹𑘫 𑘓𑘝𑘳𑘨𑘿𑘞𑘲 𑘦𑘮𑘰𑘨𑘰𑘬𑘿𑘘𑘿𑘨𑘰𑘝 𑘦𑘻𑘙𑘿𑘧𑘰 𑘄𑘝𑘿𑘭𑘰𑘮𑘰𑘝 𑘭𑘰𑘕𑘨𑘲 𑘮𑘻𑘝𑘹.,45
data/synthetic/images/line_0045_v017.png,गणेश चतुर्थी महाराष्ट्रात मोठ्या उत्साहात साजरी होते.,𑘐𑘜𑘹𑘫 𑘓𑘝𑘳𑘨𑘿𑘞𑘲 𑘦𑘮𑘰𑘨𑘰𑘬𑘿𑘘𑘿𑘨𑘰𑘝 𑘦𑘻𑘙𑘿𑘧𑘰 𑘄𑘝𑘿𑘭𑘰𑘮𑘰𑘝 𑘭𑘰𑘕𑘨𑘲 𑘮𑘻𑘝𑘹.,45
data/synthetic/images/line_0045_v018.png,गणेश चतुर्थी महाराष्ट्रात मोठ्या उत्साहात साजरी होते.,𑘐𑘜𑘹𑘫 𑘓𑘝𑘳𑘨𑘿𑘞𑘲 𑘦𑘮𑘰𑘨𑘰𑘬𑘿𑘘𑘿𑘨𑘰𑘝 𑘦𑘻𑘙𑘿𑘧𑘰 𑘄𑘝𑘿𑘭𑘰𑘮𑘰𑘝 𑘭𑘰𑘕𑘨𑘲 𑘮𑘻𑘝𑘹.,45
data/synthetic/images/line_0045_v019.png,गणेश चतुर्थी महाराष्ट्रात मोठ्या उत्साहात साजरी होते.,𑘐𑘜𑘹𑘫 𑘓𑘝𑘳𑘨𑘿𑘞𑘲 𑘦𑘮𑘰𑘨𑘰𑘬𑘿𑘘𑘿𑘨𑘰𑘝 𑘦𑘻𑘙𑘿𑘧𑘰 𑘄𑘝𑘿𑘭𑘰𑘮𑘰𑘝 𑘭𑘰𑘕𑘨𑘲 𑘮𑘻𑘝𑘹.,45
data/synthetic/images/line_0045_v020.png,गणेश चतुर्थी महाराष्ट्रात मोठ्या उत्साहात साजरी होते.,𑘐𑘜𑘹𑘫 𑘓𑘝𑘳𑘨𑘿𑘞𑘲 𑘦𑘮𑘰𑘨𑘰𑘬𑘿𑘘𑘿𑘨𑘰𑘝 𑘦𑘻𑘙𑘿𑘧𑘰 𑘄𑘝𑘿𑘭𑘰𑘮𑘰𑘝 𑘭𑘰𑘕𑘨𑘲 𑘮𑘻𑘝𑘹.,45
data/synthetic/images/line_0045_v021.png,गणेश चतुर्थी महाराष्ट्रात मोठ्या उत्साहात साजरी होते.,𑘐𑘜𑘹𑘫 𑘓𑘝𑘳𑘨𑘿𑘞𑘲 𑘦𑘮𑘰𑘨𑘰𑘬𑘿𑘘𑘿𑘨𑘰𑘝 𑘦𑘻𑘙𑘿𑘧𑘰 𑘄𑘝𑘿𑘭𑘰𑘮𑘰𑘝 𑘭𑘰𑘕𑘨𑘲 𑘮𑘻𑘝𑘹.,45
data/synthetic/images/line_0045_v022.png,गणेश चतुर्थी महाराष्ट्रात मोठ्या उत्साहात साजरी होते.,𑘐𑘜𑘹𑘫 𑘓𑘝𑘳𑘨𑘿𑘞𑘲 𑘦𑘮𑘰𑘨𑘰𑘬𑘿𑘘𑘿𑘨𑘰𑘝 𑘦𑘻𑘙𑘿𑘧𑘰 𑘄𑘝𑘿𑘭𑘰𑘮𑘰𑘝 𑘭𑘰𑘕𑘨𑘲 𑘮𑘻𑘝𑘹.,45
data/synthetic/images/line_0045_v023.png,गणेश चतुर्थी महाराष्ट्रात मोठ्या उत्साहात साजरी होते.,𑘐𑘜𑘹𑘫 𑘓𑘝𑘳𑘨𑘿𑘞𑘲 𑘦𑘮𑘰𑘨𑘰𑘬𑘿𑘘𑘿𑘨𑘰𑘝 𑘦𑘻𑘙𑘿𑘧𑘰 𑘄𑘝𑘿𑘭𑘰𑘮𑘰𑘝 𑘭𑘰𑘕𑘨𑘲 𑘮𑘻𑘝𑘹.,45
data/synthetic/images/line_0045_v024.png,गणेश चतुर्थी महाराष्ट्रात मोठ्या उत्साहात साजरी होते.,𑘐𑘜𑘹𑘫 𑘓𑘝𑘳𑘨𑘿𑘞𑘲 𑘦𑘮𑘰𑘨𑘰𑘬𑘿𑘘𑘿𑘨𑘰𑘝 𑘦𑘻𑘙𑘿𑘧𑘰 𑘄𑘝𑘿𑘭𑘰𑘮𑘰𑘝 𑘭𑘰𑘕𑘨𑘲 𑘮𑘻𑘝𑘹.,45
data/synthetic/images/line_0045_v025.png,गणेश चतुर्थी महाराष्ट्रात मोठ्या उत्साहात साजरी होते.,𑘐𑘜𑘹𑘫 𑘓𑘝𑘳𑘨𑘿𑘞𑘲 𑘦𑘮𑘰𑘨𑘰𑘬𑘿𑘘𑘿𑘨𑘰𑘝 𑘦𑘻𑘙𑘿𑘧𑘰 𑘄𑘝𑘿𑘭𑘰𑘮𑘰𑘝 𑘭𑘰𑘕𑘨𑘲 𑘮𑘻𑘝𑘹.,45
data/synthetic/images/line_0045_v026.png,गणेश चतुर्थी महाराष्ट्रात मोठ्या उत्साहात साजरी होते.,𑘐𑘜𑘹𑘫 𑘓𑘝𑘳𑘨𑘿𑘞𑘲 𑘦𑘮𑘰𑘨𑘰𑘬𑘿𑘘𑘿𑘨𑘰𑘝 𑘦𑘻𑘙𑘿𑘧𑘰 𑘄𑘝𑘿𑘭𑘰𑘮𑘰𑘝 𑘭𑘰𑘕𑘨𑘲 𑘮𑘻𑘝𑘹.,45
data/synthetic/images/line_0045_v027.png,गणेश चतुर्थी महाराष्ट्रात मोठ्या उत्साहात साजरी होते.,𑘐𑘜𑘹𑘫 𑘓𑘝𑘳𑘨𑘿𑘞𑘲 𑘦𑘮𑘰𑘨𑘰𑘬𑘿𑘘𑘿𑘨𑘰𑘝 𑘦𑘻𑘙𑘿𑘧𑘰 𑘄𑘝𑘿𑘭𑘰𑘮𑘰𑘝 𑘭𑘰𑘕𑘨𑘲 𑘮𑘻𑘝𑘹.,45
data/synthetic/images/line_0045_v028.png,गणेश चतुर्थी महाराष्ट्रात मोठ्या उत्साहात साजरी होते.,𑘐𑘜𑘹𑘫 𑘓𑘝𑘳𑘨𑘿𑘞𑘲 𑘦𑘮𑘰𑘨𑘰𑘬𑘿𑘘𑘿𑘨𑘰𑘝 𑘦𑘻𑘙𑘿𑘧𑘰 𑘄𑘝𑘿𑘭𑘰𑘮𑘰𑘝 𑘭𑘰𑘕𑘨𑘲 𑘮𑘻𑘝𑘹.,45
data/synthetic/images/line_0045_v029.png,गणेश चतुर्थी महाराष्ट्रात मोठ्या उत्साहात साजरी होते.,𑘐𑘜𑘹𑘫 𑘓𑘝𑘳𑘨𑘿𑘞𑘲 𑘦𑘮𑘰𑘨𑘰𑘬𑘿𑘘𑘿𑘨𑘰𑘝 𑘦𑘻𑘙𑘿𑘧𑘰 𑘄𑘝𑘿𑘭𑘰𑘮𑘰𑘝 𑘭𑘰𑘕𑘨𑘲 𑘮𑘻𑘝𑘹.,45
data/synthetic/images/line_0045_v030.png,गणेश चतुर्थी महाराष्ट्रात मोठ्या उत्साहात साजरी होते.,𑘐𑘜𑘹𑘫 𑘓𑘝𑘳𑘨𑘿𑘞𑘲 𑘦𑘮𑘰𑘨𑘰𑘬𑘿𑘘𑘿𑘨𑘰𑘝 𑘦𑘻𑘙𑘿𑘧𑘰 𑘄𑘝𑘿𑘭𑘰𑘮𑘰𑘝 𑘭𑘰𑘕𑘨𑘲 𑘮𑘻𑘝𑘹.,45
data/synthetic/images/line_0045_v031.png,गणेश चतुर्थी महाराष्ट्रात मोठ्या उत्साहात साजरी होते.,𑘐𑘜𑘹𑘫 𑘓𑘝𑘳𑘨𑘿𑘞𑘲 𑘦𑘮𑘰𑘨𑘰𑘬𑘿𑘘𑘿𑘨𑘰𑘝 𑘦𑘻𑘙𑘿𑘧𑘰 𑘄𑘝𑘿𑘭𑘰𑘮𑘰𑘝 𑘭𑘰𑘕𑘨𑘲 𑘮𑘻𑘝𑘹.,45
data/synthetic/images/line_0045_v032.png,गणेश चतुर्थी महाराष्ट्रात मोठ्या उत्साहात साजरी होते.,𑘐𑘜𑘹𑘫 𑘓𑘝𑘳𑘨𑘿𑘞𑘲 𑘦𑘮𑘰𑘨𑘰𑘬𑘿𑘘𑘿𑘨𑘰𑘝 𑘦𑘻𑘙𑘿𑘧𑘰 𑘄𑘝𑘿𑘭𑘰𑘮𑘰𑘝 𑘭𑘰𑘕𑘨𑘲 𑘮𑘻𑘝𑘹.,45
data/synthetic/images/line_0045_v033.png,गणेश चतुर्थी महाराष्ट्रात मोठ्या उत्साहात साजरी होते.,𑘐𑘜𑘹𑘫 𑘓𑘝𑘳𑘨𑘿𑘞𑘲 𑘦𑘮𑘰𑘨𑘰𑘬𑘿𑘘𑘿𑘨𑘰𑘝 𑘦𑘻𑘙𑘿𑘧𑘰 𑘄𑘝𑘿𑘭𑘰𑘮𑘰𑘝 𑘭𑘰𑘕𑘨𑘲 𑘮𑘻𑘝𑘹.,45
data/synthetic/images/line_0045_v034.png,गणेश चतुर्थी महाराष्ट्रात मोठ्या उत्साहात साजरी होते.,𑘐𑘜𑘹𑘫 𑘓𑘝𑘳𑘨𑘿𑘞𑘲 𑘦𑘮𑘰𑘨𑘰𑘬𑘿𑘘𑘿𑘨𑘰𑘝 𑘦𑘻𑘙𑘿𑘧𑘰 𑘄𑘝𑘿𑘭𑘰𑘮𑘰𑘝 𑘭𑘰𑘕𑘨𑘲 𑘮𑘻𑘝𑘹.,45
data/synthetic/images/line_0045_v035.png,गणेश चतुर्थी महाराष्ट्रात मोठ्या उत्साहात साजरी होते.,𑘐𑘜𑘹𑘫 𑘓𑘝𑘳𑘨𑘿𑘞𑘲 𑘦𑘮𑘰𑘨𑘰𑘬𑘿𑘘𑘿𑘨𑘰𑘝 𑘦𑘻𑘙𑘿𑘧𑘰 𑘄𑘝𑘿𑘭𑘰𑘮𑘰𑘝 𑘭𑘰𑘕𑘨𑘲 𑘮𑘻𑘝𑘹.,45
data/synthetic/images/line_0045_v036.png,गणेश चतुर्थी महाराष्ट्रात मोठ्या उत्साहात साजरी होते.,𑘐𑘜𑘹𑘫 𑘓𑘝𑘳𑘨𑘿𑘞𑘲 𑘦𑘮𑘰𑘨𑘰𑘬𑘿𑘘𑘿𑘨𑘰𑘝 𑘦𑘻𑘙𑘿𑘧𑘰 𑘄𑘝𑘿𑘭𑘰𑘮𑘰𑘝 𑘭𑘰𑘕𑘨𑘲 𑘮𑘻𑘝𑘹.,45
data/synthetic/images/line_0045_v037.png,गणेश चतुर्थी महाराष्ट्रात मोठ्या उत्साहात साजरी होते.,𑘐𑘜𑘹𑘫 𑘓𑘝𑘳𑘨𑘿𑘞𑘲 𑘦𑘮𑘰𑘨𑘰𑘬𑘿𑘘𑘿𑘨𑘰𑘝 𑘦𑘻𑘙𑘿𑘧𑘰 𑘄𑘝𑘿𑘭𑘰𑘮𑘰𑘝 𑘭𑘰𑘕𑘨𑘲 𑘮𑘻𑘝𑘹.,45
data/synthetic/images/line_0045_v038.png,गणेश चतुर्थी महाराष्ट्रात मोठ्या उत्साहात साजरी होते.,𑘐𑘜𑘹𑘫 𑘓𑘝𑘳𑘨𑘿𑘞𑘲 𑘦𑘮𑘰𑘨𑘰𑘬𑘿𑘘𑘿𑘨𑘰𑘝 𑘦𑘻𑘙𑘿𑘧𑘰 𑘄𑘝𑘿𑘭𑘰𑘮𑘰𑘝 𑘭𑘰𑘕𑘨𑘲 𑘮𑘻𑘝𑘹.,45
data/synthetic/images/line_0045_v039.png,गणेश चतुर्थी महाराष्ट्रात मोठ्या उत्साहात साजरी होते.,𑘐𑘜𑘹𑘫 𑘓𑘝𑘳𑘨𑘿𑘞𑘲 𑘦𑘮𑘰𑘨𑘰𑘬𑘿𑘘𑘿𑘨𑘰𑘝 𑘦𑘻𑘙𑘿𑘧𑘰 𑘄𑘝𑘿𑘭𑘰𑘮𑘰𑘝 𑘭𑘰𑘕𑘨𑘲 𑘮𑘻𑘝𑘹.,45
data/synthetic/images/line_0046_v000.png,होळी हा रंगांचा सण आहे.,𑘮𑘻𑘯𑘲 𑘮𑘰 𑘨𑘽𑘐𑘰𑘽𑘓𑘰 𑘭𑘜 𑘁𑘮𑘹.,46
data/synthetic/images/line_0046_v001.png,होळी हा रंगांचा सण आहे.,𑘮𑘻𑘯𑘲 𑘮𑘰 𑘨𑘽𑘐𑘰𑘽𑘓𑘰 𑘭𑘜 𑘁𑘮𑘹.,46
data/synthetic/images/line_0046_v002.png,होळी हा रंगांचा सण आहे.,𑘮𑘻𑘯𑘲 𑘮𑘰 𑘨𑘽𑘐𑘰𑘽𑘓𑘰 𑘭𑘜 𑘁𑘮𑘹.,46
data/synthetic/images/line_0046_v003.png,होळी हा रंगांचा सण आहे.,𑘮𑘻𑘯𑘲 𑘮𑘰 𑘨𑘽𑘐𑘰𑘽𑘓𑘰 𑘭𑘜 𑘁𑘮𑘹.,46
data/synthetic/images/line_0046_v004.png,होळी हा रंगांचा सण आहे.,𑘮𑘻𑘯𑘲 𑘮𑘰 𑘨𑘽𑘐𑘰𑘽𑘓𑘰 𑘭𑘜 𑘁𑘮𑘹.,46
data/synthetic/images/line_0046_v005.png,होळी हा रंगांचा सण आहे.,𑘮𑘻𑘯𑘲 𑘮𑘰 𑘨𑘽𑘐𑘰𑘽𑘓𑘰 𑘭𑘜 𑘁𑘮𑘹.,46
data/synthetic/images/line_0046_v006.png,होळी हा रंगांचा सण आहे.,𑘮𑘻𑘯𑘲 𑘮𑘰 𑘨𑘽𑘐𑘰𑘽𑘓𑘰 𑘭𑘜 𑘁𑘮𑘹.,46
data/synthetic/images/line_0046_v007.png,होळी हा रंगांचा सण आहे.,𑘮𑘻𑘯𑘲 𑘮𑘰 𑘨𑘽𑘐𑘰𑘽𑘓𑘰 𑘭𑘜 𑘁𑘮𑘹.,46
data/synthetic/images/line_0046_v008.png,होळी हा रंगांचा सण आहे.,𑘮𑘻𑘯𑘲 𑘮𑘰 𑘨𑘽𑘐𑘰𑘽𑘓𑘰 𑘭𑘜 𑘁𑘮𑘹.,46
data/synthetic/images/line_0046_v009.png,होळी हा रंगांचा सण आहे.,𑘮𑘻𑘯𑘲 𑘮𑘰 𑘨𑘽𑘐𑘰𑘽𑘓𑘰 𑘭𑘜 𑘁𑘮𑘹.,46
data/synthetic/images/line_0046_v010.png,होळी हा रंगांचा सण आहे.,𑘮𑘻𑘯𑘲 𑘮𑘰 𑘨𑘽𑘐𑘰𑘽𑘓𑘰 𑘭𑘜 𑘁𑘮𑘹.,46
data/synthetic/images/line_0046_v011.png,होळी हा रंगांचा सण आहे.,𑘮𑘻𑘯𑘲 𑘮𑘰 𑘨𑘽𑘐𑘰𑘽𑘓𑘰 𑘭𑘜 𑘁𑘮𑘹.,46
data/synthetic/images/line_0046_v012.png,होळी हा रंगांचा सण आहे.,𑘮𑘻𑘯𑘲 𑘮𑘰 𑘨𑘽𑘐𑘰𑘽𑘓𑘰 𑘭𑘜 𑘁𑘮𑘹.,46
data/synthetic/images/line_0046_v013.png,होळी हा रंगांचा सण आहे.,𑘮𑘻𑘯𑘲 𑘮𑘰 𑘨𑘽𑘐𑘰𑘽𑘓𑘰 𑘭𑘜 𑘁𑘮𑘹.,46
data/synthetic/images/line_0046_v014.png,होळी हा रंगांचा सण आहे.,𑘮𑘻𑘯𑘲 𑘮𑘰 𑘨𑘽𑘐𑘰𑘽𑘓𑘰 𑘭𑘜 𑘁𑘮𑘹.,46
data/synthetic/images/line_0046_v015.png,होळी हा रंगांचा सण आहे.,𑘮𑘻𑘯𑘲 𑘮𑘰 𑘨𑘽𑘐𑘰𑘽𑘓𑘰 𑘭𑘜 𑘁𑘮𑘹.,46
data/synthetic/images/line_0046_v016.png,होळी हा रंगांचा सण आहे.,𑘮𑘻𑘯𑘲 𑘮𑘰 𑘨𑘽𑘐𑘰𑘽𑘓𑘰 𑘭𑘜 𑘁𑘮𑘹.,46
data/synthetic/images/line_0046_v017.png,होळी हा रंगांचा सण आहे.,𑘮𑘻𑘯𑘲 𑘮𑘰 𑘨𑘽𑘐𑘰𑘽𑘓𑘰 𑘭𑘜 𑘁𑘮𑘹.,46
data/synthetic/images/line_0046_v018.png,होळी हा रंगांचा सण आहे.,𑘮𑘻𑘯𑘲 𑘮𑘰 𑘨𑘽𑘐𑘰𑘽𑘓𑘰 𑘭𑘜 𑘁𑘮𑘹.,46
data/synthetic/images/line_0046_v019.png,होळी हा रंगांचा सण आहे.,𑘮𑘻𑘯𑘲 𑘮𑘰 𑘨𑘽𑘐𑘰𑘽𑘓𑘰 𑘭𑘜 𑘁𑘮𑘹.,46
data/synthetic/images/line_0046_v020.png,होळी हा रंगांचा सण आहे.,𑘮𑘻𑘯𑘲 𑘮𑘰 𑘨𑘽𑘐𑘰𑘽𑘓𑘰 𑘭𑘜 𑘁𑘮𑘹.,46
data/synthetic/images/line_0046_v021.png,होळी हा रंगांचा सण आहे.,𑘮𑘻𑘯𑘲 𑘮𑘰 𑘨𑘽𑘐𑘰𑘽𑘓𑘰 𑘭𑘜 𑘁𑘮𑘹.,46
data/synthetic/images/line_0046_v022.png,होळी हा रंगांचा सण आहे.,𑘮𑘻𑘯𑘲 𑘮𑘰 𑘨𑘽𑘐𑘰𑘽𑘓𑘰 𑘭𑘜 𑘁𑘮𑘹.,46
data/synthetic/images/line_0046_v023.png,होळी हा रंगांचा सण आहे.,𑘮𑘻𑘯𑘲 𑘮𑘰 𑘨𑘽𑘐𑘰𑘽𑘓𑘰 𑘭𑘜 𑘁𑘮𑘹.,46
data/synthetic/images/line_0046_v024.png,होळी हा रंगांचा सण आहे.,𑘮𑘻𑘯𑘲 𑘮𑘰 𑘨𑘽𑘐𑘰𑘽𑘓𑘰 𑘭𑘜 𑘁𑘮𑘹.,46
data/synthetic/images/line_0046_v025.png,होळी हा रंगांचा सण आहे.,𑘮𑘻𑘯𑘲 𑘮𑘰 𑘨𑘽𑘐𑘰𑘽𑘓𑘰 𑘭𑘜 𑘁𑘮𑘹.,46
data/synthetic/images/line_0046_v026.png,होळी हा रंगांचा सण आहे.,𑘮𑘻𑘯𑘲 𑘮𑘰 𑘨𑘽𑘐𑘰𑘽𑘓𑘰 𑘭𑘜 𑘁𑘮𑘹.,46
data/synthetic/images/line_0046_v027.png,होळी हा रंगांचा सण आहे.,𑘮𑘻𑘯𑘲 𑘮𑘰 𑘨𑘽𑘐𑘰𑘽𑘓𑘰 𑘭𑘜 𑘁𑘮𑘹.,46
data/synthetic/images/line_0046_v028.png,होळी हा रंगांचा सण आहे.,𑘮𑘻𑘯𑘲 𑘮𑘰 𑘨𑘽𑘐𑘰𑘽𑘓𑘰 𑘭𑘜 𑘁𑘮𑘹.,46
data/synthetic/images/line_0046_v029.png,होळी हा रंगांचा सण आहे.,𑘮𑘻𑘯𑘲 𑘮𑘰 𑘨𑘽𑘐𑘰𑘽𑘓𑘰 𑘭𑘜 𑘁𑘮𑘹.,46
data/synthetic/images/line_0046_v030.png,होळी हा रंगांचा सण आहे.,𑘮𑘻𑘯𑘲 𑘮𑘰 𑘨𑘽𑘐𑘰𑘽𑘓𑘰 𑘭𑘜 𑘁𑘮𑘹.,46
data/synthetic/images/line_0046_v031.png,होळी हा रंगांचा सण आहे.,𑘮𑘻𑘯𑘲 𑘮𑘰 𑘨𑘽𑘐𑘰𑘽𑘓𑘰 𑘭𑘜 𑘁𑘮𑘹.,46
data/synthetic/images/line_0046_v032.png,होळी हा रंगांचा सण आहे.,𑘮𑘻𑘯𑘲 𑘮𑘰 𑘨𑘽𑘐𑘰𑘽𑘓𑘰 𑘭𑘜 𑘁𑘮𑘹.,46
data/synthetic/images/line_0046_v033.png,होळी हा रंगांचा सण आहे.,𑘮𑘻𑘯𑘲 𑘮𑘰 𑘨𑘽𑘐𑘰𑘽𑘓𑘰 𑘭𑘜 𑘁𑘮𑘹.,46
data/synthetic/images/line_0046_v034.png,होळी हा रंगांचा सण आहे.,𑘮𑘻𑘯𑘲 𑘮𑘰 𑘨𑘽𑘐𑘰𑘽𑘓𑘰 𑘭𑘜 𑘁𑘮𑘹.,46
data/synthetic/images/line_0046_v035.png,होळी हा रंगांचा सण आहे.,𑘮𑘻𑘯𑘲 𑘮𑘰 𑘨𑘽𑘐𑘰𑘽𑘓𑘰 𑘭𑘜 𑘁𑘮𑘹.,46
data/synthetic/images/line_0046_v036.png,होळी हा रंगांचा सण आहे.,𑘮𑘻𑘯𑘲 𑘮𑘰 𑘨𑘽𑘐𑘰𑘽𑘓𑘰 𑘭𑘜 𑘁𑘮𑘹.,46
data/synthetic/images/line_0046_v037.png,होळी हा रंगांचा सण आहे.,𑘮𑘻𑘯𑘲 𑘮𑘰 𑘨𑘽𑘐𑘰𑘽𑘓𑘰 𑘭𑘜 𑘁𑘮𑘹.,46
data/synthetic/images/line_0046_v038.png,होळी हा रंगांचा सण आहे.,𑘮𑘻𑘯𑘲 𑘮𑘰 𑘨𑘽𑘐𑘰𑘽𑘓𑘰 𑘭𑘜 𑘁𑘮𑘹.,46
data/synthetic/images/line_0046_v039.png,होळी हा रंगांचा सण आहे.,𑘮𑘻𑘯𑘲 𑘮𑘰 𑘨𑘽𑘐𑘰𑘽𑘓𑘰 𑘭𑘜 𑘁𑘮𑘹.,46
data/synthetic/images/line_0047_v000.png,मंदिरात दर्शनासाठी लोक जातात.,𑘦𑘽𑘟𑘱𑘨𑘰𑘝 𑘟𑘨𑘿𑘫𑘡𑘰𑘭𑘰𑘙𑘲 𑘩𑘻𑘎 𑘕𑘰𑘝𑘰𑘝.,47
data/synthetic/images/line_0047_v001.png,मंदिरात दर्शनासाठी लोक जातात.,𑘦𑘽𑘟𑘱𑘨𑘰𑘝 𑘟𑘨𑘿𑘫𑘡𑘰𑘭𑘰𑘙𑘲 𑘩𑘻𑘎 𑘕𑘰𑘝𑘰𑘝.,47
data/synthetic/images/line_0047_v002.png,मंदिरात दर्शनासाठी लोक जातात.,𑘦𑘽𑘟𑘱𑘨𑘰𑘝 𑘟𑘨𑘿𑘫𑘡𑘰𑘭𑘰𑘙𑘲 𑘩𑘻𑘎 𑘕𑘰𑘝𑘰𑘝.,47
data/synthetic/images/line_0047_v003.png,मंदिरात दर्शनासाठी लोक जातात.,𑘦𑘽𑘟𑘱𑘨𑘰𑘝 𑘟𑘨𑘿𑘫𑘡𑘰𑘭𑘰𑘙𑘲 𑘩𑘻𑘎 𑘕𑘰𑘝𑘰𑘝.,47
data/synthetic/images/line_0047_v004.png,मंदिरात दर्शनासाठी लोक जातात.,𑘦𑘽𑘟𑘱𑘨𑘰𑘝 𑘟𑘨𑘿𑘫𑘡𑘰𑘭𑘰𑘙𑘲 𑘩𑘻𑘎 𑘕𑘰𑘝𑘰𑘝.,47
data/synthetic/images/line_0047_v005.png,मंदिरात दर्शनासाठी लोक जातात.,𑘦𑘽𑘟𑘱𑘨𑘰𑘝 𑘟𑘨𑘿𑘫𑘡𑘰𑘭𑘰𑘙𑘲 𑘩𑘻𑘎 𑘕𑘰𑘝𑘰𑘝.,47
data/synthetic/images/line_0047_v006.png,मंदिरात दर्शनासाठी लोक जातात.,𑘦𑘽𑘟𑘱𑘨𑘰𑘝 𑘟𑘨𑘿𑘫𑘡𑘰𑘭𑘰𑘙𑘲 𑘩𑘻𑘎 𑘕𑘰𑘝𑘰𑘝.,47
data/synthetic/images/line_0047_v007.png,मंदिरात दर्शनासाठी लोक जातात.,𑘦𑘽𑘟𑘱𑘨𑘰𑘝 𑘟𑘨𑘿𑘫𑘡𑘰𑘭𑘰𑘙𑘲 𑘩𑘻𑘎 𑘕𑘰𑘝𑘰𑘝.,47
data/synthetic/images/line_0047_v008.png,मंदिरात दर्शनासाठी लोक जातात.,𑘦𑘽𑘟𑘱𑘨𑘰𑘝 𑘟𑘨𑘿𑘫𑘡𑘰𑘭𑘰𑘙𑘲 𑘩𑘻𑘎 𑘕𑘰𑘝𑘰𑘝.,47
data/synthetic/images/line_0047_v009.png,मंदिरात दर्शनासाठी लोक जातात.,𑘦𑘽𑘟𑘱𑘨𑘰𑘝 𑘟𑘨𑘿𑘫𑘡𑘰𑘭𑘰𑘙𑘲 𑘩𑘻𑘎 𑘕𑘰𑘝𑘰𑘝.,47
data/synthetic/images/line_0047_v010.png,मंदिरात दर्शनासाठी लोक जातात.,𑘦𑘽𑘟𑘱𑘨𑘰𑘝 𑘟𑘨𑘿𑘫𑘡𑘰𑘭𑘰𑘙𑘲 𑘩𑘻𑘎 𑘕𑘰𑘝𑘰𑘝.,47
data/synthetic/images/line_0047_v011.png,मंदिरात दर्शनासाठी लोक जातात.,𑘦𑘽𑘟𑘱𑘨𑘰𑘝 𑘟𑘨𑘿𑘫𑘡𑘰𑘭𑘰𑘙𑘲 𑘩𑘻𑘎 𑘕𑘰𑘝𑘰𑘝.,47
data/synthetic/images/line_0047_v012.png,मंदिरात दर्शनासाठी लोक जातात.,𑘦𑘽𑘟𑘱𑘨𑘰𑘝 𑘟𑘨𑘿𑘫𑘡𑘰𑘭𑘰𑘙𑘲 𑘩𑘻𑘎 𑘕𑘰𑘝𑘰𑘝.,47
data/synthetic/images/line_0047_v013.png,मंदिरात दर्शनासाठी लोक जातात.,𑘦𑘽𑘟𑘱𑘨𑘰𑘝 𑘟𑘨𑘿𑘫𑘡𑘰𑘭𑘰𑘙𑘲 𑘩𑘻𑘎 𑘕𑘰𑘝𑘰𑘝.,47
data/synthetic/images/line_0047_v014.png,मंदिरात दर्शनासाठी लोक जातात.,𑘦𑘽𑘟𑘱𑘨𑘰𑘝 𑘟𑘨𑘿𑘫𑘡𑘰𑘭𑘰𑘙𑘲 𑘩𑘻𑘎 𑘕𑘰𑘝𑘰𑘝.,47
data/synthetic/images/line_0047_v015.png,मंदिरात दर्शनासाठी लोक जातात.,𑘦𑘽𑘟𑘱𑘨𑘰𑘝 𑘟𑘨𑘿𑘫𑘡𑘰𑘭𑘰𑘙𑘲 𑘩𑘻𑘎 𑘕𑘰𑘝𑘰𑘝.,47
data/synthetic/images/line_0047_v016.png,मंदिरात दर्शनासाठी लोक जातात.,𑘦𑘽𑘟𑘱𑘨𑘰𑘝 𑘟𑘨𑘿𑘫𑘡𑘰𑘭𑘰𑘙𑘲 𑘩𑘻𑘎 𑘕𑘰𑘝𑘰𑘝.,47
data/synthetic/images/line_0047_v017.png,मंदिरात दर्शनासाठी लोक जातात.,𑘦𑘽𑘟𑘱𑘨𑘰𑘝 𑘟𑘨𑘿𑘫𑘡𑘰𑘭𑘰𑘙𑘲 𑘩𑘻𑘎 𑘕𑘰𑘝𑘰𑘝.,47
data/synthetic/images/line_0047_v018.png,मंदिरात दर्शनासाठी लोक जातात.,𑘦𑘽𑘟𑘱𑘨𑘰𑘝 𑘟𑘨𑘿𑘫𑘡𑘰𑘭𑘰𑘙𑘲 𑘩𑘻𑘎 𑘕𑘰𑘝𑘰𑘝.,47
data/synthetic/images/line_0047_v019.png,मंदिरात दर्शनासाठी लोक जातात.,𑘦𑘽𑘟𑘱𑘨𑘰𑘝 𑘟𑘨𑘿𑘫𑘡𑘰𑘭𑘰𑘙𑘲 𑘩𑘻𑘎 𑘕𑘰𑘝𑘰𑘝.,47
data/synthetic/images/line_0047_v020.png,मंदिरात दर्शनासाठी लोक जातात.,𑘦𑘽𑘟𑘱𑘨𑘰𑘝 𑘟𑘨𑘿𑘫𑘡𑘰𑘭𑘰𑘙𑘲 𑘩𑘻𑘎 𑘕𑘰𑘝𑘰𑘝.,47
data/synthetic/images/line_0047_v021.png,मंदिरात दर्शनासाठी लोक जातात.,𑘦𑘽𑘟𑘱𑘨𑘰𑘝 𑘟𑘨𑘿𑘫𑘡𑘰𑘭𑘰𑘙𑘲 𑘩𑘻𑘎 𑘕𑘰𑘝𑘰𑘝.,47
data/synthetic/images/line_0047_v022.png,मंदिरात दर्शनासाठी लोक जातात.,𑘦𑘽𑘟𑘱𑘨𑘰𑘝 𑘟𑘨𑘿𑘫𑘡𑘰𑘭𑘰𑘙𑘲 𑘩𑘻𑘎 𑘕𑘰𑘝𑘰𑘝.,47
data/synthetic/images/line_0047_v023.png,मंदिरात दर्शनासाठी लोक जातात.,𑘦𑘽𑘟𑘱𑘨𑘰𑘝 𑘟𑘨𑘿𑘫𑘡𑘰𑘭𑘰𑘙𑘲 𑘩𑘻𑘎 𑘕𑘰𑘝𑘰𑘝.,47
data/synthetic/images/line_0047_v024.png,मंदिरात दर्शनासाठी लोक जातात.,𑘦𑘽𑘟𑘱𑘨𑘰𑘝 𑘟𑘨𑘿𑘫𑘡𑘰𑘭𑘰𑘙𑘲 𑘩𑘻𑘎 𑘕𑘰𑘝𑘰𑘝.,47
data/synthetic/images/line_0047_v025.png,मंदिरात दर्शनासाठी लोक जातात.,𑘦𑘽𑘟𑘱𑘨𑘰𑘝 𑘟𑘨𑘿𑘫𑘡𑘰𑘭𑘰𑘙𑘲 𑘩𑘻𑘎 𑘕𑘰𑘝𑘰𑘝.,47
data/synthetic/images/line_0047_v026.png,मंदिरात दर्शनासाठी लोक जातात.,𑘦𑘽𑘟𑘱𑘨𑘰𑘝 𑘟𑘨𑘿𑘫𑘡𑘰𑘭𑘰𑘙𑘲 𑘩𑘻𑘎 𑘕𑘰𑘝𑘰𑘝.,47
data/synthetic/images/line_0047_v027.png,मंदिरात दर्शनासाठी लोक जातात.,𑘦𑘽𑘟𑘱𑘨𑘰𑘝 𑘟𑘨𑘿𑘫𑘡𑘰𑘭𑘰𑘙𑘲 𑘩𑘻𑘎 𑘕𑘰𑘝𑘰𑘝.,47
data/synthetic/images/line_0047_v028.png,मंदिरात दर्शनासाठी लोक जातात.,𑘦𑘽𑘟𑘱𑘨𑘰𑘝 𑘟𑘨𑘿𑘫𑘡𑘰𑘭𑘰𑘙𑘲 𑘩𑘻𑘎 𑘕𑘰𑘝𑘰𑘝.,47
data/synthetic/images/line_0047_v029.png,मंदिरात दर्शनासाठी लोक जातात.,𑘦𑘽𑘟𑘱𑘨𑘰𑘝 𑘟𑘨𑘿𑘫𑘡𑘰𑘭𑘰𑘙𑘲 𑘩𑘻𑘎 𑘕𑘰𑘝𑘰𑘝.,47
data/synthetic/images/line_0047_v030.png,मंदिरात दर्शनासाठी लोक जातात.,𑘦𑘽𑘟𑘱𑘨𑘰𑘝 𑘟𑘨𑘿𑘫𑘡𑘰𑘭𑘰𑘙𑘲 𑘩𑘻𑘎 𑘕𑘰𑘝𑘰𑘝.,47
data/synthetic/images/line_0047_v031.png,मंदिरात दर्शनासाठी लोक जातात.,𑘦𑘽𑘟𑘱𑘨𑘰𑘝 𑘟𑘨𑘿𑘫𑘡𑘰𑘭𑘰𑘙𑘲 𑘩𑘻𑘎 𑘕𑘰𑘝𑘰𑘝.,47
data/synthetic/images/line_0047_v032.png,मंदिरात दर्शनासाठी लोक जातात.,𑘦𑘽𑘟𑘱𑘨𑘰𑘝 𑘟𑘨𑘿𑘫𑘡𑘰𑘭𑘰𑘙𑘲 𑘩𑘻𑘎 𑘕𑘰𑘝𑘰𑘝.,47
data/synthetic/images/line_0047_v033.png,मंदिरात दर्शनासाठी लोक जातात.,𑘦𑘽𑘟𑘱𑘨𑘰𑘝 𑘟𑘨𑘿𑘫𑘡𑘰𑘭𑘰𑘙𑘲 𑘩𑘻𑘎 𑘕𑘰𑘝𑘰𑘝.,47
data/synthetic/images/line_0047_v034.png,मंदिरात दर्शनासाठी लोक जातात.,𑘦𑘽𑘟𑘱𑘨𑘰𑘝 𑘟𑘨𑘿𑘫𑘡𑘰𑘭𑘰𑘙𑘲 𑘩𑘻𑘎 𑘕𑘰𑘝𑘰𑘝.,47
data/synthetic/images/line_0047_v035.png,मंदिरात दर्शनासाठी लोक जातात.,𑘦𑘽𑘟𑘱𑘨𑘰𑘝 𑘟𑘨𑘿𑘫𑘡𑘰𑘭𑘰𑘙𑘲 𑘩𑘻𑘎 𑘕𑘰𑘝𑘰𑘝.,47
data/synthetic/images/line_0047_v036.png,मंदिरात दर्शनासाठी लोक जातात.,𑘦𑘽𑘟𑘱𑘨𑘰𑘝 𑘟𑘨𑘿𑘫𑘡𑘰𑘭𑘰𑘙𑘲 𑘩𑘻𑘎 𑘕𑘰𑘝𑘰𑘝.,47
data/synthetic/images/line_0047_v037.png,मंदिरात दर्शनासाठी लोक जातात.,𑘦𑘽𑘟𑘱𑘨𑘰𑘝 𑘟𑘨𑘿𑘫𑘡𑘰𑘭𑘰𑘙𑘲 𑘩𑘻𑘎 𑘕𑘰𑘝𑘰𑘝.,47
data/synthetic/images/line_0047_v038.png,मंदिरात दर्शनासाठी लोक जातात.,𑘦𑘽𑘟𑘱𑘨𑘰𑘝 𑘟𑘨𑘿𑘫𑘡𑘰𑘭𑘰𑘙𑘲 𑘩𑘻𑘎 𑘕𑘰𑘝𑘰𑘝.,47
data/synthetic/images/line_0047_v039.png,मंदिरात दर्शनासाठी लोक जातात.,𑘦𑘽𑘟𑘱𑘨𑘰𑘝 𑘟𑘨𑘿𑘫𑘡𑘰𑘭𑘰𑘙𑘲 𑘩𑘻𑘎 𑘕𑘰𑘝𑘰𑘝.,47
data/synthetic/images/line_0048_v000.png,देवाची पूजा रोज केली जाते.,𑘟𑘹𑘪𑘰𑘓𑘲 𑘢𑘴𑘕𑘰 𑘨𑘻𑘕 𑘎𑘹𑘩𑘲 𑘕𑘰𑘝𑘹.,48
data/synthetic/images/line_0048_v001.png,देवाची पूजा रोज केली जाते.,𑘟𑘹𑘪𑘰𑘓𑘲 𑘢𑘴𑘕𑘰 𑘨𑘻𑘕 𑘎𑘹𑘩𑘲 𑘕𑘰𑘝𑘹.,48
data/synthetic/images/line_0048_v002.png,देवाची पूजा रोज केली जाते.,𑘟𑘹𑘪𑘰𑘓𑘲 𑘢𑘴𑘕𑘰 𑘨𑘻𑘕 𑘎𑘹𑘩𑘲 𑘕𑘰𑘝𑘹.,48
data/synthetic/images/line_0048_v003.png,देवाची पूजा रोज केली जाते.,𑘟𑘹𑘪𑘰𑘓𑘲 𑘢𑘴𑘕𑘰 𑘨𑘻𑘕 𑘎𑘹𑘩𑘲 𑘕𑘰𑘝𑘹.,48
data/synthetic/images/line_0048_v004.png,देवाची पूजा रोज केली जाते.,𑘟𑘹𑘪𑘰𑘓𑘲 𑘢𑘴𑘕𑘰 𑘨𑘻𑘕 𑘎𑘹𑘩𑘲 𑘕𑘰𑘝𑘹.,48
data/synthetic/images/line_0048_v005.png,देवाची पूजा रोज केली जाते.,𑘟𑘹𑘪𑘰𑘓𑘲 𑘢𑘴𑘕𑘰 𑘨𑘻𑘕 𑘎𑘹𑘩𑘲 𑘕𑘰𑘝𑘹.,48
data/synthetic/images/line_0048_v006.png,देवाची पूजा रोज केली जाते.,𑘟𑘹𑘪𑘰𑘓𑘲 𑘢𑘴𑘕𑘰 𑘨𑘻𑘕 𑘎𑘹𑘩𑘲 𑘕𑘰𑘝𑘹.,48
data/synthetic/images/line_0048_v007.png,देवाची पूजा रोज केली जाते.,𑘟𑘹𑘪𑘰𑘓𑘲 𑘢𑘴𑘕𑘰 𑘨𑘻𑘕 𑘎𑘹𑘩𑘲 𑘕𑘰𑘝𑘹.,48
data/synthetic/images/line_0048_v008.png,देवाची पूजा रोज केली जाते.,𑘟𑘹𑘪𑘰𑘓𑘲 𑘢𑘴𑘕𑘰 𑘨𑘻𑘕 𑘎𑘹𑘩𑘲 𑘕𑘰𑘝𑘹.,48
data/synthetic/images/line_0048_v009.png,देवाची पूजा रोज केली जाते.,𑘟𑘹𑘪𑘰𑘓𑘲 𑘢𑘴𑘕𑘰 𑘨𑘻𑘕 𑘎𑘹𑘩𑘲 𑘕𑘰𑘝𑘹.,48
data/synthetic/images/line_0048_v010.png,देवाची पूजा रोज केली जाते.,𑘟𑘹𑘪𑘰𑘓𑘲 𑘢𑘴𑘕𑘰 𑘨𑘻𑘕 𑘎𑘹𑘩𑘲 𑘕𑘰𑘝𑘹.,48
data/synthetic/images/line_0048_v011.png,देवाची पूजा रोज केली जाते.,𑘟𑘹𑘪𑘰𑘓𑘲 𑘢𑘴𑘕𑘰 𑘨𑘻𑘕 𑘎𑘹𑘩𑘲 𑘕𑘰𑘝𑘹.,48
data/synthetic/images/line_0048_v012.png,देवाची पूजा रोज केली जाते.,𑘟𑘹𑘪𑘰𑘓𑘲 𑘢𑘴𑘕𑘰 𑘨𑘻𑘕 𑘎𑘹𑘩𑘲 𑘕𑘰𑘝𑘹.,48
data/synthetic/images/line_0048_v013.png,देवाची पूजा रोज केली जाते.,𑘟𑘹𑘪𑘰𑘓𑘲 𑘢𑘴𑘕𑘰 𑘨𑘻𑘕 𑘎𑘹𑘩𑘲 𑘕𑘰𑘝𑘹.,48
data/synthetic/images/line_0048_v014.png,देवाची पूजा रोज केली जाते.,𑘟𑘹𑘪𑘰𑘓𑘲 𑘢𑘴𑘕𑘰 𑘨𑘻𑘕 𑘎𑘹𑘩𑘲 𑘕𑘰𑘝𑘹.,48
data/synthetic/images/line_0048_v015.png,देवाची पूजा रोज केली जाते.,𑘟𑘹𑘪𑘰𑘓𑘲 𑘢𑘴𑘕𑘰 𑘨𑘻𑘕 𑘎𑘹𑘩𑘲 𑘕𑘰𑘝𑘹.,48
data/synthetic/images/line_0048_v016.png,देवाची पूजा रोज केली जाते.,𑘟𑘹𑘪𑘰𑘓𑘲 𑘢𑘴𑘕𑘰 𑘨𑘻𑘕 𑘎𑘹𑘩𑘲 𑘕𑘰𑘝𑘹.,48
data/synthetic/images/line_0048_v017.png,देवाची पूजा रोज केली जाते.,𑘟𑘹𑘪𑘰𑘓𑘲 𑘢𑘴𑘕𑘰 𑘨𑘻𑘕 𑘎𑘹𑘩𑘲 𑘕𑘰𑘝𑘹.,48
data/synthetic/images/line_0048_v018.png,देवाची पूजा रोज केली जाते.,𑘟𑘹𑘪𑘰𑘓𑘲 𑘢𑘴𑘕𑘰 𑘨𑘻𑘕 𑘎𑘹𑘩𑘲 𑘕𑘰𑘝𑘹.,48
data/synthetic/images/line_0048_v019.png,देवाची पूजा रोज केली जाते.,𑘟𑘹𑘪𑘰𑘓𑘲 𑘢𑘴𑘕𑘰 𑘨𑘻𑘕 𑘎𑘹𑘩𑘲 𑘕𑘰𑘝𑘹.,48
data/synthetic/images/line_0048_v020.png,देवाची पूजा रोज केली जाते.,𑘟𑘹𑘪𑘰𑘓𑘲 𑘢𑘴𑘕𑘰 𑘨𑘻𑘕 𑘎𑘹𑘩𑘲 𑘕𑘰𑘝𑘹.,48
data/synthetic/images/line_0048_v021.png,देवाची पूजा रोज केली जाते.,𑘟𑘹𑘪𑘰𑘓𑘲 𑘢𑘴𑘕𑘰 𑘨𑘻𑘕 𑘎𑘹𑘩𑘲 𑘕𑘰𑘝𑘹.,48
data/synthetic/images/line_0048_v022.png,देवाची पूजा रोज केली जाते.,𑘟𑘹𑘪𑘰𑘓𑘲 𑘢𑘴𑘕𑘰 𑘨𑘻𑘕 𑘎𑘹𑘩𑘲 𑘕𑘰𑘝𑘹.,48
data/synthetic/images/line_0048_v023.png,देवाची पूजा रोज केली जाते.,𑘟𑘹𑘪𑘰𑘓𑘲 𑘢𑘴𑘕𑘰 𑘨𑘻𑘕 𑘎𑘹𑘩𑘲 𑘕𑘰𑘝𑘹.,48
data/synthetic/images/line_0048_v024.png,देवाची पूजा रोज केली जाते.,𑘟𑘹𑘪𑘰𑘓𑘲 𑘢𑘴𑘕𑘰 𑘨𑘻𑘕 𑘎𑘹𑘩𑘲 𑘕𑘰𑘝𑘹.,48
data/synthetic/images/line_0048_v025.png,देवाची पूजा रोज केली जाते.,𑘟𑘹𑘪𑘰𑘓𑘲 𑘢𑘴𑘕𑘰 𑘨𑘻𑘕 𑘎𑘹𑘩𑘲 𑘕𑘰𑘝𑘹.,48
data/synthetic/images/line_0048_v026.png,देवाची पूजा रोज केली जाते.,𑘟𑘹𑘪𑘰𑘓𑘲 𑘢𑘴𑘕𑘰 𑘨𑘻𑘕 𑘎𑘹𑘩𑘲 𑘕𑘰𑘝𑘹.,48
data/synthetic/images/line_0048_v027.png,देवाची पूजा रोज केली जाते.,𑘟𑘹𑘪𑘰𑘓𑘲 𑘢𑘴𑘕𑘰 𑘨𑘻𑘕 𑘎𑘹𑘩𑘲 𑘕𑘰𑘝𑘹.,48
data/synthetic/images/line_0048_v028.png,देवाची पूजा रोज केली जाते.,𑘟𑘹𑘪𑘰𑘓𑘲 𑘢𑘴𑘕𑘰 𑘨𑘻𑘕 𑘎𑘹𑘩𑘲 𑘕𑘰𑘝𑘹.,48
data/synthetic/images/line_0048_v029.png,देवाची पूजा रोज केली जाते.,𑘟𑘹𑘪𑘰𑘓𑘲 𑘢𑘴𑘕𑘰 𑘨𑘻𑘕 𑘎𑘹𑘩𑘲 𑘕𑘰𑘝𑘹.,48
data/synthetic/images/line_0048_v030.png,देवाची पूजा रोज केली जाते.,𑘟𑘹𑘪𑘰𑘓𑘲 𑘢𑘴𑘕𑘰 𑘨𑘻𑘕 𑘎𑘹𑘩𑘲 𑘕𑘰𑘝𑘹.,48
data/synthetic/images/line_0048_v031.png,देवाची पूजा रोज केली जाते.,𑘟𑘹𑘪𑘰𑘓𑘲 𑘢𑘴𑘕𑘰 𑘨𑘻𑘕 𑘎𑘹𑘩𑘲 𑘕𑘰𑘝𑘹.,48
data/synthetic/images/line_0048_v032.png,देवाची पूजा रोज केली जाते.,𑘟𑘹𑘪𑘰𑘓𑘲 𑘢𑘴𑘕𑘰 𑘨𑘻𑘕 𑘎𑘹𑘩𑘲 𑘕𑘰𑘝𑘹.,48
data/synthetic/images/line_0048_v033.png,देवाची पूजा रोज केली जाते.,𑘟𑘹𑘪𑘰𑘓𑘲 𑘢𑘴𑘕𑘰 𑘨𑘻𑘕 𑘎𑘹𑘩𑘲 𑘕𑘰𑘝𑘹.,48
data/synthetic/images/line_0048_v034.png,देवाची पूजा रोज केली जाते.,𑘟𑘹𑘪𑘰𑘓𑘲 𑘢𑘴𑘕𑘰 𑘨𑘻𑘕 𑘎𑘹𑘩𑘲 𑘕𑘰𑘝𑘹.,48
data/synthetic/images/line_0048_v035.png,देवाची पूजा रोज केली जाते.,𑘟𑘹𑘪𑘰𑘓𑘲 𑘢𑘴𑘕𑘰 𑘨𑘻𑘕 𑘎𑘹𑘩𑘲 𑘕𑘰𑘝𑘹.,48
data/synthetic/images/line_0048_v036.png,देवाची पूजा रोज केली जाते.,𑘟𑘹𑘪𑘰𑘓𑘲 𑘢𑘴𑘕𑘰 𑘨𑘻𑘕 𑘎𑘹𑘩𑘲 𑘕𑘰𑘝𑘹.,48
data/synthetic/images/line_0048_v037.png,देवाची पूजा रोज केली जाते.,𑘟𑘹𑘪𑘰𑘓𑘲 𑘢𑘴𑘕𑘰 𑘨𑘻𑘕 𑘎𑘹𑘩𑘲 𑘕𑘰𑘝𑘹.,48
data/synthetic/images/line_0048_v038.png,देवाची पूजा रोज केली जाते.,𑘟𑘹𑘪𑘰𑘓𑘲 𑘢𑘴𑘕𑘰 𑘨𑘻𑘕 𑘎𑘹𑘩𑘲 𑘕𑘰𑘝𑘹.,48
data/synthetic/images/line_0048_v039.png,देवाची पूजा रोज केली जाते.,𑘟𑘹𑘪𑘰𑘓𑘲 𑘢𑘴𑘕𑘰 𑘨𑘻𑘕 𑘎𑘹𑘩𑘲 𑘕𑘰𑘝𑘹.,48
data/synthetic/images/line_0049_v000.png,गावात एक जुने मंदिर आहे.,𑘐𑘰𑘪𑘰𑘝 𑘊𑘎 𑘕𑘳𑘡𑘹 𑘦𑘽𑘟𑘱𑘨 𑘁𑘮𑘹.,49
data/synthetic/images/line_0049_v001.png,गावात एक जुने मंदिर आहे.,𑘐𑘰𑘪𑘰𑘝 𑘊𑘎 𑘕𑘳𑘡𑘹 𑘦𑘽𑘟𑘱𑘨 𑘁𑘮𑘹.,49
data/synthetic/images/line_0049_v002.png,गावात एक जुने मंदिर आहे.,𑘐𑘰𑘪𑘰𑘝 𑘊𑘎 𑘕𑘳𑘡𑘹 𑘦𑘽𑘟𑘱𑘨 𑘁𑘮𑘹.,49
data/synthetic/images/line_0049_v003.png,गावात एक जुने मंदिर आहे.,𑘐𑘰𑘪𑘰𑘝 𑘊𑘎 𑘕𑘳𑘡𑘹 𑘦𑘽𑘟𑘱𑘨 𑘁𑘮𑘹.,49
data/synthetic/images/line_0049_v004.png,गावात एक जुने मंदिर आहे.,𑘐𑘰𑘪𑘰𑘝 𑘊𑘎 𑘕𑘳𑘡𑘹 𑘦𑘽𑘟𑘱𑘨 𑘁𑘮𑘹.,49
data/synthetic/images/line_0049_v005.png,गावात एक जुने मंदिर आहे.,𑘐𑘰𑘪𑘰𑘝 𑘊𑘎 𑘕𑘳𑘡𑘹 𑘦𑘽𑘟𑘱𑘨 𑘁𑘮𑘹.,49
data/synthetic/images/line_0049_v006.png,गावात एक जुने मंदिर आहे.,𑘐𑘰𑘪𑘰𑘝 𑘊𑘎 𑘕𑘳𑘡𑘹 𑘦𑘽𑘟𑘱𑘨 𑘁𑘮𑘹.,49
data/synthetic/images/line_0049_v007.png,गावात एक जुने मंदिर आहे.,𑘐𑘰𑘪𑘰𑘝 𑘊𑘎 𑘕𑘳𑘡𑘹 𑘦𑘽𑘟𑘱𑘨 𑘁𑘮𑘹.,49
data/synthetic/images/line_0049_v008.png,गावात एक जुने मंदिर आहे.,𑘐𑘰𑘪𑘰𑘝 𑘊𑘎 𑘕𑘳𑘡𑘹 𑘦𑘽𑘟𑘱𑘨 𑘁𑘮𑘹.,49
data/synthetic/images/line_0049_v009.png,गावात एक जुने मंदिर आहे.,𑘐𑘰𑘪𑘰𑘝 𑘊𑘎 𑘕𑘳𑘡𑘹 𑘦𑘽𑘟𑘱𑘨 𑘁𑘮𑘹.,49
data/synthetic/images/line_0049_v010.png,गावात एक जुने मंदिर आहे.,𑘐𑘰𑘪𑘰𑘝 𑘊𑘎 𑘕𑘳𑘡𑘹 𑘦𑘽𑘟𑘱𑘨 𑘁𑘮𑘹.,49
data/synthetic/images/line_0049_v011.png,गावात एक जुने मंदिर आहे.,𑘐𑘰𑘪𑘰𑘝 𑘊𑘎 𑘕𑘳𑘡𑘹 𑘦𑘽𑘟𑘱𑘨 𑘁𑘮𑘹.,49
data/synthetic/images/line_0049_v012.png,गावात एक जुने मंदिर आहे.,𑘐𑘰𑘪𑘰𑘝 𑘊𑘎 𑘕𑘳𑘡𑘹 𑘦𑘽𑘟𑘱𑘨 𑘁𑘮𑘹.,49
data/synthetic/images/line_0049_v013.png,गावात एक जुने मंदिर आहे.,𑘐𑘰𑘪𑘰𑘝 𑘊𑘎 𑘕𑘳𑘡𑘹 𑘦𑘽𑘟𑘱𑘨 𑘁𑘮𑘹.,49
data/synthetic/images/line_0049_v014.png,गावात एक जुने मंदिर आहे.,𑘐𑘰𑘪𑘰𑘝 𑘊𑘎 𑘕𑘳𑘡𑘹 𑘦𑘽𑘟𑘱𑘨 𑘁𑘮𑘹.,49
data/synthetic/images/line_0049_v015.png,गावात एक जुने मंदिर आहे.,𑘐𑘰𑘪𑘰𑘝 𑘊𑘎 𑘕𑘳𑘡𑘹 𑘦𑘽𑘟𑘱𑘨 𑘁𑘮𑘹.,49
data/synthetic/images/line_0049_v016.png,गावात एक जुने मंदिर आहे.,𑘐𑘰𑘪𑘰𑘝 𑘊𑘎 𑘕𑘳𑘡𑘹 𑘦𑘽𑘟𑘱𑘨 𑘁𑘮𑘹.,49
data/synthetic/images/line_0049_v017.png,गावात एक जुने मंदिर आहे.,𑘐𑘰𑘪𑘰𑘝 𑘊𑘎 𑘕𑘳𑘡𑘹 𑘦𑘽𑘟𑘱𑘨 𑘁𑘮𑘹.,49
data/synthetic/images/line_0049_v018.png,गावात एक जुने मंदिर आहे.,𑘐𑘰𑘪𑘰𑘝 𑘊𑘎 𑘕𑘳𑘡𑘹 𑘦𑘽𑘟𑘱𑘨 𑘁𑘮𑘹.,49
data/synthetic/images/line_0049_v019.png,गावात एक जुने मंदिर आहे.,𑘐𑘰𑘪𑘰𑘝 𑘊𑘎 𑘕𑘳𑘡𑘹 𑘦𑘽𑘟𑘱𑘨 𑘁𑘮𑘹.,49
data/synthetic/images/line_0049_v020.png,गावात एक जुने मंदिर आहे.,𑘐𑘰𑘪𑘰𑘝 𑘊𑘎 𑘕𑘳𑘡𑘹 𑘦𑘽𑘟𑘱𑘨 𑘁𑘮𑘹.,49
data/synthetic/images/line_0049_v021.png,गावात एक जुने मंदिर आहे.,𑘐𑘰𑘪𑘰𑘝 𑘊𑘎 𑘕𑘳𑘡𑘹 𑘦𑘽𑘟𑘱𑘨 𑘁𑘮𑘹.,49
data/synthetic/images/line_0049_v022.png,गावात एक जुने मंदिर आहे.,𑘐𑘰𑘪𑘰𑘝 𑘊𑘎 𑘕𑘳𑘡𑘹 𑘦𑘽𑘟𑘱𑘨 𑘁𑘮𑘹.,49
data/synthetic/images/line_0049_v023.png,गावात एक जुने मंदिर आहे.,𑘐𑘰𑘪𑘰𑘝 𑘊𑘎 𑘕𑘳𑘡𑘹 𑘦𑘽𑘟𑘱𑘨 𑘁𑘮𑘹.,49
data/synthetic/images/line_0049_v024.png,गावात एक जुने मंदिर आहे.,𑘐𑘰𑘪𑘰𑘝 𑘊𑘎 𑘕𑘳𑘡𑘹 𑘦𑘽𑘟𑘱𑘨 𑘁𑘮𑘹.,49
data/synthetic/images/line_0049_v025.png,गावात एक जुने मंदिर आहे.,𑘐𑘰𑘪𑘰𑘝 𑘊𑘎 𑘕𑘳𑘡𑘹 𑘦𑘽𑘟𑘱𑘨 𑘁𑘮𑘹.,49
data/synthetic/images/line_0049_v026.png,गावात एक जुने मंदिर आहे.,𑘐𑘰𑘪𑘰𑘝 𑘊𑘎 𑘕𑘳𑘡𑘹 𑘦𑘽𑘟𑘱𑘨 𑘁𑘮𑘹.,49
data/synthetic/images/line_0049_v027.png,गावात एक जुने मंदिर आहे.,𑘐𑘰𑘪𑘰𑘝 𑘊𑘎 𑘕𑘳𑘡𑘹 𑘦𑘽𑘟𑘱𑘨 𑘁𑘮𑘹.,49
data/synthetic/images/line_0049_v028.png,गावात एक जुने मंदिर आहे.,𑘐𑘰𑘪𑘰𑘝 𑘊𑘎 𑘕𑘳𑘡𑘹 𑘦𑘽𑘟𑘱𑘨 𑘁𑘮𑘹.,49
data/synthetic/images/line_0049_v029.png,गावात एक जुने मंदिर आहे.,𑘐𑘰𑘪𑘰𑘝 𑘊𑘎 𑘕𑘳𑘡𑘹 𑘦𑘽𑘟𑘱𑘨 𑘁𑘮𑘹.,49
data/synthetic/images/line_0049_v030.png,गावात एक जुने मंदिर आहे.,𑘐𑘰𑘪𑘰𑘝 𑘊𑘎 𑘕𑘳𑘡𑘹 𑘦𑘽𑘟𑘱𑘨 𑘁𑘮𑘹.,49
data/synthetic/images/line_0049_v031.png,गावात एक जुने मंदिर आहे.,𑘐𑘰𑘪𑘰𑘝 𑘊𑘎 𑘕𑘳𑘡𑘹 𑘦𑘽𑘟𑘱𑘨 𑘁𑘮𑘹.,49
data/synthetic/images/line_0049_v032.png,गावात एक जुने मंदिर आहे.,𑘐𑘰𑘪𑘰𑘝 𑘊𑘎 𑘕𑘳𑘡𑘹 𑘦𑘽𑘟𑘱𑘨 𑘁𑘮𑘹.,49
data/synthetic/images/line_0049_v033.png,गावात एक जुने मंदिर आहे.,𑘐𑘰𑘪𑘰𑘝 𑘊𑘎 𑘕𑘳𑘡𑘹 𑘦𑘽𑘟𑘱𑘨 𑘁𑘮𑘹.,49
data/synthetic/images/line_0049_v034.png,गावात एक जुने मंदिर आहे.,𑘐𑘰𑘪𑘰𑘝 𑘊𑘎 𑘕𑘳𑘡𑘹 𑘦𑘽𑘟𑘱𑘨 𑘁𑘮𑘹.,49
data/synthetic/images/line_0049_v035.png,गावात एक जुने मंदिर आहे.,𑘐𑘰𑘪𑘰𑘝 𑘊𑘎 𑘕𑘳𑘡𑘹 𑘦𑘽𑘟𑘱𑘨 𑘁𑘮𑘹.,49
data/synthetic/images/line_0049_v036.png,गावात एक जुने मंदिर आहे.,𑘐𑘰𑘪𑘰𑘝 𑘊𑘎 𑘕𑘳𑘡𑘹 𑘦𑘽𑘟𑘱𑘨 𑘁𑘮𑘹.,49
data/synthetic/images/line_0049_v037.png,गावात एक जुने मंदिर आहे.,𑘐𑘰𑘪𑘰𑘝 𑘊𑘎 𑘕𑘳𑘡𑘹 𑘦𑘽𑘟𑘱𑘨 𑘁𑘮𑘹.,49
data/synthetic/images/line_0049_v038.png,गावात एक जुने मंदिर आहे.,𑘐𑘰𑘪𑘰𑘝 𑘊𑘎 𑘕𑘳𑘡𑘹 𑘦𑘽𑘟𑘱𑘨 𑘁𑘮𑘹.,49
data/synthetic/images/line_0049_v039.png,गावात एक जुने मंदिर आहे.,𑘐𑘰𑘪𑘰𑘝 𑘊𑘎 𑘕𑘳𑘡𑘹 𑘦𑘽𑘟𑘱𑘨 𑘁𑘮𑘹.,49
data/synthetic/images/line_0050_v000.png,किल्ल्यावर जाण्यासाठी अनेक पर्यटक येतात.,𑘎𑘱𑘩𑘿𑘩𑘿𑘧𑘰𑘪𑘨 𑘕𑘰𑘜𑘿𑘧𑘰𑘭𑘰𑘙𑘲 𑘀𑘡𑘹𑘎 𑘢𑘨𑘿𑘧𑘘𑘎 𑘧𑘹𑘝𑘰𑘝.,50
data/synthetic/images/line_0050_v001.png,किल्ल्यावर जाण्यासाठी अनेक पर्यटक येतात.,𑘎𑘱𑘩𑘿𑘩𑘿𑘧𑘰𑘪𑘨 𑘕𑘰𑘜𑘿𑘧𑘰𑘭𑘰𑘙𑘲 𑘀𑘡𑘹𑘎 𑘢𑘨𑘿𑘧𑘘𑘎 𑘧𑘹𑘝𑘰𑘝.,50
data/synthetic/images/line_0050_v002.png,किल्ल्यावर जाण्यासाठी अनेक पर्यटक येतात.,𑘎𑘱𑘩𑘿𑘩𑘿𑘧𑘰𑘪𑘨 𑘕𑘰𑘜𑘿𑘧𑘰𑘭𑘰𑘙𑘲 𑘀𑘡𑘹𑘎 𑘢𑘨𑘿𑘧𑘘𑘎 𑘧𑘹𑘝𑘰𑘝.,50
data/synthetic/images/line_0050_v003.png,किल्ल्यावर जाण्यासाठी अनेक पर्यटक येतात.,𑘎𑘱𑘩𑘿𑘩𑘿𑘧𑘰𑘪𑘨 𑘕𑘰𑘜𑘿𑘧𑘰𑘭𑘰𑘙𑘲 𑘀𑘡𑘹𑘎 𑘢𑘨𑘿𑘧𑘘𑘎 𑘧𑘹𑘝𑘰𑘝.,50
data/synthetic/images/line_0050_v004.png,किल्ल्यावर जाण्यासाठी अनेक पर्यटक येतात.,𑘎𑘱𑘩𑘿𑘩𑘿𑘧𑘰𑘪𑘨 𑘕𑘰𑘜𑘿𑘧𑘰𑘭𑘰𑘙𑘲 𑘀𑘡𑘹𑘎 𑘢𑘨𑘿𑘧𑘘𑘎 𑘧𑘹𑘝𑘰𑘝.,50
data/synthetic/images/line_0050_v005.png,किल्ल्यावर जाण्यासाठी अनेक पर्यटक येतात.,𑘎𑘱𑘩𑘿𑘩𑘿𑘧𑘰𑘪𑘨 𑘕𑘰𑘜𑘿𑘧𑘰𑘭𑘰𑘙𑘲 𑘀𑘡𑘹𑘎 𑘢𑘨𑘿𑘧𑘘𑘎 𑘧𑘹𑘝𑘰𑘝.,50
data/synthetic/images/line_0050_v006.png,किल्ल्यावर जाण्यासाठी अनेक पर्यटक येतात.,𑘎𑘱𑘩𑘿𑘩𑘿𑘧𑘰𑘪𑘨 𑘕𑘰𑘜𑘿𑘧𑘰𑘭𑘰𑘙𑘲 𑘀𑘡𑘹𑘎 𑘢𑘨𑘿𑘧𑘘𑘎 𑘧𑘹𑘝𑘰𑘝.,50
data/synthetic/images/line_0050_v007.png,किल्ल्यावर जाण्यासाठी अनेक पर्यटक येतात.,𑘎𑘱𑘩𑘿𑘩𑘿𑘧𑘰𑘪𑘨 𑘕𑘰𑘜𑘿𑘧𑘰𑘭𑘰𑘙𑘲 𑘀𑘡𑘹𑘎 𑘢𑘨𑘿𑘧𑘘𑘎 𑘧𑘹𑘝𑘰𑘝.,50
data/synthetic/images/line_0050_v008.png,किल्ल्यावर जाण्यासाठी अनेक पर्यटक येतात.,𑘎𑘱𑘩𑘿𑘩𑘿𑘧𑘰𑘪𑘨 𑘕𑘰𑘜𑘿𑘧𑘰𑘭𑘰𑘙𑘲 𑘀𑘡𑘹𑘎 𑘢𑘨𑘿𑘧𑘘𑘎 𑘧𑘹𑘝𑘰𑘝.,50
data/synthetic/images/line_0050_v009.png,किल्ल्यावर जाण्यासाठी अनेक पर्यटक येतात.,𑘎𑘱𑘩𑘿𑘩𑘿𑘧𑘰𑘪𑘨 𑘕𑘰𑘜𑘿𑘧𑘰𑘭𑘰𑘙𑘲 𑘀𑘡𑘹𑘎 𑘢𑘨𑘿𑘧𑘘𑘎 𑘧𑘹𑘝𑘰𑘝.,50
data/synthetic/images/line_0050_v010.png,किल्ल्यावर जाण्यासाठी अनेक पर्यटक येतात.,𑘎𑘱𑘩𑘿𑘩𑘿𑘧𑘰𑘪𑘨 𑘕𑘰𑘜𑘿𑘧𑘰𑘭𑘰𑘙𑘲 𑘀𑘡𑘹𑘎 𑘢𑘨𑘿𑘧𑘘𑘎 𑘧𑘹𑘝𑘰𑘝.,50
data/synthetic/images/line_0050_v011.png,किल्ल्यावर जाण्यासाठी अनेक पर्यटक येतात.,𑘎𑘱𑘩𑘿𑘩𑘿𑘧𑘰𑘪𑘨 𑘕𑘰𑘜𑘿𑘧𑘰𑘭𑘰𑘙𑘲 𑘀𑘡𑘹𑘎 𑘢𑘨𑘿𑘧𑘘𑘎 𑘧𑘹𑘝𑘰𑘝.,50
data/synthetic/images/line_0050_v012.png,किल्ल्यावर जाण्यासाठी अनेक पर्यटक येतात.,𑘎𑘱𑘩𑘿𑘩𑘿𑘧𑘰𑘪𑘨 𑘕𑘰𑘜𑘿𑘧𑘰𑘭𑘰𑘙𑘲 𑘀𑘡𑘹𑘎 𑘢𑘨𑘿𑘧𑘘𑘎 𑘧𑘹𑘝𑘰𑘝.,50
data/synthetic/images/line_0050_v013.png,किल्ल्यावर जाण्यासाठी अनेक पर्यटक येतात.,𑘎𑘱𑘩𑘿𑘩𑘿𑘧𑘰𑘪𑘨 𑘕𑘰𑘜𑘿𑘧𑘰𑘭𑘰𑘙𑘲 𑘀𑘡𑘹𑘎 𑘢𑘨𑘿𑘧𑘘𑘎 𑘧𑘹𑘝𑘰𑘝.,50
data/synthetic/images/line_0050_v014.png,किल्ल्यावर जाण्यासाठी अनेक पर्यटक येतात.,𑘎𑘱𑘩𑘿𑘩𑘿𑘧𑘰𑘪𑘨 𑘕𑘰𑘜𑘿𑘧𑘰𑘭𑘰𑘙𑘲 𑘀𑘡𑘹𑘎 𑘢𑘨𑘿𑘧𑘘𑘎 𑘧𑘹𑘝𑘰𑘝.,50
data/synthetic/images/line_0050_v015.png,किल्ल्यावर जाण्यासाठी अनेक पर्यटक येतात.,𑘎𑘱𑘩𑘿𑘩𑘿𑘧𑘰𑘪𑘨 𑘕𑘰𑘜𑘿𑘧𑘰𑘭𑘰𑘙𑘲 𑘀𑘡𑘹𑘎 𑘢𑘨𑘿𑘧𑘘𑘎 𑘧𑘹𑘝𑘰𑘝.,50
data/synthetic/images/line_0050_v016.png,किल्ल्यावर जाण्यासाठी अनेक पर्यटक येतात.,𑘎𑘱𑘩𑘿𑘩𑘿𑘧𑘰𑘪𑘨 𑘕𑘰𑘜𑘿𑘧𑘰𑘭𑘰𑘙𑘲 𑘀𑘡𑘹𑘎 𑘢𑘨𑘿𑘧𑘘𑘎 𑘧𑘹𑘝𑘰𑘝.,50
data/synthetic/images/line_0050_v017.png,किल्ल्यावर जाण्यासाठी अनेक पर्यटक येतात.,𑘎𑘱𑘩𑘿𑘩𑘿𑘧𑘰𑘪𑘨 𑘕𑘰𑘜𑘿𑘧𑘰𑘭𑘰𑘙𑘲 𑘀𑘡𑘹𑘎 𑘢𑘨𑘿𑘧𑘘𑘎 𑘧𑘹𑘝𑘰𑘝.,50
data/synthetic/images/line_0050_v018.png,किल्ल्यावर जाण्यासाठी अनेक पर्यटक येतात.,𑘎𑘱𑘩𑘿𑘩𑘿𑘧𑘰𑘪𑘨 𑘕𑘰𑘜𑘿𑘧𑘰𑘭𑘰𑘙𑘲 𑘀𑘡𑘹𑘎 𑘢𑘨𑘿𑘧𑘘𑘎 𑘧𑘹𑘝𑘰𑘝.,50
data/synthetic/images/line_0050_v019.png,किल्ल्यावर जाण्यासाठी अनेक पर्यटक येतात.,𑘎𑘱𑘩𑘿𑘩𑘿𑘧𑘰𑘪𑘨 𑘕𑘰𑘜𑘿𑘧𑘰𑘭𑘰𑘙𑘲 𑘀𑘡𑘹𑘎 𑘢𑘨𑘿𑘧𑘘𑘎 𑘧𑘹𑘝𑘰𑘝.,50
data/synthetic/images/line_0050_v020.png,किल्ल्यावर जाण्यासाठी अनेक पर्यटक येतात.,𑘎𑘱𑘩𑘿𑘩𑘿𑘧𑘰𑘪𑘨 𑘕𑘰𑘜𑘿𑘧𑘰𑘭𑘰𑘙𑘲 𑘀𑘡𑘹𑘎 𑘢𑘨𑘿𑘧𑘘𑘎 𑘧𑘹𑘝𑘰𑘝.,50
data/synthetic/images/line_0050_v021.png,किल्ल्यावर जाण्यासाठी अनेक पर्यटक येतात.,𑘎𑘱𑘩𑘿𑘩𑘿𑘧𑘰𑘪𑘨 𑘕𑘰𑘜𑘿𑘧𑘰𑘭𑘰𑘙𑘲 𑘀𑘡𑘹𑘎 𑘢𑘨𑘿𑘧𑘘𑘎 𑘧𑘹𑘝𑘰𑘝.,50
data/synthetic/images/line_0050_v022.png,किल्ल्यावर जाण्यासाठी अनेक पर्यटक येतात.,𑘎𑘱𑘩𑘿𑘩𑘿𑘧𑘰𑘪𑘨 𑘕𑘰𑘜𑘿𑘧𑘰𑘭𑘰𑘙𑘲 𑘀𑘡𑘹𑘎 𑘢𑘨𑘿𑘧𑘘𑘎 𑘧𑘹𑘝𑘰𑘝.,50
data/synthetic/images/line_0050_v023.png,किल्ल्यावर जाण्यासाठी अनेक पर्यटक येतात.,𑘎𑘱𑘩𑘿𑘩𑘿𑘧𑘰𑘪𑘨 𑘕𑘰𑘜𑘿𑘧𑘰𑘭𑘰𑘙𑘲 𑘀𑘡𑘹𑘎 𑘢𑘨𑘿𑘧𑘘𑘎 𑘧𑘹𑘝𑘰𑘝.,50
data/synthetic/images/line_0050_v024.png,किल्ल्यावर जाण्यासाठी अनेक पर्यटक येतात.,𑘎𑘱𑘩𑘿𑘩𑘿𑘧𑘰𑘪𑘨 𑘕𑘰𑘜𑘿𑘧𑘰𑘭𑘰𑘙𑘲 𑘀𑘡𑘹𑘎 𑘢𑘨𑘿𑘧𑘘𑘎 𑘧𑘹𑘝𑘰𑘝.,50
data/synthetic/images/line_0050_v025.png,किल्ल्यावर जाण्यासाठी अनेक पर्यटक येतात.,𑘎𑘱𑘩𑘿𑘩𑘿𑘧𑘰𑘪𑘨 𑘕𑘰𑘜𑘿𑘧𑘰𑘭𑘰𑘙𑘲 𑘀𑘡𑘹𑘎 𑘢𑘨𑘿𑘧𑘘𑘎 𑘧𑘹𑘝𑘰𑘝.,50
data/synthetic/images/line_0050_v026.png,किल्ल्यावर जाण्यासाठी अनेक पर्यटक येतात.,𑘎𑘱𑘩𑘿𑘩𑘿𑘧𑘰𑘪𑘨 𑘕𑘰𑘜𑘿𑘧𑘰𑘭𑘰𑘙𑘲 𑘀𑘡𑘹𑘎 𑘢𑘨𑘿𑘧𑘘𑘎 𑘧𑘹𑘝𑘰𑘝.,50
data/synthetic/images/line_0050_v027.png,किल्ल्यावर जाण्यासाठी अनेक पर्यटक येतात.,𑘎𑘱𑘩𑘿𑘩𑘿𑘧𑘰𑘪𑘨 𑘕𑘰𑘜𑘿𑘧𑘰𑘭𑘰𑘙𑘲 𑘀𑘡𑘹𑘎 𑘢𑘨𑘿𑘧𑘘𑘎 𑘧𑘹𑘝𑘰𑘝.,50
data/synthetic/images/line_0050_v028.png,किल्ल्यावर जाण्यासाठी अनेक पर्यटक येतात.,𑘎𑘱𑘩𑘿𑘩𑘿𑘧𑘰𑘪𑘨 𑘕𑘰𑘜𑘿𑘧𑘰𑘭𑘰𑘙𑘲 𑘀𑘡𑘹𑘎 𑘢𑘨𑘿𑘧𑘘𑘎 𑘧𑘹𑘝𑘰𑘝.,50
data/synthetic/images/line_0050_v029.png,किल्ल्यावर जाण्यासाठी अनेक पर्यटक येतात.,𑘎𑘱𑘩𑘿𑘩𑘿𑘧𑘰𑘪𑘨 𑘕𑘰𑘜𑘿𑘧𑘰𑘭𑘰𑘙𑘲 𑘀𑘡𑘹𑘎 𑘢𑘨𑘿𑘧𑘘𑘎 𑘧𑘹𑘝𑘰𑘝.,50
data/synthetic/images/line_0050_v030.png,किल्ल्यावर जाण्यासाठी अनेक पर्यटक येतात.,𑘎𑘱𑘩𑘿𑘩𑘿𑘧𑘰𑘪𑘨 𑘕𑘰𑘜𑘿𑘧𑘰𑘭𑘰𑘙𑘲 𑘀𑘡𑘹𑘎 𑘢𑘨𑘿𑘧𑘘𑘎 𑘧𑘹𑘝𑘰𑘝.,50
data/synthetic/images/line_0050_v031.png,किल्ल्यावर जाण्यासाठी अनेक पर्यटक येतात.,𑘎𑘱𑘩𑘿𑘩𑘿𑘧𑘰𑘪𑘨 𑘕𑘰𑘜𑘿𑘧𑘰𑘭𑘰𑘙𑘲 𑘀𑘡𑘹𑘎 𑘢𑘨𑘿𑘧𑘘𑘎 𑘧𑘹𑘝𑘰𑘝.,50
data/synthetic/images/line_0050_v032.png,किल्ल्यावर जाण्यासाठी अनेक पर्यटक येतात.,𑘎𑘱𑘩𑘿𑘩𑘿𑘧𑘰𑘪𑘨 𑘕𑘰𑘜𑘿𑘧𑘰𑘭𑘰𑘙𑘲 𑘀𑘡𑘹𑘎 𑘢𑘨𑘿𑘧𑘘𑘎 𑘧𑘹𑘝𑘰𑘝.,50
data/synthetic/images/line_0050_v033.png,किल्ल्यावर जाण्यासाठी अनेक पर्यटक येतात.,𑘎𑘱𑘩𑘿𑘩𑘿𑘧𑘰𑘪𑘨 𑘕𑘰𑘜𑘿𑘧𑘰𑘭𑘰𑘙𑘲 𑘀𑘡𑘹𑘎 𑘢𑘨𑘿𑘧𑘘𑘎 𑘧𑘹𑘝𑘰𑘝.,50
data/synthetic/images/line_0050_v034.png,किल्ल्यावर जाण्यासाठी अनेक पर्यटक येतात.,𑘎𑘱𑘩𑘿𑘩𑘿𑘧𑘰𑘪𑘨 𑘕𑘰𑘜𑘿𑘧𑘰𑘭𑘰𑘙𑘲 𑘀𑘡𑘹𑘎 𑘢𑘨𑘿𑘧𑘘𑘎 𑘧𑘹𑘝𑘰𑘝.,50
data/synthetic/images/line_0050_v035.png,किल्ल्यावर जाण्यासाठी अनेक पर्यटक येतात.,𑘎𑘱𑘩𑘿𑘩𑘿𑘧𑘰𑘪𑘨 𑘕𑘰𑘜𑘿𑘧𑘰𑘭𑘰𑘙𑘲 𑘀𑘡𑘹𑘎 𑘢𑘨𑘿𑘧𑘘𑘎 𑘧𑘹𑘝𑘰𑘝.,50
data/synthetic/images/line_0050_v036.png,किल्ल्यावर जाण्यासाठी अनेक पर्यटक येतात.,𑘎𑘱𑘩𑘿𑘩𑘿𑘧𑘰𑘪𑘨 𑘕𑘰𑘜𑘿𑘧𑘰𑘭𑘰𑘙𑘲 𑘀𑘡𑘹𑘎 𑘢𑘨𑘿𑘧𑘘𑘎 𑘧𑘹𑘝𑘰𑘝.,50
data/synthetic/images/line_0050_v037.png,किल्ल्यावर जाण्यासाठी अनेक पर्यटक येतात.,𑘎𑘱𑘩𑘿𑘩𑘿𑘧𑘰𑘪𑘨 𑘕𑘰𑘜𑘿𑘧𑘰𑘭𑘰𑘙𑘲 𑘀𑘡𑘹𑘎 𑘢𑘨𑘿𑘧𑘘𑘎 𑘧𑘹𑘝𑘰𑘝.,50
data/synthetic/images/line_0050_v038.png,किल्ल्यावर जाण्यासाठी अनेक पर्यटक येतात.,𑘎𑘱𑘩𑘿𑘩𑘿𑘧𑘰𑘪𑘨 𑘕𑘰𑘜𑘿𑘧𑘰𑘭𑘰𑘙𑘲 𑘀𑘡𑘹𑘎 𑘢𑘨𑘿𑘧𑘘𑘎 𑘧𑘹𑘝𑘰𑘝.,50
data/synthetic/images/line_0050_v039.png,किल्ल्यावर जाण्यासाठी अनेक पर्यटक येतात.,𑘎𑘱𑘩𑘿𑘩𑘿𑘧𑘰𑘪𑘨 𑘕𑘰𑘜𑘿𑘧𑘰𑘭𑘰𑘙𑘲 𑘀𑘡𑘹𑘎 𑘢𑘨𑘿𑘧𑘘𑘎 𑘧𑘹𑘝𑘰𑘝.,50
data/synthetic/images/line_0051_v000.png,रायगड हा एक ऐतिहासिक किल्ला आहे.,𑘨𑘰𑘧𑘐𑘚 𑘮𑘰 𑘊𑘎 𑘋𑘝𑘱𑘮𑘰𑘭𑘱𑘎 𑘎𑘱𑘩𑘿𑘩𑘰 𑘁𑘮𑘹.,51
data/synthetic/images/line_0051_v001.png,रायगड हा एक ऐतिहासिक किल्ला आहे.,𑘨𑘰𑘧𑘐𑘚 𑘮𑘰 𑘊𑘎 𑘋𑘝𑘱𑘮𑘰𑘭𑘱𑘎 𑘎𑘱𑘩𑘿𑘩𑘰 𑘁𑘮𑘹.,51
data/synthetic/images/line_0051_v002.png,रायगड हा एक ऐतिहासिक किल्ला आहे.,𑘨𑘰𑘧𑘐𑘚 𑘮𑘰 𑘊𑘎 𑘋𑘝𑘱𑘮𑘰𑘭𑘱𑘎 𑘎𑘱𑘩𑘿𑘩𑘰 𑘁𑘮𑘹.,51
data/synthetic/images/line_0051_v003.png,रायगड हा एक ऐतिहासिक किल्ला आहे.,𑘨𑘰𑘧𑘐𑘚 𑘮𑘰 𑘊𑘎 𑘋𑘝𑘱𑘮𑘰𑘭𑘱𑘎 𑘎𑘱𑘩𑘿𑘩𑘰 𑘁𑘮𑘹.,51
data/synthetic/images/line_0051_v004.png,रायगड हा एक ऐतिहासिक किल्ला आहे.,𑘨𑘰𑘧𑘐𑘚 𑘮𑘰 𑘊𑘎 𑘋𑘝𑘱𑘮𑘰𑘭𑘱𑘎 𑘎𑘱𑘩𑘿𑘩𑘰 𑘁𑘮𑘹.,51
data/synthetic/images/line_0051_v005.png,रायगड हा एक ऐतिहासिक किल्ला आहे.,𑘨𑘰𑘧𑘐𑘚 𑘮𑘰 𑘊𑘎 𑘋𑘝𑘱𑘮𑘰𑘭𑘱𑘎 𑘎𑘱𑘩𑘿𑘩𑘰 𑘁𑘮𑘹.,51
data/synthetic/images/line_0051_v006.png,रायगड हा एक ऐतिहासिक किल्ला आहे.,𑘨𑘰𑘧𑘐𑘚 𑘮𑘰 𑘊𑘎 𑘋𑘝𑘱𑘮𑘰𑘭𑘱𑘎 𑘎𑘱𑘩𑘿𑘩𑘰 𑘁𑘮𑘹.,51
data/synthetic/images/line_0051_v007.png,रायगड हा एक ऐतिहासिक किल्ला आहे.,𑘨𑘰𑘧𑘐𑘚 𑘮𑘰 𑘊𑘎 𑘋𑘝𑘱𑘮𑘰𑘭𑘱𑘎 𑘎𑘱𑘩𑘿𑘩𑘰 𑘁𑘮𑘹.,51
data/synthetic/images/line_0051_v008.png,रायगड हा एक ऐतिहासिक किल्ला आहे.,𑘨𑘰𑘧𑘐𑘚 𑘮𑘰 𑘊𑘎 𑘋𑘝𑘱𑘮𑘰𑘭𑘱𑘎 𑘎𑘱𑘩𑘿𑘩𑘰 𑘁𑘮𑘹.,51
data/synthetic/images/line_0051_v009.png,रायगड हा एक ऐतिहासिक किल्ला आहे.,𑘨𑘰𑘧𑘐𑘚 𑘮𑘰 𑘊𑘎 𑘋𑘝𑘱𑘮𑘰𑘭𑘱𑘎 𑘎𑘱𑘩𑘿𑘩𑘰 𑘁𑘮𑘹.,51
data/synthetic/images/line_0051_v010.png,रायगड हा एक ऐतिहासिक किल्ला आहे.,𑘨𑘰𑘧𑘐𑘚 𑘮𑘰 𑘊𑘎 𑘋𑘝𑘱𑘮𑘰𑘭𑘱𑘎 𑘎𑘱𑘩𑘿𑘩𑘰 𑘁𑘮𑘹.,51
data/synthetic/images/line_0051_v011.png,रायगड हा एक ऐतिहासिक किल्ला आहे.,𑘨𑘰𑘧𑘐𑘚 𑘮𑘰 𑘊𑘎 𑘋𑘝𑘱𑘮𑘰𑘭𑘱𑘎 𑘎𑘱𑘩𑘿𑘩𑘰 𑘁𑘮𑘹.,51
data/synthetic/images/line_0051_v012.png,रायगड हा एक ऐतिहासिक किल्ला आहे.,𑘨𑘰𑘧𑘐𑘚 𑘮𑘰 𑘊𑘎 𑘋𑘝𑘱𑘮𑘰𑘭𑘱𑘎 𑘎𑘱𑘩𑘿𑘩𑘰 𑘁𑘮𑘹.,51
data/synthetic/images/line_0051_v013.png,रायगड हा एक ऐतिहासिक किल्ला आहे.,𑘨𑘰𑘧𑘐𑘚 𑘮𑘰 𑘊𑘎 𑘋𑘝𑘱𑘮𑘰𑘭𑘱𑘎 𑘎𑘱𑘩𑘿𑘩𑘰 𑘁𑘮𑘹.,51
data/synthetic/images/line_0051_v014.png,रायगड हा एक ऐतिहासिक किल्ला आहे.,𑘨𑘰𑘧𑘐𑘚 𑘮𑘰 𑘊𑘎 𑘋𑘝𑘱𑘮𑘰𑘭𑘱𑘎 𑘎𑘱𑘩𑘿𑘩𑘰 𑘁𑘮𑘹.,51
data/synthetic/images/line_0051_v015.png,रायगड हा एक ऐतिहासिक किल्ला आहे.,𑘨𑘰𑘧𑘐𑘚 𑘮𑘰 𑘊𑘎 𑘋𑘝𑘱𑘮𑘰𑘭𑘱𑘎 𑘎𑘱𑘩𑘿𑘩𑘰 𑘁𑘮𑘹.,51
data/synthetic/images/line_0051_v016.png,रायगड हा एक ऐतिहासिक किल्ला आहे.,𑘨𑘰𑘧𑘐𑘚 𑘮𑘰 𑘊𑘎 𑘋𑘝𑘱𑘮𑘰𑘭𑘱𑘎 𑘎𑘱𑘩𑘿𑘩𑘰 𑘁𑘮𑘹.,51
data/synthetic/images/line_0051_v017.png,रायगड हा एक ऐतिहासिक किल्ला आहे.,𑘨𑘰𑘧𑘐𑘚 𑘮𑘰 𑘊𑘎 𑘋𑘝𑘱𑘮𑘰𑘭𑘱𑘎 𑘎𑘱𑘩𑘿𑘩𑘰 𑘁𑘮𑘹.,51
data/synthetic/images/line_0051_v018.png,रायगड हा एक ऐतिहासिक किल्ला आहे.,𑘨𑘰𑘧𑘐𑘚 𑘮𑘰 𑘊𑘎 𑘋𑘝𑘱𑘮𑘰𑘭𑘱𑘎 𑘎𑘱𑘩𑘿𑘩𑘰 𑘁𑘮𑘹.,51
data/synthetic/images/line_0051_v019.png,रायगड हा एक ऐतिहासिक किल्ला आहे.,𑘨𑘰𑘧𑘐𑘚 𑘮𑘰 𑘊𑘎 𑘋𑘝𑘱𑘮𑘰𑘭𑘱𑘎 𑘎𑘱𑘩𑘿𑘩𑘰 𑘁𑘮𑘹.,51
data/synthetic/images/line_0051_v020.png,रायगड हा एक ऐतिहासिक किल्ला आहे.,𑘨𑘰𑘧𑘐𑘚 𑘮𑘰 𑘊𑘎 𑘋𑘝𑘱𑘮𑘰𑘭𑘱𑘎 𑘎𑘱𑘩𑘿𑘩𑘰 𑘁𑘮𑘹.,51
data/synthetic/images/line_0051_v021.png,रायगड हा एक ऐतिहासिक किल्ला आहे.,𑘨𑘰𑘧𑘐𑘚 𑘮𑘰 𑘊𑘎 𑘋𑘝𑘱𑘮𑘰𑘭𑘱𑘎 𑘎𑘱𑘩𑘿𑘩𑘰 𑘁𑘮𑘹.,51
data/synthetic/images/line_0051_v022.png,रायगड हा एक ऐतिहासिक किल्ला आहे.,𑘨𑘰𑘧𑘐𑘚 𑘮𑘰 𑘊𑘎 𑘋𑘝𑘱𑘮𑘰𑘭𑘱𑘎 𑘎𑘱𑘩𑘿𑘩𑘰 𑘁𑘮𑘹.,51
data/synthetic/images/line_0051_v023.png,रायगड हा एक ऐतिहासिक किल्ला आहे.,𑘨𑘰𑘧𑘐𑘚 𑘮𑘰 𑘊𑘎 𑘋𑘝𑘱𑘮𑘰𑘭𑘱𑘎 𑘎𑘱𑘩𑘿𑘩𑘰 𑘁𑘮𑘹.,51
data/synthetic/images/line_0051_v024.png,रायगड हा एक ऐतिहासिक किल्ला आहे.,𑘨𑘰𑘧𑘐𑘚 𑘮𑘰 𑘊𑘎 𑘋𑘝𑘱𑘮𑘰𑘭𑘱𑘎 𑘎𑘱𑘩𑘿𑘩𑘰 𑘁𑘮𑘹.,51
data/synthetic/images/line_0051_v025.png,रायगड हा एक ऐतिहासिक किल्ला आहे.,𑘨𑘰𑘧𑘐𑘚 𑘮𑘰 𑘊𑘎 𑘋𑘝𑘱𑘮𑘰𑘭𑘱𑘎 𑘎𑘱𑘩𑘿𑘩𑘰 𑘁𑘮𑘹.,51
data/synthetic/images/line_0051_v026.png,रायगड हा एक ऐतिहासिक किल्ला आहे.,𑘨𑘰𑘧𑘐𑘚 𑘮𑘰 𑘊𑘎 𑘋𑘝𑘱𑘮𑘰𑘭𑘱𑘎 𑘎𑘱𑘩𑘿𑘩𑘰 𑘁𑘮𑘹.,51
data/synthetic/images/line_0051_v027.png,रायगड हा एक ऐतिहासिक किल्ला आहे.,𑘨𑘰𑘧𑘐𑘚 𑘮𑘰 𑘊𑘎 𑘋𑘝𑘱𑘮𑘰𑘭𑘱𑘎 𑘎𑘱𑘩𑘿𑘩𑘰 𑘁𑘮𑘹.,51
data/synthetic/images/line_0051_v028.png,रायगड हा एक ऐतिहासिक किल्ला आहे.,𑘨𑘰𑘧𑘐𑘚 𑘮𑘰 𑘊𑘎 𑘋𑘝𑘱𑘮𑘰𑘭𑘱𑘎 𑘎𑘱𑘩𑘿𑘩𑘰 𑘁𑘮𑘹.,51
data/synthetic/images/line_0051_v029.png,रायगड हा एक ऐतिहासिक किल्ला आहे.,𑘨𑘰𑘧𑘐𑘚 𑘮𑘰 𑘊𑘎 𑘋𑘝𑘱𑘮𑘰𑘭𑘱𑘎 𑘎𑘱𑘩𑘿𑘩𑘰 𑘁𑘮𑘹.,51
data/synthetic/images/line_0051_v030.png,रायगड हा एक ऐतिहासिक किल्ला आहे.,𑘨𑘰𑘧𑘐𑘚 𑘮𑘰 𑘊𑘎 𑘋𑘝𑘱𑘮𑘰𑘭𑘱𑘎 𑘎𑘱𑘩𑘿𑘩𑘰 𑘁𑘮𑘹.,51
data/synthetic/images/line_0051_v031.png,रायगड हा एक ऐतिहासिक किल्ला आहे.,𑘨𑘰𑘧𑘐𑘚 𑘮𑘰 𑘊𑘎 𑘋𑘝𑘱𑘮𑘰𑘭𑘱𑘎 𑘎𑘱𑘩𑘿𑘩𑘰 𑘁𑘮𑘹.,51
data/synthetic/images/line_0051_v032.png,रायगड हा एक ऐतिहासिक किल्ला आहे.,𑘨𑘰𑘧𑘐𑘚 𑘮𑘰 𑘊𑘎 𑘋𑘝𑘱𑘮𑘰𑘭𑘱𑘎 𑘎𑘱𑘩𑘿𑘩𑘰 𑘁𑘮𑘹.,51
data/synthetic/images/line_0051_v033.png,रायगड हा एक ऐतिहासिक किल्ला आहे.,𑘨𑘰𑘧𑘐𑘚 𑘮𑘰 𑘊𑘎 𑘋𑘝𑘱𑘮𑘰𑘭𑘱𑘎 𑘎𑘱𑘩𑘿𑘩𑘰 𑘁𑘮𑘹.,51
data/synthetic/images/line_0051_v034.png,रायगड हा एक ऐतिहासिक किल्ला आहे.,𑘨𑘰𑘧𑘐𑘚 𑘮𑘰 𑘊𑘎 𑘋𑘝𑘱𑘮𑘰𑘭𑘱𑘎 𑘎𑘱𑘩𑘿𑘩𑘰 𑘁𑘮𑘹.,51
data/synthetic/images/line_0051_v035.png,रायगड हा एक ऐतिहासिक किल्ला आहे.,𑘨𑘰𑘧𑘐𑘚 𑘮𑘰 𑘊𑘎 𑘋𑘝𑘱𑘮𑘰𑘭𑘱𑘎 𑘎𑘱𑘩𑘿𑘩𑘰 𑘁𑘮𑘹.,51
data/synthetic/images/line_0051_v036.png,रायगड हा एक ऐतिहासिक किल्ला आहे.,𑘨𑘰𑘧𑘐𑘚 𑘮𑘰 𑘊𑘎 𑘋𑘝𑘱𑘮𑘰𑘭𑘱𑘎 𑘎𑘱𑘩𑘿𑘩𑘰 𑘁𑘮𑘹.,51
data/synthetic/images/line_0051_v037.png,रायगड हा एक ऐतिहासिक किल्ला आहे.,𑘨𑘰𑘧𑘐𑘚 𑘮𑘰 𑘊𑘎 𑘋𑘝𑘱𑘮𑘰𑘭𑘱𑘎 𑘎𑘱𑘩𑘿𑘩𑘰 𑘁𑘮𑘹.,51
data/synthetic/images/line_0051_v038.png,रायगड हा एक ऐतिहासिक किल्ला आहे.,𑘨𑘰𑘧𑘐𑘚 𑘮𑘰 𑘊𑘎 𑘋𑘝𑘱𑘮𑘰𑘭𑘱𑘎 𑘎𑘱𑘩𑘿𑘩𑘰 𑘁𑘮𑘹.,51
data/synthetic/images/line_0051_v039.png,रायगड हा एक ऐतिहासिक किल्ला आहे.,𑘨𑘰𑘧𑘐𑘚 𑘮𑘰 𑘊𑘎 𑘋𑘝𑘱𑘮𑘰𑘭𑘱𑘎 𑘎𑘱𑘩𑘿𑘩𑘰 𑘁𑘮𑘹.,51
data/synthetic/images/line_0052_v000.png,सिंहगड किल्ला पुण्याजवळ आहे.,𑘭𑘱𑘽𑘮𑘐𑘚 𑘎𑘱𑘩𑘿𑘩𑘰 𑘢𑘳𑘜𑘿𑘧𑘰𑘕𑘪𑘯 𑘁𑘮𑘹.,52
data/synthetic/images/line_0052_v001.png,सिंहगड किल्ला पुण्याजवळ आहे.,𑘭𑘱𑘽𑘮𑘐𑘚 𑘎𑘱𑘩𑘿𑘩𑘰 𑘢𑘳𑘜𑘿𑘧𑘰𑘕𑘪𑘯 𑘁𑘮𑘹.,52
data/synthetic/images/line_0052_v002.png,सिंहगड किल्ला पुण्याजवळ आहे.,𑘭𑘱𑘽𑘮𑘐𑘚 𑘎𑘱𑘩𑘿𑘩𑘰 𑘢𑘳𑘜𑘿𑘧𑘰𑘕𑘪𑘯 𑘁𑘮𑘹.,52
data/synthetic/images/line_0052_v003.png,सिंहगड किल्ला पुण्याजवळ आहे.,𑘭𑘱𑘽𑘮𑘐𑘚 𑘎𑘱𑘩𑘿𑘩𑘰 𑘢𑘳𑘜𑘿𑘧𑘰𑘕𑘪𑘯 𑘁𑘮𑘹.,52
data/synthetic/images/line_0052_v004.png,सिंहगड किल्ला पुण्याजवळ आहे.,𑘭𑘱𑘽𑘮𑘐𑘚 𑘎𑘱𑘩𑘿𑘩𑘰 𑘢𑘳𑘜𑘿𑘧𑘰𑘕𑘪𑘯 𑘁𑘮𑘹.,52
data/synthetic/images/line_0052_v005.png,सिंहगड किल्ला पुण्याजवळ आहे.,𑘭𑘱𑘽𑘮𑘐𑘚 𑘎𑘱𑘩𑘿𑘩𑘰 𑘢𑘳𑘜𑘿𑘧𑘰𑘕𑘪𑘯 𑘁𑘮𑘹.,52
data/synthetic/images/line_0052_v006.png,सिंहगड किल्ला पुण्याजवळ आहे.,𑘭𑘱𑘽𑘮𑘐𑘚 𑘎𑘱𑘩𑘿𑘩𑘰 𑘢𑘳𑘜𑘿𑘧𑘰𑘕𑘪𑘯 𑘁𑘮𑘹.,52
data/synthetic/images/line_0052_v007.png,सिंहगड किल्ला पुण्याजवळ आहे.,𑘭𑘱𑘽𑘮𑘐𑘚 𑘎𑘱𑘩𑘿𑘩𑘰 𑘢𑘳𑘜𑘿𑘧𑘰𑘕𑘪𑘯 𑘁𑘮𑘹.,52
data/synthetic/images/line_0052_v008.png,सिंहगड किल्ला पुण्याजवळ आहे.,𑘭𑘱𑘽𑘮𑘐𑘚 𑘎𑘱𑘩𑘿𑘩𑘰 𑘢𑘳𑘜𑘿𑘧𑘰𑘕𑘪𑘯 𑘁𑘮𑘹.,52
data/synthetic/images/line_0052_v009.png,सिंहगड किल्ला पुण्याजवळ आहे.,𑘭𑘱𑘽𑘮𑘐𑘚 𑘎𑘱𑘩𑘿𑘩𑘰 𑘢𑘳𑘜𑘿𑘧𑘰𑘕𑘪𑘯 𑘁𑘮𑘹.,52
data/synthetic/images/line_0052_v010.png,सिंहगड किल्ला पुण्याजवळ आहे.,𑘭𑘱𑘽𑘮𑘐𑘚 𑘎𑘱𑘩𑘿𑘩𑘰 𑘢𑘳𑘜𑘿𑘧𑘰𑘕𑘪𑘯 𑘁𑘮𑘹.,52
data/synthetic/images/line_0052_v011.png,सिंहगड किल्ला पुण्याजवळ आहे.,𑘭𑘱𑘽𑘮𑘐𑘚 𑘎𑘱𑘩𑘿𑘩𑘰 𑘢𑘳𑘜𑘿𑘧𑘰𑘕𑘪𑘯 𑘁𑘮𑘹.,52
data/synthetic/images/line_0052_v012.png,सिंहगड किल्ला पुण्याजवळ आहे.,𑘭𑘱𑘽𑘮𑘐𑘚 𑘎𑘱𑘩𑘿𑘩𑘰 𑘢𑘳𑘜𑘿𑘧𑘰𑘕𑘪𑘯 𑘁𑘮𑘹.,52
data/synthetic/images/line_0052_v013.png,सिंहगड किल्ला पुण्याजवळ आहे.,𑘭𑘱𑘽𑘮𑘐𑘚 𑘎𑘱𑘩𑘿𑘩𑘰 𑘢𑘳𑘜𑘿𑘧𑘰𑘕𑘪𑘯 𑘁𑘮𑘹.,52
data/synthetic/images/line_0052_v014.png,सिंहगड किल्ला पुण्याजवळ आहे.,𑘭𑘱𑘽𑘮𑘐𑘚 𑘎𑘱𑘩𑘿𑘩𑘰 𑘢𑘳𑘜𑘿𑘧𑘰𑘕𑘪𑘯 𑘁𑘮𑘹.,52
data/synthetic/images/line_0052_v015.png,सिंहगड किल्ला पुण्याजवळ आहे.,𑘭𑘱𑘽𑘮𑘐𑘚 𑘎𑘱𑘩𑘿𑘩𑘰 𑘢𑘳𑘜𑘿𑘧𑘰𑘕𑘪𑘯 𑘁𑘮𑘹.,52
data/synthetic/images/line_0052_v016.png,सिंहगड किल्ला पुण्याजवळ आहे.,𑘭𑘱𑘽𑘮𑘐𑘚 𑘎𑘱𑘩𑘿𑘩𑘰 𑘢𑘳𑘜𑘿𑘧𑘰𑘕𑘪𑘯 𑘁𑘮𑘹.,52
data/synthetic/images/line_0052_v017.png,सिंहगड किल्ला पुण्याजवळ आहे.,𑘭𑘱𑘽𑘮𑘐𑘚 𑘎𑘱𑘩𑘿𑘩𑘰 𑘢𑘳𑘜𑘿𑘧𑘰𑘕𑘪𑘯 𑘁𑘮𑘹.,52
data/synthetic/images/line_0052_v018.png,सिंहगड किल्ला पुण्याजवळ आहे.,𑘭𑘱𑘽𑘮𑘐𑘚 𑘎𑘱𑘩𑘿𑘩𑘰 𑘢𑘳𑘜𑘿𑘧𑘰𑘕𑘪𑘯 𑘁𑘮𑘹.,52
data/synthetic/images/line_0052_v019.png,सिंहगड किल्ला पुण्याजवळ आहे.,𑘭𑘱𑘽𑘮𑘐𑘚 𑘎𑘱𑘩𑘿𑘩𑘰 𑘢𑘳𑘜𑘿𑘧𑘰𑘕𑘪𑘯 𑘁𑘮𑘹.,52
data/synthetic/images/line_0052_v020.png,सिंहगड किल्ला पुण्याजवळ आहे.,𑘭𑘱𑘽𑘮𑘐𑘚 𑘎𑘱𑘩𑘿𑘩𑘰 𑘢𑘳𑘜𑘿𑘧𑘰𑘕𑘪𑘯 𑘁𑘮𑘹.,52
data/synthetic/images/line_0052_v021.png,सिंहगड किल्ला पुण्याजवळ आहे.,𑘭𑘱𑘽𑘮𑘐𑘚 𑘎𑘱𑘩𑘿𑘩𑘰 𑘢𑘳𑘜𑘿𑘧𑘰𑘕𑘪𑘯 𑘁𑘮𑘹.,52
data/synthetic/images/line_0052_v022.png,सिंहगड किल्ला पुण्याजवळ आहे.,𑘭𑘱𑘽𑘮𑘐𑘚 𑘎𑘱𑘩𑘿𑘩𑘰 𑘢𑘳𑘜𑘿𑘧𑘰𑘕𑘪𑘯 𑘁𑘮𑘹.,52
data/synthetic/images/line_0052_v023.png,सिंहगड किल्ला पुण्याजवळ आहे.,𑘭𑘱𑘽𑘮𑘐𑘚 𑘎𑘱𑘩𑘿𑘩𑘰 𑘢𑘳𑘜𑘿𑘧𑘰𑘕𑘪𑘯 𑘁𑘮𑘹.,52
data/synthetic/images/line_0052_v024.png,सिंहगड किल्ला पुण्याजवळ आहे.,𑘭𑘱𑘽𑘮𑘐𑘚 𑘎𑘱𑘩𑘿𑘩𑘰 𑘢𑘳𑘜𑘿𑘧𑘰𑘕𑘪𑘯 𑘁𑘮𑘹.,52
data/synthetic/images/line_0052_v025.png,सिंहगड किल्ला पुण्याजवळ आहे.,𑘭𑘱𑘽𑘮𑘐𑘚 𑘎𑘱𑘩𑘿𑘩𑘰 𑘢𑘳𑘜𑘿𑘧𑘰𑘕𑘪𑘯 𑘁𑘮𑘹.,52
data/synthetic/images/line_0052_v026.png,सिंहगड किल्ला पुण्याजवळ आहे.,𑘭𑘱𑘽𑘮𑘐𑘚 𑘎𑘱𑘩𑘿𑘩𑘰 𑘢𑘳𑘜𑘿𑘧𑘰𑘕𑘪𑘯 𑘁𑘮𑘹.,52
data/synthetic/images/line_0052_v027.png,सिंहगड किल्ला पुण्याजवळ आहे.,𑘭𑘱𑘽𑘮𑘐𑘚 𑘎𑘱𑘩𑘿𑘩𑘰 𑘢𑘳𑘜𑘿𑘧𑘰𑘕𑘪𑘯 𑘁𑘮𑘹.,52
data/synthetic/images/line_0052_v028.png,सिंहगड किल्ला पुण्याजवळ आहे.,𑘭𑘱𑘽𑘮𑘐𑘚 𑘎𑘱𑘩𑘿𑘩𑘰 𑘢𑘳𑘜𑘿𑘧𑘰𑘕𑘪𑘯 𑘁𑘮𑘹.,52
data/synthetic/images/line_0052_v029.png,सिंहगड किल्ला पुण्याजवळ आहे.,𑘭𑘱𑘽𑘮𑘐𑘚 𑘎𑘱𑘩𑘿𑘩𑘰 𑘢𑘳𑘜𑘿𑘧𑘰𑘕𑘪𑘯 𑘁𑘮𑘹.,52
data/synthetic/images/line_0052_v030.png,सिंहगड किल्ला पुण्याजवळ आहे.,𑘭𑘱𑘽𑘮𑘐𑘚 𑘎𑘱𑘩𑘿𑘩𑘰 𑘢𑘳𑘜𑘿𑘧𑘰𑘕𑘪𑘯 𑘁𑘮𑘹.,52
data/synthetic/images/line_0052_v031.png,सिंहगड किल्ला पुण्याजवळ आहे.,𑘭𑘱𑘽𑘮𑘐𑘚 𑘎𑘱𑘩𑘿𑘩𑘰 𑘢𑘳𑘜𑘿𑘧𑘰𑘕𑘪𑘯 𑘁𑘮𑘹.,52
data/synthetic/images/line_0052_v032.png,सिंहगड किल्ला पुण्याजवळ आहे.,𑘭𑘱𑘽𑘮𑘐𑘚 𑘎𑘱𑘩𑘿𑘩𑘰 𑘢𑘳𑘜𑘿𑘧𑘰𑘕𑘪𑘯 𑘁𑘮𑘹.,52
data/synthetic/images/line_0052_v033.png,सिंहगड किल्ला पुण्याजवळ आहे.,𑘭𑘱𑘽𑘮𑘐𑘚 𑘎𑘱𑘩𑘿𑘩𑘰 𑘢𑘳𑘜𑘿𑘧𑘰𑘕𑘪𑘯 𑘁𑘮𑘹.,52
data/synthetic/images/line_0052_v034.png,सिंहगड किल्ला पुण्याजवळ आहे.,𑘭𑘱𑘽𑘮𑘐𑘚 𑘎𑘱𑘩𑘿𑘩𑘰 𑘢𑘳𑘜𑘿𑘧𑘰𑘕𑘪𑘯 𑘁𑘮𑘹.,52
data/synthetic/images/line_0052_v035.png,सिंहगड किल्ला पुण्याजवळ आहे.,𑘭𑘱𑘽𑘮𑘐𑘚 𑘎𑘱𑘩𑘿𑘩𑘰 𑘢𑘳𑘜𑘿𑘧𑘰𑘕𑘪𑘯 𑘁𑘮𑘹.,52
data/synthetic/images/line_0052_v036.png,सिंहगड किल्ला पुण्याजवळ आहे.,𑘭𑘱𑘽𑘮𑘐𑘚 𑘎𑘱𑘩𑘿𑘩𑘰 𑘢𑘳𑘜𑘿𑘧𑘰𑘕𑘪𑘯 𑘁𑘮𑘹.,52
data/synthetic/images/line_0052_v037.png,सिंहगड किल्ला पुण्याजवळ आहे.,𑘭𑘱𑘽𑘮𑘐𑘚 𑘎𑘱𑘩𑘿𑘩𑘰 𑘢𑘳𑘜𑘿𑘧𑘰𑘕𑘪𑘯 𑘁𑘮𑘹.,52
data/synthetic/images/line_0052_v038.png,सिंहगड किल्ला पुण्याजवळ आहे.,𑘭𑘱𑘽𑘮𑘐𑘚 𑘎𑘱𑘩𑘿𑘩𑘰 𑘢𑘳𑘜𑘿𑘧𑘰𑘕𑘪𑘯 𑘁𑘮𑘹.,52
data/synthetic/images/line_0052_v039.png,सिंहगड किल्ला पुण्याजवळ आहे.,𑘭𑘱𑘽𑘮𑘐𑘚 𑘎𑘱𑘩𑘿𑘩𑘰 𑘢𑘳𑘜𑘿𑘧𑘰𑘕𑘪𑘯 𑘁𑘮𑘹.,52
data/synthetic/images/line_0053_v000.png,इतिहासाची पुस्तके वाचायला मला आवडतात.,𑘂𑘝𑘱𑘮𑘰𑘭𑘰𑘓𑘲 𑘢𑘳𑘭𑘿𑘝𑘎𑘹 𑘪𑘰𑘓𑘰𑘧𑘩𑘰 𑘦𑘩𑘰 𑘁𑘪𑘚𑘝𑘰𑘝.,53
data/synthetic/images/line_0053_v001.png,इतिहासाची पुस्तके वाचायला मला आवडतात.,𑘂𑘝𑘱𑘮𑘰𑘭𑘰𑘓𑘲 𑘢𑘳𑘭𑘿𑘝𑘎𑘹 𑘪𑘰𑘓𑘰𑘧𑘩𑘰 𑘦𑘩𑘰 𑘁𑘪𑘚𑘝𑘰𑘝.,53
data/synthetic/images/line_0053_v002.png,इतिहासाची पुस्तके वाचायला मला आवडतात.,𑘂𑘝𑘱𑘮𑘰𑘭𑘰𑘓𑘲 𑘢𑘳𑘭𑘿𑘝𑘎𑘹 𑘪𑘰𑘓𑘰𑘧𑘩𑘰 𑘦𑘩𑘰 𑘁𑘪𑘚𑘝𑘰𑘝.,53
data/synthetic/images/line_0053_v003.png,इतिहासाची पुस्तके वाचायला मला आवडतात.,𑘂𑘝𑘱𑘮𑘰𑘭𑘰𑘓𑘲 𑘢𑘳𑘭𑘿𑘝𑘎𑘹 𑘪𑘰𑘓𑘰𑘧𑘩𑘰 𑘦𑘩𑘰 𑘁𑘪𑘚𑘝𑘰𑘝.,53
data/synthetic/images/line_0053_v004.png,इतिहासाची पुस्तके वाचायला मला आवडतात.,𑘂𑘝𑘱𑘮𑘰𑘭𑘰𑘓𑘲 𑘢𑘳𑘭𑘿𑘝𑘎𑘹 𑘪𑘰𑘓𑘰𑘧𑘩𑘰 𑘦𑘩𑘰 𑘁𑘪𑘚𑘝𑘰𑘝.,53
data/synthetic/images/line_0053_v005.png,इतिहासाची पुस्तके वाचायला मला आवडतात.,𑘂𑘝𑘱𑘮𑘰𑘭𑘰𑘓𑘲 𑘢𑘳𑘭𑘿𑘝𑘎𑘹 𑘪𑘰𑘓𑘰𑘧𑘩𑘰 𑘦𑘩𑘰 𑘁𑘪𑘚𑘝𑘰𑘝.,53
data/synthetic/images/line_0053_v006.png,इतिहासाची पुस्तके वाचायला मला आवडतात.,𑘂𑘝𑘱𑘮𑘰𑘭𑘰𑘓𑘲 𑘢𑘳𑘭𑘿𑘝𑘎𑘹 𑘪𑘰𑘓𑘰𑘧𑘩𑘰 𑘦𑘩𑘰 𑘁𑘪𑘚𑘝𑘰𑘝.,53
data/synthetic/images/line_0053_v007.png,इतिहासाची पुस्तके वाचायला मला आवडतात.,𑘂𑘝𑘱𑘮𑘰𑘭𑘰𑘓𑘲 𑘢𑘳𑘭𑘿𑘝𑘎𑘹 𑘪𑘰𑘓𑘰𑘧𑘩𑘰 𑘦𑘩𑘰 𑘁𑘪𑘚𑘝𑘰𑘝.,53
data/synthetic/images/line_0053_v008.png,इतिहासाची पुस्तके वाचायला मला आवडतात.,𑘂𑘝𑘱𑘮𑘰𑘭𑘰𑘓𑘲 𑘢𑘳𑘭𑘿𑘝𑘎𑘹 𑘪𑘰𑘓𑘰𑘧𑘩𑘰 𑘦𑘩𑘰 𑘁𑘪𑘚𑘝𑘰𑘝.,53
data/synthetic/images/line_0053_v009.png,इतिहासाची पुस्तके वाचायला मला आवडतात.,𑘂𑘝𑘱𑘮𑘰𑘭𑘰𑘓𑘲 𑘢𑘳𑘭𑘿𑘝𑘎𑘹 𑘪𑘰𑘓𑘰𑘧𑘩𑘰 𑘦𑘩𑘰 𑘁𑘪𑘚𑘝𑘰𑘝.,53
data/synthetic/images/line_0053_v010.png,इतिहासाची पुस्तके वाचायला मला आवडतात.,𑘂𑘝𑘱𑘮𑘰𑘭𑘰𑘓𑘲 𑘢𑘳𑘭𑘿𑘝𑘎𑘹 𑘪𑘰𑘓𑘰𑘧𑘩𑘰 𑘦𑘩𑘰 𑘁𑘪𑘚𑘝𑘰𑘝.,53
data/synthetic/images/line_0053_v011.png,इतिहासाची पुस्तके वाचायला मला आवडतात.,𑘂𑘝𑘱𑘮𑘰𑘭𑘰𑘓𑘲 𑘢𑘳𑘭𑘿𑘝𑘎𑘹 𑘪𑘰𑘓𑘰𑘧𑘩𑘰 𑘦𑘩𑘰 𑘁𑘪𑘚𑘝𑘰𑘝.,53
data/synthetic/images/line_0053_v012.png,इतिहासाची पुस्तके वाचायला मला आवडतात.,𑘂𑘝𑘱𑘮𑘰𑘭𑘰𑘓𑘲 𑘢𑘳𑘭𑘿𑘝𑘎𑘹 𑘪𑘰𑘓𑘰𑘧𑘩𑘰 𑘦𑘩𑘰 𑘁𑘪𑘚𑘝𑘰𑘝.,53
data/synthetic/images/line_0053_v013.png,इतिहासाची पुस्तके वाचायला मला आवडतात.,𑘂𑘝𑘱𑘮𑘰𑘭𑘰𑘓𑘲 𑘢𑘳𑘭𑘿𑘝𑘎𑘹 𑘪𑘰𑘓𑘰𑘧𑘩𑘰 𑘦𑘩𑘰 𑘁𑘪𑘚𑘝𑘰𑘝.,53
data/synthetic/images/line_0053_v014.png,इतिहासाची पुस्तके वाचायला मला आवडतात.,𑘂𑘝𑘱𑘮𑘰𑘭𑘰𑘓𑘲 𑘢𑘳𑘭𑘿𑘝𑘎𑘹 𑘪𑘰𑘓𑘰𑘧𑘩𑘰 𑘦𑘩𑘰 𑘁𑘪𑘚𑘝𑘰𑘝.,53
data/synthetic/images/line_0053_v015.png,इतिहासाची पुस्तके वाचायला मला आवडतात.,𑘂𑘝𑘱𑘮𑘰𑘭𑘰𑘓𑘲 𑘢𑘳𑘭𑘿𑘝𑘎𑘹 𑘪𑘰𑘓𑘰𑘧𑘩𑘰 𑘦𑘩𑘰 𑘁𑘪𑘚𑘝𑘰𑘝.,53
data/synthetic/images/line_0053_v016.png,इतिहासाची पुस्तके वाचायला मला आवडतात.,𑘂𑘝𑘱𑘮𑘰𑘭𑘰𑘓𑘲 𑘢𑘳𑘭𑘿𑘝𑘎𑘹 𑘪𑘰𑘓𑘰𑘧𑘩𑘰 𑘦𑘩𑘰 𑘁𑘪𑘚𑘝𑘰𑘝.,53
data/synthetic/images/line_0053_v017.png,इतिहासाची पुस्तके वाचायला मला आवडतात.,𑘂𑘝𑘱𑘮𑘰𑘭𑘰𑘓𑘲 𑘢𑘳𑘭𑘿𑘝𑘎𑘹 𑘪𑘰𑘓𑘰𑘧𑘩𑘰 𑘦𑘩𑘰 𑘁𑘪𑘚𑘝𑘰𑘝.,53
data/synthetic/images/line_0053_v018.png,इतिहासाची पुस्तके वाचायला मला आवडतात.,𑘂𑘝𑘱𑘮𑘰𑘭𑘰𑘓𑘲 𑘢𑘳𑘭𑘿𑘝𑘎𑘹 𑘪𑘰𑘓𑘰𑘧𑘩𑘰 𑘦𑘩𑘰 𑘁𑘪𑘚𑘝𑘰𑘝.,53
data/synthetic/images/line_0053_v019.png,इतिहासाची पुस्तके वाचायला मला आवडतात.,𑘂𑘝𑘱𑘮𑘰𑘭𑘰𑘓𑘲 𑘢𑘳𑘭𑘿𑘝𑘎𑘹 𑘪𑘰𑘓𑘰𑘧𑘩𑘰 𑘦𑘩𑘰 𑘁𑘪𑘚𑘝𑘰𑘝.,53
data/synthetic/images/line_0053_v020.png,इतिहासाची पुस्तके वाचायला मला आवडतात.,𑘂𑘝𑘱𑘮𑘰𑘭𑘰𑘓𑘲 𑘢𑘳𑘭𑘿𑘝𑘎𑘹 𑘪𑘰𑘓𑘰𑘧𑘩𑘰 𑘦𑘩𑘰 𑘁𑘪𑘚𑘝𑘰𑘝.,53
data/synthetic/images/line_0053_v021.png,इतिहासाची पुस्तके वाचायला मला आवडतात.,𑘂𑘝𑘱𑘮𑘰𑘭𑘰𑘓𑘲 𑘢𑘳𑘭𑘿𑘝𑘎𑘹 𑘪𑘰𑘓𑘰𑘧𑘩𑘰 𑘦𑘩𑘰 𑘁𑘪𑘚𑘝𑘰𑘝.,53
data/synthetic/images/line_0053_v022.png,इतिहासाची पुस्तके वाचायला मला आवडतात.,𑘂𑘝𑘱𑘮𑘰𑘭𑘰𑘓𑘲 𑘢𑘳𑘭𑘿𑘝𑘎𑘹 𑘪𑘰𑘓𑘰𑘧𑘩𑘰 𑘦𑘩𑘰 𑘁𑘪𑘚𑘝𑘰𑘝.,53
data/synthetic/images/line_0053_v023.png,इतिहासाची पुस्तके वाचायला मला आवडतात.,𑘂𑘝𑘱𑘮𑘰𑘭𑘰𑘓𑘲 𑘢𑘳𑘭𑘿𑘝𑘎𑘹 𑘪𑘰𑘓𑘰𑘧𑘩𑘰 𑘦𑘩𑘰 𑘁𑘪𑘚𑘝𑘰𑘝.,53
data/synthetic/images/line_0053_v024.png,इतिहासाची पुस्तके वाचायला मला आवडतात.,𑘂𑘝𑘱𑘮𑘰𑘭𑘰𑘓𑘲 𑘢𑘳𑘭𑘿𑘝𑘎𑘹 𑘪𑘰𑘓𑘰𑘧𑘩𑘰 𑘦𑘩𑘰 𑘁𑘪𑘚𑘝𑘰𑘝.,53
data/synthetic/images/line_0053_v025.png,इतिहासाची पुस्तके वाचायला मला आवडतात.,𑘂𑘝𑘱𑘮𑘰𑘭𑘰𑘓𑘲 𑘢𑘳𑘭𑘿𑘝𑘎𑘹 𑘪𑘰𑘓𑘰𑘧𑘩𑘰 𑘦𑘩𑘰 𑘁𑘪𑘚𑘝𑘰𑘝.,53
data/synthetic/images/line_0053_v026.png,इतिहासाची पुस्तके वाचायला मला आवडतात.,𑘂𑘝𑘱𑘮𑘰𑘭𑘰𑘓𑘲 𑘢𑘳𑘭𑘿𑘝𑘎𑘹 𑘪𑘰𑘓𑘰𑘧𑘩𑘰 𑘦𑘩𑘰 𑘁𑘪𑘚𑘝𑘰𑘝.,53
data/synthetic/images/line_0053_v027.png,इतिहासाची पुस्तके वाचायला मला आवडतात.,𑘂𑘝𑘱𑘮𑘰𑘭𑘰𑘓𑘲 𑘢𑘳𑘭𑘿𑘝𑘎𑘹 𑘪𑘰𑘓𑘰𑘧𑘩𑘰 𑘦𑘩𑘰 𑘁𑘪𑘚𑘝𑘰𑘝.,53
data/synthetic/images/line_0053_v028.png,इतिहासाची पुस्तके वाचायला मला आवडतात.,𑘂𑘝𑘱𑘮𑘰𑘭𑘰𑘓𑘲 𑘢𑘳𑘭𑘿𑘝𑘎𑘹 𑘪𑘰𑘓𑘰𑘧𑘩𑘰 𑘦𑘩𑘰 𑘁𑘪𑘚𑘝𑘰𑘝.,53
data/synthetic/images/line_0053_v029.png,इतिहासाची पुस्तके वाचायला मला आवडतात.,𑘂𑘝𑘱𑘮𑘰𑘭𑘰𑘓𑘲 𑘢𑘳𑘭𑘿𑘝𑘎𑘹 𑘪𑘰𑘓𑘰𑘧𑘩𑘰 𑘦𑘩𑘰 𑘁𑘪𑘚𑘝𑘰𑘝.,53
data/synthetic/images/line_0053_v030.png,इतिहासाची पुस्तके वाचायला मला आवडतात.,𑘂𑘝𑘱𑘮𑘰𑘭𑘰𑘓𑘲 𑘢𑘳𑘭𑘿𑘝𑘎𑘹 𑘪𑘰𑘓𑘰𑘧𑘩𑘰 𑘦𑘩𑘰 𑘁𑘪𑘚𑘝𑘰𑘝.,53
data/synthetic/images/line_0053_v031.png,इतिहासाची पुस्तके वाचायला मला आवडतात.,𑘂𑘝𑘱𑘮𑘰𑘭𑘰𑘓𑘲 𑘢𑘳𑘭𑘿𑘝𑘎𑘹 𑘪𑘰𑘓𑘰𑘧𑘩𑘰 𑘦𑘩𑘰 𑘁𑘪𑘚𑘝𑘰𑘝.,53
data/synthetic/images/line_0053_v032.png,इतिहासाची पुस्तके वाचायला मला आवडतात.,𑘂𑘝𑘱𑘮𑘰𑘭𑘰𑘓𑘲 𑘢𑘳𑘭𑘿𑘝𑘎𑘹 𑘪𑘰𑘓𑘰𑘧𑘩𑘰 𑘦𑘩𑘰 𑘁𑘪𑘚𑘝𑘰𑘝.,53
data/synthetic/images/line_0053_v033.png,इतिहासाची पुस्तके वाचायला मला आवडतात.,𑘂𑘝𑘱𑘮𑘰𑘭𑘰𑘓𑘲 𑘢𑘳𑘭𑘿𑘝𑘎𑘹 𑘪𑘰𑘓𑘰𑘧𑘩𑘰 𑘦𑘩𑘰 𑘁𑘪𑘚𑘝𑘰𑘝.,53
data/synthetic/images/line_0053_v034.png,इतिहासाची पुस्तके वाचायला मला आवडतात.,𑘂𑘝𑘱𑘮𑘰𑘭𑘰𑘓𑘲 𑘢𑘳𑘭𑘿𑘝𑘎𑘹 𑘪𑘰𑘓𑘰𑘧𑘩𑘰 𑘦𑘩𑘰 𑘁𑘪𑘚𑘝𑘰𑘝.,53
data/synthetic/images/line_0053_v035.png,इतिहासाची पुस्तके वाचायला मला आवडतात.,𑘂𑘝𑘱𑘮𑘰𑘭𑘰𑘓𑘲 𑘢𑘳𑘭𑘿𑘝𑘎𑘹 𑘪𑘰𑘓𑘰𑘧𑘩𑘰 𑘦𑘩𑘰 𑘁𑘪𑘚𑘝𑘰𑘝.,53
data/synthetic/images/line_0053_v036.png,इतिहासाची पुस्तके वाचायला मला आवडतात.,𑘂𑘝𑘱𑘮𑘰𑘭𑘰𑘓𑘲 𑘢𑘳𑘭𑘿𑘝𑘎𑘹 𑘪𑘰𑘓𑘰𑘧𑘩𑘰 𑘦𑘩𑘰 𑘁𑘪𑘚𑘝𑘰𑘝.,53
data/synthetic/images/line_0053_v037.png,इतिहासाची पुस्तके वाचायला मला आवडतात.,𑘂𑘝𑘱𑘮𑘰𑘭𑘰𑘓𑘲 𑘢𑘳𑘭𑘿𑘝𑘎𑘹 𑘪𑘰𑘓𑘰𑘧𑘩𑘰 𑘦𑘩𑘰 𑘁𑘪𑘚𑘝𑘰𑘝.,53
data/synthetic/images/line_0053_v038.png,इतिहासाची पुस्तके वाचायला मला आवडतात.,𑘂𑘝𑘱𑘮𑘰𑘭𑘰𑘓𑘲 𑘢𑘳𑘭𑘿𑘝𑘎𑘹 𑘪𑘰𑘓𑘰𑘧𑘩𑘰 𑘦𑘩𑘰 𑘁𑘪𑘚𑘝𑘰𑘝.,53
data/synthetic/images/line_0053_v039.png,इतिहासाची पुस्तके वाचायला मला आवडतात.,𑘂𑘝𑘱𑘮𑘰𑘭𑘰𑘓𑘲 𑘢𑘳𑘭𑘿𑘝𑘎𑘹 𑘪𑘰𑘓𑘰𑘧𑘩𑘰 𑘦𑘩𑘰 𑘁𑘪𑘚𑘝𑘰𑘝.,53
data/synthetic/images/line_0054_v000.png,जुन्या कागदपत्रांचा अभ्यास करणे रंजक आहे.,𑘕𑘳𑘡𑘿𑘧𑘰 𑘎𑘰𑘐𑘟𑘢𑘝𑘿𑘨𑘰𑘽𑘓𑘰 𑘀𑘥𑘿𑘧𑘰𑘭 𑘎𑘨𑘜𑘹 𑘨𑘽𑘕𑘎 𑘁𑘮𑘹.,54
data/synthetic/images/line_0054_v001.png,जुन्या कागदपत्रांचा अभ्यास करणे रंजक आहे.,𑘕𑘳𑘡𑘿𑘧𑘰 𑘎𑘰𑘐𑘟𑘢𑘝𑘿𑘨𑘰𑘽𑘓𑘰 𑘀𑘥𑘿𑘧𑘰𑘭 𑘎𑘨𑘜𑘹 𑘨𑘽𑘕𑘎 𑘁𑘮𑘹.,54
data/synthetic/images/line_0054_v002.png,जुन्या कागदपत्रांचा अभ्यास करणे रंजक आहे.,𑘕𑘳𑘡𑘿𑘧𑘰 𑘎𑘰𑘐𑘟𑘢𑘝𑘿𑘨𑘰𑘽𑘓𑘰 𑘀𑘥𑘿𑘧𑘰𑘭 𑘎𑘨𑘜𑘹 𑘨𑘽𑘕𑘎 𑘁𑘮𑘹.,54
data/synthetic/images/line_0054_v003.png,जुन्या कागदपत्रांचा अभ्यास करणे रंजक आहे.,𑘕𑘳𑘡𑘿𑘧𑘰 𑘎𑘰𑘐𑘟𑘢𑘝𑘿𑘨𑘰𑘽𑘓𑘰 𑘀𑘥𑘿𑘧𑘰𑘭 𑘎𑘨𑘜𑘹 𑘨𑘽𑘕𑘎 𑘁𑘮𑘹.,54
data/synthetic/images/line_0054_v004.png,जुन्या कागदपत्रांचा अभ्यास करणे रंजक आहे.,𑘕𑘳𑘡𑘿𑘧𑘰 𑘎𑘰𑘐𑘟𑘢𑘝𑘿𑘨𑘰𑘽𑘓𑘰 𑘀𑘥𑘿𑘧𑘰𑘭 𑘎𑘨𑘜𑘹 𑘨𑘽𑘕𑘎 𑘁𑘮𑘹.,54
data/synthetic/images/line_0054_v005.png,जुन्या कागदपत्रांचा अभ्यास करणे रंजक आहे.,𑘕𑘳𑘡𑘿𑘧𑘰 𑘎𑘰𑘐𑘟𑘢𑘝𑘿𑘨𑘰𑘽𑘓𑘰 𑘀𑘥𑘿𑘧𑘰𑘭 𑘎𑘨𑘜𑘹 𑘨𑘽𑘕𑘎 𑘁𑘮𑘹.,54
data/synthetic/images/line_0054_v006.png,जुन्या कागदपत्रांचा अभ्यास करणे रंजक आहे.,𑘕𑘳𑘡𑘿𑘧𑘰 𑘎𑘰𑘐𑘟𑘢𑘝𑘿𑘨𑘰𑘽𑘓𑘰 𑘀𑘥𑘿𑘧𑘰𑘭 𑘎𑘨𑘜𑘹 𑘨𑘽𑘕𑘎 𑘁𑘮𑘹.,54
data/synthetic/images/line_0054_v007.png,जुन्या कागदपत्रांचा अभ्यास करणे रंजक आहे.,𑘕𑘳𑘡𑘿𑘧𑘰 𑘎𑘰𑘐𑘟𑘢𑘝𑘿𑘨𑘰𑘽𑘓𑘰 𑘀𑘥𑘿𑘧𑘰𑘭 𑘎𑘨𑘜𑘹 𑘨𑘽𑘕𑘎 𑘁𑘮𑘹.,54
data/synthetic/images/line_0054_v008.png,जुन्या कागदपत्रांचा अभ्यास करणे रंजक आहे.,𑘕𑘳𑘡𑘿𑘧𑘰 𑘎𑘰𑘐𑘟𑘢𑘝𑘿𑘨𑘰𑘽𑘓𑘰 𑘀𑘥𑘿𑘧𑘰𑘭 𑘎𑘨𑘜𑘹 𑘨𑘽𑘕𑘎 𑘁𑘮𑘹.,54
data/synthetic/images/line_0054_v009.png,जुन्या कागदपत्रांचा अभ्यास करणे रंजक आहे.,𑘕𑘳𑘡𑘿𑘧𑘰 𑘎𑘰𑘐𑘟𑘢𑘝𑘿𑘨𑘰𑘽𑘓𑘰 𑘀𑘥𑘿𑘧𑘰𑘭 𑘎𑘨𑘜𑘹 𑘨𑘽𑘕𑘎 𑘁𑘮𑘹.,54
data/synthetic/images/line_0054_v010.png,जुन्या कागदपत्रांचा अभ्यास करणे रंजक आहे.,𑘕𑘳𑘡𑘿𑘧𑘰 𑘎𑘰𑘐𑘟𑘢𑘝𑘿𑘨𑘰𑘽𑘓𑘰 𑘀𑘥𑘿𑘧𑘰𑘭 𑘎𑘨𑘜𑘹 𑘨𑘽𑘕𑘎 𑘁𑘮𑘹.,54
data/synthetic/images/line_0054_v011.png,जुन्या कागदपत्रांचा अभ्यास करणे रंजक आहे.,𑘕𑘳𑘡𑘿𑘧𑘰 𑘎𑘰𑘐𑘟𑘢𑘝𑘿𑘨𑘰𑘽𑘓𑘰 𑘀𑘥𑘿𑘧𑘰𑘭 𑘎𑘨𑘜𑘹 𑘨𑘽𑘕𑘎 𑘁𑘮𑘹.,54
data/synthetic/images/line_0054_v012.png,जुन्या कागदपत्रांचा अभ्यास करणे रंजक आहे.,𑘕𑘳𑘡𑘿𑘧𑘰 𑘎𑘰𑘐𑘟𑘢𑘝𑘿𑘨𑘰𑘽𑘓𑘰 𑘀𑘥𑘿𑘧𑘰𑘭 𑘎𑘨𑘜𑘹 𑘨𑘽𑘕𑘎 𑘁𑘮𑘹.,54
data/synthetic/images/line_0054_v013.png,जुन्या कागदपत्रांचा अभ्यास करणे रंजक आहे.,𑘕𑘳𑘡𑘿𑘧𑘰 𑘎𑘰𑘐𑘟𑘢𑘝𑘿𑘨𑘰𑘽𑘓𑘰 𑘀𑘥𑘿𑘧𑘰𑘭 𑘎𑘨𑘜𑘹 𑘨𑘽𑘕𑘎 𑘁𑘮𑘹.,54
data/synthetic/images/line_0054_v014.png,जुन्या कागदपत्रांचा अभ्यास करणे रंजक आहे.,𑘕𑘳𑘡𑘿𑘧𑘰 𑘎𑘰𑘐𑘟𑘢𑘝𑘿𑘨𑘰𑘽𑘓𑘰 𑘀𑘥𑘿𑘧𑘰𑘭 𑘎𑘨𑘜𑘹 𑘨𑘽𑘕𑘎 𑘁𑘮𑘹.,54
data/synthetic/images/line_0054_v015.png,जुन्या कागदपत्रांचा अभ्यास करणे रंजक आहे.,𑘕𑘳𑘡𑘿𑘧𑘰 𑘎𑘰𑘐𑘟𑘢𑘝𑘿𑘨𑘰𑘽𑘓𑘰 𑘀𑘥𑘿𑘧𑘰𑘭 𑘎𑘨𑘜𑘹 𑘨𑘽𑘕𑘎 𑘁𑘮𑘹.,54
data/synthetic/images/line_0054_v016.png,जुन्या कागदपत्रांचा अभ्यास करणे रंजक आहे.,𑘕𑘳𑘡𑘿𑘧𑘰 𑘎𑘰𑘐𑘟𑘢𑘝𑘿𑘨𑘰𑘽𑘓𑘰 𑘀𑘥𑘿𑘧𑘰𑘭 𑘎𑘨𑘜𑘹 𑘨𑘽𑘕𑘎 𑘁𑘮𑘹.,54
data/synthetic/images/line_0054_v017.png,जुन्या कागदपत्रांचा अभ्यास करणे रंजक आहे.,𑘕𑘳𑘡𑘿𑘧𑘰 𑘎𑘰𑘐𑘟𑘢𑘝𑘿𑘨𑘰𑘽𑘓𑘰 𑘀𑘥𑘿𑘧𑘰𑘭 𑘎𑘨𑘜𑘹 𑘨𑘽𑘕𑘎 𑘁𑘮𑘹.,54
data/synthetic/images/line_0054_v018.png,जुन्या कागदपत्रांचा अभ्यास करणे रंजक आहे.,𑘕𑘳𑘡𑘿𑘧𑘰 𑘎𑘰𑘐𑘟𑘢𑘝𑘿𑘨𑘰𑘽𑘓𑘰 𑘀𑘥𑘿𑘧𑘰𑘭 𑘎𑘨𑘜𑘹 𑘨𑘽𑘕𑘎 𑘁𑘮𑘹.,54
data/synthetic/images/line_0054_v019.png,जुन्या कागदपत्रांचा अभ्यास करणे रंजक आहे.,𑘕𑘳𑘡𑘿𑘧𑘰 𑘎𑘰𑘐𑘟𑘢𑘝𑘿𑘨𑘰𑘽𑘓𑘰 𑘀𑘥𑘿𑘧𑘰𑘭 𑘎𑘨𑘜𑘹 𑘨𑘽𑘕𑘎 𑘁𑘮𑘹.,54
data/synthetic/images/line_0054_v020.png,जुन्या कागदपत्रांचा अभ्यास करणे रंजक आहे.,𑘕𑘳𑘡𑘿𑘧𑘰 𑘎𑘰𑘐𑘟𑘢𑘝𑘿𑘨𑘰𑘽𑘓𑘰 𑘀𑘥𑘿𑘧𑘰𑘭 𑘎𑘨𑘜𑘹 𑘨𑘽𑘕𑘎 𑘁𑘮𑘹.,54
data/synthetic/images/line_0054_v021.png,जुन्या कागदपत्रांचा अभ्यास करणे रंजक आहे.,𑘕𑘳𑘡𑘿𑘧𑘰 𑘎𑘰𑘐𑘟𑘢𑘝𑘿𑘨𑘰𑘽𑘓𑘰 𑘀𑘥𑘿𑘧𑘰𑘭 𑘎𑘨𑘜𑘹 𑘨𑘽𑘕𑘎 𑘁𑘮𑘹.,54
data/synthetic/images/line_0054_v022.png,जुन्या कागदपत्रांचा अभ्यास करणे रंजक आहे.,𑘕𑘳𑘡𑘿𑘧𑘰 𑘎𑘰𑘐𑘟𑘢𑘝𑘿𑘨𑘰𑘽𑘓𑘰 𑘀𑘥𑘿𑘧𑘰𑘭 𑘎𑘨𑘜𑘹 𑘨𑘽𑘕𑘎 𑘁𑘮𑘹.,54
data/synthetic/images/line_0054_v023.png,जुन्या कागदपत्रांचा अभ्यास करणे रंजक आहे.,𑘕𑘳𑘡𑘿𑘧𑘰 𑘎𑘰𑘐𑘟𑘢𑘝𑘿𑘨𑘰𑘽𑘓𑘰 𑘀𑘥𑘿𑘧𑘰𑘭 𑘎𑘨𑘜𑘹 𑘨𑘽𑘕𑘎 𑘁𑘮𑘹.,54
data/synthetic/images/line_0054_v024.png,जुन्या कागदपत्रांचा अभ्यास करणे रंजक आहे.,𑘕𑘳𑘡𑘿𑘧𑘰 𑘎𑘰𑘐𑘟𑘢𑘝𑘿𑘨𑘰𑘽𑘓𑘰 𑘀𑘥𑘿𑘧𑘰𑘭 𑘎𑘨𑘜𑘹 𑘨𑘽𑘕𑘎 𑘁𑘮𑘹.,54
data/synthetic/images/line_0054_v025.png,जुन्या कागदपत्रांचा अभ्यास करणे रंजक आहे.,𑘕𑘳𑘡𑘿𑘧𑘰 𑘎𑘰𑘐𑘟𑘢𑘝𑘿𑘨𑘰𑘽𑘓𑘰 𑘀𑘥𑘿𑘧𑘰𑘭 𑘎𑘨𑘜𑘹 𑘨𑘽𑘕𑘎 𑘁𑘮𑘹.,54
data/synthetic/images/line_0054_v026.png,जुन्या कागदपत्रांचा अभ्यास करणे रंजक आहे.,𑘕𑘳𑘡𑘿𑘧𑘰 𑘎𑘰𑘐𑘟𑘢𑘝𑘿𑘨𑘰𑘽𑘓𑘰 𑘀𑘥𑘿𑘧𑘰𑘭 𑘎𑘨𑘜𑘹 𑘨𑘽𑘕𑘎 𑘁𑘮𑘹.,54
data/synthetic/images/line_0054_v027.png,जुन्या कागदपत्रांचा अभ्यास करणे रंजक आहे.,𑘕𑘳𑘡𑘿𑘧𑘰 𑘎𑘰𑘐𑘟𑘢𑘝𑘿𑘨𑘰𑘽𑘓𑘰 𑘀𑘥𑘿𑘧𑘰𑘭 𑘎𑘨𑘜𑘹 𑘨𑘽𑘕𑘎 𑘁𑘮𑘹.,54
data/synthetic/images/line_0054_v028.png,जुन्या कागदपत्रांचा अभ्यास करणे रंजक आहे.,𑘕𑘳𑘡𑘿𑘧𑘰 𑘎𑘰𑘐𑘟𑘢𑘝𑘿𑘨𑘰𑘽𑘓𑘰 𑘀𑘥𑘿𑘧𑘰𑘭 𑘎𑘨𑘜𑘹 𑘨𑘽𑘕𑘎 𑘁𑘮𑘹.,54
data/synthetic/images/line_0054_v029.png,जुन्या कागदपत्रांचा अभ्यास करणे रंजक आहे.,𑘕𑘳𑘡𑘿𑘧𑘰 𑘎𑘰𑘐𑘟𑘢𑘝𑘿𑘨𑘰𑘽𑘓𑘰 𑘀𑘥𑘿𑘧𑘰𑘭 𑘎𑘨𑘜𑘹 𑘨𑘽𑘕𑘎 𑘁𑘮𑘹.,54
data/synthetic/images/line_0054_v030.png,जुन्या कागदपत्रांचा अभ्यास करणे रंजक आहे.,𑘕𑘳𑘡𑘿𑘧𑘰 𑘎𑘰𑘐𑘟𑘢𑘝𑘿𑘨𑘰𑘽𑘓𑘰 𑘀𑘥𑘿𑘧𑘰𑘭 𑘎𑘨𑘜𑘹 𑘨𑘽𑘕𑘎 𑘁𑘮𑘹.,54
data/synthetic/images/line_0054_v031.png,जुन्या कागदपत्रांचा अभ्यास करणे रंजक आहे.,𑘕𑘳𑘡𑘿𑘧𑘰 𑘎𑘰𑘐𑘟𑘢𑘝𑘿𑘨𑘰𑘽𑘓𑘰 𑘀𑘥𑘿𑘧𑘰𑘭 𑘎𑘨𑘜𑘹 𑘨𑘽𑘕𑘎 𑘁𑘮𑘹.,54
data/synthetic/images/line_0054_v032.png,जुन्या कागदपत्रांचा अभ्यास करणे रंजक आहे.,𑘕𑘳𑘡𑘿𑘧𑘰 𑘎𑘰𑘐𑘟𑘢𑘝𑘿𑘨𑘰𑘽𑘓𑘰 𑘀𑘥𑘿𑘧𑘰𑘭 𑘎𑘨𑘜𑘹 𑘨𑘽𑘕𑘎 𑘁𑘮𑘹.,54
data/synthetic/images/line_0054_v033.png,जुन्या कागदपत्रांचा अभ्यास करणे रंजक आहे.,𑘕𑘳𑘡𑘿𑘧𑘰 𑘎𑘰𑘐𑘟𑘢𑘝𑘿𑘨𑘰𑘽𑘓𑘰 𑘀𑘥𑘿𑘧𑘰𑘭 𑘎𑘨𑘜𑘹 𑘨𑘽𑘕𑘎 𑘁𑘮𑘹.,54
data/synthetic/images/line_0054_v034.png,जुन्या कागदपत्रांचा अभ्यास करणे रंजक आहे.,𑘕𑘳𑘡𑘿𑘧𑘰 𑘎𑘰𑘐𑘟𑘢𑘝𑘿𑘨𑘰𑘽𑘓𑘰 𑘀𑘥𑘿𑘧𑘰𑘭 𑘎𑘨𑘜𑘹 𑘨𑘽𑘕𑘎 𑘁𑘮𑘹.,54
data/synthetic/images/line_0054_v035.png,जुन्या कागदपत्रांचा अभ्यास करणे रंजक आहे.,𑘕𑘳𑘡𑘿𑘧𑘰 𑘎𑘰𑘐𑘟𑘢𑘝𑘿𑘨𑘰𑘽𑘓𑘰 𑘀𑘥𑘿𑘧𑘰𑘭 𑘎𑘨𑘜𑘹 𑘨𑘽𑘕𑘎 𑘁𑘮𑘹.,54
data/synthetic/images/line_0054_v036.png,जुन्या कागदपत्रांचा अभ्यास करणे रंजक आहे.,𑘕𑘳𑘡𑘿𑘧𑘰 𑘎𑘰𑘐𑘟𑘢𑘝𑘿𑘨𑘰𑘽𑘓𑘰 𑘀𑘥𑘿𑘧𑘰𑘭 𑘎𑘨𑘜𑘹 𑘨𑘽𑘕𑘎 𑘁𑘮𑘹.,54
data/synthetic/images/line_0054_v037.png,जुन्या कागदपत्रांचा अभ्यास करणे रंजक आहे.,𑘕𑘳𑘡𑘿𑘧𑘰 𑘎𑘰𑘐𑘟𑘢𑘝𑘿𑘨𑘰𑘽𑘓𑘰 𑘀𑘥𑘿𑘧𑘰𑘭 𑘎𑘨𑘜𑘹 𑘨𑘽𑘕𑘎 𑘁𑘮𑘹.,54
data/synthetic/images/line_0054_v038.png,जुन्या कागदपत्रांचा अभ्यास करणे रंजक आहे.,𑘕𑘳𑘡𑘿𑘧𑘰 𑘎𑘰𑘐𑘟𑘢𑘝𑘿𑘨𑘰𑘽𑘓𑘰 𑘀𑘥𑘿𑘧𑘰𑘭 𑘎𑘨𑘜𑘹 𑘨𑘽𑘕𑘎 𑘁𑘮𑘹.,54
data/synthetic/images/line_0054_v039.png,जुन्या कागदपत्रांचा अभ्यास करणे रंजक आहे.,𑘕𑘳𑘡𑘿𑘧𑘰 𑘎𑘰𑘐𑘟𑘢𑘝𑘿𑘨𑘰𑘽𑘓𑘰 𑘀𑘥𑘿𑘧𑘰𑘭 𑘎𑘨𑘜𑘹 𑘨𑘽𑘕𑘎 𑘁𑘮𑘹.,54
data/synthetic/images/line_0055_v000.png,संग्रहालयात जुन्या वस्तू ठेवलेल्या असतात.,𑘭𑘽𑘐𑘿𑘨𑘮𑘰𑘩𑘧𑘰𑘝 𑘕𑘳𑘡𑘿𑘧𑘰 𑘪𑘭𑘿𑘝𑘴 𑘙𑘹𑘪𑘩𑘹𑘩𑘿𑘧𑘰 𑘀𑘭𑘝𑘰𑘝.,55
data/synthetic/images/line_0055_v001.png,संग्रहालयात जुन्या वस्तू ठेवलेल्या असतात.,𑘭𑘽𑘐𑘿𑘨𑘮𑘰𑘩𑘧𑘰𑘝 𑘕𑘳𑘡𑘿𑘧𑘰 𑘪𑘭𑘿𑘝𑘴 𑘙𑘹𑘪𑘩𑘹𑘩𑘿𑘧𑘰 𑘀𑘭𑘝𑘰𑘝.,55
data/synthetic/images/line_0055_v002.png,संग्रहालयात जुन्या वस्तू ठेवलेल्या असतात.,𑘭𑘽𑘐𑘿𑘨𑘮𑘰𑘩𑘧𑘰𑘝 𑘕𑘳𑘡𑘿𑘧𑘰 𑘪𑘭𑘿𑘝𑘴 𑘙𑘹𑘪𑘩𑘹𑘩𑘿𑘧𑘰 𑘀𑘭𑘝𑘰𑘝.,55
data/synthetic/images/line_0055_v003.png,संग्रहालयात जुन्या वस्तू ठेवलेल्या असतात.,𑘭𑘽𑘐𑘿𑘨𑘮𑘰𑘩𑘧𑘰𑘝 𑘕𑘳𑘡𑘿𑘧𑘰 𑘪𑘭𑘿𑘝𑘴 𑘙𑘹𑘪𑘩𑘹𑘩𑘿𑘧𑘰 𑘀𑘭𑘝𑘰𑘝.,55
data/synthetic/images/line_0055_v004.png,संग्रहालयात जुन्या वस्तू ठेवलेल्या असतात.,𑘭𑘽𑘐𑘿𑘨𑘮𑘰𑘩𑘧𑘰𑘝 𑘕𑘳𑘡𑘿𑘧𑘰 𑘪𑘭𑘿𑘝𑘴 𑘙𑘹𑘪𑘩𑘹𑘩𑘿𑘧𑘰 𑘀𑘭𑘝𑘰𑘝.,55
data/synthetic/images/line_0055_v005.png,संग्रहालयात जुन्या वस्तू ठेवलेल्या असतात.,𑘭𑘽𑘐𑘿𑘨𑘮𑘰𑘩𑘧𑘰𑘝 𑘕𑘳𑘡𑘿𑘧𑘰 𑘪𑘭𑘿𑘝𑘴 𑘙𑘹𑘪𑘩𑘹𑘩𑘿𑘧𑘰 𑘀𑘭𑘝𑘰𑘝.,55
data/synthetic/images/line_0055_v006.png,संग्रहालयात जुन्या वस्तू ठेवलेल्या असतात.,𑘭𑘽𑘐𑘿𑘨𑘮𑘰𑘩𑘧𑘰𑘝 𑘕𑘳𑘡𑘿𑘧𑘰 𑘪𑘭𑘿𑘝𑘴 𑘙𑘹𑘪𑘩𑘹𑘩𑘿𑘧𑘰 𑘀𑘭𑘝𑘰𑘝.,55
data/synthetic/images/line_0055_v007.png,संग्रहालयात जुन्या वस्तू ठेवलेल्या असतात.,𑘭𑘽𑘐𑘿𑘨𑘮𑘰𑘩𑘧𑘰𑘝 𑘕𑘳𑘡𑘿𑘧𑘰 𑘪𑘭𑘿𑘝𑘴 𑘙𑘹𑘪𑘩𑘹𑘩𑘿𑘧𑘰 𑘀𑘭𑘝𑘰𑘝.,55
data/synthetic/images/line_0055_v008.png,संग्रहालयात जुन्या वस्तू ठेवलेल्या असतात.,𑘭𑘽𑘐𑘿𑘨𑘮𑘰𑘩𑘧𑘰𑘝 𑘕𑘳𑘡𑘿𑘧𑘰 𑘪𑘭𑘿𑘝𑘴 𑘙𑘹𑘪𑘩𑘹𑘩𑘿𑘧𑘰 𑘀𑘭𑘝𑘰𑘝.,55
data/synthetic/images/line_0055_v009.png,संग्रहालयात जुन्या वस्तू ठेवलेल्या असतात.,𑘭𑘽𑘐𑘿𑘨𑘮𑘰𑘩𑘧𑘰𑘝 𑘕𑘳𑘡𑘿𑘧𑘰 𑘪𑘭𑘿𑘝𑘴 𑘙𑘹𑘪𑘩𑘹𑘩𑘿𑘧𑘰 𑘀𑘭𑘝𑘰𑘝.,55
data/synthetic/images/line_0055_v010.png,संग्रहालयात जुन्या वस्तू ठेवलेल्या असतात.,𑘭𑘽𑘐𑘿𑘨𑘮𑘰𑘩𑘧𑘰𑘝 𑘕𑘳𑘡𑘿𑘧𑘰 𑘪𑘭𑘿𑘝𑘴 𑘙𑘹𑘪𑘩𑘹𑘩𑘿𑘧𑘰 𑘀𑘭𑘝𑘰𑘝.,55
data/synthetic/images/line_0055_v011.png,संग्रहालयात जुन्या वस्तू ठेवलेल्या असतात.,𑘭𑘽𑘐𑘿𑘨𑘮𑘰𑘩𑘧𑘰𑘝 𑘕𑘳𑘡𑘿𑘧𑘰 𑘪𑘭𑘿𑘝𑘴 𑘙𑘹𑘪𑘩𑘹𑘩𑘿𑘧𑘰 𑘀𑘭𑘝𑘰𑘝.,55
data/synthetic/images/line_0055_v012.png,संग्रहालयात जुन्या वस्तू ठेवलेल्या असतात.,𑘭𑘽𑘐𑘿𑘨𑘮𑘰𑘩𑘧𑘰𑘝 𑘕𑘳𑘡𑘿𑘧𑘰 𑘪𑘭𑘿𑘝𑘴 𑘙𑘹𑘪𑘩𑘹𑘩𑘿𑘧𑘰 𑘀𑘭𑘝𑘰𑘝.,55
data/synthetic/images/line_0055_v013.png,संग्रहालयात जुन्या वस्तू ठेवलेल्या असतात.,𑘭𑘽𑘐𑘿𑘨𑘮𑘰𑘩𑘧𑘰𑘝 𑘕𑘳𑘡𑘿𑘧𑘰 𑘪𑘭𑘿𑘝𑘴 𑘙𑘹𑘪𑘩𑘹𑘩𑘿𑘧𑘰 𑘀𑘭𑘝𑘰𑘝.,55
data/synthetic/images/line_0055_v014.png,संग्रहालयात जुन्या वस्तू ठेवलेल्या असतात.,𑘭𑘽𑘐𑘿𑘨𑘮𑘰𑘩𑘧𑘰𑘝 𑘕𑘳𑘡𑘿𑘧𑘰 𑘪𑘭𑘿𑘝𑘴 𑘙𑘹𑘪𑘩𑘹𑘩𑘿𑘧𑘰 𑘀𑘭𑘝𑘰𑘝.,55
data/synthetic/images/line_0055_v015.png,संग्रहालयात जुन्या वस्तू ठेवलेल्या असतात.,𑘭𑘽𑘐𑘿𑘨𑘮𑘰𑘩𑘧𑘰𑘝 𑘕𑘳𑘡𑘿𑘧𑘰 𑘪𑘭𑘿𑘝𑘴 𑘙𑘹𑘪𑘩𑘹𑘩𑘿𑘧𑘰 𑘀𑘭𑘝𑘰𑘝.,55
data/synthetic/images/line_0055_v016.png,संग्रहालयात जुन्या वस्तू ठेवलेल्या असतात.,𑘭𑘽𑘐𑘿𑘨𑘮𑘰𑘩𑘧𑘰𑘝 𑘕𑘳𑘡𑘿𑘧𑘰 𑘪𑘭𑘿𑘝𑘴 𑘙𑘹𑘪𑘩𑘹𑘩𑘿𑘧𑘰 𑘀𑘭𑘝𑘰𑘝.,55
data/synthetic/images/line_0055_v017.png,संग्रहालयात जुन्या वस्तू ठेवलेल्या असतात.,𑘭𑘽𑘐𑘿𑘨𑘮𑘰𑘩𑘧𑘰𑘝 𑘕𑘳𑘡𑘿𑘧𑘰 𑘪𑘭𑘿𑘝𑘴 𑘙𑘹𑘪𑘩𑘹𑘩𑘿𑘧𑘰 𑘀𑘭𑘝𑘰𑘝.,55
data/synthetic/images/line_0055_v018.png,संग्रहालयात जुन्या वस्तू ठेवलेल्या असतात.,𑘭𑘽𑘐𑘿𑘨𑘮𑘰𑘩𑘧𑘰𑘝 𑘕𑘳𑘡𑘿𑘧𑘰 𑘪𑘭𑘿𑘝𑘴 𑘙𑘹𑘪𑘩𑘹𑘩𑘿𑘧𑘰 𑘀𑘭𑘝𑘰𑘝.,55
data/synthetic/images/line_0055_v019.png,संग्रहालयात जुन्या वस्तू ठेवलेल्या असतात.,𑘭𑘽𑘐𑘿𑘨𑘮𑘰𑘩𑘧𑘰𑘝 𑘕𑘳𑘡𑘿𑘧𑘰 𑘪𑘭𑘿𑘝𑘴 𑘙𑘹𑘪𑘩𑘹𑘩𑘿𑘧𑘰 𑘀𑘭𑘝𑘰𑘝.,55
data/synthetic/images/line_0055_v020.png,संग्रहालयात जुन्या वस्तू ठेवलेल्या असतात.,𑘭𑘽𑘐𑘿𑘨𑘮𑘰𑘩𑘧𑘰𑘝 𑘕𑘳𑘡𑘿𑘧𑘰 𑘪𑘭𑘿𑘝𑘴 𑘙𑘹𑘪𑘩𑘹𑘩𑘿𑘧𑘰 𑘀𑘭𑘝𑘰𑘝.,55
data/synthetic/images/line_0055_v021.png,संग्रहालयात जुन्या वस्तू ठेवलेल्या असतात.,𑘭𑘽𑘐𑘿𑘨𑘮𑘰𑘩𑘧𑘰𑘝 𑘕𑘳𑘡𑘿𑘧𑘰 𑘪𑘭𑘿𑘝𑘴 𑘙𑘹𑘪𑘩𑘹𑘩𑘿𑘧𑘰 𑘀𑘭𑘝𑘰𑘝.,55
data/synthetic/images/line_0055_v022.png,संग्रहालयात जुन्या वस्तू ठेवलेल्या असतात.,𑘭𑘽𑘐𑘿𑘨𑘮𑘰𑘩𑘧𑘰𑘝 𑘕𑘳𑘡𑘿𑘧𑘰 𑘪𑘭𑘿𑘝𑘴 𑘙𑘹𑘪𑘩𑘹𑘩𑘿𑘧𑘰 𑘀𑘭𑘝𑘰𑘝.,55
data/synthetic/images/line_0055_v023.png,संग्रहालयात जुन्या वस्तू ठेवलेल्या असतात.,𑘭𑘽𑘐𑘿𑘨𑘮𑘰𑘩𑘧𑘰𑘝 𑘕𑘳𑘡𑘿𑘧𑘰 𑘪𑘭𑘿𑘝𑘴 𑘙𑘹𑘪𑘩𑘹𑘩𑘿𑘧𑘰 𑘀𑘭𑘝𑘰𑘝.,55
data/synthetic/images/line_0055_v024.png,संग्रहालयात जुन्या वस्तू ठेवलेल्या असतात.,𑘭𑘽𑘐𑘿𑘨𑘮𑘰𑘩𑘧𑘰𑘝 𑘕𑘳𑘡𑘿𑘧𑘰 𑘪𑘭𑘿𑘝𑘴 𑘙𑘹𑘪𑘩𑘹𑘩𑘿𑘧𑘰 𑘀𑘭𑘝𑘰𑘝.,55
data/synthetic/images/line_0055_v025.png,संग्रहालयात जुन्या वस्तू ठेवलेल्या असतात.,𑘭𑘽𑘐𑘿𑘨𑘮𑘰𑘩𑘧𑘰𑘝 𑘕𑘳𑘡𑘿𑘧𑘰 𑘪𑘭𑘿𑘝𑘴 𑘙𑘹𑘪𑘩𑘹𑘩𑘿𑘧𑘰 𑘀𑘭𑘝𑘰𑘝.,55
data/synthetic/images/line_0055_v026.png,संग्रहालयात जुन्या वस्तू ठेवलेल्या असतात.,𑘭𑘽𑘐𑘿𑘨𑘮𑘰𑘩𑘧𑘰𑘝 𑘕𑘳𑘡𑘿𑘧𑘰 𑘪𑘭𑘿𑘝𑘴 𑘙𑘹𑘪𑘩𑘹𑘩𑘿𑘧𑘰 𑘀𑘭𑘝𑘰𑘝.,55
data/synthetic/images/line_0055_v027.png,संग्रहालयात जुन्या वस्तू ठेवलेल्या असतात.,𑘭𑘽𑘐𑘿𑘨𑘮𑘰𑘩𑘧𑘰𑘝 𑘕𑘳𑘡𑘿𑘧𑘰 𑘪𑘭𑘿𑘝𑘴 𑘙𑘹𑘪𑘩𑘹𑘩𑘿𑘧𑘰 𑘀𑘭𑘝𑘰𑘝.,55
data/synthetic/images/line_0055_v028.png,संग्रहालयात जुन्या वस्तू ठेवलेल्या असतात.,𑘭𑘽𑘐𑘿𑘨𑘮𑘰𑘩𑘧𑘰𑘝 𑘕𑘳𑘡𑘿𑘧𑘰 𑘪𑘭𑘿𑘝𑘴 𑘙𑘹𑘪𑘩𑘹𑘩𑘿𑘧𑘰 𑘀𑘭𑘝𑘰𑘝.,55
data/synthetic/images/line_0055_v029.png,संग्रहालयात जुन्या वस्तू ठेवलेल्या असतात.,𑘭𑘽𑘐𑘿𑘨𑘮𑘰𑘩𑘧𑘰𑘝 𑘕𑘳𑘡𑘿𑘧𑘰 𑘪𑘭𑘿𑘝𑘴 𑘙𑘹𑘪𑘩𑘹𑘩𑘿𑘧𑘰 𑘀𑘭𑘝𑘰𑘝.,55
data/synthetic/images/line_0055_v030.png,संग्रहालयात जुन्या वस्तू ठेवलेल्या असतात.,𑘭𑘽𑘐𑘿𑘨𑘮𑘰𑘩𑘧𑘰𑘝 𑘕𑘳𑘡𑘿𑘧𑘰 𑘪𑘭𑘿𑘝𑘴 𑘙𑘹𑘪𑘩𑘹𑘩𑘿𑘧𑘰 𑘀𑘭𑘝𑘰𑘝.,55
data/synthetic/images/line_0055_v031.png,संग्रहालयात जुन्या वस्तू ठेवलेल्या असतात.,𑘭𑘽𑘐𑘿𑘨𑘮𑘰𑘩𑘧𑘰𑘝 𑘕𑘳𑘡𑘿𑘧𑘰 𑘪𑘭𑘿𑘝𑘴 𑘙𑘹𑘪𑘩𑘹𑘩𑘿𑘧𑘰 𑘀𑘭𑘝𑘰𑘝.,55
data/synthetic/images/line_0055_v032.png,संग्रहालयात जुन्या वस्तू ठेवलेल्या असतात.,𑘭𑘽𑘐𑘿𑘨𑘮𑘰𑘩𑘧𑘰𑘝 𑘕𑘳𑘡𑘿𑘧𑘰 𑘪𑘭𑘿𑘝𑘴 𑘙𑘹𑘪𑘩𑘹𑘩𑘿𑘧𑘰 𑘀𑘭𑘝𑘰𑘝.,55
data/synthetic/images/line_0055_v033.png,संग्रहालयात जुन्या वस्तू ठेवलेल्या असतात.,𑘭𑘽𑘐𑘿𑘨𑘮𑘰𑘩𑘧𑘰𑘝 𑘕𑘳𑘡𑘿𑘧𑘰 𑘪𑘭𑘿𑘝𑘴 𑘙𑘹𑘪𑘩𑘹𑘩𑘿𑘧𑘰 𑘀𑘭𑘝𑘰𑘝.,55
data/synthetic/images/line_0055_v034.png,संग्रहालयात जुन्या वस्तू ठेवलेल्या असतात.,𑘭𑘽𑘐𑘿𑘨𑘮𑘰𑘩𑘧𑘰𑘝 𑘕𑘳𑘡𑘿𑘧𑘰 𑘪𑘭𑘿𑘝𑘴 𑘙𑘹𑘪𑘩𑘹𑘩𑘿𑘧𑘰 𑘀𑘭𑘝𑘰𑘝.,55
data/synthetic/images/line_0055_v035.png,संग्रहालयात जुन्या वस्तू ठेवलेल्या असतात.,𑘭𑘽𑘐𑘿𑘨𑘮𑘰𑘩𑘧𑘰𑘝 𑘕𑘳𑘡𑘿𑘧𑘰 𑘪𑘭𑘿𑘝𑘴 𑘙𑘹𑘪𑘩𑘹𑘩𑘿𑘧𑘰 𑘀𑘭𑘝𑘰𑘝.,55
data/synthetic/images/line_0055_v036.png,संग्रहालयात जुन्या वस्तू ठेवलेल्या असतात.,𑘭𑘽𑘐𑘿𑘨𑘮𑘰𑘩𑘧𑘰𑘝 𑘕𑘳𑘡𑘿𑘧𑘰 𑘪𑘭𑘿𑘝𑘴 𑘙𑘹𑘪𑘩𑘹𑘩𑘿𑘧𑘰 𑘀𑘭𑘝𑘰𑘝.,55
data/synthetic/images/line_0055_v037.png,संग्रहालयात जुन्या वस्तू ठेवलेल्या असतात.,𑘭𑘽𑘐𑘿𑘨𑘮𑘰𑘩𑘧𑘰𑘝 𑘕𑘳𑘡𑘿𑘧𑘰 𑘪𑘭𑘿𑘝𑘴 𑘙𑘹𑘪𑘩𑘹𑘩𑘿𑘧𑘰 𑘀𑘭𑘝𑘰𑘝.,55
data/synthetic/images/line_0055_v038.png,संग्रहालयात जुन्या वस्तू ठेवलेल्या असतात.,𑘭𑘽𑘐𑘿𑘨𑘮𑘰𑘩𑘧𑘰𑘝 𑘕𑘳𑘡𑘿𑘧𑘰 𑘪𑘭𑘿𑘝𑘴 𑘙𑘹𑘪𑘩𑘹𑘩𑘿𑘧𑘰 𑘀𑘭𑘝𑘰𑘝.,55
data/synthetic/images/line_0055_v039.png,संग्रहालयात जुन्या वस्तू ठेवलेल्या असतात.,𑘭𑘽𑘐𑘿𑘨𑘮𑘰𑘩𑘧𑘰𑘝 𑘕𑘳𑘡𑘿𑘧𑘰 𑘪𑘭𑘿𑘝𑘴 𑘙𑘹𑘪𑘩𑘹𑘩𑘿𑘧𑘰 𑘀𑘭𑘝𑘰𑘝.,55
data/synthetic/images/line_0056_v000.png,हस्तलिखित कागदपत्रे जपून ठेवावी लागतात.,𑘮𑘭𑘿𑘝𑘩𑘱𑘏𑘱𑘝 𑘎𑘰𑘐𑘟𑘢𑘝𑘿𑘨𑘹 𑘕𑘢𑘴𑘡 𑘙𑘹𑘪𑘰𑘪𑘲 𑘩𑘰𑘐𑘝𑘰𑘝.,56
data/synthetic/images/line_0056_v001.png,हस्तलिखित कागदपत्रे जपून ठेवावी लागतात.,𑘮𑘭𑘿𑘝𑘩𑘱𑘏𑘱𑘝 𑘎𑘰𑘐𑘟𑘢𑘝𑘿𑘨𑘹 𑘕𑘢𑘴𑘡 𑘙𑘹𑘪𑘰𑘪𑘲 𑘩𑘰𑘐𑘝𑘰𑘝.,56
data/synthetic/images/line_0056_v002.png,हस्तलिखित कागदपत्रे जपून ठेवावी लागतात.,𑘮𑘭𑘿𑘝𑘩𑘱𑘏𑘱𑘝 𑘎𑘰𑘐𑘟𑘢𑘝𑘿𑘨𑘹 𑘕𑘢𑘴𑘡 𑘙𑘹𑘪𑘰𑘪𑘲 𑘩𑘰𑘐𑘝𑘰𑘝.,56
data/synthetic/images/line_0056_v003.png,हस्तलिखित कागदपत्रे जपून ठेवावी लागतात.,𑘮𑘭𑘿𑘝𑘩𑘱𑘏𑘱𑘝 𑘎𑘰𑘐𑘟𑘢𑘝𑘿𑘨𑘹 𑘕𑘢𑘴𑘡 𑘙𑘹𑘪𑘰𑘪𑘲 𑘩𑘰𑘐𑘝𑘰𑘝.,56
data/synthetic/images/line_0056_v004.png,हस्तलिखित कागदपत्रे जपून ठेवावी लागतात.,𑘮𑘭𑘿𑘝𑘩𑘱𑘏𑘱𑘝 𑘎𑘰𑘐𑘟𑘢𑘝𑘿𑘨𑘹 𑘕𑘢𑘴𑘡 𑘙𑘹𑘪𑘰𑘪𑘲 𑘩𑘰𑘐𑘝𑘰𑘝.,56
data/synthetic/images/line_0056_v005.png,हस्तलिखित कागदपत्रे जपून ठेवावी लागतात.,𑘮𑘭𑘿𑘝𑘩𑘱𑘏𑘱𑘝 𑘎𑘰𑘐𑘟𑘢𑘝𑘿𑘨𑘹 𑘕𑘢𑘴𑘡 𑘙𑘹𑘪𑘰𑘪𑘲 𑘩𑘰𑘐𑘝𑘰𑘝.,56
data/synthetic/images/line_0056_v006.png,हस्तलिखित कागदपत्रे जपून ठेवावी लागतात.,𑘮𑘭𑘿𑘝𑘩𑘱𑘏𑘱𑘝 𑘎𑘰𑘐𑘟𑘢𑘝𑘿𑘨𑘹 𑘕𑘢𑘴𑘡 𑘙𑘹𑘪𑘰𑘪𑘲 𑘩𑘰𑘐𑘝𑘰𑘝.,56
data/synthetic/images/line_0056_v007.png,हस्तलिखित कागदपत्रे जपून ठेवावी लागतात.,𑘮𑘭𑘿𑘝𑘩𑘱𑘏𑘱𑘝 𑘎𑘰𑘐𑘟𑘢𑘝𑘿𑘨𑘹 𑘕𑘢𑘴𑘡 𑘙𑘹𑘪𑘰𑘪𑘲 𑘩𑘰𑘐𑘝𑘰𑘝.,56
data/synthetic/images/line_0056_v008.png,हस्तलिखित कागदपत्रे जपून ठेवावी लागतात.,𑘮𑘭𑘿𑘝𑘩𑘱𑘏𑘱𑘝 𑘎𑘰𑘐𑘟𑘢𑘝𑘿𑘨𑘹 𑘕𑘢𑘴𑘡 𑘙𑘹𑘪𑘰𑘪𑘲 𑘩𑘰𑘐𑘝𑘰𑘝.,56
data/synthetic/images/line_0056_v009.png,हस्तलिखित कागदपत्रे जपून ठेवावी लागतात.,𑘮𑘭𑘿𑘝𑘩𑘱𑘏𑘱𑘝 𑘎𑘰𑘐𑘟𑘢𑘝𑘿𑘨𑘹 𑘕𑘢𑘴𑘡 𑘙𑘹𑘪𑘰𑘪𑘲 𑘩𑘰𑘐𑘝𑘰𑘝.,56
data/synthetic/images/line_0056_v010.png,हस्तलिखित कागदपत्रे जपून ठेवावी लागतात.,𑘮𑘭𑘿𑘝𑘩𑘱𑘏𑘱𑘝 𑘎𑘰𑘐𑘟𑘢𑘝𑘿𑘨𑘹 𑘕𑘢𑘴𑘡 𑘙𑘹𑘪𑘰𑘪𑘲 𑘩𑘰𑘐𑘝𑘰𑘝.,56
data/synthetic/images/line_0056_v011.png,हस्तलिखित कागदपत्रे जपून ठेवावी लागतात.,𑘮𑘭𑘿𑘝𑘩𑘱𑘏𑘱𑘝 𑘎𑘰𑘐𑘟𑘢𑘝𑘿𑘨𑘹 𑘕𑘢𑘴𑘡 𑘙𑘹𑘪𑘰𑘪𑘲 𑘩𑘰𑘐𑘝𑘰𑘝.,56
data/synthetic/images/line_0056_v012.png,हस्तलिखित कागदपत्रे जपून ठेवावी लागतात.,𑘮𑘭𑘿𑘝𑘩𑘱𑘏𑘱𑘝 𑘎𑘰𑘐𑘟𑘢𑘝𑘿𑘨𑘹 𑘕𑘢𑘴𑘡 𑘙𑘹𑘪𑘰𑘪𑘲 𑘩𑘰𑘐𑘝𑘰𑘝.,56
data/synthetic/images/line_0056_v013.png,हस्तलिखित कागदपत्रे जपून ठेवावी लागतात.,𑘮𑘭𑘿𑘝𑘩𑘱𑘏𑘱𑘝 𑘎𑘰𑘐𑘟𑘢𑘝𑘿𑘨𑘹 𑘕𑘢𑘴𑘡 𑘙𑘹𑘪𑘰𑘪𑘲 𑘩𑘰𑘐𑘝𑘰𑘝.,56
data/synthetic/images/line_0056_v014.png,हस्तलिखित कागदपत्रे जपून ठेवावी लागतात.,𑘮𑘭𑘿𑘝𑘩𑘱𑘏𑘱𑘝 𑘎𑘰𑘐𑘟𑘢𑘝𑘿𑘨𑘹 𑘕𑘢𑘴𑘡 𑘙𑘹𑘪𑘰𑘪𑘲 𑘩𑘰𑘐𑘝𑘰𑘝.,56
data/synthetic/images/line_0056_v015.png,हस्तलिखित कागदपत्रे जपून ठेवावी लागतात.,𑘮𑘭𑘿𑘝𑘩𑘱𑘏𑘱𑘝 𑘎𑘰𑘐𑘟𑘢𑘝𑘿𑘨𑘹 𑘕𑘢𑘴𑘡 𑘙𑘹𑘪𑘰𑘪𑘲 𑘩𑘰𑘐𑘝𑘰𑘝.,56
data/synthetic/images/line_0056_v016.png,हस्तलिखित कागदपत्रे जपून ठेवावी लागतात.,𑘮𑘭𑘿𑘝𑘩𑘱𑘏𑘱𑘝 𑘎𑘰𑘐𑘟𑘢𑘝𑘿𑘨𑘹 𑘕𑘢𑘴𑘡 𑘙𑘹𑘪𑘰𑘪𑘲 𑘩𑘰𑘐𑘝𑘰𑘝.,56
data/synthetic/images/line_0056_v017.png,हस्तलिखित कागदपत्रे जपून ठेवावी लागतात.,𑘮𑘭𑘿𑘝𑘩𑘱𑘏𑘱𑘝 𑘎𑘰𑘐𑘟𑘢𑘝𑘿𑘨𑘹 𑘕𑘢𑘴𑘡 𑘙𑘹𑘪𑘰𑘪𑘲 𑘩𑘰𑘐𑘝𑘰𑘝.,56
data/synthetic/images/line_0056_v018.png,हस्तलिखित कागदपत्रे जपून ठेवावी लागतात.,𑘮𑘭𑘿𑘝𑘩𑘱𑘏𑘱𑘝 𑘎𑘰𑘐𑘟𑘢𑘝𑘿𑘨𑘹 𑘕𑘢𑘴𑘡 𑘙𑘹𑘪𑘰𑘪𑘲 𑘩𑘰𑘐𑘝𑘰𑘝.,56
data/synthetic/images/line_0056_v019.png,हस्तलिखित कागदपत्रे जपून ठेवावी लागतात.,𑘮𑘭𑘿𑘝𑘩𑘱𑘏𑘱𑘝 𑘎𑘰𑘐𑘟𑘢𑘝𑘿𑘨𑘹 𑘕𑘢𑘴𑘡 𑘙𑘹𑘪𑘰𑘪𑘲 𑘩𑘰𑘐𑘝𑘰𑘝.,56
data/synthetic/images/line_0056_v020.png,हस्तलिखित कागदपत्रे जपून ठेवावी लागतात.,𑘮𑘭𑘿𑘝𑘩𑘱𑘏𑘱𑘝 𑘎𑘰𑘐𑘟𑘢𑘝𑘿𑘨𑘹 𑘕𑘢𑘴𑘡 𑘙𑘹𑘪𑘰𑘪𑘲 𑘩𑘰𑘐𑘝𑘰𑘝.,56
data/synthetic/images/line_0056_v021.png,हस्तलिखित कागदपत्रे जपून ठेवावी लागतात.,𑘮𑘭𑘿𑘝𑘩𑘱𑘏𑘱𑘝 𑘎𑘰𑘐𑘟𑘢𑘝𑘿𑘨𑘹 𑘕𑘢𑘴𑘡 𑘙𑘹𑘪𑘰𑘪𑘲 𑘩𑘰𑘐𑘝𑘰𑘝.,56
data/synthetic/images/line_0056_v022.png,हस्तलिखित कागदपत्रे जपून ठेवावी लागतात.,𑘮𑘭𑘿𑘝𑘩𑘱𑘏𑘱𑘝 𑘎𑘰𑘐𑘟𑘢𑘝𑘿𑘨𑘹 𑘕𑘢𑘴𑘡 𑘙𑘹𑘪𑘰𑘪𑘲 𑘩𑘰𑘐𑘝𑘰𑘝.,56
data/synthetic/images/line_0056_v023.png,हस्तलिखित कागदपत्रे जपून ठेवावी लागतात.,𑘮𑘭𑘿𑘝𑘩𑘱𑘏𑘱𑘝 𑘎𑘰𑘐𑘟𑘢𑘝𑘿𑘨𑘹 𑘕𑘢𑘴𑘡 𑘙𑘹𑘪𑘰𑘪𑘲 𑘩𑘰𑘐𑘝𑘰𑘝.,56
data/synthetic/images/line_0056_v024.png,हस्तलिखित कागदपत्रे जपून ठेवावी लागतात.,𑘮𑘭𑘿𑘝𑘩𑘱𑘏𑘱𑘝 𑘎𑘰𑘐𑘟𑘢𑘝𑘿𑘨𑘹 𑘕𑘢𑘴𑘡 𑘙𑘹𑘪𑘰𑘪𑘲 𑘩𑘰𑘐𑘝𑘰𑘝.,56
data/synthetic/images/line_0056_v025.png,हस्तलिखित कागदपत्रे जपून ठेवावी लागतात.,𑘮𑘭𑘿𑘝𑘩𑘱𑘏𑘱𑘝 𑘎𑘰𑘐𑘟𑘢𑘝𑘿𑘨𑘹 𑘕𑘢𑘴𑘡 𑘙𑘹𑘪𑘰𑘪𑘲 𑘩𑘰𑘐𑘝𑘰𑘝.,56
data/synthetic/images/line_0056_v026.png,हस्तलिखित कागदपत्रे जपून ठेवावी लागतात.,𑘮𑘭𑘿𑘝𑘩𑘱𑘏𑘱𑘝 𑘎𑘰𑘐𑘟𑘢𑘝𑘿𑘨𑘹 𑘕𑘢𑘴𑘡 𑘙𑘹𑘪𑘰𑘪𑘲 𑘩𑘰𑘐𑘝𑘰𑘝.,56
data/synthetic/images/line_0056_v027.png,हस्तलिखित कागदपत्रे जपून ठेवावी लागतात.,𑘮𑘭𑘿𑘝𑘩𑘱𑘏𑘱𑘝 𑘎𑘰𑘐𑘟𑘢𑘝𑘿𑘨𑘹 𑘕𑘢𑘴𑘡 𑘙𑘹𑘪𑘰𑘪𑘲 𑘩𑘰𑘐𑘝𑘰𑘝.,56
data/synthetic/images/line_0056_v028.png,हस्तलिखित कागदपत्रे जपून ठेवावी लागतात.,𑘮𑘭𑘿𑘝𑘩𑘱𑘏𑘱𑘝 𑘎𑘰𑘐𑘟𑘢𑘝𑘿𑘨𑘹 𑘕𑘢𑘴𑘡 𑘙𑘹𑘪𑘰𑘪𑘲 𑘩𑘰𑘐𑘝𑘰𑘝.,56
data/synthetic/images/line_0056_v029.png,हस्तलिखित कागदपत्रे जपून ठेवावी लागतात.,𑘮𑘭𑘿𑘝𑘩𑘱𑘏𑘱𑘝 𑘎𑘰𑘐𑘟𑘢𑘝𑘿𑘨𑘹 𑘕𑘢𑘴𑘡 𑘙𑘹𑘪𑘰𑘪𑘲 𑘩𑘰𑘐𑘝𑘰𑘝.,56
data/synthetic/images/line_0056_v030.png,हस्तलिखित कागदपत्रे जपून ठेवावी लागतात.,𑘮𑘭𑘿𑘝𑘩𑘱𑘏𑘱𑘝 𑘎𑘰𑘐𑘟𑘢𑘝𑘿𑘨𑘹 𑘕𑘢𑘴𑘡 𑘙𑘹𑘪𑘰𑘪𑘲 𑘩𑘰𑘐𑘝𑘰𑘝.,56
data/synthetic/images/line_0056_v031.png,हस्तलिखित कागदपत्रे जपून ठेवावी लागतात.,𑘮𑘭𑘿𑘝𑘩𑘱𑘏𑘱𑘝 𑘎𑘰𑘐𑘟𑘢𑘝𑘿𑘨𑘹 𑘕𑘢𑘴𑘡 𑘙𑘹𑘪𑘰𑘪𑘲 𑘩𑘰𑘐𑘝𑘰𑘝.,56
data/synthetic/images/line_0056_v032.png,हस्तलिखित कागदपत्रे जपून ठेवावी लागतात.,𑘮𑘭𑘿𑘝𑘩𑘱𑘏𑘱𑘝 𑘎𑘰𑘐𑘟𑘢𑘝𑘿𑘨𑘹 𑘕𑘢𑘴𑘡 𑘙𑘹𑘪𑘰𑘪𑘲 𑘩𑘰𑘐𑘝𑘰𑘝.,56
data/synthetic/images/line_0056_v033.png,हस्तलिखित कागदपत्रे जपून ठेवावी लागतात.,𑘮𑘭𑘿𑘝𑘩𑘱𑘏𑘱𑘝 𑘎𑘰𑘐𑘟𑘢𑘝𑘿𑘨𑘹 𑘕𑘢𑘴𑘡 𑘙𑘹𑘪𑘰𑘪𑘲 𑘩𑘰𑘐𑘝𑘰𑘝.,56
data/synthetic/images/line_0056_v034.png,हस्तलिखित कागदपत्रे जपून ठेवावी लागतात.,𑘮𑘭𑘿𑘝𑘩𑘱𑘏𑘱𑘝 𑘎𑘰𑘐𑘟𑘢𑘝𑘿𑘨𑘹 𑘕𑘢𑘴𑘡 𑘙𑘹𑘪𑘰𑘪𑘲 𑘩𑘰𑘐𑘝𑘰𑘝.,56
data/synthetic/images/line_0056_v035.png,हस्तलिखित कागदपत्रे जपून ठेवावी लागतात.,𑘮𑘭𑘿𑘝𑘩𑘱𑘏𑘱𑘝 𑘎𑘰𑘐𑘟𑘢𑘝𑘿𑘨𑘹 𑘕𑘢𑘴𑘡 𑘙𑘹𑘪𑘰𑘪𑘲 𑘩𑘰𑘐𑘝𑘰𑘝.,56
data/synthetic/images/line_0056_v036.png,हस्तलिखित कागदपत्रे जपून ठेवावी लागतात.,𑘮𑘭𑘿𑘝𑘩𑘱𑘏𑘱𑘝 𑘎𑘰𑘐𑘟𑘢𑘝𑘿𑘨𑘹 𑘕𑘢𑘴𑘡 𑘙𑘹𑘪𑘰𑘪𑘲 𑘩𑘰𑘐𑘝𑘰𑘝.,56
data/synthetic/images/line_0056_v037.png,हस्तलिखित कागदपत्रे जपून ठेवावी लागतात.,𑘮𑘭𑘿𑘝𑘩𑘱𑘏𑘱𑘝 𑘎𑘰𑘐𑘟𑘢𑘝𑘿𑘨𑘹 𑘕𑘢𑘴𑘡 𑘙𑘹𑘪𑘰𑘪𑘲 𑘩𑘰𑘐𑘝𑘰𑘝.,56
data/synthetic/images/line_0056_v038.png,हस्तलिखित कागदपत्रे जपून ठेवावी लागतात.,𑘮𑘭𑘿𑘝𑘩𑘱𑘏𑘱𑘝 𑘎𑘰𑘐𑘟𑘢𑘝𑘿𑘨𑘹 𑘕𑘢𑘴𑘡 𑘙𑘹𑘪𑘰𑘪𑘲 𑘩𑘰𑘐𑘝𑘰𑘝.,56
data/synthetic/images/line_0056_v039.png,हस्तलिखित कागदपत्रे जपून ठेवावी लागतात.,𑘮𑘭𑘿𑘝𑘩𑘱𑘏𑘱𑘝 𑘎𑘰𑘐𑘟𑘢𑘝𑘿𑘨𑘹 𑘕𑘢𑘴𑘡 𑘙𑘹𑘪𑘰𑘪𑘲 𑘩𑘰𑘐𑘝𑘰𑘝.,56
data/synthetic/images/line_0057_v000.png,या दस्तऐवजात जमिनीची नोंद आहे.,𑘧𑘰 𑘟𑘭𑘿𑘝𑘋𑘪𑘕𑘰𑘝 𑘕𑘦𑘱𑘡𑘲𑘓𑘲 𑘡𑘻𑘽𑘟 𑘁𑘮𑘹.,57
data/synthetic/images/line_0057_v001.png,या दस्तऐवजात जमिनीची नोंद आहे.,𑘧𑘰 𑘟𑘭𑘿𑘝𑘋𑘪𑘕𑘰𑘝 𑘕𑘦𑘱𑘡𑘲𑘓𑘲 𑘡𑘻𑘽𑘟 𑘁𑘮𑘹.,57
data/synthetic/images/line_0057_v002.png,या दस्तऐवजात जमिनीची नोंद आहे.,𑘧𑘰 𑘟𑘭𑘿𑘝𑘋𑘪𑘕𑘰𑘝 𑘕𑘦𑘱𑘡𑘲𑘓𑘲 𑘡𑘻𑘽𑘟 𑘁𑘮𑘹.,57
data/synthetic/images/line_0057_v003.png,या दस्तऐवजात जमिनीची नोंद आहे.,𑘧𑘰 𑘟𑘭𑘿𑘝𑘋𑘪𑘕𑘰𑘝 𑘕𑘦𑘱𑘡𑘲𑘓𑘲 𑘡𑘻𑘽𑘟 𑘁𑘮𑘹.,57
data/synthetic/images/line_0057_v004.png,या दस्तऐवजात जमिनीची नोंद आहे.,𑘧𑘰 𑘟𑘭𑘿𑘝𑘋𑘪𑘕𑘰𑘝 𑘕𑘦𑘱𑘡𑘲𑘓𑘲 𑘡𑘻𑘽𑘟 𑘁𑘮𑘹.,57
data/synthetic/images/line_0057_v005.png,या दस्तऐवजात जमिनीची नोंद आहे.,𑘧𑘰 𑘟𑘭𑘿𑘝𑘋𑘪𑘕𑘰𑘝 𑘕𑘦𑘱𑘡𑘲𑘓𑘲 𑘡𑘻𑘽𑘟 𑘁𑘮𑘹.,57
data/synthetic/images/line_0057_v006.png,या दस्तऐवजात जमिनीची नोंद आहे.,𑘧𑘰 𑘟𑘭𑘿𑘝𑘋𑘪𑘕𑘰𑘝 𑘕𑘦𑘱𑘡𑘲𑘓𑘲 𑘡𑘻𑘽𑘟 𑘁𑘮𑘹.,57
data/synthetic/images/line_0057_v007.png,या दस्तऐवजात जमिनीची नोंद आहे.,𑘧𑘰 𑘟𑘭𑘿𑘝𑘋𑘪𑘕𑘰𑘝 𑘕𑘦𑘱𑘡𑘲𑘓𑘲 𑘡𑘻𑘽𑘟 𑘁𑘮𑘹.,57
data/synthetic/images/line_0057_v008.png,या दस्तऐवजात जमिनीची नोंद आहे.,𑘧𑘰 𑘟𑘭𑘿𑘝𑘋𑘪𑘕𑘰𑘝 𑘕𑘦𑘱𑘡𑘲𑘓𑘲 𑘡𑘻𑘽𑘟 𑘁𑘮𑘹.,57
data/synthetic/images/line_0057_v009.png,या दस्तऐवजात जमिनीची नोंद आहे.,𑘧𑘰 𑘟𑘭𑘿𑘝𑘋𑘪𑘕𑘰𑘝 𑘕𑘦𑘱𑘡𑘲𑘓𑘲 𑘡𑘻𑘽𑘟 𑘁𑘮𑘹.,57
data/synthetic/images/line_0057_v010.png,या दस्तऐवजात जमिनीची नोंद आहे.,𑘧𑘰 𑘟𑘭𑘿𑘝𑘋𑘪𑘕𑘰𑘝 𑘕𑘦𑘱𑘡𑘲𑘓𑘲 𑘡𑘻𑘽𑘟 𑘁𑘮𑘹.,57
data/synthetic/images/line_0057_v011.png,या दस्तऐवजात जमिनीची नोंद आहे.,𑘧𑘰 𑘟𑘭𑘿𑘝𑘋𑘪𑘕𑘰𑘝 𑘕𑘦𑘱𑘡𑘲𑘓𑘲 𑘡𑘻𑘽𑘟 𑘁𑘮𑘹.,57
data/synthetic/images/line_0057_v012.png,या दस्तऐवजात जमिनीची नोंद आहे.,𑘧𑘰 𑘟𑘭𑘿𑘝𑘋𑘪𑘕𑘰𑘝 𑘕𑘦𑘱𑘡𑘲𑘓𑘲 𑘡𑘻𑘽𑘟 𑘁𑘮𑘹.,57
data/synthetic/images/line_0057_v013.png,या दस्तऐवजात जमिनीची नोंद आहे.,𑘧𑘰 𑘟𑘭𑘿𑘝𑘋𑘪𑘕𑘰𑘝 𑘕𑘦𑘱𑘡𑘲𑘓𑘲 𑘡𑘻𑘽𑘟 𑘁𑘮𑘹.,57
data/synthetic/images/line_0057_v014.png,या दस्तऐवजात जमिनीची नोंद आहे.,𑘧𑘰 𑘟𑘭𑘿𑘝𑘋𑘪𑘕𑘰𑘝 𑘕𑘦𑘱𑘡𑘲𑘓𑘲 𑘡𑘻𑘽𑘟 𑘁𑘮𑘹.,57
data/synthetic/images/line_0057_v015.png,या दस्तऐवजात जमिनीची नोंद आहे.,𑘧𑘰 𑘟𑘭𑘿𑘝𑘋𑘪𑘕𑘰𑘝 𑘕𑘦𑘱𑘡𑘲𑘓𑘲 𑘡𑘻𑘽𑘟 𑘁𑘮𑘹.,57
data/synthetic/images/line_0057_v016.png,या दस्तऐवजात जमिनीची नोंद आहे.,𑘧𑘰 𑘟𑘭𑘿𑘝𑘋𑘪𑘕𑘰𑘝 𑘕𑘦𑘱𑘡𑘲𑘓𑘲 𑘡𑘻𑘽𑘟 𑘁𑘮𑘹.,57
data/synthetic/images/line_0057_v017.png,या दस्तऐवजात जमिनीची नोंद आहे.,𑘧𑘰 𑘟𑘭𑘿𑘝𑘋𑘪𑘕𑘰𑘝 𑘕𑘦𑘱𑘡𑘲𑘓𑘲 𑘡𑘻𑘽𑘟 𑘁𑘮𑘹.,57
data/synthetic/images/line_0057_v018.png,या दस्तऐवजात जमिनीची नोंद आहे.,𑘧𑘰 𑘟𑘭𑘿𑘝𑘋𑘪𑘕𑘰𑘝 𑘕𑘦𑘱𑘡𑘲𑘓𑘲 𑘡𑘻𑘽𑘟 𑘁𑘮𑘹.,57
data/synthetic/images/line_0057_v019.png,या दस्तऐवजात जमिनीची नोंद आहे.,𑘧𑘰 𑘟𑘭𑘿𑘝𑘋𑘪𑘕𑘰𑘝 𑘕𑘦𑘱𑘡𑘲𑘓𑘲 𑘡𑘻𑘽𑘟 𑘁𑘮𑘹.,57
data/synthetic/images/line_0057_v020.png,या दस्तऐवजात जमिनीची नोंद आहे.,𑘧𑘰 𑘟𑘭𑘿𑘝𑘋𑘪𑘕𑘰𑘝 𑘕𑘦𑘱𑘡𑘲𑘓𑘲 𑘡𑘻𑘽𑘟 𑘁𑘮𑘹.,57
data/synthetic/images/line_0057_v021.png,या दस्तऐवजात जमिनीची नोंद आहे.,𑘧𑘰 𑘟𑘭𑘿𑘝𑘋𑘪𑘕𑘰𑘝 𑘕𑘦𑘱𑘡𑘲𑘓𑘲 𑘡𑘻𑘽𑘟 𑘁𑘮𑘹.,57
data/synthetic/images/line_0057_v022.png,या दस्तऐवजात जमिनीची नोंद आहे.,𑘧𑘰 𑘟𑘭𑘿𑘝𑘋𑘪𑘕𑘰𑘝 𑘕𑘦𑘱𑘡𑘲𑘓𑘲 𑘡𑘻𑘽𑘟 𑘁𑘮𑘹.,57
data/synthetic/images/line_0057_v023.png,या दस्तऐवजात जमिनीची नोंद आहे.,𑘧𑘰 𑘟𑘭𑘿𑘝𑘋𑘪𑘕𑘰𑘝 𑘕𑘦𑘱𑘡𑘲𑘓𑘲 𑘡𑘻𑘽𑘟 𑘁𑘮𑘹.,57
data/synthetic/images/line_0057_v024.png,या दस्तऐवजात जमिनीची नोंद आहे.,𑘧𑘰 𑘟𑘭𑘿𑘝𑘋𑘪𑘕𑘰𑘝 𑘕𑘦𑘱𑘡𑘲𑘓𑘲 𑘡𑘻𑘽𑘟 𑘁𑘮𑘹.,57
data/synthetic/images/line_0057_v025.png,या दस्तऐवजात जमिनीची नोंद आहे.,𑘧𑘰 𑘟𑘭𑘿𑘝𑘋𑘪𑘕𑘰𑘝 𑘕𑘦𑘱𑘡𑘲𑘓𑘲 𑘡𑘻𑘽𑘟 𑘁𑘮𑘹.,57
data/synthetic/images/line_0057_v026.png,या दस्तऐवजात जमिनीची नोंद आहे.,𑘧𑘰 𑘟𑘭𑘿𑘝𑘋𑘪𑘕𑘰𑘝 𑘕𑘦𑘱𑘡𑘲𑘓𑘲 𑘡𑘻𑘽𑘟 𑘁𑘮𑘹.,57
data/synthetic/images/line_0057_v027.png,या दस्तऐवजात जमिनीची नोंद आहे.,𑘧𑘰 𑘟𑘭𑘿𑘝𑘋𑘪𑘕𑘰𑘝 𑘕𑘦𑘱𑘡𑘲𑘓𑘲 𑘡𑘻𑘽𑘟 𑘁𑘮𑘹.,57
data/synthetic/images/line_0057_v028.png,या दस्तऐवजात जमिनीची नोंद आहे.,𑘧𑘰 𑘟𑘭𑘿𑘝𑘋𑘪𑘕𑘰𑘝 𑘕𑘦𑘱𑘡𑘲𑘓𑘲 𑘡𑘻𑘽𑘟 𑘁𑘮𑘹.,57
data/synthetic/images/line_0057_v029.png,या दस्तऐवजात जमिनीची नोंद आहे.,𑘧𑘰 𑘟𑘭𑘿𑘝𑘋𑘪𑘕𑘰𑘝 𑘕𑘦𑘱𑘡𑘲𑘓𑘲 𑘡𑘻𑘽𑘟 𑘁𑘮𑘹.,57
data/synthetic/images/line_0057_v030.png,या दस्तऐवजात जमिनीची नोंद आहे.,𑘧𑘰 𑘟𑘭𑘿𑘝𑘋𑘪𑘕𑘰𑘝 𑘕𑘦𑘱𑘡𑘲𑘓𑘲 𑘡𑘻𑘽𑘟 𑘁𑘮𑘹.,57
data/synthetic/images/line_0057_v031.png,या दस्तऐवजात जमिनीची नोंद आहे.,𑘧𑘰 𑘟𑘭𑘿𑘝𑘋𑘪𑘕𑘰𑘝 𑘕𑘦𑘱𑘡𑘲𑘓𑘲 𑘡𑘻𑘽𑘟 𑘁𑘮𑘹.,57
data/synthetic/images/line_0057_v032.png,या दस्तऐवजात जमिनीची नोंद आहे.,𑘧𑘰 𑘟𑘭𑘿𑘝𑘋𑘪𑘕𑘰𑘝 𑘕𑘦𑘱𑘡𑘲𑘓𑘲 𑘡𑘻𑘽𑘟 𑘁𑘮𑘹.,57
data/synthetic/images/line_0057_v033.png,या दस्तऐवजात जमिनीची नोंद आहे.,𑘧𑘰 𑘟𑘭𑘿𑘝𑘋𑘪𑘕𑘰𑘝 𑘕𑘦𑘱𑘡𑘲𑘓𑘲 𑘡𑘻𑘽𑘟 𑘁𑘮𑘹.,57
data/synthetic/images/line_0057_v034.png,या दस्तऐवजात जमिनीची नोंद आहे.,𑘧𑘰 𑘟𑘭𑘿𑘝𑘋𑘪𑘕𑘰𑘝 𑘕𑘦𑘱𑘡𑘲𑘓𑘲 𑘡𑘻𑘽𑘟 𑘁𑘮𑘹.,57
data/synthetic/images/line_0057_v035.png,या दस्तऐवजात जमिनीची नोंद आहे.,𑘧𑘰 𑘟𑘭𑘿𑘝𑘋𑘪𑘕𑘰𑘝 𑘕𑘦𑘱𑘡𑘲𑘓𑘲 𑘡𑘻𑘽𑘟 𑘁𑘮𑘹.,57
data/synthetic/images/line_0057_v036.png,या दस्तऐवजात जमिनीची नोंद आहे.,𑘧𑘰 𑘟𑘭𑘿𑘝𑘋𑘪𑘕𑘰𑘝 𑘕𑘦𑘱𑘡𑘲𑘓𑘲 𑘡𑘻𑘽𑘟 𑘁𑘮𑘹.,57
data/synthetic/images/line_0057_v037.png,या दस्तऐवजात जमिनीची नोंद आहे.,𑘧𑘰 𑘟𑘭𑘿𑘝𑘋𑘪𑘕𑘰𑘝 𑘕𑘦𑘱𑘡𑘲𑘓𑘲 𑘡𑘻𑘽𑘟 𑘁𑘮𑘹.,57
data/synthetic/images/line_0057_v038.png,या दस्तऐवजात जमिनीची नोंद आहे.,𑘧𑘰 𑘟𑘭𑘿𑘝𑘋𑘪𑘕𑘰𑘝 𑘕𑘦𑘱𑘡𑘲𑘓𑘲 𑘡𑘻𑘽𑘟 𑘁𑘮𑘹.,57
data/synthetic/images/line_0057_v039.png,या दस्तऐवजात जमिनीची नोंद आहे.,𑘧𑘰 𑘟𑘭𑘿𑘝𑘋𑘪𑘕𑘰𑘝 𑘕𑘦𑘱𑘡𑘲𑘓𑘲 𑘡𑘻𑘽𑘟 𑘁𑘮𑘹.,57
data/synthetic/images/line_0058_v000.png,हा करार दोन पक्षांमध्ये झाला होता.,𑘮𑘰 𑘎𑘨𑘰𑘨 𑘟𑘻𑘡 𑘢𑘎𑘿𑘬𑘰𑘽𑘦𑘠𑘿𑘧𑘹 𑘖𑘰𑘩𑘰 𑘮𑘻𑘝𑘰.,58
data/synthetic/images/line_0058_v001.png,हा करार दोन पक्षांमध्ये झाला होता.,𑘮𑘰 𑘎𑘨𑘰𑘨 𑘟𑘻𑘡 𑘢𑘎𑘿𑘬𑘰𑘽𑘦𑘠𑘿𑘧𑘹 𑘖𑘰𑘩𑘰 𑘮𑘻𑘝𑘰.,58
data/synthetic/images/line_0058_v002.png,हा करार दोन पक्षांमध्ये झाला होता.,𑘮𑘰 𑘎𑘨𑘰𑘨 𑘟𑘻𑘡 𑘢𑘎𑘿𑘬𑘰𑘽𑘦𑘠𑘿𑘧𑘹 𑘖𑘰𑘩𑘰 𑘮𑘻𑘝𑘰.,58
data/synthetic/images/line_0058_v003.png,हा करार दोन पक्षांमध्ये झाला होता.,𑘮𑘰 𑘎𑘨𑘰𑘨 𑘟𑘻𑘡 𑘢𑘎𑘿𑘬𑘰𑘽𑘦𑘠𑘿𑘧𑘹 𑘖𑘰𑘩𑘰 𑘮𑘻𑘝𑘰.,58
data/synthetic/images/line_0058_v004.png,हा करार दोन पक्षांमध्ये झाला होता.,𑘮𑘰 𑘎𑘨𑘰𑘨 𑘟𑘻𑘡 𑘢𑘎𑘿𑘬𑘰𑘽𑘦𑘠𑘿𑘧𑘹 𑘖𑘰𑘩𑘰 𑘮𑘻𑘝𑘰.,58
data/synthetic/images/line_0058_v005.png,हा करार दोन पक्षांमध्ये झाला होता.,𑘮𑘰 𑘎𑘨𑘰𑘨 𑘟𑘻𑘡 𑘢𑘎𑘿𑘬𑘰𑘽𑘦𑘠𑘿𑘧𑘹 𑘖𑘰𑘩𑘰 𑘮𑘻𑘝𑘰.,58
data/synthetic/images/line_0058_v006.png,हा करार दोन पक्षांमध्ये झाला होता.,𑘮𑘰 𑘎𑘨𑘰𑘨 𑘟𑘻𑘡 𑘢𑘎𑘿𑘬𑘰𑘽𑘦𑘠𑘿𑘧𑘹 𑘖𑘰𑘩𑘰 𑘮𑘻𑘝𑘰.,58
data/synthetic/images/line_0058_v007.png,हा करार दोन पक्षांमध्ये झाला होता.,𑘮𑘰 𑘎𑘨𑘰𑘨 𑘟𑘻𑘡 𑘢𑘎𑘿𑘬𑘰𑘽𑘦𑘠𑘿𑘧𑘹 𑘖𑘰𑘩𑘰 𑘮𑘻𑘝𑘰.,58
data/synthetic/images/line_0058_v008.png,हा करार दोन पक्षांमध्ये झाला होता.,𑘮𑘰 𑘎𑘨𑘰𑘨 𑘟𑘻𑘡 𑘢𑘎𑘿𑘬𑘰𑘽𑘦𑘠𑘿𑘧𑘹 𑘖𑘰𑘩𑘰 𑘮𑘻𑘝𑘰.,58
data/synthetic/images/line_0058_v009.png,हा करार दोन पक्षांमध्ये झाला होता.,𑘮𑘰 𑘎𑘨𑘰𑘨 𑘟𑘻𑘡 𑘢𑘎𑘿𑘬𑘰𑘽𑘦𑘠𑘿𑘧𑘹 𑘖𑘰𑘩𑘰 𑘮𑘻𑘝𑘰.,58
data/synthetic/images/line_0058_v010.png,हा करार दोन पक्षांमध्ये झाला होता.,𑘮𑘰 𑘎𑘨𑘰𑘨 𑘟𑘻𑘡 𑘢𑘎𑘿𑘬𑘰𑘽𑘦𑘠𑘿𑘧𑘹 𑘖𑘰𑘩𑘰 𑘮𑘻𑘝𑘰.,58
data/synthetic/images/line_0058_v011.png,हा करार दोन पक्षांमध्ये झाला होता.,𑘮𑘰 𑘎𑘨𑘰𑘨 𑘟𑘻𑘡 𑘢𑘎𑘿𑘬𑘰𑘽𑘦𑘠𑘿𑘧𑘹 𑘖𑘰𑘩𑘰 𑘮𑘻𑘝𑘰.,58
data/synthetic/images/line_0058_v012.png,हा करार दोन पक्षांमध्ये झाला होता.,𑘮𑘰 𑘎𑘨𑘰𑘨 𑘟𑘻𑘡 𑘢𑘎𑘿𑘬𑘰𑘽𑘦𑘠𑘿𑘧𑘹 𑘖𑘰𑘩𑘰 𑘮𑘻𑘝𑘰.,58
data/synthetic/images/line_0058_v013.png,हा करार दोन पक्षांमध्ये झाला होता.,𑘮𑘰 𑘎𑘨𑘰𑘨 𑘟𑘻𑘡 𑘢𑘎𑘿𑘬𑘰𑘽𑘦𑘠𑘿𑘧𑘹 𑘖𑘰𑘩𑘰 𑘮𑘻𑘝𑘰.,58
data/synthetic/images/line_0058_v014.png,हा करार दोन पक्षांमध्ये झाला होता.,𑘮𑘰 𑘎𑘨𑘰𑘨 𑘟𑘻𑘡 𑘢𑘎𑘿𑘬𑘰𑘽𑘦𑘠𑘿𑘧𑘹 𑘖𑘰𑘩𑘰 𑘮𑘻𑘝𑘰.,58
data/synthetic/images/line_0058_v015.png,हा करार दोन पक्षांमध्ये झाला होता.,𑘮𑘰 𑘎𑘨𑘰𑘨 𑘟𑘻𑘡 𑘢𑘎𑘿𑘬𑘰𑘽𑘦𑘠𑘿𑘧𑘹 𑘖𑘰𑘩𑘰 𑘮𑘻𑘝𑘰.,58
data/synthetic/images/line_0058_v016.png,हा करार दोन पक्षांमध्ये झाला होता.,𑘮𑘰 𑘎𑘨𑘰𑘨 𑘟𑘻𑘡 𑘢𑘎𑘿𑘬𑘰𑘽𑘦𑘠𑘿𑘧𑘹 𑘖𑘰𑘩𑘰 𑘮𑘻𑘝𑘰.,58
data/synthetic/images/line_0058_v017.png,हा करार दोन पक्षांमध्ये झाला होता.,𑘮𑘰 𑘎𑘨𑘰𑘨 𑘟𑘻𑘡 𑘢𑘎𑘿𑘬𑘰𑘽𑘦𑘠𑘿𑘧𑘹 𑘖𑘰𑘩𑘰 𑘮𑘻𑘝𑘰.,58
data/synthetic/images/line_0058_v018.png,हा करार दोन पक्षांमध्ये झाला होता.,𑘮𑘰 𑘎𑘨𑘰𑘨 𑘟𑘻𑘡 𑘢𑘎𑘿𑘬𑘰𑘽𑘦𑘠𑘿𑘧𑘹 𑘖𑘰𑘩𑘰 𑘮𑘻𑘝𑘰.,58
data/synthetic/images/line_0058_v019.png,हा करार दोन पक्षांमध्ये झाला होता.,𑘮𑘰 𑘎𑘨𑘰𑘨 𑘟𑘻𑘡 𑘢𑘎𑘿𑘬𑘰𑘽𑘦𑘠𑘿𑘧𑘹 𑘖𑘰𑘩𑘰 𑘮𑘻𑘝𑘰.,58
data/synthetic/images/line_0058_v020.png,हा करार दोन पक्षांमध्ये झाला होता.,𑘮𑘰 𑘎𑘨𑘰𑘨 𑘟𑘻𑘡 𑘢𑘎𑘿𑘬𑘰𑘽𑘦𑘠𑘿𑘧𑘹 𑘖𑘰𑘩𑘰 𑘮𑘻𑘝𑘰.,58
data/synthetic/images/line_0058_v021.png,हा करार दोन पक्षांमध्ये झाला होता.,𑘮𑘰 𑘎𑘨𑘰𑘨 𑘟𑘻𑘡 𑘢𑘎𑘿𑘬𑘰𑘽𑘦𑘠𑘿𑘧𑘹 𑘖𑘰𑘩𑘰 𑘮𑘻𑘝𑘰.,58
data/synthetic/images/line_0058_v022.png,हा करार दोन पक्षांमध्ये झाला होता.,𑘮𑘰 𑘎𑘨𑘰𑘨 𑘟𑘻𑘡 𑘢𑘎𑘿𑘬𑘰𑘽𑘦𑘠𑘿𑘧𑘹 𑘖𑘰𑘩𑘰 𑘮𑘻𑘝𑘰.,58
data/synthetic/images/line_0058_v023.png,हा करार दोन पक्षांमध्ये झाला होता.,𑘮𑘰 𑘎𑘨𑘰𑘨 𑘟𑘻𑘡 𑘢𑘎𑘿𑘬𑘰𑘽𑘦𑘠𑘿𑘧𑘹 𑘖𑘰𑘩𑘰 𑘮𑘻𑘝𑘰.,58
data/synthetic/images/line_0058_v024.png,हा करार दोन पक्षांमध्ये झाला होता.,𑘮𑘰 𑘎𑘨𑘰𑘨 𑘟𑘻𑘡 𑘢𑘎𑘿𑘬𑘰𑘽𑘦𑘠𑘿𑘧𑘹 𑘖𑘰𑘩𑘰 𑘮𑘻𑘝𑘰.,58
data/synthetic/images/line_0058_v025.png,हा करार दोन पक्षांमध्ये झाला होता.,𑘮𑘰 𑘎𑘨𑘰𑘨 𑘟𑘻𑘡 𑘢𑘎𑘿𑘬𑘰𑘽𑘦𑘠𑘿𑘧𑘹 𑘖𑘰𑘩𑘰 𑘮𑘻𑘝𑘰.,58
data/synthetic/images/line_0058_v026.png,हा करार दोन पक्षांमध्ये झाला होता.,𑘮𑘰 𑘎𑘨𑘰𑘨 𑘟𑘻𑘡 𑘢𑘎𑘿𑘬𑘰𑘽𑘦𑘠𑘿𑘧𑘹 𑘖𑘰𑘩𑘰 𑘮𑘻𑘝𑘰.,58
data/synthetic/images/line_0058_v027.png,हा करार दोन पक्षांमध्ये झाला होता.,𑘮𑘰 𑘎𑘨𑘰𑘨 𑘟𑘻𑘡 𑘢𑘎𑘿𑘬𑘰𑘽𑘦𑘠𑘿𑘧𑘹 𑘖𑘰𑘩𑘰 𑘮𑘻𑘝𑘰.,58
data/synthetic/images/line_0058_v028.png,हा करार दोन पक्षांमध्ये झाला होता.,𑘮𑘰 𑘎𑘨𑘰𑘨 𑘟𑘻𑘡 𑘢𑘎𑘿𑘬𑘰𑘽𑘦𑘠𑘿𑘧𑘹 𑘖𑘰𑘩𑘰 𑘮𑘻𑘝𑘰.,58
data/synthetic/images/line_0058_v029.png,हा करार दोन पक्षांमध्ये झाला होता.,𑘮𑘰 𑘎𑘨𑘰𑘨 𑘟𑘻𑘡 𑘢𑘎𑘿𑘬𑘰𑘽𑘦𑘠𑘿𑘧𑘹 𑘖𑘰𑘩𑘰 𑘮𑘻𑘝𑘰.,58
data/synthetic/images/line_0058_v030.png,हा करार दोन पक्षांमध्ये झाला होता.,𑘮𑘰 𑘎𑘨𑘰𑘨 𑘟𑘻𑘡 𑘢𑘎𑘿𑘬𑘰𑘽𑘦𑘠𑘿𑘧𑘹 𑘖𑘰𑘩𑘰 𑘮𑘻𑘝𑘰.,58
data/synthetic/images/line_0058_v031.png,हा करार दोन पक्षांमध्ये झाला होता.,𑘮𑘰 𑘎𑘨𑘰𑘨 𑘟𑘻𑘡 𑘢𑘎𑘿𑘬𑘰𑘽𑘦𑘠𑘿𑘧𑘹 𑘖𑘰𑘩𑘰 𑘮𑘻𑘝𑘰.,58
data/synthetic/images/line_0058_v032.png,हा करार दोन पक्षांमध्ये झाला होता.,𑘮𑘰 𑘎𑘨𑘰𑘨 𑘟𑘻𑘡 𑘢𑘎𑘿𑘬𑘰𑘽𑘦𑘠𑘿𑘧𑘹 𑘖𑘰𑘩𑘰 𑘮𑘻𑘝𑘰.,58
data/synthetic/images/line_0058_v033.png,हा करार दोन पक्षांमध्ये झाला होता.,𑘮𑘰 𑘎𑘨𑘰𑘨 𑘟𑘻𑘡 𑘢𑘎𑘿𑘬𑘰𑘽𑘦𑘠𑘿𑘧𑘹 𑘖𑘰𑘩𑘰 𑘮𑘻𑘝𑘰.,58
data/synthetic/images/line_0058_v034.png,हा करार दोन पक्षांमध्ये झाला होता.,𑘮𑘰 𑘎𑘨𑘰𑘨 𑘟𑘻𑘡 𑘢𑘎𑘿𑘬𑘰𑘽𑘦𑘠𑘿𑘧𑘹 𑘖𑘰𑘩𑘰 𑘮𑘻𑘝𑘰.,58
data/synthetic/images/line_0058_v035.png,हा करार दोन पक्षांमध्ये झाला होता.,𑘮𑘰 𑘎𑘨𑘰𑘨 𑘟𑘻𑘡 𑘢𑘎𑘿𑘬𑘰𑘽𑘦𑘠𑘿𑘧𑘹 𑘖𑘰𑘩𑘰 𑘮𑘻𑘝𑘰.,58
data/synthetic/images/line_0058_v036.png,हा करार दोन पक्षांमध्ये झाला होता.,𑘮𑘰 𑘎𑘨𑘰𑘨 𑘟𑘻𑘡 𑘢𑘎𑘿𑘬𑘰𑘽𑘦𑘠𑘿𑘧𑘹 𑘖𑘰𑘩𑘰 𑘮𑘻𑘝𑘰.,58
data/synthetic/images/line_0058_v037.png,हा करार दोन पक्षांमध्ये झाला होता.,𑘮𑘰 𑘎𑘨𑘰𑘨 𑘟𑘻𑘡 𑘢𑘎𑘿𑘬𑘰𑘽𑘦𑘠𑘿𑘧𑘹 𑘖𑘰𑘩𑘰 𑘮𑘻𑘝𑘰.,58
data/synthetic/images/line_0058_v038.png,हा करार दोन पक्षांमध्ये झाला होता.,𑘮𑘰 𑘎𑘨𑘰𑘨 𑘟𑘻𑘡 𑘢𑘎𑘿𑘬𑘰𑘽𑘦𑘠𑘿𑘧𑘹 𑘖𑘰𑘩𑘰 𑘮𑘻𑘝𑘰.,58
data/synthetic/images/line_0058_v039.png,हा करार दोन पक्षांमध्ये झाला होता.,𑘮𑘰 𑘎𑘨𑘰𑘨 𑘟𑘻𑘡 𑘢𑘎𑘿𑘬𑘰𑘽𑘦𑘠𑘿𑘧𑘹 𑘖𑘰𑘩𑘰 𑘮𑘻𑘝𑘰.,58
data/synthetic/images/line_0059_v000.png,राजाने या गावाला जमीन दान दिली.,𑘨𑘰𑘕𑘰𑘡𑘹 𑘧𑘰 𑘐𑘰𑘪𑘰𑘩𑘰 𑘕𑘦𑘲𑘡 𑘟𑘰𑘡 𑘟𑘱𑘩𑘲.,59
data/synthetic/images/line_0059_v001.png,राजाने या गावाला जमीन दान दिली.,𑘨𑘰𑘕𑘰𑘡𑘹 𑘧𑘰 𑘐𑘰𑘪𑘰𑘩𑘰 𑘕𑘦𑘲𑘡 𑘟𑘰𑘡 𑘟𑘱𑘩𑘲.,59
data/synthetic/images/line_0059_v002.png,राजाने या गावाला जमीन दान दिली.,𑘨𑘰𑘕𑘰𑘡𑘹 𑘧𑘰 𑘐𑘰𑘪𑘰𑘩𑘰 𑘕𑘦𑘲𑘡 𑘟𑘰𑘡 𑘟𑘱𑘩𑘲.,59
data/synthetic/images/line_0059_v003.png,राजाने या गावाला जमीन दान दिली.,𑘨𑘰𑘕𑘰𑘡𑘹 𑘧𑘰 𑘐𑘰𑘪𑘰𑘩𑘰 𑘕𑘦𑘲𑘡 𑘟𑘰𑘡 𑘟𑘱𑘩𑘲.,59
data/synthetic/images/line_0059_v004.png,राजाने या गावाला जमीन दान दिली.,𑘨𑘰𑘕𑘰𑘡𑘹 𑘧𑘰 𑘐𑘰𑘪𑘰𑘩𑘰 𑘕𑘦𑘲𑘡 𑘟𑘰𑘡 𑘟𑘱𑘩𑘲.,59
data/synthetic/images/line_0059_v005.png,राजाने या गावाला जमीन दान दिली.,𑘨𑘰𑘕𑘰𑘡𑘹 𑘧𑘰 𑘐𑘰𑘪𑘰𑘩𑘰 𑘕𑘦𑘲𑘡 𑘟𑘰𑘡 𑘟𑘱𑘩𑘲.,59
data/synthetic/images/line_0059_v006.png,राजाने या गावाला जमीन दान दिली.,𑘨𑘰𑘕𑘰𑘡𑘹 𑘧𑘰 𑘐𑘰𑘪𑘰𑘩𑘰 𑘕𑘦𑘲𑘡 𑘟𑘰𑘡 𑘟𑘱𑘩𑘲.,59
data/synthetic/images/line_0059_v007.png,राजाने या गावाला जमीन दान दिली.,𑘨𑘰𑘕𑘰𑘡𑘹 𑘧𑘰 𑘐𑘰𑘪𑘰𑘩𑘰 𑘕𑘦𑘲𑘡 𑘟𑘰𑘡 𑘟𑘱𑘩𑘲.,59
data/synthetic/images/line_0059_v008.png,राजाने या गावाला जमीन दान दिली.,𑘨𑘰𑘕𑘰𑘡𑘹 𑘧𑘰 𑘐𑘰𑘪𑘰𑘩𑘰 𑘕𑘦𑘲𑘡 𑘟𑘰𑘡 𑘟𑘱𑘩𑘲.,59
data/synthetic/images/line_0059_v009.png,राजाने या गावाला जमीन दान दिली.,𑘨𑘰𑘕𑘰𑘡𑘹 𑘧𑘰 𑘐𑘰𑘪𑘰𑘩𑘰 𑘕𑘦𑘲𑘡 𑘟𑘰𑘡 𑘟𑘱𑘩𑘲.,59
data/synthetic/images/line_0059_v010.png,राजाने या गावाला जमीन दान दिली.,𑘨𑘰𑘕𑘰𑘡𑘹 𑘧𑘰 𑘐𑘰𑘪𑘰𑘩𑘰 𑘕𑘦𑘲𑘡 𑘟𑘰𑘡 𑘟𑘱𑘩𑘲.,59
data/synthetic/images/line_0059_v011.png,राजाने या गावाला जमीन दान दिली.,𑘨𑘰𑘕𑘰𑘡𑘹 𑘧𑘰 𑘐𑘰𑘪𑘰𑘩𑘰 𑘕𑘦𑘲𑘡 𑘟𑘰𑘡 𑘟𑘱𑘩𑘲.,59
data/synthetic/images/line_0059_v012.png,राजाने या गावाला जमीन दान दिली.,𑘨𑘰𑘕𑘰𑘡𑘹 𑘧𑘰 𑘐𑘰𑘪𑘰𑘩𑘰 𑘕𑘦𑘲𑘡 𑘟𑘰𑘡 𑘟𑘱𑘩𑘲.,59
data/synthetic/images/line_0059_v013.png,राजाने या गावाला जमीन दान दिली.,𑘨𑘰𑘕𑘰𑘡𑘹 𑘧𑘰 𑘐𑘰𑘪𑘰𑘩𑘰 𑘕𑘦𑘲𑘡 𑘟𑘰𑘡 𑘟𑘱𑘩𑘲.,59
data/synthetic/images/line_0059_v014.png,राजाने या गावाला जमीन दान दिली.,𑘨𑘰𑘕𑘰𑘡𑘹 𑘧𑘰 𑘐𑘰𑘪𑘰𑘩𑘰 𑘕𑘦𑘲𑘡 𑘟𑘰𑘡 𑘟𑘱𑘩𑘲.,59
data/synthetic/images/line_0059_v015.png,राजाने या गावाला जमीन दान दिली.,𑘨𑘰𑘕𑘰𑘡𑘹 𑘧𑘰 𑘐𑘰𑘪𑘰𑘩𑘰 𑘕𑘦𑘲𑘡 𑘟𑘰𑘡 𑘟𑘱𑘩𑘲.,59
data/synthetic/images/line_0059_v016.png,राजाने या गावाला जमीन दान दिली.,𑘨𑘰𑘕𑘰𑘡𑘹 𑘧𑘰 𑘐𑘰𑘪𑘰𑘩𑘰 𑘕𑘦𑘲𑘡 𑘟𑘰𑘡 𑘟𑘱𑘩𑘲.,59
data/synthetic/images/line_0059_v017.png,राजाने या गावाला जमीन दान दिली.,𑘨𑘰𑘕𑘰𑘡𑘹 𑘧𑘰 𑘐𑘰𑘪𑘰𑘩𑘰 𑘕𑘦𑘲𑘡 𑘟𑘰𑘡 𑘟𑘱𑘩𑘲.,59
data/synthetic/images/line_0059_v018.png,राजाने या गावाला जमीन दान दिली.,𑘨𑘰𑘕𑘰𑘡𑘹 𑘧𑘰 𑘐𑘰𑘪𑘰𑘩𑘰 𑘕𑘦𑘲𑘡 𑘟𑘰𑘡 𑘟𑘱𑘩𑘲.,59
data/synthetic/images/line_0059_v019.png,राजाने या गावाला जमीन दान दिली.,𑘨𑘰𑘕𑘰𑘡𑘹 𑘧𑘰 𑘐𑘰𑘪𑘰𑘩𑘰 𑘕𑘦𑘲𑘡 𑘟𑘰𑘡 𑘟𑘱𑘩𑘲.,59
data/synthetic/images/line_0059_v020.png,राजाने या गावाला जमीन दान दिली.,𑘨𑘰𑘕𑘰𑘡𑘹 𑘧𑘰 𑘐𑘰𑘪𑘰𑘩𑘰 𑘕𑘦𑘲𑘡 𑘟𑘰𑘡 𑘟𑘱𑘩𑘲.,59
data/synthetic/images/line_0059_v021.png,राजाने या गावाला जमीन दान दिली.,𑘨𑘰𑘕𑘰𑘡𑘹 𑘧𑘰 𑘐𑘰𑘪𑘰𑘩𑘰 𑘕𑘦𑘲𑘡 𑘟𑘰𑘡 𑘟𑘱𑘩𑘲.,59
data/synthetic/images/line_0059_v022.png,राजाने या गावाला जमीन दान दिली.,𑘨𑘰𑘕𑘰𑘡𑘹 𑘧𑘰 𑘐𑘰𑘪𑘰𑘩𑘰 𑘕𑘦𑘲𑘡 𑘟𑘰𑘡 𑘟𑘱𑘩𑘲.,59
data/synthetic/images/line_0059_v023.png,राजाने या गावाला जमीन दान दिली.,𑘨𑘰𑘕𑘰𑘡𑘹 𑘧𑘰 𑘐𑘰𑘪𑘰𑘩𑘰 𑘕𑘦𑘲𑘡 𑘟𑘰𑘡 𑘟𑘱𑘩𑘲.,59
data/synthetic/images/line_0059_v024.png,राजाने या गावाला जमीन दान दिली.,𑘨𑘰𑘕𑘰𑘡𑘹 𑘧𑘰 𑘐𑘰𑘪𑘰𑘩𑘰 𑘕𑘦𑘲𑘡 𑘟𑘰𑘡 𑘟𑘱𑘩𑘲.,59
data/synthetic/images/line_0059_v025.png,राजाने या गावाला जमीन दान दिली.,𑘨𑘰𑘕𑘰𑘡𑘹 𑘧𑘰 𑘐𑘰𑘪𑘰𑘩𑘰 𑘕𑘦𑘲𑘡 𑘟𑘰𑘡 𑘟𑘱𑘩𑘲.,59
data/synthetic/images/line_0059_v026.png,राजाने या गावाला जमीन दान दिली.,𑘨𑘰𑘕𑘰𑘡𑘹 𑘧𑘰 𑘐𑘰𑘪𑘰𑘩𑘰 𑘕𑘦𑘲𑘡 𑘟𑘰𑘡 𑘟𑘱𑘩𑘲.,59
data/synthetic/images/line_0059_v027.png,राजाने या गावाला जमीन दान दिली.,𑘨𑘰𑘕𑘰𑘡𑘹 𑘧𑘰 𑘐𑘰𑘪𑘰𑘩𑘰 𑘕𑘦𑘲𑘡 𑘟𑘰𑘡 𑘟𑘱𑘩𑘲.,59
data/synthetic/images/line_0059_v028.png,राजाने या गावाला जमीन दान दिली.,𑘨𑘰𑘕𑘰𑘡𑘹 𑘧𑘰 𑘐𑘰𑘪𑘰𑘩𑘰 𑘕𑘦𑘲𑘡 𑘟𑘰𑘡 𑘟𑘱𑘩𑘲.,59
data/synthetic/images/line_0059_v029.png,राजाने या गावाला जमीन दान दिली.,𑘨𑘰𑘕𑘰𑘡𑘹 𑘧𑘰 𑘐𑘰𑘪𑘰𑘩𑘰 𑘕𑘦𑘲𑘡 𑘟𑘰𑘡 𑘟𑘱𑘩𑘲.,59
data/synthetic/images/line_0059_v030.png,राजाने या गावाला जमीन दान दिली.,𑘨𑘰𑘕𑘰𑘡𑘹 𑘧𑘰 𑘐𑘰𑘪𑘰𑘩𑘰 𑘕𑘦𑘲𑘡 𑘟𑘰𑘡 𑘟𑘱𑘩𑘲.,59
data/synthetic/images/line_0059_v031.png,राजाने या गावाला जमीन दान दिली.,𑘨𑘰𑘕𑘰𑘡𑘹 𑘧𑘰 𑘐𑘰𑘪𑘰𑘩𑘰 𑘕𑘦𑘲𑘡 𑘟𑘰𑘡 𑘟𑘱𑘩𑘲.,59
data/synthetic/images/line_0059_v032.png,राजाने या गावाला जमीन दान दिली.,𑘨𑘰𑘕𑘰𑘡𑘹 𑘧𑘰 𑘐𑘰𑘪𑘰𑘩𑘰 𑘕𑘦𑘲𑘡 𑘟𑘰𑘡 𑘟𑘱𑘩𑘲.,59
data/synthetic/images/line_0059_v033.png,राजाने या गावाला जमीन दान दिली.,𑘨𑘰𑘕𑘰𑘡𑘹 𑘧𑘰 𑘐𑘰𑘪𑘰𑘩𑘰 𑘕𑘦𑘲𑘡 𑘟𑘰𑘡 𑘟𑘱𑘩𑘲.,59
data/synthetic/images/line_0059_v034.png,राजाने या गावाला जमीन दान दिली.,𑘨𑘰𑘕𑘰𑘡𑘹 𑘧𑘰 𑘐𑘰𑘪𑘰𑘩𑘰 𑘕𑘦𑘲𑘡 𑘟𑘰𑘡 𑘟𑘱𑘩𑘲.,59
data/synthetic/images/line_0059_v035.png,राजाने या गावाला जमीन दान दिली.,𑘨𑘰𑘕𑘰𑘡𑘹 𑘧𑘰 𑘐𑘰𑘪𑘰𑘩𑘰 𑘕𑘦𑘲𑘡 𑘟𑘰𑘡 𑘟𑘱𑘩𑘲.,59
data/synthetic/images/line_0059_v036.png,राजाने या गावाला जमीन दान दिली.,𑘨𑘰𑘕𑘰𑘡𑘹 𑘧𑘰 𑘐𑘰𑘪𑘰𑘩𑘰 𑘕𑘦𑘲𑘡 𑘟𑘰𑘡 𑘟𑘱𑘩𑘲.,59
data/synthetic/images/line_0059_v037.png,राजाने या गावाला जमीन दान दिली.,𑘨𑘰𑘕𑘰𑘡𑘹 𑘧𑘰 𑘐𑘰𑘪𑘰𑘩𑘰 𑘕𑘦𑘲𑘡 𑘟𑘰𑘡 𑘟𑘱𑘩𑘲.,59
data/synthetic/images/line_0059_v038.png,राजाने या गावाला जमीन दान दिली.,𑘨𑘰𑘕𑘰𑘡𑘹 𑘧𑘰 𑘐𑘰𑘪𑘰𑘩𑘰 𑘕𑘦𑘲𑘡 𑘟𑘰𑘡 𑘟𑘱𑘩𑘲.,59
data/synthetic/images/line_0059_v039.png,राजाने या गावाला जमीन दान दिली.,𑘨𑘰𑘕𑘰𑘡𑘹 𑘧𑘰 𑘐𑘰𑘪𑘰𑘩𑘰 𑘕𑘦𑘲𑘡 𑘟𑘰𑘡 𑘟𑘱𑘩𑘲.,59
data/synthetic/images/line_0060_v000.png,सरकारी दफ्तरात जुन्या नोंदी सापडल्या.,𑘭𑘨𑘎𑘰𑘨𑘲 𑘟𑘣𑘿𑘝𑘨𑘰𑘝 𑘕𑘳𑘡𑘿𑘧𑘰 𑘡𑘻𑘽𑘟𑘲 𑘭𑘰𑘢𑘚𑘩𑘿𑘧𑘰.,60
data/synthetic/images/line_0060_v001.png,सरकारी दफ्तरात जुन्या नोंदी सापडल्या.,𑘭𑘨𑘎𑘰𑘨𑘲 𑘟𑘣𑘿𑘝𑘨𑘰𑘝 𑘕𑘳𑘡𑘿𑘧𑘰 𑘡𑘻𑘽𑘟𑘲 𑘭𑘰𑘢𑘚𑘩𑘿𑘧𑘰.,60
data/synthetic/images/line_0060_v002.png,सरकारी दफ्तरात जुन्या नोंदी सापडल्या.,𑘭𑘨𑘎𑘰𑘨𑘲 𑘟𑘣𑘿𑘝𑘨𑘰𑘝 𑘕𑘳𑘡𑘿𑘧𑘰 𑘡𑘻𑘽𑘟𑘲 𑘭𑘰𑘢𑘚𑘩𑘿𑘧𑘰.,60
data/synthetic/images/line_0060_v003.png,सरकारी दफ्तरात जुन्या नोंदी सापडल्या.,𑘭𑘨𑘎𑘰𑘨𑘲 𑘟𑘣𑘿𑘝𑘨𑘰𑘝 𑘕𑘳𑘡𑘿𑘧𑘰 𑘡𑘻𑘽𑘟𑘲 𑘭𑘰𑘢𑘚𑘩𑘿𑘧𑘰.,60
data/synthetic/images/line_0060_v004.png,सरकारी दफ्तरात जुन्या नोंदी सापडल्या.,𑘭𑘨𑘎𑘰𑘨𑘲 𑘟𑘣𑘿𑘝𑘨𑘰𑘝 𑘕𑘳𑘡𑘿𑘧𑘰 𑘡𑘻𑘽𑘟𑘲 𑘭𑘰𑘢𑘚𑘩𑘿𑘧𑘰.,60
data/synthetic/images/line_0060_v005.png,सरकारी दफ्तरात जुन्या नोंदी सापडल्या.,𑘭𑘨𑘎𑘰𑘨𑘲 𑘟𑘣𑘿𑘝𑘨𑘰𑘝 𑘕𑘳𑘡𑘿𑘧𑘰 𑘡𑘻𑘽𑘟𑘲 𑘭𑘰𑘢𑘚𑘩𑘿𑘧𑘰.,60
data/synthetic/images/line_0060_v006.png,सरकारी दफ्तरात जुन्या नोंदी सापडल्या.,𑘭𑘨𑘎𑘰𑘨𑘲 𑘟𑘣𑘿𑘝𑘨𑘰𑘝 𑘕𑘳𑘡𑘿𑘧𑘰 𑘡𑘻𑘽𑘟𑘲 𑘭𑘰𑘢𑘚𑘩𑘿𑘧𑘰.,60
data/synthetic/images/line_0060_v007.png,सरकारी दफ्तरात जुन्या नोंदी सापडल्या.,𑘭𑘨𑘎𑘰𑘨𑘲 𑘟𑘣𑘿𑘝𑘨𑘰𑘝 𑘕𑘳𑘡𑘿𑘧𑘰 𑘡𑘻𑘽𑘟𑘲 𑘭𑘰𑘢𑘚𑘩𑘿𑘧𑘰.,60
data/synthetic/images/line_0060_v008.png,सरकारी दफ्तरात जुन्या नोंदी सापडल्या.,𑘭𑘨𑘎𑘰𑘨𑘲 𑘟𑘣𑘿𑘝𑘨𑘰𑘝 𑘕𑘳𑘡𑘿𑘧𑘰 𑘡𑘻𑘽𑘟𑘲 𑘭𑘰𑘢𑘚𑘩𑘿𑘧𑘰.,60
data/synthetic/images/line_0060_v009.png,सरकारी दफ्तरात जुन्या नोंदी सापडल्या.,𑘭𑘨𑘎𑘰𑘨𑘲 𑘟𑘣𑘿𑘝𑘨𑘰𑘝 𑘕𑘳𑘡𑘿𑘧𑘰 𑘡𑘻𑘽𑘟𑘲 𑘭𑘰𑘢𑘚𑘩𑘿𑘧𑘰.,60
data/synthetic/images/line_0060_v010.png,सरकारी दफ्तरात जुन्या नोंदी सापडल्या.,𑘭𑘨𑘎𑘰𑘨𑘲 𑘟𑘣𑘿𑘝𑘨𑘰𑘝 𑘕𑘳𑘡𑘿𑘧𑘰 𑘡𑘻𑘽𑘟𑘲 𑘭𑘰𑘢𑘚𑘩𑘿𑘧𑘰.,60
data/synthetic/images/line_0060_v011.png,सरकारी दफ्तरात जुन्या नोंदी सापडल्या.,𑘭𑘨𑘎𑘰𑘨𑘲 𑘟𑘣𑘿𑘝𑘨𑘰𑘝 𑘕𑘳𑘡𑘿𑘧𑘰 𑘡𑘻𑘽𑘟𑘲 𑘭𑘰𑘢𑘚𑘩𑘿𑘧𑘰.,60
data/synthetic/images/line_0060_v012.png,सरकारी दफ्तरात जुन्या नोंदी सापडल्या.,𑘭𑘨𑘎𑘰𑘨𑘲 𑘟𑘣𑘿𑘝𑘨𑘰𑘝 𑘕𑘳𑘡𑘿𑘧𑘰 𑘡𑘻𑘽𑘟𑘲 𑘭𑘰𑘢𑘚𑘩𑘿𑘧𑘰.,60
data/synthetic/images/line_0060_v013.png,सरकारी दफ्तरात जुन्या नोंदी सापडल्या.,𑘭𑘨𑘎𑘰𑘨𑘲 𑘟𑘣𑘿𑘝𑘨𑘰𑘝 𑘕𑘳𑘡𑘿𑘧𑘰 𑘡𑘻𑘽𑘟𑘲 𑘭𑘰𑘢𑘚𑘩𑘿𑘧𑘰.,60
data/synthetic/images/line_0060_v014.png,सरकारी दफ्तरात जुन्या नोंदी सापडल्या.,𑘭𑘨𑘎𑘰𑘨𑘲 𑘟𑘣𑘿𑘝𑘨𑘰𑘝 𑘕𑘳𑘡𑘿𑘧𑘰 𑘡𑘻𑘽𑘟𑘲 𑘭𑘰𑘢𑘚𑘩𑘿𑘧𑘰.,60
data/synthetic/images/line_0060_v015.png,सरकारी दफ्तरात जुन्या नोंदी सापडल्या.,𑘭𑘨𑘎𑘰𑘨𑘲 𑘟𑘣𑘿𑘝𑘨𑘰𑘝 𑘕𑘳𑘡𑘿𑘧𑘰 𑘡𑘻𑘽𑘟𑘲 𑘭𑘰𑘢𑘚𑘩𑘿𑘧𑘰.,60
data/synthetic/images/line_0060_v016.png,सरकारी दफ्तरात जुन्या नोंदी सापडल्या.,𑘭𑘨𑘎𑘰𑘨𑘲 𑘟𑘣𑘿𑘝𑘨𑘰𑘝 𑘕𑘳𑘡𑘿𑘧𑘰 𑘡𑘻𑘽𑘟𑘲 𑘭𑘰𑘢𑘚𑘩𑘿𑘧𑘰.,60
data/synthetic/images/line_0060_v017.png,सरकारी दफ्तरात जुन्या नोंदी सापडल्या.,𑘭𑘨𑘎𑘰𑘨𑘲 𑘟𑘣𑘿𑘝𑘨𑘰𑘝 𑘕𑘳𑘡𑘿𑘧𑘰 𑘡𑘻𑘽𑘟𑘲 𑘭𑘰𑘢𑘚𑘩𑘿𑘧𑘰.,60
data/synthetic/images/line_0060_v018.png,सरकारी दफ्तरात जुन्या नोंदी सापडल्या.,𑘭𑘨𑘎𑘰𑘨𑘲 𑘟𑘣𑘿𑘝𑘨𑘰𑘝 𑘕𑘳𑘡𑘿𑘧𑘰 𑘡𑘻𑘽𑘟𑘲 𑘭𑘰𑘢𑘚𑘩𑘿𑘧𑘰.,60
data/synthetic/images/line_0060_v019.png,सरकारी दफ्तरात जुन्या नोंदी सापडल्या.,𑘭𑘨𑘎𑘰𑘨𑘲 𑘟𑘣𑘿𑘝𑘨𑘰𑘝 𑘕𑘳𑘡𑘿𑘧𑘰 𑘡𑘻𑘽𑘟𑘲 𑘭𑘰𑘢𑘚𑘩𑘿𑘧𑘰.,60
data/synthetic/images/line_0060_v020.png,सरकारी दफ्तरात जुन्या नोंदी सापडल्या.,𑘭𑘨𑘎𑘰𑘨𑘲 𑘟𑘣𑘿𑘝𑘨𑘰𑘝 𑘕𑘳𑘡𑘿𑘧𑘰 𑘡𑘻𑘽𑘟𑘲 𑘭𑘰𑘢𑘚𑘩𑘿𑘧𑘰.,60
data/synthetic/images/line_0060_v021.png,सरकारी दफ्तरात जुन्या नोंदी सापडल्या.,𑘭𑘨𑘎𑘰𑘨𑘲 𑘟𑘣𑘿𑘝𑘨𑘰𑘝 𑘕𑘳𑘡𑘿𑘧𑘰 𑘡𑘻𑘽𑘟𑘲 𑘭𑘰𑘢𑘚𑘩𑘿𑘧𑘰.,60
data/synthetic/images/line_0060_v022.png,सरकारी दफ्तरात जुन्या नोंदी सापडल्या.,𑘭𑘨𑘎𑘰𑘨𑘲 𑘟𑘣𑘿𑘝𑘨𑘰𑘝 𑘕𑘳𑘡𑘿𑘧𑘰 𑘡𑘻𑘽𑘟𑘲 𑘭𑘰𑘢𑘚𑘩𑘿𑘧𑘰.,60
data/synthetic/images/line_0060_v023.png,सरकारी दफ्तरात जुन्या नोंदी सापडल्या.,𑘭𑘨𑘎𑘰𑘨𑘲 𑘟𑘣𑘿𑘝𑘨𑘰𑘝 𑘕𑘳𑘡𑘿𑘧𑘰 𑘡𑘻𑘽𑘟𑘲 𑘭𑘰𑘢𑘚𑘩𑘿𑘧𑘰.,60
data/synthetic/images/line_0060_v024.png,सरकारी दफ्तरात जुन्या नोंदी सापडल्या.,𑘭𑘨𑘎𑘰𑘨𑘲 𑘟𑘣𑘿𑘝𑘨𑘰𑘝 𑘕𑘳𑘡𑘿𑘧𑘰 𑘡𑘻𑘽𑘟𑘲 𑘭𑘰𑘢𑘚𑘩𑘿𑘧𑘰.,60
data/synthetic/images/line_0060_v025.png,सरकारी दफ्तरात जुन्या नोंदी सापडल्या.,𑘭𑘨𑘎𑘰𑘨𑘲 𑘟𑘣𑘿𑘝𑘨𑘰𑘝 𑘕𑘳𑘡𑘿𑘧𑘰 𑘡𑘻𑘽𑘟𑘲 𑘭𑘰𑘢𑘚𑘩𑘿𑘧𑘰.,60
data/synthetic/images/line_0060_v026.png,सरकारी दफ्तरात जुन्या नोंदी सापडल्या.,𑘭𑘨𑘎𑘰𑘨𑘲 𑘟𑘣𑘿𑘝𑘨𑘰𑘝 𑘕𑘳𑘡𑘿𑘧𑘰 𑘡𑘻𑘽𑘟𑘲 𑘭𑘰𑘢𑘚𑘩𑘿𑘧𑘰.,60
data/synthetic/images/line_0060_v027.png,सरकारी दफ्तरात जुन्या नोंदी सापडल्या.,𑘭𑘨𑘎𑘰𑘨𑘲 𑘟𑘣𑘿𑘝𑘨𑘰𑘝 𑘕𑘳𑘡𑘿𑘧𑘰 𑘡𑘻𑘽𑘟𑘲 𑘭𑘰𑘢𑘚𑘩𑘿𑘧𑘰.,60
data/synthetic/images/line_0060_v028.png,सरकारी दफ्तरात जुन्या नोंदी सापडल्या.,𑘭𑘨𑘎𑘰𑘨𑘲 𑘟𑘣𑘿𑘝𑘨𑘰𑘝 𑘕𑘳𑘡𑘿𑘧𑘰 𑘡𑘻𑘽𑘟𑘲 𑘭𑘰𑘢𑘚𑘩𑘿𑘧𑘰.,60
data/synthetic/images/line_0060_v029.png,सरकारी दफ्तरात जुन्या नोंदी सापडल्या.,𑘭𑘨𑘎𑘰𑘨𑘲 𑘟𑘣𑘿𑘝𑘨𑘰𑘝 𑘕𑘳𑘡𑘿𑘧𑘰 𑘡𑘻𑘽𑘟𑘲 𑘭𑘰𑘢𑘚𑘩𑘿𑘧𑘰.,60
data/synthetic/images/line_0060_v030.png,सरकारी दफ्तरात जुन्या नोंदी सापडल्या.,𑘭𑘨𑘎𑘰𑘨𑘲 𑘟𑘣𑘿𑘝𑘨𑘰𑘝 𑘕𑘳𑘡𑘿𑘧𑘰 𑘡𑘻𑘽𑘟𑘲 𑘭𑘰𑘢𑘚𑘩𑘿𑘧𑘰.,60
data/synthetic/images/line_0060_v031.png,सरकारी दफ्तरात जुन्या नोंदी सापडल्या.,𑘭𑘨𑘎𑘰𑘨𑘲 𑘟𑘣𑘿𑘝𑘨𑘰𑘝 𑘕𑘳𑘡𑘿𑘧𑘰 𑘡𑘻𑘽𑘟𑘲 𑘭𑘰𑘢𑘚𑘩𑘿𑘧𑘰.,60
data/synthetic/images/line_0060_v032.png,सरकारी दफ्तरात जुन्या नोंदी सापडल्या.,𑘭𑘨𑘎𑘰𑘨𑘲 𑘟𑘣𑘿𑘝𑘨𑘰𑘝 𑘕𑘳𑘡𑘿𑘧𑘰 𑘡𑘻𑘽𑘟𑘲 𑘭𑘰𑘢𑘚𑘩𑘿𑘧𑘰.,60
data/synthetic/images/line_0060_v033.png,सरकारी दफ्तरात जुन्या नोंदी सापडल्या.,𑘭𑘨𑘎𑘰𑘨𑘲 𑘟𑘣𑘿𑘝𑘨𑘰𑘝 𑘕𑘳𑘡𑘿𑘧𑘰 𑘡𑘻𑘽𑘟𑘲 𑘭𑘰𑘢𑘚𑘩𑘿𑘧𑘰.,60
data/synthetic/images/line_0060_v034.png,सरकारी दफ्तरात जुन्या नोंदी सापडल्या.,𑘭𑘨𑘎𑘰𑘨𑘲 𑘟𑘣𑘿𑘝𑘨𑘰𑘝 𑘕𑘳𑘡𑘿𑘧𑘰 𑘡𑘻𑘽𑘟𑘲 𑘭𑘰𑘢𑘚𑘩𑘿𑘧𑘰.,60
data/synthetic/images/line_0060_v035.png,सरकारी दफ्तरात जुन्या नोंदी सापडल्या.,𑘭𑘨𑘎𑘰𑘨𑘲 𑘟𑘣𑘿𑘝𑘨𑘰𑘝 𑘕𑘳𑘡𑘿𑘧𑘰 𑘡𑘻𑘽𑘟𑘲 𑘭𑘰𑘢𑘚𑘩𑘿𑘧𑘰.,60
data/synthetic/images/line_0060_v036.png,सरकारी दफ्तरात जुन्या नोंदी सापडल्या.,𑘭𑘨𑘎𑘰𑘨𑘲 𑘟𑘣𑘿𑘝𑘨𑘰𑘝 𑘕𑘳𑘡𑘿𑘧𑘰 𑘡𑘻𑘽𑘟𑘲 𑘭𑘰𑘢𑘚𑘩𑘿𑘧𑘰.,60
data/synthetic/images/line_0060_v037.png,सरकारी दफ्तरात जुन्या नोंदी सापडल्या.,𑘭𑘨𑘎𑘰𑘨𑘲 𑘟𑘣𑘿𑘝𑘨𑘰𑘝 𑘕𑘳𑘡𑘿𑘧𑘰 𑘡𑘻𑘽𑘟𑘲 𑘭𑘰𑘢𑘚𑘩𑘿𑘧𑘰.,60
data/synthetic/images/line_0060_v038.png,सरकारी दफ्तरात जुन्या नोंदी सापडल्या.,𑘭𑘨𑘎𑘰𑘨𑘲 𑘟𑘣𑘿𑘝𑘨𑘰𑘝 𑘕𑘳𑘡𑘿𑘧𑘰 𑘡𑘻𑘽𑘟𑘲 𑘭𑘰𑘢𑘚𑘩𑘿𑘧𑘰.,60
data/synthetic/images/line_0060_v039.png,सरकारी दफ्तरात जुन्या नोंदी सापडल्या.,𑘭𑘨𑘎𑘰𑘨𑘲 𑘟𑘣𑘿𑘝𑘨𑘰𑘝 𑘕𑘳𑘡𑘿𑘧𑘰 𑘡𑘻𑘽𑘟𑘲 𑘭𑘰𑘢𑘚𑘩𑘿𑘧𑘰.,60
data/synthetic/images/line_0061_v000.png,पत्रात तारीख आणि ठिकाण लिहिलेले आहे.,𑘢𑘝𑘿𑘨𑘰𑘝 𑘝𑘰𑘨𑘲𑘏 𑘁𑘜𑘱 𑘙𑘱𑘎𑘰𑘜 𑘩𑘱𑘮𑘱𑘩𑘹𑘩𑘹 𑘁𑘮𑘹.,61
data/synthetic/images/line_0061_v001.png,पत्रात तारीख आणि ठिकाण लिहिलेले आहे.,𑘢𑘝𑘿𑘨𑘰𑘝 𑘝𑘰𑘨𑘲𑘏 𑘁𑘜𑘱 𑘙𑘱𑘎𑘰𑘜 𑘩𑘱𑘮𑘱𑘩𑘹𑘩𑘹 𑘁𑘮𑘹.,61
data/synthetic/images/line_0061_v002.png,पत्रात तारीख आणि ठिकाण लिहिलेले आहे.,𑘢𑘝𑘿𑘨𑘰𑘝 𑘝𑘰𑘨𑘲𑘏 𑘁𑘜𑘱 𑘙𑘱𑘎𑘰𑘜 𑘩𑘱𑘮𑘱𑘩𑘹𑘩𑘹 𑘁𑘮𑘹.,61
data/synthetic/images/line_0061_v003.png,पत्रात तारीख आणि ठिकाण लिहिलेले आहे.,𑘢𑘝𑘿𑘨𑘰𑘝 𑘝𑘰𑘨𑘲𑘏 𑘁𑘜𑘱 𑘙𑘱𑘎𑘰𑘜 𑘩𑘱𑘮𑘱𑘩𑘹𑘩𑘹 𑘁𑘮𑘹.,61
data/synthetic/images/line_0061_v004.png,पत्रात तारीख आणि ठिकाण लिहिलेले आहे.,𑘢𑘝𑘿𑘨𑘰𑘝 𑘝𑘰𑘨𑘲𑘏 𑘁𑘜𑘱 𑘙𑘱𑘎𑘰𑘜 𑘩𑘱𑘮𑘱𑘩𑘹𑘩𑘹 𑘁𑘮𑘹.,61
data/synthetic/images/line_0061_v005.png,पत्रात तारीख आणि ठिकाण लिहिलेले आहे.,𑘢𑘝𑘿𑘨𑘰𑘝 𑘝𑘰𑘨𑘲𑘏 𑘁𑘜𑘱 𑘙𑘱𑘎𑘰𑘜 𑘩𑘱𑘮𑘱𑘩𑘹𑘩𑘹 𑘁𑘮𑘹.,61
data/synthetic/images/line_0061_v006.png,पत्रात तारीख आणि ठिकाण लिहिलेले आहे.,𑘢𑘝𑘿𑘨𑘰𑘝 𑘝𑘰𑘨𑘲𑘏 𑘁𑘜𑘱 𑘙𑘱𑘎𑘰𑘜 𑘩𑘱𑘮𑘱𑘩𑘹𑘩𑘹 𑘁𑘮𑘹.,61
data/synthetic/images/line_0061_v007.png,पत्रात तारीख आणि ठिकाण लिहिलेले आहे.,𑘢𑘝𑘿𑘨𑘰𑘝 𑘝𑘰𑘨𑘲𑘏 𑘁𑘜𑘱 𑘙𑘱𑘎𑘰𑘜 𑘩𑘱𑘮𑘱𑘩𑘹𑘩𑘹 𑘁𑘮𑘹.,61
data/synthetic/images/line_0061_v008.png,पत्रात तारीख आणि ठिकाण लिहिलेले आहे.,𑘢𑘝𑘿𑘨𑘰𑘝 𑘝𑘰𑘨𑘲𑘏 𑘁𑘜𑘱 𑘙𑘱𑘎𑘰𑘜 𑘩𑘱𑘮𑘱𑘩𑘹𑘩𑘹 𑘁𑘮𑘹.,61
data/synthetic/images/line_0061_v009.png,पत्रात तारीख आणि ठिकाण लिहिलेले आहे.,𑘢𑘝𑘿𑘨𑘰𑘝 𑘝𑘰𑘨𑘲𑘏 𑘁𑘜𑘱 𑘙𑘱𑘎𑘰𑘜 𑘩𑘱𑘮𑘱𑘩𑘹𑘩𑘹 𑘁𑘮𑘹.,61
data/synthetic/images/line_0061_v010.png,पत्रात तारीख आणि ठिकाण लिहिलेले आहे.,𑘢𑘝𑘿𑘨𑘰𑘝 𑘝𑘰𑘨𑘲𑘏 𑘁𑘜𑘱 𑘙𑘱𑘎𑘰𑘜 𑘩𑘱𑘮𑘱𑘩𑘹𑘩𑘹 𑘁𑘮𑘹.,61
data/synthetic/images/line_0061_v011.png,पत्रात तारीख आणि ठिकाण लिहिलेले आहे.,𑘢𑘝𑘿𑘨𑘰𑘝 𑘝𑘰𑘨𑘲𑘏 𑘁𑘜𑘱 𑘙𑘱𑘎𑘰𑘜 𑘩𑘱𑘮𑘱𑘩𑘹𑘩𑘹 𑘁𑘮𑘹.,61
data/synthetic/images/line_0061_v012.png,पत्रात तारीख आणि ठिकाण लिहिलेले आहे.,𑘢𑘝𑘿𑘨𑘰𑘝 𑘝𑘰𑘨𑘲𑘏 𑘁𑘜𑘱 𑘙𑘱𑘎𑘰𑘜 𑘩𑘱𑘮𑘱𑘩𑘹𑘩𑘹 𑘁𑘮𑘹.,61
data/synthetic/images/line_0061_v013.png,पत्रात तारीख आणि ठिकाण लिहिलेले आहे.,𑘢𑘝𑘿𑘨𑘰𑘝 𑘝𑘰𑘨𑘲𑘏 𑘁𑘜𑘱 𑘙𑘱𑘎𑘰𑘜 𑘩𑘱𑘮𑘱𑘩𑘹𑘩𑘹 𑘁𑘮𑘹.,61
data/synthetic/images/line_0061_v014.png,पत्रात तारीख आणि ठिकाण लिहिलेले आहे.,𑘢𑘝𑘿𑘨𑘰𑘝 𑘝𑘰𑘨𑘲𑘏 𑘁𑘜𑘱 𑘙𑘱𑘎𑘰𑘜 𑘩𑘱𑘮𑘱𑘩𑘹𑘩𑘹 𑘁𑘮𑘹.,61
data/synthetic/images/line_0061_v015.png,पत्रात तारीख आणि ठिकाण लिहिलेले आहे.,𑘢𑘝𑘿𑘨𑘰𑘝 𑘝𑘰𑘨𑘲𑘏 𑘁𑘜𑘱 𑘙𑘱𑘎𑘰𑘜 𑘩𑘱𑘮𑘱𑘩𑘹𑘩𑘹 𑘁𑘮𑘹.,61
data/synthetic/images/line_0061_v016.png,पत्रात तारीख आणि ठिकाण लिहिलेले आहे.,𑘢𑘝𑘿𑘨𑘰𑘝 𑘝𑘰𑘨𑘲𑘏 𑘁𑘜𑘱 𑘙𑘱𑘎𑘰𑘜 𑘩𑘱𑘮𑘱𑘩𑘹𑘩𑘹 𑘁𑘮𑘹.,61
data/synthetic/images/line_0061_v017.png,पत्रात तारीख आणि ठिकाण लिहिलेले आहे.,𑘢𑘝𑘿𑘨𑘰𑘝 𑘝𑘰𑘨𑘲𑘏 𑘁𑘜𑘱 𑘙𑘱𑘎𑘰𑘜 𑘩𑘱𑘮𑘱𑘩𑘹𑘩𑘹 𑘁𑘮𑘹.,61
data/synthetic/images/line_0061_v018.png,पत्रात तारीख आणि ठिकाण लिहिलेले आहे.,𑘢𑘝𑘿𑘨𑘰𑘝 𑘝𑘰𑘨𑘲𑘏 𑘁𑘜𑘱 𑘙𑘱𑘎𑘰𑘜 𑘩𑘱𑘮𑘱𑘩𑘹𑘩𑘹 𑘁𑘮𑘹.,61
data/synthetic/images/line_0061_v019.png,पत्रात तारीख आणि ठिकाण लिहिलेले आहे.,𑘢𑘝𑘿𑘨𑘰𑘝 𑘝𑘰𑘨𑘲𑘏 𑘁𑘜𑘱 𑘙𑘱𑘎𑘰𑘜 𑘩𑘱𑘮𑘱𑘩𑘹𑘩𑘹 𑘁𑘮𑘹.,61
data/synthetic/images/line_0061_v020.png,पत्रात तारीख आणि ठिकाण लिहिलेले आहे.,𑘢𑘝𑘿𑘨𑘰𑘝 𑘝𑘰𑘨𑘲𑘏 𑘁𑘜𑘱 𑘙𑘱𑘎𑘰𑘜 𑘩𑘱𑘮𑘱𑘩𑘹𑘩𑘹 𑘁𑘮𑘹.,61
data/synthetic/images/line_0061_v021.png,पत्रात तारीख आणि ठिकाण लिहिलेले आहे.,𑘢𑘝𑘿𑘨𑘰𑘝 𑘝𑘰𑘨𑘲𑘏 𑘁𑘜𑘱 𑘙𑘱𑘎𑘰𑘜 𑘩𑘱𑘮𑘱𑘩𑘹𑘩𑘹 𑘁𑘮𑘹.,61
data/synthetic/images/line_0061_v022.png,पत्रात तारीख आणि ठिकाण लिहिलेले आहे.,𑘢𑘝𑘿𑘨𑘰𑘝 𑘝𑘰𑘨𑘲𑘏 𑘁𑘜𑘱 𑘙𑘱𑘎𑘰𑘜 𑘩𑘱𑘮𑘱𑘩𑘹𑘩𑘹 𑘁𑘮𑘹.,61
data/synthetic/images/line_0061_v023.png,पत्रात तारीख आणि ठिकाण लिहिलेले आहे.,𑘢𑘝𑘿𑘨𑘰𑘝 𑘝𑘰𑘨𑘲𑘏 𑘁𑘜𑘱 𑘙𑘱𑘎𑘰𑘜 𑘩𑘱𑘮𑘱𑘩𑘹𑘩𑘹 𑘁𑘮𑘹.,61
data/synthetic/images/line_0061_v024.png,पत्रात तारीख आणि ठिकाण लिहिलेले आहे.,𑘢𑘝𑘿𑘨𑘰𑘝 𑘝𑘰𑘨𑘲𑘏 𑘁𑘜𑘱 𑘙𑘱𑘎𑘰𑘜 𑘩𑘱𑘮𑘱𑘩𑘹𑘩𑘹 𑘁𑘮𑘹.,61
data/synthetic/images/line_0061_v025.png,पत्रात तारीख आणि ठिकाण लिहिलेले आहे.,𑘢𑘝𑘿𑘨𑘰𑘝 𑘝𑘰𑘨𑘲𑘏 𑘁𑘜𑘱 𑘙𑘱𑘎𑘰𑘜 𑘩𑘱𑘮𑘱𑘩𑘹𑘩𑘹 𑘁𑘮𑘹.,61
data/synthetic/images/line_0061_v026.png,पत्रात तारीख आणि ठिकाण लिहिलेले आहे.,𑘢𑘝𑘿𑘨𑘰𑘝 𑘝𑘰𑘨𑘲𑘏 𑘁𑘜𑘱 𑘙𑘱𑘎𑘰𑘜 𑘩𑘱𑘮𑘱𑘩𑘹𑘩𑘹 𑘁𑘮𑘹.,61
data/synthetic/images/line_0061_v027.png,पत्रात तारीख आणि ठिकाण लिहिलेले आहे.,𑘢𑘝𑘿𑘨𑘰𑘝 𑘝𑘰𑘨𑘲𑘏 𑘁𑘜𑘱 𑘙𑘱𑘎𑘰𑘜 𑘩𑘱𑘮𑘱𑘩𑘹𑘩𑘹 𑘁𑘮𑘹.,61
data/synthetic/images/line_0061_v028.png,पत्रात तारीख आणि ठिकाण लिहिलेले आहे.,𑘢𑘝𑘿𑘨𑘰𑘝 𑘝𑘰𑘨𑘲𑘏 𑘁𑘜𑘱 𑘙𑘱𑘎𑘰𑘜 𑘩𑘱𑘮𑘱𑘩𑘹𑘩𑘹 𑘁𑘮𑘹.,61
data/synthetic/images/line_0061_v029.png,पत्रात तारीख आणि ठिकाण लिहिलेले आहे.,𑘢𑘝𑘿𑘨𑘰𑘝 𑘝𑘰𑘨𑘲𑘏 𑘁𑘜𑘱 𑘙𑘱𑘎𑘰𑘜 𑘩𑘱𑘮𑘱𑘩𑘹𑘩𑘹 𑘁𑘮𑘹.,61
data/synthetic/images/line_0061_v030.png,पत्रात तारीख आणि ठिकाण लिहिलेले आहे.,𑘢𑘝𑘿𑘨𑘰𑘝 𑘝𑘰𑘨𑘲𑘏 𑘁𑘜𑘱 𑘙𑘱𑘎𑘰𑘜 𑘩𑘱𑘮𑘱𑘩𑘹𑘩𑘹 𑘁𑘮𑘹.,61
data/synthetic/images/line_0061_v031.png,पत्रात तारीख आणि ठिकाण लिहिलेले आहे.,𑘢𑘝𑘿𑘨𑘰𑘝 𑘝𑘰𑘨𑘲𑘏 𑘁𑘜𑘱 𑘙𑘱𑘎𑘰𑘜 𑘩𑘱𑘮𑘱𑘩𑘹𑘩𑘹 𑘁𑘮𑘹.,61
data/synthetic/images/line_0061_v032.png,पत्रात तारीख आणि ठिकाण लिहिलेले आहे.,𑘢𑘝𑘿𑘨𑘰𑘝 𑘝𑘰𑘨𑘲𑘏 𑘁𑘜𑘱 𑘙𑘱𑘎𑘰𑘜 𑘩𑘱𑘮𑘱𑘩𑘹𑘩𑘹 𑘁𑘮𑘹.,61
data/synthetic/images/line_0061_v033.png,पत्रात तारीख आणि ठिकाण लिहिलेले आहे.,𑘢𑘝𑘿𑘨𑘰𑘝 𑘝𑘰𑘨𑘲𑘏 𑘁𑘜𑘱 𑘙𑘱𑘎𑘰𑘜 𑘩𑘱𑘮𑘱𑘩𑘹𑘩𑘹 𑘁𑘮𑘹.,61
data/synthetic/images/line_0061_v034.png,पत्रात तारीख आणि ठिकाण लिहिलेले आहे.,𑘢𑘝𑘿𑘨𑘰𑘝 𑘝𑘰𑘨𑘲𑘏 𑘁𑘜𑘱 𑘙𑘱𑘎𑘰𑘜 𑘩𑘱𑘮𑘱𑘩𑘹𑘩𑘹 𑘁𑘮𑘹.,61
data/synthetic/images/line_0061_v035.png,पत्रात तारीख आणि ठिकाण लिहिलेले आहे.,𑘢𑘝𑘿𑘨𑘰𑘝 𑘝𑘰𑘨𑘲𑘏 𑘁𑘜𑘱 𑘙𑘱𑘎𑘰𑘜 𑘩𑘱𑘮𑘱𑘩𑘹𑘩𑘹 𑘁𑘮𑘹.,61
data/synthetic/images/line_0061_v036.png,पत्रात तारीख आणि ठिकाण लिहिलेले आहे.,𑘢𑘝𑘿𑘨𑘰𑘝 𑘝𑘰𑘨𑘲𑘏 𑘁𑘜𑘱 𑘙𑘱𑘎𑘰𑘜 𑘩𑘱𑘮𑘱𑘩𑘹𑘩𑘹 𑘁𑘮𑘹.,61
data/synthetic/images/line_0061_v037.png,पत्रात तारीख आणि ठिकाण लिहिलेले आहे.,𑘢𑘝𑘿𑘨𑘰𑘝 𑘝𑘰𑘨𑘲𑘏 𑘁𑘜𑘱 𑘙𑘱𑘎𑘰𑘜 𑘩𑘱𑘮𑘱𑘩𑘹𑘩𑘹 𑘁𑘮𑘹.,61
data/synthetic/images/line_0061_v038.png,पत्रात तारीख आणि ठिकाण लिहिलेले आहे.,𑘢𑘝𑘿𑘨𑘰𑘝 𑘝𑘰𑘨𑘲𑘏 𑘁𑘜𑘱 𑘙𑘱𑘎𑘰𑘜 𑘩𑘱𑘮𑘱𑘩𑘹𑘩𑘹 𑘁𑘮𑘹.,61
data/synthetic/images/line_0061_v039.png,पत्रात तारीख आणि ठिकाण लिहिलेले आहे.,𑘢𑘝𑘿𑘨𑘰𑘝 𑘝𑘰𑘨𑘲𑘏 𑘁𑘜𑘱 𑘙𑘱𑘎𑘰𑘜 𑘩𑘱𑘮𑘱𑘩𑘹𑘩𑘹 𑘁𑘮𑘹.,61
data/synthetic/images/line_0062_v000.png,हे पत्र सरदारांना पाठवले होते.,𑘮𑘹 𑘢𑘝𑘿𑘨 𑘭𑘨𑘟𑘰𑘨𑘰𑘽𑘡𑘰 𑘢𑘰𑘙𑘪𑘩𑘹 𑘮𑘻𑘝𑘹.,62
data/synthetic/images/line_0062_v001.png,हे पत्र सरदारांना पाठवले होते.,𑘮𑘹 𑘢𑘝𑘿𑘨 𑘭𑘨𑘟𑘰𑘨𑘰𑘽𑘡𑘰 𑘢𑘰𑘙𑘪𑘩𑘹 𑘮𑘻𑘝𑘹.,62
data/synthetic/images/line_0062_v002.png,हे पत्र सरदारांना पाठवले होते.,𑘮𑘹 𑘢𑘝𑘿𑘨 𑘭𑘨𑘟𑘰𑘨𑘰𑘽𑘡𑘰 𑘢𑘰𑘙𑘪𑘩𑘹 𑘮𑘻𑘝𑘹.,62
data/synthetic/images/line_0062_v003.png,हे पत्र सरदारांना पाठवले होते.,𑘮𑘹 𑘢𑘝𑘿𑘨 𑘭𑘨𑘟𑘰𑘨𑘰𑘽𑘡𑘰 𑘢𑘰𑘙𑘪𑘩𑘹 𑘮𑘻𑘝𑘹.,62
data/synthetic/images/line_0062_v004.png,हे पत्र सरदारांना पाठवले होते.,𑘮𑘹 𑘢𑘝𑘿𑘨 𑘭𑘨𑘟𑘰𑘨𑘰𑘽𑘡𑘰 𑘢𑘰𑘙𑘪𑘩𑘹 𑘮𑘻𑘝𑘹.,62
data/synthetic/images/line_0062_v005.png,हे पत्र सरदारांना पाठवले होते.,𑘮𑘹 𑘢𑘝𑘿𑘨 𑘭𑘨𑘟𑘰𑘨𑘰𑘽𑘡𑘰 𑘢𑘰𑘙𑘪𑘩𑘹 𑘮𑘻𑘝𑘹.,62
data/synthetic/images/line_0062_v006.png,हे पत्र सरदारांना पाठवले होते.,𑘮𑘹 𑘢𑘝𑘿𑘨 𑘭𑘨𑘟𑘰𑘨𑘰𑘽𑘡𑘰 𑘢𑘰𑘙𑘪𑘩𑘹 𑘮𑘻𑘝𑘹.,62
data/synthetic/images/line_0062_v007.png,हे पत्र सरदारांना पाठवले होते.,𑘮𑘹 𑘢𑘝𑘿𑘨 𑘭𑘨𑘟𑘰𑘨𑘰𑘽𑘡𑘰 𑘢𑘰𑘙𑘪𑘩𑘹 𑘮𑘻𑘝𑘹.,62
data/synthetic/images/line_0062_v008.png,हे पत्र सरदारांना पाठवले होते.,𑘮𑘹 𑘢𑘝𑘿𑘨 𑘭𑘨𑘟𑘰𑘨𑘰𑘽𑘡𑘰 𑘢𑘰𑘙𑘪𑘩𑘹 𑘮𑘻𑘝𑘹.,62
data/synthetic/images/line_0062_v009.png,हे पत्र सरदारांना पाठवले होते.,𑘮𑘹 𑘢𑘝𑘿𑘨 𑘭𑘨𑘟𑘰𑘨𑘰𑘽𑘡𑘰 𑘢𑘰𑘙𑘪𑘩𑘹 𑘮𑘻𑘝𑘹.,62
data/synthetic/images/line_0062_v010.png,हे पत्र सरदारांना पाठवले होते.,𑘮𑘹 𑘢𑘝𑘿𑘨 𑘭𑘨𑘟𑘰𑘨𑘰𑘽𑘡𑘰 𑘢𑘰𑘙𑘪𑘩𑘹 𑘮𑘻𑘝𑘹.,62
data/synthetic/images/line_0062_v011.png,हे पत्र सरदारांना पाठवले होते.,𑘮𑘹 𑘢𑘝𑘿𑘨 𑘭𑘨𑘟𑘰𑘨𑘰𑘽𑘡𑘰 𑘢𑘰𑘙𑘪𑘩𑘹 𑘮𑘻𑘝𑘹.,62
data/synthetic/images/line_0062_v012.png,हे पत्र सरदारांना पाठवले होते.,𑘮𑘹 𑘢𑘝𑘿𑘨 𑘭𑘨𑘟𑘰𑘨𑘰𑘽𑘡𑘰 𑘢𑘰𑘙𑘪𑘩𑘹 𑘮𑘻𑘝𑘹.,62
data/synthetic/images/line_0062_v013.png,हे पत्र सरदारांना पाठवले होते.,𑘮𑘹 𑘢𑘝𑘿𑘨 𑘭𑘨𑘟𑘰𑘨𑘰𑘽𑘡𑘰 𑘢𑘰𑘙𑘪𑘩𑘹 𑘮𑘻𑘝𑘹.,62
data/synthetic/images/line_0062_v014.png,हे पत्र सरदारांना पाठवले होते.,𑘮𑘹 𑘢𑘝𑘿𑘨 𑘭𑘨𑘟𑘰𑘨𑘰𑘽𑘡𑘰 𑘢𑘰𑘙𑘪𑘩𑘹 𑘮𑘻𑘝𑘹.,62
data/synthetic/images/line_0062_v015.png,हे पत्र सरदारांना पाठवले होते.,𑘮𑘹 𑘢𑘝𑘿𑘨 𑘭𑘨𑘟𑘰𑘨𑘰𑘽𑘡𑘰 𑘢𑘰𑘙𑘪𑘩𑘹 𑘮𑘻𑘝𑘹.,62
data/synthetic/images/line_0062_v016.png,हे पत्र सरदारांना पाठवले होते.,𑘮𑘹 𑘢𑘝𑘿𑘨 𑘭𑘨𑘟𑘰𑘨𑘰𑘽𑘡𑘰 𑘢𑘰𑘙𑘪𑘩𑘹 𑘮𑘻𑘝𑘹.,62
data/synthetic/images/line_0062_v017.png,हे पत्र सरदारांना पाठवले होते.,𑘮𑘹 𑘢𑘝𑘿𑘨 𑘭𑘨𑘟𑘰𑘨𑘰𑘽𑘡𑘰 𑘢𑘰𑘙𑘪𑘩𑘹 𑘮𑘻𑘝𑘹.,62
data/synthetic/images/line_0062_v018.png,हे पत्र सरदारांना पाठवले होते.,𑘮𑘹 𑘢𑘝𑘿𑘨 𑘭𑘨𑘟𑘰𑘨𑘰𑘽𑘡𑘰 𑘢𑘰𑘙𑘪𑘩𑘹 𑘮𑘻𑘝𑘹.,62
data/synthetic/images/line_0062_v019.png,हे पत्र सरदारांना पाठवले होते.,𑘮𑘹 𑘢𑘝𑘿𑘨 𑘭𑘨𑘟𑘰𑘨𑘰𑘽𑘡𑘰 𑘢𑘰𑘙𑘪𑘩𑘹 𑘮𑘻𑘝𑘹.,62
data/synthetic/images/line_0062_v020.png,हे पत्र सरदारांना पाठवले होते.,𑘮𑘹 𑘢𑘝𑘿𑘨 𑘭𑘨𑘟𑘰𑘨𑘰𑘽𑘡𑘰 𑘢𑘰𑘙𑘪𑘩𑘹 𑘮𑘻𑘝𑘹.,62
data/synthetic/images/line_0062_v021.png,हे पत्र सरदारांना पाठवले होते.,𑘮𑘹 𑘢𑘝𑘿𑘨 𑘭𑘨𑘟𑘰𑘨𑘰𑘽𑘡𑘰 𑘢𑘰𑘙𑘪𑘩𑘹 𑘮𑘻𑘝𑘹.,62
data/synthetic/images/line_0062_v022.png,हे पत्र सरदारांना पाठवले होते.,𑘮𑘹 𑘢𑘝𑘿𑘨 𑘭𑘨𑘟𑘰𑘨𑘰𑘽𑘡𑘰 𑘢𑘰𑘙𑘪𑘩𑘹 𑘮𑘻𑘝𑘹.,62
data/synthetic/images/line_0062_v023.png,हे पत्र सरदारांना पाठवले होते.,𑘮𑘹 𑘢𑘝𑘿𑘨 𑘭𑘨𑘟𑘰𑘨𑘰𑘽𑘡𑘰 𑘢𑘰𑘙𑘪𑘩𑘹 𑘮𑘻𑘝𑘹.,62
data/synthetic/images/line_0062_v024.png,हे पत्र सरदारांना पाठवले होते.,𑘮𑘹 𑘢𑘝𑘿𑘨 𑘭𑘨𑘟𑘰𑘨𑘰𑘽𑘡𑘰 𑘢𑘰𑘙𑘪𑘩𑘹 𑘮𑘻𑘝𑘹.,62
data/synthetic/images/line_0062_v025.png,हे पत्र सरदारांना पाठवले होते.,𑘮𑘹 𑘢𑘝𑘿𑘨 𑘭𑘨𑘟𑘰𑘨𑘰𑘽𑘡𑘰 𑘢𑘰𑘙𑘪𑘩𑘹 𑘮𑘻𑘝𑘹.,62
data/synthetic/images/line_0062_v026.png,हे पत्र सरदारांना पाठवले होते.,𑘮𑘹 𑘢𑘝𑘿𑘨 𑘭𑘨𑘟𑘰𑘨𑘰𑘽𑘡𑘰 𑘢𑘰𑘙𑘪𑘩𑘹 𑘮𑘻𑘝𑘹.,62
data/synthetic/images/line_0062_v027.png,हे पत्र सरदारांना पाठवले होते.,𑘮𑘹 𑘢𑘝𑘿𑘨 𑘭𑘨𑘟𑘰𑘨𑘰𑘽𑘡𑘰 𑘢𑘰𑘙𑘪𑘩𑘹 𑘮𑘻𑘝𑘹.,62
data/synthetic/images/line_0062_v028.png,हे पत्र सरदारांना पाठवले होते.,𑘮𑘹 𑘢𑘝𑘿𑘨 𑘭𑘨𑘟𑘰𑘨𑘰𑘽𑘡𑘰 𑘢𑘰𑘙𑘪𑘩𑘹 𑘮𑘻𑘝𑘹.,62
data/synthetic/images/line_0062_v029.png,हे पत्र सरदारांना पाठवले होते.,𑘮𑘹 𑘢𑘝𑘿𑘨 𑘭𑘨𑘟𑘰𑘨𑘰𑘽𑘡𑘰 𑘢𑘰𑘙𑘪𑘩𑘹 𑘮𑘻𑘝𑘹.,62
data/synthetic/images/line_0062_v030.png,हे पत्र सरदारांना पाठवले होते.,𑘮𑘹 𑘢𑘝𑘿𑘨 𑘭𑘨𑘟𑘰𑘨𑘰𑘽𑘡𑘰 𑘢𑘰𑘙𑘪𑘩𑘹 𑘮𑘻𑘝𑘹.,62
data/synthetic/images/line_0062_v031.png,हे पत्र सरदारांना पाठवले होते.,𑘮𑘹 𑘢𑘝𑘿𑘨 𑘭𑘨𑘟𑘰𑘨𑘰𑘽𑘡𑘰 𑘢𑘰𑘙𑘪𑘩𑘹 𑘮𑘻𑘝𑘹.,62
data/synthetic/images/line_0062_v032.png,हे पत्र सरदारांना पाठवले होते.,𑘮𑘹 𑘢𑘝𑘿𑘨 𑘭𑘨𑘟𑘰𑘨𑘰𑘽𑘡𑘰 𑘢𑘰𑘙𑘪𑘩𑘹 𑘮𑘻𑘝𑘹.,62
data/synthetic/images/line_0062_v033.png,हे पत्र सरदारांना पाठवले होते.,𑘮𑘹 𑘢𑘝𑘿𑘨 𑘭𑘨𑘟𑘰𑘨𑘰𑘽𑘡𑘰 𑘢𑘰𑘙𑘪𑘩𑘹 𑘮𑘻𑘝𑘹.,62
data/synthetic/images/line_0062_v034.png,हे पत्र सरदारांना पाठवले होते.,𑘮𑘹 𑘢𑘝𑘿𑘨 𑘭𑘨𑘟𑘰𑘨𑘰𑘽𑘡𑘰 𑘢𑘰𑘙𑘪𑘩𑘹 𑘮𑘻𑘝𑘹.,62
data/synthetic/images/line_0062_v035.png,हे पत्र सरदारांना पाठवले होते.,𑘮𑘹 𑘢𑘝𑘿𑘨 𑘭𑘨𑘟𑘰𑘨𑘰𑘽𑘡𑘰 𑘢𑘰𑘙𑘪𑘩𑘹 𑘮𑘻𑘝𑘹.,62
data/synthetic/images/line_0062_v036.png,हे पत्र सरदारांना पाठवले होते.,𑘮𑘹 𑘢𑘝𑘿𑘨 𑘭𑘨𑘟𑘰𑘨𑘰𑘽𑘡𑘰 𑘢𑘰𑘙𑘪𑘩𑘹 𑘮𑘻𑘝𑘹.,62
data/synthetic/images/line_0062_v037.png,हे पत्र सरदारांना पाठवले होते.,𑘮𑘹 𑘢𑘝𑘿𑘨 𑘭𑘨𑘟𑘰𑘨𑘰𑘽𑘡𑘰 𑘢𑘰𑘙𑘪𑘩𑘹 𑘮𑘻𑘝𑘹.,62
data/synthetic/images/line_0062_v038.png,हे पत्र सरदारांना पाठवले होते.,𑘮𑘹 𑘢𑘝𑘿𑘨 𑘭𑘨𑘟𑘰𑘨𑘰𑘽𑘡𑘰 𑘢𑘰𑘙𑘪𑘩𑘹 𑘮𑘻𑘝𑘹.,62
data/synthetic/images/line_0062_v039.png,हे पत्र सरदारांना पाठवले होते.,𑘮𑘹 𑘢𑘝𑘿𑘨 𑘭𑘨𑘟𑘰𑘨𑘰𑘽𑘡𑘰 𑘢𑘰𑘙𑘪𑘩𑘹 𑘮𑘻𑘝𑘹.,62
data/synthetic/images/line_0063_v000.png,युद्धाची माहिती या कागदपत्रात आहे.,𑘧𑘳𑘟𑘿𑘠𑘰𑘓𑘲 𑘦𑘰𑘮𑘱𑘝𑘲 𑘧𑘰 𑘎𑘰𑘐𑘟𑘢𑘝𑘿𑘨𑘰𑘝 𑘁𑘮𑘹.,63
data/synthetic/images/line_0063_v001.png,युद्धाची माहिती या कागदपत्रात आहे.,𑘧𑘳𑘟𑘿𑘠𑘰𑘓𑘲 𑘦𑘰𑘮𑘱𑘝𑘲 𑘧𑘰 𑘎𑘰𑘐𑘟𑘢𑘝𑘿𑘨𑘰𑘝 𑘁𑘮𑘹.,63
data/synthetic/images/line_0063_v002.png,युद्धाची माहिती या कागदपत्रात आहे.,𑘧𑘳𑘟𑘿𑘠𑘰𑘓𑘲 𑘦𑘰𑘮𑘱𑘝𑘲 𑘧𑘰 𑘎𑘰𑘐𑘟𑘢𑘝𑘿𑘨𑘰𑘝 𑘁𑘮𑘹.,63
data/synthetic/images/line_0063_v003.png,युद्धाची माहिती या कागदपत्रात आहे.,𑘧𑘳𑘟𑘿𑘠𑘰𑘓𑘲 𑘦𑘰𑘮𑘱𑘝𑘲 𑘧𑘰 𑘎𑘰𑘐𑘟𑘢𑘝𑘿𑘨𑘰𑘝 𑘁𑘮𑘹.,63
data/synthetic/images/line_0063_v004.png,युद्धाची माहिती या कागदपत्रात आहे.,𑘧𑘳𑘟𑘿𑘠𑘰𑘓𑘲 𑘦𑘰𑘮𑘱𑘝𑘲 𑘧𑘰 𑘎𑘰𑘐𑘟𑘢𑘝𑘿𑘨𑘰𑘝 𑘁𑘮𑘹.,63
data/synthetic/images/line_0063_v005.png,युद्धाची माहिती या कागदपत्रात आहे.,𑘧𑘳𑘟𑘿𑘠𑘰𑘓𑘲 𑘦𑘰𑘮𑘱𑘝𑘲 𑘧𑘰 𑘎𑘰𑘐𑘟𑘢𑘝𑘿𑘨𑘰𑘝 𑘁𑘮𑘹.,63
data/synthetic/images/line_0063_v006.png,युद्धाची माहिती या कागदपत्रात आहे.,𑘧𑘳𑘟𑘿𑘠𑘰𑘓𑘲 𑘦𑘰𑘮𑘱𑘝𑘲 𑘧𑘰 𑘎𑘰𑘐𑘟𑘢𑘝𑘿𑘨𑘰𑘝 𑘁𑘮𑘹.,63
data/synthetic/images/line_0063_v007.png,युद्धाची माहिती या कागदपत्रात आहे.,𑘧𑘳𑘟𑘿𑘠𑘰𑘓𑘲 𑘦𑘰𑘮𑘱𑘝𑘲 𑘧𑘰 𑘎𑘰𑘐𑘟𑘢𑘝𑘿𑘨𑘰𑘝 𑘁𑘮𑘹.,63
data/synthetic/images/line_0063_v008.png,युद्धाची माहिती या कागदपत्रात आहे.,𑘧𑘳𑘟𑘿𑘠𑘰𑘓𑘲 𑘦𑘰𑘮𑘱𑘝𑘲 𑘧𑘰 𑘎𑘰𑘐𑘟𑘢𑘝𑘿𑘨𑘰𑘝 𑘁𑘮𑘹.,63
data/synthetic/images/line_0063_v009.png,युद्धाची माहिती या कागदपत्रात आहे.,𑘧𑘳𑘟𑘿𑘠𑘰𑘓𑘲 𑘦𑘰𑘮𑘱𑘝𑘲 𑘧𑘰 𑘎𑘰𑘐𑘟𑘢𑘝𑘿𑘨𑘰𑘝 𑘁𑘮𑘹.,63
data/synthetic/images/line_0063_v010.png,युद्धाची माहिती या कागदपत्रात आहे.,𑘧𑘳𑘟𑘿𑘠𑘰𑘓𑘲 𑘦𑘰𑘮𑘱𑘝𑘲 𑘧𑘰 𑘎𑘰𑘐𑘟𑘢𑘝𑘿𑘨𑘰𑘝 𑘁𑘮𑘹.,63
data/synthetic/images/line_0063_v011.png,युद्धाची माहिती या कागदपत्रात आहे.,𑘧𑘳𑘟𑘿𑘠𑘰𑘓𑘲 𑘦𑘰𑘮𑘱𑘝𑘲 𑘧𑘰 𑘎𑘰𑘐𑘟𑘢𑘝𑘿𑘨𑘰𑘝 𑘁𑘮𑘹.,63
data/synthetic/images/line_0063_v012.png,युद्धाची माहिती या कागदपत्रात आहे.,𑘧𑘳𑘟𑘿𑘠𑘰𑘓𑘲 𑘦𑘰𑘮𑘱𑘝𑘲 𑘧𑘰 𑘎𑘰𑘐𑘟𑘢𑘝𑘿𑘨𑘰𑘝 𑘁𑘮𑘹.,63
data/synthetic/images/line_0063_v013.png,युद्धाची माहिती या कागदपत्रात आहे.,𑘧𑘳𑘟𑘿𑘠𑘰𑘓𑘲 𑘦𑘰𑘮𑘱𑘝𑘲 𑘧𑘰 𑘎𑘰𑘐𑘟𑘢𑘝𑘿𑘨𑘰𑘝 𑘁𑘮𑘹.,63
data/synthetic/images/line_0063_v014.png,युद्धाची माहिती या कागदपत्रात आहे.,𑘧𑘳𑘟𑘿𑘠𑘰𑘓𑘲 𑘦𑘰𑘮𑘱𑘝𑘲 𑘧𑘰 𑘎𑘰𑘐𑘟𑘢𑘝𑘿𑘨𑘰𑘝 𑘁𑘮𑘹.,63
data/synthetic/images/line_0063_v015.png,युद्धाची माहिती या कागदपत्रात आहे.,𑘧𑘳𑘟𑘿𑘠𑘰𑘓𑘲 𑘦𑘰𑘮𑘱𑘝𑘲 𑘧𑘰 𑘎𑘰𑘐𑘟𑘢𑘝𑘿𑘨𑘰𑘝 𑘁𑘮𑘹.,63
data/synthetic/images/line_0063_v016.png,युद्धाची माहिती या कागदपत्रात आहे.,𑘧𑘳𑘟𑘿𑘠𑘰𑘓𑘲 𑘦𑘰𑘮𑘱𑘝𑘲 𑘧𑘰 𑘎𑘰𑘐𑘟𑘢𑘝𑘿𑘨𑘰𑘝 𑘁𑘮𑘹.,63
data/synthetic/images/line_0063_v017.png,युद्धाची माहिती या कागदपत्रात आहे.,𑘧𑘳𑘟𑘿𑘠𑘰𑘓𑘲 𑘦𑘰𑘮𑘱𑘝𑘲 𑘧𑘰 𑘎𑘰𑘐𑘟𑘢𑘝𑘿𑘨𑘰𑘝 𑘁𑘮𑘹.,63
data/synthetic/images/line_0063_v018.png,युद्धाची माहिती या कागदपत्रात आहे.,𑘧𑘳𑘟𑘿𑘠𑘰𑘓𑘲 𑘦𑘰𑘮𑘱𑘝𑘲 𑘧𑘰 𑘎𑘰𑘐𑘟𑘢𑘝𑘿𑘨𑘰𑘝 𑘁𑘮𑘹.,63
data/synthetic/images/line_0063_v019.png,युद्धाची माहिती या कागदपत्रात आहे.,𑘧𑘳𑘟𑘿𑘠𑘰𑘓𑘲 𑘦𑘰𑘮𑘱𑘝𑘲 𑘧𑘰 𑘎𑘰𑘐𑘟𑘢𑘝𑘿𑘨𑘰𑘝 𑘁𑘮𑘹.,63
data/synthetic/images/line_0063_v020.png,युद्धाची माहिती या कागदपत्रात आहे.,𑘧𑘳𑘟𑘿𑘠𑘰𑘓𑘲 𑘦𑘰𑘮𑘱𑘝𑘲 𑘧𑘰 𑘎𑘰𑘐𑘟𑘢𑘝𑘿𑘨𑘰𑘝 𑘁𑘮𑘹.,63
data/synthetic/images/line_0063_v021.png,युद्धाची माहिती या कागदपत्रात आहे.,𑘧𑘳𑘟𑘿𑘠𑘰𑘓𑘲 𑘦𑘰𑘮𑘱𑘝𑘲 𑘧𑘰 𑘎𑘰𑘐𑘟𑘢𑘝𑘿𑘨𑘰𑘝 𑘁𑘮𑘹.,63
data/synthetic/images/line_0063_v022.png,युद्धाची माहिती या कागदपत्रात आहे.,𑘧𑘳𑘟𑘿𑘠𑘰𑘓𑘲 𑘦𑘰𑘮𑘱𑘝𑘲 𑘧𑘰 𑘎𑘰𑘐𑘟𑘢𑘝𑘿𑘨𑘰𑘝 𑘁𑘮𑘹.,63
data/synthetic/images/line_0063_v023.png,युद्धाची माहिती या कागदपत्रात आहे.,𑘧𑘳𑘟𑘿𑘠𑘰𑘓𑘲 𑘦𑘰𑘮𑘱𑘝𑘲 𑘧𑘰 𑘎𑘰𑘐𑘟𑘢𑘝𑘿𑘨𑘰𑘝 𑘁𑘮𑘹.,63
data/synthetic/images/line_0063_v024.png,युद्धाची माहिती या कागदपत्रात आहे.,𑘧𑘳𑘟𑘿𑘠𑘰𑘓𑘲 𑘦𑘰𑘮𑘱𑘝𑘲 𑘧𑘰 𑘎𑘰𑘐𑘟𑘢𑘝𑘿𑘨𑘰𑘝 𑘁𑘮𑘹.,63
data/synthetic/images/line_0063_v025.png,युद्धाची माहिती या कागदपत्रात आहे.,𑘧𑘳𑘟𑘿𑘠𑘰𑘓𑘲 𑘦𑘰𑘮𑘱𑘝𑘲 𑘧𑘰 𑘎𑘰𑘐𑘟𑘢𑘝𑘿𑘨𑘰𑘝 𑘁𑘮𑘹.,63
data/synthetic/images/line_0063_v026.png,युद्धाची माहिती या कागदपत्रात आहे.,𑘧𑘳𑘟𑘿𑘠𑘰𑘓𑘲 𑘦𑘰𑘮𑘱𑘝𑘲 𑘧𑘰 𑘎𑘰𑘐𑘟𑘢𑘝𑘿𑘨𑘰𑘝 𑘁𑘮𑘹.,63
data/synthetic/images/line_0063_v027.png,युद्धाची माहिती या कागदपत्रात आहे.,𑘧𑘳𑘟𑘿𑘠𑘰𑘓𑘲 𑘦𑘰𑘮𑘱𑘝𑘲 𑘧𑘰 𑘎𑘰𑘐𑘟𑘢𑘝𑘿𑘨𑘰𑘝 𑘁𑘮𑘹.,63
data/synthetic/images/line_0063_v028.png,युद्धाची माहिती या कागदपत्रात आहे.,𑘧𑘳𑘟𑘿𑘠𑘰𑘓𑘲 𑘦𑘰𑘮𑘱𑘝𑘲 𑘧𑘰 𑘎𑘰𑘐𑘟𑘢𑘝𑘿𑘨𑘰𑘝 𑘁𑘮𑘹.,63
data/synthetic/images/line_0063_v029.png,युद्धाची माहिती या कागदपत्रात आहे.,𑘧𑘳𑘟𑘿𑘠𑘰𑘓𑘲 𑘦𑘰𑘮𑘱𑘝𑘲 𑘧𑘰 𑘎𑘰𑘐𑘟𑘢𑘝𑘿𑘨𑘰𑘝 𑘁𑘮𑘹.,63
data/synthetic/images/line_0063_v030.png,युद्धाची माहिती या कागदपत्रात आहे.,𑘧𑘳𑘟𑘿𑘠𑘰𑘓𑘲 𑘦𑘰𑘮𑘱𑘝𑘲 𑘧𑘰 𑘎𑘰𑘐𑘟𑘢𑘝𑘿𑘨𑘰𑘝 𑘁𑘮𑘹.,63
data/synthetic/images/line_0063_v031.png,युद्धाची माहिती या कागदपत्रात आहे.,𑘧𑘳𑘟𑘿𑘠𑘰𑘓𑘲 𑘦𑘰𑘮𑘱𑘝𑘲 𑘧𑘰 𑘎𑘰𑘐𑘟𑘢𑘝𑘿𑘨𑘰𑘝 𑘁𑘮𑘹.,63
data/synthetic/images/line_0063_v032.png,युद्धाची माहिती या कागदपत्रात आहे.,𑘧𑘳𑘟𑘿𑘠𑘰𑘓𑘲 𑘦𑘰𑘮𑘱𑘝𑘲 𑘧𑘰 𑘎𑘰𑘐𑘟𑘢𑘝𑘿𑘨𑘰𑘝 𑘁𑘮𑘹.,63
data/synthetic/images/line_0063_v033.png,युद्धाची माहिती या कागदपत्रात आहे.,𑘧𑘳𑘟𑘿𑘠𑘰𑘓𑘲 𑘦𑘰𑘮𑘱𑘝𑘲 𑘧𑘰 𑘎𑘰𑘐𑘟𑘢𑘝𑘿𑘨𑘰𑘝 𑘁𑘮𑘹.,63
data/synthetic/images/line_0063_v034.png,युद्धाची माहिती या कागदपत्रात आहे.,𑘧𑘳𑘟𑘿𑘠𑘰𑘓𑘲 𑘦𑘰𑘮𑘱𑘝𑘲 𑘧𑘰 𑘎𑘰𑘐𑘟𑘢𑘝𑘿𑘨𑘰𑘝 𑘁𑘮𑘹.,63
data/synthetic/images/line_0063_v035.png,युद्धाची माहिती या कागदपत्रात आहे.,𑘧𑘳𑘟𑘿𑘠𑘰𑘓𑘲 𑘦𑘰𑘮𑘱𑘝𑘲 𑘧𑘰 𑘎𑘰𑘐𑘟𑘢𑘝𑘿𑘨𑘰𑘝 𑘁𑘮𑘹.,63
data/synthetic/images/line_0063_v036.png,युद्धाची माहिती या कागदपत्रात आहे.,𑘧𑘳𑘟𑘿𑘠𑘰𑘓𑘲 𑘦𑘰𑘮𑘱𑘝𑘲 𑘧𑘰 𑘎𑘰𑘐𑘟𑘢𑘝𑘿𑘨𑘰𑘝 𑘁𑘮𑘹.,63
data/synthetic/images/line_0063_v037.png,युद्धाची माहिती या कागदपत्रात आहे.,𑘧𑘳𑘟𑘿𑘠𑘰𑘓𑘲 𑘦𑘰𑘮𑘱𑘝𑘲 𑘧𑘰 𑘎𑘰𑘐𑘟𑘢𑘝𑘿𑘨𑘰𑘝 𑘁𑘮𑘹.,63
data/synthetic/images/line_0063_v038.png,युद्धाची माहिती या कागदपत्रात आहे.,𑘧𑘳𑘟𑘿𑘠𑘰𑘓𑘲 𑘦𑘰𑘮𑘱𑘝𑘲 𑘧𑘰 𑘎𑘰𑘐𑘟𑘢𑘝𑘿𑘨𑘰𑘝 𑘁𑘮𑘹.,63
data/synthetic/images/line_0063_v039.png,युद्धाची माहिती या कागदपत्रात आहे.,𑘧𑘳𑘟𑘿𑘠𑘰𑘓𑘲 𑘦𑘰𑘮𑘱𑘝𑘲 𑘧𑘰 𑘎𑘰𑘐𑘟𑘢𑘝𑘿𑘨𑘰𑘝 𑘁𑘮𑘹.,63
data/synthetic/images/line_0064_v000.png,सैन्याने किल्ला जिंकला.,𑘭𑘺𑘡𑘿𑘧𑘰𑘡𑘹 𑘎𑘱𑘩𑘿𑘩𑘰 𑘕𑘱𑘽𑘎𑘩𑘰.,64
data/synthetic/images/line_0064_v001.png,सैन्याने किल्ला जिंकला.,𑘭𑘺𑘡𑘿𑘧𑘰𑘡𑘹 𑘎𑘱𑘩𑘿𑘩𑘰 𑘕𑘱𑘽𑘎𑘩𑘰.,64
data/synthetic/images/line_0064_v002.png,सैन्याने किल्ला जिंकला.,𑘭𑘺𑘡𑘿𑘧𑘰𑘡𑘹 𑘎𑘱𑘩𑘿𑘩𑘰 𑘕𑘱𑘽𑘎𑘩𑘰.,64
data/synthetic/images/line_0064_v003.png,सैन्याने किल्ला जिंकला.,𑘭𑘺𑘡𑘿𑘧𑘰𑘡𑘹 𑘎𑘱𑘩𑘿𑘩𑘰 𑘕𑘱𑘽𑘎𑘩𑘰.,64
data/synthetic/images/line_0064_v004.png,सैन्याने किल्ला जिंकला.,𑘭𑘺𑘡𑘿𑘧𑘰𑘡𑘹 𑘎𑘱𑘩𑘿𑘩𑘰 𑘕𑘱𑘽𑘎𑘩𑘰.,64
data/synthetic/images/line_0064_v005.png,सैन्याने किल्ला जिंकला.,𑘭𑘺𑘡𑘿𑘧𑘰𑘡𑘹 𑘎𑘱𑘩𑘿𑘩𑘰 𑘕𑘱𑘽𑘎𑘩𑘰.,64
data/synthetic/images/line_0064_v006.png,सैन्याने किल्ला जिंकला.,𑘭𑘺𑘡𑘿𑘧𑘰𑘡𑘹 𑘎𑘱𑘩𑘿𑘩𑘰 𑘕𑘱𑘽𑘎𑘩𑘰.,64
data/synthetic/images/line_0064_v007.png,सैन्याने किल्ला जिंकला.,𑘭𑘺𑘡𑘿𑘧𑘰𑘡𑘹 𑘎𑘱𑘩𑘿𑘩𑘰 𑘕𑘱𑘽𑘎𑘩𑘰.,64
data/synthetic/images/line_0064_v008.png,सैन्याने किल्ला जिंकला.,𑘭𑘺𑘡𑘿𑘧𑘰𑘡𑘹 𑘎𑘱𑘩𑘿𑘩𑘰 𑘕𑘱𑘽𑘎𑘩𑘰.,64
data/synthetic/images/line_0064_v009.png,सैन्याने किल्ला जिंकला.,𑘭𑘺𑘡𑘿𑘧𑘰𑘡𑘹 𑘎𑘱𑘩𑘿𑘩𑘰 𑘕𑘱𑘽𑘎𑘩𑘰.,64
data/synthetic/images/line_0064_v010.png,सैन्याने किल्ला जिंकला.,𑘭𑘺𑘡𑘿𑘧𑘰𑘡𑘹 𑘎𑘱𑘩𑘿𑘩𑘰 𑘕𑘱𑘽𑘎𑘩𑘰.,64
data/synthetic/images/line_0064_v011.png,सैन्याने किल्ला जिंकला.,𑘭𑘺𑘡𑘿𑘧𑘰𑘡𑘹 𑘎𑘱𑘩𑘿𑘩𑘰 𑘕𑘱𑘽𑘎𑘩𑘰.,64
data/synthetic/images/line_0064_v012.png,सैन्याने किल्ला जिंकला.,𑘭𑘺𑘡𑘿𑘧𑘰𑘡𑘹 𑘎𑘱𑘩𑘿𑘩𑘰 𑘕𑘱𑘽𑘎𑘩𑘰.,64
data/synthetic/images/line_0064_v013.png,सैन्याने किल्ला जिंकला.,𑘭𑘺𑘡𑘿𑘧𑘰𑘡𑘹 𑘎𑘱𑘩𑘿𑘩𑘰 𑘕𑘱𑘽𑘎𑘩𑘰.,64
data/synthetic/images/line_0064_v014.png,सैन्याने किल्ला जिंकला.,𑘭𑘺𑘡𑘿𑘧𑘰𑘡𑘹 𑘎𑘱𑘩𑘿𑘩𑘰 𑘕𑘱𑘽𑘎𑘩𑘰.,64
data/synthetic/images/line_0064_v015.png,सैन्याने किल्ला जिंकला.,𑘭𑘺𑘡𑘿𑘧𑘰𑘡𑘹 𑘎𑘱𑘩𑘿𑘩𑘰 𑘕𑘱𑘽𑘎𑘩𑘰.,64
data/synthetic/images/line_0064_v016.png,सैन्याने किल्ला जिंकला.,𑘭𑘺𑘡𑘿𑘧𑘰𑘡𑘹 𑘎𑘱𑘩𑘿𑘩𑘰 𑘕𑘱𑘽𑘎𑘩𑘰.,64
data/synthetic/images/line_0064_v017.png,सैन्याने किल्ला जिंकला.,𑘭𑘺𑘡𑘿𑘧𑘰𑘡𑘹 𑘎𑘱𑘩𑘿𑘩𑘰 𑘕𑘱𑘽𑘎𑘩𑘰.,64
data/synthetic/images/line_0064_v018.png,सैन्याने किल्ला जिंकला.,𑘭𑘺𑘡𑘿𑘧𑘰𑘡𑘹 𑘎𑘱𑘩𑘿𑘩𑘰 𑘕𑘱𑘽𑘎𑘩𑘰.,64
data/synthetic/images/line_0064_v019.png,सैन्याने किल्ला जिंकला.,𑘭𑘺𑘡𑘿𑘧𑘰𑘡𑘹 𑘎𑘱𑘩𑘿𑘩𑘰 𑘕𑘱𑘽𑘎𑘩𑘰.,64
data/synthetic/images/line_0064_v020.png,सैन्याने किल्ला जिंकला.,𑘭𑘺𑘡𑘿𑘧𑘰𑘡𑘹 𑘎𑘱𑘩𑘿𑘩𑘰 𑘕𑘱𑘽𑘎𑘩𑘰.,64
data/synthetic/images/line_0064_v021.png,सैन्याने किल्ला जिंकला.,𑘭𑘺𑘡𑘿𑘧𑘰𑘡𑘹 𑘎𑘱𑘩𑘿𑘩𑘰 𑘕𑘱𑘽𑘎𑘩𑘰.,64
data/synthetic/images/line_0064_v022.png,सैन्याने किल्ला जिंकला.,𑘭𑘺𑘡𑘿𑘧𑘰𑘡𑘹 𑘎𑘱𑘩𑘿𑘩𑘰 𑘕𑘱𑘽𑘎𑘩𑘰.,64
data/synthetic/images/line_0064_v023.png,सैन्याने किल्ला जिंकला.,𑘭𑘺𑘡𑘿𑘧𑘰𑘡𑘹 𑘎𑘱𑘩𑘿𑘩𑘰 𑘕𑘱𑘽𑘎𑘩𑘰.,64
data/synthetic/images/line_0064_v024.png,सैन्याने किल्ला जिंकला.,𑘭𑘺𑘡𑘿𑘧𑘰𑘡𑘹 𑘎𑘱𑘩𑘿𑘩𑘰 𑘕𑘱𑘽𑘎𑘩𑘰.,64
data/synthetic/images/line_0064_v025.png,सैन्याने किल्ला जिंकला.,𑘭𑘺𑘡𑘿𑘧𑘰𑘡𑘹 𑘎𑘱𑘩𑘿𑘩𑘰 𑘕𑘱𑘽𑘎𑘩𑘰.,64
data/synthetic/images/line_0064_v026.png,सैन्याने किल्ला जिंकला.,𑘭𑘺𑘡𑘿𑘧𑘰𑘡𑘹 𑘎𑘱𑘩𑘿𑘩𑘰 𑘕𑘱𑘽𑘎𑘩𑘰.,64
data/synthetic/images/line_0064_v027.png,सैन्याने किल्ला जिंकला.,𑘭𑘺𑘡𑘿𑘧𑘰𑘡𑘹 𑘎𑘱𑘩𑘿𑘩𑘰 𑘕𑘱𑘽𑘎𑘩𑘰.,64
data/synthetic/images/line_0064_v028.png,सैन्याने किल्ला जिंकला.,𑘭𑘺𑘡𑘿𑘧𑘰𑘡𑘹 𑘎𑘱𑘩𑘿𑘩𑘰 𑘕𑘱𑘽𑘎𑘩𑘰.,64
data/synthetic/images/line_0064_v029.png,सैन्याने किल्ला जिंकला.,𑘭𑘺𑘡𑘿𑘧𑘰𑘡𑘹 𑘎𑘱𑘩𑘿𑘩𑘰 𑘕𑘱𑘽𑘎𑘩𑘰.,64
data/synthetic/images/line_0064_v030.png,सैन्याने किल्ला जिंकला.,𑘭𑘺𑘡𑘿𑘧𑘰𑘡𑘹 𑘎𑘱𑘩𑘿𑘩𑘰 𑘕𑘱𑘽𑘎𑘩𑘰.,64
data/synthetic/images/line_0064_v031.png,सैन्याने किल्ला जिंकला.,𑘭𑘺𑘡𑘿𑘧𑘰𑘡𑘹 𑘎𑘱𑘩𑘿𑘩𑘰 𑘕𑘱𑘽𑘎𑘩𑘰.,64
data/synthetic/images/line_0064_v032.png,सैन्याने किल्ला जिंकला.,𑘭𑘺𑘡𑘿𑘧𑘰𑘡𑘹 𑘎𑘱𑘩𑘿𑘩𑘰 𑘕𑘱𑘽𑘎𑘩𑘰.,64
data/synthetic/images/line_0064_v033.png,सैन्याने किल्ला जिंकला.,𑘭𑘺𑘡𑘿𑘧𑘰𑘡𑘹 𑘎𑘱𑘩𑘿𑘩𑘰 𑘕𑘱𑘽𑘎𑘩𑘰.,64
data/synthetic/images/line_0064_v034.png,सैन्याने किल्ला जिंकला.,𑘭𑘺𑘡𑘿𑘧𑘰𑘡𑘹 𑘎𑘱𑘩𑘿𑘩𑘰 𑘕𑘱𑘽𑘎𑘩𑘰.,64
data/synthetic/images/line_0064_v035.png,सैन्याने किल्ला जिंकला.,𑘭𑘺𑘡𑘿𑘧𑘰𑘡𑘹 𑘎𑘱𑘩𑘿𑘩𑘰 𑘕𑘱𑘽𑘎𑘩𑘰.,64
data/synthetic/images/line_0064_v036.png,सैन्याने किल्ला जिंकला.,𑘭𑘺𑘡𑘿𑘧𑘰𑘡𑘹 𑘎𑘱𑘩𑘿𑘩𑘰 𑘕𑘱𑘽𑘎𑘩𑘰.,64
data/synthetic/images/line_0064_v037.png,सैन्याने किल्ला जिंकला.,𑘭𑘺𑘡𑘿𑘧𑘰𑘡𑘹 𑘎𑘱𑘩𑘿𑘩𑘰 𑘕𑘱𑘽𑘎𑘩𑘰.,64
data/synthetic/images/line_0064_v038.png,सैन्याने किल्ला जिंकला.,𑘭𑘺𑘡𑘿𑘧𑘰𑘡𑘹 𑘎𑘱𑘩𑘿𑘩𑘰 𑘕𑘱𑘽𑘎𑘩𑘰.,64
data/synthetic/images/line_0064_v039.png,सैन्याने किल्ला जिंकला.,𑘭𑘺𑘡𑘿𑘧𑘰𑘡𑘹 𑘎𑘱𑘩𑘿𑘩𑘰 𑘕𑘱𑘽𑘎𑘩𑘰.,64
data/synthetic/images/line_0065_v000.png,व्यापारी माल घेऊन शहरात आला.,𑘪𑘿𑘧𑘰𑘢𑘰𑘨𑘲 𑘦𑘰𑘩 𑘑𑘹𑘅𑘡 𑘫𑘮𑘨𑘰𑘝 𑘁𑘩𑘰.,65
data/synthetic/images/line_0065_v001.png,व्यापारी माल घेऊन शहरात आला.,𑘪𑘿𑘧𑘰𑘢𑘰𑘨𑘲 𑘦𑘰𑘩 𑘑𑘹𑘅𑘡 𑘫𑘮𑘨𑘰𑘝 𑘁𑘩𑘰.,65
data/synthetic/images/line_0065_v002.png,व्यापारी माल घेऊन शहरात आला.,𑘪𑘿𑘧𑘰𑘢𑘰𑘨𑘲 𑘦𑘰𑘩 𑘑𑘹𑘅𑘡 𑘫𑘮𑘨𑘰𑘝 𑘁𑘩𑘰.,65
data/synthetic/images/line_0065_v003.png,व्यापारी माल घेऊन शहरात आला.,𑘪𑘿𑘧𑘰𑘢𑘰𑘨𑘲 𑘦𑘰𑘩 𑘑𑘹𑘅𑘡 𑘫𑘮𑘨𑘰𑘝 𑘁𑘩𑘰.,65
data/synthetic/images/line_0065_v004.png,व्यापारी माल घेऊन शहरात आला.,𑘪𑘿𑘧𑘰𑘢𑘰𑘨𑘲 𑘦𑘰𑘩 𑘑𑘹𑘅𑘡 𑘫𑘮𑘨𑘰𑘝 𑘁𑘩𑘰.,65
data/synthetic/images/line_0065_v005.png,व्यापारी माल घेऊन शहरात आला.,𑘪𑘿𑘧𑘰𑘢𑘰𑘨𑘲 𑘦𑘰𑘩 𑘑𑘹𑘅𑘡 𑘫𑘮𑘨𑘰𑘝 𑘁𑘩𑘰.,65
data/synthetic/images/line_0065_v006.png,व्यापारी माल घेऊन शहरात आला.,𑘪𑘿𑘧𑘰𑘢𑘰𑘨𑘲 𑘦𑘰𑘩 𑘑𑘹𑘅𑘡 𑘫𑘮𑘨𑘰𑘝 𑘁𑘩𑘰.,65
data/synthetic/images/line_0065_v007.png,व्यापारी माल घेऊन शहरात आला.,𑘪𑘿𑘧𑘰𑘢𑘰𑘨𑘲 𑘦𑘰𑘩 𑘑𑘹𑘅𑘡 𑘫𑘮𑘨𑘰𑘝 𑘁𑘩𑘰.,65
data/synthetic/images/line_0065_v008.png,व्यापारी माल घेऊन शहरात आला.,𑘪𑘿𑘧𑘰𑘢𑘰𑘨𑘲 𑘦𑘰𑘩 𑘑𑘹𑘅𑘡 𑘫𑘮𑘨𑘰𑘝 𑘁𑘩𑘰.,65
data/synthetic/images/line_0065_v009.png,व्यापारी माल घेऊन शहरात आला.,𑘪𑘿𑘧𑘰𑘢𑘰𑘨𑘲 𑘦𑘰𑘩 𑘑𑘹𑘅𑘡 𑘫𑘮𑘨𑘰𑘝 𑘁𑘩𑘰.,65
data/synthetic/images/line_0065_v010.png,व्यापारी माल घेऊन शहरात आला.,𑘪𑘿𑘧𑘰𑘢𑘰𑘨𑘲 𑘦𑘰𑘩 𑘑𑘹𑘅𑘡 𑘫𑘮𑘨𑘰𑘝 𑘁𑘩𑘰.,65
data/synthetic/images/line_0065_v011.png,व्यापारी माल घेऊन शहरात आला.,𑘪𑘿𑘧𑘰𑘢𑘰𑘨𑘲 𑘦𑘰𑘩 𑘑𑘹𑘅𑘡 𑘫𑘮𑘨𑘰𑘝 𑘁𑘩𑘰.,65
data/synthetic/images/line_0065_v012.png,व्यापारी माल घेऊन शहरात आला.,𑘪𑘿𑘧𑘰𑘢𑘰𑘨𑘲 𑘦𑘰𑘩 𑘑𑘹𑘅𑘡 𑘫𑘮𑘨𑘰𑘝 𑘁𑘩𑘰.,65
data/synthetic/images/line_0065_v013.png,व्यापारी माल घेऊन शहरात आला.,𑘪𑘿𑘧𑘰𑘢𑘰𑘨𑘲 𑘦𑘰𑘩 𑘑𑘹𑘅𑘡 𑘫𑘮𑘨𑘰𑘝 𑘁𑘩𑘰.,65
data/synthetic/images/line_0065_v014.png,व्यापारी माल घेऊन शहरात आला.,𑘪𑘿𑘧𑘰𑘢𑘰𑘨𑘲 𑘦𑘰𑘩 𑘑𑘹𑘅𑘡 𑘫𑘮𑘨𑘰𑘝 𑘁𑘩𑘰.,65
data/synthetic/images/line_0065_v015.png,व्यापारी माल घेऊन शहरात आला.,𑘪𑘿𑘧𑘰𑘢𑘰𑘨𑘲 𑘦𑘰𑘩 𑘑𑘹𑘅𑘡 𑘫𑘮𑘨𑘰𑘝 𑘁𑘩𑘰.,65
data/synthetic/images/line_0065_v016.png,व्यापारी माल घेऊन शहरात आला.,𑘪𑘿𑘧𑘰𑘢𑘰𑘨𑘲 𑘦𑘰𑘩 𑘑𑘹𑘅𑘡 𑘫𑘮𑘨𑘰𑘝 𑘁𑘩𑘰.,65
data/synthetic/images/line_0065_v017.png,व्यापारी माल घेऊन शहरात आला.,𑘪𑘿𑘧𑘰𑘢𑘰𑘨𑘲 𑘦𑘰𑘩 𑘑𑘹𑘅𑘡 𑘫𑘮𑘨𑘰𑘝 𑘁𑘩𑘰.,65
data/synthetic/images/line_0065_v018.png,व्यापारी माल घेऊन शहरात आला.,𑘪𑘿𑘧𑘰𑘢𑘰𑘨𑘲 𑘦𑘰𑘩 𑘑𑘹𑘅𑘡 𑘫𑘮𑘨𑘰𑘝 𑘁𑘩𑘰.,65
data/synthetic/images/line_0065_v019.png,व्यापारी माल घेऊन शहरात आला.,𑘪𑘿𑘧𑘰𑘢𑘰𑘨𑘲 𑘦𑘰𑘩 𑘑𑘹𑘅𑘡 𑘫𑘮𑘨𑘰𑘝 𑘁𑘩𑘰.,65
data/synthetic/images/line_0065_v020.png,व्यापारी माल घेऊन शहरात आला.,𑘪𑘿𑘧𑘰𑘢𑘰𑘨𑘲 𑘦𑘰𑘩 𑘑𑘹𑘅𑘡 𑘫𑘮𑘨𑘰𑘝 𑘁𑘩𑘰.,65
data/synthetic/images/line_0065_v021.png,व्यापारी माल घेऊन शहरात आला.,𑘪𑘿𑘧𑘰𑘢𑘰𑘨𑘲 𑘦𑘰𑘩 𑘑𑘹𑘅𑘡 𑘫𑘮𑘨𑘰𑘝 𑘁𑘩𑘰.,65
data/synthetic/images/line_0065_v022.png,व्यापारी माल घेऊन शहरात आला.,𑘪𑘿𑘧𑘰𑘢𑘰𑘨𑘲 𑘦𑘰𑘩 𑘑𑘹𑘅𑘡 𑘫𑘮𑘨𑘰𑘝 𑘁𑘩𑘰.,65
data/synthetic/images/line_0065_v023.png,व्यापारी माल घेऊन शहरात आला.,𑘪𑘿𑘧𑘰𑘢𑘰𑘨𑘲 𑘦𑘰𑘩 𑘑𑘹𑘅𑘡 𑘫𑘮𑘨𑘰𑘝 𑘁𑘩𑘰.,65
data/synthetic/images/line_0065_v024.png,व्यापारी माल घेऊन शहरात आला.,𑘪𑘿𑘧𑘰𑘢𑘰𑘨𑘲 𑘦𑘰𑘩 𑘑𑘹𑘅𑘡 𑘫𑘮𑘨𑘰𑘝 𑘁𑘩𑘰.,65
data/synthetic/images/line_0065_v025.png,व्यापारी माल घेऊन शहरात आला.,𑘪𑘿𑘧𑘰𑘢𑘰𑘨𑘲 𑘦𑘰𑘩 𑘑𑘹𑘅𑘡 𑘫𑘮𑘨𑘰𑘝 𑘁𑘩𑘰.,65
data/synthetic/images/line_0065_v026.png,व्यापारी माल घेऊन शहरात आला.,𑘪𑘿𑘧𑘰𑘢𑘰𑘨𑘲 𑘦𑘰𑘩 𑘑𑘹𑘅𑘡 𑘫𑘮𑘨𑘰𑘝 𑘁𑘩𑘰.,65
data/synthetic/images/line_0065_v027.png,व्यापारी माल घेऊन शहरात आला.,𑘪𑘿𑘧𑘰𑘢𑘰𑘨𑘲 𑘦𑘰𑘩 𑘑𑘹𑘅𑘡 𑘫𑘮𑘨𑘰𑘝 𑘁𑘩𑘰.,65
data/synthetic/images/line_0065_v028.png,व्यापारी माल घेऊन शहरात आला.,𑘪𑘿𑘧𑘰𑘢𑘰𑘨𑘲 𑘦𑘰𑘩 𑘑𑘹𑘅𑘡 𑘫𑘮𑘨𑘰𑘝 𑘁𑘩𑘰.,65
data/synthetic/images/line_0065_v029.png,व्यापारी माल घेऊन शहरात आला.,𑘪𑘿𑘧𑘰𑘢𑘰𑘨𑘲 𑘦𑘰𑘩 𑘑𑘹𑘅𑘡 𑘫𑘮𑘨𑘰𑘝 𑘁𑘩𑘰.,65
data/synthetic/images/line_0065_v030.png,व्यापारी माल घेऊन शहरात आला.,𑘪𑘿𑘧𑘰𑘢𑘰𑘨𑘲 𑘦𑘰𑘩 𑘑𑘹𑘅𑘡 𑘫𑘮𑘨𑘰𑘝 𑘁𑘩𑘰.,65
data/synthetic/images/line_0065_v031.png,व्यापारी माल घेऊन शहरात आला.,𑘪𑘿𑘧𑘰𑘢𑘰𑘨𑘲 𑘦𑘰𑘩 𑘑𑘹𑘅𑘡 𑘫𑘮𑘨𑘰𑘝 𑘁𑘩𑘰.,65
data/synthetic/images/line_0065_v032.png,व्यापारी माल घेऊन शहरात आला.,𑘪𑘿𑘧𑘰𑘢𑘰𑘨𑘲 𑘦𑘰𑘩 𑘑𑘹𑘅𑘡 𑘫𑘮𑘨𑘰𑘝 𑘁𑘩𑘰.,65
data/synthetic/images/line_0065_v033.png,व्यापारी माल घेऊन शहरात आला.,𑘪𑘿𑘧𑘰𑘢𑘰𑘨𑘲 𑘦𑘰𑘩 𑘑𑘹𑘅𑘡 𑘫𑘮𑘨𑘰𑘝 𑘁𑘩𑘰.,65
data/synthetic/images/line_0065_v034.png,व्यापारी माल घेऊन शहरात आला.,𑘪𑘿𑘧𑘰𑘢𑘰𑘨𑘲 𑘦𑘰𑘩 𑘑𑘹𑘅𑘡 𑘫𑘮𑘨𑘰𑘝 𑘁𑘩𑘰.,65
data/synthetic/images/line_0065_v035.png,व्यापारी माल घेऊन शहरात आला.,𑘪𑘿𑘧𑘰𑘢𑘰𑘨𑘲 𑘦𑘰𑘩 𑘑𑘹𑘅𑘡 𑘫𑘮𑘨𑘰𑘝 𑘁𑘩𑘰.,65
data/synthetic/images/line_0065_v036.png,व्यापारी माल घेऊन शहरात आला.,𑘪𑘿𑘧𑘰𑘢𑘰𑘨𑘲 𑘦𑘰𑘩 𑘑𑘹𑘅𑘡 𑘫𑘮𑘨𑘰𑘝 𑘁𑘩𑘰.,65
data/synthetic/images/line_0065_v037.png,व्यापारी माल घेऊन शहरात आला.,𑘪𑘿𑘧𑘰𑘢𑘰𑘨𑘲 𑘦𑘰𑘩 𑘑𑘹𑘅𑘡 𑘫𑘮𑘨𑘰𑘝 𑘁𑘩𑘰.,65
data/synthetic/images/line_0065_v038.png,व्यापारी माल घेऊन शहरात आला.,𑘪𑘿𑘧𑘰𑘢𑘰𑘨𑘲 𑘦𑘰𑘩 𑘑𑘹𑘅𑘡 𑘫𑘮𑘨𑘰𑘝 𑘁𑘩𑘰.,65
data/synthetic/images/line_0065_v039.png,व्यापारी माल घेऊन शहरात आला.,𑘪𑘿𑘧𑘰𑘢𑘰𑘨𑘲 𑘦𑘰𑘩 𑘑𑘹𑘅𑘡 𑘫𑘮𑘨𑘰𑘝 𑘁𑘩𑘰.,65
data/synthetic/images/line_0066_v000.png,बाजारपेठेत विविध वस्तू विकल्या जातात.,𑘤𑘰𑘕𑘰𑘨𑘢𑘹𑘙𑘹𑘝 𑘪𑘱𑘪𑘱𑘠 𑘪𑘭𑘿𑘝𑘴 𑘪𑘱𑘎𑘩𑘿𑘧𑘰 𑘕𑘰𑘝𑘰𑘝.,66
data/synthetic/images/line_0066_v001.png,बाजारपेठेत विविध वस्तू विकल्या जातात.,𑘤𑘰𑘕𑘰𑘨𑘢𑘹𑘙𑘹𑘝 𑘪𑘱𑘪𑘱𑘠 𑘪𑘭𑘿𑘝𑘴 𑘪𑘱𑘎𑘩𑘿𑘧𑘰 𑘕𑘰𑘝𑘰𑘝.,66
data/synthetic/images/line_0066_v002.png,बाजारपेठेत विविध वस्तू विकल्या जातात.,𑘤𑘰𑘕𑘰𑘨𑘢𑘹𑘙𑘹𑘝 𑘪𑘱𑘪𑘱𑘠 𑘪𑘭𑘿𑘝𑘴 𑘪𑘱𑘎𑘩𑘿𑘧𑘰 𑘕𑘰𑘝𑘰𑘝.,66
data/synthetic/images/line_0066_v003.png,बाजारपेठेत विविध वस्तू विकल्या जातात.,𑘤𑘰𑘕𑘰𑘨𑘢𑘹𑘙𑘹𑘝 𑘪𑘱𑘪𑘱𑘠 𑘪𑘭𑘿𑘝𑘴 𑘪𑘱𑘎𑘩𑘿𑘧𑘰 𑘕𑘰𑘝𑘰𑘝.,66
data/synthetic/images/line_0066_v004.png,बाजारपेठेत विविध वस्तू विकल्या जातात.,𑘤𑘰𑘕𑘰𑘨𑘢𑘹𑘙𑘹𑘝 𑘪𑘱𑘪𑘱𑘠 𑘪𑘭𑘿𑘝𑘴 𑘪𑘱𑘎𑘩𑘿𑘧𑘰 𑘕𑘰𑘝𑘰𑘝.,66
data/synthetic/images/line_0066_v005.png,बाजारपेठेत विविध वस्तू विकल्या जातात.,𑘤𑘰𑘕𑘰𑘨𑘢𑘹𑘙𑘹𑘝 𑘪𑘱𑘪𑘱𑘠 𑘪𑘭𑘿𑘝𑘴 𑘪𑘱𑘎𑘩𑘿𑘧𑘰 𑘕𑘰𑘝𑘰𑘝.,66
data/synthetic/images/line_0066_v006.png,बाजारपेठेत विविध वस्तू विकल्या जातात.,𑘤𑘰𑘕𑘰𑘨𑘢𑘹𑘙𑘹𑘝 𑘪𑘱𑘪𑘱𑘠 𑘪𑘭𑘿𑘝𑘴 𑘪𑘱𑘎𑘩𑘿𑘧𑘰 𑘕𑘰𑘝𑘰𑘝.,66
data/synthetic/images/line_0066_v007.png,बाजारपेठेत विविध वस्तू विकल्या जातात.,𑘤𑘰𑘕𑘰𑘨𑘢𑘹𑘙𑘹𑘝 𑘪𑘱𑘪𑘱𑘠 𑘪𑘭𑘿𑘝𑘴 𑘪𑘱𑘎𑘩𑘿𑘧𑘰 𑘕𑘰𑘝𑘰𑘝.,66
data/synthetic/images/line_0066_v008.png,बाजारपेठेत विविध वस्तू विकल्या जातात.,𑘤𑘰𑘕𑘰𑘨𑘢𑘹𑘙𑘹𑘝 𑘪𑘱𑘪𑘱𑘠 𑘪𑘭𑘿𑘝𑘴 𑘪𑘱𑘎𑘩𑘿𑘧𑘰 𑘕𑘰𑘝𑘰𑘝.,66
data/synthetic/images/line_0066_v009.png,बाजारपेठेत विविध वस्तू विकल्या जातात.,𑘤𑘰𑘕𑘰𑘨𑘢𑘹𑘙𑘹𑘝 𑘪𑘱𑘪𑘱𑘠 𑘪𑘭𑘿𑘝𑘴 𑘪𑘱𑘎𑘩𑘿𑘧𑘰 𑘕𑘰𑘝𑘰𑘝.,66
data/synthetic/images/line_0066_v010.png,बाजारपेठेत विविध वस्तू विकल्या जातात.,𑘤𑘰𑘕𑘰𑘨𑘢𑘹𑘙𑘹𑘝 𑘪𑘱𑘪𑘱𑘠 𑘪𑘭𑘿𑘝𑘴 𑘪𑘱𑘎𑘩𑘿𑘧𑘰 𑘕𑘰𑘝𑘰𑘝.,66
data/synthetic/images/line_0066_v011.png,बाजारपेठेत विविध वस्तू विकल्या जातात.,𑘤𑘰𑘕𑘰𑘨𑘢𑘹𑘙𑘹𑘝 𑘪𑘱𑘪𑘱𑘠 𑘪𑘭𑘿𑘝𑘴 𑘪𑘱𑘎𑘩𑘿𑘧𑘰 𑘕𑘰𑘝𑘰𑘝.,66
data/synthetic/images/line_0066_v012.png,बाजारपेठेत विविध वस्तू विकल्या जातात.,𑘤𑘰𑘕𑘰𑘨𑘢𑘹𑘙𑘹𑘝 𑘪𑘱𑘪𑘱𑘠 𑘪𑘭𑘿𑘝𑘴 𑘪𑘱𑘎𑘩𑘿𑘧𑘰 𑘕𑘰𑘝𑘰𑘝.,66
data/synthetic/images/line_0066_v013.png,बाजारपेठेत विविध वस्तू विकल्या जातात.,𑘤𑘰𑘕𑘰𑘨𑘢𑘹𑘙𑘹𑘝 𑘪𑘱𑘪𑘱𑘠 𑘪𑘭𑘿𑘝𑘴 𑘪𑘱𑘎𑘩𑘿𑘧𑘰 𑘕𑘰𑘝𑘰𑘝.,66
data/synthetic/images/line_0066_v014.png,बाजारपेठेत विविध वस्तू विकल्या जातात.,𑘤𑘰𑘕𑘰𑘨𑘢𑘹𑘙𑘹𑘝 𑘪𑘱𑘪𑘱𑘠 𑘪𑘭𑘿𑘝𑘴 𑘪𑘱𑘎𑘩𑘿𑘧𑘰 𑘕𑘰𑘝𑘰𑘝.,66
data/synthetic/images/line_0066_v015.png,बाजारपेठेत विविध वस्तू विकल्या जातात.,𑘤𑘰𑘕𑘰𑘨𑘢𑘹𑘙𑘹𑘝 𑘪𑘱𑘪𑘱𑘠 𑘪𑘭𑘿𑘝𑘴 𑘪𑘱𑘎𑘩𑘿𑘧𑘰 𑘕𑘰𑘝𑘰𑘝.,66
data/synthetic/images/line_0066_v016.png,बाजारपेठेत विविध वस्तू विकल्या जातात.,𑘤𑘰𑘕𑘰𑘨𑘢𑘹𑘙𑘹𑘝 𑘪𑘱𑘪𑘱𑘠 𑘪𑘭𑘿𑘝𑘴 𑘪𑘱𑘎𑘩𑘿𑘧𑘰 𑘕𑘰𑘝𑘰𑘝.,66
data/synthetic/images/line_0066_v017.png,बाजारपेठेत विविध वस्तू विकल्या जातात.,𑘤𑘰𑘕𑘰𑘨𑘢𑘹𑘙𑘹𑘝 𑘪𑘱𑘪𑘱𑘠 𑘪𑘭𑘿𑘝𑘴 𑘪𑘱𑘎𑘩𑘿𑘧𑘰 𑘕𑘰𑘝𑘰𑘝.,66
data/synthetic/images/line_0066_v018.png,बाजारपेठेत विविध वस्तू विकल्या जातात.,𑘤𑘰𑘕𑘰𑘨𑘢𑘹𑘙𑘹𑘝 𑘪𑘱𑘪𑘱𑘠 𑘪𑘭𑘿𑘝𑘴 𑘪𑘱𑘎𑘩𑘿𑘧𑘰 𑘕𑘰𑘝𑘰𑘝.,66
data/synthetic/images/line_0066_v019.png,बाजारपेठेत विविध वस्तू विकल्या जातात.,𑘤𑘰𑘕𑘰𑘨𑘢𑘹𑘙𑘹𑘝 𑘪𑘱𑘪𑘱𑘠 𑘪𑘭𑘿𑘝𑘴 𑘪𑘱𑘎𑘩𑘿𑘧𑘰 𑘕𑘰𑘝𑘰𑘝.,66
data/synthetic/images/line_0066_v020.png,बाजारपेठेत विविध वस्तू विकल्या जातात.,𑘤𑘰𑘕𑘰𑘨𑘢𑘹𑘙𑘹𑘝 𑘪𑘱𑘪𑘱𑘠 𑘪𑘭𑘿𑘝𑘴 𑘪𑘱𑘎𑘩𑘿𑘧𑘰 𑘕𑘰𑘝𑘰𑘝.,66
data/synthetic/images/line_0066_v021.png,बाजारपेठेत विविध वस्तू विकल्या जातात.,𑘤𑘰𑘕𑘰𑘨𑘢𑘹𑘙𑘹𑘝 𑘪𑘱𑘪𑘱𑘠 𑘪𑘭𑘿𑘝𑘴 𑘪𑘱𑘎𑘩𑘿𑘧𑘰 𑘕𑘰𑘝𑘰𑘝.,66
data/synthetic/images/line_0066_v022.png,बाजारपेठेत विविध वस्तू विकल्या जातात.,𑘤𑘰𑘕𑘰𑘨𑘢𑘹𑘙𑘹𑘝 𑘪𑘱𑘪𑘱𑘠 𑘪𑘭𑘿𑘝𑘴 𑘪𑘱𑘎𑘩𑘿𑘧𑘰 𑘕𑘰𑘝𑘰𑘝.,66
data/synthetic/images/line_0066_v023.png,बाजारपेठेत विविध वस्तू विकल्या जातात.,𑘤𑘰𑘕𑘰𑘨𑘢𑘹𑘙𑘹𑘝 𑘪𑘱𑘪𑘱𑘠 𑘪𑘭𑘿𑘝𑘴 𑘪𑘱𑘎𑘩𑘿𑘧𑘰 𑘕𑘰𑘝𑘰𑘝.,66
data/synthetic/images/line_0066_v024.png,बाजारपेठेत विविध वस्तू विकल्या जातात.,𑘤𑘰𑘕𑘰𑘨𑘢𑘹𑘙𑘹𑘝 𑘪𑘱𑘪𑘱𑘠 𑘪𑘭𑘿𑘝𑘴 𑘪𑘱𑘎𑘩𑘿𑘧𑘰 𑘕𑘰𑘝𑘰𑘝.,66
data/synthetic/images/line_0066_v025.png,बाजारपेठेत विविध वस्तू विकल्या जातात.,𑘤𑘰𑘕𑘰𑘨𑘢𑘹𑘙𑘹𑘝 𑘪𑘱𑘪𑘱𑘠 𑘪𑘭𑘿𑘝𑘴 𑘪𑘱𑘎𑘩𑘿𑘧𑘰 𑘕𑘰𑘝𑘰𑘝.,66
data/synthetic/images/line_0066_v026.png,बाजारपेठेत विविध वस्तू विकल्या जातात.,𑘤𑘰𑘕𑘰𑘨𑘢𑘹𑘙𑘹𑘝 𑘪𑘱𑘪𑘱𑘠 𑘪𑘭𑘿𑘝𑘴 𑘪𑘱𑘎𑘩𑘿𑘧𑘰 𑘕𑘰𑘝𑘰𑘝.,66
data/synthetic/images/line_0066_v027.png,बाजारपेठेत विविध वस्तू विकल्या जातात.,𑘤𑘰𑘕𑘰𑘨𑘢𑘹𑘙𑘹𑘝 𑘪𑘱𑘪𑘱𑘠 𑘪𑘭𑘿𑘝𑘴 𑘪𑘱𑘎𑘩𑘿𑘧𑘰 𑘕𑘰𑘝𑘰𑘝.,66
data/synthetic/images/line_0066_v028.png,बाजारपेठेत विविध वस्तू विकल्या जातात.,𑘤𑘰𑘕𑘰𑘨𑘢𑘹𑘙𑘹𑘝 𑘪𑘱𑘪𑘱𑘠 𑘪𑘭𑘿𑘝𑘴 𑘪𑘱𑘎𑘩𑘿𑘧𑘰 𑘕𑘰𑘝𑘰𑘝.,66
data/synthetic/images/line_0066_v029.png,बाजारपेठेत विविध वस्तू विकल्या जातात.,𑘤𑘰𑘕𑘰𑘨𑘢𑘹𑘙𑘹𑘝 𑘪𑘱𑘪𑘱𑘠 𑘪𑘭𑘿𑘝𑘴 𑘪𑘱𑘎𑘩𑘿𑘧𑘰 𑘕𑘰𑘝𑘰𑘝.,66
data/synthetic/images/line_0066_v030.png,बाजारपेठेत विविध वस्तू विकल्या जातात.,𑘤𑘰𑘕𑘰𑘨𑘢𑘹𑘙𑘹𑘝 𑘪𑘱𑘪𑘱𑘠 𑘪𑘭𑘿𑘝𑘴 𑘪𑘱𑘎𑘩𑘿𑘧𑘰 𑘕𑘰𑘝𑘰𑘝.,66
data/synthetic/images/line_0066_v031.png,बाजारपेठेत विविध वस्तू विकल्या जातात.,𑘤𑘰𑘕𑘰𑘨𑘢𑘹𑘙𑘹𑘝 𑘪𑘱𑘪𑘱𑘠 𑘪𑘭𑘿𑘝𑘴 𑘪𑘱𑘎𑘩𑘿𑘧𑘰 𑘕𑘰𑘝𑘰𑘝.,66
data/synthetic/images/line_0066_v032.png,बाजारपेठेत विविध वस्तू विकल्या जातात.,𑘤𑘰𑘕𑘰𑘨𑘢𑘹𑘙𑘹𑘝 𑘪𑘱𑘪𑘱𑘠 𑘪𑘭𑘿𑘝𑘴 𑘪𑘱𑘎𑘩𑘿𑘧𑘰 𑘕𑘰𑘝𑘰𑘝.,66
data/synthetic/images/line_0066_v033.png,बाजारपेठेत विविध वस्तू विकल्या जातात.,𑘤𑘰𑘕𑘰𑘨𑘢𑘹𑘙𑘹𑘝 𑘪𑘱𑘪𑘱𑘠 𑘪𑘭𑘿𑘝𑘴 𑘪𑘱𑘎𑘩𑘿𑘧𑘰 𑘕𑘰𑘝𑘰𑘝.,66
data/synthetic/images/line_0066_v034.png,बाजारपेठेत विविध वस्तू विकल्या जातात.,𑘤𑘰𑘕𑘰𑘨𑘢𑘹𑘙𑘹𑘝 𑘪𑘱𑘪𑘱𑘠 𑘪𑘭𑘿𑘝𑘴 𑘪𑘱𑘎𑘩𑘿𑘧𑘰 𑘕𑘰𑘝𑘰𑘝.,66
data/synthetic/images/line_0066_v035.png,बाजारपेठेत विविध वस्तू विकल्या जातात.,𑘤𑘰𑘕𑘰𑘨𑘢𑘹𑘙𑘹𑘝 𑘪𑘱𑘪𑘱𑘠 𑘪𑘭𑘿𑘝𑘴 𑘪𑘱𑘎𑘩𑘿𑘧𑘰 𑘕𑘰𑘝𑘰𑘝.,66
data/synthetic/images/line_0066_v036.png,बाजारपेठेत विविध वस्तू विकल्या जातात.,𑘤𑘰𑘕𑘰𑘨𑘢𑘹𑘙𑘹𑘝 𑘪𑘱𑘪𑘱𑘠 𑘪𑘭𑘿𑘝𑘴 𑘪𑘱𑘎𑘩𑘿𑘧𑘰 𑘕𑘰𑘝𑘰𑘝.,66
data/synthetic/images/line_0066_v037.png,बाजारपेठेत विविध वस्तू विकल्या जातात.,𑘤𑘰𑘕𑘰𑘨𑘢𑘹𑘙𑘹𑘝 𑘪𑘱𑘪𑘱𑘠 𑘪𑘭𑘿𑘝𑘴 𑘪𑘱𑘎𑘩𑘿𑘧𑘰 𑘕𑘰𑘝𑘰𑘝.,66
data/synthetic/images/line_0066_v038.png,बाजारपेठेत विविध वस्तू विकल्या जातात.,𑘤𑘰𑘕𑘰𑘨𑘢𑘹𑘙𑘹𑘝 𑘪𑘱𑘪𑘱𑘠 𑘪𑘭𑘿𑘝𑘴 𑘪𑘱𑘎𑘩𑘿𑘧𑘰 𑘕𑘰𑘝𑘰𑘝.,66
data/synthetic/images/line_0066_v039.png,बाजारपेठेत विविध वस्तू विकल्या जातात.,𑘤𑘰𑘕𑘰𑘨𑘢𑘹𑘙𑘹𑘝 𑘪𑘱𑘪𑘱𑘠 𑘪𑘭𑘿𑘝𑘴 𑘪𑘱𑘎𑘩𑘿𑘧𑘰 𑘕𑘰𑘝𑘰𑘝.,66
data/synthetic/images/line_0067_v000.png,शेतीचा उत्पन्न यंदा चांगले झाले.,𑘫𑘹𑘝𑘲𑘓𑘰 𑘄𑘝𑘿𑘢𑘡𑘿𑘡 𑘧𑘽𑘟𑘰 𑘓𑘰𑘽𑘐𑘩𑘹 𑘖𑘰𑘩𑘹.,67
data/synthetic/images/line_0067_v001.png,शेतीचा उत्पन्न यंदा चांगले झाले.,𑘫𑘹𑘝𑘲𑘓𑘰 𑘄𑘝𑘿𑘢𑘡𑘿𑘡 𑘧𑘽𑘟𑘰 𑘓𑘰𑘽𑘐𑘩𑘹 𑘖𑘰𑘩𑘹.,67
data/synthetic/images/line_0067_v002.png,शेतीचा उत्पन्न यंदा चांगले झाले.,𑘫𑘹𑘝𑘲𑘓𑘰 𑘄𑘝𑘿𑘢𑘡𑘿𑘡 𑘧𑘽𑘟𑘰 𑘓𑘰𑘽𑘐𑘩𑘹 𑘖𑘰𑘩𑘹.,67
data/synthetic/images/line_0067_v003.png,शेतीचा उत्पन्न यंदा चांगले झाले.,𑘫𑘹𑘝𑘲𑘓𑘰 𑘄𑘝𑘿𑘢𑘡𑘿𑘡 𑘧𑘽𑘟𑘰 𑘓𑘰𑘽𑘐𑘩𑘹 𑘖𑘰𑘩𑘹.,67
data/synthetic/images/line_0067_v004.png,शेतीचा उत्पन्न यंदा चांगले झाले.,𑘫𑘹𑘝𑘲𑘓𑘰 𑘄𑘝𑘿𑘢𑘡𑘿𑘡 𑘧𑘽𑘟𑘰 𑘓𑘰𑘽𑘐𑘩𑘹 𑘖𑘰𑘩𑘹.,67
data/synthetic/images/line_0067_v005.png,शेतीचा उत्पन्न यंदा चांगले झाले.,𑘫𑘹𑘝𑘲𑘓𑘰 𑘄𑘝𑘿𑘢𑘡𑘿𑘡 𑘧𑘽𑘟𑘰 𑘓𑘰𑘽𑘐𑘩𑘹 𑘖𑘰𑘩𑘹.,67
data/synthetic/images/line_0067_v006.png,शेतीचा उत्पन्न यंदा चांगले झाले.,𑘫𑘹𑘝𑘲𑘓𑘰 𑘄𑘝𑘿𑘢𑘡𑘿𑘡 𑘧𑘽𑘟𑘰 𑘓𑘰𑘽𑘐𑘩𑘹 𑘖𑘰𑘩𑘹.,67
data/synthetic/images/line_0067_v007.png,शेतीचा उत्पन्न यंदा चांगले झाले.,𑘫𑘹𑘝𑘲𑘓𑘰 𑘄𑘝𑘿𑘢𑘡𑘿𑘡 𑘧𑘽𑘟𑘰 𑘓𑘰𑘽𑘐𑘩𑘹 𑘖𑘰𑘩𑘹.,67
data/synthetic/images/line_0067_v008.png,शेतीचा उत्पन्न यंदा चांगले झाले.,𑘫𑘹𑘝𑘲𑘓𑘰 𑘄𑘝𑘿𑘢𑘡𑘿𑘡 𑘧𑘽𑘟𑘰 𑘓𑘰𑘽𑘐𑘩𑘹 𑘖𑘰𑘩𑘹.,67
data/synthetic/images/line_0067_v009.png,शेतीचा उत्पन्न यंदा चांगले झाले.,𑘫𑘹𑘝𑘲𑘓𑘰 𑘄𑘝𑘿𑘢𑘡𑘿𑘡 𑘧𑘽𑘟𑘰 𑘓𑘰𑘽𑘐𑘩𑘹 𑘖𑘰𑘩𑘹.,67
data/synthetic/images/line_0067_v010.png,शेतीचा उत्पन्न यंदा चांगले झाले.,𑘫𑘹𑘝𑘲𑘓𑘰 𑘄𑘝𑘿𑘢𑘡𑘿𑘡 𑘧𑘽𑘟𑘰 𑘓𑘰𑘽𑘐𑘩𑘹 𑘖𑘰𑘩𑘹.,67
data/synthetic/images/line_0067_v011.png,शेतीचा उत्पन्न यंदा चांगले झाले.,𑘫𑘹𑘝𑘲𑘓𑘰 𑘄𑘝𑘿𑘢𑘡𑘿𑘡 𑘧𑘽𑘟𑘰 𑘓𑘰𑘽𑘐𑘩𑘹 𑘖𑘰𑘩𑘹.,67
data/synthetic/images/line_0067_v012.png,शेतीचा उत्पन्न यंदा चांगले झाले.,𑘫𑘹𑘝𑘲𑘓𑘰 𑘄𑘝𑘿𑘢𑘡𑘿𑘡 𑘧𑘽𑘟𑘰 𑘓𑘰𑘽𑘐𑘩𑘹 𑘖𑘰𑘩𑘹.,67
data/synthetic/images/line_0067_v013.png,शेतीचा उत्पन्न यंदा चांगले झाले.,𑘫𑘹𑘝𑘲𑘓𑘰 𑘄𑘝𑘿𑘢𑘡𑘿𑘡 𑘧𑘽𑘟𑘰 𑘓𑘰𑘽𑘐𑘩𑘹 𑘖𑘰𑘩𑘹.,67
data/synthetic/images/line_0067_v014.png,शेतीचा उत्पन्न यंदा चांगले झाले.,𑘫𑘹𑘝𑘲𑘓𑘰 𑘄𑘝𑘿𑘢𑘡𑘿𑘡 𑘧𑘽𑘟𑘰 𑘓𑘰𑘽𑘐𑘩𑘹 𑘖𑘰𑘩𑘹.,67
data/synthetic/images/line_0067_v015.png,शेतीचा उत्पन्न यंदा चांगले झाले.,𑘫𑘹𑘝𑘲𑘓𑘰 𑘄𑘝𑘿𑘢𑘡𑘿𑘡 𑘧𑘽𑘟𑘰 𑘓𑘰𑘽𑘐𑘩𑘹 𑘖𑘰𑘩𑘹.,67
data/synthetic/images/line_0067_v016.png,शेतीचा उत्पन्न यंदा चांगले झाले.,𑘫𑘹𑘝𑘲𑘓𑘰 𑘄𑘝𑘿𑘢𑘡𑘿𑘡 𑘧𑘽𑘟𑘰 𑘓𑘰𑘽𑘐𑘩𑘹 𑘖𑘰𑘩𑘹.,67
data/synthetic/images/line_0067_v017.png,शेतीचा उत्पन्न यंदा चांगले झाले.,𑘫𑘹𑘝𑘲𑘓𑘰 𑘄𑘝𑘿𑘢𑘡𑘿𑘡 𑘧𑘽𑘟𑘰 𑘓𑘰𑘽𑘐𑘩𑘹 𑘖𑘰𑘩𑘹.,67
data/synthetic/images/line_0067_v018.png,शेतीचा उत्पन्न यंदा चांगले झाले.,𑘫𑘹𑘝𑘲𑘓𑘰 𑘄𑘝𑘿𑘢𑘡𑘿𑘡 𑘧𑘽𑘟𑘰 𑘓𑘰𑘽𑘐𑘩𑘹 𑘖𑘰𑘩𑘹.,67
data/synthetic/images/line_0067_v019.png,शेतीचा उत्पन्न यंदा चांगले झाले.,𑘫𑘹𑘝𑘲𑘓𑘰 𑘄𑘝𑘿𑘢𑘡𑘿𑘡 𑘧𑘽𑘟𑘰 𑘓𑘰𑘽𑘐𑘩𑘹 𑘖𑘰𑘩𑘹.,67
data/synthetic/images/line_0067_v020.png,शेतीचा उत्पन्न यंदा चांगले झाले.,𑘫𑘹𑘝𑘲𑘓𑘰 𑘄𑘝𑘿𑘢𑘡𑘿𑘡 𑘧𑘽𑘟𑘰 𑘓𑘰𑘽𑘐𑘩𑘹 𑘖𑘰𑘩𑘹.,67
data/synthetic/images/line_0067_v021.png,शेतीचा उत्पन्न यंदा चांगले झाले.,𑘫𑘹𑘝𑘲𑘓𑘰 𑘄𑘝𑘿𑘢𑘡𑘿𑘡 𑘧𑘽𑘟𑘰 𑘓𑘰𑘽𑘐𑘩𑘹 𑘖𑘰𑘩𑘹.,67
data/synthetic/images/line_0067_v022.png,शेतीचा उत्पन्न यंदा चांगले झाले.,𑘫𑘹𑘝𑘲𑘓𑘰 𑘄𑘝𑘿𑘢𑘡𑘿𑘡 𑘧𑘽𑘟𑘰 𑘓𑘰𑘽𑘐𑘩𑘹 𑘖𑘰𑘩𑘹.,67
data/synthetic/images/line_0067_v023.png,शेतीचा उत्पन्न यंदा चांगले झाले.,𑘫𑘹𑘝𑘲𑘓𑘰 𑘄𑘝𑘿𑘢𑘡𑘿𑘡 𑘧𑘽𑘟𑘰 𑘓𑘰𑘽𑘐𑘩𑘹 𑘖𑘰𑘩𑘹.,67
data/synthetic/images/line_0067_v024.png,शेतीचा उत्पन्न यंदा चांगले झाले.,𑘫𑘹𑘝𑘲𑘓𑘰 𑘄𑘝𑘿𑘢𑘡𑘿𑘡 𑘧𑘽𑘟𑘰 𑘓𑘰𑘽𑘐𑘩𑘹 𑘖𑘰𑘩𑘹.,67
data/synthetic/images/line_0067_v025.png,शेतीचा उत्पन्न यंदा चांगले झाले.,𑘫𑘹𑘝𑘲𑘓𑘰 𑘄𑘝𑘿𑘢𑘡𑘿𑘡 𑘧𑘽𑘟𑘰 𑘓𑘰𑘽𑘐𑘩𑘹 𑘖𑘰𑘩𑘹.,67
data/synthetic/images/line_0067_v026.png,शेतीचा उत्पन्न यंदा चांगले झाले.,𑘫𑘹𑘝𑘲𑘓𑘰 𑘄𑘝𑘿𑘢𑘡𑘿𑘡 𑘧𑘽𑘟𑘰 𑘓𑘰𑘽𑘐𑘩𑘹 𑘖𑘰𑘩𑘹.,67
data/synthetic/images/line_0067_v027.png,शेतीचा उत्पन्न यंदा चांगले झाले.,𑘫𑘹𑘝𑘲𑘓𑘰 𑘄𑘝𑘿𑘢𑘡𑘿𑘡 𑘧𑘽𑘟𑘰 𑘓𑘰𑘽𑘐𑘩𑘹 𑘖𑘰𑘩𑘹.,67
data/synthetic/images/line_0067_v028.png,शेतीचा उत्पन्न यंदा चांगले झाले.,𑘫𑘹𑘝𑘲𑘓𑘰 𑘄𑘝𑘿𑘢𑘡𑘿𑘡 𑘧𑘽𑘟𑘰 𑘓𑘰𑘽𑘐𑘩𑘹 𑘖𑘰𑘩𑘹.,67
data/synthetic/images/line_0067_v029.png,शेतीचा उत्पन्न यंदा चांगले झाले.,𑘫𑘹𑘝𑘲𑘓𑘰 𑘄𑘝𑘿𑘢𑘡𑘿𑘡 𑘧𑘽𑘟𑘰 𑘓𑘰𑘽𑘐𑘩𑘹 𑘖𑘰𑘩𑘹.,67
data/synthetic/images/line_0067_v030.png,शेतीचा उत्पन्न यंदा चांगले झाले.,𑘫𑘹𑘝𑘲𑘓𑘰 𑘄𑘝𑘿𑘢𑘡𑘿𑘡 𑘧𑘽𑘟𑘰 𑘓𑘰𑘽𑘐𑘩𑘹 𑘖𑘰𑘩𑘹.,67
data/synthetic/images/line_0067_v031.png,शेतीचा उत्पन्न यंदा चांगले झाले.,𑘫𑘹𑘝𑘲𑘓𑘰 𑘄𑘝𑘿𑘢𑘡𑘿𑘡 𑘧𑘽𑘟𑘰 𑘓𑘰𑘽𑘐𑘩𑘹 𑘖𑘰𑘩𑘹.,67
data/synthetic/images/line_0067_v032.png,शेतीचा उत्पन्न यंदा चांगले झाले.,𑘫𑘹𑘝𑘲𑘓𑘰 𑘄𑘝𑘿𑘢𑘡𑘿𑘡 𑘧𑘽𑘟𑘰 𑘓𑘰𑘽𑘐𑘩𑘹 𑘖𑘰𑘩𑘹.,67
data/synthetic/images/line_0067_v033.png,शेतीचा उत्पन्न यंदा चांगले झाले.,𑘫𑘹𑘝𑘲𑘓𑘰 𑘄𑘝𑘿𑘢𑘡𑘿𑘡 𑘧𑘽𑘟𑘰 𑘓𑘰𑘽𑘐𑘩𑘹 𑘖𑘰𑘩𑘹.,67
data/synthetic/images/line_0067_v034.png,शेतीचा उत्पन्न यंदा चांगले झाले.,𑘫𑘹𑘝𑘲𑘓𑘰 𑘄𑘝𑘿𑘢𑘡𑘿𑘡 𑘧𑘽𑘟𑘰 𑘓𑘰𑘽𑘐𑘩𑘹 𑘖𑘰𑘩𑘹.,67
data/synthetic/images/line_0067_v035.png,शेतीचा उत्पन्न यंदा चांगले झाले.,𑘫𑘹𑘝𑘲𑘓𑘰 𑘄𑘝𑘿𑘢𑘡𑘿𑘡 𑘧𑘽𑘟𑘰 𑘓𑘰𑘽𑘐𑘩𑘹 𑘖𑘰𑘩𑘹.,67
data/synthetic/images/line_0067_v036.png,शेतीचा उत्पन्न यंदा चांगले झाले.,𑘫𑘹𑘝𑘲𑘓𑘰 𑘄𑘝𑘿𑘢𑘡𑘿𑘡 𑘧𑘽𑘟𑘰 𑘓𑘰𑘽𑘐𑘩𑘹 𑘖𑘰𑘩𑘹.,67
data/synthetic/images/line_0067_v037.png,शेतीचा उत्पन्न यंदा चांगले झाले.,𑘫𑘹𑘝𑘲𑘓𑘰 𑘄𑘝𑘿𑘢𑘡𑘿𑘡 𑘧𑘽𑘟𑘰 𑘓𑘰𑘽𑘐𑘩𑘹 𑘖𑘰𑘩𑘹.,67
data/synthetic/images/line_0067_v038.png,शेतीचा उत्पन्न यंदा चांगले झाले.,𑘫𑘹𑘝𑘲𑘓𑘰 𑘄𑘝𑘿𑘢𑘡𑘿𑘡 𑘧𑘽𑘟𑘰 𑘓𑘰𑘽𑘐𑘩𑘹 𑘖𑘰𑘩𑘹.,67
data/synthetic/images/line_0067_v039.png,शेतीचा उत्पन्न यंदा चांगले झाले.,𑘫𑘹𑘝𑘲𑘓𑘰 𑘄𑘝𑘿𑘢𑘡𑘿𑘡 𑘧𑘽𑘟𑘰 𑘓𑘰𑘽𑘐𑘩𑘹 𑘖𑘰𑘩𑘹.,67
data/synthetic/images/line_0068_v000.png,पावसामुळे पिकांचे नुकसान झाले.,𑘢𑘰𑘪𑘭𑘰𑘦𑘳𑘯𑘹 𑘢𑘱𑘎𑘰𑘽𑘓𑘹 𑘡𑘳𑘎𑘭𑘰𑘡 𑘖𑘰𑘩𑘹.,68
data/synthetic/images/line_0068_v001.png,पावसामुळे पिकांचे नुकसान झाले.,𑘢𑘰𑘪𑘭𑘰𑘦𑘳𑘯𑘹 𑘢𑘱𑘎𑘰𑘽𑘓𑘹 𑘡𑘳𑘎𑘭𑘰𑘡 𑘖𑘰𑘩𑘹.,68
data/synthetic/images/line_0068_v002.png,पावसामुळे पिकांचे नुकसान झाले.,𑘢𑘰𑘪𑘭𑘰𑘦𑘳𑘯𑘹 𑘢𑘱𑘎𑘰𑘽𑘓𑘹 𑘡𑘳𑘎𑘭𑘰𑘡 𑘖𑘰𑘩𑘹.,68
data/synthetic/images/line_0068_v003.png,पावसामुळे पिकांचे नुकसान झाले.,𑘢𑘰𑘪𑘭𑘰𑘦𑘳𑘯𑘹 𑘢𑘱𑘎𑘰𑘽𑘓𑘹 𑘡𑘳𑘎𑘭𑘰𑘡 𑘖𑘰𑘩𑘹.,68
data/synthetic/images/line_0068_v004.png,पावसामुळे पिकांचे नुकसान झाले.,𑘢𑘰𑘪𑘭𑘰𑘦𑘳𑘯𑘹 𑘢𑘱𑘎𑘰𑘽𑘓𑘹 𑘡𑘳𑘎𑘭𑘰𑘡 𑘖𑘰𑘩𑘹.,68
data/synthetic/images/line_0068_v005.png,पावसामुळे पिकांचे नुकसान झाले.,𑘢𑘰𑘪𑘭𑘰𑘦𑘳𑘯𑘹 𑘢𑘱𑘎𑘰𑘽𑘓𑘹 𑘡𑘳𑘎𑘭𑘰𑘡 𑘖𑘰𑘩𑘹.,68
data/synthetic/images/line_0068_v006.png,पावसामुळे पिकांचे नुकसान झाले.,𑘢𑘰𑘪𑘭𑘰𑘦𑘳𑘯𑘹 𑘢𑘱𑘎𑘰𑘽𑘓𑘹 𑘡𑘳𑘎𑘭𑘰𑘡 𑘖𑘰𑘩𑘹.,68
data/synthetic/images/line_0068_v007.png,पावसामुळे पिकांचे नुकसान झाले.,𑘢𑘰𑘪𑘭𑘰𑘦𑘳𑘯𑘹 𑘢𑘱𑘎𑘰𑘽𑘓𑘹 𑘡𑘳𑘎𑘭𑘰𑘡 𑘖𑘰𑘩𑘹.,68
data/synthetic/images/line_0068_v008.png,पावसामुळे पिकांचे नुकसान झाले.,𑘢𑘰𑘪𑘭𑘰𑘦𑘳𑘯𑘹 𑘢𑘱𑘎𑘰𑘽𑘓𑘹 𑘡𑘳𑘎𑘭𑘰𑘡 𑘖𑘰𑘩𑘹.,68
data/synthetic/images/line_0068_v009.png,पावसामुळे पिकांचे नुकसान झाले.,𑘢𑘰𑘪𑘭𑘰𑘦𑘳𑘯𑘹 𑘢𑘱𑘎𑘰𑘽𑘓𑘹 𑘡𑘳𑘎𑘭𑘰𑘡 𑘖𑘰𑘩𑘹.,68
data/synthetic/images/line_0068_v010.png,पावसामुळे पिकांचे नुकसान झाले.,𑘢𑘰𑘪𑘭𑘰𑘦𑘳𑘯𑘹 𑘢𑘱𑘎𑘰𑘽𑘓𑘹 𑘡𑘳𑘎𑘭𑘰𑘡 𑘖𑘰𑘩𑘹.,68
data/synthetic/images/line_0068_v011.png,पावसामुळे पिकांचे नुकसान झाले.,𑘢𑘰𑘪𑘭𑘰𑘦𑘳𑘯𑘹 𑘢𑘱𑘎𑘰𑘽𑘓𑘹 𑘡𑘳𑘎𑘭𑘰𑘡 𑘖𑘰𑘩𑘹.,68
data/synthetic/images/line_0068_v012.png,पावसामुळे पिकांचे नुकसान झाले.,𑘢𑘰𑘪𑘭𑘰𑘦𑘳𑘯𑘹 𑘢𑘱𑘎𑘰𑘽𑘓𑘹 𑘡𑘳𑘎𑘭𑘰𑘡 𑘖𑘰𑘩𑘹.,68
data/synthetic/images/line_0068_v013.png,पावसामुळे पिकांचे नुकसान झाले.,𑘢𑘰𑘪𑘭𑘰𑘦𑘳𑘯𑘹 𑘢𑘱𑘎𑘰𑘽𑘓𑘹 𑘡𑘳𑘎𑘭𑘰𑘡 𑘖𑘰𑘩𑘹.,68
data/synthetic/images/line_0068_v014.png,पावसामुळे पिकांचे नुकसान झाले.,𑘢𑘰𑘪𑘭𑘰𑘦𑘳𑘯𑘹 𑘢𑘱𑘎𑘰𑘽𑘓𑘹 𑘡𑘳𑘎𑘭𑘰𑘡 𑘖𑘰𑘩𑘹.,68
data/synthetic/images/line_0068_v015.png,पावसामुळे पिकांचे नुकसान झाले.,𑘢𑘰𑘪𑘭𑘰𑘦𑘳𑘯𑘹 𑘢𑘱𑘎𑘰𑘽𑘓𑘹 𑘡𑘳𑘎𑘭𑘰𑘡 𑘖𑘰𑘩𑘹.,68
data/synthetic/images/line_0068_v016.png,पावसामुळे पिकांचे नुकसान झाले.,𑘢𑘰𑘪𑘭𑘰𑘦𑘳𑘯𑘹 𑘢𑘱𑘎𑘰𑘽𑘓𑘹 𑘡𑘳𑘎𑘭𑘰𑘡 𑘖𑘰𑘩𑘹.,68
data/synthetic/images/line_0068_v017.png,पावसामुळे पिकांचे नुकसान झाले.,𑘢𑘰𑘪𑘭𑘰𑘦𑘳𑘯𑘹 𑘢𑘱𑘎𑘰𑘽𑘓𑘹 𑘡𑘳𑘎𑘭𑘰𑘡 𑘖𑘰𑘩𑘹.,68
data/synthetic/images/line_0068_v018.png,पावसामुळे पिकांचे नुकसान झाले.,𑘢𑘰𑘪𑘭𑘰𑘦𑘳𑘯𑘹 𑘢𑘱𑘎𑘰𑘽𑘓𑘹 𑘡𑘳𑘎𑘭𑘰𑘡 𑘖𑘰𑘩𑘹.,68
data/synthetic/images/line_0068_v019.png,पावसामुळे पिकांचे नुकसान झाले.,𑘢𑘰𑘪𑘭𑘰𑘦𑘳𑘯𑘹 𑘢𑘱𑘎𑘰𑘽𑘓𑘹 𑘡𑘳𑘎𑘭𑘰𑘡 𑘖𑘰𑘩𑘹.,68
data/synthetic/images/line_0068_v020.png,पावसामुळे पिकांचे नुकसान झाले.,𑘢𑘰𑘪𑘭𑘰𑘦𑘳𑘯𑘹 𑘢𑘱𑘎𑘰𑘽𑘓𑘹 𑘡𑘳𑘎𑘭𑘰𑘡 𑘖𑘰𑘩𑘹.,68
data/synthetic/images/line_0068_v021.png,पावसामुळे पिकांचे नुकसान झाले.,𑘢𑘰𑘪𑘭𑘰𑘦𑘳𑘯𑘹 𑘢𑘱𑘎𑘰𑘽𑘓𑘹 𑘡𑘳𑘎𑘭𑘰𑘡 𑘖𑘰𑘩𑘹.,68
data/synthetic/images/line_0068_v022.png,पावसामुळे पिकांचे नुकसान झाले.,𑘢𑘰𑘪𑘭𑘰𑘦𑘳𑘯𑘹 𑘢𑘱𑘎𑘰𑘽𑘓𑘹 𑘡𑘳𑘎𑘭𑘰𑘡 𑘖𑘰𑘩𑘹.,68
data/synthetic/images/line_0068_v023.png,पावसामुळे पिकांचे नुकसान झाले.,𑘢𑘰𑘪𑘭𑘰𑘦𑘳𑘯𑘹 𑘢𑘱𑘎𑘰𑘽𑘓𑘹 𑘡𑘳𑘎𑘭𑘰𑘡 𑘖𑘰𑘩𑘹.,68
data/synthetic/images/line_0068_v024.png,पावसामुळे पिकांचे नुकसान झाले.,𑘢𑘰𑘪𑘭𑘰𑘦𑘳𑘯𑘹 𑘢𑘱𑘎𑘰𑘽𑘓𑘹 𑘡𑘳𑘎𑘭𑘰𑘡 𑘖𑘰𑘩𑘹.,68
data/synthetic/images/line_0068_v025.png,पावसामुळे पिकांचे नुकसान झाले.,𑘢𑘰𑘪𑘭𑘰𑘦𑘳𑘯𑘹 𑘢𑘱𑘎𑘰𑘽𑘓𑘹 𑘡𑘳𑘎𑘭𑘰𑘡 𑘖𑘰𑘩𑘹.,68
data/synthetic/images/line_0068_v026.png,पावसामुळे पिकांचे नुकसान झाले.,𑘢𑘰𑘪𑘭𑘰𑘦𑘳𑘯𑘹 𑘢𑘱𑘎𑘰𑘽𑘓𑘹 𑘡𑘳𑘎𑘭𑘰𑘡 𑘖𑘰𑘩𑘹.,68
data/synthetic/images/line_0068_v027.png,पावसामुळे पिकांचे नुकसान झाले.,𑘢𑘰𑘪𑘭𑘰𑘦𑘳𑘯𑘹 𑘢𑘱𑘎𑘰𑘽𑘓𑘹 𑘡𑘳𑘎𑘭𑘰𑘡 𑘖𑘰𑘩𑘹.,68
data/synthetic/images/line_0068_v028.png,पावसामुळे पिकांचे नुकसान झाले.,𑘢𑘰𑘪𑘭𑘰𑘦𑘳𑘯𑘹 𑘢𑘱𑘎𑘰𑘽𑘓𑘹 𑘡𑘳𑘎𑘭𑘰𑘡 𑘖𑘰𑘩𑘹.,68
data/synthetic/images/line_0068_v029.png,पावसामुळे पिकांचे नुकसान झाले.,𑘢𑘰𑘪𑘭𑘰𑘦𑘳𑘯𑘹 𑘢𑘱𑘎𑘰𑘽𑘓𑘹 𑘡𑘳𑘎𑘭𑘰𑘡 𑘖𑘰𑘩𑘹.,68
data/synthetic/images/line_0068_v030.png,पावसामुळे पिकांचे नुकसान झाले.,𑘢𑘰𑘪𑘭𑘰𑘦𑘳𑘯𑘹 𑘢𑘱𑘎𑘰𑘽𑘓𑘹 𑘡𑘳𑘎𑘭𑘰𑘡 𑘖𑘰𑘩𑘹.,68
data/synthetic/images/line_0068_v031.png,पावसामुळे पिकांचे नुकसान झाले.,𑘢𑘰𑘪𑘭𑘰𑘦𑘳𑘯𑘹 𑘢𑘱𑘎𑘰𑘽𑘓𑘹 𑘡𑘳𑘎𑘭𑘰𑘡 𑘖𑘰𑘩𑘹.,68
data/synthetic/images/line_0068_v032.png,पावसामुळे पिकांचे नुकसान झाले.,𑘢𑘰𑘪𑘭𑘰𑘦𑘳𑘯𑘹 𑘢𑘱𑘎𑘰𑘽𑘓𑘹 𑘡𑘳𑘎𑘭𑘰𑘡 𑘖𑘰𑘩𑘹.,68
data/synthetic/images/line_0068_v033.png,पावसामुळे पिकांचे नुकसान झाले.,𑘢𑘰𑘪𑘭𑘰𑘦𑘳𑘯𑘹 𑘢𑘱𑘎𑘰𑘽𑘓𑘹 𑘡𑘳𑘎𑘭𑘰𑘡 𑘖𑘰𑘩𑘹.,68
data/synthetic/images/line_0068_v034.png,पावसामुळे पिकांचे नुकसान झाले.,𑘢𑘰𑘪𑘭𑘰𑘦𑘳𑘯𑘹 𑘢𑘱𑘎𑘰𑘽𑘓𑘹 𑘡𑘳𑘎𑘭𑘰𑘡 𑘖𑘰𑘩𑘹.,68
data/synthetic/images/line_0068_v035.png,पावसामुळे पिकांचे नुकसान झाले.,𑘢𑘰𑘪𑘭𑘰𑘦𑘳𑘯𑘹 𑘢𑘱𑘎𑘰𑘽𑘓𑘹 𑘡𑘳𑘎𑘭𑘰𑘡 𑘖𑘰𑘩𑘹.,68
data/synthetic/images/line_0068_v036.png,पावसामुळे पिकांचे नुकसान झाले.,𑘢𑘰𑘪𑘭𑘰𑘦𑘳𑘯𑘹 𑘢𑘱𑘎𑘰𑘽𑘓𑘹 𑘡𑘳𑘎𑘭𑘰𑘡 𑘖𑘰𑘩𑘹.,68
data/synthetic/images/line_0068_v037.png,पावसामुळे पिकांचे नुकसान झाले.,𑘢𑘰𑘪𑘭𑘰𑘦𑘳𑘯𑘹 𑘢𑘱𑘎𑘰𑘽𑘓𑘹 𑘡𑘳𑘎𑘭𑘰𑘡 𑘖𑘰𑘩𑘹.,68
data/synthetic/images/line_0068_v038.png,पावसामुळे पिकांचे नुकसान झाले.,𑘢𑘰𑘪𑘭𑘰𑘦𑘳𑘯𑘹 𑘢𑘱𑘎𑘰𑘽𑘓𑘹 𑘡𑘳𑘎𑘭𑘰𑘡 𑘖𑘰𑘩𑘹.,68
data/synthetic/images/line_0068_v039.png,पावसामुळे पिकांचे नुकसान झाले.,𑘢𑘰𑘪𑘭𑘰𑘦𑘳𑘯𑘹 𑘢𑘱𑘎𑘰𑘽𑘓𑘹 𑘡𑘳𑘎𑘭𑘰𑘡 𑘖𑘰𑘩𑘹.,68
data/synthetic/images/line_0069_v000.png,गावातील लोकांनी एकत्र येऊन मदत केली.,𑘐𑘰𑘪𑘰𑘝𑘲𑘩 𑘩𑘻𑘎𑘰𑘽𑘡𑘲 𑘊𑘎𑘝𑘿𑘨 𑘧𑘹𑘅𑘡 𑘦𑘟𑘝 𑘎𑘹𑘩𑘲.,69
data/synthetic/images/line_0069_v001.png,गावातील लोकांनी एकत्र येऊन मदत केली.,𑘐𑘰𑘪𑘰𑘝𑘲𑘩 𑘩𑘻𑘎𑘰𑘽𑘡𑘲 𑘊𑘎𑘝𑘿𑘨 𑘧𑘹𑘅𑘡 𑘦𑘟𑘝 𑘎𑘹𑘩𑘲.,69
data/synthetic/images/line_0069_v002.png,गावातील लोकांनी एकत्र येऊन मदत केली.,𑘐𑘰𑘪𑘰𑘝𑘲𑘩 𑘩𑘻𑘎𑘰𑘽𑘡𑘲 𑘊𑘎𑘝𑘿𑘨 𑘧𑘹𑘅𑘡 𑘦𑘟𑘝 𑘎𑘹𑘩𑘲.,69
data/synthetic/images/line_0069_v003.png,गावातील लोकांनी एकत्र येऊन मदत केली.,𑘐𑘰𑘪𑘰𑘝𑘲𑘩 𑘩𑘻𑘎𑘰𑘽𑘡𑘲 𑘊𑘎𑘝𑘿𑘨 𑘧𑘹𑘅𑘡 𑘦𑘟𑘝 𑘎𑘹𑘩𑘲.,69
data/synthetic/images/line_0069_v004.png,गावातील लोकांनी एकत्र येऊन मदत केली.,𑘐𑘰𑘪𑘰𑘝𑘲𑘩 𑘩𑘻𑘎𑘰𑘽𑘡𑘲 𑘊𑘎𑘝𑘿𑘨 𑘧𑘹𑘅𑘡 𑘦𑘟𑘝 𑘎𑘹𑘩𑘲.,69
data/synthetic/images/line_0069_v005.png,गावातील लोकांनी एकत्र येऊन मदत केली.,𑘐𑘰𑘪𑘰𑘝𑘲𑘩 𑘩𑘻𑘎𑘰𑘽𑘡𑘲 𑘊𑘎𑘝𑘿𑘨 𑘧𑘹𑘅𑘡 𑘦𑘟𑘝 𑘎𑘹𑘩𑘲.,69
data/synthetic/images/line_0069_v006.png,गावातील लोकांनी एकत्र येऊन मदत केली.,𑘐𑘰𑘪𑘰𑘝𑘲𑘩 𑘩𑘻𑘎𑘰𑘽𑘡𑘲 𑘊𑘎𑘝𑘿𑘨 𑘧𑘹𑘅𑘡 𑘦𑘟𑘝 𑘎𑘹𑘩𑘲.,69
data/synthetic/images/line_0069_v007.png,गावातील लोकांनी एकत्र येऊन मदत केली.,𑘐𑘰𑘪𑘰𑘝𑘲𑘩 𑘩𑘻𑘎𑘰𑘽𑘡𑘲 𑘊𑘎𑘝𑘿𑘨 𑘧𑘹𑘅𑘡 𑘦𑘟𑘝 𑘎𑘹𑘩𑘲.,69
data/synthetic/images/line_0069_v008.png,गावातील लोकांनी एकत्र येऊन मदत केली.,𑘐𑘰𑘪𑘰𑘝𑘲𑘩 𑘩𑘻𑘎𑘰𑘽𑘡𑘲 𑘊𑘎𑘝𑘿𑘨 𑘧𑘹𑘅𑘡 𑘦𑘟𑘝 𑘎𑘹𑘩𑘲.,69
data/synthetic/images/line_0069_v009.png,गावातील लोकांनी एकत्र येऊन मदत केली.,𑘐𑘰𑘪𑘰𑘝𑘲𑘩 𑘩𑘻𑘎𑘰𑘽𑘡𑘲 𑘊𑘎𑘝𑘿𑘨 𑘧𑘹𑘅𑘡 𑘦𑘟𑘝 𑘎𑘹𑘩𑘲.,69
data/synthetic/images/line_0069_v010.png,गावातील लोकांनी एकत्र येऊन मदत केली.,𑘐𑘰𑘪𑘰𑘝𑘲𑘩 𑘩𑘻𑘎𑘰𑘽𑘡𑘲 𑘊𑘎𑘝𑘿𑘨 𑘧𑘹𑘅𑘡 𑘦𑘟𑘝 𑘎𑘹𑘩𑘲.,69
data/synthetic/images/line_0069_v011.png,गावातील लोकांनी एकत्र येऊन मदत केली.,𑘐𑘰𑘪𑘰𑘝𑘲𑘩 𑘩𑘻𑘎𑘰𑘽𑘡𑘲 𑘊𑘎𑘝𑘿𑘨 𑘧𑘹𑘅𑘡 𑘦𑘟𑘝 𑘎𑘹𑘩𑘲.,69
data/synthetic/images/line_0069_v012.png,गावातील लोकांनी एकत्र येऊन मदत केली.,𑘐𑘰𑘪𑘰𑘝𑘲𑘩 𑘩𑘻𑘎𑘰𑘽𑘡𑘲 𑘊𑘎𑘝𑘿𑘨 𑘧𑘹𑘅𑘡 𑘦𑘟𑘝 𑘎𑘹𑘩𑘲.,69
data/synthetic/images/line_0069_v013.png,गावातील लोकांनी एकत्र येऊन मदत केली.,𑘐𑘰𑘪𑘰𑘝𑘲𑘩 𑘩𑘻𑘎𑘰𑘽𑘡𑘲 𑘊𑘎𑘝𑘿𑘨 𑘧𑘹𑘅𑘡 𑘦𑘟𑘝 𑘎𑘹𑘩𑘲.,69
data/synthetic/images/line_0069_v014.png,गावातील लोकांनी एकत्र येऊन मदत केली.,𑘐𑘰𑘪𑘰𑘝𑘲𑘩 𑘩𑘻𑘎𑘰𑘽𑘡𑘲 𑘊𑘎𑘝𑘿𑘨 𑘧𑘹𑘅𑘡 𑘦𑘟𑘝 𑘎𑘹𑘩𑘲.,69
data/synthetic/images/line_0069_v015.png,गावातील लोकांनी एकत्र येऊन मदत केली.,𑘐𑘰𑘪𑘰𑘝𑘲𑘩 𑘩𑘻𑘎𑘰𑘽𑘡𑘲 𑘊𑘎𑘝𑘿𑘨 𑘧𑘹𑘅𑘡 𑘦𑘟𑘝 𑘎𑘹𑘩𑘲.,69
data/synthetic/images/line_0069_v016.png,गावातील लोकांनी एकत्र येऊन मदत केली.,𑘐𑘰𑘪𑘰𑘝𑘲𑘩 𑘩𑘻𑘎𑘰𑘽𑘡𑘲 𑘊𑘎𑘝𑘿𑘨 𑘧𑘹𑘅𑘡 𑘦𑘟𑘝 𑘎𑘹𑘩𑘲.,69
data/synthetic/images/line_0069_v017.png,गावातील लोकांनी एकत्र येऊन मदत केली.,𑘐𑘰𑘪𑘰𑘝𑘲𑘩 𑘩𑘻𑘎𑘰𑘽𑘡𑘲 𑘊𑘎𑘝𑘿𑘨 𑘧𑘹𑘅𑘡 𑘦𑘟𑘝 𑘎𑘹𑘩𑘲.,69
data/synthetic/images/line_0069_v018.png,गावातील लोकांनी एकत्र येऊन मदत केली.,𑘐𑘰𑘪𑘰𑘝𑘲𑘩 𑘩𑘻𑘎𑘰𑘽𑘡𑘲 𑘊𑘎𑘝𑘿𑘨 𑘧𑘹𑘅𑘡 𑘦𑘟𑘝 𑘎𑘹𑘩𑘲.,69
data/synthetic/images/line_0069_v019.png,गावातील लोकांनी एकत्र येऊन मदत केली.,𑘐𑘰𑘪𑘰𑘝𑘲𑘩 𑘩𑘻𑘎𑘰𑘽𑘡𑘲 𑘊𑘎𑘝𑘿𑘨 𑘧𑘹𑘅𑘡 𑘦𑘟𑘝 𑘎𑘹𑘩𑘲.,69
data/synthetic/images/line_0069_v020.png,गावातील लोकांनी एकत्र येऊन मदत केली.,𑘐𑘰𑘪𑘰𑘝𑘲𑘩 𑘩𑘻𑘎𑘰𑘽𑘡𑘲 𑘊𑘎𑘝𑘿𑘨 𑘧𑘹𑘅𑘡 𑘦𑘟𑘝 𑘎𑘹𑘩𑘲.,69
data/synthetic/images/line_0069_v021.png,गावातील लोकांनी एकत्र येऊन मदत केली.,𑘐𑘰𑘪𑘰𑘝𑘲𑘩 𑘩𑘻𑘎𑘰𑘽𑘡𑘲 𑘊𑘎𑘝𑘿𑘨 𑘧𑘹𑘅𑘡 𑘦𑘟𑘝 𑘎𑘹𑘩𑘲.,69
data/synthetic/images/line_0069_v022.png,गावातील लोकांनी एकत्र येऊन मदत केली.,𑘐𑘰𑘪𑘰𑘝𑘲𑘩 𑘩𑘻𑘎𑘰𑘽𑘡𑘲 𑘊𑘎𑘝𑘿𑘨 𑘧𑘹𑘅𑘡 𑘦𑘟𑘝 𑘎𑘹𑘩𑘲.,69
data/synthetic/images/line_0069_v023.png,गावातील लोकांनी एकत्र येऊन मदत केली.,𑘐𑘰𑘪𑘰𑘝𑘲𑘩 𑘩𑘻𑘎𑘰𑘽𑘡𑘲 𑘊𑘎𑘝𑘿𑘨 𑘧𑘹𑘅𑘡 𑘦𑘟𑘝 𑘎𑘹𑘩𑘲.,69
data/synthetic/images/line_0069_v024.png,गावातील लोकांनी एकत्र येऊन मदत केली.,𑘐𑘰𑘪𑘰𑘝𑘲𑘩 𑘩𑘻𑘎𑘰𑘽𑘡𑘲 𑘊𑘎𑘝𑘿𑘨 𑘧𑘹𑘅𑘡 𑘦𑘟𑘝 𑘎𑘹𑘩𑘲.,69
data/synthetic/images/line_0069_v025.png,गावातील लोकांनी एकत्र येऊन मदत केली.,𑘐𑘰𑘪𑘰𑘝𑘲𑘩 𑘩𑘻𑘎𑘰𑘽𑘡𑘲 𑘊𑘎𑘝𑘿𑘨 𑘧𑘹𑘅𑘡 𑘦𑘟𑘝 𑘎𑘹𑘩𑘲.,69
data/synthetic/images/line_0069_v026.png,गावातील लोकांनी एकत्र येऊन मदत केली.,𑘐𑘰𑘪𑘰𑘝𑘲𑘩 𑘩𑘻𑘎𑘰𑘽𑘡𑘲 𑘊𑘎𑘝𑘿𑘨 𑘧𑘹𑘅𑘡 𑘦𑘟𑘝 𑘎𑘹𑘩𑘲.,69
data/synthetic/images/line_0069_v027.png,गावातील लोकांनी एकत्र येऊन मदत केली.,𑘐𑘰𑘪𑘰𑘝𑘲𑘩 𑘩𑘻𑘎𑘰𑘽𑘡𑘲 𑘊𑘎𑘝𑘿𑘨 𑘧𑘹𑘅𑘡 𑘦𑘟𑘝 𑘎𑘹𑘩𑘲.,69
data/synthetic/images/line_0069_v028.png,गावातील लोकांनी एकत्र येऊन मदत केली.,𑘐𑘰𑘪𑘰𑘝𑘲𑘩 𑘩𑘻𑘎𑘰𑘽𑘡𑘲 𑘊𑘎𑘝𑘿𑘨 𑘧𑘹𑘅𑘡 𑘦𑘟𑘝 𑘎𑘹𑘩𑘲.,69
data/synthetic/images/line_0069_v029.png,गावातील लोकांनी एकत्र येऊन मदत केली.,𑘐𑘰𑘪𑘰𑘝𑘲𑘩 𑘩𑘻𑘎𑘰𑘽𑘡𑘲 𑘊𑘎𑘝𑘿𑘨 𑘧𑘹𑘅𑘡 𑘦𑘟𑘝 𑘎𑘹𑘩𑘲.,69
data/synthetic/images/line_0069_v030.png,गावातील लोकांनी एकत्र येऊन मदत केली.,𑘐𑘰𑘪𑘰𑘝𑘲𑘩 𑘩𑘻𑘎𑘰𑘽𑘡𑘲 𑘊𑘎𑘝𑘿𑘨 𑘧𑘹𑘅𑘡 𑘦𑘟𑘝 𑘎𑘹𑘩𑘲.,69
data/synthetic/images/line_0069_v031.png,गावातील लोकांनी एकत्र येऊन मदत केली.,𑘐𑘰𑘪𑘰𑘝𑘲𑘩 𑘩𑘻𑘎𑘰𑘽𑘡𑘲 𑘊𑘎𑘝𑘿𑘨 𑘧𑘹𑘅𑘡 𑘦𑘟𑘝 𑘎𑘹𑘩𑘲.,69
data/synthetic/images/line_0069_v032.png,गावातील लोकांनी एकत्र येऊन मदत केली.,𑘐𑘰𑘪𑘰𑘝𑘲𑘩 𑘩𑘻𑘎𑘰𑘽𑘡𑘲 𑘊𑘎𑘝𑘿𑘨 𑘧𑘹𑘅𑘡 𑘦𑘟𑘝 𑘎𑘹𑘩𑘲.,69
data/synthetic/images/line_0069_v033.png,गावातील लोकांनी एकत्र येऊन मदत केली.,𑘐𑘰𑘪𑘰𑘝𑘲𑘩 𑘩𑘻𑘎𑘰𑘽𑘡𑘲 𑘊𑘎𑘝𑘿𑘨 𑘧𑘹𑘅𑘡 𑘦𑘟𑘝 𑘎𑘹𑘩𑘲.,69
data/synthetic/images/line_0069_v034.png,गावातील लोकांनी एकत्र येऊन मदत केली.,𑘐𑘰𑘪𑘰𑘝𑘲𑘩 𑘩𑘻𑘎𑘰𑘽𑘡𑘲 𑘊𑘎𑘝𑘿𑘨 𑘧𑘹𑘅𑘡 𑘦𑘟𑘝 𑘎𑘹𑘩𑘲.,69
data/synthetic/images/line_0069_v035.png,गावातील लोकांनी एकत्र येऊन मदत केली.,𑘐𑘰𑘪𑘰𑘝𑘲𑘩 𑘩𑘻𑘎𑘰𑘽𑘡𑘲 𑘊𑘎𑘝𑘿𑘨 𑘧𑘹𑘅𑘡 𑘦𑘟𑘝 𑘎𑘹𑘩𑘲.,69
data/synthetic/images/line_0069_v036.png,गावातील लोकांनी एकत्र येऊन मदत केली.,𑘐𑘰𑘪𑘰𑘝𑘲𑘩 𑘩𑘻𑘎𑘰𑘽𑘡𑘲 𑘊𑘎𑘝𑘿𑘨 𑘧𑘹𑘅𑘡 𑘦𑘟𑘝 𑘎𑘹𑘩𑘲.,69
data/synthetic/images/line_0069_v037.png,गावातील लोकांनी एकत्र येऊन मदत केली.,𑘐𑘰𑘪𑘰𑘝𑘲𑘩 𑘩𑘻𑘎𑘰𑘽𑘡𑘲 𑘊𑘎𑘝𑘿𑘨 𑘧𑘹𑘅𑘡 𑘦𑘟𑘝 𑘎𑘹𑘩𑘲.,69
data/synthetic/images/line_0069_v038.png,गावातील लोकांनी एकत्र येऊन मदत केली.,𑘐𑘰𑘪𑘰𑘝𑘲𑘩 𑘩𑘻𑘎𑘰𑘽𑘡𑘲 𑘊𑘎𑘝𑘿𑘨 𑘧𑘹𑘅𑘡 𑘦𑘟𑘝 𑘎𑘹𑘩𑘲.,69
data/synthetic/images/line_0069_v039.png,गावातील लोकांनी एकत्र येऊन मदत केली.,𑘐𑘰𑘪𑘰𑘝𑘲𑘩 𑘩𑘻𑘎𑘰𑘽𑘡𑘲 𑘊𑘎𑘝𑘿𑘨 𑘧𑘹𑘅𑘡 𑘦𑘟𑘝 𑘎𑘹𑘩𑘲.,69
data/synthetic/images/line_0070_v000.png,पंचायतीने गावाच्या विकासासाठी निर्णय घेतला.,𑘢𑘽𑘓𑘰𑘧𑘝𑘲𑘡𑘹 𑘐𑘰𑘪𑘰𑘓𑘿𑘧𑘰 𑘪𑘱𑘎𑘰𑘭𑘰𑘭𑘰𑘙𑘲 𑘡𑘱𑘨𑘿𑘜𑘧 𑘑𑘹𑘝𑘩𑘰.,70
data/synthetic/images/line_0070_v001.png,पंचायतीने गावाच्या विकासासाठी निर्णय घेतला.,𑘢𑘽𑘓𑘰𑘧𑘝𑘲𑘡𑘹 𑘐𑘰𑘪𑘰𑘓𑘿𑘧𑘰 𑘪𑘱𑘎𑘰𑘭𑘰𑘭𑘰𑘙𑘲 𑘡𑘱𑘨𑘿𑘜𑘧 𑘑𑘹𑘝𑘩𑘰.,70
data/synthetic/images/line_0070_v002.png,पंचायतीने गावाच्या विकासासाठी निर्णय घेतला.,𑘢𑘽𑘓𑘰𑘧𑘝𑘲𑘡𑘹 𑘐𑘰𑘪𑘰𑘓𑘿𑘧𑘰 𑘪𑘱𑘎𑘰𑘭𑘰𑘭𑘰𑘙𑘲 𑘡𑘱𑘨𑘿𑘜𑘧 𑘑𑘹𑘝𑘩𑘰.,70
data/synthetic/images/line_0070_v003.png,पंचायतीने गावाच्या विकासासाठी निर्णय घेतला.,𑘢𑘽𑘓𑘰𑘧𑘝𑘲𑘡𑘹 𑘐𑘰𑘪𑘰𑘓𑘿𑘧𑘰 𑘪𑘱𑘎𑘰𑘭𑘰𑘭𑘰𑘙𑘲 𑘡𑘱𑘨𑘿𑘜𑘧 𑘑𑘹𑘝𑘩𑘰.,70
data/synthetic/images/line_0070_v004.png,पंचायतीने गावाच्या विकासासाठी निर्णय घेतला.,𑘢𑘽𑘓𑘰𑘧𑘝𑘲𑘡𑘹 𑘐𑘰𑘪𑘰𑘓𑘿𑘧𑘰 𑘪𑘱𑘎𑘰𑘭𑘰𑘭𑘰𑘙𑘲 𑘡𑘱𑘨𑘿𑘜𑘧 𑘑𑘹𑘝𑘩𑘰.,70
data/synthetic/images/line_0070_v005.png,पंचायतीने गावाच्या विकासासाठी निर्णय घेतला.,𑘢𑘽𑘓𑘰𑘧𑘝𑘲𑘡𑘹 𑘐𑘰𑘪𑘰𑘓𑘿𑘧𑘰 𑘪𑘱𑘎𑘰𑘭𑘰𑘭𑘰𑘙𑘲 𑘡𑘱𑘨𑘿𑘜𑘧 𑘑𑘹𑘝𑘩𑘰.,70
data/synthetic/images/line_0070_v006.png,पंचायतीने गावाच्या विकासासाठी निर्णय घेतला.,𑘢𑘽𑘓𑘰𑘧𑘝𑘲𑘡𑘹 𑘐𑘰𑘪𑘰𑘓𑘿𑘧𑘰 𑘪𑘱𑘎𑘰𑘭𑘰𑘭𑘰𑘙𑘲 𑘡𑘱𑘨𑘿𑘜𑘧 𑘑𑘹𑘝𑘩𑘰.,70
data/synthetic/images/line_0070_v007.png,पंचायतीने गावाच्या विकासासाठी निर्णय घेतला.,𑘢𑘽𑘓𑘰𑘧𑘝𑘲𑘡𑘹 𑘐𑘰𑘪𑘰𑘓𑘿𑘧𑘰 𑘪𑘱𑘎𑘰𑘭𑘰𑘭𑘰𑘙𑘲 𑘡𑘱𑘨𑘿𑘜𑘧 𑘑𑘹𑘝𑘩𑘰.,70
data/synthetic/images/line_0070_v008.png,पंचायतीने गावाच्या विकासासाठी निर्णय घेतला.,𑘢𑘽𑘓𑘰𑘧𑘝𑘲𑘡𑘹 𑘐𑘰𑘪𑘰𑘓𑘿𑘧𑘰 𑘪𑘱𑘎𑘰𑘭𑘰𑘭𑘰𑘙𑘲 𑘡𑘱𑘨𑘿𑘜𑘧 𑘑𑘹𑘝𑘩𑘰.,70
data/synthetic/images/line_0070_v009.png,पंचायतीने गावाच्या विकासासाठी निर्णय घेतला.,𑘢𑘽𑘓𑘰𑘧𑘝𑘲𑘡𑘹 𑘐𑘰𑘪𑘰𑘓𑘿𑘧𑘰 𑘪𑘱𑘎𑘰𑘭𑘰𑘭𑘰𑘙𑘲 𑘡𑘱𑘨𑘿𑘜𑘧 𑘑𑘹𑘝𑘩𑘰.,70
data/synthetic/images/line_0070_v010.png,पंचायतीने गावाच्या विकासासाठी निर्णय घेतला.,𑘢𑘽𑘓𑘰𑘧𑘝𑘲𑘡𑘹 𑘐𑘰𑘪𑘰𑘓𑘿𑘧𑘰 𑘪𑘱𑘎𑘰𑘭𑘰𑘭𑘰𑘙𑘲 𑘡𑘱𑘨𑘿𑘜𑘧 𑘑𑘹𑘝𑘩𑘰.,70
data/synthetic/images/line_0070_v011.png,पंचायतीने गावाच्या विकासासाठी निर्णय घेतला.,𑘢𑘽𑘓𑘰𑘧𑘝𑘲𑘡𑘹 𑘐𑘰𑘪𑘰𑘓𑘿𑘧𑘰 𑘪𑘱𑘎𑘰𑘭𑘰𑘭𑘰𑘙𑘲 𑘡𑘱𑘨𑘿𑘜𑘧 𑘑𑘹𑘝𑘩𑘰.,70
data/synthetic/images/line_0070_v012.png,पंचायतीने गावाच्या विकासासाठी निर्णय घेतला.,𑘢𑘽𑘓𑘰𑘧𑘝𑘲𑘡𑘹 𑘐𑘰𑘪𑘰𑘓𑘿𑘧𑘰 𑘪𑘱𑘎𑘰𑘭𑘰𑘭𑘰𑘙𑘲 𑘡𑘱𑘨𑘿𑘜𑘧 𑘑𑘹𑘝𑘩𑘰.,70
data/synthetic/images/line_0070_v013.png,पंचायतीने गावाच्या विकासासाठी निर्णय घेतला.,𑘢𑘽𑘓𑘰𑘧𑘝𑘲𑘡𑘹 𑘐𑘰𑘪𑘰𑘓𑘿𑘧𑘰 𑘪𑘱𑘎𑘰𑘭𑘰𑘭𑘰𑘙𑘲 𑘡𑘱𑘨𑘿𑘜𑘧 𑘑𑘹𑘝𑘩𑘰.,70
data/synthetic/images/line_0070_v014.png,पंचायतीने गावाच्या विकासासाठी निर्णय घेतला.,𑘢𑘽𑘓𑘰𑘧𑘝𑘲𑘡𑘹 𑘐𑘰𑘪𑘰𑘓𑘿𑘧𑘰 𑘪𑘱𑘎𑘰𑘭𑘰𑘭𑘰𑘙𑘲 𑘡𑘱𑘨𑘿𑘜𑘧 𑘑𑘹𑘝𑘩𑘰.,70
data/synthetic/images/line_0070_v015.png,पंचायतीने गावाच्या विकासासाठी निर्णय घेतला.,𑘢𑘽𑘓𑘰𑘧𑘝𑘲𑘡𑘹 𑘐𑘰𑘪𑘰𑘓𑘿𑘧𑘰 𑘪𑘱𑘎𑘰𑘭𑘰𑘭𑘰𑘙𑘲 𑘡𑘱𑘨𑘿𑘜𑘧 𑘑𑘹𑘝𑘩𑘰.,70
data/synthetic/images/line_0070_v016.png,पंचायतीने गावाच्या विकासासाठी निर्णय घेतला.,𑘢𑘽𑘓𑘰𑘧𑘝𑘲𑘡𑘹 𑘐𑘰𑘪𑘰𑘓𑘿𑘧𑘰 𑘪𑘱𑘎𑘰𑘭𑘰𑘭𑘰𑘙𑘲 𑘡𑘱𑘨𑘿𑘜𑘧 𑘑𑘹𑘝𑘩𑘰.,70
data/synthetic/images/line_0070_v017.png,पंचायतीने गावाच्या विकासासाठी निर्णय घेतला.,𑘢𑘽𑘓𑘰𑘧𑘝𑘲𑘡𑘹 𑘐𑘰𑘪𑘰𑘓𑘿𑘧𑘰 𑘪𑘱𑘎𑘰𑘭𑘰𑘭𑘰𑘙𑘲 𑘡𑘱𑘨𑘿𑘜𑘧 𑘑𑘹𑘝𑘩𑘰.,70
data/synthetic/images/line_0070_v018.png,पंचायतीने गावाच्या विकासासाठी निर्णय घेतला.,𑘢𑘽𑘓𑘰𑘧𑘝𑘲𑘡𑘹 𑘐𑘰𑘪𑘰𑘓𑘿𑘧𑘰 𑘪𑘱𑘎𑘰𑘭𑘰𑘭𑘰𑘙𑘲 𑘡𑘱𑘨𑘿𑘜𑘧 𑘑𑘹𑘝𑘩𑘰.,70
data/synthetic/images/line_0070_v019.png,पंचायतीने गावाच्या विकासासाठी निर्णय घेतला.,𑘢𑘽𑘓𑘰𑘧𑘝𑘲𑘡𑘹 𑘐𑘰𑘪𑘰𑘓𑘿𑘧𑘰 𑘪𑘱𑘎𑘰𑘭𑘰𑘭𑘰𑘙𑘲 𑘡𑘱𑘨𑘿𑘜𑘧 𑘑𑘹𑘝𑘩𑘰.,70
data/synthetic/images/line_0070_v020.png,पंचायतीने गावाच्या विकासासाठी निर्णय घेतला.,𑘢𑘽𑘓𑘰𑘧𑘝𑘲𑘡𑘹 𑘐𑘰𑘪𑘰𑘓𑘿𑘧𑘰 𑘪𑘱𑘎𑘰𑘭𑘰𑘭𑘰𑘙𑘲 𑘡𑘱𑘨𑘿𑘜𑘧 𑘑𑘹𑘝𑘩𑘰.,70
data/synthetic/images/line_0070_v021.png,पंचायतीने गावाच्या विकासासाठी निर्णय घेतला.,𑘢𑘽𑘓𑘰𑘧𑘝𑘲𑘡𑘹 𑘐𑘰𑘪𑘰𑘓𑘿𑘧𑘰 𑘪𑘱𑘎𑘰𑘭𑘰𑘭𑘰𑘙𑘲 𑘡𑘱𑘨𑘿𑘜𑘧 𑘑𑘹𑘝𑘩𑘰.,70
data/synthetic/images/line_0070_v022.png,पंचायतीने गावाच्या विकासासाठी निर्णय घेतला.,𑘢𑘽𑘓𑘰𑘧𑘝𑘲𑘡𑘹 𑘐𑘰𑘪𑘰𑘓𑘿𑘧𑘰 𑘪𑘱𑘎𑘰𑘭𑘰𑘭𑘰𑘙𑘲 𑘡𑘱𑘨𑘿𑘜𑘧 𑘑𑘹𑘝𑘩𑘰.,70
data/synthetic/images/line_0070_v023.png,पंचायतीने गावाच्या विकासासाठी निर्णय घेतला.,𑘢𑘽𑘓𑘰𑘧𑘝𑘲𑘡𑘹 𑘐𑘰𑘪𑘰𑘓𑘿𑘧𑘰 𑘪𑘱𑘎𑘰𑘭𑘰𑘭𑘰𑘙𑘲 𑘡𑘱𑘨𑘿𑘜𑘧 𑘑𑘹𑘝𑘩𑘰.,70
data/synthetic/images/line_0070_v024.png,पंचायतीने गावाच्या विकासासाठी निर्णय घेतला.,𑘢𑘽𑘓𑘰𑘧𑘝𑘲𑘡𑘹 𑘐𑘰𑘪𑘰𑘓𑘿𑘧𑘰 𑘪𑘱𑘎𑘰𑘭𑘰𑘭𑘰𑘙𑘲 𑘡𑘱𑘨𑘿𑘜𑘧 𑘑𑘹𑘝𑘩𑘰.,70
data/synthetic/images/line_0070_v025.png,पंचायतीने गावाच्या विकासासाठी निर्णय घेतला.,𑘢𑘽𑘓𑘰𑘧𑘝𑘲𑘡𑘹 𑘐𑘰𑘪𑘰𑘓𑘿𑘧𑘰 𑘪𑘱𑘎𑘰𑘭𑘰𑘭𑘰𑘙𑘲 𑘡𑘱𑘨𑘿𑘜𑘧 𑘑𑘹𑘝𑘩𑘰.,70
data/synthetic/images/line_0070_v026.png,पंचायतीने गावाच्या विकासासाठी निर्णय घेतला.,𑘢𑘽𑘓𑘰𑘧𑘝𑘲𑘡𑘹 𑘐𑘰𑘪𑘰𑘓𑘿𑘧𑘰 𑘪𑘱𑘎𑘰𑘭𑘰𑘭𑘰𑘙𑘲 𑘡𑘱𑘨𑘿𑘜𑘧 𑘑𑘹𑘝𑘩𑘰.,70
data/synthetic/images/line_0070_v027.png,पंचायतीने गावाच्या विकासासाठी निर्णय घेतला.,𑘢𑘽𑘓𑘰𑘧𑘝𑘲𑘡𑘹 𑘐𑘰𑘪𑘰𑘓𑘿𑘧𑘰 𑘪𑘱𑘎𑘰𑘭𑘰𑘭𑘰𑘙𑘲 𑘡𑘱𑘨𑘿𑘜𑘧 𑘑𑘹𑘝𑘩𑘰.,70
data/synthetic/images/line_0070_v028.png,पंचायतीने गावाच्या विकासासाठी निर्णय घेतला.,𑘢𑘽𑘓𑘰𑘧𑘝𑘲𑘡𑘹 𑘐𑘰𑘪𑘰𑘓𑘿𑘧𑘰 𑘪𑘱𑘎𑘰𑘭𑘰𑘭𑘰𑘙𑘲 𑘡𑘱𑘨𑘿𑘜𑘧 𑘑𑘹𑘝𑘩𑘰.,70
data/synthetic/images/line_0070_v029.png,पंचायतीने गावाच्या विकासासाठी निर्णय घेतला.,𑘢𑘽𑘓𑘰𑘧𑘝𑘲𑘡𑘹 𑘐𑘰𑘪𑘰𑘓𑘿𑘧𑘰 𑘪𑘱𑘎𑘰𑘭𑘰𑘭𑘰𑘙𑘲 𑘡𑘱𑘨𑘿𑘜𑘧 𑘑𑘹𑘝𑘩𑘰.,70
data/synthetic/images/line_0070_v030.png,पंचायतीने गावाच्या विकासासाठी निर्णय घेतला.,𑘢𑘽𑘓𑘰𑘧𑘝𑘲𑘡𑘹 𑘐𑘰𑘪𑘰𑘓𑘿𑘧𑘰 𑘪𑘱𑘎𑘰𑘭𑘰𑘭𑘰𑘙𑘲 𑘡𑘱𑘨𑘿𑘜𑘧 𑘑𑘹𑘝𑘩𑘰.,70
data/synthetic/images/line_0070_v031.png,पंचायतीने गावाच्या विकासासाठी निर्णय घेतला.,𑘢𑘽𑘓𑘰𑘧𑘝𑘲𑘡𑘹 𑘐𑘰𑘪𑘰𑘓𑘿𑘧𑘰 𑘪𑘱𑘎𑘰𑘭𑘰𑘭𑘰𑘙𑘲 𑘡𑘱𑘨𑘿𑘜𑘧 𑘑𑘹𑘝𑘩𑘰.,70
data/synthetic/images/line_0070_v032.png,पंचायतीने गावाच्या विकासासाठी निर्णय घेतला.,𑘢𑘽𑘓𑘰𑘧𑘝𑘲𑘡𑘹 𑘐𑘰𑘪𑘰𑘓𑘿𑘧𑘰 𑘪𑘱𑘎𑘰𑘭𑘰𑘭𑘰𑘙𑘲 𑘡𑘱𑘨𑘿𑘜𑘧 𑘑𑘹𑘝𑘩𑘰.,70
data/synthetic/images/line_0070_v033.png,पंचायतीने गावाच्या विकासासाठी निर्णय घेतला.,𑘢𑘽𑘓𑘰𑘧𑘝𑘲𑘡𑘹 𑘐𑘰𑘪𑘰𑘓𑘿𑘧𑘰 𑘪𑘱𑘎𑘰𑘭𑘰𑘭𑘰𑘙𑘲 𑘡𑘱𑘨𑘿𑘜𑘧 𑘑𑘹𑘝𑘩𑘰.,70
data/synthetic/images/line_0070_v034.png,पंचायतीने गावाच्या विकासासाठी निर्णय घेतला.,𑘢𑘽𑘓𑘰𑘧𑘝𑘲𑘡𑘹 𑘐𑘰𑘪𑘰𑘓𑘿𑘧𑘰 𑘪𑘱𑘎𑘰𑘭𑘰𑘭𑘰𑘙𑘲 𑘡𑘱𑘨𑘿𑘜𑘧 𑘑𑘹𑘝𑘩𑘰.,70
data/synthetic/images/line_0070_v035.png,पंचायतीने गावाच्या विकासासाठी निर्णय घेतला.,𑘢𑘽𑘓𑘰𑘧𑘝𑘲𑘡𑘹 𑘐𑘰𑘪𑘰𑘓𑘿𑘧𑘰 𑘪𑘱𑘎𑘰𑘭𑘰𑘭𑘰𑘙𑘲 𑘡𑘱𑘨𑘿𑘜𑘧 𑘑𑘹𑘝𑘩𑘰.,70
data/synthetic/images/line_0070_v036.png,पंचायतीने गावाच्या विकासासाठी निर्णय घेतला.,𑘢𑘽𑘓𑘰𑘧𑘝𑘲𑘡𑘹 𑘐𑘰𑘪𑘰𑘓𑘿𑘧𑘰 𑘪𑘱𑘎𑘰𑘭𑘰𑘭𑘰𑘙𑘲 𑘡𑘱𑘨𑘿𑘜𑘧 𑘑𑘹𑘝𑘩𑘰.,70
data/synthetic/images/line_0070_v037.png,पंचायतीने गावाच्या विकासासाठी निर्णय घेतला.,𑘢𑘽𑘓𑘰𑘧𑘝𑘲𑘡𑘹 𑘐𑘰𑘪𑘰𑘓𑘿𑘧𑘰 𑘪𑘱𑘎𑘰𑘭𑘰𑘭𑘰𑘙𑘲 𑘡𑘱𑘨𑘿𑘜𑘧 𑘑𑘹𑘝𑘩𑘰.,70
data/synthetic/images/line_0070_v038.png,पंचायतीने गावाच्या विकासासाठी निर्णय घेतला.,𑘢𑘽𑘓𑘰𑘧𑘝𑘲𑘡𑘹 𑘐𑘰𑘪𑘰𑘓𑘿𑘧𑘰 𑘪𑘱𑘎𑘰𑘭𑘰𑘭𑘰𑘙𑘲 𑘡𑘱𑘨𑘿𑘜𑘧 𑘑𑘹𑘝𑘩𑘰.,70
data/synthetic/images/line_0070_v039.png,पंचायतीने गावाच्या विकासासाठी निर्णय घेतला.,𑘢𑘽𑘓𑘰𑘧𑘝𑘲𑘡𑘹 𑘐𑘰𑘪𑘰𑘓𑘿𑘧𑘰 𑘪𑘱𑘎𑘰𑘭𑘰𑘭𑘰𑘙𑘲 𑘡𑘱𑘨𑘿𑘜𑘧 𑘑𑘹𑘝𑘩𑘰.,70
data/synthetic/images/line_0071_v000.png,शाळेची इमारत नव्याने बांधली आहे.,𑘫𑘰𑘯𑘹𑘓𑘲 𑘂𑘦𑘰𑘨𑘝 𑘡𑘪𑘿𑘧𑘰𑘡𑘹 𑘤𑘰𑘽𑘠𑘩𑘲 𑘁𑘮𑘹.,71
data/synthetic/images/line_0071_v001.png,शाळेची इमारत नव्याने बांधली आहे.,𑘫𑘰𑘯𑘹𑘓𑘲 𑘂𑘦𑘰𑘨𑘝 𑘡𑘪𑘿𑘧𑘰𑘡𑘹 𑘤𑘰𑘽𑘠𑘩𑘲 𑘁𑘮𑘹.,71
data/synthetic/images/line_0071_v002.png,शाळेची इमारत नव्याने बांधली आहे.,𑘫𑘰𑘯𑘹𑘓𑘲 𑘂𑘦𑘰𑘨𑘝 𑘡𑘪𑘿𑘧𑘰𑘡𑘹 𑘤𑘰𑘽𑘠𑘩𑘲 𑘁𑘮𑘹.,71
data/synthetic/images/line_0071_v003.png,शाळेची इमारत नव्याने बांधली आहे.,𑘫𑘰𑘯𑘹𑘓𑘲 𑘂𑘦𑘰𑘨𑘝 𑘡𑘪𑘿𑘧𑘰𑘡𑘹 𑘤𑘰𑘽𑘠𑘩𑘲 𑘁𑘮𑘹.,71
data/synthetic/images/line_0071_v004.png,शाळेची इमारत नव्याने बांधली आहे.,𑘫𑘰𑘯𑘹𑘓𑘲 𑘂𑘦𑘰𑘨𑘝 𑘡𑘪𑘿𑘧𑘰𑘡𑘹 𑘤𑘰𑘽𑘠𑘩𑘲 𑘁𑘮𑘹.,71
data/synthetic/images/line_0071_v005.png,शाळेची इमारत नव्याने बांधली आहे.,𑘫𑘰𑘯𑘹𑘓𑘲 𑘂𑘦𑘰𑘨𑘝 𑘡𑘪𑘿𑘧𑘰𑘡𑘹 𑘤𑘰𑘽𑘠𑘩𑘲 𑘁𑘮𑘹.,71
data/synthetic/images/line_0071_v006.png,शाळेची इमारत नव्याने बांधली आहे.,𑘫𑘰𑘯𑘹𑘓𑘲 𑘂𑘦𑘰𑘨𑘝 𑘡𑘪𑘿𑘧𑘰𑘡𑘹 𑘤𑘰𑘽𑘠𑘩𑘲 𑘁𑘮𑘹.,71
data/synthetic/images/line_0071_v007.png,शाळेची इमारत नव्याने बांधली आहे.,𑘫𑘰𑘯𑘹𑘓𑘲 𑘂𑘦𑘰𑘨𑘝 𑘡𑘪𑘿𑘧𑘰𑘡𑘹 𑘤𑘰𑘽𑘠𑘩𑘲 𑘁𑘮𑘹.,71
data/synthetic/images/line_0071_v008.png,शाळेची इमारत नव्याने बांधली आहे.,𑘫𑘰𑘯𑘹𑘓𑘲 𑘂𑘦𑘰𑘨𑘝 𑘡𑘪𑘿𑘧𑘰𑘡𑘹 𑘤𑘰𑘽𑘠𑘩𑘲 𑘁𑘮𑘹.,71
data/synthetic/images/line_0071_v009.png,शाळेची इमारत नव्याने बांधली आहे.,𑘫𑘰𑘯𑘹𑘓𑘲 𑘂𑘦𑘰𑘨𑘝 𑘡𑘪𑘿𑘧𑘰𑘡𑘹 𑘤𑘰𑘽𑘠𑘩𑘲 𑘁𑘮𑘹.,71
data/synthetic/images/line_0071_v010.png,शाळेची इमारत नव्याने बांधली आहे.,𑘫𑘰𑘯𑘹𑘓𑘲 𑘂𑘦𑘰𑘨𑘝 𑘡𑘪𑘿𑘧𑘰𑘡𑘹 𑘤𑘰𑘽𑘠𑘩𑘲 𑘁𑘮𑘹.,71
data/synthetic/images/line_0071_v011.png,शाळेची इमारत नव्याने बांधली आहे.,𑘫𑘰𑘯𑘹𑘓𑘲 𑘂𑘦𑘰𑘨𑘝 𑘡𑘪𑘿𑘧𑘰𑘡𑘹 𑘤𑘰𑘽𑘠𑘩𑘲 𑘁𑘮𑘹.,71
data/synthetic/images/line_0071_v012.png,शाळेची इमारत नव्याने बांधली आहे.,𑘫𑘰𑘯𑘹𑘓𑘲 𑘂𑘦𑘰𑘨𑘝 𑘡𑘪𑘿𑘧𑘰𑘡𑘹 𑘤𑘰𑘽𑘠𑘩𑘲 𑘁𑘮𑘹.,71
data/synthetic/images/line_0071_v013.png,शाळेची इमारत नव्याने बांधली आहे.,𑘫𑘰𑘯𑘹𑘓𑘲 𑘂𑘦𑘰𑘨𑘝 𑘡𑘪𑘿𑘧𑘰𑘡𑘹 𑘤𑘰𑘽𑘠𑘩𑘲 𑘁𑘮𑘹.,71
data/synthetic/images/line_0071_v014.png,शाळेची इमारत नव्याने बांधली आहे.,𑘫𑘰𑘯𑘹𑘓𑘲 𑘂𑘦𑘰𑘨𑘝 𑘡𑘪𑘿𑘧𑘰𑘡𑘹 𑘤𑘰𑘽𑘠𑘩𑘲 𑘁𑘮𑘹.,71
data/synthetic/images/line_0071_v015.png,शाळेची इमारत नव्याने बांधली आहे.,𑘫𑘰𑘯𑘹𑘓𑘲 𑘂𑘦𑘰𑘨𑘝 𑘡𑘪𑘿𑘧𑘰𑘡𑘹 𑘤𑘰𑘽𑘠𑘩𑘲 𑘁𑘮𑘹.,71
data/synthetic/images/line_0071_v016.png,शाळेची इमारत नव्याने बांधली आहे.,𑘫𑘰𑘯𑘹𑘓𑘲 𑘂𑘦𑘰𑘨𑘝 𑘡𑘪𑘿𑘧𑘰𑘡𑘹 𑘤𑘰𑘽𑘠𑘩𑘲 𑘁𑘮𑘹.,71
data/synthetic/images/line_0071_v017.png,शाळेची इमारत नव्याने बांधली आहे.,𑘫𑘰𑘯𑘹𑘓𑘲 𑘂𑘦𑘰𑘨𑘝 𑘡𑘪𑘿𑘧𑘰𑘡𑘹 𑘤𑘰𑘽𑘠𑘩𑘲 𑘁𑘮𑘹.,71
data/synthetic/images/line_0071_v018.png,शाळेची इमारत नव्याने बांधली आहे.,𑘫𑘰𑘯𑘹𑘓𑘲 𑘂𑘦𑘰𑘨𑘝 𑘡𑘪𑘿𑘧𑘰𑘡𑘹 𑘤𑘰𑘽𑘠𑘩𑘲 𑘁𑘮𑘹.,71
data/synthetic/images/line_0071_v019.png,शाळेची इमारत नव्याने बांधली आहे.,𑘫𑘰𑘯𑘹𑘓𑘲 𑘂𑘦𑘰𑘨𑘝 𑘡𑘪𑘿𑘧𑘰𑘡𑘹 𑘤𑘰𑘽𑘠𑘩𑘲 𑘁𑘮𑘹.,71
data/synthetic/images/line_0071_v020.png,शाळेची इमारत नव्याने बांधली आहे.,𑘫𑘰𑘯𑘹𑘓𑘲 𑘂𑘦𑘰𑘨𑘝 𑘡𑘪𑘿𑘧𑘰𑘡𑘹 𑘤𑘰𑘽𑘠𑘩𑘲 𑘁𑘮𑘹.,71
data/synthetic/images/line_0071_v021.png,शाळेची इमारत नव्याने बांधली आहे.,𑘫𑘰𑘯𑘹𑘓𑘲 𑘂𑘦𑘰𑘨𑘝 𑘡𑘪𑘿𑘧𑘰𑘡𑘹 𑘤𑘰𑘽𑘠𑘩𑘲 𑘁𑘮𑘹.,71
data/synthetic/images/line_0071_v022.png,शाळेची इमारत नव्याने बांधली आहे.,𑘫𑘰𑘯𑘹𑘓𑘲 𑘂𑘦𑘰𑘨𑘝 𑘡𑘪𑘿𑘧𑘰𑘡𑘹 𑘤𑘰𑘽𑘠𑘩𑘲 𑘁𑘮𑘹.,71
data/synthetic/images/line_0071_v023.png,शाळेची इमारत नव्याने बांधली आहे.,𑘫𑘰𑘯𑘹𑘓𑘲 𑘂𑘦𑘰𑘨𑘝 𑘡𑘪𑘿𑘧𑘰𑘡𑘹 𑘤𑘰𑘽𑘠𑘩𑘲 𑘁𑘮𑘹.,71
data/synthetic/images/line_0071_v024.png,शाळेची इमारत नव्याने बांधली आहे.,𑘫𑘰𑘯𑘹𑘓𑘲 𑘂𑘦𑘰𑘨𑘝 𑘡𑘪𑘿𑘧𑘰𑘡𑘹 𑘤𑘰𑘽𑘠𑘩𑘲 𑘁𑘮𑘹.,71
data/synthetic/images/line_0071_v025.png,शाळेची इमारत नव्याने बांधली आहे.,𑘫𑘰𑘯𑘹𑘓𑘲 𑘂𑘦𑘰𑘨𑘝 𑘡𑘪𑘿𑘧𑘰𑘡𑘹 𑘤𑘰𑘽𑘠𑘩𑘲 𑘁𑘮𑘹.,71
data/synthetic/images/line_0071_v026.png,शाळेची इमारत नव्याने बांधली आहे.,𑘫𑘰𑘯𑘹𑘓𑘲 𑘂𑘦𑘰𑘨𑘝 𑘡𑘪𑘿𑘧𑘰𑘡𑘹 𑘤𑘰𑘽𑘠𑘩𑘲 𑘁𑘮𑘹.,71
data/synthetic/images/line_0071_v027.png,शाळेची इमारत नव्याने बांधली आहे.,𑘫𑘰𑘯𑘹𑘓𑘲 𑘂𑘦𑘰𑘨𑘝 𑘡𑘪𑘿𑘧𑘰𑘡𑘹 𑘤𑘰𑘽𑘠𑘩𑘲 𑘁𑘮𑘹.,71
data/synthetic/images/line_0071_v028.png,शाळेची इमारत नव्याने बांधली आहे.,𑘫𑘰𑘯𑘹𑘓𑘲 𑘂𑘦𑘰𑘨𑘝 𑘡𑘪𑘿𑘧𑘰𑘡𑘹 𑘤𑘰𑘽𑘠𑘩𑘲 𑘁𑘮𑘹.,71
data/synthetic/images/line_0071_v029.png,शाळेची इमारत नव्याने बांधली आहे.,𑘫𑘰𑘯𑘹𑘓𑘲 𑘂𑘦𑘰𑘨𑘝 𑘡𑘪𑘿𑘧𑘰𑘡𑘹 𑘤𑘰𑘽𑘠𑘩𑘲 𑘁𑘮𑘹.,71
data/synthetic/images/line_0071_v030.png,शाळेची इमारत नव्याने बांधली आहे.,𑘫𑘰𑘯𑘹𑘓𑘲 𑘂𑘦𑘰𑘨𑘝 𑘡𑘪𑘿𑘧𑘰𑘡𑘹 𑘤𑘰𑘽𑘠𑘩𑘲 𑘁𑘮𑘹.,71
data/synthetic/images/line_0071_v031.png,शाळेची इमारत नव्याने बांधली आहे.,𑘫𑘰𑘯𑘹𑘓𑘲 𑘂𑘦𑘰𑘨𑘝 𑘡𑘪𑘿𑘧𑘰𑘡𑘹 𑘤𑘰𑘽𑘠𑘩𑘲 𑘁𑘮𑘹.,71
data/synthetic/images/line_0071_v032.png,शाळेची इमारत नव्याने बांधली आहे.,𑘫𑘰𑘯𑘹𑘓𑘲 𑘂𑘦𑘰𑘨𑘝 𑘡𑘪𑘿𑘧𑘰𑘡𑘹 𑘤𑘰𑘽𑘠𑘩𑘲 𑘁𑘮𑘹.,71
data/synthetic/images/line_0071_v033.png,शाळेची इमारत नव्याने बांधली आहे.,𑘫𑘰𑘯𑘹𑘓𑘲 𑘂𑘦𑘰𑘨𑘝 𑘡𑘪𑘿𑘧𑘰𑘡𑘹 𑘤𑘰𑘽𑘠𑘩𑘲 𑘁𑘮𑘹.,71
data/synthetic/images/line_0071_v034.png,शाळेची इमारत नव्याने बांधली आहे.,𑘫𑘰𑘯𑘹𑘓𑘲 𑘂𑘦𑘰𑘨𑘝 𑘡𑘪𑘿𑘧𑘰𑘡𑘹 𑘤𑘰𑘽𑘠𑘩𑘲 𑘁𑘮𑘹.,71
data/synthetic/images/line_0071_v035.png,शाळेची इमारत नव्याने बांधली आहे.,𑘫𑘰𑘯𑘹𑘓𑘲 𑘂𑘦𑘰𑘨𑘝 𑘡𑘪𑘿𑘧𑘰𑘡𑘹 𑘤𑘰𑘽𑘠𑘩𑘲 𑘁𑘮𑘹.,71
data/synthetic/images/line_0071_v036.png,शाळेची इमारत नव्याने बांधली आहे.,𑘫𑘰𑘯𑘹𑘓𑘲 𑘂𑘦𑘰𑘨𑘝 𑘡𑘪𑘿𑘧𑘰𑘡𑘹 𑘤𑘰𑘽𑘠𑘩𑘲 𑘁𑘮𑘹.,71
data/synthetic/images/line_0071_v037.png,शाळेची इमारत नव्याने बांधली आहे.,𑘫𑘰𑘯𑘹𑘓𑘲 𑘂𑘦𑘰𑘨𑘝 𑘡𑘪𑘿𑘧𑘰𑘡𑘹 𑘤𑘰𑘽𑘠𑘩𑘲 𑘁𑘮𑘹.,71
data/synthetic/images/line_0071_v038.png,शाळेची इमारत नव्याने बांधली आहे.,𑘫𑘰𑘯𑘹𑘓𑘲 𑘂𑘦𑘰𑘨𑘝 𑘡𑘪𑘿𑘧𑘰𑘡𑘹 𑘤𑘰𑘽𑘠𑘩𑘲 𑘁𑘮𑘹.,71
data/synthetic/images/line_0071_v039.png,शाळेची इमारत नव्याने बांधली आहे.,𑘫𑘰𑘯𑘹𑘓𑘲 𑘂𑘦𑘰𑘨𑘝 𑘡𑘪𑘿𑘧𑘰𑘡𑘹 𑘤𑘰𑘽𑘠𑘩𑘲 𑘁𑘮𑘹.,71
data/synthetic/images/line_0072_v000.png,रस्त्याचे काम अजून पूर्ण झालेले नाही.,𑘨𑘭𑘿𑘝𑘿𑘧𑘰𑘓𑘹 𑘎𑘰𑘦 𑘀𑘕𑘴𑘡 𑘢𑘴𑘨𑘿𑘜 𑘖𑘰𑘩𑘹𑘩𑘹 𑘡𑘰𑘮𑘲.,72
data/synthetic/images/line_0072_v001.png,रस्त्याचे काम अजून पूर्ण झालेले नाही.,𑘨𑘭𑘿𑘝𑘿𑘧𑘰𑘓𑘹 𑘎𑘰𑘦 𑘀𑘕𑘴𑘡 𑘢𑘴𑘨𑘿𑘜 𑘖𑘰𑘩𑘹𑘩𑘹 𑘡𑘰𑘮𑘲.,72
data/synthetic/images/line_0072_v002.png,रस्त्याचे काम अजून पूर्ण झालेले नाही.,𑘨𑘭𑘿𑘝𑘿𑘧𑘰𑘓𑘹 𑘎𑘰𑘦 𑘀𑘕𑘴𑘡 𑘢𑘴𑘨𑘿𑘜 𑘖𑘰𑘩𑘹𑘩𑘹 𑘡𑘰𑘮𑘲.,72
data/synthetic/images/line_0072_v003.png,रस्त्याचे काम अजून पूर्ण झालेले नाही.,𑘨𑘭𑘿𑘝𑘿𑘧𑘰𑘓𑘹 𑘎𑘰𑘦 𑘀𑘕𑘴𑘡 𑘢𑘴𑘨𑘿𑘜 𑘖𑘰𑘩𑘹𑘩𑘹 𑘡𑘰𑘮𑘲.,72
data/synthetic/images/line_0072_v004.png,रस्त्याचे काम अजून पूर्ण झालेले नाही.,𑘨𑘭𑘿𑘝𑘿𑘧𑘰𑘓𑘹 𑘎𑘰𑘦 𑘀𑘕𑘴𑘡 𑘢𑘴𑘨𑘿𑘜 𑘖𑘰𑘩𑘹𑘩𑘹 𑘡𑘰𑘮𑘲.,72
data/synthetic/images/line_0072_v005.png,रस्त्याचे काम अजून पूर्ण झालेले नाही.,𑘨𑘭𑘿𑘝𑘿𑘧𑘰𑘓𑘹 𑘎𑘰𑘦 𑘀𑘕𑘴𑘡 𑘢𑘴𑘨𑘿𑘜 𑘖𑘰𑘩𑘹𑘩𑘹 𑘡𑘰𑘮𑘲.,72
data/synthetic/images/line_0072_v006.png,रस्त्याचे काम अजून पूर्ण झालेले नाही.,𑘨𑘭𑘿𑘝𑘿𑘧𑘰𑘓𑘹 𑘎𑘰𑘦 𑘀𑘕𑘴𑘡 𑘢𑘴𑘨𑘿𑘜 𑘖𑘰𑘩𑘹𑘩𑘹 𑘡𑘰𑘮𑘲.,72
data/synthetic/images/line_0072_v007.png,रस्त्याचे काम अजून पूर्ण झालेले नाही.,𑘨𑘭𑘿𑘝𑘿𑘧𑘰𑘓𑘹 𑘎𑘰𑘦 𑘀𑘕𑘴𑘡 𑘢𑘴𑘨𑘿𑘜 𑘖𑘰𑘩𑘹𑘩𑘹 𑘡𑘰𑘮𑘲.,72
data/synthetic/images/line_0072_v008.png,रस्त्याचे काम अजून पूर्ण झालेले नाही.,𑘨𑘭𑘿𑘝𑘿𑘧𑘰𑘓𑘹 𑘎𑘰𑘦 𑘀𑘕𑘴𑘡 𑘢𑘴𑘨𑘿𑘜 𑘖𑘰𑘩𑘹𑘩𑘹 𑘡𑘰𑘮𑘲.,72
data/synthetic/images/line_0072_v009.png,रस्त्याचे काम अजून पूर्ण झालेले नाही.,𑘨𑘭𑘿𑘝𑘿𑘧𑘰𑘓𑘹 𑘎𑘰𑘦 𑘀𑘕𑘴𑘡 𑘢𑘴𑘨𑘿𑘜 𑘖𑘰𑘩𑘹𑘩𑘹 𑘡𑘰𑘮𑘲.,72
data/synthetic/images/line_0072_v010.png,रस्त्याचे काम अजून पूर्ण झालेले नाही.,𑘨𑘭𑘿𑘝𑘿𑘧𑘰𑘓𑘹 𑘎𑘰𑘦 𑘀𑘕𑘴𑘡 𑘢𑘴𑘨𑘿𑘜 𑘖𑘰𑘩𑘹𑘩𑘹 𑘡𑘰𑘮𑘲.,72
data/synthetic/images/line_0072_v011.png,रस्त्याचे काम अजून पूर्ण झालेले नाही.,𑘨𑘭𑘿𑘝𑘿𑘧𑘰𑘓𑘹 𑘎𑘰𑘦 𑘀𑘕𑘴𑘡 𑘢𑘴𑘨𑘿𑘜 𑘖𑘰𑘩𑘹𑘩𑘹 𑘡𑘰𑘮𑘲.,72
data/synthetic/images/line_0072_v012.png,रस्त्याचे काम अजून पूर्ण झालेले नाही.,𑘨𑘭𑘿𑘝𑘿𑘧𑘰𑘓𑘹 𑘎𑘰𑘦 𑘀𑘕𑘴𑘡 𑘢𑘴𑘨𑘿𑘜 𑘖𑘰𑘩𑘹𑘩𑘹 𑘡𑘰𑘮𑘲.,72
data/synthetic/images/line_0072_v013.png,रस्त्याचे काम अजून पूर्ण झालेले नाही.,𑘨𑘭𑘿𑘝𑘿𑘧𑘰𑘓𑘹 𑘎𑘰𑘦 𑘀𑘕𑘴𑘡 𑘢𑘴𑘨𑘿𑘜 𑘖𑘰𑘩𑘹𑘩𑘹 𑘡𑘰𑘮𑘲.,72
data/synthetic/images/line_0072_v014.png,रस्त्याचे काम अजून पूर्ण झालेले नाही.,𑘨𑘭𑘿𑘝𑘿𑘧𑘰𑘓𑘹 𑘎𑘰𑘦 𑘀𑘕𑘴𑘡 𑘢𑘴𑘨𑘿𑘜 𑘖𑘰𑘩𑘹𑘩𑘹 𑘡𑘰𑘮𑘲.,72
data/synthetic/images/line_0072_v015.png,रस्त्याचे काम अजून पूर्ण झालेले नाही.,𑘨𑘭𑘿𑘝𑘿𑘧𑘰𑘓𑘹 𑘎𑘰𑘦 𑘀𑘕𑘴𑘡 𑘢𑘴𑘨𑘿𑘜 𑘖𑘰𑘩𑘹𑘩𑘹 𑘡𑘰𑘮𑘲.,72
data/synthetic/images/line_0072_v016.png,रस्त्याचे काम अजून पूर्ण झालेले नाही.,𑘨𑘭𑘿𑘝𑘿𑘧𑘰𑘓𑘹 𑘎𑘰𑘦 𑘀𑘕𑘴𑘡 𑘢𑘴𑘨𑘿𑘜 𑘖𑘰𑘩𑘹𑘩𑘹 𑘡𑘰𑘮𑘲.,72
data/synthetic/images/line_0072_v017.png,रस्त्याचे काम अजून पूर्ण झालेले नाही.,𑘨𑘭𑘿𑘝𑘿𑘧𑘰𑘓𑘹 𑘎𑘰𑘦 𑘀𑘕𑘴𑘡 𑘢𑘴𑘨𑘿𑘜 𑘖𑘰𑘩𑘹𑘩𑘹 𑘡𑘰𑘮𑘲.,72
data/synthetic/images/line_0072_v018.png,रस्त्याचे काम अजून पूर्ण झालेले नाही.,𑘨𑘭𑘿𑘝𑘿𑘧𑘰𑘓𑘹 𑘎𑘰𑘦 𑘀𑘕𑘴𑘡 𑘢𑘴𑘨𑘿𑘜 𑘖𑘰𑘩𑘹𑘩𑘹 𑘡𑘰𑘮𑘲.,72
data/synthetic/images/line_0072_v019.png,रस्त्याचे काम अजून पूर्ण झालेले नाही.,𑘨𑘭𑘿𑘝𑘿𑘧𑘰𑘓𑘹 𑘎𑘰𑘦 𑘀𑘕𑘴𑘡 𑘢𑘴𑘨𑘿𑘜 𑘖𑘰𑘩𑘹𑘩𑘹 𑘡𑘰𑘮𑘲.,72
data/synthetic/images/line_0072_v020.png,रस्त्याचे काम अजून पूर्ण झालेले नाही.,𑘨𑘭𑘿𑘝𑘿𑘧𑘰𑘓𑘹 𑘎𑘰𑘦 𑘀𑘕𑘴𑘡 𑘢𑘴𑘨𑘿𑘜 𑘖𑘰𑘩𑘹𑘩𑘹 𑘡𑘰𑘮𑘲.,72
data/synthetic/images/line_0072_v021.png,रस्त्याचे काम अजून पूर्ण झालेले नाही.,𑘨𑘭𑘿𑘝𑘿𑘧𑘰𑘓𑘹 𑘎𑘰𑘦 𑘀𑘕𑘴𑘡 𑘢𑘴𑘨𑘿𑘜 𑘖𑘰𑘩𑘹𑘩𑘹 𑘡𑘰𑘮𑘲.,72
data/synthetic/images/line_0072_v022.png,रस्त्याचे काम अजून पूर्ण झालेले नाही.,𑘨𑘭𑘿𑘝𑘿𑘧𑘰𑘓𑘹 𑘎𑘰𑘦 𑘀𑘕𑘴𑘡 𑘢𑘴𑘨𑘿𑘜 𑘖𑘰𑘩𑘹𑘩𑘹 𑘡𑘰𑘮𑘲.,72
data/synthetic/images/line_0072_v023.png,रस्त्याचे काम अजून पूर्ण झालेले नाही.,𑘨𑘭𑘿𑘝𑘿𑘧𑘰𑘓𑘹 𑘎𑘰𑘦 𑘀𑘕𑘴𑘡 𑘢𑘴𑘨𑘿𑘜 𑘖𑘰𑘩𑘹𑘩𑘹 𑘡𑘰𑘮𑘲.,72
data/synthetic/images/line_0072_v024.png,रस्त्याचे काम अजून पूर्ण झालेले नाही.,𑘨𑘭𑘿𑘝𑘿𑘧𑘰𑘓𑘹 𑘎𑘰𑘦 𑘀𑘕𑘴𑘡 𑘢𑘴𑘨𑘿𑘜 𑘖𑘰𑘩𑘹𑘩𑘹 𑘡𑘰𑘮𑘲.,72
data/synthetic/images/line_0072_v025.png,रस्त्याचे काम अजून पूर्ण झालेले नाही.,𑘨𑘭𑘿𑘝𑘿𑘧𑘰𑘓𑘹 𑘎𑘰𑘦 𑘀𑘕𑘴𑘡 𑘢𑘴𑘨𑘿𑘜 𑘖𑘰𑘩𑘹𑘩𑘹 𑘡𑘰𑘮𑘲.,72
data/synthetic/images/line_0072_v026.png,रस्त्याचे काम अजून पूर्ण झालेले नाही.,𑘨𑘭𑘿𑘝𑘿𑘧𑘰𑘓𑘹 𑘎𑘰𑘦 𑘀𑘕𑘴𑘡 𑘢𑘴𑘨𑘿𑘜 𑘖𑘰𑘩𑘹𑘩𑘹 𑘡𑘰𑘮𑘲.,72
data/synthetic/images/line_0072_v027.png,रस्त्याचे काम अजून पूर्ण झालेले नाही.,𑘨𑘭𑘿𑘝𑘿𑘧𑘰𑘓𑘹 𑘎𑘰𑘦 𑘀𑘕𑘴𑘡 𑘢𑘴𑘨𑘿𑘜 𑘖𑘰𑘩𑘹𑘩𑘹 𑘡𑘰𑘮𑘲.,72
data/synthetic/images/line_0072_v028.png,रस्त्याचे काम अजून पूर्ण झालेले नाही.,𑘨𑘭𑘿𑘝𑘿𑘧𑘰𑘓𑘹 𑘎𑘰𑘦 𑘀𑘕𑘴𑘡 𑘢𑘴𑘨𑘿𑘜 𑘖𑘰𑘩𑘹𑘩𑘹 𑘡𑘰𑘮𑘲.,72
data/synthetic/images/line_0072_v029.png,रस्त्याचे काम अजून पूर्ण झालेले नाही.,𑘨𑘭𑘿𑘝𑘿𑘧𑘰𑘓𑘹 𑘎𑘰𑘦 𑘀𑘕𑘴𑘡 𑘢𑘴𑘨𑘿𑘜 𑘖𑘰𑘩𑘹𑘩𑘹 𑘡𑘰𑘮𑘲.,72
data/synthetic/images/line_0072_v030.png,रस्त्याचे काम अजून पूर्ण झालेले नाही.,𑘨𑘭𑘿𑘝𑘿𑘧𑘰𑘓𑘹 𑘎𑘰𑘦 𑘀𑘕𑘴𑘡 𑘢𑘴𑘨𑘿𑘜 𑘖𑘰𑘩𑘹𑘩𑘹 𑘡𑘰𑘮𑘲.,72
data/synthetic/images/line_0072_v031.png,रस्त्याचे काम अजून पूर्ण झालेले नाही.,𑘨𑘭𑘿𑘝𑘿𑘧𑘰𑘓𑘹 𑘎𑘰𑘦 𑘀𑘕𑘴𑘡 𑘢𑘴𑘨𑘿𑘜 𑘖𑘰𑘩𑘹𑘩𑘹 𑘡𑘰𑘮𑘲.,72
data/synthetic/images/line_0072_v032.png,रस्त्याचे काम अजून पूर्ण झालेले नाही.,𑘨𑘭𑘿𑘝𑘿𑘧𑘰𑘓𑘹 𑘎𑘰𑘦 𑘀𑘕𑘴𑘡 𑘢𑘴𑘨𑘿𑘜 𑘖𑘰𑘩𑘹𑘩𑘹 𑘡𑘰𑘮𑘲.,72
data/synthetic/images/line_0072_v033.png,रस्त्याचे काम अजून पूर्ण झालेले नाही.,𑘨𑘭𑘿𑘝𑘿𑘧𑘰𑘓𑘹 𑘎𑘰𑘦 𑘀𑘕𑘴𑘡 𑘢𑘴𑘨𑘿𑘜 𑘖𑘰𑘩𑘹𑘩𑘹 𑘡𑘰𑘮𑘲.,72
data/synthetic/images/line_0072_v034.png,रस्त्याचे काम अजून पूर्ण झालेले नाही.,𑘨𑘭𑘿𑘝𑘿𑘧𑘰𑘓𑘹 𑘎𑘰𑘦 𑘀𑘕𑘴𑘡 𑘢𑘴𑘨𑘿𑘜 𑘖𑘰𑘩𑘹𑘩𑘹 𑘡𑘰𑘮𑘲.,72
data/synthetic/images/line_0072_v035.png,रस्त्याचे काम अजून पूर्ण झालेले नाही.,𑘨𑘭𑘿𑘝𑘿𑘧𑘰𑘓𑘹 𑘎𑘰𑘦 𑘀𑘕𑘴𑘡 𑘢𑘴𑘨𑘿𑘜 𑘖𑘰𑘩𑘹𑘩𑘹 𑘡𑘰𑘮𑘲.,72
data/synthetic/images/line_0072_v036.png,रस्त्याचे काम अजून पूर्ण झालेले नाही.,𑘨𑘭𑘿𑘝𑘿𑘧𑘰𑘓𑘹 𑘎𑘰𑘦 𑘀𑘕𑘴𑘡 𑘢𑘴𑘨𑘿𑘜 𑘖𑘰𑘩𑘹𑘩𑘹 𑘡𑘰𑘮𑘲.,72
data/synthetic/images/line_0072_v037.png,रस्त्याचे काम अजून पूर्ण झालेले नाही.,𑘨𑘭𑘿𑘝𑘿𑘧𑘰𑘓𑘹 𑘎𑘰𑘦 𑘀𑘕𑘴𑘡 𑘢𑘴𑘨𑘿𑘜 𑘖𑘰𑘩𑘹𑘩𑘹 𑘡𑘰𑘮𑘲.,72
data/synthetic/images/line_0072_v038.png,रस्त्याचे काम अजून पूर्ण झालेले नाही.,𑘨𑘭𑘿𑘝𑘿𑘧𑘰𑘓𑘹 𑘎𑘰𑘦 𑘀𑘕𑘴𑘡 𑘢𑘴𑘨𑘿𑘜 𑘖𑘰𑘩𑘹𑘩𑘹 𑘡𑘰𑘮𑘲.,72
data/synthetic/images/line_0072_v039.png,रस्त्याचे काम अजून पूर्ण झालेले नाही.,𑘨𑘭𑘿𑘝𑘿𑘧𑘰𑘓𑘹 𑘎𑘰𑘦 𑘀𑘕𑘴𑘡 𑘢𑘴𑘨𑘿𑘜 𑘖𑘰𑘩𑘹𑘩𑘹 𑘡𑘰𑘮𑘲.,72
data/synthetic/images/line_0073_v000.png,वीज पुरवठा काही वेळ बंद होता.,𑘪𑘲𑘕 𑘢𑘳𑘨𑘪𑘙𑘰 𑘎𑘰𑘮𑘲 𑘪𑘹𑘯 𑘤𑘽𑘟 𑘮𑘻𑘝𑘰.,73
data/synthetic/images/line_0073_v001.png,वीज पुरवठा काही वेळ बंद होता.,𑘪𑘲𑘕 𑘢𑘳𑘨𑘪𑘙𑘰 𑘎𑘰𑘮𑘲 𑘪𑘹𑘯 𑘤𑘽𑘟 𑘮𑘻𑘝𑘰.,73
data/synthetic/images/line_0073_v002.png,वीज पुरवठा काही वेळ बंद होता.,𑘪𑘲𑘕 𑘢𑘳𑘨𑘪𑘙𑘰 𑘎𑘰𑘮𑘲 𑘪𑘹𑘯 𑘤𑘽𑘟 𑘮𑘻𑘝𑘰.,73
data/synthetic/images/line_0073_v003.png,वीज पुरवठा काही वेळ बंद होता.,𑘪𑘲𑘕 𑘢𑘳𑘨𑘪𑘙𑘰 𑘎𑘰𑘮𑘲 𑘪𑘹𑘯 𑘤𑘽𑘟 𑘮𑘻𑘝𑘰.,73
data/synthetic/images/line_0073_v004.png,वीज पुरवठा काही वेळ बंद होता.,𑘪𑘲𑘕 𑘢𑘳𑘨𑘪𑘙𑘰 𑘎𑘰𑘮𑘲 𑘪𑘹𑘯 𑘤𑘽𑘟 𑘮𑘻𑘝𑘰.,73
data/synthetic/images/line_0073_v005.png,वीज पुरवठा काही वेळ बंद होता.,𑘪𑘲𑘕 𑘢𑘳𑘨𑘪𑘙𑘰 𑘎𑘰𑘮𑘲 𑘪𑘹𑘯 𑘤𑘽𑘟 𑘮𑘻𑘝𑘰.,73
data/synthetic/images/line_0073_v006.png,वीज पुरवठा काही वेळ बंद होता.,𑘪𑘲𑘕 𑘢𑘳𑘨𑘪𑘙𑘰 𑘎𑘰𑘮𑘲 𑘪𑘹𑘯 𑘤𑘽𑘟 𑘮𑘻𑘝𑘰.,73
data/synthetic/images/line_0073_v007.png,वीज पुरवठा काही वेळ बंद होता.,𑘪𑘲𑘕 𑘢𑘳𑘨𑘪𑘙𑘰 𑘎𑘰𑘮𑘲 𑘪𑘹𑘯 𑘤𑘽𑘟 𑘮𑘻𑘝𑘰.,73
data/synthetic/images/line_0073_v008.png,वीज पुरवठा काही वेळ बंद होता.,𑘪𑘲𑘕 𑘢𑘳𑘨𑘪𑘙𑘰 𑘎𑘰𑘮𑘲 𑘪𑘹𑘯 𑘤𑘽𑘟 𑘮𑘻𑘝𑘰.,73
data/synthetic/images/line_0073_v009.png,वीज पुरवठा काही वेळ बंद होता.,𑘪𑘲𑘕 𑘢𑘳𑘨𑘪𑘙𑘰 𑘎𑘰𑘮𑘲 𑘪𑘹𑘯 𑘤𑘽𑘟 𑘮𑘻𑘝𑘰.,73
data/synthetic/images/line_0073_v010.png,वीज पुरवठा काही वेळ बंद होता.,𑘪𑘲𑘕 𑘢𑘳𑘨𑘪𑘙𑘰 𑘎𑘰𑘮𑘲 𑘪𑘹𑘯 𑘤𑘽𑘟 𑘮𑘻𑘝𑘰.,73
data/synthetic/images/line_0073_v011.png,वीज पुरवठा काही वेळ बंद होता.,𑘪𑘲𑘕 𑘢𑘳𑘨𑘪𑘙𑘰 𑘎𑘰𑘮𑘲 𑘪𑘹𑘯 𑘤𑘽𑘟 𑘮𑘻𑘝𑘰.,73
data/synthetic/images/line_0073_v012.png,वीज पुरवठा काही वेळ बंद होता.,𑘪𑘲𑘕 𑘢𑘳𑘨𑘪𑘙𑘰 𑘎𑘰𑘮𑘲 𑘪𑘹𑘯 𑘤𑘽𑘟 𑘮𑘻𑘝𑘰.,73
data/synthetic/images/line_0073_v013.png,वीज पुरवठा काही वेळ बंद होता.,𑘪𑘲𑘕 𑘢𑘳𑘨𑘪𑘙𑘰 𑘎𑘰𑘮𑘲 𑘪𑘹𑘯 𑘤𑘽𑘟 𑘮𑘻𑘝𑘰.,73
data/synthetic/images/line_0073_v014.png,वीज पुरवठा काही वेळ बंद होता.,𑘪𑘲𑘕 𑘢𑘳𑘨𑘪𑘙𑘰 𑘎𑘰𑘮𑘲 𑘪𑘹𑘯 𑘤𑘽𑘟 𑘮𑘻𑘝𑘰.,73
data/synthetic/images/line_0073_v015.png,वीज पुरवठा काही वेळ बंद होता.,𑘪𑘲𑘕 𑘢𑘳𑘨𑘪𑘙𑘰 𑘎𑘰𑘮𑘲 𑘪𑘹𑘯 𑘤𑘽𑘟 𑘮𑘻𑘝𑘰.,73
data/synthetic/images/line_0073_v016.png,वीज पुरवठा काही वेळ बंद होता.,𑘪𑘲𑘕 𑘢𑘳𑘨𑘪𑘙𑘰 𑘎𑘰𑘮𑘲 𑘪𑘹𑘯 𑘤𑘽𑘟 𑘮𑘻𑘝𑘰.,73
data/synthetic/images/line_0073_v017.png,वीज पुरवठा काही वेळ बंद होता.,𑘪𑘲𑘕 𑘢𑘳𑘨𑘪𑘙𑘰 𑘎𑘰𑘮𑘲 𑘪𑘹𑘯 𑘤𑘽𑘟 𑘮𑘻𑘝𑘰.,73
data/synthetic/images/line_0073_v018.png,वीज पुरवठा काही वेळ बंद होता.,𑘪𑘲𑘕 𑘢𑘳𑘨𑘪𑘙𑘰 𑘎𑘰𑘮𑘲 𑘪𑘹𑘯 𑘤𑘽𑘟 𑘮𑘻𑘝𑘰.,73
data/synthetic/images/line_0073_v019.png,वीज पुरवठा काही वेळ बंद होता.,𑘪𑘲𑘕 𑘢𑘳𑘨𑘪𑘙𑘰 𑘎𑘰𑘮𑘲 𑘪𑘹𑘯 𑘤𑘽𑘟 𑘮𑘻𑘝𑘰.,73
data/synthetic/images/line_0073_v020.png,वीज पुरवठा काही वेळ बंद होता.,𑘪𑘲𑘕 𑘢𑘳𑘨𑘪𑘙𑘰 𑘎𑘰𑘮𑘲 𑘪𑘹𑘯 𑘤𑘽𑘟 𑘮𑘻𑘝𑘰.,73
data/synthetic/images/line_0073_v021.png,वीज पुरवठा काही वेळ बंद होता.,𑘪𑘲𑘕 𑘢𑘳𑘨𑘪𑘙𑘰 𑘎𑘰𑘮𑘲 𑘪𑘹𑘯 𑘤𑘽𑘟 𑘮𑘻𑘝𑘰.,73
data/synthetic/images/line_0073_v022.png,वीज पुरवठा काही वेळ बंद होता.,𑘪𑘲𑘕 𑘢𑘳𑘨𑘪𑘙𑘰 𑘎𑘰𑘮𑘲 𑘪𑘹𑘯 𑘤𑘽𑘟 𑘮𑘻𑘝𑘰.,73
data/synthetic/images/line_0073_v023.png,वीज पुरवठा काही वेळ बंद होता.,𑘪𑘲𑘕 𑘢𑘳𑘨𑘪𑘙𑘰 𑘎𑘰𑘮𑘲 𑘪𑘹𑘯 𑘤𑘽𑘟 𑘮𑘻𑘝𑘰.,73
data/synthetic/images/line_0073_v024.png,वीज पुरवठा काही वेळ बंद होता.,𑘪𑘲𑘕 𑘢𑘳𑘨𑘪𑘙𑘰 𑘎𑘰𑘮𑘲 𑘪𑘹𑘯 𑘤𑘽𑘟 𑘮𑘻𑘝𑘰.,73
data/synthetic/images/line_0073_v025.png,वीज पुरवठा काही वेळ बंद होता.,𑘪𑘲𑘕 𑘢𑘳𑘨𑘪𑘙𑘰 𑘎𑘰𑘮𑘲 𑘪𑘹𑘯 𑘤𑘽𑘟 𑘮𑘻𑘝𑘰.,73
data/synthetic/images/line_0073_v026.png,वीज पुरवठा काही वेळ बंद होता.,𑘪𑘲𑘕 𑘢𑘳𑘨𑘪𑘙𑘰 𑘎𑘰𑘮𑘲 𑘪𑘹𑘯 𑘤𑘽𑘟 𑘮𑘻𑘝𑘰.,73
data/synthetic/images/line_0073_v027.png,वीज पुरवठा काही वेळ बंद होता.,𑘪𑘲𑘕 𑘢𑘳𑘨𑘪𑘙𑘰 𑘎𑘰𑘮𑘲 𑘪𑘹𑘯 𑘤𑘽𑘟 𑘮𑘻𑘝𑘰.,73
data/synthetic/images/line_0073_v028.png,वीज पुरवठा काही वेळ बंद होता.,𑘪𑘲𑘕 𑘢𑘳𑘨𑘪𑘙𑘰 𑘎𑘰𑘮𑘲 𑘪𑘹𑘯 𑘤𑘽𑘟 𑘮𑘻𑘝𑘰.,73
data/synthetic/images/line_0073_v029.png,वीज पुरवठा काही वेळ बंद होता.,𑘪𑘲𑘕 𑘢𑘳𑘨𑘪𑘙𑘰 𑘎𑘰𑘮𑘲 𑘪𑘹𑘯 𑘤𑘽𑘟 𑘮𑘻𑘝𑘰.,73
data/synthetic/images/line_0073_v030.png,वीज पुरवठा काही वेळ बंद होता.,𑘪𑘲𑘕 𑘢𑘳𑘨𑘪𑘙𑘰 𑘎𑘰𑘮𑘲 𑘪𑘹𑘯 𑘤𑘽𑘟 𑘮𑘻𑘝𑘰.,73
data/synthetic/images/line_0073_v031.png,वीज पुरवठा काही वेळ बंद होता.,𑘪𑘲𑘕 𑘢𑘳𑘨𑘪𑘙𑘰 𑘎𑘰𑘮𑘲 𑘪𑘹𑘯 𑘤𑘽𑘟 𑘮𑘻𑘝𑘰.,73
data/synthetic/images/line_0073_v032.png,वीज पुरवठा काही वेळ बंद होता.,𑘪𑘲𑘕 𑘢𑘳𑘨𑘪𑘙𑘰 𑘎𑘰𑘮𑘲 𑘪𑘹𑘯 𑘤𑘽𑘟 𑘮𑘻𑘝𑘰.,73
data/synthetic/images/line_0073_v033.png,वीज पुरवठा काही वेळ बंद होता.,𑘪𑘲𑘕 𑘢𑘳𑘨𑘪𑘙𑘰 𑘎𑘰𑘮𑘲 𑘪𑘹𑘯 𑘤𑘽𑘟 𑘮𑘻𑘝𑘰.,73
data/synthetic/images/line_0073_v034.png,वीज पुरवठा काही वेळ बंद होता.,𑘪𑘲𑘕 𑘢𑘳𑘨𑘪𑘙𑘰 𑘎𑘰𑘮𑘲 𑘪𑘹𑘯 𑘤𑘽𑘟 𑘮𑘻𑘝𑘰.,73
data/synthetic/images/line_0073_v035.png,वीज पुरवठा काही वेळ बंद होता.,𑘪𑘲𑘕 𑘢𑘳𑘨𑘪𑘙𑘰 𑘎𑘰𑘮𑘲 𑘪𑘹𑘯 𑘤𑘽𑘟 𑘮𑘻𑘝𑘰.,73
data/synthetic/images/line_0073_v036.png,वीज पुरवठा काही वेळ बंद होता.,𑘪𑘲𑘕 𑘢𑘳𑘨𑘪𑘙𑘰 𑘎𑘰𑘮𑘲 𑘪𑘹𑘯 𑘤𑘽𑘟 𑘮𑘻𑘝𑘰.,73
data/synthetic/images/line_0073_v037.png,वीज पुरवठा काही वेळ बंद होता.,𑘪𑘲𑘕 𑘢𑘳𑘨𑘪𑘙𑘰 𑘎𑘰𑘮𑘲 𑘪𑘹𑘯 𑘤𑘽𑘟 𑘮𑘻𑘝𑘰.,73
data/synthetic/images/line_0073_v038.png,वीज पुरवठा काही वेळ बंद होता.,𑘪𑘲𑘕 𑘢𑘳𑘨𑘪𑘙𑘰 𑘎𑘰𑘮𑘲 𑘪𑘹𑘯 𑘤𑘽𑘟 𑘮𑘻𑘝𑘰.,73
data/synthetic/images/line_0073_v039.png,वीज पुरवठा काही वेळ बंद होता.,𑘪𑘲𑘕 𑘢𑘳𑘨𑘪𑘙𑘰 𑘎𑘰𑘮𑘲 𑘪𑘹𑘯 𑘤𑘽𑘟 𑘮𑘻𑘝𑘰.,73
data/synthetic/images/line_0074_v000.png,पाण्याची टंचाई उन्हाळ्यात जाणवते.,𑘢𑘰𑘜𑘿𑘧𑘰𑘓𑘲 𑘘𑘽𑘓𑘰𑘃 𑘄𑘡𑘿𑘮𑘰𑘯𑘿𑘧𑘰𑘝 𑘕𑘰𑘜𑘪𑘝𑘹.,74
data/synthetic/images/line_0074_v001.png,पाण्याची टंचाई उन्हाळ्यात जाणवते.,𑘢𑘰𑘜𑘿𑘧𑘰𑘓𑘲 𑘘𑘽𑘓𑘰𑘃 𑘄𑘡𑘿𑘮𑘰𑘯𑘿𑘧𑘰𑘝 𑘕𑘰𑘜𑘪𑘝𑘹.,74
data/synthetic/images/line_0074_v002.png,पाण्याची टंचाई उन्हाळ्यात जाणवते.,𑘢𑘰𑘜𑘿𑘧𑘰𑘓𑘲 𑘘𑘽𑘓𑘰𑘃 𑘄𑘡𑘿𑘮𑘰𑘯𑘿𑘧𑘰𑘝 𑘕𑘰𑘜𑘪𑘝𑘹.,74
data/synthetic/images/line_0074_v003.png,पाण्याची टंचाई उन्हाळ्यात जाणवते.,𑘢𑘰𑘜𑘿𑘧𑘰𑘓𑘲 𑘘𑘽𑘓𑘰𑘃 𑘄𑘡𑘿𑘮𑘰𑘯𑘿𑘧𑘰𑘝 𑘕𑘰𑘜𑘪𑘝𑘹.,74
data/synthetic/images/line_0074_v004.png,पाण्याची टंचाई उन्हाळ्यात जाणवते.,𑘢𑘰𑘜𑘿𑘧𑘰𑘓𑘲 𑘘𑘽𑘓𑘰𑘃 𑘄𑘡𑘿𑘮𑘰𑘯𑘿𑘧𑘰𑘝 𑘕𑘰𑘜𑘪𑘝𑘹.,74
data/synthetic/images/line_0074_v005.png,पाण्याची टंचाई उन्हाळ्यात जाणवते.,𑘢𑘰𑘜𑘿𑘧𑘰𑘓𑘲 𑘘𑘽𑘓𑘰𑘃 𑘄𑘡𑘿𑘮𑘰𑘯𑘿𑘧𑘰𑘝 𑘕𑘰𑘜𑘪𑘝𑘹.,74
data/synthetic/images/line_0074_v006.png,पाण्याची टंचाई उन्हाळ्यात जाणवते.,𑘢𑘰𑘜𑘿𑘧𑘰𑘓𑘲 𑘘𑘽𑘓𑘰𑘃 𑘄𑘡𑘿𑘮𑘰𑘯𑘿𑘧𑘰𑘝 𑘕𑘰𑘜𑘪𑘝𑘹.,74
data/synthetic/images/line_0074_v007.png,पाण्याची टंचाई उन्हाळ्यात जाणवते.,𑘢𑘰𑘜𑘿𑘧𑘰𑘓𑘲 𑘘𑘽𑘓𑘰𑘃 𑘄𑘡𑘿𑘮𑘰𑘯𑘿𑘧𑘰𑘝 𑘕𑘰𑘜𑘪𑘝𑘹.,74
data/synthetic/images/line_0074_v008.png,पाण्याची टंचाई उन्हाळ्यात जाणवते.,𑘢𑘰𑘜𑘿𑘧𑘰𑘓𑘲 𑘘𑘽𑘓𑘰𑘃 𑘄𑘡𑘿𑘮𑘰𑘯𑘿𑘧𑘰𑘝 𑘕𑘰𑘜𑘪𑘝𑘹.,74
data/synthetic/images/line_0074_v009.png,पाण्याची टंचाई उन्हाळ्यात जाणवते.,𑘢𑘰𑘜𑘿𑘧𑘰𑘓𑘲 𑘘𑘽𑘓𑘰𑘃 𑘄𑘡𑘿𑘮𑘰𑘯𑘿𑘧𑘰𑘝 𑘕𑘰𑘜𑘪𑘝𑘹.,74
data/synthetic/images/line_0074_v010.png,पाण्याची टंचाई उन्हाळ्यात जाणवते.,𑘢𑘰𑘜𑘿𑘧𑘰𑘓𑘲 𑘘𑘽𑘓𑘰𑘃 𑘄𑘡𑘿𑘮𑘰𑘯𑘿𑘧𑘰𑘝 𑘕𑘰𑘜𑘪𑘝𑘹.,74
data/synthetic/images/line_0074_v011.png,पाण्याची टंचाई उन्हाळ्यात जाणवते.,𑘢𑘰𑘜𑘿𑘧𑘰𑘓𑘲 𑘘𑘽𑘓𑘰𑘃 𑘄𑘡𑘿𑘮𑘰𑘯𑘿𑘧𑘰𑘝 𑘕𑘰𑘜𑘪𑘝𑘹.,74
data/synthetic/images/line_0074_v012.png,पाण्याची टंचाई उन्हाळ्यात जाणवते.,𑘢𑘰𑘜𑘿𑘧𑘰𑘓𑘲 𑘘𑘽𑘓𑘰𑘃 𑘄𑘡𑘿𑘮𑘰𑘯𑘿𑘧𑘰𑘝 𑘕𑘰𑘜𑘪𑘝𑘹.,74
data/synthetic/images/line_0074_v013.png,पाण्याची टंचाई उन्हाळ्यात जाणवते.,𑘢𑘰𑘜𑘿𑘧𑘰𑘓𑘲 𑘘𑘽𑘓𑘰𑘃 𑘄𑘡𑘿𑘮𑘰𑘯𑘿𑘧𑘰𑘝 𑘕𑘰𑘜𑘪𑘝𑘹.,74
data/synthetic/images/line_0074_v014.png,पाण्याची टंचाई उन्हाळ्यात जाणवते.,𑘢𑘰𑘜𑘿𑘧𑘰𑘓𑘲 𑘘𑘽𑘓𑘰𑘃 𑘄𑘡𑘿𑘮𑘰𑘯𑘿𑘧𑘰𑘝 𑘕𑘰𑘜𑘪𑘝𑘹.,74
data/synthetic/images/line_0074_v015.png,पाण्याची टंचाई उन्हाळ्यात जाणवते.,𑘢𑘰𑘜𑘿𑘧𑘰𑘓𑘲 𑘘𑘽𑘓𑘰𑘃 𑘄𑘡𑘿𑘮𑘰𑘯𑘿𑘧𑘰𑘝 𑘕𑘰𑘜𑘪𑘝𑘹.,74
data/synthetic/images/line_0074_v016.png,पाण्याची टंचाई उन्हाळ्यात जाणवते.,𑘢𑘰𑘜𑘿𑘧𑘰𑘓𑘲 𑘘𑘽𑘓𑘰𑘃 𑘄𑘡𑘿𑘮𑘰𑘯𑘿𑘧𑘰𑘝 𑘕𑘰𑘜𑘪𑘝𑘹.,74
data/synthetic/images/line_0074_v017.png,पाण्याची टंचाई उन्हाळ्यात जाणवते.,𑘢𑘰𑘜𑘿𑘧𑘰𑘓𑘲 𑘘𑘽𑘓𑘰𑘃 𑘄𑘡𑘿𑘮𑘰𑘯𑘿𑘧𑘰𑘝 𑘕𑘰𑘜𑘪𑘝𑘹.,74
data/synthetic/images/line_0074_v018.png,पाण्याची टंचाई उन्हाळ्यात जाणवते.,𑘢𑘰𑘜𑘿𑘧𑘰𑘓𑘲 𑘘𑘽𑘓𑘰𑘃 𑘄𑘡𑘿𑘮𑘰𑘯𑘿𑘧𑘰𑘝 𑘕𑘰𑘜𑘪𑘝𑘹.,74
data/synthetic/images/line_0074_v019.png,पाण्याची टंचाई उन्हाळ्यात जाणवते.,𑘢𑘰𑘜𑘿𑘧𑘰𑘓𑘲 𑘘𑘽𑘓𑘰𑘃 𑘄𑘡𑘿𑘮𑘰𑘯𑘿𑘧𑘰𑘝 𑘕𑘰𑘜𑘪𑘝𑘹.,74
data/synthetic/images/line_0074_v020.png,पाण्याची टंचाई उन्हाळ्यात जाणवते.,𑘢𑘰𑘜𑘿𑘧𑘰𑘓𑘲 𑘘𑘽𑘓𑘰𑘃 𑘄𑘡𑘿𑘮𑘰𑘯𑘿𑘧𑘰𑘝 𑘕𑘰𑘜𑘪𑘝𑘹.,74
data/synthetic/images/line_0074_v021.png,पाण्याची टंचाई उन्हाळ्यात जाणवते.,𑘢𑘰𑘜𑘿𑘧𑘰𑘓𑘲 𑘘𑘽𑘓𑘰𑘃 𑘄𑘡𑘿𑘮𑘰𑘯𑘿𑘧𑘰𑘝 𑘕𑘰𑘜𑘪𑘝𑘹.,74
data/synthetic/images/line_0074_v022.png,पाण्याची टंचाई उन्हाळ्यात जाणवते.,𑘢𑘰𑘜𑘿𑘧𑘰𑘓𑘲 𑘘𑘽𑘓𑘰𑘃 𑘄𑘡𑘿𑘮𑘰𑘯𑘿𑘧𑘰𑘝 𑘕𑘰𑘜𑘪𑘝𑘹.,74
data/synthetic/images/line_0074_v023.png,पाण्याची टंचाई उन्हाळ्यात जाणवते.,𑘢𑘰𑘜𑘿𑘧𑘰𑘓𑘲 𑘘𑘽𑘓𑘰𑘃 𑘄𑘡𑘿𑘮𑘰𑘯𑘿𑘧𑘰𑘝 𑘕𑘰𑘜𑘪𑘝𑘹.,74
data/synthetic/images/line_0074_v024.png,पाण्याची टंचाई उन्हाळ्यात जाणवते.,𑘢𑘰𑘜𑘿𑘧𑘰𑘓𑘲 𑘘𑘽𑘓𑘰𑘃 𑘄𑘡𑘿𑘮𑘰𑘯𑘿𑘧𑘰𑘝 𑘕𑘰𑘜𑘪𑘝𑘹.,74
data/synthetic/images/line_0074_v025.png,पाण्याची टंचाई उन्हाळ्यात जाणवते.,𑘢𑘰𑘜𑘿𑘧𑘰𑘓𑘲 𑘘𑘽𑘓𑘰𑘃 𑘄𑘡𑘿𑘮𑘰𑘯𑘿𑘧𑘰𑘝 𑘕𑘰𑘜𑘪𑘝𑘹.,74
data/synthetic/images/line_0074_v026.png,पाण्याची टंचाई उन्हाळ्यात जाणवते.,𑘢𑘰𑘜𑘿𑘧𑘰𑘓𑘲 𑘘𑘽𑘓𑘰𑘃 𑘄𑘡𑘿𑘮𑘰𑘯𑘿𑘧𑘰𑘝 𑘕𑘰𑘜𑘪𑘝𑘹.,74
data/synthetic/images/line_0074_v027.png,पाण्याची टंचाई उन्हाळ्यात जाणवते.,𑘢𑘰𑘜𑘿𑘧𑘰𑘓𑘲 𑘘𑘽𑘓𑘰𑘃 𑘄𑘡𑘿𑘮𑘰𑘯𑘿𑘧𑘰𑘝 𑘕𑘰𑘜𑘪𑘝𑘹.,74
data/synthetic/images/line_0074_v028.png,पाण्याची टंचाई उन्हाळ्यात जाणवते.,𑘢𑘰𑘜𑘿𑘧𑘰𑘓𑘲 𑘘𑘽𑘓𑘰𑘃 𑘄𑘡𑘿𑘮𑘰𑘯𑘿𑘧𑘰𑘝 𑘕𑘰𑘜𑘪𑘝𑘹.,74
data/synthetic/images/line_0074_v029.png,पाण्याची टंचाई उन्हाळ्यात जाणवते.,𑘢𑘰𑘜𑘿𑘧𑘰𑘓𑘲 𑘘𑘽𑘓𑘰𑘃 𑘄𑘡𑘿𑘮𑘰𑘯𑘿𑘧𑘰𑘝 𑘕𑘰𑘜𑘪𑘝𑘹.,74
data/synthetic/images/line_0074_v030.png,पाण्याची टंचाई उन्हाळ्यात जाणवते.,𑘢𑘰𑘜𑘿𑘧𑘰𑘓𑘲 𑘘𑘽𑘓𑘰𑘃 𑘄𑘡𑘿𑘮𑘰𑘯𑘿𑘧𑘰𑘝 𑘕𑘰𑘜𑘪𑘝𑘹.,74
data/synthetic/images/line_0074_v031.png,पाण्याची टंचाई उन्हाळ्यात जाणवते.,𑘢𑘰𑘜𑘿𑘧𑘰𑘓𑘲 𑘘𑘽𑘓𑘰𑘃 𑘄𑘡𑘿𑘮𑘰𑘯𑘿𑘧𑘰𑘝 𑘕𑘰𑘜𑘪𑘝𑘹.,74
data/synthetic/images/line_0074_v032.png,पाण्याची टंचाई उन्हाळ्यात जाणवते.,𑘢𑘰𑘜𑘿𑘧𑘰𑘓𑘲 𑘘𑘽𑘓𑘰𑘃 𑘄𑘡𑘿𑘮𑘰𑘯𑘿𑘧𑘰𑘝 𑘕𑘰𑘜𑘪𑘝𑘹.,74
data/synthetic/images/line_0074_v033.png,पाण्याची टंचाई उन्हाळ्यात जाणवते.,𑘢𑘰𑘜𑘿𑘧𑘰𑘓𑘲 𑘘𑘽𑘓𑘰𑘃 𑘄𑘡𑘿𑘮𑘰𑘯𑘿𑘧𑘰𑘝 𑘕𑘰𑘜𑘪𑘝𑘹.,74
data/synthetic/images/line_0074_v034.png,पाण्याची टंचाई उन्हाळ्यात जाणवते.,𑘢𑘰𑘜𑘿𑘧𑘰𑘓𑘲 𑘘𑘽𑘓𑘰𑘃 𑘄𑘡𑘿𑘮𑘰𑘯𑘿𑘧𑘰𑘝 𑘕𑘰𑘜𑘪𑘝𑘹.,74
data/synthetic/images/line_0074_v035.png,पाण्याची टंचाई उन्हाळ्यात जाणवते.,𑘢𑘰𑘜𑘿𑘧𑘰𑘓𑘲 𑘘𑘽𑘓𑘰𑘃 𑘄𑘡𑘿𑘮𑘰𑘯𑘿𑘧𑘰𑘝 𑘕𑘰𑘜𑘪𑘝𑘹.,74
data/synthetic/images/line_0074_v036.png,पाण्याची टंचाई उन्हाळ्यात जाणवते.,𑘢𑘰𑘜𑘿𑘧𑘰𑘓𑘲 𑘘𑘽𑘓𑘰𑘃 𑘄𑘡𑘿𑘮𑘰𑘯𑘿𑘧𑘰𑘝 𑘕𑘰𑘜𑘪𑘝𑘹.,74
data/synthetic/images/line_0074_v037.png,पाण्याची टंचाई उन्हाळ्यात जाणवते.,𑘢𑘰𑘜𑘿𑘧𑘰𑘓𑘲 𑘘𑘽𑘓𑘰𑘃 𑘄𑘡𑘿𑘮𑘰𑘯𑘿𑘧𑘰𑘝 𑘕𑘰𑘜𑘪𑘝𑘹.,74
data/synthetic/images/line_0074_v038.png,पाण्याची टंचाई उन्हाळ्यात जाणवते.,𑘢𑘰𑘜𑘿𑘧𑘰𑘓𑘲 𑘘𑘽𑘓𑘰𑘃 𑘄𑘡𑘿𑘮𑘰𑘯𑘿𑘧𑘰𑘝 𑘕𑘰𑘜𑘪𑘝𑘹.,74
data/synthetic/images/line_0074_v039.png,पाण्याची टंचाई उन्हाळ्यात जाणवते.,𑘢𑘰𑘜𑘿𑘧𑘰𑘓𑘲 𑘘𑘽𑘓𑘰𑘃 𑘄𑘡𑘿𑘮𑘰𑘯𑘿𑘧𑘰𑘝 𑘕𑘰𑘜𑘪𑘝𑘹.,74
data/synthetic/images/line_0075_v000.png,जंगलात विविध प्राणी आढळतात.,𑘕𑘽𑘐𑘩𑘰𑘝 𑘪𑘱𑘪𑘱𑘠 𑘢𑘿𑘨𑘰𑘜𑘲 𑘁𑘛𑘯𑘝𑘰𑘝.,75
data/synthetic/images/line_0075_v001.png,जंगलात विविध प्राणी आढळतात.,𑘕𑘽𑘐𑘩𑘰𑘝 𑘪𑘱𑘪𑘱𑘠 𑘢𑘿𑘨𑘰𑘜𑘲 𑘁𑘛𑘯𑘝𑘰𑘝.,75
data/synthetic/images/line_0075_v002.png,जंगलात विविध प्राणी आढळतात.,𑘕𑘽𑘐𑘩𑘰𑘝 𑘪𑘱𑘪𑘱𑘠 𑘢𑘿𑘨𑘰𑘜𑘲 𑘁𑘛𑘯𑘝𑘰𑘝.,75
data/synthetic/images/line_0075_v003.png,जंगलात विविध प्राणी आढळतात.,𑘕𑘽𑘐𑘩𑘰𑘝 𑘪𑘱𑘪𑘱𑘠 𑘢𑘿𑘨𑘰𑘜𑘲 𑘁𑘛𑘯𑘝𑘰𑘝.,75
data/synthetic/images/line_0075_v004.png,जंगलात विविध प्राणी आढळतात.,𑘕𑘽𑘐𑘩𑘰𑘝 𑘪𑘱𑘪𑘱𑘠 𑘢𑘿𑘨𑘰𑘜𑘲 𑘁𑘛𑘯𑘝𑘰𑘝.,75
data/synthetic/images/line_0075_v005.png,जंगलात विविध प्राणी आढळतात.,𑘕𑘽𑘐𑘩𑘰𑘝 𑘪𑘱𑘪𑘱𑘠 𑘢𑘿𑘨𑘰𑘜𑘲 𑘁𑘛𑘯𑘝𑘰𑘝.,75
data/synthetic/images/line_0075_v006.png,जंगलात विविध प्राणी आढळतात.,𑘕𑘽𑘐𑘩𑘰𑘝 𑘪𑘱𑘪𑘱𑘠 𑘢𑘿𑘨𑘰𑘜𑘲 𑘁𑘛𑘯𑘝𑘰𑘝.,75
data/synthetic/images/line_0075_v007.png,जंगलात विविध प्राणी आढळतात.,𑘕𑘽𑘐𑘩𑘰𑘝 𑘪𑘱𑘪𑘱𑘠 𑘢𑘿𑘨𑘰𑘜𑘲 𑘁𑘛𑘯𑘝𑘰𑘝.,75
data/synthetic/images/line_0075_v008.png,जंगलात विविध प्राणी आढळतात.,𑘕𑘽𑘐𑘩𑘰𑘝 𑘪𑘱𑘪𑘱𑘠 𑘢𑘿𑘨𑘰𑘜𑘲 𑘁𑘛𑘯𑘝𑘰𑘝.,75
data/synthetic/images/line_0075_v009.png,जंगलात विविध प्राणी आढळतात.,𑘕𑘽𑘐𑘩𑘰𑘝 𑘪𑘱𑘪𑘱𑘠 𑘢𑘿𑘨𑘰𑘜𑘲 𑘁𑘛𑘯𑘝𑘰𑘝.,75
data/synthetic/images/line_0075_v010.png,जंगलात विविध प्राणी आढळतात.,𑘕𑘽𑘐𑘩𑘰𑘝 𑘪𑘱𑘪𑘱𑘠 𑘢𑘿𑘨𑘰𑘜𑘲 𑘁𑘛𑘯𑘝𑘰𑘝.,75
data/synthetic/images/line_0075_v011.png,जंगलात विविध प्राणी आढळतात.,𑘕𑘽𑘐𑘩𑘰𑘝 𑘪𑘱𑘪𑘱𑘠 𑘢𑘿𑘨𑘰𑘜𑘲 𑘁𑘛𑘯𑘝𑘰𑘝.,75
data/synthetic/images/line_0075_v012.png,जंगलात विविध प्राणी आढळतात.,𑘕𑘽𑘐𑘩𑘰𑘝 𑘪𑘱𑘪𑘱𑘠 𑘢𑘿𑘨𑘰𑘜𑘲 𑘁𑘛𑘯𑘝𑘰𑘝.,75
data/synthetic/images/line_0075_v013.png,जंगलात विविध प्राणी आढळतात.,𑘕𑘽𑘐𑘩𑘰𑘝 𑘪𑘱𑘪𑘱𑘠 𑘢𑘿𑘨𑘰𑘜𑘲 𑘁𑘛𑘯𑘝𑘰𑘝.,75
data/synthetic/images/line_0075_v014.png,जंगलात विविध प्राणी आढळतात.,𑘕𑘽𑘐𑘩𑘰𑘝 𑘪𑘱𑘪𑘱𑘠 𑘢𑘿𑘨𑘰𑘜𑘲 𑘁𑘛𑘯𑘝𑘰𑘝.,75
data/synthetic/images/line_0075_v015.png,जंगलात विविध प्राणी आढळतात.,𑘕𑘽𑘐𑘩𑘰𑘝 𑘪𑘱𑘪𑘱𑘠 𑘢𑘿𑘨𑘰𑘜𑘲 𑘁𑘛𑘯𑘝𑘰𑘝.,75
data/synthetic/images/line_0075_v016.png,जंगलात विविध प्राणी आढळतात.,𑘕𑘽𑘐𑘩𑘰𑘝 𑘪𑘱𑘪𑘱𑘠 𑘢𑘿𑘨𑘰𑘜𑘲 𑘁𑘛𑘯𑘝𑘰𑘝.,75
data/synthetic/images/line_0075_v017.png,जंगलात विविध प्राणी आढळतात.,𑘕𑘽𑘐𑘩𑘰𑘝 𑘪𑘱𑘪𑘱𑘠 𑘢𑘿𑘨𑘰𑘜𑘲 𑘁𑘛𑘯𑘝𑘰𑘝.,75
data/synthetic/images/line_0075_v018.png,जंगलात विविध प्राणी आढळतात.,𑘕𑘽𑘐𑘩𑘰𑘝 𑘪𑘱𑘪𑘱𑘠 𑘢𑘿𑘨𑘰𑘜𑘲 𑘁𑘛𑘯𑘝𑘰𑘝.,75
data/synthetic/images/line_0075_v019.png,जंगलात विविध प्राणी आढळतात.,𑘕𑘽𑘐𑘩𑘰𑘝 𑘪𑘱𑘪𑘱𑘠 𑘢𑘿𑘨𑘰𑘜𑘲 𑘁𑘛𑘯𑘝𑘰𑘝.,75
data/synthetic/images/line_0075_v020.png,जंगलात विविध प्राणी आढळतात.,𑘕𑘽𑘐𑘩𑘰𑘝 𑘪𑘱𑘪𑘱𑘠 𑘢𑘿𑘨𑘰𑘜𑘲 𑘁𑘛𑘯𑘝𑘰𑘝.,75
data/synthetic/images/line_0075_v021.png,जंगलात विविध प्राणी आढळतात.,𑘕𑘽𑘐𑘩𑘰𑘝 𑘪𑘱𑘪𑘱𑘠 𑘢𑘿𑘨𑘰𑘜𑘲 𑘁𑘛𑘯𑘝𑘰𑘝.,75
data/synthetic/images/line_0075_v022.png,जंगलात विविध प्राणी आढळतात.,𑘕𑘽𑘐𑘩𑘰𑘝 𑘪𑘱𑘪𑘱𑘠 𑘢𑘿𑘨𑘰𑘜𑘲 𑘁𑘛𑘯𑘝𑘰𑘝.,75
data/synthetic/images/line_0075_v023.png,जंगलात विविध प्राणी आढळतात.,𑘕𑘽𑘐𑘩𑘰𑘝 𑘪𑘱𑘪𑘱𑘠 𑘢𑘿𑘨𑘰𑘜𑘲 𑘁𑘛𑘯𑘝𑘰𑘝.,75
data/synthetic/images/line_0075_v024.png,जंगलात विविध प्राणी आढळतात.,𑘕𑘽𑘐𑘩𑘰𑘝 𑘪𑘱𑘪𑘱𑘠 𑘢𑘿𑘨𑘰𑘜𑘲 𑘁𑘛𑘯𑘝𑘰𑘝.,75
data/synthetic/images/line_0075_v025.png,जंगलात विविध प्राणी आढळतात.,𑘕𑘽𑘐𑘩𑘰𑘝 𑘪𑘱𑘪𑘱𑘠 𑘢𑘿𑘨𑘰𑘜𑘲 𑘁𑘛𑘯𑘝𑘰𑘝.,75
data/synthetic/images/line_0075_v026.png,जंगलात विविध प्राणी आढळतात.,𑘕𑘽𑘐𑘩𑘰𑘝 𑘪𑘱𑘪𑘱𑘠 𑘢𑘿𑘨𑘰𑘜𑘲 𑘁𑘛𑘯𑘝𑘰𑘝.,75
data/synthetic/images/line_0075_v027.png,जंगलात विविध प्राणी आढळतात.,𑘕𑘽𑘐𑘩𑘰𑘝 𑘪𑘱𑘪𑘱𑘠 𑘢𑘿𑘨𑘰𑘜𑘲 𑘁𑘛𑘯𑘝𑘰𑘝.,75
data/synthetic/images/line_0075_v028.png,जंगलात विविध प्राणी आढळतात.,𑘕𑘽𑘐𑘩𑘰𑘝 𑘪𑘱𑘪𑘱𑘠 𑘢𑘿𑘨𑘰𑘜𑘲 𑘁𑘛𑘯𑘝𑘰𑘝.,75
data/synthetic/images/line_0075_v029.png,जंगलात विविध प्राणी आढळतात.,𑘕𑘽𑘐𑘩𑘰𑘝 𑘪𑘱𑘪𑘱𑘠 𑘢𑘿𑘨𑘰𑘜𑘲 𑘁𑘛𑘯𑘝𑘰𑘝.,75
data/synthetic/images/line_0075_v030.png,जंगलात विविध प्राणी आढळतात.,𑘕𑘽𑘐𑘩𑘰𑘝 𑘪𑘱𑘪𑘱𑘠 𑘢𑘿𑘨𑘰𑘜𑘲 𑘁𑘛𑘯𑘝𑘰𑘝.,75
data/synthetic/images/line_0075_v031.png,जंगलात विविध प्राणी आढळतात.,𑘕𑘽𑘐𑘩𑘰𑘝 𑘪𑘱𑘪𑘱𑘠 𑘢𑘿𑘨𑘰𑘜𑘲 𑘁𑘛𑘯𑘝𑘰𑘝.,75
data/synthetic/images/line_0075_v032.png,जंगलात विविध प्राणी आढळतात.,𑘕𑘽𑘐𑘩𑘰𑘝 𑘪𑘱𑘪𑘱𑘠 𑘢𑘿𑘨𑘰𑘜𑘲 𑘁𑘛𑘯𑘝𑘰𑘝.,75
data/synthetic/images/line_0075_v033.png,जंगलात विविध प्राणी आढळतात.,𑘕𑘽𑘐𑘩𑘰𑘝 𑘪𑘱𑘪𑘱𑘠 𑘢𑘿𑘨𑘰𑘜𑘲 𑘁𑘛𑘯𑘝𑘰𑘝.,75
data/synthetic/images/line_0075_v034.png,जंगलात विविध प्राणी आढळतात.,𑘕𑘽𑘐𑘩𑘰𑘝 𑘪𑘱𑘪𑘱𑘠 𑘢𑘿𑘨𑘰𑘜𑘲 𑘁𑘛𑘯𑘝𑘰𑘝.,75
data/synthetic/images/line_0075_v035.png,जंगलात विविध प्राणी आढळतात.,𑘕𑘽𑘐𑘩𑘰𑘝 𑘪𑘱𑘪𑘱𑘠 𑘢𑘿𑘨𑘰𑘜𑘲 𑘁𑘛𑘯𑘝𑘰𑘝.,75
data/synthetic/images/line_0075_v036.png,जंगलात विविध प्राणी आढळतात.,𑘕𑘽𑘐𑘩𑘰𑘝 𑘪𑘱𑘪𑘱𑘠 𑘢𑘿𑘨𑘰𑘜𑘲 𑘁𑘛𑘯𑘝𑘰𑘝.,75
data/synthetic/images/line_0075_v037.png,जंगलात विविध प्राणी आढळतात.,𑘕𑘽𑘐𑘩𑘰𑘝 𑘪𑘱𑘪𑘱𑘠 𑘢𑘿𑘨𑘰𑘜𑘲 𑘁𑘛𑘯𑘝𑘰𑘝.,75
data/synthetic/images/line_0075_v038.png,जंगलात विविध प्राणी आढळतात.,𑘕𑘽𑘐𑘩𑘰𑘝 𑘪𑘱𑘪𑘱𑘠 𑘢𑘿𑘨𑘰𑘜𑘲 𑘁𑘛𑘯𑘝𑘰𑘝.,75
data/synthetic/images/line_0075_v039.png,जंगलात विविध प्राणी आढळतात.,𑘕𑘽𑘐𑘩𑘰𑘝 𑘪𑘱𑘪𑘱𑘠 𑘢𑘿𑘨𑘰𑘜𑘲 𑘁𑘛𑘯𑘝𑘰𑘝.,75
data/synthetic/images/line_0076_v000.png,वाघ हा जंगलाचा राजा मानला जातो.,𑘪𑘰𑘑 𑘮𑘰 𑘕𑘽𑘐𑘩𑘰𑘓𑘰 𑘨𑘰𑘕𑘰 𑘦𑘰𑘡𑘩𑘰 𑘕𑘰𑘝𑘻.,76
data/synthetic/images/line_0076_v001.png,वाघ हा जंगलाचा राजा मानला जातो.,𑘪𑘰𑘑 𑘮𑘰 𑘕𑘽𑘐𑘩𑘰𑘓𑘰 𑘨𑘰𑘕𑘰 𑘦𑘰𑘡𑘩𑘰 𑘕𑘰𑘝𑘻.,76
data/synthetic/images/line_0076_v002.png,वाघ हा जंगलाचा राजा मानला जातो.,𑘪𑘰𑘑 𑘮𑘰 𑘕𑘽𑘐𑘩𑘰𑘓𑘰 𑘨𑘰𑘕𑘰 𑘦𑘰𑘡𑘩𑘰 𑘕𑘰𑘝𑘻.,76
data/synthetic/images/line_0076_v003.png,वाघ हा जंगलाचा राजा मानला जातो.,𑘪𑘰𑘑 𑘮𑘰 𑘕𑘽𑘐𑘩𑘰𑘓𑘰 𑘨𑘰𑘕𑘰 𑘦𑘰𑘡𑘩𑘰 𑘕𑘰𑘝𑘻.,76
data/synthetic/images/line_0076_v004.png,वाघ हा जंगलाचा राजा मानला जातो.,𑘪𑘰𑘑 𑘮𑘰 𑘕𑘽𑘐𑘩𑘰𑘓𑘰 𑘨𑘰𑘕𑘰 𑘦𑘰𑘡𑘩𑘰 𑘕𑘰𑘝𑘻.,76
data/synthetic/images/line_0076_v005.png,वाघ हा जंगलाचा राजा मानला जातो.,𑘪𑘰𑘑 𑘮𑘰 𑘕𑘽𑘐𑘩𑘰𑘓𑘰 𑘨𑘰𑘕𑘰 𑘦𑘰𑘡𑘩𑘰 𑘕𑘰𑘝𑘻.,76
data/synthetic/images/line_0076_v006.png,वाघ हा जंगलाचा राजा मानला जातो.,𑘪𑘰𑘑 𑘮𑘰 𑘕𑘽𑘐𑘩𑘰𑘓𑘰 𑘨𑘰𑘕𑘰 𑘦𑘰𑘡𑘩𑘰 𑘕𑘰𑘝𑘻.,76
data/synthetic/images/line_0076_v007.png,वाघ हा जंगलाचा राजा मानला जातो.,𑘪𑘰𑘑 𑘮𑘰 𑘕𑘽𑘐𑘩𑘰𑘓𑘰 𑘨𑘰𑘕𑘰 𑘦𑘰𑘡𑘩𑘰 𑘕𑘰𑘝𑘻.,76
data/synthetic/images/line_0076_v008.png,वाघ हा जंगलाचा राजा मानला जातो.,𑘪𑘰𑘑 𑘮𑘰 𑘕𑘽𑘐𑘩𑘰𑘓𑘰 𑘨𑘰𑘕𑘰 𑘦𑘰𑘡𑘩𑘰 𑘕𑘰𑘝𑘻.,76
data/synthetic/images/line_0076_v009.png,वाघ हा जंगलाचा राजा मानला जातो.,𑘪𑘰𑘑 𑘮𑘰 𑘕𑘽𑘐𑘩𑘰𑘓𑘰 𑘨𑘰𑘕𑘰 𑘦𑘰𑘡𑘩𑘰 𑘕𑘰𑘝𑘻.,76
data/synthetic/images/line_0076_v010.png,वाघ हा जंगलाचा राजा मानला जातो.,𑘪𑘰𑘑 𑘮𑘰 𑘕𑘽𑘐𑘩𑘰𑘓𑘰 𑘨𑘰𑘕𑘰 𑘦𑘰𑘡𑘩𑘰 𑘕𑘰𑘝𑘻.,76
data/synthetic/images/line_0076_v011.png,वाघ हा जंगलाचा राजा मानला जातो.,𑘪𑘰𑘑 𑘮𑘰 𑘕𑘽𑘐𑘩𑘰𑘓𑘰 𑘨𑘰𑘕𑘰 𑘦𑘰𑘡𑘩𑘰 𑘕𑘰𑘝𑘻.,76
data/synthetic/images/line_0076_v012.png,वाघ हा जंगलाचा राजा मानला जातो.,𑘪𑘰𑘑 𑘮𑘰 𑘕𑘽𑘐𑘩𑘰𑘓𑘰 𑘨𑘰𑘕𑘰 𑘦𑘰𑘡𑘩𑘰 𑘕𑘰𑘝𑘻.,76
data/synthetic/images/line_0076_v013.png,वाघ हा जंगलाचा राजा मानला जातो.,𑘪𑘰𑘑 𑘮𑘰 𑘕𑘽𑘐𑘩𑘰𑘓𑘰 𑘨𑘰𑘕𑘰 𑘦𑘰𑘡𑘩𑘰 𑘕𑘰𑘝𑘻.,76
data/synthetic/images/line_0076_v014.png,वाघ हा जंगलाचा राजा मानला जातो.,𑘪𑘰𑘑 𑘮𑘰 𑘕𑘽𑘐𑘩𑘰𑘓𑘰 𑘨𑘰𑘕𑘰 𑘦𑘰𑘡𑘩𑘰 𑘕𑘰𑘝𑘻.,76
data/synthetic/images/line_0076_v015.png,वाघ हा जंगलाचा राजा मानला जातो.,𑘪𑘰𑘑 𑘮𑘰 𑘕𑘽𑘐𑘩𑘰𑘓𑘰 𑘨𑘰𑘕𑘰 𑘦𑘰𑘡𑘩𑘰 𑘕𑘰𑘝𑘻.,76
data/synthetic/images/line_0076_v016.png,वाघ हा जंगलाचा राजा मानला जातो.,𑘪𑘰𑘑 𑘮𑘰 𑘕𑘽𑘐𑘩𑘰𑘓𑘰 𑘨𑘰𑘕𑘰 𑘦𑘰𑘡𑘩𑘰 𑘕𑘰𑘝𑘻.,76
data/synthetic/images/line_0076_v017.png,वाघ हा जंगलाचा राजा मानला जातो.,𑘪𑘰𑘑 𑘮𑘰 𑘕𑘽𑘐𑘩𑘰𑘓𑘰 𑘨𑘰𑘕𑘰 𑘦𑘰𑘡𑘩𑘰 𑘕𑘰𑘝𑘻.,76
data/synthetic/images/line_0076_v018.png,वाघ हा जंगलाचा राजा मानला जातो.,𑘪𑘰𑘑 𑘮𑘰 𑘕𑘽𑘐𑘩𑘰𑘓𑘰 𑘨𑘰𑘕𑘰 𑘦𑘰𑘡𑘩𑘰 𑘕𑘰𑘝𑘻.,76
data/synthetic/images/line_0076_v019.png,वाघ हा जंगलाचा राजा मानला जातो.,𑘪𑘰𑘑 𑘮𑘰 𑘕𑘽𑘐𑘩𑘰𑘓𑘰 𑘨𑘰𑘕𑘰 𑘦𑘰𑘡𑘩𑘰 𑘕𑘰𑘝𑘻.,76
data/synthetic/images/line_0076_v020.png,वाघ हा जंगलाचा राजा मानला जातो.,𑘪𑘰𑘑 𑘮𑘰 𑘕𑘽𑘐𑘩𑘰𑘓𑘰 𑘨𑘰𑘕𑘰 𑘦𑘰𑘡𑘩𑘰 𑘕𑘰𑘝𑘻.,76
data/synthetic/images/line_0076_v021.png,वाघ हा जंगलाचा राजा मानला जातो.,𑘪𑘰𑘑 𑘮𑘰 𑘕𑘽𑘐𑘩𑘰𑘓𑘰 𑘨𑘰𑘕𑘰 𑘦𑘰𑘡𑘩𑘰 𑘕𑘰𑘝𑘻.,76
data/synthetic/images/line_0076_v022.png,वाघ हा जंगलाचा राजा मानला जातो.,𑘪𑘰𑘑 𑘮𑘰 𑘕𑘽𑘐𑘩𑘰𑘓𑘰 𑘨𑘰𑘕𑘰 𑘦𑘰𑘡𑘩𑘰 𑘕𑘰𑘝𑘻.,76
data/synthetic/images/line_0076_v023.png,वाघ हा जंगलाचा राजा मानला जातो.,𑘪𑘰𑘑 𑘮𑘰 𑘕𑘽𑘐𑘩𑘰𑘓𑘰 𑘨𑘰𑘕𑘰 𑘦𑘰𑘡𑘩𑘰 𑘕𑘰𑘝𑘻.,76
data/synthetic/images/line_0076_v024.png,वाघ हा जंगलाचा राजा मानला जातो.,𑘪𑘰𑘑 𑘮𑘰 𑘕𑘽𑘐𑘩𑘰𑘓𑘰 𑘨𑘰𑘕𑘰 𑘦𑘰𑘡𑘩𑘰 𑘕𑘰𑘝𑘻.,76
data/synthetic/images/line_0076_v025.png,वाघ हा जंगलाचा राजा मानला जातो.,𑘪𑘰𑘑 𑘮𑘰 𑘕𑘽𑘐𑘩𑘰𑘓𑘰 𑘨𑘰𑘕𑘰 𑘦𑘰𑘡𑘩𑘰 𑘕𑘰𑘝𑘻.,76
data/synthetic/images/line_0076_v026.png,वाघ हा जंगलाचा राजा मानला जातो.,𑘪𑘰𑘑 𑘮𑘰 𑘕𑘽𑘐𑘩𑘰𑘓𑘰 𑘨𑘰𑘕𑘰 𑘦𑘰𑘡𑘩𑘰 𑘕𑘰𑘝𑘻.,76
data/synthetic/images/line_0076_v027.png,वाघ हा जंगलाचा राजा मानला जातो.,𑘪𑘰𑘑 𑘮𑘰 𑘕𑘽𑘐𑘩𑘰𑘓𑘰 𑘨𑘰𑘕𑘰 𑘦𑘰𑘡𑘩𑘰 𑘕𑘰𑘝𑘻.,76
data/synthetic/images/line_0076_v028.png,वाघ हा जंगलाचा राजा मानला जातो.,𑘪𑘰𑘑 𑘮𑘰 𑘕𑘽𑘐𑘩𑘰𑘓𑘰 𑘨𑘰𑘕𑘰 𑘦𑘰𑘡𑘩𑘰 𑘕𑘰𑘝𑘻.,76
data/synthetic/images/line_0076_v029.png,वाघ हा जंगलाचा राजा मानला जातो.,𑘪𑘰𑘑 𑘮𑘰 𑘕𑘽𑘐𑘩𑘰𑘓𑘰 𑘨𑘰𑘕𑘰 𑘦𑘰𑘡𑘩𑘰 𑘕𑘰𑘝𑘻.,76
data/synthetic/images/line_0076_v030.png,वाघ हा जंगलाचा राजा मानला जातो.,𑘪𑘰𑘑 𑘮𑘰 𑘕𑘽𑘐𑘩𑘰𑘓𑘰 𑘨𑘰𑘕𑘰 𑘦𑘰𑘡𑘩𑘰 𑘕𑘰𑘝𑘻.,76
data/synthetic/images/line_0076_v031.png,वाघ हा जंगलाचा राजा मानला जातो.,𑘪𑘰𑘑 𑘮𑘰 𑘕𑘽𑘐𑘩𑘰𑘓𑘰 𑘨𑘰𑘕𑘰 𑘦𑘰𑘡𑘩𑘰 𑘕𑘰𑘝𑘻.,76
data/synthetic/images/line_0076_v032.png,वाघ हा जंगलाचा राजा मानला जातो.,𑘪𑘰𑘑 𑘮𑘰 𑘕𑘽𑘐𑘩𑘰𑘓𑘰 𑘨𑘰𑘕𑘰 𑘦𑘰𑘡𑘩𑘰 𑘕𑘰𑘝𑘻.,76
data/synthetic/images/line_0076_v033.png,वाघ हा जंगलाचा राजा मानला जातो.,𑘪𑘰𑘑 𑘮𑘰 𑘕𑘽𑘐𑘩𑘰𑘓𑘰 𑘨𑘰𑘕𑘰 𑘦𑘰𑘡𑘩𑘰 𑘕𑘰𑘝𑘻.,76
data/synthetic/images/line_0076_v034.png,वाघ हा जंगलाचा राजा मानला जातो.,𑘪𑘰𑘑 𑘮𑘰 𑘕𑘽𑘐𑘩𑘰𑘓𑘰 𑘨𑘰𑘕𑘰 𑘦𑘰𑘡𑘩𑘰 𑘕𑘰𑘝𑘻.,76
data/synthetic/images/line_0076_v035.png,वाघ हा जंगलाचा राजा मानला जातो.,𑘪𑘰𑘑 𑘮𑘰 𑘕𑘽𑘐𑘩𑘰𑘓𑘰 𑘨𑘰𑘕𑘰 𑘦𑘰𑘡𑘩𑘰 𑘕𑘰𑘝𑘻.,76
data/synthetic/images/line_0076_v036.png,वाघ हा जंगलाचा राजा मानला जातो.,𑘪𑘰𑘑 𑘮𑘰 𑘕𑘽𑘐𑘩𑘰𑘓𑘰 𑘨𑘰𑘕𑘰 𑘦𑘰𑘡𑘩𑘰 𑘕𑘰𑘝𑘻.,76
data/synthetic/images/line_0076_v037.png,वाघ हा जंगलाचा राजा मानला जातो.,𑘪𑘰𑘑 𑘮𑘰 𑘕𑘽𑘐𑘩𑘰𑘓𑘰 𑘨𑘰𑘕𑘰 𑘦𑘰𑘡𑘩𑘰 𑘕𑘰𑘝𑘻.,76
data/synthetic/images/line_0076_v038.png,वाघ हा जंगलाचा राजा मानला जातो.,𑘪𑘰𑘑 𑘮𑘰 𑘕𑘽𑘐𑘩𑘰𑘓𑘰 𑘨𑘰𑘕𑘰 𑘦𑘰𑘡𑘩𑘰 𑘕𑘰𑘝𑘻.,76
data/synthetic/images/line_0076_v039.png,वाघ हा जंगलाचा राजा मानला जातो.,𑘪𑘰𑘑 𑘮𑘰 𑘕𑘽𑘐𑘩𑘰𑘓𑘰 𑘨𑘰𑘕𑘰 𑘦𑘰𑘡𑘩𑘰 𑘕𑘰𑘝𑘻.,76
data/synthetic/images/line_0077_v000.png,पक्षी सकाळी किलबिलाट करतात.,𑘢𑘎𑘿𑘬𑘲 𑘭𑘎𑘰𑘯𑘲 𑘎𑘱𑘩𑘤𑘱𑘩𑘰𑘘 𑘎𑘨𑘝𑘰𑘝.,77
data/synthetic/images/line_0077_v001.png,पक्षी सकाळी किलबिलाट करतात.,𑘢𑘎𑘿𑘬𑘲 𑘭𑘎𑘰𑘯𑘲 𑘎𑘱𑘩𑘤𑘱𑘩𑘰𑘘 𑘎𑘨𑘝𑘰𑘝.,77
data/synthetic/images/line_0077_v002.png,पक्षी सकाळी किलबिलाट करतात.,𑘢𑘎𑘿𑘬𑘲 𑘭𑘎𑘰𑘯𑘲 𑘎𑘱𑘩𑘤𑘱𑘩𑘰𑘘 𑘎𑘨𑘝𑘰𑘝.,77
data/synthetic/images/line_0077_v003.png,पक्षी सकाळी किलबिलाट करतात.,𑘢𑘎𑘿𑘬𑘲 𑘭𑘎𑘰𑘯𑘲 𑘎𑘱𑘩𑘤𑘱𑘩𑘰𑘘 𑘎𑘨𑘝𑘰𑘝.,77
data/synthetic/images/line_0077_v004.png,पक्षी सकाळी किलबिलाट करतात.,𑘢𑘎𑘿𑘬𑘲 𑘭𑘎𑘰𑘯𑘲 𑘎𑘱𑘩𑘤𑘱𑘩𑘰𑘘 𑘎𑘨𑘝𑘰𑘝.,77
data/synthetic/images/line_0077_v005.png,पक्षी सकाळी किलबिलाट करतात.,𑘢𑘎𑘿𑘬𑘲 𑘭𑘎𑘰𑘯𑘲 𑘎𑘱𑘩𑘤𑘱𑘩𑘰𑘘 𑘎𑘨𑘝𑘰𑘝.,77
data/synthetic/images/line_0077_v006.png,पक्षी सकाळी किलबिलाट करतात.,𑘢𑘎𑘿𑘬𑘲 𑘭𑘎𑘰𑘯𑘲 𑘎𑘱𑘩𑘤𑘱𑘩𑘰𑘘 𑘎𑘨𑘝𑘰𑘝.,77
data/synthetic/images/line_0077_v007.png,पक्षी सकाळी किलबिलाट करतात.,𑘢𑘎𑘿𑘬𑘲 𑘭𑘎𑘰𑘯𑘲 𑘎𑘱𑘩𑘤𑘱𑘩𑘰𑘘 𑘎𑘨𑘝𑘰𑘝.,77
data/synthetic/images/line_0077_v008.png,पक्षी सकाळी किलबिलाट करतात.,𑘢𑘎𑘿𑘬𑘲 𑘭𑘎𑘰𑘯𑘲 𑘎𑘱𑘩𑘤𑘱𑘩𑘰𑘘 𑘎𑘨𑘝𑘰𑘝.,77
data/synthetic/images/line_0077_v009.png,पक्षी सकाळी किलबिलाट करतात.,𑘢𑘎𑘿𑘬𑘲 𑘭𑘎𑘰𑘯𑘲 𑘎𑘱𑘩𑘤𑘱𑘩𑘰𑘘 𑘎𑘨𑘝𑘰𑘝.,77
data/synthetic/images/line_0077_v010.png,पक्षी सकाळी किलबिलाट करतात.,𑘢𑘎𑘿𑘬𑘲 𑘭𑘎𑘰𑘯𑘲 𑘎𑘱𑘩𑘤𑘱𑘩𑘰𑘘 𑘎𑘨𑘝𑘰𑘝.,77
data/synthetic/images/line_0077_v011.png,पक्षी सकाळी किलबिलाट करतात.,𑘢𑘎𑘿𑘬𑘲 𑘭𑘎𑘰𑘯𑘲 𑘎𑘱𑘩𑘤𑘱𑘩𑘰𑘘 𑘎𑘨𑘝𑘰𑘝.,77
data/synthetic/images/line_0077_v012.png,पक्षी सकाळी किलबिलाट करतात.,𑘢𑘎𑘿𑘬𑘲 𑘭𑘎𑘰𑘯𑘲 𑘎𑘱𑘩𑘤𑘱𑘩𑘰𑘘 𑘎𑘨𑘝𑘰𑘝.,77
data/synthetic/images/line_0077_v013.png,पक्षी सकाळी किलबिलाट करतात.,𑘢𑘎𑘿𑘬𑘲 𑘭𑘎𑘰𑘯𑘲 𑘎𑘱𑘩𑘤𑘱𑘩𑘰𑘘 𑘎𑘨𑘝𑘰𑘝.,77
data/synthetic/images/line_0077_v014.png,पक्षी सकाळी किलबिलाट करतात.,𑘢𑘎𑘿𑘬𑘲 𑘭𑘎𑘰𑘯𑘲 𑘎𑘱𑘩𑘤𑘱𑘩𑘰𑘘 𑘎𑘨𑘝𑘰𑘝.,77
data/synthetic/images/line_0077_v015.png,पक्षी सकाळी किलबिलाट करतात.,𑘢𑘎𑘿𑘬𑘲 𑘭𑘎𑘰𑘯𑘲 𑘎𑘱𑘩𑘤𑘱𑘩𑘰𑘘 𑘎𑘨𑘝𑘰𑘝.,77
data/synthetic/images/line_0077_v016.png,पक्षी सकाळी किलबिलाट करतात.,𑘢𑘎𑘿𑘬𑘲 𑘭𑘎𑘰𑘯𑘲 𑘎𑘱𑘩𑘤𑘱𑘩𑘰𑘘 𑘎𑘨𑘝𑘰𑘝.,77
data/synthetic/images/line_0077_v017.png,पक्षी सकाळी किलबिलाट करतात.,𑘢𑘎𑘿𑘬𑘲 𑘭𑘎𑘰𑘯𑘲 𑘎𑘱𑘩𑘤𑘱𑘩𑘰𑘘 𑘎𑘨𑘝𑘰𑘝.,77
data/synthetic/images/line_0077_v018.png,पक्षी सकाळी किलबिलाट करतात.,𑘢𑘎𑘿𑘬𑘲 𑘭𑘎𑘰𑘯𑘲 𑘎𑘱𑘩𑘤𑘱𑘩𑘰𑘘 𑘎𑘨𑘝𑘰𑘝.,77
data/synthetic/images/line_0077_v019.png,पक्षी सकाळी किलबिलाट करतात.,𑘢𑘎𑘿𑘬𑘲 𑘭𑘎𑘰𑘯𑘲 𑘎𑘱𑘩𑘤𑘱𑘩𑘰𑘘 𑘎𑘨𑘝𑘰𑘝.,77
data/synthetic/images/line_0077_v020.png,पक्षी सकाळी किलबिलाट करतात.,𑘢𑘎𑘿𑘬𑘲 𑘭𑘎𑘰𑘯𑘲 𑘎𑘱𑘩𑘤𑘱𑘩𑘰𑘘 𑘎𑘨𑘝𑘰𑘝.,77
data/synthetic/images/line_0077_v021.png,पक्षी सकाळी किलबिलाट करतात.,𑘢𑘎𑘿𑘬𑘲 𑘭𑘎𑘰𑘯𑘲 𑘎𑘱𑘩𑘤𑘱𑘩𑘰𑘘 𑘎𑘨𑘝𑘰𑘝.,77
data/synthetic/images/line_0077_v022.png,पक्षी सकाळी किलबिलाट करतात.,𑘢𑘎𑘿𑘬𑘲 𑘭𑘎𑘰𑘯𑘲 𑘎𑘱𑘩𑘤𑘱𑘩𑘰𑘘 𑘎𑘨𑘝𑘰𑘝.,77
data/synthetic/images/line_0077_v023.png,पक्षी सकाळी किलबिलाट करतात.,𑘢𑘎𑘿𑘬𑘲 𑘭𑘎𑘰𑘯𑘲 𑘎𑘱𑘩𑘤𑘱𑘩𑘰𑘘 𑘎𑘨𑘝𑘰𑘝.,77
data/synthetic/images/line_0077_v024.png,पक्षी सकाळी किलबिलाट करतात.,𑘢𑘎𑘿𑘬𑘲 𑘭𑘎𑘰𑘯𑘲 𑘎𑘱𑘩𑘤𑘱𑘩𑘰𑘘 𑘎𑘨𑘝𑘰𑘝.,77
data/synthetic/images/line_0077_v025.png,पक्षी सकाळी किलबिलाट करतात.,𑘢𑘎𑘿𑘬𑘲 𑘭𑘎𑘰𑘯𑘲 𑘎𑘱𑘩𑘤𑘱𑘩𑘰𑘘 𑘎𑘨𑘝𑘰𑘝.,77
data/synthetic/images/line_0077_v026.png,पक्षी सकाळी किलबिलाट करतात.,𑘢𑘎𑘿𑘬𑘲 𑘭𑘎𑘰𑘯𑘲 𑘎𑘱𑘩𑘤𑘱𑘩𑘰𑘘 𑘎𑘨𑘝𑘰𑘝.,77
data/synthetic/images/line_0077_v027.png,पक्षी सकाळी किलबिलाट करतात.,𑘢𑘎𑘿𑘬𑘲 𑘭𑘎𑘰𑘯𑘲 𑘎𑘱𑘩𑘤𑘱𑘩𑘰𑘘 𑘎𑘨𑘝𑘰𑘝.,77
data/synthetic/images/line_0077_v028.png,पक्षी सकाळी किलबिलाट करतात.,𑘢𑘎𑘿𑘬𑘲 𑘭𑘎𑘰𑘯𑘲 𑘎𑘱𑘩𑘤𑘱𑘩𑘰𑘘 𑘎𑘨𑘝𑘰𑘝.,77
data/synthetic/images/line_0077_v029.png,पक्षी सकाळी किलबिलाट करतात.,𑘢𑘎𑘿𑘬𑘲 𑘭𑘎𑘰𑘯𑘲 𑘎𑘱𑘩𑘤𑘱𑘩𑘰𑘘 𑘎𑘨𑘝𑘰𑘝.,77
data/synthetic/images/line_0077_v030.png,पक्षी सकाळी किलबिलाट करतात.,𑘢𑘎𑘿𑘬𑘲 𑘭𑘎𑘰𑘯𑘲 𑘎𑘱𑘩𑘤𑘱𑘩𑘰𑘘 𑘎𑘨𑘝𑘰𑘝.,77
data/synthetic/images/line_0077_v031.png,पक्षी सकाळी किलबिलाट करतात.,𑘢𑘎𑘿𑘬𑘲 𑘭𑘎𑘰𑘯𑘲 𑘎𑘱𑘩𑘤𑘱𑘩𑘰𑘘 𑘎𑘨𑘝𑘰𑘝.,77
data/synthetic/images/line_0077_v032.png,पक्षी सकाळी किलबिलाट करतात.,𑘢𑘎𑘿𑘬𑘲 𑘭𑘎𑘰𑘯𑘲 𑘎𑘱𑘩𑘤𑘱𑘩𑘰𑘘 𑘎𑘨𑘝𑘰𑘝.,77
data/synthetic/images/line_0077_v033.png,पक्षी सकाळी किलबिलाट करतात.,𑘢𑘎𑘿𑘬𑘲 𑘭𑘎𑘰𑘯𑘲 𑘎𑘱𑘩𑘤𑘱𑘩𑘰𑘘 𑘎𑘨𑘝𑘰𑘝.,77
data/synthetic/images/line_0077_v034.png,पक्षी सकाळी किलबिलाट करतात.,𑘢𑘎𑘿𑘬𑘲 𑘭𑘎𑘰𑘯𑘲 𑘎𑘱𑘩𑘤𑘱𑘩𑘰𑘘 𑘎𑘨𑘝𑘰𑘝.,77
data/synthetic/images/line_0077_v035.png,पक्षी सकाळी किलबिलाट करतात.,𑘢𑘎𑘿𑘬𑘲 𑘭𑘎𑘰𑘯𑘲 𑘎𑘱𑘩𑘤𑘱𑘩𑘰𑘘 𑘎𑘨𑘝𑘰𑘝.,77
data/synthetic/images/line_0077_v036.png,पक्षी सकाळी किलबिलाट करतात.,𑘢𑘎𑘿𑘬𑘲 𑘭𑘎𑘰𑘯𑘲 𑘎𑘱𑘩𑘤𑘱𑘩𑘰𑘘 𑘎𑘨𑘝𑘰𑘝.,77
data/synthetic/images/line_0077_v037.png,पक्षी सकाळी किलबिलाट करतात.,𑘢𑘎𑘿𑘬𑘲 𑘭𑘎𑘰𑘯𑘲 𑘎𑘱𑘩𑘤𑘱𑘩𑘰𑘘 𑘎𑘨𑘝𑘰𑘝.,77
data/synthetic/images/line_0077_v038.png,पक्षी सकाळी किलबिलाट करतात.,𑘢𑘎𑘿𑘬𑘲 𑘭𑘎𑘰𑘯𑘲 𑘎𑘱𑘩𑘤𑘱𑘩𑘰𑘘 𑘎𑘨𑘝𑘰𑘝.,77
data/synthetic/images/line_0077_v039.png,पक्षी सकाळी किलबिलाट करतात.,𑘢𑘎𑘿𑘬𑘲 𑘭𑘎𑘰𑘯𑘲 𑘎𑘱𑘩𑘤𑘱𑘩𑘰𑘘 𑘎𑘨𑘝𑘰𑘝.,77
data/synthetic/images/line_0078_v000.png,फुलपाखरे बागेत उडत असतात.,𑘣𑘳𑘩𑘢𑘰𑘏𑘨𑘹 𑘤𑘰𑘐𑘹𑘝 𑘄𑘚𑘝 𑘀𑘭𑘝𑘰𑘝.,78
data/synthetic/images/line_0078_v001.png,फुलपाखरे बागेत उडत असतात.,𑘣𑘳𑘩𑘢𑘰𑘏𑘨𑘹 𑘤𑘰𑘐𑘹𑘝 𑘄𑘚𑘝 𑘀𑘭𑘝𑘰𑘝.,78
data/synthetic/images/line_0078_v002.png,फुलपाखरे बागेत उडत असतात.,𑘣𑘳𑘩𑘢𑘰𑘏𑘨𑘹 𑘤𑘰𑘐𑘹𑘝 𑘄𑘚𑘝 𑘀𑘭𑘝𑘰𑘝.,78
data/synthetic/images/line_0078_v003.png,फुलपाखरे बागेत उडत असतात.,𑘣𑘳𑘩𑘢𑘰𑘏𑘨𑘹 𑘤𑘰𑘐𑘹𑘝 𑘄𑘚𑘝 𑘀𑘭𑘝𑘰𑘝.,78
data/synthetic/images/line_0078_v004.png,फुलपाखरे बागेत उडत असतात.,𑘣𑘳𑘩𑘢𑘰𑘏𑘨𑘹 𑘤𑘰𑘐𑘹𑘝 𑘄𑘚𑘝 𑘀𑘭𑘝𑘰𑘝.,78
data/synthetic/images/line_0078_v005.png,फुलपाखरे बागेत उडत असतात.,𑘣𑘳𑘩𑘢𑘰𑘏𑘨𑘹 𑘤𑘰𑘐𑘹𑘝 𑘄𑘚𑘝 𑘀𑘭𑘝𑘰𑘝.,78
data/synthetic/images/line_0078_v006.png,फुलपाखरे बागेत उडत असतात.,𑘣𑘳𑘩𑘢𑘰𑘏𑘨𑘹 𑘤𑘰𑘐𑘹𑘝 𑘄𑘚𑘝 𑘀𑘭𑘝𑘰𑘝.,78
data/synthetic/images/line_0078_v007.png,फुलपाखरे बागेत उडत असतात.,𑘣𑘳𑘩𑘢𑘰𑘏𑘨𑘹 𑘤𑘰𑘐𑘹𑘝 𑘄𑘚𑘝 𑘀𑘭𑘝𑘰𑘝.,78
data/synthetic/images/line_0078_v008.png,फुलपाखरे बागेत उडत असतात.,𑘣𑘳𑘩𑘢𑘰𑘏𑘨𑘹 𑘤𑘰𑘐𑘹𑘝 𑘄𑘚𑘝 𑘀𑘭𑘝𑘰𑘝.,78
data/synthetic/images/line_0078_v009.png,फुलपाखरे बागेत उडत असतात.,𑘣𑘳𑘩𑘢𑘰𑘏𑘨𑘹 𑘤𑘰𑘐𑘹𑘝 𑘄𑘚𑘝 𑘀𑘭𑘝𑘰𑘝.,78
data/synthetic/images/line_0078_v010.png,फुलपाखरे बागेत उडत असतात.,𑘣𑘳𑘩𑘢𑘰𑘏𑘨𑘹 𑘤𑘰𑘐𑘹𑘝 𑘄𑘚𑘝 𑘀𑘭𑘝𑘰𑘝.,78
data/synthetic/images/line_0078_v011.png,फुलपाखरे बागेत उडत असतात.,𑘣𑘳𑘩𑘢𑘰𑘏𑘨𑘹 𑘤𑘰𑘐𑘹𑘝 𑘄𑘚𑘝 𑘀𑘭𑘝𑘰𑘝.,78
data/synthetic/images/line_0078_v012.png,फुलपाखरे बागेत उडत असतात.,𑘣𑘳𑘩𑘢𑘰𑘏𑘨𑘹 𑘤𑘰𑘐𑘹𑘝 𑘄𑘚𑘝 𑘀𑘭𑘝𑘰𑘝.,78
data/synthetic/images/line_0078_v013.png,फुलपाखरे बागेत उडत असतात.,𑘣𑘳𑘩𑘢𑘰𑘏𑘨𑘹 𑘤𑘰𑘐𑘹𑘝 𑘄𑘚𑘝 𑘀𑘭𑘝𑘰𑘝.,78
data/synthetic/images/line_0078_v014.png,फुलपाखरे बागेत उडत असतात.,𑘣𑘳𑘩𑘢𑘰𑘏𑘨𑘹 𑘤𑘰𑘐𑘹𑘝 𑘄𑘚𑘝 𑘀𑘭𑘝𑘰𑘝.,78
data/synthetic/images/line_0078_v015.png,फुलपाखरे बागेत उडत असतात.,𑘣𑘳𑘩𑘢𑘰𑘏𑘨𑘹 𑘤𑘰𑘐𑘹𑘝 𑘄𑘚𑘝 𑘀𑘭𑘝𑘰𑘝.,78
data/synthetic/images/line_0078_v016.png,फुलपाखरे बागेत उडत असतात.,𑘣𑘳𑘩𑘢𑘰𑘏𑘨𑘹 𑘤𑘰𑘐𑘹𑘝 𑘄𑘚𑘝 𑘀𑘭𑘝𑘰𑘝.,78
data/synthetic/images/line_0078_v017.png,फुलपाखरे बागेत उडत असतात.,𑘣𑘳𑘩𑘢𑘰𑘏𑘨𑘹 𑘤𑘰𑘐𑘹𑘝 𑘄𑘚𑘝 𑘀𑘭𑘝𑘰𑘝.,78
data/synthetic/images/line_0078_v018.png,फुलपाखरे बागेत उडत असतात.,𑘣𑘳𑘩𑘢𑘰𑘏𑘨𑘹 𑘤𑘰𑘐𑘹𑘝 𑘄𑘚𑘝 𑘀𑘭𑘝𑘰𑘝.,78
data/synthetic/images/line_0078_v019.png,फुलपाखरे बागेत उडत असतात.,𑘣𑘳𑘩𑘢𑘰𑘏𑘨𑘹 𑘤𑘰𑘐𑘹𑘝 𑘄𑘚𑘝 𑘀𑘭𑘝𑘰𑘝.,78
data/synthetic/images/line_0078_v020.png,फुलपाखरे बागेत उडत असतात.,𑘣𑘳𑘩𑘢𑘰𑘏𑘨𑘹 𑘤𑘰𑘐𑘹𑘝 𑘄𑘚𑘝 𑘀𑘭𑘝𑘰𑘝.,78
data/synthetic/images/line_0078_v021.png,फुलपाखरे बागेत उडत असतात.,𑘣𑘳𑘩𑘢𑘰𑘏𑘨𑘹 𑘤𑘰𑘐𑘹𑘝 𑘄𑘚𑘝 𑘀𑘭𑘝𑘰𑘝.,78
data/synthetic/images/line_0078_v022.png,फुलपाखरे बागेत उडत असतात.,𑘣𑘳𑘩𑘢𑘰𑘏𑘨𑘹 𑘤𑘰𑘐𑘹𑘝 𑘄𑘚𑘝 𑘀𑘭𑘝𑘰𑘝.,78
data/synthetic/images/line_0078_v023.png,फुलपाखरे बागेत उडत असतात.,𑘣𑘳𑘩𑘢𑘰𑘏𑘨𑘹 𑘤𑘰𑘐𑘹𑘝 𑘄𑘚𑘝 𑘀𑘭𑘝𑘰𑘝.,78
data/synthetic/images/line_0078_v024.png,फुलपाखरे बागेत उडत असतात.,𑘣𑘳𑘩𑘢𑘰𑘏𑘨𑘹 𑘤𑘰𑘐𑘹𑘝 𑘄𑘚𑘝 𑘀𑘭𑘝𑘰𑘝.,78
data/synthetic/images/line_0078_v025.png,फुलपाखरे बागेत उडत असतात.,𑘣𑘳𑘩𑘢𑘰𑘏𑘨𑘹 𑘤𑘰𑘐𑘹𑘝 𑘄𑘚𑘝 𑘀𑘭𑘝𑘰𑘝.,78
data/synthetic/images/line_0078_v026.png,फुलपाखरे बागेत उडत असतात.,𑘣𑘳𑘩𑘢𑘰𑘏𑘨𑘹 𑘤𑘰𑘐𑘹𑘝 𑘄𑘚𑘝 𑘀𑘭𑘝𑘰𑘝.,78
data/synthetic/images/line_0078_v027.png,फुलपाखरे बागेत उडत असतात.,𑘣𑘳𑘩𑘢𑘰𑘏𑘨𑘹 𑘤𑘰𑘐𑘹𑘝 𑘄𑘚𑘝 𑘀𑘭𑘝𑘰𑘝.,78
data/synthetic/images/line_0078_v028.png,फुलपाखरे बागेत उडत असतात.,𑘣𑘳𑘩𑘢𑘰𑘏𑘨𑘹 𑘤𑘰𑘐𑘹𑘝 𑘄𑘚𑘝 𑘀𑘭𑘝𑘰𑘝.,78
data/synthetic/images/line_0078_v029.png,फुलपाखरे बागेत उडत असतात.,𑘣𑘳𑘩𑘢𑘰𑘏𑘨𑘹 𑘤𑘰𑘐𑘹𑘝 𑘄𑘚𑘝 𑘀𑘭𑘝𑘰𑘝.,78
data/synthetic/images/line_0078_v030.png,फुलपाखरे बागेत उडत असतात.,𑘣𑘳𑘩𑘢𑘰𑘏𑘨𑘹 𑘤𑘰𑘐𑘹𑘝 𑘄𑘚𑘝 𑘀𑘭𑘝𑘰𑘝.,78
data/synthetic/images/line_0078_v031.png,फुलपाखरे बागेत उडत असतात.,𑘣𑘳𑘩𑘢𑘰𑘏𑘨𑘹 𑘤𑘰𑘐𑘹𑘝 𑘄𑘚𑘝 𑘀𑘭𑘝𑘰𑘝.,78
data/synthetic/images/line_0078_v032.png,फुलपाखरे बागेत उडत असतात.,𑘣𑘳𑘩𑘢𑘰𑘏𑘨𑘹 𑘤𑘰𑘐𑘹𑘝 𑘄𑘚𑘝 𑘀𑘭𑘝𑘰𑘝.,78
data/synthetic/images/line_0078_v033.png,फुलपाखरे बागेत उडत असतात.,𑘣𑘳𑘩𑘢𑘰𑘏𑘨𑘹 𑘤𑘰𑘐𑘹𑘝 𑘄𑘚𑘝 𑘀𑘭𑘝𑘰𑘝.,78
data/synthetic/images/line_0078_v034.png,फुलपाखरे बागेत उडत असतात.,𑘣𑘳𑘩𑘢𑘰𑘏𑘨𑘹 𑘤𑘰𑘐𑘹𑘝 𑘄𑘚𑘝 𑘀𑘭𑘝𑘰𑘝.,78
data/synthetic/images/line_0078_v035.png,फुलपाखरे बागेत उडत असतात.,𑘣𑘳𑘩𑘢𑘰𑘏𑘨𑘹 𑘤𑘰𑘐𑘹𑘝 𑘄𑘚𑘝 𑘀𑘭𑘝𑘰𑘝.,78
data/synthetic/images/line_0078_v036.png,फुलपाखरे बागेत उडत असतात.,𑘣𑘳𑘩𑘢𑘰𑘏𑘨𑘹 𑘤𑘰𑘐𑘹𑘝 𑘄𑘚𑘝 𑘀𑘭𑘝𑘰𑘝.,78
data/synthetic/images/line_0078_v037.png,फुलपाखरे बागेत उडत असतात.,𑘣𑘳𑘩𑘢𑘰𑘏𑘨𑘹 𑘤𑘰𑘐𑘹𑘝 𑘄𑘚𑘝 𑘀𑘭𑘝𑘰𑘝.,78
data/synthetic/images/line_0078_v038.png,फुलपाखरे बागेत उडत असतात.,𑘣𑘳𑘩𑘢𑘰𑘏𑘨𑘹 𑘤𑘰𑘐𑘹𑘝 𑘄𑘚𑘝 𑘀𑘭𑘝𑘰𑘝.,78
data/synthetic/images/line_0078_v039.png,फुलपाखरे बागेत उडत असतात.,𑘣𑘳𑘩𑘢𑘰𑘏𑘨𑘹 𑘤𑘰𑘐𑘹𑘝 𑘄𑘚𑘝 𑘀𑘭𑘝𑘰𑘝.,78
data/synthetic/images/line_0079_v000.png,समुद्राची लाट किनारपट्टीवर आदळते.,𑘭𑘦𑘳𑘟𑘿𑘨𑘰𑘓𑘲 𑘩𑘰𑘘 𑘎𑘱𑘡𑘰𑘨𑘢𑘘𑘿𑘘𑘲𑘪𑘨 𑘁𑘟𑘯𑘝𑘹.,79
data/synthetic/images/line_0079_v001.png,समुद्राची लाट किनारपट्टीवर आदळते.,𑘭𑘦𑘳𑘟𑘿𑘨𑘰𑘓𑘲 𑘩𑘰𑘘 𑘎𑘱𑘡𑘰𑘨𑘢𑘘𑘿𑘘𑘲𑘪𑘨 𑘁𑘟𑘯𑘝𑘹.,79
data/synthetic/images/line_0079_v002.png,समुद्राची लाट किनारपट्टीवर आदळते.,𑘭𑘦𑘳𑘟𑘿𑘨𑘰𑘓𑘲 𑘩𑘰𑘘 𑘎𑘱𑘡𑘰𑘨𑘢𑘘𑘿𑘘𑘲𑘪𑘨 𑘁𑘟𑘯𑘝𑘹.,79
data/synthetic/images/line_0079_v003.png,समुद्राची लाट किनारपट्टीवर आदळते.,𑘭𑘦𑘳𑘟𑘿𑘨𑘰𑘓𑘲 𑘩𑘰𑘘 𑘎𑘱𑘡𑘰𑘨𑘢𑘘𑘿𑘘𑘲𑘪𑘨 𑘁𑘟𑘯𑘝𑘹.,79
data/synthetic/images/line_0079_v004.png,समुद्राची लाट किनारपट्टीवर आदळते.,𑘭𑘦𑘳𑘟𑘿𑘨𑘰𑘓𑘲 𑘩𑘰𑘘 𑘎𑘱𑘡𑘰𑘨𑘢𑘘𑘿𑘘𑘲𑘪𑘨 𑘁𑘟𑘯𑘝𑘹.,79
data/synthetic/images/line_0079_v005.png,समुद्राची लाट किनारपट्टीवर आदळते.,𑘭𑘦𑘳𑘟𑘿𑘨𑘰𑘓𑘲 𑘩𑘰𑘘 𑘎𑘱𑘡𑘰𑘨𑘢𑘘𑘿𑘘𑘲𑘪𑘨 𑘁𑘟𑘯𑘝𑘹.,79
data/synthetic/images/line_0079_v006.png,समुद्राची लाट किनारपट्टीवर आदळते.,𑘭𑘦𑘳𑘟𑘿𑘨𑘰𑘓𑘲 𑘩𑘰𑘘 𑘎𑘱𑘡𑘰𑘨𑘢𑘘𑘿𑘘𑘲𑘪𑘨 𑘁𑘟𑘯𑘝𑘹.,79
data/synthetic/images/line_0079_v007.png,समुद्राची लाट किनारपट्टीवर आदळते.,𑘭𑘦𑘳𑘟𑘿𑘨𑘰𑘓𑘲 𑘩𑘰𑘘 𑘎𑘱𑘡𑘰𑘨𑘢𑘘𑘿𑘘𑘲𑘪𑘨 𑘁𑘟𑘯𑘝𑘹.,79
data/synthetic/images/line_0079_v008.png,समुद्राची लाट किनारपट्टीवर आदळते.,𑘭𑘦𑘳𑘟𑘿𑘨𑘰𑘓𑘲 𑘩𑘰𑘘 𑘎𑘱𑘡𑘰𑘨𑘢𑘘𑘿𑘘𑘲𑘪𑘨 𑘁𑘟𑘯𑘝𑘹.,79
data/synthetic/images/line_0079_v009.png,समुद्राची लाट किनारपट्टीवर आदळते.,𑘭𑘦𑘳𑘟𑘿𑘨𑘰𑘓𑘲 𑘩𑘰𑘘 𑘎𑘱𑘡𑘰𑘨𑘢𑘘𑘿𑘘𑘲𑘪𑘨 𑘁𑘟𑘯𑘝𑘹.,79
data/synthetic/images/line_0079_v010.png,समुद्राची लाट किनारपट्टीवर आदळते.,𑘭𑘦𑘳𑘟𑘿𑘨𑘰𑘓𑘲 𑘩𑘰𑘘 𑘎𑘱𑘡𑘰𑘨𑘢𑘘𑘿𑘘𑘲𑘪𑘨 𑘁𑘟𑘯𑘝𑘹.,79
data/synthetic/images/line_0079_v011.png,समुद्राची लाट किनारपट्टीवर आदळते.,𑘭𑘦𑘳𑘟𑘿𑘨𑘰𑘓𑘲 𑘩𑘰𑘘 𑘎𑘱𑘡𑘰𑘨𑘢𑘘𑘿𑘘𑘲𑘪𑘨 𑘁𑘟𑘯𑘝𑘹.,79
data/synthetic/images/line_0079_v012.png,समुद्राची लाट किनारपट्टीवर आदळते.,𑘭𑘦𑘳𑘟𑘿𑘨𑘰𑘓𑘲 𑘩𑘰𑘘 𑘎𑘱𑘡𑘰𑘨𑘢𑘘𑘿𑘘𑘲𑘪𑘨 𑘁𑘟𑘯𑘝𑘹.,79
data/synthetic/images/line_0079_v013.png,समुद्राची लाट किनारपट्टीवर आदळते.,𑘭𑘦𑘳𑘟𑘿𑘨𑘰𑘓𑘲 𑘩𑘰𑘘 𑘎𑘱𑘡𑘰𑘨𑘢𑘘𑘿𑘘𑘲𑘪𑘨 𑘁𑘟𑘯𑘝𑘹.,79
data/synthetic/images/line_0079_v014.png,समुद्राची लाट किनारपट्टीवर आदळते.,𑘭𑘦𑘳𑘟𑘿𑘨𑘰𑘓𑘲 𑘩𑘰𑘘 𑘎𑘱𑘡𑘰𑘨𑘢𑘘𑘿𑘘𑘲𑘪𑘨 𑘁𑘟𑘯𑘝𑘹.,79
data/synthetic/images/line_0079_v015.png,समुद्राची लाट किनारपट्टीवर आदळते.,𑘭𑘦𑘳𑘟𑘿𑘨𑘰𑘓𑘲 𑘩𑘰𑘘 𑘎𑘱𑘡𑘰𑘨𑘢𑘘𑘿𑘘𑘲𑘪𑘨 𑘁𑘟𑘯𑘝𑘹.,79
data/synthetic/images/line_0079_v016.png,समुद्राची लाट किनारपट्टीवर आदळते.,𑘭𑘦𑘳𑘟𑘿𑘨𑘰𑘓𑘲 𑘩𑘰𑘘 𑘎𑘱𑘡𑘰𑘨𑘢𑘘𑘿𑘘𑘲𑘪𑘨 𑘁𑘟𑘯𑘝𑘹.,79
data/synthetic/images/line_0079_v017.png,समुद्राची लाट किनारपट्टीवर आदळते.,𑘭𑘦𑘳𑘟𑘿𑘨𑘰𑘓𑘲 𑘩𑘰𑘘 𑘎𑘱𑘡𑘰𑘨𑘢𑘘𑘿𑘘𑘲𑘪𑘨 𑘁𑘟𑘯𑘝𑘹.,79
data/synthetic/images/line_0079_v018.png,समुद्राची लाट किनारपट्टीवर आदळते.,𑘭𑘦𑘳𑘟𑘿𑘨𑘰𑘓𑘲 𑘩𑘰𑘘 𑘎𑘱𑘡𑘰𑘨𑘢𑘘𑘿𑘘𑘲𑘪𑘨 𑘁𑘟𑘯𑘝𑘹.,79
data/synthetic/images/line_0079_v019.png,समुद्राची लाट किनारपट्टीवर आदळते.,𑘭𑘦𑘳𑘟𑘿𑘨𑘰𑘓𑘲 𑘩𑘰𑘘 𑘎𑘱𑘡𑘰𑘨𑘢𑘘𑘿𑘘𑘲𑘪𑘨 𑘁𑘟𑘯𑘝𑘹.,79
data/synthetic/images/line_0079_v020.png,समुद्राची लाट किनारपट्टीवर आदळते.,𑘭𑘦𑘳𑘟𑘿𑘨𑘰𑘓𑘲 𑘩𑘰𑘘 𑘎𑘱𑘡𑘰𑘨𑘢𑘘𑘿𑘘𑘲𑘪𑘨 𑘁𑘟𑘯𑘝𑘹.,79
data/synthetic/images/line_0079_v021.png,समुद्राची लाट किनारपट्टीवर आदळते.,𑘭𑘦𑘳𑘟𑘿𑘨𑘰𑘓𑘲 𑘩𑘰𑘘 𑘎𑘱𑘡𑘰𑘨𑘢𑘘𑘿𑘘𑘲𑘪𑘨 𑘁𑘟𑘯𑘝𑘹.,79
data/synthetic/images/line_0079_v022.png,समुद्राची लाट किनारपट्टीवर आदळते.,𑘭𑘦𑘳𑘟𑘿𑘨𑘰𑘓𑘲 𑘩𑘰𑘘 𑘎𑘱𑘡𑘰𑘨𑘢𑘘𑘿𑘘𑘲𑘪𑘨 𑘁𑘟𑘯𑘝𑘹.,79
data/synthetic/images/line_0079_v023.png,समुद्राची लाट किनारपट्टीवर आदळते.,𑘭𑘦𑘳𑘟𑘿𑘨𑘰𑘓𑘲 𑘩𑘰𑘘 𑘎𑘱𑘡𑘰𑘨𑘢𑘘𑘿𑘘𑘲𑘪𑘨 𑘁𑘟𑘯𑘝𑘹.,79
data/synthetic/images/line_0079_v024.png,समुद्राची लाट किनारपट्टीवर आदळते.,𑘭𑘦𑘳𑘟𑘿𑘨𑘰𑘓𑘲 𑘩𑘰𑘘 𑘎𑘱𑘡𑘰𑘨𑘢𑘘𑘿𑘘𑘲𑘪𑘨 𑘁𑘟𑘯𑘝𑘹.,79
data/synthetic/images/line_0079_v025.png,समुद्राची लाट किनारपट्टीवर आदळते.,𑘭𑘦𑘳𑘟𑘿𑘨𑘰𑘓𑘲 𑘩𑘰𑘘 𑘎𑘱𑘡𑘰𑘨𑘢𑘘𑘿𑘘𑘲𑘪𑘨 𑘁𑘟𑘯𑘝𑘹.,79
data/synthetic/images/line_0079_v026.png,समुद्राची लाट किनारपट्टीवर आदळते.,𑘭𑘦𑘳𑘟𑘿𑘨𑘰𑘓𑘲 𑘩𑘰𑘘 𑘎𑘱𑘡𑘰𑘨𑘢𑘘𑘿𑘘𑘲𑘪𑘨 𑘁𑘟𑘯𑘝𑘹.,79
data/synthetic/images/line_0079_v027.png,समुद्राची लाट किनारपट्टीवर आदळते.,𑘭𑘦𑘳𑘟𑘿𑘨𑘰𑘓𑘲 𑘩𑘰𑘘 𑘎𑘱𑘡𑘰𑘨𑘢𑘘𑘿𑘘𑘲𑘪𑘨 𑘁𑘟𑘯𑘝𑘹.,79
data/synthetic/images/line_0079_v028.png,समुद्राची लाट किनारपट्टीवर आदळते.,𑘭𑘦𑘳𑘟𑘿𑘨𑘰𑘓𑘲 𑘩𑘰𑘘 𑘎𑘱𑘡𑘰𑘨𑘢𑘘𑘿𑘘𑘲𑘪𑘨 𑘁𑘟𑘯𑘝𑘹.,79
data/synthetic/images/line_0079_v029.png,समुद्राची लाट किनारपट्टीवर आदळते.,𑘭𑘦𑘳𑘟𑘿𑘨𑘰𑘓𑘲 𑘩𑘰𑘘 𑘎𑘱𑘡𑘰𑘨𑘢𑘘𑘿𑘘𑘲𑘪𑘨 𑘁𑘟𑘯𑘝𑘹.,79
data/synthetic/images/line_0079_v030.png,समुद्राची लाट किनारपट्टीवर आदळते.,𑘭𑘦𑘳𑘟𑘿𑘨𑘰𑘓𑘲 𑘩𑘰𑘘 𑘎𑘱𑘡𑘰𑘨𑘢𑘘𑘿𑘘𑘲𑘪𑘨 𑘁𑘟𑘯𑘝𑘹.,79
data/synthetic/images/line_0079_v031.png,समुद्राची लाट किनारपट्टीवर आदळते.,𑘭𑘦𑘳𑘟𑘿𑘨𑘰𑘓𑘲 𑘩𑘰𑘘 𑘎𑘱𑘡𑘰𑘨𑘢𑘘𑘿𑘘𑘲𑘪𑘨 𑘁𑘟𑘯𑘝𑘹.,79
data/synthetic/images/line_0079_v032.png,समुद्राची लाट किनारपट्टीवर आदळते.,𑘭𑘦𑘳𑘟𑘿𑘨𑘰𑘓𑘲 𑘩𑘰𑘘 𑘎𑘱𑘡𑘰𑘨𑘢𑘘𑘿𑘘𑘲𑘪𑘨 𑘁𑘟𑘯𑘝𑘹.,79
data/synthetic/images/line_0079_v033.png,समुद्राची लाट किनारपट्टीवर आदळते.,𑘭𑘦𑘳𑘟𑘿𑘨𑘰𑘓𑘲 𑘩𑘰𑘘 𑘎𑘱𑘡𑘰𑘨𑘢𑘘𑘿𑘘𑘲𑘪𑘨 𑘁𑘟𑘯𑘝𑘹.,79
data/synthetic/images/line_0079_v034.png,समुद्राची लाट किनारपट्टीवर आदळते.,𑘭𑘦𑘳𑘟𑘿𑘨𑘰𑘓𑘲 𑘩𑘰𑘘 𑘎𑘱𑘡𑘰𑘨𑘢𑘘𑘿𑘘𑘲𑘪𑘨 𑘁𑘟𑘯𑘝𑘹.,79
data/synthetic/images/line_0079_v035.png,समुद्राची लाट किनारपट्टीवर आदळते.,𑘭𑘦𑘳𑘟𑘿𑘨𑘰𑘓𑘲 𑘩𑘰𑘘 𑘎𑘱𑘡𑘰𑘨𑘢𑘘𑘿𑘘𑘲𑘪𑘨 𑘁𑘟𑘯𑘝𑘹.,79
data/synthetic/images/line_0079_v036.png,समुद्राची लाट किनारपट्टीवर आदळते.,𑘭𑘦𑘳𑘟𑘿𑘨𑘰𑘓𑘲 𑘩𑘰𑘘 𑘎𑘱𑘡𑘰𑘨𑘢𑘘𑘿𑘘𑘲𑘪𑘨 𑘁𑘟𑘯𑘝𑘹.,79
data/synthetic/images/line_0079_v037.png,समुद्राची लाट किनारपट्टीवर आदळते.,𑘭𑘦𑘳𑘟𑘿𑘨𑘰𑘓𑘲 𑘩𑘰𑘘 𑘎𑘱𑘡𑘰𑘨𑘢𑘘𑘿𑘘𑘲𑘪𑘨 𑘁𑘟𑘯𑘝𑘹.,79
data/synthetic/images/line_0079_v038.png,समुद्राची लाट किनारपट्टीवर आदळते.,𑘭𑘦𑘳𑘟𑘿𑘨𑘰𑘓𑘲 𑘩𑘰𑘘 𑘎𑘱𑘡𑘰𑘨𑘢𑘘𑘿𑘘𑘲𑘪𑘨 𑘁𑘟𑘯𑘝𑘹.,79
data/synthetic/images/line_0079_v039.png,समुद्राची लाट किनारपट्टीवर आदळते.,𑘭𑘦𑘳𑘟𑘿𑘨𑘰𑘓𑘲 𑘩𑘰𑘘 𑘎𑘱𑘡𑘰𑘨𑘢𑘘𑘿𑘘𑘲𑘪𑘨 𑘁𑘟𑘯𑘝𑘹.,79
data/synthetic/images/line_0080_v000.png,डोंगरावरून खाली दरी दिसते.,𑘚𑘻𑘽𑘐𑘨𑘰𑘪𑘨𑘴𑘡 𑘏𑘰𑘩𑘲 𑘟𑘨𑘲 𑘟𑘱𑘭𑘝𑘹.,80
data/synthetic/images/line_0080_v001.png,डोंगरावरून खाली दरी दिसते.,𑘚𑘻𑘽𑘐𑘨𑘰𑘪𑘨𑘴𑘡 𑘏𑘰𑘩𑘲 𑘟𑘨𑘲 𑘟𑘱𑘭𑘝𑘹.,80
data/synthetic/images/line_0080_v002.png,डोंगरावरून खाली दरी दिसते.,𑘚𑘻𑘽𑘐𑘨𑘰𑘪𑘨𑘴𑘡 𑘏𑘰𑘩𑘲 𑘟𑘨𑘲 𑘟𑘱𑘭𑘝𑘹.,80
data/synthetic/images/line_0080_v003.png,डोंगरावरून खाली दरी दिसते.,𑘚𑘻𑘽𑘐𑘨𑘰𑘪𑘨𑘴𑘡 𑘏𑘰𑘩𑘲 𑘟𑘨𑘲 𑘟𑘱𑘭𑘝𑘹.,80
data/synthetic/images/line_0080_v004.png,डोंगरावरून खाली दरी दिसते.,𑘚𑘻𑘽𑘐𑘨𑘰𑘪𑘨𑘴𑘡 𑘏𑘰𑘩𑘲 𑘟𑘨𑘲 𑘟𑘱𑘭𑘝𑘹.,80
data/synthetic/images/line_0080_v005.png,डोंगरावरून खाली दरी दिसते.,𑘚𑘻𑘽𑘐𑘨𑘰𑘪𑘨𑘴𑘡 𑘏𑘰𑘩𑘲 𑘟𑘨𑘲 𑘟𑘱𑘭𑘝𑘹.,80
data/synthetic/images/line_0080_v006.png,डोंगरावरून खाली दरी दिसते.,𑘚𑘻𑘽𑘐𑘨𑘰𑘪𑘨𑘴𑘡 𑘏𑘰𑘩𑘲 𑘟𑘨𑘲 𑘟𑘱𑘭𑘝𑘹.,80
data/synthetic/images/line_0080_v007.png,डोंगरावरून खाली दरी दिसते.,𑘚𑘻𑘽𑘐𑘨𑘰𑘪𑘨𑘴𑘡 𑘏𑘰𑘩𑘲 𑘟𑘨𑘲 𑘟𑘱𑘭𑘝𑘹.,80
data/synthetic/images/line_0080_v008.png,डोंगरावरून खाली दरी दिसते.,𑘚𑘻𑘽𑘐𑘨𑘰𑘪𑘨𑘴𑘡 𑘏𑘰𑘩𑘲 𑘟𑘨𑘲 𑘟𑘱𑘭𑘝𑘹.,80
data/synthetic/images/line_0080_v009.png,डोंगरावरून खाली दरी दिसते.,𑘚𑘻𑘽𑘐𑘨𑘰𑘪𑘨𑘴𑘡 𑘏𑘰𑘩𑘲 𑘟𑘨𑘲 𑘟𑘱𑘭𑘝𑘹.,80
data/synthetic/images/line_0080_v010.png,डोंगरावरून खाली दरी दिसते.,𑘚𑘻𑘽𑘐𑘨𑘰𑘪𑘨𑘴𑘡 𑘏𑘰𑘩𑘲 𑘟𑘨𑘲 𑘟𑘱𑘭𑘝𑘹.,80
data/synthetic/images/line_0080_v011.png,डोंगरावरून खाली दरी दिसते.,𑘚𑘻𑘽𑘐𑘨𑘰𑘪𑘨𑘴𑘡 𑘏𑘰𑘩𑘲 𑘟𑘨𑘲 𑘟𑘱𑘭𑘝𑘹.,80
data/synthetic/images/line_0080_v012.png,डोंगरावरून खाली दरी दिसते.,𑘚𑘻𑘽𑘐𑘨𑘰𑘪𑘨𑘴𑘡 𑘏𑘰𑘩𑘲 𑘟𑘨𑘲 𑘟𑘱𑘭𑘝𑘹.,80
data/synthetic/images/line_0080_v013.png,डोंगरावरून खाली दरी दिसते.,𑘚𑘻𑘽𑘐𑘨𑘰𑘪𑘨𑘴𑘡 𑘏𑘰𑘩𑘲 𑘟𑘨𑘲 𑘟𑘱𑘭𑘝𑘹.,80
data/synthetic/images/line_0080_v014.png,डोंगरावरून खाली दरी दिसते.,𑘚𑘻𑘽𑘐𑘨𑘰𑘪𑘨𑘴𑘡 𑘏𑘰𑘩𑘲 𑘟𑘨𑘲 𑘟𑘱𑘭𑘝𑘹.,80
data/synthetic/images/line_0080_v015.png,डोंगरावरून खाली दरी दिसते.,𑘚𑘻𑘽𑘐𑘨𑘰𑘪𑘨𑘴𑘡 𑘏𑘰𑘩𑘲 𑘟𑘨𑘲 𑘟𑘱𑘭𑘝𑘹.,80
data/synthetic/images/line_0080_v016.png,डोंगरावरून खाली दरी दिसते.,𑘚𑘻𑘽𑘐𑘨𑘰𑘪𑘨𑘴𑘡 𑘏𑘰𑘩𑘲 𑘟𑘨𑘲 𑘟𑘱𑘭𑘝𑘹.,80
data/synthetic/images/line_0080_v017.png,डोंगरावरून खाली दरी दिसते.,𑘚𑘻𑘽𑘐𑘨𑘰𑘪𑘨𑘴𑘡 𑘏𑘰𑘩𑘲 𑘟𑘨𑘲 𑘟𑘱𑘭𑘝𑘹.,80
data/synthetic/images/line_0080_v018.png,डोंगरावरून खाली दरी दिसते.,𑘚𑘻𑘽𑘐𑘨𑘰𑘪𑘨𑘴𑘡 𑘏𑘰𑘩𑘲 𑘟𑘨𑘲 𑘟𑘱𑘭𑘝𑘹.,80
data/synthetic/images/line_0080_v019.png,डोंगरावरून खाली दरी दिसते.,𑘚𑘻𑘽𑘐𑘨𑘰𑘪𑘨𑘴𑘡 𑘏𑘰𑘩𑘲 𑘟𑘨𑘲 𑘟𑘱𑘭𑘝𑘹.,80
data/synthetic/images/line_0080_v020.png,डोंगरावरून खाली दरी दिसते.,𑘚𑘻𑘽𑘐𑘨𑘰𑘪𑘨𑘴𑘡 𑘏𑘰𑘩𑘲 𑘟𑘨𑘲 𑘟𑘱𑘭𑘝𑘹.,80
data/synthetic/images/line_0080_v021.png,डोंगरावरून खाली दरी दिसते.,𑘚𑘻𑘽𑘐𑘨𑘰𑘪𑘨𑘴𑘡 𑘏𑘰𑘩𑘲 𑘟𑘨𑘲 𑘟𑘱𑘭𑘝𑘹.,80
data/synthetic/images/line_0080_v022.png,डोंगरावरून खाली दरी दिसते.,𑘚𑘻𑘽𑘐𑘨𑘰𑘪𑘨𑘴𑘡 𑘏𑘰𑘩𑘲 𑘟𑘨𑘲 𑘟𑘱𑘭𑘝𑘹.,80
data/synthetic/images/line_0080_v023.png,डोंगरावरून खाली दरी दिसते.,𑘚𑘻𑘽𑘐𑘨𑘰𑘪𑘨𑘴𑘡 𑘏𑘰𑘩𑘲 𑘟𑘨𑘲 𑘟𑘱𑘭𑘝𑘹.,80
data/synthetic/images/line_0080_v024.png,डोंगरावरून खाली दरी दिसते.,𑘚𑘻𑘽𑘐𑘨𑘰𑘪𑘨𑘴𑘡 𑘏𑘰𑘩𑘲 𑘟𑘨𑘲 𑘟𑘱𑘭𑘝𑘹.,80
data/synthetic/images/line_0080_v025.png,डोंगरावरून खाली दरी दिसते.,𑘚𑘻𑘽𑘐𑘨𑘰𑘪𑘨𑘴𑘡 𑘏𑘰𑘩𑘲 𑘟𑘨𑘲 𑘟𑘱𑘭𑘝𑘹.,80
data/synthetic/images/line_0080_v026.png,डोंगरावरून खाली दरी दिसते.,𑘚𑘻𑘽𑘐𑘨𑘰𑘪𑘨𑘴𑘡 𑘏𑘰𑘩𑘲 𑘟𑘨𑘲 𑘟𑘱𑘭𑘝𑘹.,80
data/synthetic/images/line_0080_v027.png,डोंगरावरून खाली दरी दिसते.,𑘚𑘻𑘽𑘐𑘨𑘰𑘪𑘨𑘴𑘡 𑘏𑘰𑘩𑘲 𑘟𑘨𑘲 𑘟𑘱𑘭𑘝𑘹.,80
data/synthetic/images/line_0080_v028.png,डोंगरावरून खाली दरी दिसते.,𑘚𑘻𑘽𑘐𑘨𑘰𑘪𑘨𑘴𑘡 𑘏𑘰𑘩𑘲 𑘟𑘨𑘲 𑘟𑘱𑘭𑘝𑘹.,80
data/synthetic/images/line_0080_v029.png,डोंगरावरून खाली दरी दिसते.,𑘚𑘻𑘽𑘐𑘨𑘰𑘪𑘨𑘴𑘡 𑘏𑘰𑘩𑘲 𑘟𑘨𑘲 𑘟𑘱𑘭𑘝𑘹.,80
data/synthetic/images/line_0080_v030.png,डोंगरावरून खाली दरी दिसते.,𑘚𑘻𑘽𑘐𑘨𑘰𑘪𑘨𑘴𑘡 𑘏𑘰𑘩𑘲 𑘟𑘨𑘲 𑘟𑘱𑘭𑘝𑘹.,80
data/synthetic/images/line_0080_v031.png,डोंगरावरून खाली दरी दिसते.,𑘚𑘻𑘽𑘐𑘨𑘰𑘪𑘨𑘴𑘡 𑘏𑘰𑘩𑘲 𑘟𑘨𑘲 𑘟𑘱𑘭𑘝𑘹.,80
data/synthetic/images/line_0080_v032.png,डोंगरावरून खाली दरी दिसते.,𑘚𑘻𑘽𑘐𑘨𑘰𑘪𑘨𑘴𑘡 𑘏𑘰𑘩𑘲 𑘟𑘨𑘲 𑘟𑘱𑘭𑘝𑘹.,80
data/synthetic/images/line_0080_v033.png,डोंगरावरून खाली दरी दिसते.,𑘚𑘻𑘽𑘐𑘨𑘰𑘪𑘨𑘴𑘡 𑘏𑘰𑘩𑘲 𑘟𑘨𑘲 𑘟𑘱𑘭𑘝𑘹.,80
data/synthetic/images/line_0080_v034.png,डोंगरावरून खाली दरी दिसते.,𑘚𑘻𑘽𑘐𑘨𑘰𑘪𑘨𑘴𑘡 𑘏𑘰𑘩𑘲 𑘟𑘨𑘲 𑘟𑘱𑘭𑘝𑘹.,80
data/synthetic/images/line_0080_v035.png,डोंगरावरून खाली दरी दिसते.,𑘚𑘻𑘽𑘐𑘨𑘰𑘪𑘨𑘴𑘡 𑘏𑘰𑘩𑘲 𑘟𑘨𑘲 𑘟𑘱𑘭𑘝𑘹.,80
data/synthetic/images/line_0080_v036.png,डोंगरावरून खाली दरी दिसते.,𑘚𑘻𑘽𑘐𑘨𑘰𑘪𑘨𑘴𑘡 𑘏𑘰𑘩𑘲 𑘟𑘨𑘲 𑘟𑘱𑘭𑘝𑘹.,80
data/synthetic/images/line_0080_v037.png,डोंगरावरून खाली दरी दिसते.,𑘚𑘻𑘽𑘐𑘨𑘰𑘪𑘨𑘴𑘡 𑘏𑘰𑘩𑘲 𑘟𑘨𑘲 𑘟𑘱𑘭𑘝𑘹.,80
data/synthetic/images/line_0080_v038.png,डोंगरावरून खाली दरी दिसते.,𑘚𑘻𑘽𑘐𑘨𑘰𑘪𑘨𑘴𑘡 𑘏𑘰𑘩𑘲 𑘟𑘨𑘲 𑘟𑘱𑘭𑘝𑘹.,80
data/synthetic/images/line_0080_v039.png,डोंगरावरून खाली दरी दिसते.,𑘚𑘻𑘽𑘐𑘨𑘰𑘪𑘨𑘴𑘡 𑘏𑘰𑘩𑘲 𑘟𑘨𑘲 𑘟𑘱𑘭𑘝𑘹.,80
data/synthetic/images/line_0081_v000.png,सूर्य पूर्वेला उगवतो आणि पश्चिमेला मावळतो.,𑘭𑘴𑘨𑘿𑘧 𑘢𑘴𑘨𑘿𑘪𑘹𑘩𑘰 𑘄𑘐𑘪𑘝𑘻 𑘁𑘜𑘱 𑘢𑘫𑘿𑘓𑘱𑘦𑘹𑘩𑘰 𑘦𑘰𑘪𑘯𑘝𑘻.,81
data/synthetic/images/line_0081_v001.png,सूर्य पूर्वेला उगवतो आणि पश्चिमेला मावळतो.,𑘭𑘴𑘨𑘿𑘧 𑘢𑘴𑘨𑘿𑘪𑘹𑘩𑘰 𑘄𑘐𑘪𑘝𑘻 𑘁𑘜𑘱 𑘢𑘫𑘿𑘓𑘱𑘦𑘹𑘩𑘰 𑘦𑘰𑘪𑘯𑘝𑘻.,81
data/synthetic/images/line_0081_v002.png,सूर्य पूर्वेला उगवतो आणि पश्चिमेला मावळतो.,𑘭𑘴𑘨𑘿𑘧 𑘢𑘴𑘨𑘿𑘪𑘹𑘩𑘰 𑘄𑘐𑘪𑘝𑘻 𑘁𑘜𑘱 𑘢𑘫𑘿𑘓𑘱𑘦𑘹𑘩𑘰 𑘦𑘰𑘪𑘯𑘝𑘻.,81
data/synthetic/images/line_0081_v003.png,सूर्य पूर्वेला उगवतो आणि पश्चिमेला मावळतो.,𑘭𑘴𑘨𑘿𑘧 𑘢𑘴𑘨𑘿𑘪𑘹𑘩𑘰 𑘄𑘐𑘪𑘝𑘻 𑘁𑘜𑘱 𑘢𑘫𑘿𑘓𑘱𑘦𑘹𑘩𑘰 𑘦𑘰𑘪𑘯𑘝𑘻.,81
data/synthetic/images/line_0081_v004.png,सूर्य पूर्वेला उगवतो आणि पश्चिमेला मावळतो.,𑘭𑘴𑘨𑘿𑘧 𑘢𑘴𑘨𑘿𑘪𑘹𑘩𑘰 𑘄𑘐𑘪𑘝𑘻 𑘁𑘜𑘱 𑘢𑘫𑘿𑘓𑘱𑘦𑘹𑘩𑘰 𑘦𑘰𑘪𑘯𑘝𑘻.,81
data/synthetic/images/line_0081_v005.png,सूर्य पूर्वेला उगवतो आणि पश्चिमेला मावळतो.,𑘭𑘴𑘨𑘿𑘧 𑘢𑘴𑘨𑘿𑘪𑘹𑘩𑘰 𑘄𑘐𑘪𑘝𑘻 𑘁𑘜𑘱 𑘢𑘫𑘿𑘓𑘱𑘦𑘹𑘩𑘰 𑘦𑘰𑘪𑘯𑘝𑘻.,81
data/synthetic/images/line_0081_v006.png,सूर्य पूर्वेला उगवतो आणि पश्चिमेला मावळतो.,𑘭𑘴𑘨𑘿𑘧 𑘢𑘴𑘨𑘿𑘪𑘹𑘩𑘰 𑘄𑘐𑘪𑘝𑘻 𑘁𑘜𑘱 𑘢𑘫𑘿𑘓𑘱𑘦𑘹𑘩𑘰 𑘦𑘰𑘪𑘯𑘝𑘻.,81
data/synthetic/images/line_0081_v007.png,सूर्य पूर्वेला उगवतो आणि पश्चिमेला मावळतो.,𑘭𑘴𑘨𑘿𑘧 𑘢𑘴𑘨𑘿𑘪𑘹𑘩𑘰 𑘄𑘐𑘪𑘝𑘻 𑘁𑘜𑘱 𑘢𑘫𑘿𑘓𑘱𑘦𑘹𑘩𑘰 𑘦𑘰𑘪𑘯𑘝𑘻.,81
data/synthetic/images/line_0081_v008.png,सूर्य पूर्वेला उगवतो आणि पश्चिमेला मावळतो.,𑘭𑘴𑘨𑘿𑘧 𑘢𑘴𑘨𑘿𑘪𑘹𑘩𑘰 𑘄𑘐𑘪𑘝𑘻 𑘁𑘜𑘱 𑘢𑘫𑘿𑘓𑘱𑘦𑘹𑘩𑘰 𑘦𑘰𑘪𑘯𑘝𑘻.,81
data/synthetic/images/line_0081_v009.png,सूर्य पूर्वेला उगवतो आणि पश्चिमेला मावळतो.,𑘭𑘴𑘨𑘿𑘧 𑘢𑘴𑘨𑘿𑘪𑘹𑘩𑘰 𑘄𑘐𑘪𑘝𑘻 𑘁𑘜𑘱 𑘢𑘫𑘿𑘓𑘱𑘦𑘹𑘩𑘰 𑘦𑘰𑘪𑘯𑘝𑘻.,81
data/synthetic/images/line_0081_v010.png,सूर्य पूर्वेला उगवतो आणि पश्चिमेला मावळतो.,𑘭𑘴𑘨𑘿𑘧 𑘢𑘴𑘨𑘿𑘪𑘹𑘩𑘰 𑘄𑘐𑘪𑘝𑘻 𑘁𑘜𑘱 𑘢𑘫𑘿𑘓𑘱𑘦𑘹𑘩𑘰 𑘦𑘰𑘪𑘯𑘝𑘻.,81
data/synthetic/images/line_0081_v011.png,सूर्य पूर्वेला उगवतो आणि पश्चिमेला मावळतो.,𑘭𑘴𑘨𑘿𑘧 𑘢𑘴𑘨𑘿𑘪𑘹𑘩𑘰 𑘄𑘐𑘪𑘝𑘻 𑘁𑘜𑘱 𑘢𑘫𑘿𑘓𑘱𑘦𑘹𑘩𑘰 𑘦𑘰𑘪𑘯𑘝𑘻.,81
data/synthetic/images/line_0081_v012.png,सूर्य पूर्वेला उगवतो आणि पश्चिमेला मावळतो.,𑘭𑘴𑘨𑘿𑘧 𑘢𑘴𑘨𑘿𑘪𑘹𑘩𑘰 𑘄𑘐𑘪𑘝𑘻 𑘁𑘜𑘱 𑘢𑘫𑘿𑘓𑘱𑘦𑘹𑘩𑘰 𑘦𑘰𑘪𑘯𑘝𑘻.,81
data/synthetic/images/line_0081_v013.png,सूर्य पूर्वेला उगवतो आणि पश्चिमेला मावळतो.,𑘭𑘴𑘨𑘿𑘧 𑘢𑘴𑘨𑘿𑘪𑘹𑘩𑘰 𑘄𑘐𑘪𑘝𑘻 𑘁𑘜𑘱 𑘢𑘫𑘿𑘓𑘱𑘦𑘹𑘩𑘰 𑘦𑘰𑘪𑘯𑘝𑘻.,81
data/synthetic/images/line_0081_v014.png,सूर्य पूर्वेला उगवतो आणि पश्चिमेला मावळतो.,𑘭𑘴𑘨𑘿𑘧 𑘢𑘴𑘨𑘿𑘪𑘹𑘩𑘰 𑘄𑘐𑘪𑘝𑘻 𑘁𑘜𑘱 𑘢𑘫𑘿𑘓𑘱𑘦𑘹𑘩𑘰 𑘦𑘰𑘪𑘯𑘝𑘻.,81
data/synthetic/images/line_0081_v015.png,सूर्य पूर्वेला उगवतो आणि पश्चिमेला मावळतो.,𑘭𑘴𑘨𑘿𑘧 𑘢𑘴𑘨𑘿𑘪𑘹𑘩𑘰 𑘄𑘐𑘪𑘝𑘻 𑘁𑘜𑘱 𑘢𑘫𑘿𑘓𑘱𑘦𑘹𑘩𑘰 𑘦𑘰𑘪𑘯𑘝𑘻.,81
data/synthetic/images/line_0081_v016.png,सूर्य पूर्वेला उगवतो आणि पश्चिमेला मावळतो.,𑘭𑘴𑘨𑘿𑘧 𑘢𑘴𑘨𑘿𑘪𑘹𑘩𑘰 𑘄𑘐𑘪𑘝𑘻 𑘁𑘜𑘱 𑘢𑘫𑘿𑘓𑘱𑘦𑘹𑘩𑘰 𑘦𑘰𑘪𑘯𑘝𑘻.,81
data/synthetic/images/line_0081_v017.png,सूर्य पूर्वेला उगवतो आणि पश्चिमेला मावळतो.,𑘭𑘴𑘨𑘿𑘧 𑘢𑘴𑘨𑘿𑘪𑘹𑘩𑘰 𑘄𑘐𑘪𑘝𑘻 𑘁𑘜𑘱 𑘢𑘫𑘿𑘓𑘱𑘦𑘹𑘩𑘰 𑘦𑘰𑘪𑘯𑘝𑘻.,81
data/synthetic/images/line_0081_v018.png,सूर्य पूर्वेला उगवतो आणि पश्चिमेला मावळतो.,𑘭𑘴𑘨𑘿𑘧 𑘢𑘴𑘨𑘿𑘪𑘹𑘩𑘰 𑘄𑘐𑘪𑘝𑘻 𑘁𑘜𑘱 𑘢𑘫𑘿𑘓𑘱𑘦𑘹𑘩𑘰 𑘦𑘰𑘪𑘯𑘝𑘻.,81
data/synthetic/images/line_0081_v019.png,सूर्य पूर्वेला उगवतो आणि पश्चिमेला मावळतो.,𑘭𑘴𑘨𑘿𑘧 𑘢𑘴𑘨𑘿𑘪𑘹𑘩𑘰 𑘄𑘐𑘪𑘝𑘻 𑘁𑘜𑘱 𑘢𑘫𑘿𑘓𑘱𑘦𑘹𑘩𑘰 𑘦𑘰𑘪𑘯𑘝𑘻.,81
data/synthetic/images/line_0081_v020.png,सूर्य पूर्वेला उगवतो आणि पश्चिमेला मावळतो.,𑘭𑘴𑘨𑘿𑘧 𑘢𑘴𑘨𑘿𑘪𑘹𑘩𑘰 𑘄𑘐𑘪𑘝𑘻 𑘁𑘜𑘱 𑘢𑘫𑘿𑘓𑘱𑘦𑘹𑘩𑘰 𑘦𑘰𑘪𑘯𑘝𑘻.,81
data/synthetic/images/line_0081_v021.png,सूर्य पूर्वेला उगवतो आणि पश्चिमेला मावळतो.,𑘭𑘴𑘨𑘿𑘧 𑘢𑘴𑘨𑘿𑘪𑘹𑘩𑘰 𑘄𑘐𑘪𑘝𑘻 𑘁𑘜𑘱 𑘢𑘫𑘿𑘓𑘱𑘦𑘹𑘩𑘰 𑘦𑘰𑘪𑘯𑘝𑘻.,81
data/synthetic/images/line_0081_v022.png,सूर्य पूर्वेला उगवतो आणि पश्चिमेला मावळतो.,𑘭𑘴𑘨𑘿𑘧 𑘢𑘴𑘨𑘿𑘪𑘹𑘩𑘰 𑘄𑘐𑘪𑘝𑘻 𑘁𑘜𑘱 𑘢𑘫𑘿𑘓𑘱𑘦𑘹𑘩𑘰 𑘦𑘰𑘪𑘯𑘝𑘻.,81
data/synthetic/images/line_0081_v023.png,सूर्य पूर्वेला उगवतो आणि पश्चिमेला मावळतो.,𑘭𑘴𑘨𑘿𑘧 𑘢𑘴𑘨𑘿𑘪𑘹𑘩𑘰 𑘄𑘐𑘪𑘝𑘻 𑘁𑘜𑘱 𑘢𑘫𑘿𑘓𑘱𑘦𑘹𑘩𑘰 𑘦𑘰𑘪𑘯𑘝𑘻.,81
data/synthetic/images/line_0081_v024.png,सूर्य पूर्वेला उगवतो आणि पश्चिमेला मावळतो.,𑘭𑘴𑘨𑘿𑘧 𑘢𑘴𑘨𑘿𑘪𑘹𑘩𑘰 𑘄𑘐𑘪𑘝𑘻 𑘁𑘜𑘱 𑘢𑘫𑘿𑘓𑘱𑘦𑘹𑘩𑘰 𑘦𑘰𑘪𑘯𑘝𑘻.,81
data/synthetic/images/line_0081_v025.png,सूर्य पूर्वेला उगवतो आणि पश्चिमेला मावळतो.,𑘭𑘴𑘨𑘿𑘧 𑘢𑘴𑘨𑘿𑘪𑘹𑘩𑘰 𑘄𑘐𑘪𑘝𑘻 𑘁𑘜𑘱 𑘢𑘫𑘿𑘓𑘱𑘦𑘹𑘩𑘰 𑘦𑘰𑘪𑘯𑘝𑘻.,81
data/synthetic/images/line_0081_v026.png,सूर्य पूर्वेला उगवतो आणि पश्चिमेला मावळतो.,𑘭𑘴𑘨𑘿𑘧 𑘢𑘴𑘨𑘿𑘪𑘹𑘩𑘰 𑘄𑘐𑘪𑘝𑘻 𑘁𑘜𑘱 𑘢𑘫𑘿𑘓𑘱𑘦𑘹𑘩𑘰 𑘦𑘰𑘪𑘯𑘝𑘻.,81
data/synthetic/images/line_0081_v027.png,सूर्य पूर्वेला उगवतो आणि पश्चिमेला मावळतो.,𑘭𑘴𑘨𑘿𑘧 𑘢𑘴𑘨𑘿𑘪𑘹𑘩𑘰 𑘄𑘐𑘪𑘝𑘻 𑘁𑘜𑘱 𑘢𑘫𑘿𑘓𑘱𑘦𑘹𑘩𑘰 𑘦𑘰𑘪𑘯𑘝𑘻.,81
data/synthetic/images/line_0081_v028.png,सूर्य पूर्वेला उगवतो आणि पश्चिमेला मावळतो.,𑘭𑘴𑘨𑘿𑘧 𑘢𑘴𑘨𑘿𑘪𑘹𑘩𑘰 𑘄𑘐𑘪𑘝𑘻 𑘁𑘜𑘱 𑘢𑘫𑘿𑘓𑘱𑘦𑘹𑘩𑘰 𑘦𑘰𑘪𑘯𑘝𑘻.,81
data/synthetic/images/line_0081_v029.png,सूर्य पूर्वेला उगवतो आणि पश्चिमेला मावळतो.,𑘭𑘴𑘨𑘿𑘧 𑘢𑘴𑘨𑘿𑘪𑘹𑘩𑘰 𑘄𑘐𑘪𑘝𑘻 𑘁𑘜𑘱 𑘢𑘫𑘿𑘓𑘱𑘦𑘹𑘩𑘰 𑘦𑘰𑘪𑘯𑘝𑘻.,81
data/synthetic/images/line_0081_v030.png,सूर्य पूर्वेला उगवतो आणि पश्चिमेला मावळतो.,𑘭𑘴𑘨𑘿𑘧 𑘢𑘴𑘨𑘿𑘪𑘹𑘩𑘰 𑘄𑘐𑘪𑘝𑘻 𑘁𑘜𑘱 𑘢𑘫𑘿𑘓𑘱𑘦𑘹𑘩𑘰 𑘦𑘰𑘪𑘯𑘝𑘻.,81
data/synthetic/images/line_0081_v031.png,सूर्य पूर्वेला उगवतो आणि पश्चिमेला मावळतो.,𑘭𑘴𑘨𑘿𑘧 𑘢𑘴𑘨𑘿𑘪𑘹𑘩𑘰 𑘄𑘐𑘪𑘝𑘻 𑘁𑘜𑘱 𑘢𑘫𑘿𑘓𑘱𑘦𑘹𑘩𑘰 𑘦𑘰𑘪𑘯𑘝𑘻.,81
data/synthetic/images/line_0081_v032.png,सूर्य पूर्वेला उगवतो आणि पश्चिमेला मावळतो.,𑘭𑘴𑘨𑘿𑘧 𑘢𑘴𑘨𑘿𑘪𑘹𑘩𑘰 𑘄𑘐𑘪𑘝𑘻 𑘁𑘜𑘱 𑘢𑘫𑘿𑘓𑘱𑘦𑘹𑘩𑘰 𑘦𑘰𑘪𑘯𑘝𑘻.,81
data/synthetic/images/line_0081_v033.png,सूर्य पूर्वेला उगवतो आणि पश्चिमेला मावळतो.,𑘭𑘴𑘨𑘿𑘧 𑘢𑘴𑘨𑘿𑘪𑘹𑘩𑘰 𑘄𑘐𑘪𑘝𑘻 𑘁𑘜𑘱 𑘢𑘫𑘿𑘓𑘱𑘦𑘹𑘩𑘰 𑘦𑘰𑘪𑘯𑘝𑘻.,81
data/synthetic/images/line_0081_v034.png,सूर्य पूर्वेला उगवतो आणि पश्चिमेला मावळतो.,𑘭𑘴𑘨𑘿𑘧 𑘢𑘴𑘨𑘿𑘪𑘹𑘩𑘰 𑘄𑘐𑘪𑘝𑘻 𑘁𑘜𑘱 𑘢𑘫𑘿𑘓𑘱𑘦𑘹𑘩𑘰 𑘦𑘰𑘪𑘯𑘝𑘻.,81
data/synthetic/images/line_0081_v035.png,सूर्य पूर्वेला उगवतो आणि पश्चिमेला मावळतो.,𑘭𑘴𑘨𑘿𑘧 𑘢𑘴𑘨𑘿𑘪𑘹𑘩𑘰 𑘄𑘐𑘪𑘝𑘻 𑘁𑘜𑘱 𑘢𑘫𑘿𑘓𑘱𑘦𑘹𑘩𑘰 𑘦𑘰𑘪𑘯𑘝𑘻.,81
data/synthetic/images/line_0081_v036.png,सूर्य पूर्वेला उगवतो आणि पश्चिमेला मावळतो.,𑘭𑘴𑘨𑘿𑘧 𑘢𑘴𑘨𑘿𑘪𑘹𑘩𑘰 𑘄𑘐𑘪𑘝𑘻 𑘁𑘜𑘱 𑘢𑘫𑘿𑘓𑘱𑘦𑘹𑘩𑘰 𑘦𑘰𑘪𑘯𑘝𑘻.,81
data/synthetic/images/line_0081_v037.png,सूर्य पूर्वेला उगवतो आणि पश्चिमेला मावळतो.,𑘭𑘴𑘨𑘿𑘧 𑘢𑘴𑘨𑘿𑘪𑘹𑘩𑘰 𑘄𑘐𑘪𑘝𑘻 𑘁𑘜𑘱 𑘢𑘫𑘿𑘓𑘱𑘦𑘹𑘩𑘰 𑘦𑘰𑘪𑘯𑘝𑘻.,81
data/synthetic/images/line_0081_v038.png,सूर्य पूर्वेला उगवतो आणि पश्चिमेला मावळतो.,𑘭𑘴𑘨𑘿𑘧 𑘢𑘴𑘨𑘿𑘪𑘹𑘩𑘰 𑘄𑘐𑘪𑘝𑘻 𑘁𑘜𑘱 𑘢𑘫𑘿𑘓𑘱𑘦𑘹𑘩𑘰 𑘦𑘰𑘪𑘯𑘝𑘻.,81
data/synthetic/images/line_0081_v039.png,सूर्य पूर्वेला उगवतो आणि पश्चिमेला मावळतो.,𑘭𑘴𑘨𑘿𑘧 𑘢𑘴𑘨𑘿𑘪𑘹𑘩𑘰 𑘄𑘐𑘪𑘝𑘻 𑘁𑘜𑘱 𑘢𑘫𑘿𑘓𑘱𑘦𑘹𑘩𑘰 𑘦𑘰𑘪𑘯𑘝𑘻.,81
data/synthetic/images/line_0082_v000.png,चंद्र रात्री आकाशात दिसतो.,𑘓𑘽𑘟𑘿𑘨 𑘨𑘰𑘝𑘿𑘨𑘲 𑘁𑘎𑘰𑘫𑘰𑘝 𑘟𑘱𑘭𑘝𑘻.,82
data/synthetic/images/line_0082_v001.png,चंद्र रात्री आकाशात दिसतो.,𑘓𑘽𑘟𑘿𑘨 𑘨𑘰𑘝𑘿𑘨𑘲 𑘁𑘎𑘰𑘫𑘰𑘝 𑘟𑘱𑘭𑘝𑘻.,82
data/synthetic/images/line_0082_v002.png,चंद्र रात्री आकाशात दिसतो.,𑘓𑘽𑘟𑘿𑘨 𑘨𑘰𑘝𑘿𑘨𑘲 𑘁𑘎𑘰𑘫𑘰𑘝 𑘟𑘱𑘭𑘝𑘻.,82
data/synthetic/images/line_0082_v003.png,चंद्र रात्री आकाशात दिसतो.,𑘓𑘽𑘟𑘿𑘨 𑘨𑘰𑘝𑘿𑘨𑘲 𑘁𑘎𑘰𑘫𑘰𑘝 𑘟𑘱𑘭𑘝𑘻.,82
data/synthetic/images/line_0082_v004.png,चंद्र रात्री आकाशात दिसतो.,𑘓𑘽𑘟𑘿𑘨 𑘨𑘰𑘝𑘿𑘨𑘲 𑘁𑘎𑘰𑘫𑘰𑘝 𑘟𑘱𑘭𑘝𑘻.,82
data/synthetic/images/line_0082_v005.png,चंद्र रात्री आकाशात दिसतो.,𑘓𑘽𑘟𑘿𑘨 𑘨𑘰𑘝𑘿𑘨𑘲 𑘁𑘎𑘰𑘫𑘰𑘝 𑘟𑘱𑘭𑘝𑘻.,82
data/synthetic/images/line_0082_v006.png,चंद्र रात्री आकाशात दिसतो.,𑘓𑘽𑘟𑘿𑘨 𑘨𑘰𑘝𑘿𑘨𑘲 𑘁𑘎𑘰𑘫𑘰𑘝 𑘟𑘱𑘭𑘝𑘻.,82
data/synthetic/images/line_0082_v007.png,चंद्र रात्री आकाशात दिसतो.,𑘓𑘽𑘟𑘿𑘨 𑘨𑘰𑘝𑘿𑘨𑘲 𑘁𑘎𑘰𑘫𑘰𑘝 𑘟𑘱𑘭𑘝𑘻.,82
data/synthetic/images/line_0082_v008.png,चंद्र रात्री आकाशात दिसतो.,𑘓𑘽𑘟𑘿𑘨 𑘨𑘰𑘝𑘿𑘨𑘲 𑘁𑘎𑘰𑘫𑘰𑘝 𑘟𑘱𑘭𑘝𑘻.,82
data/synthetic/images/line_0082_v009.png,चंद्र रात्री आकाशात दिसतो.,𑘓𑘽𑘟𑘿𑘨 𑘨𑘰𑘝𑘿𑘨𑘲 𑘁𑘎𑘰𑘫𑘰𑘝 𑘟𑘱𑘭𑘝𑘻.,82
data/synthetic/images/line_0082_v010.png,चंद्र रात्री आकाशात दिसतो.,𑘓𑘽𑘟𑘿𑘨 𑘨𑘰𑘝𑘿𑘨𑘲 𑘁𑘎𑘰𑘫𑘰𑘝 𑘟𑘱𑘭𑘝𑘻.,82
data/synthetic/images/line_0082_v011.png,चंद्र रात्री आकाशात दिसतो.,𑘓𑘽𑘟𑘿𑘨 𑘨𑘰𑘝𑘿𑘨𑘲 𑘁𑘎𑘰𑘫𑘰𑘝 𑘟𑘱𑘭𑘝𑘻.,82
data/synthetic/images/line_0082_v012.png,चंद्र रात्री आकाशात दिसतो.,𑘓𑘽𑘟𑘿𑘨 𑘨𑘰𑘝𑘿𑘨𑘲 𑘁𑘎𑘰𑘫𑘰𑘝 𑘟𑘱𑘭𑘝𑘻.,82
data/synthetic/images/line_0082_v013.png,चंद्र रात्री आकाशात दिसतो.,𑘓𑘽𑘟𑘿𑘨 𑘨𑘰𑘝𑘿𑘨𑘲 𑘁𑘎𑘰𑘫𑘰𑘝 𑘟𑘱𑘭𑘝𑘻.,82
data/synthetic/images/line_0082_v014.png,चंद्र रात्री आकाशात दिसतो.,𑘓𑘽𑘟𑘿𑘨 𑘨𑘰𑘝𑘿𑘨𑘲 𑘁𑘎𑘰𑘫𑘰𑘝 𑘟𑘱𑘭𑘝𑘻.,82
data/synthetic/images/line_0082_v015.png,चंद्र रात्री आकाशात दिसतो.,𑘓𑘽𑘟𑘿𑘨 𑘨𑘰𑘝𑘿𑘨𑘲 𑘁𑘎𑘰𑘫𑘰𑘝 𑘟𑘱𑘭𑘝𑘻.,82
data/synthetic/images/line_0082_v016.png,चंद्र रात्री आकाशात दिसतो.,𑘓𑘽𑘟𑘿𑘨 𑘨𑘰𑘝𑘿𑘨𑘲 𑘁𑘎𑘰𑘫𑘰𑘝 𑘟𑘱𑘭𑘝𑘻.,82
data/synthetic/images/line_0082_v017.png,चंद्र रात्री आकाशात दिसतो.,𑘓𑘽𑘟𑘿𑘨 𑘨𑘰𑘝𑘿𑘨𑘲 𑘁𑘎𑘰𑘫𑘰𑘝 𑘟𑘱𑘭𑘝𑘻.,82
data/synthetic/images/line_0082_v018.png,चंद्र रात्री आकाशात दिसतो.,𑘓𑘽𑘟𑘿𑘨 𑘨𑘰𑘝𑘿𑘨𑘲 𑘁𑘎𑘰𑘫𑘰𑘝 𑘟𑘱𑘭𑘝𑘻.,82
data/synthetic/images/line_0082_v019.png,चंद्र रात्री आकाशात दिसतो.,𑘓𑘽𑘟𑘿𑘨 𑘨𑘰𑘝𑘿𑘨𑘲 𑘁𑘎𑘰𑘫𑘰𑘝 𑘟𑘱𑘭𑘝𑘻.,82
data/synthetic/images/line_0082_v020.png,चंद्र रात्री आकाशात दिसतो.,𑘓𑘽𑘟𑘿𑘨 𑘨𑘰𑘝𑘿𑘨𑘲 𑘁𑘎𑘰𑘫𑘰𑘝 𑘟𑘱𑘭𑘝𑘻.,82
data/synthetic/images/line_0082_v021.png,चंद्र रात्री आकाशात दिसतो.,𑘓𑘽𑘟𑘿𑘨 𑘨𑘰𑘝𑘿𑘨𑘲 𑘁𑘎𑘰𑘫𑘰𑘝 𑘟𑘱𑘭𑘝𑘻.,82
data/synthetic/images/line_0082_v022.png,चंद्र रात्री आकाशात दिसतो.,𑘓𑘽𑘟𑘿𑘨 𑘨𑘰𑘝𑘿𑘨𑘲 𑘁𑘎𑘰𑘫𑘰𑘝 𑘟𑘱𑘭𑘝𑘻.,82
data/synthetic/images/line_0082_v023.png,चंद्र रात्री आकाशात दिसतो.,𑘓𑘽𑘟𑘿𑘨 𑘨𑘰𑘝𑘿𑘨𑘲 𑘁𑘎𑘰𑘫𑘰𑘝 𑘟𑘱𑘭𑘝𑘻.,82
data/synthetic/images/line_0082_v024.png,चंद्र रात्री आकाशात दिसतो.,𑘓𑘽𑘟𑘿𑘨 𑘨𑘰𑘝𑘿𑘨𑘲 𑘁𑘎𑘰𑘫𑘰𑘝 𑘟𑘱𑘭𑘝𑘻.,82
data/synthetic/images/line_0082_v025.png,चंद्र रात्री आकाशात दिसतो.,𑘓𑘽𑘟𑘿𑘨 𑘨𑘰𑘝𑘿𑘨𑘲 𑘁𑘎𑘰𑘫𑘰𑘝 𑘟𑘱𑘭𑘝𑘻.,82
data/synthetic/images/line_0082_v026.png,चंद्र रात्री आकाशात दिसतो.,𑘓𑘽𑘟𑘿𑘨 𑘨𑘰𑘝𑘿𑘨𑘲 𑘁𑘎𑘰𑘫𑘰𑘝 𑘟𑘱𑘭𑘝𑘻.,82
data/synthetic/images/line_0082_v027.png,चंद्र रात्री आकाशात दिसतो.,𑘓𑘽𑘟𑘿𑘨 𑘨𑘰𑘝𑘿𑘨𑘲 𑘁𑘎𑘰𑘫𑘰𑘝 𑘟𑘱𑘭𑘝𑘻.,82
data/synthetic/images/line_0082_v028.png,चंद्र रात्री आकाशात दिसतो.,𑘓𑘽𑘟𑘿𑘨 𑘨𑘰𑘝𑘿𑘨𑘲 𑘁𑘎𑘰𑘫𑘰𑘝 𑘟𑘱𑘭𑘝𑘻.,82
data/synthetic/images/line_0082_v029.png,चंद्र रात्री आकाशात दिसतो.,𑘓𑘽𑘟𑘿𑘨 𑘨𑘰𑘝𑘿𑘨𑘲 𑘁𑘎𑘰𑘫𑘰𑘝 𑘟𑘱𑘭𑘝𑘻.,82
data/synthetic/images/line_0082_v030.png,चंद्र रात्री आकाशात दिसतो.,𑘓𑘽𑘟𑘿𑘨 𑘨𑘰𑘝𑘿𑘨𑘲 𑘁𑘎𑘰𑘫𑘰𑘝 𑘟𑘱𑘭𑘝𑘻.,82
data/synthetic/images/line_0082_v031.png,चंद्र रात्री आकाशात दिसतो.,𑘓𑘽𑘟𑘿𑘨 𑘨𑘰𑘝𑘿𑘨𑘲 𑘁𑘎𑘰𑘫𑘰𑘝 𑘟𑘱𑘭𑘝𑘻.,82
data/synthetic/images/line_0082_v032.png,चंद्र रात्री आकाशात दिसतो.,𑘓𑘽𑘟𑘿𑘨 𑘨𑘰𑘝𑘿𑘨𑘲 𑘁𑘎𑘰𑘫𑘰𑘝 𑘟𑘱𑘭𑘝𑘻.,82
data/synthetic/images/line_0082_v033.png,चंद्र रात्री आकाशात दिसतो.,𑘓𑘽𑘟𑘿𑘨 𑘨𑘰𑘝𑘿𑘨𑘲 𑘁𑘎𑘰𑘫𑘰𑘝 𑘟𑘱𑘭𑘝𑘻.,82
data/synthetic/images/line_0082_v034.png,चंद्र रात्री आकाशात दिसतो.,𑘓𑘽𑘟𑘿𑘨 𑘨𑘰𑘝𑘿𑘨𑘲 𑘁𑘎𑘰𑘫𑘰𑘝 𑘟𑘱𑘭𑘝𑘻.,82
data/synthetic/images/line_0082_v035.png,चंद्र रात्री आकाशात दिसतो.,𑘓𑘽𑘟𑘿𑘨 𑘨𑘰𑘝𑘿𑘨𑘲 𑘁𑘎𑘰𑘫𑘰𑘝 𑘟𑘱𑘭𑘝𑘻.,82
data/synthetic/images/line_0082_v036.png,चंद्र रात्री आकाशात दिसतो.,𑘓𑘽𑘟𑘿𑘨 𑘨𑘰𑘝𑘿𑘨𑘲 𑘁𑘎𑘰𑘫𑘰𑘝 𑘟𑘱𑘭𑘝𑘻.,82
data/synthetic/images/line_0082_v037.png,चंद्र रात्री आकाशात दिसतो.,𑘓𑘽𑘟𑘿𑘨 𑘨𑘰𑘝𑘿𑘨𑘲 𑘁𑘎𑘰𑘫𑘰𑘝 𑘟𑘱𑘭𑘝𑘻.,82
data/synthetic/images/line_0082_v038.png,चंद्र रात्री आकाशात दिसतो.,𑘓𑘽𑘟𑘿𑘨 𑘨𑘰𑘝𑘿𑘨𑘲 𑘁𑘎𑘰𑘫𑘰𑘝 𑘟𑘱𑘭𑘝𑘻.,82
data/synthetic/images/line_0082_v039.png,चंद्र रात्री आकाशात दिसतो.,𑘓𑘽𑘟𑘿𑘨 𑘨𑘰𑘝𑘿𑘨𑘲 𑘁𑘎𑘰𑘫𑘰𑘝 𑘟𑘱𑘭𑘝𑘻.,82
data/synthetic/images/line_0083_v000.png,तारे रात्रीच्या आकाशात चमकतात.,𑘝𑘰𑘨𑘹 𑘨𑘰𑘝𑘿𑘨𑘲𑘓𑘿𑘧𑘰 𑘁𑘎𑘰𑘫𑘰𑘝 𑘓𑘦𑘎𑘝𑘰𑘝.,83
data/synthetic/images/line_0083_v001.png,तारे रात्रीच्या आकाशात चमकतात.,𑘝𑘰𑘨𑘹 𑘨𑘰𑘝𑘿𑘨𑘲𑘓𑘿𑘧𑘰 𑘁𑘎𑘰𑘫𑘰𑘝 𑘓𑘦𑘎𑘝𑘰𑘝.,83
data/synthetic/images/line_0083_v002.png,तारे रात्रीच्या आकाशात चमकतात.,𑘝𑘰𑘨𑘹 𑘨𑘰𑘝𑘿𑘨𑘲𑘓𑘿𑘧𑘰 𑘁𑘎𑘰𑘫𑘰𑘝 𑘓𑘦𑘎𑘝𑘰𑘝.,83
data/synthetic/images/line_0083_v003.png,तारे रात्रीच्या आकाशात चमकतात.,𑘝𑘰𑘨𑘹 𑘨𑘰𑘝𑘿𑘨𑘲𑘓𑘿𑘧𑘰 𑘁𑘎𑘰𑘫𑘰𑘝 𑘓𑘦𑘎𑘝𑘰𑘝.,83
data/synthetic/images/line_0083_v004.png,तारे रात्रीच्या आकाशात चमकतात.,𑘝𑘰𑘨𑘹 𑘨𑘰𑘝𑘿𑘨𑘲𑘓𑘿𑘧𑘰 𑘁𑘎𑘰𑘫𑘰𑘝 𑘓𑘦𑘎𑘝𑘰𑘝.,83
data/synthetic/images/line_0083_v005.png,तारे रात्रीच्या आकाशात चमकतात.,𑘝𑘰𑘨𑘹 𑘨𑘰𑘝𑘿𑘨𑘲𑘓𑘿𑘧𑘰 𑘁𑘎𑘰𑘫𑘰𑘝 𑘓𑘦𑘎𑘝𑘰𑘝.,83
data/synthetic/images/line_0083_v006.png,तारे रात्रीच्या आकाशात चमकतात.,𑘝𑘰𑘨𑘹 𑘨𑘰𑘝𑘿𑘨𑘲𑘓𑘿𑘧𑘰 𑘁𑘎𑘰𑘫𑘰𑘝 𑘓𑘦𑘎𑘝𑘰𑘝.,83
data/synthetic/images/line_0083_v007.png,तारे रात्रीच्या आकाशात चमकतात.,𑘝𑘰𑘨𑘹 𑘨𑘰𑘝𑘿𑘨𑘲𑘓𑘿𑘧𑘰 𑘁𑘎𑘰𑘫𑘰𑘝 𑘓𑘦𑘎𑘝𑘰𑘝.,83
data/synthetic/images/line_0083_v008.png,तारे रात्रीच्या आकाशात चमकतात.,𑘝𑘰𑘨𑘹 𑘨𑘰𑘝𑘿𑘨𑘲𑘓𑘿𑘧𑘰 𑘁𑘎𑘰𑘫𑘰𑘝 𑘓𑘦𑘎𑘝𑘰𑘝.,83
data/synthetic/images/line_0083_v009.png,तारे रात्रीच्या आकाशात चमकतात.,𑘝𑘰𑘨𑘹 𑘨𑘰𑘝𑘿𑘨𑘲𑘓𑘿𑘧𑘰 𑘁𑘎𑘰𑘫𑘰𑘝 𑘓𑘦𑘎𑘝𑘰𑘝.,83
data/synthetic/images/line_0083_v010.png,तारे रात्रीच्या आकाशात चमकतात.,𑘝𑘰𑘨𑘹 𑘨𑘰𑘝𑘿𑘨𑘲𑘓𑘿𑘧𑘰 𑘁𑘎𑘰𑘫𑘰𑘝 𑘓𑘦𑘎𑘝𑘰𑘝.,83
data/synthetic/images/line_0083_v011.png,तारे रात्रीच्या आकाशात चमकतात.,𑘝𑘰𑘨𑘹 𑘨𑘰𑘝𑘿𑘨𑘲𑘓𑘿𑘧𑘰 𑘁𑘎𑘰𑘫𑘰𑘝 𑘓𑘦𑘎𑘝𑘰𑘝.,83
data/synthetic/images/line_0083_v012.png,तारे रात्रीच्या आकाशात चमकतात.,𑘝𑘰𑘨𑘹 𑘨𑘰𑘝𑘿𑘨𑘲𑘓𑘿𑘧𑘰 𑘁𑘎𑘰𑘫𑘰𑘝 𑘓𑘦𑘎𑘝𑘰𑘝.,83
data/synthetic/images/line_0083_v013.png,तारे रात्रीच्या आकाशात चमकतात.,𑘝𑘰𑘨𑘹 𑘨𑘰𑘝𑘿𑘨𑘲𑘓𑘿𑘧𑘰 𑘁𑘎𑘰𑘫𑘰𑘝 𑘓𑘦𑘎𑘝𑘰𑘝.,83
data/synthetic/images/line_0083_v014.png,तारे रात्रीच्या आकाशात चमकतात.,𑘝𑘰𑘨𑘹 𑘨𑘰𑘝𑘿𑘨𑘲𑘓𑘿𑘧𑘰 𑘁𑘎𑘰𑘫𑘰𑘝 𑘓𑘦𑘎𑘝𑘰𑘝.,83
data/synthetic/images/line_0083_v015.png,तारे रात्रीच्या आकाशात चमकतात.,𑘝𑘰𑘨𑘹 𑘨𑘰𑘝𑘿𑘨𑘲𑘓𑘿𑘧𑘰 𑘁𑘎𑘰𑘫𑘰𑘝 𑘓𑘦𑘎𑘝𑘰𑘝.,83
data/synthetic/images/line_0083_v016.png,तारे रात्रीच्या आकाशात चमकतात.,𑘝𑘰𑘨𑘹 𑘨𑘰𑘝𑘿𑘨𑘲𑘓𑘿𑘧𑘰 𑘁𑘎𑘰𑘫𑘰𑘝 𑘓𑘦𑘎𑘝𑘰𑘝.,83
data/synthetic/images/line_0083_v017.png,तारे रात्रीच्या आकाशात चमकतात.,𑘝𑘰𑘨𑘹 𑘨𑘰𑘝𑘿𑘨𑘲𑘓𑘿𑘧𑘰 𑘁𑘎𑘰𑘫𑘰𑘝 𑘓𑘦𑘎𑘝𑘰𑘝.,83
data/synthetic/images/line_0083_v018.png,तारे रात्रीच्या आकाशात चमकतात.,𑘝𑘰𑘨𑘹 𑘨𑘰𑘝𑘿𑘨𑘲𑘓𑘿𑘧𑘰 𑘁𑘎𑘰𑘫𑘰𑘝 𑘓𑘦𑘎𑘝𑘰𑘝.,83
data/synthetic/images/line_0083_v019.png,तारे रात्रीच्या आकाशात चमकतात.,𑘝𑘰𑘨𑘹 𑘨𑘰𑘝𑘿𑘨𑘲𑘓𑘿𑘧𑘰 𑘁𑘎𑘰𑘫𑘰𑘝 𑘓𑘦𑘎𑘝𑘰𑘝.,83
data/synthetic/images/line_0083_v020.png,तारे रात्रीच्या आकाशात चमकतात.,𑘝𑘰𑘨𑘹 𑘨𑘰𑘝𑘿𑘨𑘲𑘓𑘿𑘧𑘰 𑘁𑘎𑘰𑘫𑘰𑘝 𑘓𑘦𑘎𑘝𑘰𑘝.,83
data/synthetic/images/line_0083_v021.png,तारे रात्रीच्या आकाशात चमकतात.,𑘝𑘰𑘨𑘹 𑘨𑘰𑘝𑘿𑘨𑘲𑘓𑘿𑘧𑘰 𑘁𑘎𑘰𑘫𑘰𑘝 𑘓𑘦𑘎𑘝𑘰𑘝.,83
data/synthetic/images/line_0083_v022.png,तारे रात्रीच्या आकाशात चमकतात.,𑘝𑘰𑘨𑘹 𑘨𑘰𑘝𑘿𑘨𑘲𑘓𑘿𑘧𑘰 𑘁𑘎𑘰𑘫𑘰𑘝 𑘓𑘦𑘎𑘝𑘰𑘝.,83
data/synthetic/images/line_0083_v023.png,तारे रात्रीच्या आकाशात चमकतात.,𑘝𑘰𑘨𑘹 𑘨𑘰𑘝𑘿𑘨𑘲𑘓𑘿𑘧𑘰 𑘁𑘎𑘰𑘫𑘰𑘝 𑘓𑘦𑘎𑘝𑘰𑘝.,83
data/synthetic/images/line_0083_v024.png,तारे रात्रीच्या आकाशात चमकतात.,𑘝𑘰𑘨𑘹 𑘨𑘰𑘝𑘿𑘨𑘲𑘓𑘿𑘧𑘰 𑘁𑘎𑘰𑘫𑘰𑘝 𑘓𑘦𑘎𑘝𑘰𑘝.,83
data/synthetic/images/line_0083_v025.png,तारे रात्रीच्या आकाशात चमकतात.,𑘝𑘰𑘨𑘹 𑘨𑘰𑘝𑘿𑘨𑘲𑘓𑘿𑘧𑘰 𑘁𑘎𑘰𑘫𑘰𑘝 𑘓𑘦𑘎𑘝𑘰𑘝.,83
data/synthetic/images/line_0083_v026.png,तारे रात्रीच्या आकाशात चमकतात.,𑘝𑘰𑘨𑘹 𑘨𑘰𑘝𑘿𑘨𑘲𑘓𑘿𑘧𑘰 𑘁𑘎𑘰𑘫𑘰𑘝 𑘓𑘦𑘎𑘝𑘰𑘝.,83
data/synthetic/images/line_0083_v027.png,तारे रात्रीच्या आकाशात चमकतात.,𑘝𑘰𑘨𑘹 𑘨𑘰𑘝𑘿𑘨𑘲𑘓𑘿𑘧𑘰 𑘁𑘎𑘰𑘫𑘰𑘝 𑘓𑘦𑘎𑘝𑘰𑘝.,83
data/synthetic/images/line_0083_v028.png,तारे रात्रीच्या आकाशात चमकतात.,𑘝𑘰𑘨𑘹 𑘨𑘰𑘝𑘿𑘨𑘲𑘓𑘿𑘧𑘰 𑘁𑘎𑘰𑘫𑘰𑘝 𑘓𑘦𑘎𑘝𑘰𑘝.,83
data/synthetic/images/line_0083_v029.png,तारे रात्रीच्या आकाशात चमकतात.,𑘝𑘰𑘨𑘹 𑘨𑘰𑘝𑘿𑘨𑘲𑘓𑘿𑘧𑘰 𑘁𑘎𑘰𑘫𑘰𑘝 𑘓𑘦𑘎𑘝𑘰𑘝.,83
data/synthetic/images/line_0083_v030.png,तारे रात्रीच्या आकाशात चमकतात.,𑘝𑘰𑘨𑘹 𑘨𑘰𑘝𑘿𑘨𑘲𑘓𑘿𑘧𑘰 𑘁𑘎𑘰𑘫𑘰𑘝 𑘓𑘦𑘎𑘝𑘰𑘝.,83
data/synthetic/images/line_0083_v031.png,तारे रात्रीच्या आकाशात चमकतात.,𑘝𑘰𑘨𑘹 𑘨𑘰𑘝𑘿𑘨𑘲𑘓𑘿𑘧𑘰 𑘁𑘎𑘰𑘫𑘰𑘝 𑘓𑘦𑘎𑘝𑘰𑘝.,83
data/synthetic/images/line_0083_v032.png,तारे रात्रीच्या आकाशात चमकतात.,𑘝𑘰𑘨𑘹 𑘨𑘰𑘝𑘿𑘨𑘲𑘓𑘿𑘧𑘰 𑘁𑘎𑘰𑘫𑘰𑘝 𑘓𑘦𑘎𑘝𑘰𑘝.,83
data/synthetic/images/line_0083_v033.png,तारे रात्रीच्या आकाशात चमकतात.,𑘝𑘰𑘨𑘹 𑘨𑘰𑘝𑘿𑘨𑘲𑘓𑘿𑘧𑘰 𑘁𑘎𑘰𑘫𑘰𑘝 𑘓𑘦𑘎𑘝𑘰𑘝.,83
data/synthetic/images/line_0083_v034.png,तारे रात्रीच्या आकाशात चमकतात.,𑘝𑘰𑘨𑘹 𑘨𑘰𑘝𑘿𑘨𑘲𑘓𑘿𑘧𑘰 𑘁𑘎𑘰𑘫𑘰𑘝 𑘓𑘦𑘎𑘝𑘰𑘝.,83
data/synthetic/images/line_0083_v035.png,तारे रात्रीच्या आकाशात चमकतात.,𑘝𑘰𑘨𑘹 𑘨𑘰𑘝𑘿𑘨𑘲𑘓𑘿𑘧𑘰 𑘁𑘎𑘰𑘫𑘰𑘝 𑘓𑘦𑘎𑘝𑘰𑘝.,83
data/synthetic/images/line_0083_v036.png,तारे रात्रीच्या आकाशात चमकतात.,𑘝𑘰𑘨𑘹 𑘨𑘰𑘝𑘿𑘨𑘲𑘓𑘿𑘧𑘰 𑘁𑘎𑘰𑘫𑘰𑘝 𑘓𑘦𑘎𑘝𑘰𑘝.,83
data/synthetic/images/line_0083_v037.png,तारे रात्रीच्या आकाशात चमकतात.,𑘝𑘰𑘨𑘹 𑘨𑘰𑘝𑘿𑘨𑘲𑘓𑘿𑘧𑘰 𑘁𑘎𑘰𑘫𑘰𑘝 𑘓𑘦𑘎𑘝𑘰𑘝.,83
data/synthetic/images/line_0083_v038.png,तारे रात्रीच्या आकाशात चमकतात.,𑘝𑘰𑘨𑘹 𑘨𑘰𑘝𑘿𑘨𑘲𑘓𑘿𑘧𑘰 𑘁𑘎𑘰𑘫𑘰𑘝 𑘓𑘦𑘎𑘝𑘰𑘝.,83
data/synthetic/images/line_0083_v039.png,तारे रात्रीच्या आकाशात चमकतात.,𑘝𑘰𑘨𑘹 𑘨𑘰𑘝𑘿𑘨𑘲𑘓𑘿𑘧𑘰 𑘁𑘎𑘰𑘫𑘰𑘝 𑘓𑘦𑘎𑘝𑘰𑘝.,83
data/synthetic/images/line_0084_v000.png,आकाश आज खूप निरभ्र आहे.,𑘁𑘎𑘰𑘫 𑘁𑘕 𑘏𑘴𑘢 𑘡𑘱𑘨𑘥𑘿𑘨 𑘁𑘮𑘹.,84
data/synthetic/images/line_0084_v001.png,आकाश आज खूप निरभ्र आहे.,𑘁𑘎𑘰𑘫 𑘁𑘕 𑘏𑘴𑘢 𑘡𑘱𑘨𑘥𑘿𑘨 𑘁𑘮𑘹.,84
data/synthetic/images/line_0084_v002.png,आकाश आज खूप निरभ्र आहे.,𑘁𑘎𑘰𑘫 𑘁𑘕 𑘏𑘴𑘢 𑘡𑘱𑘨𑘥𑘿𑘨 𑘁𑘮𑘹.,84
data/synthetic/images/line_0084_v003.png,आकाश आज खूप निरभ्र आहे.,𑘁𑘎𑘰𑘫 𑘁𑘕 𑘏𑘴𑘢 𑘡𑘱𑘨𑘥𑘿𑘨 𑘁𑘮𑘹.,84
data/synthetic/images/line_0084_v004.png,आकाश आज खूप निरभ्र आहे.,𑘁𑘎𑘰𑘫 𑘁𑘕 𑘏𑘴𑘢 𑘡𑘱𑘨𑘥𑘿𑘨 𑘁𑘮𑘹.,84
data/synthetic/images/line_0084_v005.png,आकाश आज खूप निरभ्र आहे.,𑘁𑘎𑘰𑘫 𑘁𑘕 𑘏𑘴𑘢 𑘡𑘱𑘨𑘥𑘿𑘨 𑘁𑘮𑘹.,84
data/synthetic/images/line_0084_v006.png,आकाश आज खूप निरभ्र आहे.,𑘁𑘎𑘰𑘫 𑘁𑘕 𑘏𑘴𑘢 𑘡𑘱𑘨𑘥𑘿𑘨 𑘁𑘮𑘹.,84
data/synthetic/images/line_0084_v007.png,आकाश आज खूप निरभ्र आहे.,𑘁𑘎𑘰𑘫 𑘁𑘕 𑘏𑘴𑘢 𑘡𑘱𑘨𑘥𑘿𑘨 𑘁𑘮𑘹.,84
data/synthetic/images/line_0084_v008.png,आकाश आज खूप निरभ्र आहे.,𑘁𑘎𑘰𑘫 𑘁𑘕 𑘏𑘴𑘢 𑘡𑘱𑘨𑘥𑘿𑘨 𑘁𑘮𑘹.,84
data/synthetic/images/line_0084_v009.png,आकाश आज खूप निरभ्र आहे.,𑘁𑘎𑘰𑘫 𑘁𑘕 𑘏𑘴𑘢 𑘡𑘱𑘨𑘥𑘿𑘨 𑘁𑘮𑘹.,84
data/synthetic/images/line_0084_v010.png,आकाश आज खूप निरभ्र आहे.,𑘁𑘎𑘰𑘫 𑘁𑘕 𑘏𑘴𑘢 𑘡𑘱𑘨𑘥𑘿𑘨 𑘁𑘮𑘹.,84
data/synthetic/images/line_0084_v011.png,आकाश आज खूप निरभ्र आहे.,𑘁𑘎𑘰𑘫 𑘁𑘕 𑘏𑘴𑘢 𑘡𑘱𑘨𑘥𑘿𑘨 𑘁𑘮𑘹.,84
data/synthetic/images/line_0084_v012.png,आकाश आज खूप निरभ्र आहे.,𑘁𑘎𑘰𑘫 𑘁𑘕 𑘏𑘴𑘢 𑘡𑘱𑘨𑘥𑘿𑘨 𑘁𑘮𑘹.,84
data/synthetic/images/line_0084_v013.png,आकाश आज खूप निरभ्र आहे.,𑘁𑘎𑘰𑘫 𑘁𑘕 𑘏𑘴𑘢 𑘡𑘱𑘨𑘥𑘿𑘨 𑘁𑘮𑘹.,84
data/synthetic/images/line_0084_v014.png,आकाश आज खूप निरभ्र आहे.,𑘁𑘎𑘰𑘫 𑘁𑘕 𑘏𑘴𑘢 𑘡𑘱𑘨𑘥𑘿𑘨 𑘁𑘮𑘹.,84
data/synthetic/images/line_0084_v015.png,आकाश आज खूप निरभ्र आहे.,𑘁𑘎𑘰𑘫 𑘁𑘕 𑘏𑘴𑘢 𑘡𑘱𑘨𑘥𑘿𑘨 𑘁𑘮𑘹.,84
data/synthetic/images/line_0084_v016.png,आकाश आज खूप निरभ्र आहे.,𑘁𑘎𑘰𑘫 𑘁𑘕 𑘏𑘴𑘢 𑘡𑘱𑘨𑘥𑘿𑘨 𑘁𑘮𑘹.,84
data/synthetic/images/line_0084_v017.png,आकाश आज खूप निरभ्र आहे.,𑘁𑘎𑘰𑘫 𑘁𑘕 𑘏𑘴𑘢 𑘡𑘱𑘨𑘥𑘿𑘨 𑘁𑘮𑘹.,84
data/synthetic/images/line_0084_v018.png,आकाश आज खूप निरभ्र आहे.,𑘁𑘎𑘰𑘫 𑘁𑘕 𑘏𑘴𑘢 𑘡𑘱𑘨𑘥𑘿𑘨 𑘁𑘮𑘹.,84
data/synthetic/images/line_0084_v019.png,आकाश आज खूप निरभ्र आहे.,𑘁𑘎𑘰𑘫 𑘁𑘕 𑘏𑘴𑘢 𑘡𑘱𑘨𑘥𑘿𑘨 𑘁𑘮𑘹.,84
data/synthetic/images/line_0084_v020.png,आकाश आज खूप निरभ्र आहे.,𑘁𑘎𑘰𑘫 𑘁𑘕 𑘏𑘴𑘢 𑘡𑘱𑘨𑘥𑘿𑘨 𑘁𑘮𑘹.,84
data/synthetic/images/line_0084_v021.png,आकाश आज खूप निरभ्र आहे.,𑘁𑘎𑘰𑘫 𑘁𑘕 𑘏𑘴𑘢 𑘡𑘱𑘨𑘥𑘿𑘨 𑘁𑘮𑘹.,84
data/synthetic/images/line_0084_v022.png,आकाश आज खूप निरभ्र आहे.,𑘁𑘎𑘰𑘫 𑘁𑘕 𑘏𑘴𑘢 𑘡𑘱𑘨𑘥𑘿𑘨 𑘁𑘮𑘹.,84
data/synthetic/images/line_0084_v023.png,आकाश आज खूप निरभ्र आहे.,𑘁𑘎𑘰𑘫 𑘁𑘕 𑘏𑘴𑘢 𑘡𑘱𑘨𑘥𑘿𑘨 𑘁𑘮𑘹.,84
data/synthetic/images/line_0084_v024.png,आकाश आज खूप निरभ्र आहे.,𑘁𑘎𑘰𑘫 𑘁𑘕 𑘏𑘴𑘢 𑘡𑘱𑘨𑘥𑘿𑘨 𑘁𑘮𑘹.,84
data/synthetic/images/line_0084_v025.png,आकाश आज खूप निरभ्र आहे.,𑘁𑘎𑘰𑘫 𑘁𑘕 𑘏𑘴𑘢 𑘡𑘱𑘨𑘥𑘿𑘨 𑘁𑘮𑘹.,84
data/synthetic/images/line_0084_v026.png,आकाश आज खूप निरभ्र आहे.,𑘁𑘎𑘰𑘫 𑘁𑘕 𑘏𑘴𑘢 𑘡𑘱𑘨𑘥𑘿𑘨 𑘁𑘮𑘹.,84
data/synthetic/images/line_0084_v027.png,आकाश आज खूप निरभ्र आहे.,𑘁𑘎𑘰𑘫 𑘁𑘕 𑘏𑘴𑘢 𑘡𑘱𑘨𑘥𑘿𑘨 𑘁𑘮𑘹.,84
data/synthetic/images/line_0084_v028.png,आकाश आज खूप निरभ्र आहे.,𑘁𑘎𑘰𑘫 𑘁𑘕 𑘏𑘴𑘢 𑘡𑘱𑘨𑘥𑘿𑘨 𑘁𑘮𑘹.,84
data/synthetic/images/line_0084_v029.png,आकाश आज खूप निरभ्र आहे.,𑘁𑘎𑘰𑘫 𑘁𑘕 𑘏𑘴𑘢 𑘡𑘱𑘨𑘥𑘿𑘨 𑘁𑘮𑘹.,84
data/synthetic/images/line_0084_v030.png,आकाश आज खूप निरभ्र आहे.,𑘁𑘎𑘰𑘫 𑘁𑘕 𑘏𑘴𑘢 𑘡𑘱𑘨𑘥𑘿𑘨 𑘁𑘮𑘹.,84
data/synthetic/images/line_0084_v031.png,आकाश आज खूप निरभ्र आहे.,𑘁𑘎𑘰𑘫 𑘁𑘕 𑘏𑘴𑘢 𑘡𑘱𑘨𑘥𑘿𑘨 𑘁𑘮𑘹.,84
data/synthetic/images/line_0084_v032.png,आकाश आज खूप निरभ्र आहे.,𑘁𑘎𑘰𑘫 𑘁𑘕 𑘏𑘴𑘢 𑘡𑘱𑘨𑘥𑘿𑘨 𑘁𑘮𑘹.,84
data/synthetic/images/line_0084_v033.png,आकाश आज खूप निरभ्र आहे.,𑘁𑘎𑘰𑘫 𑘁𑘕 𑘏𑘴𑘢 𑘡𑘱𑘨𑘥𑘿𑘨 𑘁𑘮𑘹.,84
data/synthetic/images/line_0084_v034.png,आकाश आज खूप निरभ्र आहे.,𑘁𑘎𑘰𑘫 𑘁𑘕 𑘏𑘴𑘢 𑘡𑘱𑘨𑘥𑘿𑘨 𑘁𑘮𑘹.,84
data/synthetic/images/line_0084_v035.png,आकाश आज खूप निरभ्र आहे.,𑘁𑘎𑘰𑘫 𑘁𑘕 𑘏𑘴𑘢 𑘡𑘱𑘨𑘥𑘿𑘨 𑘁𑘮𑘹.,84
data/synthetic/images/line_0084_v036.png,आकाश आज खूप निरभ्र आहे.,𑘁𑘎𑘰𑘫 𑘁𑘕 𑘏𑘴𑘢 𑘡𑘱𑘨𑘥𑘿𑘨 𑘁𑘮𑘹.,84
data/synthetic/images/line_0084_v037.png,आकाश आज खूप निरभ्र आहे.,𑘁𑘎𑘰𑘫 𑘁𑘕 𑘏𑘴𑘢 𑘡𑘱𑘨𑘥𑘿𑘨 𑘁𑘮𑘹.,84
data/synthetic/images/line_0084_v038.png,आकाश आज खूप निरभ्र आहे.,𑘁𑘎𑘰𑘫 𑘁𑘕 𑘏𑘴𑘢 𑘡𑘱𑘨𑘥𑘿𑘨 𑘁𑘮𑘹.,84
data/synthetic/images/line_0084_v039.png,आकाश आज खूप निरभ्र आहे.,𑘁𑘎𑘰𑘫 𑘁𑘕 𑘏𑘴𑘢 𑘡𑘱𑘨𑘥𑘿𑘨 𑘁𑘮𑘹.,84
data/synthetic/images/line_0085_v000.png,एक होता राजा आणि एक होती राणी.,𑘊𑘎 𑘮𑘻𑘝𑘰 𑘨𑘰𑘕𑘰 𑘁𑘜𑘱 𑘊𑘎 𑘮𑘻𑘝𑘲 𑘨𑘰𑘜𑘲.,85
data/synthetic/images/line_0085_v001.png,एक होता राजा आणि एक होती राणी.,𑘊𑘎 𑘮𑘻𑘝𑘰 𑘨𑘰𑘕𑘰 𑘁𑘜𑘱 𑘊𑘎 𑘮𑘻𑘝𑘲 𑘨𑘰𑘜𑘲.,85
data/synthetic/images/line_0085_v002.png,एक होता राजा आणि एक होती राणी.,𑘊𑘎 𑘮𑘻𑘝𑘰 𑘨𑘰𑘕𑘰 𑘁𑘜𑘱 𑘊𑘎 𑘮𑘻𑘝𑘲 𑘨𑘰𑘜𑘲.,85
data/synthetic/images/line_0085_v003.png,एक होता राजा आणि एक होती राणी.,𑘊𑘎 𑘮𑘻𑘝𑘰 𑘨𑘰𑘕𑘰 𑘁𑘜𑘱 𑘊𑘎 𑘮𑘻𑘝𑘲 𑘨𑘰𑘜𑘲.,85
data/synthetic/images/line_0085_v004.png,एक होता राजा आणि एक होती राणी.,𑘊𑘎 𑘮𑘻𑘝𑘰 𑘨𑘰𑘕𑘰 𑘁𑘜𑘱 𑘊𑘎 𑘮𑘻𑘝𑘲 𑘨𑘰𑘜𑘲.,85
data/synthetic/images/line_0085_v005.png,एक होता राजा आणि एक होती राणी.,𑘊𑘎 𑘮𑘻𑘝𑘰 𑘨𑘰𑘕𑘰 𑘁𑘜𑘱 𑘊𑘎 𑘮𑘻𑘝𑘲 𑘨𑘰𑘜𑘲.,85
data/synthetic/images/line_0085_v006.png,एक होता राजा आणि एक होती राणी.,𑘊𑘎 𑘮𑘻𑘝𑘰 𑘨𑘰𑘕𑘰 𑘁𑘜𑘱 𑘊𑘎 𑘮𑘻𑘝𑘲 𑘨𑘰𑘜𑘲.,85
data/synthetic/images/line_0085_v007.png,एक होता राजा आणि एक होती राणी.,𑘊𑘎 𑘮𑘻𑘝𑘰 𑘨𑘰𑘕𑘰 𑘁𑘜𑘱 𑘊𑘎 𑘮𑘻𑘝𑘲 𑘨𑘰𑘜𑘲.,85
data/synthetic/images/line_0085_v008.png,एक होता राजा आणि एक होती राणी.,𑘊𑘎 𑘮𑘻𑘝𑘰 𑘨𑘰𑘕𑘰 𑘁𑘜𑘱 𑘊𑘎 𑘮𑘻𑘝𑘲 𑘨𑘰𑘜𑘲.,85
data/synthetic/images/line_0085_v009.png,एक होता राजा आणि एक होती राणी.,𑘊𑘎 𑘮𑘻𑘝𑘰 𑘨𑘰𑘕𑘰 𑘁𑘜𑘱 𑘊𑘎 𑘮𑘻𑘝𑘲 𑘨𑘰𑘜𑘲.,85
data/synthetic/images/line_0085_v010.png,एक होता राजा आणि एक होती राणी.,𑘊𑘎 𑘮𑘻𑘝𑘰 𑘨𑘰𑘕𑘰 𑘁𑘜𑘱 𑘊𑘎 𑘮𑘻𑘝𑘲 𑘨𑘰𑘜𑘲.,85
data/synthetic/images/line_0085_v011.png,एक होता राजा आणि एक होती राणी.,𑘊𑘎 𑘮𑘻𑘝𑘰 𑘨𑘰𑘕𑘰 𑘁𑘜𑘱 𑘊𑘎 𑘮𑘻𑘝𑘲 𑘨𑘰𑘜𑘲.,85
data/synthetic/images/line_0085_v012.png,एक होता राजा आणि एक होती राणी.,𑘊𑘎 𑘮𑘻𑘝𑘰 𑘨𑘰𑘕𑘰 𑘁𑘜𑘱 𑘊𑘎 𑘮𑘻𑘝𑘲 𑘨𑘰𑘜𑘲.,85
data/synthetic/images/line_0085_v013.png,एक होता राजा आणि एक होती राणी.,𑘊𑘎 𑘮𑘻𑘝𑘰 𑘨𑘰𑘕𑘰 𑘁𑘜𑘱 𑘊𑘎 𑘮𑘻𑘝𑘲 𑘨𑘰𑘜𑘲.,85
data/synthetic/images/line_0085_v014.png,एक होता राजा आणि एक होती राणी.,𑘊𑘎 𑘮𑘻𑘝𑘰 𑘨𑘰𑘕𑘰 𑘁𑘜𑘱 𑘊𑘎 𑘮𑘻𑘝𑘲 𑘨𑘰𑘜𑘲.,85
data/synthetic/images/line_0085_v015.png,एक होता राजा आणि एक होती राणी.,𑘊𑘎 𑘮𑘻𑘝𑘰 𑘨𑘰𑘕𑘰 𑘁𑘜𑘱 𑘊𑘎 𑘮𑘻𑘝𑘲 𑘨𑘰𑘜𑘲.,85
data/synthetic/images/line_0085_v016.png,एक होता राजा आणि एक होती राणी.,𑘊𑘎 𑘮𑘻𑘝𑘰 𑘨𑘰𑘕𑘰 𑘁𑘜𑘱 𑘊𑘎 𑘮𑘻𑘝𑘲 𑘨𑘰𑘜𑘲.,85
data/synthetic/images/line_0085_v017.png,एक होता राजा आणि एक होती राणी.,𑘊𑘎 𑘮𑘻𑘝𑘰 𑘨𑘰𑘕𑘰 𑘁𑘜𑘱 𑘊𑘎 𑘮𑘻𑘝𑘲 𑘨𑘰𑘜𑘲.,85
data/synthetic/images/line_0085_v018.png,एक होता राजा आणि एक होती राणी.,𑘊𑘎 𑘮𑘻𑘝𑘰 𑘨𑘰𑘕𑘰 𑘁𑘜𑘱 𑘊𑘎 𑘮𑘻𑘝𑘲 𑘨𑘰𑘜𑘲.,85
data/synthetic/images/line_0085_v019.png,एक होता राजा आणि एक होती राणी.,𑘊𑘎 𑘮𑘻𑘝𑘰 𑘨𑘰𑘕𑘰 𑘁𑘜𑘱 𑘊𑘎 𑘮𑘻𑘝𑘲 𑘨𑘰𑘜𑘲.,85
data/synthetic/images/line_0085_v020.png,एक होता राजा आणि एक होती राणी.,𑘊𑘎 𑘮𑘻𑘝𑘰 𑘨𑘰𑘕𑘰 𑘁𑘜𑘱 𑘊𑘎 𑘮𑘻𑘝𑘲 𑘨𑘰𑘜𑘲.,85
data/synthetic/images/line_0085_v021.png,एक होता राजा आणि एक होती राणी.,𑘊𑘎 𑘮𑘻𑘝𑘰 𑘨𑘰𑘕𑘰 𑘁𑘜𑘱 𑘊𑘎 𑘮𑘻𑘝𑘲 𑘨𑘰𑘜𑘲.,85
data/synthetic/images/line_0085_v022.png,एक होता राजा आणि एक होती राणी.,𑘊𑘎 𑘮𑘻𑘝𑘰 𑘨𑘰𑘕𑘰 𑘁𑘜𑘱 𑘊𑘎 𑘮𑘻𑘝𑘲 𑘨𑘰𑘜𑘲.,85
data/synthetic/images/line_0085_v023.png,एक होता राजा आणि एक होती राणी.,𑘊𑘎 𑘮𑘻𑘝𑘰 𑘨𑘰𑘕𑘰 𑘁𑘜𑘱 𑘊𑘎 𑘮𑘻𑘝𑘲 𑘨𑘰𑘜𑘲.,85
data/synthetic/images/line_0085_v024.png,एक होता राजा आणि एक होती राणी.,𑘊𑘎 𑘮𑘻𑘝𑘰 𑘨𑘰𑘕𑘰 𑘁𑘜𑘱 𑘊𑘎 𑘮𑘻𑘝𑘲 𑘨𑘰𑘜𑘲.,85
data/synthetic/images/line_0085_v025.png,एक होता राजा आणि एक होती राणी.,𑘊𑘎 𑘮𑘻𑘝𑘰 𑘨𑘰𑘕𑘰 𑘁𑘜𑘱 𑘊𑘎 𑘮𑘻𑘝𑘲 𑘨𑘰𑘜𑘲.,85
data/synthetic/images/line_0085_v026.png,एक होता राजा आणि एक होती राणी.,𑘊𑘎 𑘮𑘻𑘝𑘰 𑘨𑘰𑘕𑘰 𑘁𑘜𑘱 𑘊𑘎 𑘮𑘻𑘝𑘲 𑘨𑘰𑘜𑘲.,85
data/synthetic/images/line_0085_v027.png,एक होता राजा आणि एक होती राणी.,𑘊𑘎 𑘮𑘻𑘝𑘰 𑘨𑘰𑘕𑘰 𑘁𑘜𑘱 𑘊𑘎 𑘮𑘻𑘝𑘲 𑘨𑘰𑘜𑘲.,85
data/synthetic/images/line_0085_v028.png,एक होता राजा आणि एक होती राणी.,𑘊𑘎 𑘮𑘻𑘝𑘰 𑘨𑘰𑘕𑘰 𑘁𑘜𑘱 𑘊𑘎 𑘮𑘻𑘝𑘲 𑘨𑘰𑘜𑘲.,85
data/synthetic/images/line_0085_v029.png,एक होता राजा आणि एक होती राणी.,𑘊𑘎 𑘮𑘻𑘝𑘰 𑘨𑘰𑘕𑘰 𑘁𑘜𑘱 𑘊𑘎 𑘮𑘻𑘝𑘲 𑘨𑘰𑘜𑘲.,85
data/synthetic/images/line_0085_v030.png,एक होता राजा आणि एक होती राणी.,𑘊𑘎 𑘮𑘻𑘝𑘰 𑘨𑘰𑘕𑘰 𑘁𑘜𑘱 𑘊𑘎 𑘮𑘻𑘝𑘲 𑘨𑘰𑘜𑘲.,85
data/synthetic/images/line_0085_v031.png,एक होता राजा आणि एक होती राणी.,𑘊𑘎 𑘮𑘻𑘝𑘰 𑘨𑘰𑘕𑘰 𑘁𑘜𑘱 𑘊𑘎 𑘮𑘻𑘝𑘲 𑘨𑘰𑘜𑘲.,85
data/synthetic/images/line_0085_v032.png,एक होता राजा आणि एक होती राणी.,𑘊𑘎 𑘮𑘻𑘝𑘰 𑘨𑘰𑘕𑘰 𑘁𑘜𑘱 𑘊𑘎 𑘮𑘻𑘝𑘲 𑘨𑘰𑘜𑘲.,85
data/synthetic/images/line_0085_v033.png,एक होता राजा आणि एक होती राणी.,𑘊𑘎 𑘮𑘻𑘝𑘰 𑘨𑘰𑘕𑘰 𑘁𑘜𑘱 𑘊𑘎 𑘮𑘻𑘝𑘲 𑘨𑘰𑘜𑘲.,85
data/synthetic/images/line_0085_v034.png,एक होता राजा आणि एक होती राणी.,𑘊𑘎 𑘮𑘻𑘝𑘰 𑘨𑘰𑘕𑘰 𑘁𑘜𑘱 𑘊𑘎 𑘮𑘻𑘝𑘲 𑘨𑘰𑘜𑘲.,85
data/synthetic/images/line_0085_v035.png,एक होता राजा आणि एक होती राणी.,𑘊𑘎 𑘮𑘻𑘝𑘰 𑘨𑘰𑘕𑘰 𑘁𑘜𑘱 𑘊𑘎 𑘮𑘻𑘝𑘲 𑘨𑘰𑘜𑘲.,85
data/synthetic/images/line_0085_v036.png,एक होता राजा आणि एक होती राणी.,𑘊𑘎 𑘮𑘻𑘝𑘰 𑘨𑘰𑘕𑘰 𑘁𑘜𑘱 𑘊𑘎 𑘮𑘻𑘝𑘲 𑘨𑘰𑘜𑘲.,85
data/synthetic/images/line_0085_v037.png,एक होता राजा आणि एक होती राणी.,𑘊𑘎 𑘮𑘻𑘝𑘰 𑘨𑘰𑘕𑘰 𑘁𑘜𑘱 𑘊𑘎 𑘮𑘻𑘝𑘲 𑘨𑘰𑘜𑘲.,85
data/synthetic/images/line_0085_v038.png,एक होता राजा आणि एक होती राणी.,𑘊𑘎 𑘮𑘻𑘝𑘰 𑘨𑘰𑘕𑘰 𑘁𑘜𑘱 𑘊𑘎 𑘮𑘻𑘝𑘲 𑘨𑘰𑘜𑘲.,85
data/synthetic/images/line_0085_v039.png,एक होता राजा आणि एक होती राणी.,𑘊𑘎 𑘮𑘻𑘝𑘰 𑘨𑘰𑘕𑘰 𑘁𑘜𑘱 𑘊𑘎 𑘮𑘻𑘝𑘲 𑘨𑘰𑘜𑘲.,85
data/synthetic/images/line_0086_v000.png,गावात एक गरीब शेतकरी राहत होता.,𑘐𑘰𑘪𑘰𑘝 𑘊𑘎 𑘐𑘨𑘲𑘤 𑘫𑘹𑘝𑘎𑘨𑘲 𑘨𑘰𑘮𑘝 𑘮𑘻𑘝𑘰.,86
data/synthetic/images/line_0086_v001.png,गावात एक गरीब शेतकरी राहत होता.,𑘐𑘰𑘪𑘰𑘝 𑘊𑘎 𑘐𑘨𑘲𑘤 𑘫𑘹𑘝𑘎𑘨𑘲 𑘨𑘰𑘮𑘝 𑘮𑘻𑘝𑘰.,86
data/synthetic/images/line_0086_v002.png,गावात एक गरीब शेतकरी राहत होता.,𑘐𑘰𑘪𑘰𑘝 𑘊𑘎 𑘐𑘨𑘲𑘤 𑘫𑘹𑘝𑘎𑘨𑘲 𑘨𑘰𑘮𑘝 𑘮𑘻𑘝𑘰.,86
data/synthetic/images/line_0086_v003.png,गावात एक गरीब शेतकरी राहत होता.,𑘐𑘰𑘪𑘰𑘝 𑘊𑘎 𑘐𑘨𑘲𑘤 𑘫𑘹𑘝𑘎𑘨𑘲 𑘨𑘰𑘮𑘝 𑘮𑘻𑘝𑘰.,86
data/synthetic/images/line_0086_v004.png,गावात एक गरीब शेतकरी राहत होता.,𑘐𑘰𑘪𑘰𑘝 𑘊𑘎 𑘐𑘨𑘲𑘤 𑘫𑘹𑘝𑘎𑘨𑘲 𑘨𑘰𑘮𑘝 𑘮𑘻𑘝𑘰.,86
data/synthetic/images/line_0086_v005.png,गावात एक गरीब शेतकरी राहत होता.,𑘐𑘰𑘪𑘰𑘝 𑘊𑘎 𑘐𑘨𑘲𑘤 𑘫𑘹𑘝𑘎𑘨𑘲 𑘨𑘰𑘮𑘝 𑘮𑘻𑘝𑘰.,86
data/synthetic/images/line_0086_v006.png,गावात एक गरीब शेतकरी राहत होता.,𑘐𑘰𑘪𑘰𑘝 𑘊𑘎 𑘐𑘨𑘲𑘤 𑘫𑘹𑘝𑘎𑘨𑘲 𑘨𑘰𑘮𑘝 𑘮𑘻𑘝𑘰.,86
data/synthetic/images/line_0086_v007.png,गावात एक गरीब शेतकरी राहत होता.,𑘐𑘰𑘪𑘰𑘝 𑘊𑘎 𑘐𑘨𑘲𑘤 𑘫𑘹𑘝𑘎𑘨𑘲 𑘨𑘰𑘮𑘝 𑘮𑘻𑘝𑘰.,86
data/synthetic/images/line_0086_v008.png,गावात एक गरीब शेतकरी राहत होता.,𑘐𑘰𑘪𑘰𑘝 𑘊𑘎 𑘐𑘨𑘲𑘤 𑘫𑘹𑘝𑘎𑘨𑘲 𑘨𑘰𑘮𑘝 𑘮𑘻𑘝𑘰.,86
data/synthetic/images/line_0086_v009.png,गावात एक गरीब शेतकरी राहत होता.,𑘐𑘰𑘪𑘰𑘝 𑘊𑘎 𑘐𑘨𑘲𑘤 𑘫𑘹𑘝𑘎𑘨𑘲 𑘨𑘰𑘮𑘝 𑘮𑘻𑘝𑘰.,86
data/synthetic/images/line_0086_v010.png,गावात एक गरीब शेतकरी राहत होता.,𑘐𑘰𑘪𑘰𑘝 𑘊𑘎 𑘐𑘨𑘲𑘤 𑘫𑘹𑘝𑘎𑘨𑘲 𑘨𑘰𑘮𑘝 𑘮𑘻𑘝𑘰.,86
data/synthetic/images/line_0086_v011.png,गावात एक गरीब शेतकरी राहत होता.,𑘐𑘰𑘪𑘰𑘝 𑘊𑘎 𑘐𑘨𑘲𑘤 𑘫𑘹𑘝𑘎𑘨𑘲 𑘨𑘰𑘮𑘝 𑘮𑘻𑘝𑘰.,86
data/synthetic/images/line_0086_v012.png,गावात एक गरीब शेतकरी राहत होता.,𑘐𑘰𑘪𑘰𑘝 𑘊𑘎 𑘐𑘨𑘲𑘤 𑘫𑘹𑘝𑘎𑘨𑘲 𑘨𑘰𑘮𑘝 𑘮𑘻𑘝𑘰.,86
data/synthetic/images/line_0086_v013.png,गावात एक गरीब शेतकरी राहत होता.,𑘐𑘰𑘪𑘰𑘝 𑘊𑘎 𑘐𑘨𑘲𑘤 𑘫𑘹𑘝𑘎𑘨𑘲 𑘨𑘰𑘮𑘝 𑘮𑘻𑘝𑘰.,86
data/synthetic/images/line_0086_v014.png,गावात एक गरीब शेतकरी राहत होता.,𑘐𑘰𑘪𑘰𑘝 𑘊𑘎 𑘐𑘨𑘲𑘤 𑘫𑘹𑘝𑘎𑘨𑘲 𑘨𑘰𑘮𑘝 𑘮𑘻𑘝𑘰.,86
data/synthetic/images/line_0086_v015.png,गावात एक गरीब शेतकरी राहत होता.,𑘐𑘰𑘪𑘰𑘝 𑘊𑘎 𑘐𑘨𑘲𑘤 𑘫𑘹𑘝𑘎𑘨𑘲 𑘨𑘰𑘮𑘝 𑘮𑘻𑘝𑘰.,86
data/synthetic/images/line_0086_v016.png,गावात एक गरीब शेतकरी राहत होता.,𑘐𑘰𑘪𑘰𑘝 𑘊𑘎 𑘐𑘨𑘲𑘤 𑘫𑘹𑘝𑘎𑘨𑘲 𑘨𑘰𑘮𑘝 𑘮𑘻𑘝𑘰.,86
data/synthetic/images/line_0086_v017.png,गावात एक गरीब शेतकरी राहत होता.,𑘐𑘰𑘪𑘰𑘝 𑘊𑘎 𑘐𑘨𑘲𑘤 𑘫𑘹𑘝𑘎𑘨𑘲 𑘨𑘰𑘮𑘝 𑘮𑘻𑘝𑘰.,86
data/synthetic/images/line_0086_v018.png,गावात एक गरीब शेतकरी राहत होता.,𑘐𑘰𑘪𑘰𑘝 𑘊𑘎 𑘐𑘨𑘲𑘤 𑘫𑘹𑘝𑘎𑘨𑘲 𑘨𑘰𑘮𑘝 𑘮𑘻𑘝𑘰.,86
data/synthetic/images/line_0086_v019.png,गावात एक गरीब शेतकरी राहत होता.,𑘐𑘰𑘪𑘰𑘝 𑘊𑘎 𑘐𑘨𑘲𑘤 𑘫𑘹𑘝𑘎𑘨𑘲 𑘨𑘰𑘮𑘝 𑘮𑘻𑘝𑘰.,86
data/synthetic/images/line_0086_v020.png,गावात एक गरीब शेतकरी राहत होता.,𑘐𑘰𑘪𑘰𑘝 𑘊𑘎 𑘐𑘨𑘲𑘤 𑘫𑘹𑘝𑘎𑘨𑘲 𑘨𑘰𑘮𑘝 𑘮𑘻𑘝𑘰.,86
data/synthetic/images/line_0086_v021.png,गावात एक गरीब शेतकरी राहत होता.,𑘐𑘰𑘪𑘰𑘝 𑘊𑘎 𑘐𑘨𑘲𑘤 𑘫𑘹𑘝𑘎𑘨𑘲 𑘨𑘰𑘮𑘝 𑘮𑘻𑘝𑘰.,86
data/synthetic/images/line_0086_v022.png,गावात एक गरीब शेतकरी राहत होता.,𑘐𑘰𑘪𑘰𑘝 𑘊𑘎 𑘐𑘨𑘲𑘤 𑘫𑘹𑘝𑘎𑘨𑘲 𑘨𑘰𑘮𑘝 𑘮𑘻𑘝𑘰.,86
data/synthetic/images/line_0086_v023.png,गावात एक गरीब शेतकरी राहत होता.,𑘐𑘰𑘪𑘰𑘝 𑘊𑘎 𑘐𑘨𑘲𑘤 𑘫𑘹𑘝𑘎𑘨𑘲 𑘨𑘰𑘮𑘝 𑘮𑘻𑘝𑘰.,86
data/synthetic/images/line_0086_v024.png,गावात एक गरीब शेतकरी राहत होता.,𑘐𑘰𑘪𑘰𑘝 𑘊𑘎 𑘐𑘨𑘲𑘤 𑘫𑘹𑘝𑘎𑘨𑘲 𑘨𑘰𑘮𑘝 𑘮𑘻𑘝𑘰.,86
data/synthetic/images/line_0086_v025.png,गावात एक गरीब शेतकरी राहत होता.,𑘐𑘰𑘪𑘰𑘝 𑘊𑘎 𑘐𑘨𑘲𑘤 𑘫𑘹𑘝𑘎𑘨𑘲 𑘨𑘰𑘮𑘝 𑘮𑘻𑘝𑘰.,86
data/synthetic/images/line_0086_v026.png,गावात एक गरीब शेतकरी राहत होता.,𑘐𑘰𑘪𑘰𑘝 𑘊𑘎 𑘐𑘨𑘲𑘤 𑘫𑘹𑘝𑘎𑘨𑘲 𑘨𑘰𑘮𑘝 𑘮𑘻𑘝𑘰.,86
data/synthetic/images/line_0086_v027.png,गावात एक गरीब शेतकरी राहत होता.,𑘐𑘰𑘪𑘰𑘝 𑘊𑘎 𑘐𑘨𑘲𑘤 𑘫𑘹𑘝𑘎𑘨𑘲 𑘨𑘰𑘮𑘝 𑘮𑘻𑘝𑘰.,86
data/synthetic/images/line_0086_v028.png,गावात एक गरीब शेतकरी राहत होता.,𑘐𑘰𑘪𑘰𑘝 𑘊𑘎 𑘐𑘨𑘲𑘤 𑘫𑘹𑘝𑘎𑘨𑘲 𑘨𑘰𑘮𑘝 𑘮𑘻𑘝𑘰.,86
data/synthetic/images/line_0086_v029.png,गावात एक गरीब शेतकरी राहत होता.,𑘐𑘰𑘪𑘰𑘝 𑘊𑘎 𑘐𑘨𑘲𑘤 𑘫𑘹𑘝𑘎𑘨𑘲 𑘨𑘰𑘮𑘝 𑘮𑘻𑘝𑘰.,86
data/synthetic/images/line_0086_v030.png,गावात एक गरीब शेतकरी राहत होता.,𑘐𑘰𑘪𑘰𑘝 𑘊𑘎 𑘐𑘨𑘲𑘤 𑘫𑘹𑘝𑘎𑘨𑘲 𑘨𑘰𑘮𑘝 𑘮𑘻𑘝𑘰.,86
data/synthetic/images/line_0086_v031.png,गावात एक गरीब शेतकरी राहत होता.,𑘐𑘰𑘪𑘰𑘝 𑘊𑘎 𑘐𑘨𑘲𑘤 𑘫𑘹𑘝𑘎𑘨𑘲 𑘨𑘰𑘮𑘝 𑘮𑘻𑘝𑘰.,86
data/synthetic/images/line_0086_v032.png,गावात एक गरीब शेतकरी राहत होता.,𑘐𑘰𑘪𑘰𑘝 𑘊𑘎 𑘐𑘨𑘲𑘤 𑘫𑘹𑘝𑘎𑘨𑘲 𑘨𑘰𑘮𑘝 𑘮𑘻𑘝𑘰.,86
data/synthetic/images/line_0086_v033.png,गावात एक गरीब शेतकरी राहत होता.,𑘐𑘰𑘪𑘰𑘝 𑘊𑘎 𑘐𑘨𑘲𑘤 𑘫𑘹𑘝𑘎𑘨𑘲 𑘨𑘰𑘮𑘝 𑘮𑘻𑘝𑘰.,86
data/synthetic/images/line_0086_v034.png,गावात एक गरीब शेतकरी राहत होता.,𑘐𑘰𑘪𑘰𑘝 𑘊𑘎 𑘐𑘨𑘲𑘤 𑘫𑘹𑘝𑘎𑘨𑘲 𑘨𑘰𑘮𑘝 𑘮𑘻𑘝𑘰.,86
data/synthetic/images/line_0086_v035.png,गावात एक गरीब शेतकरी राहत होता.,𑘐𑘰𑘪𑘰𑘝 𑘊𑘎 𑘐𑘨𑘲𑘤 𑘫𑘹𑘝𑘎𑘨𑘲 𑘨𑘰𑘮𑘝 𑘮𑘻𑘝𑘰.,86
data/synthetic/images/line_0086_v036.png,गावात एक गरीब शेतकरी राहत होता.,𑘐𑘰𑘪𑘰𑘝 𑘊𑘎 𑘐𑘨𑘲𑘤 𑘫𑘹𑘝𑘎𑘨𑘲 𑘨𑘰𑘮𑘝 𑘮𑘻𑘝𑘰.,86
data/synthetic/images/line_0086_v037.png,गावात एक गरीब शेतकरी राहत होता.,𑘐𑘰𑘪𑘰𑘝 𑘊𑘎 𑘐𑘨𑘲𑘤 𑘫𑘹𑘝𑘎𑘨𑘲 𑘨𑘰𑘮𑘝 𑘮𑘻𑘝𑘰.,86
data/synthetic/images/line_0086_v038.png,गावात एक गरीब शेतकरी राहत होता.,𑘐𑘰𑘪𑘰𑘝 𑘊𑘎 𑘐𑘨𑘲𑘤 𑘫𑘹𑘝𑘎𑘨𑘲 𑘨𑘰𑘮𑘝 𑘮𑘻𑘝𑘰.,86
data/synthetic/images/line_0086_v039.png,गावात एक गरीब शेतकरी राहत होता.,𑘐𑘰𑘪𑘰𑘝 𑘊𑘎 𑘐𑘨𑘲𑘤 𑘫𑘹𑘝𑘎𑘨𑘲 𑘨𑘰𑘮𑘝 𑘮𑘻𑘝𑘰.,86
data/synthetic/images/line_0087_v000.png,त्याला एक हुशार मुलगा होता.,𑘝𑘿𑘧𑘰𑘩𑘰 𑘊𑘎 𑘮𑘳𑘫𑘰𑘨 𑘦𑘳𑘩𑘐𑘰 𑘮𑘻𑘝𑘰.,87
data/synthetic/images/line_0087_v001.png,त्याला एक हुशार मुलगा होता.,𑘝𑘿𑘧𑘰𑘩𑘰 𑘊𑘎 𑘮𑘳𑘫𑘰𑘨 𑘦𑘳𑘩𑘐𑘰 𑘮𑘻𑘝𑘰.,87
data/synthetic/images/line_0087_v002.png,त्याला एक हुशार मुलगा होता.,𑘝𑘿𑘧𑘰𑘩𑘰 𑘊𑘎 𑘮𑘳𑘫𑘰𑘨 𑘦𑘳𑘩𑘐𑘰 𑘮𑘻𑘝𑘰.,87
data/synthetic/images/line_0087_v003.png,त्याला एक हुशार मुलगा होता.,𑘝𑘿𑘧𑘰𑘩𑘰 𑘊𑘎 𑘮𑘳𑘫𑘰𑘨 𑘦𑘳𑘩𑘐𑘰 𑘮𑘻𑘝𑘰.,87
data/synthetic/images/line_0087_v004.png,त्याला एक हुशार मुलगा होता.,𑘝𑘿𑘧𑘰𑘩𑘰 𑘊𑘎 𑘮𑘳𑘫𑘰𑘨 𑘦𑘳𑘩𑘐𑘰 𑘮𑘻𑘝𑘰.,87
data/synthetic/images/line_0087_v005.png,त्याला एक हुशार मुलगा होता.,𑘝𑘿𑘧𑘰𑘩𑘰 𑘊𑘎 𑘮𑘳𑘫𑘰𑘨 𑘦𑘳𑘩𑘐𑘰 𑘮𑘻𑘝𑘰.,87
data/synthetic/images/line_0087_v006.png,त्याला एक हुशार मुलगा होता.,𑘝𑘿𑘧𑘰𑘩𑘰 𑘊𑘎 𑘮𑘳𑘫𑘰𑘨 𑘦𑘳𑘩𑘐𑘰 𑘮𑘻𑘝𑘰.,87
data/synthetic/images/line_0087_v007.png,त्याला एक हुशार मुलगा होता.,𑘝𑘿𑘧𑘰𑘩𑘰 𑘊𑘎 𑘮𑘳𑘫𑘰𑘨 𑘦𑘳𑘩𑘐𑘰 𑘮𑘻𑘝𑘰.,87
data/synthetic/images/line_0087_v008.png,त्याला एक हुशार मुलगा होता.,𑘝𑘿𑘧𑘰𑘩𑘰 𑘊𑘎 𑘮𑘳𑘫𑘰𑘨 𑘦𑘳𑘩𑘐𑘰 𑘮𑘻𑘝𑘰.,87
data/synthetic/images/line_0087_v009.png,त्याला एक हुशार मुलगा होता.,𑘝𑘿𑘧𑘰𑘩𑘰 𑘊𑘎 𑘮𑘳𑘫𑘰𑘨 𑘦𑘳𑘩𑘐𑘰 𑘮𑘻𑘝𑘰.,87
data/synthetic/images/line_0087_v010.png,त्याला एक हुशार मुलगा होता.,𑘝𑘿𑘧𑘰𑘩𑘰 𑘊𑘎 𑘮𑘳𑘫𑘰𑘨 𑘦𑘳𑘩𑘐𑘰 𑘮𑘻𑘝𑘰.,87
data/synthetic/images/line_0087_v011.png,त्याला एक हुशार मुलगा होता.,𑘝𑘿𑘧𑘰𑘩𑘰 𑘊𑘎 𑘮𑘳𑘫𑘰𑘨 𑘦𑘳𑘩𑘐𑘰 𑘮𑘻𑘝𑘰.,87
data/synthetic/images/line_0087_v012.png,त्याला एक हुशार मुलगा होता.,𑘝𑘿𑘧𑘰𑘩𑘰 𑘊𑘎 𑘮𑘳𑘫𑘰𑘨 𑘦𑘳𑘩𑘐𑘰 𑘮𑘻𑘝𑘰.,87
data/synthetic/images/line_0087_v013.png,त्याला एक हुशार मुलगा होता.,𑘝𑘿𑘧𑘰𑘩𑘰 𑘊𑘎 𑘮𑘳𑘫𑘰𑘨 𑘦𑘳𑘩𑘐𑘰 𑘮𑘻𑘝𑘰.,87
data/synthetic/images/line_0087_v014.png,त्याला एक हुशार मुलगा होता.,𑘝𑘿𑘧𑘰𑘩𑘰 𑘊𑘎 𑘮𑘳𑘫𑘰𑘨 𑘦𑘳𑘩𑘐𑘰 𑘮𑘻𑘝𑘰.,87
data/synthetic/images/line_0087_v015.png,त्याला एक हुशार मुलगा होता.,𑘝𑘿𑘧𑘰𑘩𑘰 𑘊𑘎 𑘮𑘳𑘫𑘰𑘨 𑘦𑘳𑘩𑘐𑘰 𑘮𑘻𑘝𑘰.,87
data/synthetic/images/line_0087_v016.png,त्याला एक हुशार मुलगा होता.,𑘝𑘿𑘧𑘰𑘩𑘰 𑘊𑘎 𑘮𑘳𑘫𑘰𑘨 𑘦𑘳𑘩𑘐𑘰 𑘮𑘻𑘝𑘰.,87
data/synthetic/images/line_0087_v017.png,त्याला एक हुशार मुलगा होता.,𑘝𑘿𑘧𑘰𑘩𑘰 𑘊𑘎 𑘮𑘳𑘫𑘰𑘨 𑘦𑘳𑘩𑘐𑘰 𑘮𑘻𑘝𑘰.,87
data/synthetic/images/line_0087_v018.png,त्याला एक हुशार मुलगा होता.,𑘝𑘿𑘧𑘰𑘩𑘰 𑘊𑘎 𑘮𑘳𑘫𑘰𑘨 𑘦𑘳𑘩𑘐𑘰 𑘮𑘻𑘝𑘰.,87
data/synthetic/images/line_0087_v019.png,त्याला एक हुशार मुलगा होता.,𑘝𑘿𑘧𑘰𑘩𑘰 𑘊𑘎 𑘮𑘳𑘫𑘰𑘨 𑘦𑘳𑘩𑘐𑘰 𑘮𑘻𑘝𑘰.,87
data/synthetic/images/line_0087_v020.png,त्याला एक हुशार मुलगा होता.,𑘝𑘿𑘧𑘰𑘩𑘰 𑘊𑘎 𑘮𑘳𑘫𑘰𑘨 𑘦𑘳𑘩𑘐𑘰 𑘮𑘻𑘝𑘰.,87
data/synthetic/images/line_0087_v021.png,त्याला एक हुशार मुलगा होता.,𑘝𑘿𑘧𑘰𑘩𑘰 𑘊𑘎 𑘮𑘳𑘫𑘰𑘨 𑘦𑘳𑘩𑘐𑘰 𑘮𑘻𑘝𑘰.,87
data/synthetic/images/line_0087_v022.png,त्याला एक हुशार मुलगा होता.,𑘝𑘿𑘧𑘰𑘩𑘰 𑘊𑘎 𑘮𑘳𑘫𑘰𑘨 𑘦𑘳𑘩𑘐𑘰 𑘮𑘻𑘝𑘰.,87
data/synthetic/images/line_0087_v023.png,त्याला एक हुशार मुलगा होता.,𑘝𑘿𑘧𑘰𑘩𑘰 𑘊𑘎 𑘮𑘳𑘫𑘰𑘨 𑘦𑘳𑘩𑘐𑘰 𑘮𑘻𑘝𑘰.,87
data/synthetic/images/line_0087_v024.png,त्याला एक हुशार मुलगा होता.,𑘝𑘿𑘧𑘰𑘩𑘰 𑘊𑘎 𑘮𑘳𑘫𑘰𑘨 𑘦𑘳𑘩𑘐𑘰 𑘮𑘻𑘝𑘰.,87
data/synthetic/images/line_0087_v025.png,त्याला एक हुशार मुलगा होता.,𑘝𑘿𑘧𑘰𑘩𑘰 𑘊𑘎 𑘮𑘳𑘫𑘰𑘨 𑘦𑘳𑘩𑘐𑘰 𑘮𑘻𑘝𑘰.,87
data/synthetic/images/line_0087_v026.png,त्याला एक हुशार मुलगा होता.,𑘝𑘿𑘧𑘰𑘩𑘰 𑘊𑘎 𑘮𑘳𑘫𑘰𑘨 𑘦𑘳𑘩𑘐𑘰 𑘮𑘻𑘝𑘰.,87
data/synthetic/images/line_0087_v027.png,त्याला एक हुशार मुलगा होता.,𑘝𑘿𑘧𑘰𑘩𑘰 𑘊𑘎 𑘮𑘳𑘫𑘰𑘨 𑘦𑘳𑘩𑘐𑘰 𑘮𑘻𑘝𑘰.,87
data/synthetic/images/line_0087_v028.png,त्याला एक हुशार मुलगा होता.,𑘝𑘿𑘧𑘰𑘩𑘰 𑘊𑘎 𑘮𑘳𑘫𑘰𑘨 𑘦𑘳𑘩𑘐𑘰 𑘮𑘻𑘝𑘰.,87
data/synthetic/images/line_0087_v029.png,त्याला एक हुशार मुलगा होता.,𑘝𑘿𑘧𑘰𑘩𑘰 𑘊𑘎 𑘮𑘳𑘫𑘰𑘨 𑘦𑘳𑘩𑘐𑘰 𑘮𑘻𑘝𑘰.,87
data/synthetic/images/line_0087_v030.png,त्याला एक हुशार मुलगा होता.,𑘝𑘿𑘧𑘰𑘩𑘰 𑘊𑘎 𑘮𑘳𑘫𑘰𑘨 𑘦𑘳𑘩𑘐𑘰 𑘮𑘻𑘝𑘰.,87
data/synthetic/images/line_0087_v031.png,त्याला एक हुशार मुलगा होता.,𑘝𑘿𑘧𑘰𑘩𑘰 𑘊𑘎 𑘮𑘳𑘫𑘰𑘨 𑘦𑘳𑘩𑘐𑘰 𑘮𑘻𑘝𑘰.,87
data/synthetic/images/line_0087_v032.png,त्याला एक हुशार मुलगा होता.,𑘝𑘿𑘧𑘰𑘩𑘰 𑘊𑘎 𑘮𑘳𑘫𑘰𑘨 𑘦𑘳𑘩𑘐𑘰 𑘮𑘻𑘝𑘰.,87
data/synthetic/images/line_0087_v033.png,त्याला एक हुशार मुलगा होता.,𑘝𑘿𑘧𑘰𑘩𑘰 𑘊𑘎 𑘮𑘳𑘫𑘰𑘨 𑘦𑘳𑘩𑘐𑘰 𑘮𑘻𑘝𑘰.,87
data/synthetic/images/line_0087_v034.png,त्याला एक हुशार मुलगा होता.,𑘝𑘿𑘧𑘰𑘩𑘰 𑘊𑘎 𑘮𑘳𑘫𑘰𑘨 𑘦𑘳𑘩𑘐𑘰 𑘮𑘻𑘝𑘰.,87
data/synthetic/images/line_0087_v035.png,त्याला एक हुशार मुलगा होता.,𑘝𑘿𑘧𑘰𑘩𑘰 𑘊𑘎 𑘮𑘳𑘫𑘰𑘨 𑘦𑘳𑘩𑘐𑘰 𑘮𑘻𑘝𑘰.,87
data/synthetic/images/line_0087_v036.png,त्याला एक हुशार मुलगा होता.,𑘝𑘿𑘧𑘰𑘩𑘰 𑘊𑘎 𑘮𑘳𑘫𑘰𑘨 𑘦𑘳𑘩𑘐𑘰 𑘮𑘻𑘝𑘰.,87
data/synthetic/images/line_0087_v037.png,त्याला एक हुशार मुलगा होता.,𑘝𑘿𑘧𑘰𑘩𑘰 𑘊𑘎 𑘮𑘳𑘫𑘰𑘨 𑘦𑘳𑘩𑘐𑘰 𑘮𑘻𑘝𑘰.,87
data/synthetic/images/line_0087_v038.png,त्याला एक हुशार मुलगा होता.,𑘝𑘿𑘧𑘰𑘩𑘰 𑘊𑘎 𑘮𑘳𑘫𑘰𑘨 𑘦𑘳𑘩𑘐𑘰 𑘮𑘻𑘝𑘰.,87
data/synthetic/images/line_0087_v039.png,त्याला एक हुशार मुलगा होता.,𑘝𑘿𑘧𑘰𑘩𑘰 𑘊𑘎 𑘮𑘳𑘫𑘰𑘨 𑘦𑘳𑘩𑘐𑘰 𑘮𑘻𑘝𑘰.,87
data/synthetic/images/line_0088_v000.png,मुलाने खूप कष्ट करून शिक्षण पूर्ण केले.,𑘦𑘳𑘩𑘰𑘡𑘹 𑘏𑘴𑘢 𑘎𑘬𑘿𑘘 𑘎𑘨𑘴𑘡 𑘫𑘱𑘎𑘿𑘬𑘜 𑘢𑘴𑘨𑘿𑘜 𑘎𑘹𑘩𑘹.,88
data/synthetic/images/line_0088_v001.png,मुलाने खूप कष्ट करून शिक्षण पूर्ण केले.,𑘦𑘳𑘩𑘰𑘡𑘹 𑘏𑘴𑘢 𑘎𑘬𑘿𑘘 𑘎𑘨𑘴𑘡 𑘫𑘱𑘎𑘿𑘬𑘜 𑘢𑘴𑘨𑘿𑘜 𑘎𑘹𑘩𑘹.,88
data/synthetic/images/line_0088_v002.png,मुलाने खूप कष्ट करून शिक्षण पूर्ण केले.,𑘦𑘳𑘩𑘰𑘡𑘹 𑘏𑘴𑘢 𑘎𑘬𑘿𑘘 𑘎𑘨𑘴𑘡 𑘫𑘱𑘎𑘿𑘬𑘜 𑘢𑘴𑘨𑘿𑘜 𑘎𑘹𑘩𑘹.,88
data/synthetic/images/line_0088_v003.png,मुलाने खूप कष्ट करून शिक्षण पूर्ण केले.,𑘦𑘳𑘩𑘰𑘡𑘹 𑘏𑘴𑘢 𑘎𑘬𑘿𑘘 𑘎𑘨𑘴𑘡 𑘫𑘱𑘎𑘿𑘬𑘜 𑘢𑘴𑘨𑘿𑘜 𑘎𑘹𑘩𑘹.,88
data/synthetic/images/line_0088_v004.png,मुलाने खूप कष्ट करून शिक्षण पूर्ण केले.,𑘦𑘳𑘩𑘰𑘡𑘹 𑘏𑘴𑘢 𑘎𑘬𑘿𑘘 𑘎𑘨𑘴𑘡 𑘫𑘱𑘎𑘿𑘬𑘜 𑘢𑘴𑘨𑘿𑘜 𑘎𑘹𑘩𑘹.,88
data/synthetic/images/line_0088_v005.png,मुलाने खूप कष्ट करून शिक्षण पूर्ण केले.,𑘦𑘳𑘩𑘰𑘡𑘹 𑘏𑘴𑘢 𑘎𑘬𑘿𑘘 𑘎𑘨𑘴𑘡 𑘫𑘱𑘎𑘿𑘬𑘜 𑘢𑘴𑘨𑘿𑘜 𑘎𑘹𑘩𑘹.,88
data/synthetic/images/line_0088_v006.png,मुलाने खूप कष्ट करून शिक्षण पूर्ण केले.,𑘦𑘳𑘩𑘰𑘡𑘹 𑘏𑘴𑘢 𑘎𑘬𑘿𑘘 𑘎𑘨𑘴𑘡 𑘫𑘱𑘎𑘿𑘬𑘜 𑘢𑘴𑘨𑘿𑘜 𑘎𑘹𑘩𑘹.,88
data/synthetic/images/line_0088_v007.png,मुलाने खूप कष्ट करून शिक्षण पूर्ण केले.,𑘦𑘳𑘩𑘰𑘡𑘹 𑘏𑘴𑘢 𑘎𑘬𑘿𑘘 𑘎𑘨𑘴𑘡 𑘫𑘱𑘎𑘿𑘬𑘜 𑘢𑘴𑘨𑘿𑘜 𑘎𑘹𑘩𑘹.,88
data/synthetic/images/line_0088_v008.png,मुलाने खूप कष्ट करून शिक्षण पूर्ण केले.,𑘦𑘳𑘩𑘰𑘡𑘹 𑘏𑘴𑘢 𑘎𑘬𑘿𑘘 𑘎𑘨𑘴𑘡 𑘫𑘱𑘎𑘿𑘬𑘜 𑘢𑘴𑘨𑘿𑘜 𑘎𑘹𑘩𑘹.,88
data/synthetic/images/line_0088_v009.png,मुलाने खूप कष्ट करून शिक्षण पूर्ण केले.,𑘦𑘳𑘩𑘰𑘡𑘹 𑘏𑘴𑘢 𑘎𑘬𑘿𑘘 𑘎𑘨𑘴𑘡 𑘫𑘱𑘎𑘿𑘬𑘜 𑘢𑘴𑘨𑘿𑘜 𑘎𑘹𑘩𑘹.,88
data/synthetic/images/line_0088_v010.png,मुलाने खूप कष्ट करून शिक्षण पूर्ण केले.,𑘦𑘳𑘩𑘰𑘡𑘹 𑘏𑘴𑘢 𑘎𑘬𑘿𑘘 𑘎𑘨𑘴𑘡 𑘫𑘱𑘎𑘿𑘬𑘜 𑘢𑘴𑘨𑘿𑘜 𑘎𑘹𑘩𑘹.,88
data/synthetic/images/line_0088_v011.png,मुलाने खूप कष्ट करून शिक्षण पूर्ण केले.,𑘦𑘳𑘩𑘰𑘡𑘹 𑘏𑘴𑘢 𑘎𑘬𑘿𑘘 𑘎𑘨𑘴𑘡 𑘫𑘱𑘎𑘿𑘬𑘜 𑘢𑘴𑘨𑘿𑘜 𑘎𑘹𑘩𑘹.,88
data/synthetic/images/line_0088_v012.png,मुलाने खूप कष्ट करून शिक्षण पूर्ण केले.,𑘦𑘳𑘩𑘰𑘡𑘹 𑘏𑘴𑘢 𑘎𑘬𑘿𑘘 𑘎𑘨𑘴𑘡 𑘫𑘱𑘎𑘿𑘬𑘜 𑘢𑘴𑘨𑘿𑘜 𑘎𑘹𑘩𑘹.,88
data/synthetic/images/line_0088_v013.png,मुलाने खूप कष्ट करून शिक्षण पूर्ण केले.,𑘦𑘳𑘩𑘰𑘡𑘹 𑘏𑘴𑘢 𑘎𑘬𑘿𑘘 𑘎𑘨𑘴𑘡 𑘫𑘱𑘎𑘿𑘬𑘜 𑘢𑘴𑘨𑘿𑘜 𑘎𑘹𑘩𑘹.,88
data/synthetic/images/line_0088_v014.png,मुलाने खूप कष्ट करून शिक्षण पूर्ण केले.,𑘦𑘳𑘩𑘰𑘡𑘹 𑘏𑘴𑘢 𑘎𑘬𑘿𑘘 𑘎𑘨𑘴𑘡 𑘫𑘱𑘎𑘿𑘬𑘜 𑘢𑘴𑘨𑘿𑘜 𑘎𑘹𑘩𑘹.,88
data/synthetic/images/line_0088_v015.png,मुलाने खूप कष्ट करून शिक्षण पूर्ण केले.,𑘦𑘳𑘩𑘰𑘡𑘹 𑘏𑘴𑘢 𑘎𑘬𑘿𑘘 𑘎𑘨𑘴𑘡 𑘫𑘱𑘎𑘿𑘬𑘜 𑘢𑘴𑘨𑘿𑘜 𑘎𑘹𑘩𑘹.,88
data/synthetic/images/line_0088_v016.png,मुलाने खूप कष्ट करून शिक्षण पूर्ण केले.,𑘦𑘳𑘩𑘰𑘡𑘹 𑘏𑘴𑘢 𑘎𑘬𑘿𑘘 𑘎𑘨𑘴𑘡 𑘫𑘱𑘎𑘿𑘬𑘜 𑘢𑘴𑘨𑘿𑘜 𑘎𑘹𑘩𑘹.,88
data/synthetic/images/line_0088_v017.png,मुलाने खूप कष्ट करून शिक्षण पूर्ण केले.,𑘦𑘳𑘩𑘰𑘡𑘹 𑘏𑘴𑘢 𑘎𑘬𑘿𑘘 𑘎𑘨𑘴𑘡 𑘫𑘱𑘎𑘿𑘬𑘜 𑘢𑘴𑘨𑘿𑘜 𑘎𑘹𑘩𑘹.,88
data/synthetic/images/line_0088_v018.png,मुलाने खूप कष्ट करून शिक्षण पूर्ण केले.,𑘦𑘳𑘩𑘰𑘡𑘹 𑘏𑘴𑘢 𑘎𑘬𑘿𑘘 𑘎𑘨𑘴𑘡 𑘫𑘱𑘎𑘿𑘬𑘜 𑘢𑘴𑘨𑘿𑘜 𑘎𑘹𑘩𑘹.,88
data/synthetic/images/line_0088_v019.png,मुलाने खूप कष्ट करून शिक्षण पूर्ण केले.,𑘦𑘳𑘩𑘰𑘡𑘹 𑘏𑘴𑘢 𑘎𑘬𑘿𑘘 𑘎𑘨𑘴𑘡 𑘫𑘱𑘎𑘿𑘬𑘜 𑘢𑘴𑘨𑘿𑘜 𑘎𑘹𑘩𑘹.,88
data/synthetic/images/line_0088_v020.png,मुलाने खूप कष्ट करून शिक्षण पूर्ण केले.,𑘦𑘳𑘩𑘰𑘡𑘹 𑘏𑘴𑘢 𑘎𑘬𑘿𑘘 𑘎𑘨𑘴𑘡 𑘫𑘱𑘎𑘿𑘬𑘜 𑘢𑘴𑘨𑘿𑘜 𑘎𑘹𑘩𑘹.,88
data/synthetic/images/line_0088_v021.png,मुलाने खूप कष्ट करून शिक्षण पूर्ण केले.,𑘦𑘳𑘩𑘰𑘡𑘹 𑘏𑘴𑘢 𑘎𑘬𑘿𑘘 𑘎𑘨𑘴𑘡 𑘫𑘱𑘎𑘿𑘬𑘜 𑘢𑘴𑘨𑘿𑘜 𑘎𑘹𑘩𑘹.,88
data/synthetic/images/line_0088_v022.png,मुलाने खूप कष्ट करून शिक्षण पूर्ण केले.,𑘦𑘳𑘩𑘰𑘡𑘹 𑘏𑘴𑘢 𑘎𑘬𑘿𑘘 𑘎𑘨𑘴𑘡 𑘫𑘱𑘎𑘿𑘬𑘜 𑘢𑘴𑘨𑘿𑘜 𑘎𑘹𑘩𑘹.,88
data/synthetic/images/line_0088_v023.png,मुलाने खूप कष्ट करून शिक्षण पूर्ण केले.,𑘦𑘳𑘩𑘰𑘡𑘹 𑘏𑘴𑘢 𑘎𑘬𑘿𑘘 𑘎𑘨𑘴𑘡 𑘫𑘱𑘎𑘿𑘬𑘜 𑘢𑘴𑘨𑘿𑘜 𑘎𑘹𑘩𑘹.,88
data/synthetic/images/line_0088_v024.png,मुलाने खूप कष्ट करून शिक्षण पूर्ण केले.,𑘦𑘳𑘩𑘰𑘡𑘹 𑘏𑘴𑘢 𑘎𑘬𑘿𑘘 𑘎𑘨𑘴𑘡 𑘫𑘱𑘎𑘿𑘬𑘜 𑘢𑘴𑘨𑘿𑘜 𑘎𑘹𑘩𑘹.,88
data/synthetic/images/line_0088_v025.png,मुलाने खूप कष्ट करून शिक्षण पूर्ण केले.,𑘦𑘳𑘩𑘰𑘡𑘹 𑘏𑘴𑘢 𑘎𑘬𑘿𑘘 𑘎𑘨𑘴𑘡 𑘫𑘱𑘎𑘿𑘬𑘜 𑘢𑘴𑘨𑘿𑘜 𑘎𑘹𑘩𑘹.,88
data/synthetic/images/line_0088_v026.png,मुलाने खूप कष्ट करून शिक्षण पूर्ण केले.,𑘦𑘳𑘩𑘰𑘡𑘹 𑘏𑘴𑘢 𑘎𑘬𑘿𑘘 𑘎𑘨𑘴𑘡 𑘫𑘱𑘎𑘿𑘬𑘜 𑘢𑘴𑘨𑘿𑘜 𑘎𑘹𑘩𑘹.,88
data/synthetic/images/line_0088_v027.png,मुलाने खूप कष्ट करून शिक्षण पूर्ण केले.,𑘦𑘳𑘩𑘰𑘡𑘹 𑘏𑘴𑘢 𑘎𑘬𑘿𑘘 𑘎𑘨𑘴𑘡 𑘫𑘱𑘎𑘿𑘬𑘜 𑘢𑘴𑘨𑘿𑘜 𑘎𑘹𑘩𑘹.,88
data/synthetic/images/line_0088_v028.png,मुलाने खूप कष्ट करून शिक्षण पूर्ण केले.,𑘦𑘳𑘩𑘰𑘡𑘹 𑘏𑘴𑘢 𑘎𑘬𑘿𑘘 𑘎𑘨𑘴𑘡 𑘫𑘱𑘎𑘿𑘬𑘜 𑘢𑘴𑘨𑘿𑘜 𑘎𑘹𑘩𑘹.,88
data/synthetic/images/line_0088_v029.png,मुलाने खूप कष्ट करून शिक्षण पूर्ण केले.,𑘦𑘳𑘩𑘰𑘡𑘹 𑘏𑘴𑘢 𑘎𑘬𑘿𑘘 𑘎𑘨𑘴𑘡 𑘫𑘱𑘎𑘿𑘬𑘜 𑘢𑘴𑘨𑘿𑘜 𑘎𑘹𑘩𑘹.,88
data/synthetic/images/line_0088_v030.png,मुलाने खूप कष्ट करून शिक्षण पूर्ण केले.,𑘦𑘳𑘩𑘰𑘡𑘹 𑘏𑘴𑘢 𑘎𑘬𑘿𑘘 𑘎𑘨𑘴𑘡 𑘫𑘱𑘎𑘿𑘬𑘜 𑘢𑘴𑘨𑘿𑘜 𑘎𑘹𑘩𑘹.,88
data/synthetic/images/line_0088_v031.png,मुलाने खूप कष्ट करून शिक्षण पूर्ण केले.,𑘦𑘳𑘩𑘰𑘡𑘹 𑘏𑘴𑘢 𑘎𑘬𑘿𑘘 𑘎𑘨𑘴𑘡 𑘫𑘱𑘎𑘿𑘬𑘜 𑘢𑘴𑘨𑘿𑘜 𑘎𑘹𑘩𑘹.,88
data/synthetic/images/line_0088_v032.png,मुलाने खूप कष्ट करून शिक्षण पूर्ण केले.,𑘦𑘳𑘩𑘰𑘡𑘹 𑘏𑘴𑘢 𑘎𑘬𑘿𑘘 𑘎𑘨𑘴𑘡 𑘫𑘱𑘎𑘿𑘬𑘜 𑘢𑘴𑘨𑘿𑘜 𑘎𑘹𑘩𑘹.,88
data/synthetic/images/line_0088_v033.png,मुलाने खूप कष्ट करून शिक्षण पूर्ण केले.,𑘦𑘳𑘩𑘰𑘡𑘹 𑘏𑘴𑘢 𑘎𑘬𑘿𑘘 𑘎𑘨𑘴𑘡 𑘫𑘱𑘎𑘿𑘬𑘜 𑘢𑘴𑘨𑘿𑘜 𑘎𑘹𑘩𑘹.,88
data/synthetic/images/line_0088_v034.png,मुलाने खूप कष्ट करून शिक्षण पूर्ण केले.,𑘦𑘳𑘩𑘰𑘡𑘹 𑘏𑘴𑘢 𑘎𑘬𑘿𑘘 𑘎𑘨𑘴𑘡 𑘫𑘱𑘎𑘿𑘬𑘜 𑘢𑘴𑘨𑘿𑘜 𑘎𑘹𑘩𑘹.,88
data/synthetic/images/line_0088_v035.png,मुलाने खूप कष्ट करून शिक्षण पूर्ण केले.,𑘦𑘳𑘩𑘰𑘡𑘹 𑘏𑘴𑘢 𑘎𑘬𑘿𑘘 𑘎𑘨𑘴𑘡 𑘫𑘱𑘎𑘿𑘬𑘜 𑘢𑘴𑘨𑘿𑘜 𑘎𑘹𑘩𑘹.,88
data/synthetic/images/line_0088_v036.png,मुलाने खूप कष्ट करून शिक्षण पूर्ण केले.,𑘦𑘳𑘩𑘰𑘡𑘹 𑘏𑘴𑘢 𑘎𑘬𑘿𑘘 𑘎𑘨𑘴𑘡 𑘫𑘱𑘎𑘿𑘬𑘜 𑘢𑘴𑘨𑘿𑘜 𑘎𑘹𑘩𑘹.,88
data/synthetic/images/line_0088_v037.png,मुलाने खूप कष्ट करून शिक्षण पूर्ण केले.,𑘦𑘳𑘩𑘰𑘡𑘹 𑘏𑘴𑘢 𑘎𑘬𑘿𑘘 𑘎𑘨𑘴𑘡 𑘫𑘱𑘎𑘿𑘬𑘜 𑘢𑘴𑘨𑘿𑘜 𑘎𑘹𑘩𑘹.,88
data/synthetic/images/line_0088_v038.png,मुलाने खूप कष्ट करून शिक्षण पूर्ण केले.,𑘦𑘳𑘩𑘰𑘡𑘹 𑘏𑘴𑘢 𑘎𑘬𑘿𑘘 𑘎𑘨𑘴𑘡 𑘫𑘱𑘎𑘿𑘬𑘜 𑘢𑘴𑘨𑘿𑘜 𑘎𑘹𑘩𑘹.,88
data/synthetic/images/line_0088_v039.png,मुलाने खूप कष्ट करून शिक्षण पूर्ण केले.,𑘦𑘳𑘩𑘰𑘡𑘹 𑘏𑘴𑘢 𑘎𑘬𑘿𑘘 𑘎𑘨𑘴𑘡 𑘫𑘱𑘎𑘿𑘬𑘜 𑘢𑘴𑘨𑘿𑘜 𑘎𑘹𑘩𑘹.,88
data/synthetic/images/line_0089_v000.png,यश मिळवण्यासाठी मेहनत आवश्यक आहे.,𑘧𑘫 𑘦𑘱𑘯𑘪𑘜𑘿𑘧𑘰𑘭𑘰𑘙𑘲 𑘦𑘹𑘮𑘡𑘝 𑘁𑘪𑘫𑘿𑘧𑘎 𑘁𑘮𑘹.,89
data/synthetic/images/line_0089_v001.png,यश मिळवण्यासाठी मेहनत आवश्यक आहे.,𑘧𑘫 𑘦𑘱𑘯𑘪𑘜𑘿𑘧𑘰𑘭𑘰𑘙𑘲 𑘦𑘹𑘮𑘡𑘝 𑘁𑘪𑘫𑘿𑘧𑘎 𑘁𑘮𑘹.,89
data/synthetic/images/line_0089_v002.png,यश मिळवण्यासाठी मेहनत आवश्यक आहे.,𑘧𑘫 𑘦𑘱𑘯𑘪𑘜𑘿𑘧𑘰𑘭𑘰𑘙𑘲 𑘦𑘹𑘮𑘡𑘝 𑘁𑘪𑘫𑘿𑘧𑘎 𑘁𑘮𑘹.,89
data/synthetic/images/line_0089_v003.png,यश मिळवण्यासाठी मेहनत आवश्यक आहे.,𑘧𑘫 𑘦𑘱𑘯𑘪𑘜𑘿𑘧𑘰𑘭𑘰𑘙𑘲 𑘦𑘹𑘮𑘡𑘝 𑘁𑘪𑘫𑘿𑘧𑘎 𑘁𑘮𑘹.,89
data/synthetic/images/line_0089_v004.png,यश मिळवण्यासाठी मेहनत आवश्यक आहे.,𑘧𑘫 𑘦𑘱𑘯𑘪𑘜𑘿𑘧𑘰𑘭𑘰𑘙𑘲 𑘦𑘹𑘮𑘡𑘝 𑘁𑘪𑘫𑘿𑘧𑘎 𑘁𑘮𑘹.,89
data/synthetic/images/line_0089_v005.png,यश मिळवण्यासाठी मेहनत आवश्यक आहे.,𑘧𑘫 𑘦𑘱𑘯𑘪𑘜𑘿𑘧𑘰𑘭𑘰𑘙𑘲 𑘦𑘹𑘮𑘡𑘝 𑘁𑘪𑘫𑘿𑘧𑘎 𑘁𑘮𑘹.,89
data/synthetic/images/line_0089_v006.png,यश मिळवण्यासाठी मेहनत आवश्यक आहे.,𑘧𑘫 𑘦𑘱𑘯𑘪𑘜𑘿𑘧𑘰𑘭𑘰𑘙𑘲 𑘦𑘹𑘮𑘡𑘝 𑘁𑘪𑘫𑘿𑘧𑘎 𑘁𑘮𑘹.,89
data/synthetic/images/line_0089_v007.png,यश मिळवण्यासाठी मेहनत आवश्यक आहे.,𑘧𑘫 𑘦𑘱𑘯𑘪𑘜𑘿𑘧𑘰𑘭𑘰𑘙𑘲 𑘦𑘹𑘮𑘡𑘝 𑘁𑘪𑘫𑘿𑘧𑘎 𑘁𑘮𑘹.,89
data/synthetic/images/line_0089_v008.png,यश मिळवण्यासाठी मेहनत आवश्यक आहे.,𑘧𑘫 𑘦𑘱𑘯𑘪𑘜𑘿𑘧𑘰𑘭𑘰𑘙𑘲 𑘦𑘹𑘮𑘡𑘝 𑘁𑘪𑘫𑘿𑘧𑘎 𑘁𑘮𑘹.,89
data/synthetic/images/line_0089_v009.png,यश मिळवण्यासाठी मेहनत आवश्यक आहे.,𑘧𑘫 𑘦𑘱𑘯𑘪𑘜𑘿𑘧𑘰𑘭𑘰𑘙𑘲 𑘦𑘹𑘮𑘡𑘝 𑘁𑘪𑘫𑘿𑘧𑘎 𑘁𑘮𑘹.,89
data/synthetic/images/line_0089_v010.png,यश मिळवण्यासाठी मेहनत आवश्यक आहे.,𑘧𑘫 𑘦𑘱𑘯𑘪𑘜𑘿𑘧𑘰𑘭𑘰𑘙𑘲 𑘦𑘹𑘮𑘡𑘝 𑘁𑘪𑘫𑘿𑘧𑘎 𑘁𑘮𑘹.,89
data/synthetic/images/line_0089_v011.png,यश मिळवण्यासाठी मेहनत आवश्यक आहे.,𑘧𑘫 𑘦𑘱𑘯𑘪𑘜𑘿𑘧𑘰𑘭𑘰𑘙𑘲 𑘦𑘹𑘮𑘡𑘝 𑘁𑘪𑘫𑘿𑘧𑘎 𑘁𑘮𑘹.,89
data/synthetic/images/line_0089_v012.png,यश मिळवण्यासाठी मेहनत आवश्यक आहे.,𑘧𑘫 𑘦𑘱𑘯𑘪𑘜𑘿𑘧𑘰𑘭𑘰𑘙𑘲 𑘦𑘹𑘮𑘡𑘝 𑘁𑘪𑘫𑘿𑘧𑘎 𑘁𑘮𑘹.,89
data/synthetic/images/line_0089_v013.png,यश मिळवण्यासाठी मेहनत आवश्यक आहे.,𑘧𑘫 𑘦𑘱𑘯𑘪𑘜𑘿𑘧𑘰𑘭𑘰𑘙𑘲 𑘦𑘹𑘮𑘡𑘝 𑘁𑘪𑘫𑘿𑘧𑘎 𑘁𑘮𑘹.,89
data/synthetic/images/line_0089_v014.png,यश मिळवण्यासाठी मेहनत आवश्यक आहे.,𑘧𑘫 𑘦𑘱𑘯𑘪𑘜𑘿𑘧𑘰𑘭𑘰𑘙𑘲 𑘦𑘹𑘮𑘡𑘝 𑘁𑘪𑘫𑘿𑘧𑘎 𑘁𑘮𑘹.,89
data/synthetic/images/line_0089_v015.png,यश मिळवण्यासाठी मेहनत आवश्यक आहे.,𑘧𑘫 𑘦𑘱𑘯𑘪𑘜𑘿𑘧𑘰𑘭𑘰𑘙𑘲 𑘦𑘹𑘮𑘡𑘝 𑘁𑘪𑘫𑘿𑘧𑘎 𑘁𑘮𑘹.,89
data/synthetic/images/line_0089_v016.png,यश मिळवण्यासाठी मेहनत आवश्यक आहे.,𑘧𑘫 𑘦𑘱𑘯𑘪𑘜𑘿𑘧𑘰𑘭𑘰𑘙𑘲 𑘦𑘹𑘮𑘡𑘝 𑘁𑘪𑘫𑘿𑘧𑘎 𑘁𑘮𑘹.,89
data/synthetic/images/line_0089_v017.png,यश मिळवण्यासाठी मेहनत आवश्यक आहे.,𑘧𑘫 𑘦𑘱𑘯𑘪𑘜𑘿𑘧𑘰𑘭𑘰𑘙𑘲 𑘦𑘹𑘮𑘡𑘝 𑘁𑘪𑘫𑘿𑘧𑘎 𑘁𑘮𑘹.,89
data/synthetic/images/line_0089_v018.png,यश मिळवण्यासाठी मेहनत आवश्यक आहे.,𑘧𑘫 𑘦𑘱𑘯𑘪𑘜𑘿𑘧𑘰𑘭𑘰𑘙𑘲 𑘦𑘹𑘮𑘡𑘝 𑘁𑘪𑘫𑘿𑘧𑘎 𑘁𑘮𑘹.,89
data/synthetic/images/line_0089_v019.png,यश मिळवण्यासाठी मेहनत आवश्यक आहे.,𑘧𑘫 𑘦𑘱𑘯𑘪𑘜𑘿𑘧𑘰𑘭𑘰𑘙𑘲 𑘦𑘹𑘮𑘡𑘝 𑘁𑘪𑘫𑘿𑘧𑘎 𑘁𑘮𑘹.,89
data/synthetic/images/line_0089_v020.png,यश मिळवण्यासाठी मेहनत आवश्यक आहे.,𑘧𑘫 𑘦𑘱𑘯𑘪𑘜𑘿𑘧𑘰𑘭𑘰𑘙𑘲 𑘦𑘹𑘮𑘡𑘝 𑘁𑘪𑘫𑘿𑘧𑘎 𑘁𑘮𑘹.,89
data/synthetic/images/line_0089_v021.png,यश मिळवण्यासाठी मेहनत आवश्यक आहे.,𑘧𑘫 𑘦𑘱𑘯𑘪𑘜𑘿𑘧𑘰𑘭𑘰𑘙𑘲 𑘦𑘹𑘮𑘡𑘝 𑘁𑘪𑘫𑘿𑘧𑘎 𑘁𑘮𑘹.,89
data/synthetic/images/line_0089_v022.png,यश मिळवण्यासाठी मेहनत आवश्यक आहे.,𑘧𑘫 𑘦𑘱𑘯𑘪𑘜𑘿𑘧𑘰𑘭𑘰𑘙𑘲 𑘦𑘹𑘮𑘡𑘝 𑘁𑘪𑘫𑘿𑘧𑘎 𑘁𑘮𑘹.,89
data/synthetic/images/line_0089_v023.png,यश मिळवण्यासाठी मेहनत आवश्यक आहे.,𑘧𑘫 𑘦𑘱𑘯𑘪𑘜𑘿𑘧𑘰𑘭𑘰𑘙𑘲 𑘦𑘹𑘮𑘡𑘝 𑘁𑘪𑘫𑘿𑘧𑘎 𑘁𑘮𑘹.,89
data/synthetic/images/line_0089_v024.png,यश मिळवण्यासाठी मेहनत आवश्यक आहे.,𑘧𑘫 𑘦𑘱𑘯𑘪𑘜𑘿𑘧𑘰𑘭𑘰𑘙𑘲 𑘦𑘹𑘮𑘡𑘝 𑘁𑘪𑘫𑘿𑘧𑘎 𑘁𑘮𑘹.,89
data/synthetic/images/line_0089_v025.png,यश मिळवण्यासाठी मेहनत आवश्यक आहे.,𑘧𑘫 𑘦𑘱𑘯𑘪𑘜𑘿𑘧𑘰𑘭𑘰𑘙𑘲 𑘦𑘹𑘮𑘡𑘝 𑘁𑘪𑘫𑘿𑘧𑘎 𑘁𑘮𑘹.,89
data/synthetic/images/line_0089_v026.png,यश मिळवण्यासाठी मेहनत आवश्यक आहे.,𑘧𑘫 𑘦𑘱𑘯𑘪𑘜𑘿𑘧𑘰𑘭𑘰𑘙𑘲 𑘦𑘹𑘮𑘡𑘝 𑘁𑘪𑘫𑘿𑘧𑘎 𑘁𑘮𑘹.,89
data/synthetic/images/line_0089_v027.png,यश मिळवण्यासाठी मेहनत आवश्यक आहे.,𑘧𑘫 𑘦𑘱𑘯𑘪𑘜𑘿𑘧𑘰𑘭𑘰𑘙𑘲 𑘦𑘹𑘮𑘡𑘝 𑘁𑘪𑘫𑘿𑘧𑘎 𑘁𑘮𑘹.,89
data/synthetic/images/line_0089_v028.png,यश मिळवण्यासाठी मेहनत आवश्यक आहे.,𑘧𑘫 𑘦𑘱𑘯𑘪𑘜𑘿𑘧𑘰𑘭𑘰𑘙𑘲 𑘦𑘹𑘮𑘡𑘝 𑘁𑘪𑘫𑘿𑘧𑘎 𑘁𑘮𑘹.,89
data/synthetic/images/line_0089_v029.png,यश मिळवण्यासाठी मेहनत आवश्यक आहे.,𑘧𑘫 𑘦𑘱𑘯𑘪𑘜𑘿𑘧𑘰𑘭𑘰𑘙𑘲 𑘦𑘹𑘮𑘡𑘝 𑘁𑘪𑘫𑘿𑘧𑘎 𑘁𑘮𑘹.,89
data/synthetic/images/line_0089_v030.png,यश मिळवण्यासाठी मेहनत आवश्यक आहे.,𑘧𑘫 𑘦𑘱𑘯𑘪𑘜𑘿𑘧𑘰𑘭𑘰𑘙𑘲 𑘦𑘹𑘮𑘡𑘝 𑘁𑘪𑘫𑘿𑘧𑘎 𑘁𑘮𑘹.,89
data/synthetic/images/line_0089_v031.png,यश मिळवण्यासाठी मेहनत आवश्यक आहे.,𑘧𑘫 𑘦𑘱𑘯𑘪𑘜𑘿𑘧𑘰𑘭𑘰𑘙𑘲 𑘦𑘹𑘮𑘡𑘝 𑘁𑘪𑘫𑘿𑘧𑘎 𑘁𑘮𑘹.,89
data/synthetic/images/line_0089_v032.png,यश मिळवण्यासाठी मेहनत आवश्यक आहे.,𑘧𑘫 𑘦𑘱𑘯𑘪𑘜𑘿𑘧𑘰𑘭𑘰𑘙𑘲 𑘦𑘹𑘮𑘡𑘝 𑘁𑘪𑘫𑘿𑘧𑘎 𑘁𑘮𑘹.,89
data/synthetic/images/line_0089_v033.png,यश मिळवण्यासाठी मेहनत आवश्यक आहे.,𑘧𑘫 𑘦𑘱𑘯𑘪𑘜𑘿𑘧𑘰𑘭𑘰𑘙𑘲 𑘦𑘹𑘮𑘡𑘝 𑘁𑘪𑘫𑘿𑘧𑘎 𑘁𑘮𑘹.,89
data/synthetic/images/line_0089_v034.png,यश मिळवण्यासाठी मेहनत आवश्यक आहे.,𑘧𑘫 𑘦𑘱𑘯𑘪𑘜𑘿𑘧𑘰𑘭𑘰𑘙𑘲 𑘦𑘹𑘮𑘡𑘝 𑘁𑘪𑘫𑘿𑘧𑘎 𑘁𑘮𑘹.,89
data/synthetic/images/line_0089_v035.png,यश मिळवण्यासाठी मेहनत आवश्यक आहे.,𑘧𑘫 𑘦𑘱𑘯𑘪𑘜𑘿𑘧𑘰𑘭𑘰𑘙𑘲 𑘦𑘹𑘮𑘡𑘝 𑘁𑘪𑘫𑘿𑘧𑘎 𑘁𑘮𑘹.,89
data/synthetic/images/line_0089_v036.png,यश मिळवण्यासाठी मेहनत आवश्यक आहे.,𑘧𑘫 𑘦𑘱𑘯𑘪𑘜𑘿𑘧𑘰𑘭𑘰𑘙𑘲 𑘦𑘹𑘮𑘡𑘝 𑘁𑘪𑘫𑘿𑘧𑘎 𑘁𑘮𑘹.,89
data/synthetic/images/line_0089_v037.png,यश मिळवण्यासाठी मेहनत आवश्यक आहे.,𑘧𑘫 𑘦𑘱𑘯𑘪𑘜𑘿𑘧𑘰𑘭𑘰𑘙𑘲 𑘦𑘹𑘮𑘡𑘝 𑘁𑘪𑘫𑘿𑘧𑘎 𑘁𑘮𑘹.,89
data/synthetic/images/line_0089_v038.png,यश मिळवण्यासाठी मेहनत आवश्यक आहे.,𑘧𑘫 𑘦𑘱𑘯𑘪𑘜𑘿𑘧𑘰𑘭𑘰𑘙𑘲 𑘦𑘹𑘮𑘡𑘝 𑘁𑘪𑘫𑘿𑘧𑘎 𑘁𑘮𑘹.,89
data/synthetic/images/line_0089_v039.png,यश मिळवण्यासाठी मेहनत आवश्यक आहे.,𑘧𑘫 𑘦𑘱𑘯𑘪𑘜𑘿𑘧𑘰𑘭𑘰𑘙𑘲 𑘦𑘹𑘮𑘡𑘝 𑘁𑘪𑘫𑘿𑘧𑘎 𑘁𑘮𑘹.,89
data/synthetic/images/line_0090_v000.png,प्रामाणिकपणा हा सर्वात मोठा गुण आहे.,𑘢𑘿𑘨𑘰𑘦𑘰𑘜𑘱𑘎𑘢𑘜𑘰 𑘮𑘰 𑘭𑘨𑘿𑘪𑘰𑘝 𑘦𑘻𑘙𑘰 𑘐𑘳𑘜 𑘁𑘮𑘹.,90
data/synthetic/images/line_0090_v001.png,प्रामाणिकपणा हा सर्वात मोठा गुण आहे.,𑘢𑘿𑘨𑘰𑘦𑘰𑘜𑘱𑘎𑘢𑘜𑘰 𑘮𑘰 𑘭𑘨𑘿𑘪𑘰𑘝 𑘦𑘻𑘙𑘰 𑘐𑘳𑘜 𑘁𑘮𑘹.,90
data/synthetic/images/line_0090_v002.png,प्रामाणिकपणा हा सर्वात मोठा गुण आहे.,𑘢𑘿𑘨𑘰𑘦𑘰𑘜𑘱𑘎𑘢𑘜𑘰 𑘮𑘰 𑘭𑘨𑘿𑘪𑘰𑘝 𑘦𑘻𑘙𑘰 𑘐𑘳𑘜 𑘁𑘮𑘹.,90
data/synthetic/images/line_0090_v003.png,प्रामाणिकपणा हा सर्वात मोठा गुण आहे.,𑘢𑘿𑘨𑘰𑘦𑘰𑘜𑘱𑘎𑘢𑘜𑘰 𑘮𑘰 𑘭𑘨𑘿𑘪𑘰𑘝 𑘦𑘻𑘙𑘰 𑘐𑘳𑘜 𑘁𑘮𑘹.,90
data/synthetic/images/line_0090_v004.png,प्रामाणिकपणा हा सर्वात मोठा गुण आहे.,𑘢𑘿𑘨𑘰𑘦𑘰𑘜𑘱𑘎𑘢𑘜𑘰 𑘮𑘰 𑘭𑘨𑘿𑘪𑘰𑘝 𑘦𑘻𑘙𑘰 𑘐𑘳𑘜 𑘁𑘮𑘹.,90
data/synthetic/images/line_0090_v005.png,प्रामाणिकपणा हा सर्वात मोठा गुण आहे.,𑘢𑘿𑘨𑘰𑘦𑘰𑘜𑘱𑘎𑘢𑘜𑘰 𑘮𑘰 𑘭𑘨𑘿𑘪𑘰𑘝 𑘦𑘻𑘙𑘰 𑘐𑘳𑘜 𑘁𑘮𑘹.,90
data/synthetic/images/line_0090_v006.png,प्रामाणिकपणा हा सर्वात मोठा गुण आहे.,𑘢𑘿𑘨𑘰𑘦𑘰𑘜𑘱𑘎𑘢𑘜𑘰 𑘮𑘰 𑘭𑘨𑘿𑘪𑘰𑘝 𑘦𑘻𑘙𑘰 𑘐𑘳𑘜 𑘁𑘮𑘹.,90
data/synthetic/images/line_0090_v007.png,प्रामाणिकपणा हा सर्वात मोठा गुण आहे.,𑘢𑘿𑘨𑘰𑘦𑘰𑘜𑘱𑘎𑘢𑘜𑘰 𑘮𑘰 𑘭𑘨𑘿𑘪𑘰𑘝 𑘦𑘻𑘙𑘰 𑘐𑘳𑘜 𑘁𑘮𑘹.,90
data/synthetic/images/line_0090_v008.png,प्रामाणिकपणा हा सर्वात मोठा गुण आहे.,𑘢𑘿𑘨𑘰𑘦𑘰𑘜𑘱𑘎𑘢𑘜𑘰 𑘮𑘰 𑘭𑘨𑘿𑘪𑘰𑘝 𑘦𑘻𑘙𑘰 𑘐𑘳𑘜 𑘁𑘮𑘹.,90
data/synthetic/images/line_0090_v009.png,प्रामाणिकपणा हा सर्वात मोठा गुण आहे.,𑘢𑘿𑘨𑘰𑘦𑘰𑘜𑘱𑘎𑘢𑘜𑘰 𑘮𑘰 𑘭𑘨𑘿𑘪𑘰𑘝 𑘦𑘻𑘙𑘰 𑘐𑘳𑘜 𑘁𑘮𑘹.,90
data/synthetic/images/line_0090_v010.png,प्रामाणिकपणा हा सर्वात मोठा गुण आहे.,𑘢𑘿𑘨𑘰𑘦𑘰𑘜𑘱𑘎𑘢𑘜𑘰 𑘮𑘰 𑘭𑘨𑘿𑘪𑘰𑘝 𑘦𑘻𑘙𑘰 𑘐𑘳𑘜 𑘁𑘮𑘹.,90
data/synthetic/images/line_0090_v011.png,प्रामाणिकपणा हा सर्वात मोठा गुण आहे.,𑘢𑘿𑘨𑘰𑘦𑘰𑘜𑘱𑘎𑘢𑘜𑘰 𑘮𑘰 𑘭𑘨𑘿𑘪𑘰𑘝 𑘦𑘻𑘙𑘰 𑘐𑘳𑘜 𑘁𑘮𑘹.,90
data/synthetic/images/line_0090_v012.png,प्रामाणिकपणा हा सर्वात मोठा गुण आहे.,𑘢𑘿𑘨𑘰𑘦𑘰𑘜𑘱𑘎𑘢𑘜𑘰 𑘮𑘰 𑘭𑘨𑘿𑘪𑘰𑘝 𑘦𑘻𑘙𑘰 𑘐𑘳𑘜 𑘁𑘮𑘹.,90
data/synthetic/images/line_0090_v013.png,प्रामाणिकपणा हा सर्वात मोठा गुण आहे.,𑘢𑘿𑘨𑘰𑘦𑘰𑘜𑘱𑘎𑘢𑘜𑘰 𑘮𑘰 𑘭𑘨𑘿𑘪𑘰𑘝 𑘦𑘻𑘙𑘰 𑘐𑘳𑘜 𑘁𑘮𑘹.,90
data/synthetic/images/line_0090_v014.png,प्रामाणिकपणा हा सर्वात मोठा गुण आहे.,𑘢𑘿𑘨𑘰𑘦𑘰𑘜𑘱𑘎𑘢𑘜𑘰 𑘮𑘰 𑘭𑘨𑘿𑘪𑘰𑘝 𑘦𑘻𑘙𑘰 𑘐𑘳𑘜 𑘁𑘮𑘹.,90
data/synthetic/images/line_0090_v015.png,प्रामाणिकपणा हा सर्वात मोठा गुण आहे.,𑘢𑘿𑘨𑘰𑘦𑘰𑘜𑘱𑘎𑘢𑘜𑘰 𑘮𑘰 𑘭𑘨𑘿𑘪𑘰𑘝 𑘦𑘻𑘙𑘰 𑘐𑘳𑘜 𑘁𑘮𑘹.,90
data/synthetic/images/line_0090_v016.png,प्रामाणिकपणा हा सर्वात मोठा गुण आहे.,𑘢𑘿𑘨𑘰𑘦𑘰𑘜𑘱𑘎𑘢𑘜𑘰 𑘮𑘰 𑘭𑘨𑘿𑘪𑘰𑘝 𑘦𑘻𑘙𑘰 𑘐𑘳𑘜 𑘁𑘮𑘹.,90
data/synthetic/images/line_0090_v017.png,प्रामाणिकपणा हा सर्वात मोठा गुण आहे.,𑘢𑘿𑘨𑘰𑘦𑘰𑘜𑘱𑘎𑘢𑘜𑘰 𑘮𑘰 𑘭𑘨𑘿𑘪𑘰𑘝 𑘦𑘻𑘙𑘰 𑘐𑘳𑘜 𑘁𑘮𑘹.,90
data/synthetic/images/line_0090_v018.png,प्रामाणिकपणा हा सर्वात मोठा गुण आहे.,𑘢𑘿𑘨𑘰𑘦𑘰𑘜𑘱𑘎𑘢𑘜𑘰 𑘮𑘰 𑘭𑘨𑘿𑘪𑘰𑘝 𑘦𑘻𑘙𑘰 𑘐𑘳𑘜 𑘁𑘮𑘹.,90
data/synthetic/images/line_0090_v019.png,प्रामाणिकपणा हा सर्वात मोठा गुण आहे.,𑘢𑘿𑘨𑘰𑘦𑘰𑘜𑘱𑘎𑘢𑘜𑘰 𑘮𑘰 𑘭𑘨𑘿𑘪𑘰𑘝 𑘦𑘻𑘙𑘰 𑘐𑘳𑘜 𑘁𑘮𑘹.,90
data/synthetic/images/line_0090_v020.png,प्रामाणिकपणा हा सर्वात मोठा गुण आहे.,𑘢𑘿𑘨𑘰𑘦𑘰𑘜𑘱𑘎𑘢𑘜𑘰 𑘮𑘰 𑘭𑘨𑘿𑘪𑘰𑘝 𑘦𑘻𑘙𑘰 𑘐𑘳𑘜 𑘁𑘮𑘹.,90
data/synthetic/images/line_0090_v021.png,प्रामाणिकपणा हा सर्वात मोठा गुण आहे.,𑘢𑘿𑘨𑘰𑘦𑘰𑘜𑘱𑘎𑘢𑘜𑘰 𑘮𑘰 𑘭𑘨𑘿𑘪𑘰𑘝 𑘦𑘻𑘙𑘰 𑘐𑘳𑘜 𑘁𑘮𑘹.,90
data/synthetic/images/line_0090_v022.png,प्रामाणिकपणा हा सर्वात मोठा गुण आहे.,𑘢𑘿𑘨𑘰𑘦𑘰𑘜𑘱𑘎𑘢𑘜𑘰 𑘮𑘰 𑘭𑘨𑘿𑘪𑘰𑘝 𑘦𑘻𑘙𑘰 𑘐𑘳𑘜 𑘁𑘮𑘹.,90
data/synthetic/images/line_0090_v023.png,प्रामाणिकपणा हा सर्वात मोठा गुण आहे.,𑘢𑘿𑘨𑘰𑘦𑘰𑘜𑘱𑘎𑘢𑘜𑘰 𑘮𑘰 𑘭𑘨𑘿𑘪𑘰𑘝 𑘦𑘻𑘙𑘰 𑘐𑘳𑘜 𑘁𑘮𑘹.,90
data/synthetic/images/line_0090_v024.png,प्रामाणिकपणा हा सर्वात मोठा गुण आहे.,𑘢𑘿𑘨𑘰𑘦𑘰𑘜𑘱𑘎𑘢𑘜𑘰 𑘮𑘰 𑘭𑘨𑘿𑘪𑘰𑘝 𑘦𑘻𑘙𑘰 𑘐𑘳𑘜 𑘁𑘮𑘹.,90
data/synthetic/images/line_0090_v025.png,प्रामाणिकपणा हा सर्वात मोठा गुण आहे.,𑘢𑘿𑘨𑘰𑘦𑘰𑘜𑘱𑘎𑘢𑘜𑘰 𑘮𑘰 𑘭𑘨𑘿𑘪𑘰𑘝 𑘦𑘻𑘙𑘰 𑘐𑘳𑘜 𑘁𑘮𑘹.,90
data/synthetic/images/line_0090_v026.png,प्रामाणिकपणा हा सर्वात मोठा गुण आहे.,𑘢𑘿𑘨𑘰𑘦𑘰𑘜𑘱𑘎𑘢𑘜𑘰 𑘮𑘰 𑘭𑘨𑘿𑘪𑘰𑘝 𑘦𑘻𑘙𑘰 𑘐𑘳𑘜 𑘁𑘮𑘹.,90
data/synthetic/images/line_0090_v027.png,प्रामाणिकपणा हा सर्वात मोठा गुण आहे.,𑘢𑘿𑘨𑘰𑘦𑘰𑘜𑘱𑘎𑘢𑘜𑘰 𑘮𑘰 𑘭𑘨𑘿𑘪𑘰𑘝 𑘦𑘻𑘙𑘰 𑘐𑘳𑘜 𑘁𑘮𑘹.,90
data/synthetic/images/line_0090_v028.png,प्रामाणिकपणा हा सर्वात मोठा गुण आहे.,𑘢𑘿𑘨𑘰𑘦𑘰𑘜𑘱𑘎𑘢𑘜𑘰 𑘮𑘰 𑘭𑘨𑘿𑘪𑘰𑘝 𑘦𑘻𑘙𑘰 𑘐𑘳𑘜 𑘁𑘮𑘹.,90
data/synthetic/images/line_0090_v029.png,प्रामाणिकपणा हा सर्वात मोठा गुण आहे.,𑘢𑘿𑘨𑘰𑘦𑘰𑘜𑘱𑘎𑘢𑘜𑘰 𑘮𑘰 𑘭𑘨𑘿𑘪𑘰𑘝 𑘦𑘻𑘙𑘰 𑘐𑘳𑘜 𑘁𑘮𑘹.,90
data/synthetic/images/line_0090_v030.png,प्रामाणिकपणा हा सर्वात मोठा गुण आहे.,𑘢𑘿𑘨𑘰𑘦𑘰𑘜𑘱𑘎𑘢𑘜𑘰 𑘮𑘰 𑘭𑘨𑘿𑘪𑘰𑘝 𑘦𑘻𑘙𑘰 𑘐𑘳𑘜 𑘁𑘮𑘹.,90
data/synthetic/images/line_0090_v031.png,प्रामाणिकपणा हा सर्वात मोठा गुण आहे.,𑘢𑘿𑘨𑘰𑘦𑘰𑘜𑘱𑘎𑘢𑘜𑘰 𑘮𑘰 𑘭𑘨𑘿𑘪𑘰𑘝 𑘦𑘻𑘙𑘰 𑘐𑘳𑘜 𑘁𑘮𑘹.,90
data/synthetic/images/line_0090_v032.png,प्रामाणिकपणा हा सर्वात मोठा गुण आहे.,𑘢𑘿𑘨𑘰𑘦𑘰𑘜𑘱𑘎𑘢𑘜𑘰 𑘮𑘰 𑘭𑘨𑘿𑘪𑘰𑘝 𑘦𑘻𑘙𑘰 𑘐𑘳𑘜 𑘁𑘮𑘹.,90
data/synthetic/images/line_0090_v033.png,प्रामाणिकपणा हा सर्वात मोठा गुण आहे.,𑘢𑘿𑘨𑘰𑘦𑘰𑘜𑘱𑘎𑘢𑘜𑘰 𑘮𑘰 𑘭𑘨𑘿𑘪𑘰𑘝 𑘦𑘻𑘙𑘰 𑘐𑘳𑘜 𑘁𑘮𑘹.,90
data/synthetic/images/line_0090_v034.png,प्रामाणिकपणा हा सर्वात मोठा गुण आहे.,𑘢𑘿𑘨𑘰𑘦𑘰𑘜𑘱𑘎𑘢𑘜𑘰 𑘮𑘰 𑘭𑘨𑘿𑘪𑘰𑘝 𑘦𑘻𑘙𑘰 𑘐𑘳𑘜 𑘁𑘮𑘹.,90
data/synthetic/images/line_0090_v035.png,प्रामाणिकपणा हा सर्वात मोठा गुण आहे.,𑘢𑘿𑘨𑘰𑘦𑘰𑘜𑘱𑘎𑘢𑘜𑘰 𑘮𑘰 𑘭𑘨𑘿𑘪𑘰𑘝 𑘦𑘻𑘙𑘰 𑘐𑘳𑘜 𑘁𑘮𑘹.,90
data/synthetic/images/line_0090_v036.png,प्रामाणिकपणा हा सर्वात मोठा गुण आहे.,𑘢𑘿𑘨𑘰𑘦𑘰𑘜𑘱𑘎𑘢𑘜𑘰 𑘮𑘰 𑘭𑘨𑘿𑘪𑘰𑘝 𑘦𑘻𑘙𑘰 𑘐𑘳𑘜 𑘁𑘮𑘹.,90
data/synthetic/images/line_0090_v037.png,प्रामाणिकपणा हा सर्वात मोठा गुण आहे.,𑘢𑘿𑘨𑘰𑘦𑘰𑘜𑘱𑘎𑘢𑘜𑘰 𑘮𑘰 𑘭𑘨𑘿𑘪𑘰𑘝 𑘦𑘻𑘙𑘰 𑘐𑘳𑘜 𑘁𑘮𑘹.,90
data/synthetic/images/line_0090_v038.png,प्रामाणिकपणा हा सर्वात मोठा गुण आहे.,𑘢𑘿𑘨𑘰𑘦𑘰𑘜𑘱𑘎𑘢𑘜𑘰 𑘮𑘰 𑘭𑘨𑘿𑘪𑘰𑘝 𑘦𑘻𑘙𑘰 𑘐𑘳𑘜 𑘁𑘮𑘹.,90
data/synthetic/images/line_0090_v039.png,प्रामाणिकपणा हा सर्वात मोठा गुण आहे.,𑘢𑘿𑘨𑘰𑘦𑘰𑘜𑘱𑘎𑘢𑘜𑘰 𑘮𑘰 𑘭𑘨𑘿𑘪𑘰𑘝 𑘦𑘻𑘙𑘰 𑘐𑘳𑘜 𑘁𑘮𑘹.,90
data/synthetic/images/line_0091_v000.png,सत्य नेहमी शेवटी जिंकते.,𑘭𑘝𑘿𑘧 𑘡𑘹𑘮𑘦𑘲 𑘫𑘹𑘪𑘘𑘲 𑘕𑘱𑘽𑘎𑘝𑘹.,91
data/synthetic/images/line_0091_v001.png,सत्य नेहमी शेवटी जिंकते.,𑘭𑘝𑘿𑘧 𑘡𑘹𑘮𑘦𑘲 𑘫𑘹𑘪𑘘𑘲 𑘕𑘱𑘽𑘎𑘝𑘹.,91
data/synthetic/images/line_0091_v002.png,सत्य नेहमी शेवटी जिंकते.,𑘭𑘝𑘿𑘧 𑘡𑘹𑘮𑘦𑘲 𑘫𑘹𑘪𑘘𑘲 𑘕𑘱𑘽𑘎𑘝𑘹.,91
data/synthetic/images/line_0091_v003.png,सत्य नेहमी शेवटी जिंकते.,𑘭𑘝𑘿𑘧 𑘡𑘹𑘮𑘦𑘲 𑘫𑘹𑘪𑘘𑘲 𑘕𑘱𑘽𑘎𑘝𑘹.,91
data/synthetic/images/line_0091_v004.png,सत्य नेहमी शेवटी जिंकते.,𑘭𑘝𑘿𑘧 𑘡𑘹𑘮𑘦𑘲 𑘫𑘹𑘪𑘘𑘲 𑘕𑘱𑘽𑘎𑘝𑘹.,91
data/synthetic/images/line_0091_v005.png,सत्य नेहमी शेवटी जिंकते.,𑘭𑘝𑘿𑘧 𑘡𑘹𑘮𑘦𑘲 𑘫𑘹𑘪𑘘𑘲 𑘕𑘱𑘽𑘎𑘝𑘹.,91
data/synthetic/images/line_0091_v006.png,सत्य नेहमी शेवटी जिंकते.,𑘭𑘝𑘿𑘧 𑘡𑘹𑘮𑘦𑘲 𑘫𑘹𑘪𑘘𑘲 𑘕𑘱𑘽𑘎𑘝𑘹.,91
data/synthetic/images/line_0091_v007.png,सत्य नेहमी शेवटी जिंकते.,𑘭𑘝𑘿𑘧 𑘡𑘹𑘮𑘦𑘲 𑘫𑘹𑘪𑘘𑘲 𑘕𑘱𑘽𑘎𑘝𑘹.,91
data/synthetic/images/line_0091_v008.png,सत्य नेहमी शेवटी जिंकते.,𑘭𑘝𑘿𑘧 𑘡𑘹𑘮𑘦𑘲 𑘫𑘹𑘪𑘘𑘲 𑘕𑘱𑘽𑘎𑘝𑘹.,91
data/synthetic/images/line_0091_v009.png,सत्य नेहमी शेवटी जिंकते.,𑘭𑘝𑘿𑘧 𑘡𑘹𑘮𑘦𑘲 𑘫𑘹𑘪𑘘𑘲 𑘕𑘱𑘽𑘎𑘝𑘹.,91
data/synthetic/images/line_0091_v010.png,सत्य नेहमी शेवटी जिंकते.,𑘭𑘝𑘿𑘧 𑘡𑘹𑘮𑘦𑘲 𑘫𑘹𑘪𑘘𑘲 𑘕𑘱𑘽𑘎𑘝𑘹.,91
data/synthetic/images/line_0091_v011.png,सत्य नेहमी शेवटी जिंकते.,𑘭𑘝𑘿𑘧 𑘡𑘹𑘮𑘦𑘲 𑘫𑘹𑘪𑘘𑘲 𑘕𑘱𑘽𑘎𑘝𑘹.,91
data/synthetic/images/line_0091_v012.png,सत्य नेहमी शेवटी जिंकते.,𑘭𑘝𑘿𑘧 𑘡𑘹𑘮𑘦𑘲 𑘫𑘹𑘪𑘘𑘲 𑘕𑘱𑘽𑘎𑘝𑘹.,91
data/synthetic/images/line_0091_v013.png,सत्य नेहमी शेवटी जिंकते.,𑘭𑘝𑘿𑘧 𑘡𑘹𑘮𑘦𑘲 𑘫𑘹𑘪𑘘𑘲 𑘕𑘱𑘽𑘎𑘝𑘹.,91
data/synthetic/images/line_0091_v014.png,सत्य नेहमी शेवटी जिंकते.,𑘭𑘝𑘿𑘧 𑘡𑘹𑘮𑘦𑘲 𑘫𑘹𑘪𑘘𑘲 𑘕𑘱𑘽𑘎𑘝𑘹.,91
data/synthetic/images/line_0091_v015.png,सत्य नेहमी शेवटी जिंकते.,𑘭𑘝𑘿𑘧 𑘡𑘹𑘮𑘦𑘲 𑘫𑘹𑘪𑘘𑘲 𑘕𑘱𑘽𑘎𑘝𑘹.,91
data/synthetic/images/line_0091_v016.png,सत्य नेहमी शेवटी जिंकते.,𑘭𑘝𑘿𑘧 𑘡𑘹𑘮𑘦𑘲 𑘫𑘹𑘪𑘘𑘲 𑘕𑘱𑘽𑘎𑘝𑘹.,91
data/synthetic/images/line_0091_v017.png,सत्य नेहमी शेवटी जिंकते.,𑘭𑘝𑘿𑘧 𑘡𑘹𑘮𑘦𑘲 𑘫𑘹𑘪𑘘𑘲 𑘕𑘱𑘽𑘎𑘝𑘹.,91
data/synthetic/images/line_0091_v018.png,सत्य नेहमी शेवटी जिंकते.,𑘭𑘝𑘿𑘧 𑘡𑘹𑘮𑘦𑘲 𑘫𑘹𑘪𑘘𑘲 𑘕𑘱𑘽𑘎𑘝𑘹.,91
data/synthetic/images/line_0091_v019.png,सत्य नेहमी शेवटी जिंकते.,𑘭𑘝𑘿𑘧 𑘡𑘹𑘮𑘦𑘲 𑘫𑘹𑘪𑘘𑘲 𑘕𑘱𑘽𑘎𑘝𑘹.,91
data/synthetic/images/line_0091_v020.png,सत्य नेहमी शेवटी जिंकते.,𑘭𑘝𑘿𑘧 𑘡𑘹𑘮𑘦𑘲 𑘫𑘹𑘪𑘘𑘲 𑘕𑘱𑘽𑘎𑘝𑘹.,91
data/synthetic/images/line_0091_v021.png,सत्य नेहमी शेवटी जिंकते.,𑘭𑘝𑘿𑘧 𑘡𑘹𑘮𑘦𑘲 𑘫𑘹𑘪𑘘𑘲 𑘕𑘱𑘽𑘎𑘝𑘹.,91
data/synthetic/images/line_0091_v022.png,सत्य नेहमी शेवटी जिंकते.,𑘭𑘝𑘿𑘧 𑘡𑘹𑘮𑘦𑘲 𑘫𑘹𑘪𑘘𑘲 𑘕𑘱𑘽𑘎𑘝𑘹.,91
data/synthetic/images/line_0091_v023.png,सत्य नेहमी शेवटी जिंकते.,𑘭𑘝𑘿𑘧 𑘡𑘹𑘮𑘦𑘲 𑘫𑘹𑘪𑘘𑘲 𑘕𑘱𑘽𑘎𑘝𑘹.,91
data/synthetic/images/line_0091_v024.png,सत्य नेहमी शेवटी जिंकते.,𑘭𑘝𑘿𑘧 𑘡𑘹𑘮𑘦𑘲 𑘫𑘹𑘪𑘘𑘲 𑘕𑘱𑘽𑘎𑘝𑘹.,91
data/synthetic/images/line_0091_v025.png,सत्य नेहमी शेवटी जिंकते.,𑘭𑘝𑘿𑘧 𑘡𑘹𑘮𑘦𑘲 𑘫𑘹𑘪𑘘𑘲 𑘕𑘱𑘽𑘎𑘝𑘹.,91
data/synthetic/images/line_0091_v026.png,सत्य नेहमी शेवटी जिंकते.,𑘭𑘝𑘿𑘧 𑘡𑘹𑘮𑘦𑘲 𑘫𑘹𑘪𑘘𑘲 𑘕𑘱𑘽𑘎𑘝𑘹.,91
data/synthetic/images/line_0091_v027.png,सत्य नेहमी शेवटी जिंकते.,𑘭𑘝𑘿𑘧 𑘡𑘹𑘮𑘦𑘲 𑘫𑘹𑘪𑘘𑘲 𑘕𑘱𑘽𑘎𑘝𑘹.,91
data/synthetic/images/line_0091_v028.png,सत्य नेहमी शेवटी जिंकते.,𑘭𑘝𑘿𑘧 𑘡𑘹𑘮𑘦𑘲 𑘫𑘹𑘪𑘘𑘲 𑘕𑘱𑘽𑘎𑘝𑘹.,91
data/synthetic/images/line_0091_v029.png,सत्य नेहमी शेवटी जिंकते.,𑘭𑘝𑘿𑘧 𑘡𑘹𑘮𑘦𑘲 𑘫𑘹𑘪𑘘𑘲 𑘕𑘱𑘽𑘎𑘝𑘹.,91
data/synthetic/images/line_0091_v030.png,सत्य नेहमी शेवटी जिंकते.,𑘭𑘝𑘿𑘧 𑘡𑘹𑘮𑘦𑘲 𑘫𑘹𑘪𑘘𑘲 𑘕𑘱𑘽𑘎𑘝𑘹.,91
data/synthetic/images/line_0091_v031.png,सत्य नेहमी शेवटी जिंकते.,𑘭𑘝𑘿𑘧 𑘡𑘹𑘮𑘦𑘲 𑘫𑘹𑘪𑘘𑘲 𑘕𑘱𑘽𑘎𑘝𑘹.,91
data/synthetic/images/line_0091_v032.png,सत्य नेहमी शेवटी जिंकते.,𑘭𑘝𑘿𑘧 𑘡𑘹𑘮𑘦𑘲 𑘫𑘹𑘪𑘘𑘲 𑘕𑘱𑘽𑘎𑘝𑘹.,91
data/synthetic/images/line_0091_v033.png,सत्य नेहमी शेवटी जिंकते.,𑘭𑘝𑘿𑘧 𑘡𑘹𑘮𑘦𑘲 𑘫𑘹𑘪𑘘𑘲 𑘕𑘱𑘽𑘎𑘝𑘹.,91
data/synthetic/images/line_0091_v034.png,सत्य नेहमी शेवटी जिंकते.,𑘭𑘝𑘿𑘧 𑘡𑘹𑘮𑘦𑘲 𑘫𑘹𑘪𑘘𑘲 𑘕𑘱𑘽𑘎𑘝𑘹.,91
data/synthetic/images/line_0091_v035.png,सत्य नेहमी शेवटी जिंकते.,𑘭𑘝𑘿𑘧 𑘡𑘹𑘮𑘦𑘲 𑘫𑘹𑘪𑘘𑘲 𑘕𑘱𑘽𑘎𑘝𑘹.,91
data/synthetic/images/line_0091_v036.png,सत्य नेहमी शेवटी जिंकते.,𑘭𑘝𑘿𑘧 𑘡𑘹𑘮𑘦𑘲 𑘫𑘹𑘪𑘘𑘲 𑘕𑘱𑘽𑘎𑘝𑘹.,91
data/synthetic/images/line_0091_v037.png,सत्य नेहमी शेवटी जिंकते.,𑘭𑘝𑘿𑘧 𑘡𑘹𑘮𑘦𑘲 𑘫𑘹𑘪𑘘𑘲 𑘕𑘱𑘽𑘎𑘝𑘹.,91
data/synthetic/images/line_0091_v038.png,सत्य नेहमी शेवटी जिंकते.,𑘭𑘝𑘿𑘧 𑘡𑘹𑘮𑘦𑘲 𑘫𑘹𑘪𑘘𑘲 𑘕𑘱𑘽𑘎𑘝𑘹.,91
data/synthetic/images/line_0091_v039.png,सत्य नेहमी शेवटी जिंकते.,𑘭𑘝𑘿𑘧 𑘡𑘹𑘮𑘦𑘲 𑘫𑘹𑘪𑘘𑘲 𑘕𑘱𑘽𑘎𑘝𑘹.,91
data/synthetic/images/line_0092_v000.png,मैत्री हे जीवनातील अनमोल नाते आहे.,𑘦𑘺𑘝𑘿𑘨𑘲 𑘮𑘹 𑘕𑘲𑘪𑘡𑘰𑘝𑘲𑘩 𑘀𑘡𑘦𑘻𑘩 𑘡𑘰𑘝𑘹 𑘁𑘮𑘹.,92
data/synthetic/images/line_0092_v001.png,मैत्री हे जीवनातील अनमोल नाते आहे.,𑘦𑘺𑘝𑘿𑘨𑘲 𑘮𑘹 𑘕𑘲𑘪𑘡𑘰𑘝𑘲𑘩 𑘀𑘡𑘦𑘻𑘩 𑘡𑘰𑘝𑘹 𑘁𑘮𑘹.,92
data/synthetic/images/line_0092_v002.png,मैत्री हे जीवनातील अनमोल नाते आहे.,𑘦𑘺𑘝𑘿𑘨𑘲 𑘮𑘹 𑘕𑘲𑘪𑘡𑘰𑘝𑘲𑘩 𑘀𑘡𑘦𑘻𑘩 𑘡𑘰𑘝𑘹 𑘁𑘮𑘹.,92
data/synthetic/images/line_0092_v003.png,मैत्री हे जीवनातील अनमोल नाते आहे.,𑘦𑘺𑘝𑘿𑘨𑘲 𑘮𑘹 𑘕𑘲𑘪𑘡𑘰𑘝𑘲𑘩 𑘀𑘡𑘦𑘻𑘩 𑘡𑘰𑘝𑘹 𑘁𑘮𑘹.,92
data/synthetic/images/line_0092_v004.png,मैत्री हे जीवनातील अनमोल नाते आहे.,𑘦𑘺𑘝𑘿𑘨𑘲 𑘮𑘹 𑘕𑘲𑘪𑘡𑘰𑘝𑘲𑘩 𑘀𑘡𑘦𑘻𑘩 𑘡𑘰𑘝𑘹 𑘁𑘮𑘹.,92
data/synthetic/images/line_0092_v005.png,मैत्री हे जीवनातील अनमोल नाते आहे.,𑘦𑘺𑘝𑘿𑘨𑘲 𑘮𑘹 𑘕𑘲𑘪𑘡𑘰𑘝𑘲𑘩 𑘀𑘡𑘦𑘻𑘩 𑘡𑘰𑘝𑘹 𑘁𑘮𑘹.,92
data/synthetic/images/line_0092_v006.png,मैत्री हे जीवनातील अनमोल नाते आहे.,𑘦𑘺𑘝𑘿𑘨𑘲 𑘮𑘹 𑘕𑘲𑘪𑘡𑘰𑘝𑘲𑘩 𑘀𑘡𑘦𑘻𑘩 𑘡𑘰𑘝𑘹 𑘁𑘮𑘹.,92
data/synthetic/images/line_0092_v007.png,मैत्री हे जीवनातील अनमोल नाते आहे.,𑘦𑘺𑘝𑘿𑘨𑘲 𑘮𑘹 𑘕𑘲𑘪𑘡𑘰𑘝𑘲𑘩 𑘀𑘡𑘦𑘻𑘩 𑘡𑘰𑘝𑘹 𑘁𑘮𑘹.,92
data/synthetic/images/line_0092_v008.png,मैत्री हे जीवनातील अनमोल नाते आहे.,𑘦𑘺𑘝𑘿𑘨𑘲 𑘮𑘹 𑘕𑘲𑘪𑘡𑘰𑘝𑘲𑘩 𑘀𑘡𑘦𑘻𑘩 𑘡𑘰𑘝𑘹 𑘁𑘮𑘹.,92
data/synthetic/images/line_0092_v009.png,मैत्री हे जीवनातील अनमोल नाते आहे.,𑘦𑘺𑘝𑘿𑘨𑘲 𑘮𑘹 𑘕𑘲𑘪𑘡𑘰𑘝𑘲𑘩 𑘀𑘡𑘦𑘻𑘩 𑘡𑘰𑘝𑘹 𑘁𑘮𑘹.,92
data/synthetic/images/line_0092_v010.png,मैत्री हे जीवनातील अनमोल नाते आहे.,𑘦𑘺𑘝𑘿𑘨𑘲 𑘮𑘹 𑘕𑘲𑘪𑘡𑘰𑘝𑘲𑘩 𑘀𑘡𑘦𑘻𑘩 𑘡𑘰𑘝𑘹 𑘁𑘮𑘹.,92
data/synthetic/images/line_0092_v011.png,मैत्री हे जीवनातील अनमोल नाते आहे.,𑘦𑘺𑘝𑘿𑘨𑘲 𑘮𑘹 𑘕𑘲𑘪𑘡𑘰𑘝𑘲𑘩 𑘀𑘡𑘦𑘻𑘩 𑘡𑘰𑘝𑘹 𑘁𑘮𑘹.,92
data/synthetic/images/line_0092_v012.png,मैत्री हे जीवनातील अनमोल नाते आहे.,𑘦𑘺𑘝𑘿𑘨𑘲 𑘮𑘹 𑘕𑘲𑘪𑘡𑘰𑘝𑘲𑘩 𑘀𑘡𑘦𑘻𑘩 𑘡𑘰𑘝𑘹 𑘁𑘮𑘹.,92
data/synthetic/images/line_0092_v013.png,मैत्री हे जीवनातील अनमोल नाते आहे.,𑘦𑘺𑘝𑘿𑘨𑘲 𑘮𑘹 𑘕𑘲𑘪𑘡𑘰𑘝𑘲𑘩 𑘀𑘡𑘦𑘻𑘩 𑘡𑘰𑘝𑘹 𑘁𑘮𑘹.,92
data/synthetic/images/line_0092_v014.png,मैत्री हे जीवनातील अनमोल नाते आहे.,𑘦𑘺𑘝𑘿𑘨𑘲 𑘮𑘹 𑘕𑘲𑘪𑘡𑘰𑘝𑘲𑘩 𑘀𑘡𑘦𑘻𑘩 𑘡𑘰𑘝𑘹 𑘁𑘮𑘹.,92
data/synthetic/images/line_0092_v015.png,मैत्री हे जीवनातील अनमोल नाते आहे.,𑘦𑘺𑘝𑘿𑘨𑘲 𑘮𑘹 𑘕𑘲𑘪𑘡𑘰𑘝𑘲𑘩 𑘀𑘡𑘦𑘻𑘩 𑘡𑘰𑘝𑘹 𑘁𑘮𑘹.,92
data/synthetic/images/line_0092_v016.png,मैत्री हे जीवनातील अनमोल नाते आहे.,𑘦𑘺𑘝𑘿𑘨𑘲 𑘮𑘹 𑘕𑘲𑘪𑘡𑘰𑘝𑘲𑘩 𑘀𑘡𑘦𑘻𑘩 𑘡𑘰𑘝𑘹 𑘁𑘮𑘹.,92
data/synthetic/images/line_0092_v017.png,मैत्री हे जीवनातील अनमोल नाते आहे.,𑘦𑘺𑘝𑘿𑘨𑘲 𑘮𑘹 𑘕𑘲𑘪𑘡𑘰𑘝𑘲𑘩 𑘀𑘡𑘦𑘻𑘩 𑘡𑘰𑘝𑘹 𑘁𑘮𑘹.,92
data/synthetic/images/line_0092_v018.png,मैत्री हे जीवनातील अनमोल नाते आहे.,𑘦𑘺𑘝𑘿𑘨𑘲 𑘮𑘹 𑘕𑘲𑘪𑘡𑘰𑘝𑘲𑘩 𑘀𑘡𑘦𑘻𑘩 𑘡𑘰𑘝𑘹 𑘁𑘮𑘹.,92
data/synthetic/images/line_0092_v019.png,मैत्री हे जीवनातील अनमोल नाते आहे.,𑘦𑘺𑘝𑘿𑘨𑘲 𑘮𑘹 𑘕𑘲𑘪𑘡𑘰𑘝𑘲𑘩 𑘀𑘡𑘦𑘻𑘩 𑘡𑘰𑘝𑘹 𑘁𑘮𑘹.,92
data/synthetic/images/line_0092_v020.png,मैत्री हे जीवनातील अनमोल नाते आहे.,𑘦𑘺𑘝𑘿𑘨𑘲 𑘮𑘹 𑘕𑘲𑘪𑘡𑘰𑘝𑘲𑘩 𑘀𑘡𑘦𑘻𑘩 𑘡𑘰𑘝𑘹 𑘁𑘮𑘹.,92
data/synthetic/images/line_0092_v021.png,मैत्री हे जीवनातील अनमोल नाते आहे.,𑘦𑘺𑘝𑘿𑘨𑘲 𑘮𑘹 𑘕𑘲𑘪𑘡𑘰𑘝𑘲𑘩 𑘀𑘡𑘦𑘻𑘩 𑘡𑘰𑘝𑘹 𑘁𑘮𑘹.,92
data/synthetic/images/line_0092_v022.png,मैत्री हे जीवनातील अनमोल नाते आहे.,𑘦𑘺𑘝𑘿𑘨𑘲 𑘮𑘹 𑘕𑘲𑘪𑘡𑘰𑘝𑘲𑘩 𑘀𑘡𑘦𑘻𑘩 𑘡𑘰𑘝𑘹 𑘁𑘮𑘹.,92
data/synthetic/images/line_0092_v023.png,मैत्री हे जीवनातील अनमोल नाते आहे.,𑘦𑘺𑘝𑘿𑘨𑘲 𑘮𑘹 𑘕𑘲𑘪𑘡𑘰𑘝𑘲𑘩 𑘀𑘡𑘦𑘻𑘩 𑘡𑘰𑘝𑘹 𑘁𑘮𑘹.,92
data/synthetic/images/line_0092_v024.png,मैत्री हे जीवनातील अनमोल नाते आहे.,𑘦𑘺𑘝𑘿𑘨𑘲 𑘮𑘹 𑘕𑘲𑘪𑘡𑘰𑘝𑘲𑘩 𑘀𑘡𑘦𑘻𑘩 𑘡𑘰𑘝𑘹 𑘁𑘮𑘹.,92
data/synthetic/images/line_0092_v025.png,मैत्री हे जीवनातील अनमोल नाते आहे.,𑘦𑘺𑘝𑘿𑘨𑘲 𑘮𑘹 𑘕𑘲𑘪𑘡𑘰𑘝𑘲𑘩 𑘀𑘡𑘦𑘻𑘩 𑘡𑘰𑘝𑘹 𑘁𑘮𑘹.,92
data/synthetic/images/line_0092_v026.png,मैत्री हे जीवनातील अनमोल नाते आहे.,𑘦𑘺𑘝𑘿𑘨𑘲 𑘮𑘹 𑘕𑘲𑘪𑘡𑘰𑘝𑘲𑘩 𑘀𑘡𑘦𑘻𑘩 𑘡𑘰𑘝𑘹 𑘁𑘮𑘹.,92
data/synthetic/images/line_0092_v027.png,मैत्री हे जीवनातील अनमोल नाते आहे.,𑘦𑘺𑘝𑘿𑘨𑘲 𑘮𑘹 𑘕𑘲𑘪𑘡𑘰𑘝𑘲𑘩 𑘀𑘡𑘦𑘻𑘩 𑘡𑘰𑘝𑘹 𑘁𑘮𑘹.,92
data/synthetic/images/line_0092_v028.png,मैत्री हे जीवनातील अनमोल नाते आहे.,𑘦𑘺𑘝𑘿𑘨𑘲 𑘮𑘹 𑘕𑘲𑘪𑘡𑘰𑘝𑘲𑘩 𑘀𑘡𑘦𑘻𑘩 𑘡𑘰𑘝𑘹 𑘁𑘮𑘹.,92
data/synthetic/images/line_0092_v029.png,मैत्री हे जीवनातील अनमोल नाते आहे.,𑘦𑘺𑘝𑘿𑘨𑘲 𑘮𑘹 𑘕𑘲𑘪𑘡𑘰𑘝𑘲𑘩 𑘀𑘡𑘦𑘻𑘩 𑘡𑘰𑘝𑘹 𑘁𑘮𑘹.,92
data/synthetic/images/line_0092_v030.png,मैत्री हे जीवनातील अनमोल नाते आहे.,𑘦𑘺𑘝𑘿𑘨𑘲 𑘮𑘹 𑘕𑘲𑘪𑘡𑘰𑘝𑘲𑘩 𑘀𑘡𑘦𑘻𑘩 𑘡𑘰𑘝𑘹 𑘁𑘮𑘹.,92
data/synthetic/images/line_0092_v031.png,मैत्री हे जीवनातील अनमोल नाते आहे.,𑘦𑘺𑘝𑘿𑘨𑘲 𑘮𑘹 𑘕𑘲𑘪𑘡𑘰𑘝𑘲𑘩 𑘀𑘡𑘦𑘻𑘩 𑘡𑘰𑘝𑘹 𑘁𑘮𑘹.,92
data/synthetic/images/line_0092_v032.png,मैत्री हे जीवनातील अनमोल नाते आहे.,𑘦𑘺𑘝𑘿𑘨𑘲 𑘮𑘹 𑘕𑘲𑘪𑘡𑘰𑘝𑘲𑘩 𑘀𑘡𑘦𑘻𑘩 𑘡𑘰𑘝𑘹 𑘁𑘮𑘹.,92
data/synthetic/images/line_0092_v033.png,मैत्री हे जीवनातील अनमोल नाते आहे.,𑘦𑘺𑘝𑘿𑘨𑘲 𑘮𑘹 𑘕𑘲𑘪𑘡𑘰𑘝𑘲𑘩 𑘀𑘡𑘦𑘻𑘩 𑘡𑘰𑘝𑘹 𑘁𑘮𑘹.,92
data/synthetic/images/line_0092_v034.png,मैत्री हे जीवनातील अनमोल नाते आहे.,𑘦𑘺𑘝𑘿𑘨𑘲 𑘮𑘹 𑘕𑘲𑘪𑘡𑘰𑘝𑘲𑘩 𑘀𑘡𑘦𑘻𑘩 𑘡𑘰𑘝𑘹 𑘁𑘮𑘹.,92
data/synthetic/images/line_0092_v035.png,मैत्री हे जीवनातील अनमोल नाते आहे.,𑘦𑘺𑘝𑘿𑘨𑘲 𑘮𑘹 𑘕𑘲𑘪𑘡𑘰𑘝𑘲𑘩 𑘀𑘡𑘦𑘻𑘩 𑘡𑘰𑘝𑘹 𑘁𑘮𑘹.,92
data/synthetic/images/line_0092_v036.png,मैत्री हे जीवनातील अनमोल नाते आहे.,𑘦𑘺𑘝𑘿𑘨𑘲 𑘮𑘹 𑘕𑘲𑘪𑘡𑘰𑘝𑘲𑘩 𑘀𑘡𑘦𑘻𑘩 𑘡𑘰𑘝𑘹 𑘁𑘮𑘹.,92
data/synthetic/images/line_0092_v037.png,मैत्री हे जीवनातील अनमोल नाते आहे.,𑘦𑘺𑘝𑘿𑘨𑘲 𑘮𑘹 𑘕𑘲𑘪𑘡𑘰𑘝𑘲𑘩 𑘀𑘡𑘦𑘻𑘩 𑘡𑘰𑘝𑘹 𑘁𑘮𑘹.,92
data/synthetic/images/line_0092_v038.png,मैत्री हे जीवनातील अनमोल नाते आहे.,𑘦𑘺𑘝𑘿𑘨𑘲 𑘮𑘹 𑘕𑘲𑘪𑘡𑘰𑘝𑘲𑘩 𑘀𑘡𑘦𑘻𑘩 𑘡𑘰𑘝𑘹 𑘁𑘮𑘹.,92
data/synthetic/images/line_0092_v039.png,मैत्री हे जीवनातील अनमोल नाते आहे.,𑘦𑘺𑘝𑘿𑘨𑘲 𑘮𑘹 𑘕𑘲𑘪𑘡𑘰𑘝𑘲𑘩 𑘀𑘡𑘦𑘻𑘩 𑘡𑘰𑘝𑘹 𑘁𑘮𑘹.,92
data/synthetic/images/line_0093_v000.png,आई वडिलांचा आदर करावा.,𑘁𑘃 𑘪𑘚𑘱𑘩𑘰𑘽𑘓𑘰 𑘁𑘟𑘨 𑘎𑘨𑘰𑘪𑘰.,93
data/synthetic/images/line_0093_v001.png,आई वडिलांचा आदर करावा.,𑘁𑘃 𑘪𑘚𑘱𑘩𑘰𑘽𑘓𑘰 𑘁𑘟𑘨 𑘎𑘨𑘰𑘪𑘰.,93
data/synthetic/images/line_0093_v002.png,आई वडिलांचा आदर करावा.,𑘁𑘃 𑘪𑘚𑘱𑘩𑘰𑘽𑘓𑘰 𑘁𑘟𑘨 𑘎𑘨𑘰𑘪𑘰.,93
data/synthetic/images/line_0093_v003.png,आई वडिलांचा आदर करावा.,𑘁𑘃 𑘪𑘚𑘱𑘩𑘰𑘽𑘓𑘰 𑘁𑘟𑘨 𑘎𑘨𑘰𑘪𑘰.,93
data/synthetic/images/line_0093_v004.png,आई वडिलांचा आदर करावा.,𑘁𑘃 𑘪𑘚𑘱𑘩𑘰𑘽𑘓𑘰 𑘁𑘟𑘨 𑘎𑘨𑘰𑘪𑘰.,93
data/synthetic/images/line_0093_v005.png,आई वडिलांचा आदर करावा.,𑘁𑘃 𑘪𑘚𑘱𑘩𑘰𑘽𑘓𑘰 𑘁𑘟𑘨 𑘎𑘨𑘰𑘪𑘰.,93
data/synthetic/images/line_0093_v006.png,आई वडिलांचा आदर करावा.,𑘁𑘃 𑘪𑘚𑘱𑘩𑘰𑘽𑘓𑘰 𑘁𑘟𑘨 𑘎𑘨𑘰𑘪𑘰.,93
data/synthetic/images/line_0093_v007.png,आई वडिलांचा आदर करावा.,𑘁𑘃 𑘪𑘚𑘱𑘩𑘰𑘽𑘓𑘰 𑘁𑘟𑘨 𑘎𑘨𑘰𑘪𑘰.,93
data/synthetic/images/line_0093_v008.png,आई वडिलांचा आदर करावा.,𑘁𑘃 𑘪𑘚𑘱𑘩𑘰𑘽𑘓𑘰 𑘁𑘟𑘨 𑘎𑘨𑘰𑘪𑘰.,93
data/synthetic/images/line_0093_v009.png,आई वडिलांचा आदर करावा.,𑘁𑘃 𑘪𑘚𑘱𑘩𑘰𑘽𑘓𑘰 𑘁𑘟𑘨 𑘎𑘨𑘰𑘪𑘰.,93
data/synthetic/images/line_0093_v010.png,आई वडिलांचा आदर करावा.,𑘁𑘃 𑘪𑘚𑘱𑘩𑘰𑘽𑘓𑘰 𑘁𑘟𑘨 𑘎𑘨𑘰𑘪𑘰.,93
data/synthetic/images/line_0093_v011.png,आई वडिलांचा आदर करावा.,𑘁𑘃 𑘪𑘚𑘱𑘩𑘰𑘽𑘓𑘰 𑘁𑘟𑘨 𑘎𑘨𑘰𑘪𑘰.,93
data/synthetic/images/line_0093_v012.png,आई वडिलांचा आदर करावा.,𑘁𑘃 𑘪𑘚𑘱𑘩𑘰𑘽𑘓𑘰 𑘁𑘟𑘨 𑘎𑘨𑘰𑘪𑘰.,93
data/synthetic/images/line_0093_v013.png,आई वडिलांचा आदर करावा.,𑘁𑘃 𑘪𑘚𑘱𑘩𑘰𑘽𑘓𑘰 𑘁𑘟𑘨 𑘎𑘨𑘰𑘪𑘰.,93
data/synthetic/images/line_0093_v014.png,आई वडिलांचा आदर करावा.,𑘁𑘃 𑘪𑘚𑘱𑘩𑘰𑘽𑘓𑘰 𑘁𑘟𑘨 𑘎𑘨𑘰𑘪𑘰.,93
data/synthetic/images/line_0093_v015.png,आई वडिलांचा आदर करावा.,𑘁𑘃 𑘪𑘚𑘱𑘩𑘰𑘽𑘓𑘰 𑘁𑘟𑘨 𑘎𑘨𑘰𑘪𑘰.,93
data/synthetic/images/line_0093_v016.png,आई वडिलांचा आदर करावा.,𑘁𑘃 𑘪𑘚𑘱𑘩𑘰𑘽𑘓𑘰 𑘁𑘟𑘨 𑘎𑘨𑘰𑘪𑘰.,93
data/synthetic/images/line_0093_v017.png,आई वडिलांचा आदर करावा.,𑘁𑘃 𑘪𑘚𑘱𑘩𑘰𑘽𑘓𑘰 𑘁𑘟𑘨 𑘎𑘨𑘰𑘪𑘰.,93
data/synthetic/images/line_0093_v018.png,आई वडिलांचा आदर करावा.,𑘁𑘃 𑘪𑘚𑘱𑘩𑘰𑘽𑘓𑘰 𑘁𑘟𑘨 𑘎𑘨𑘰𑘪𑘰.,93
data/synthetic/images/line_0093_v019.png,आई वडिलांचा आदर करावा.,𑘁𑘃 𑘪𑘚𑘱𑘩𑘰𑘽𑘓𑘰 𑘁𑘟𑘨 𑘎𑘨𑘰𑘪𑘰.,93
data/synthetic/images/line_0093_v020.png,आई वडिलांचा आदर करावा.,𑘁𑘃 𑘪𑘚𑘱𑘩𑘰𑘽𑘓𑘰 𑘁𑘟𑘨 𑘎𑘨𑘰𑘪𑘰.,93
data/synthetic/images/line_0093_v021.png,आई वडिलांचा आदर करावा.,𑘁𑘃 𑘪𑘚𑘱𑘩𑘰𑘽𑘓𑘰 𑘁𑘟𑘨 𑘎𑘨𑘰𑘪𑘰.,93
data/synthetic/images/line_0093_v022.png,आई वडिलांचा आदर करावा.,𑘁𑘃 𑘪𑘚𑘱𑘩𑘰𑘽𑘓𑘰 𑘁𑘟𑘨 𑘎𑘨𑘰𑘪𑘰.,93
data/synthetic/images/line_0093_v023.png,आई वडिलांचा आदर करावा.,𑘁𑘃 𑘪𑘚𑘱𑘩𑘰𑘽𑘓𑘰 𑘁𑘟𑘨 𑘎𑘨𑘰𑘪𑘰.,93
data/synthetic/images/line_0093_v024.png,आई वडिलांचा आदर करावा.,𑘁𑘃 𑘪𑘚𑘱𑘩𑘰𑘽𑘓𑘰 𑘁𑘟𑘨 𑘎𑘨𑘰𑘪𑘰.,93
data/synthetic/images/line_0093_v025.png,आई वडिलांचा आदर करावा.,𑘁𑘃 𑘪𑘚𑘱𑘩𑘰𑘽𑘓𑘰 𑘁𑘟𑘨 𑘎𑘨𑘰𑘪𑘰.,93
data/synthetic/images/line_0093_v026.png,आई वडिलांचा आदर करावा.,𑘁𑘃 𑘪𑘚𑘱𑘩𑘰𑘽𑘓𑘰 𑘁𑘟𑘨 𑘎𑘨𑘰𑘪𑘰.,93
data/synthetic/images/line_0093_v027.png,आई वडिलांचा आदर करावा.,𑘁𑘃 𑘪𑘚𑘱𑘩𑘰𑘽𑘓𑘰 𑘁𑘟𑘨 𑘎𑘨𑘰𑘪𑘰.,93
data/synthetic/images/line_0093_v028.png,आई वडिलांचा आदर करावा.,𑘁𑘃 𑘪𑘚𑘱𑘩𑘰𑘽𑘓𑘰 𑘁𑘟𑘨 𑘎𑘨𑘰𑘪𑘰.,93
data/synthetic/images/line_0093_v029.png,आई वडिलांचा आदर करावा.,𑘁𑘃 𑘪𑘚𑘱𑘩𑘰𑘽𑘓𑘰 𑘁𑘟𑘨 𑘎𑘨𑘰𑘪𑘰.,93
data/synthetic/images/line_0093_v030.png,आई वडिलांचा आदर करावा.,𑘁𑘃 𑘪𑘚𑘱𑘩𑘰𑘽𑘓𑘰 𑘁𑘟𑘨 𑘎𑘨𑘰𑘪𑘰.,93
data/synthetic/images/line_0093_v031.png,आई वडिलांचा आदर करावा.,𑘁𑘃 𑘪𑘚𑘱𑘩𑘰𑘽𑘓𑘰 𑘁𑘟𑘨 𑘎𑘨𑘰𑘪𑘰.,93
data/synthetic/images/line_0093_v032.png,आई वडिलांचा आदर करावा.,𑘁𑘃 𑘪𑘚𑘱𑘩𑘰𑘽𑘓𑘰 𑘁𑘟𑘨 𑘎𑘨𑘰𑘪𑘰.,93
data/synthetic/images/line_0093_v033.png,आई वडिलांचा आदर करावा.,𑘁𑘃 𑘪𑘚𑘱𑘩𑘰𑘽𑘓𑘰 𑘁𑘟𑘨 𑘎𑘨𑘰𑘪𑘰.,93
data/synthetic/images/line_0093_v034.png,आई वडिलांचा आदर करावा.,𑘁𑘃 𑘪𑘚𑘱𑘩𑘰𑘽𑘓𑘰 𑘁𑘟𑘨 𑘎𑘨𑘰𑘪𑘰.,93
data/synthetic/images/line_0093_v035.png,आई वडिलांचा आदर करावा.,𑘁𑘃 𑘪𑘚𑘱𑘩𑘰𑘽𑘓𑘰 𑘁𑘟𑘨 𑘎𑘨𑘰𑘪𑘰.,93
data/synthetic/images/line_0093_v036.png,आई वडिलांचा आदर करावा.,𑘁𑘃 𑘪𑘚𑘱𑘩𑘰𑘽𑘓𑘰 𑘁𑘟𑘨 𑘎𑘨𑘰𑘪𑘰.,93
data/synthetic/images/line_0093_v037.png,आई वडिलांचा आदर करावा.,𑘁𑘃 𑘪𑘚𑘱𑘩𑘰𑘽𑘓𑘰 𑘁𑘟𑘨 𑘎𑘨𑘰𑘪𑘰.,93
data/synthetic/images/line_0093_v038.png,आई वडिलांचा आदर करावा.,𑘁𑘃 𑘪𑘚𑘱𑘩𑘰𑘽𑘓𑘰 𑘁𑘟𑘨 𑘎𑘨𑘰𑘪𑘰.,93
data/synthetic/images/line_0093_v039.png,आई वडिलांचा आदर करावा.,𑘁𑘃 𑘪𑘚𑘱𑘩𑘰𑘽𑘓𑘰 𑘁𑘟𑘨 𑘎𑘨𑘰𑘪𑘰.,93
data/synthetic/images/line_0094_v000.png,मोठ्यांचा मान राखावा.,𑘦𑘻𑘙𑘿𑘧𑘰𑘽𑘓𑘰 𑘦𑘰𑘡 𑘨𑘰𑘏𑘰𑘪𑘰.,94
data/synthetic/images/line_0094_v001.png,मोठ्यांचा मान राखावा.,𑘦𑘻𑘙𑘿𑘧𑘰𑘽𑘓𑘰 𑘦𑘰𑘡 𑘨𑘰𑘏𑘰𑘪𑘰.,94
data/synthetic/images/line_0094_v002.png,मोठ्यांचा मान राखावा.,𑘦𑘻𑘙𑘿𑘧𑘰𑘽𑘓𑘰 𑘦𑘰𑘡 𑘨𑘰𑘏𑘰𑘪𑘰.,94
data/synthetic/images/line_0094_v003.png,मोठ्यांचा मान राखावा.,𑘦𑘻𑘙𑘿𑘧𑘰𑘽𑘓𑘰 𑘦𑘰𑘡 𑘨𑘰𑘏𑘰𑘪𑘰.,94
data/synthetic/images/line_0094_v004.png,मोठ्यांचा मान राखावा.,𑘦𑘻𑘙𑘿𑘧𑘰𑘽𑘓𑘰 𑘦𑘰𑘡 𑘨𑘰𑘏𑘰𑘪𑘰.,94
data/synthetic/images/line_0094_v005.png,मोठ्यांचा मान राखावा.,𑘦𑘻𑘙𑘿𑘧𑘰𑘽𑘓𑘰 𑘦𑘰𑘡 𑘨𑘰𑘏𑘰𑘪𑘰.,94
data/synthetic/images/line_0094_v006.png,मोठ्यांचा मान राखावा.,𑘦𑘻𑘙𑘿𑘧𑘰𑘽𑘓𑘰 𑘦𑘰𑘡 𑘨𑘰𑘏𑘰𑘪𑘰.,94
data/synthetic/images/line_0094_v007.png,मोठ्यांचा मान राखावा.,𑘦𑘻𑘙𑘿𑘧𑘰𑘽𑘓𑘰 𑘦𑘰𑘡 𑘨𑘰𑘏𑘰𑘪𑘰.,94
data/synthetic/images/line_0094_v008.png,मोठ्यांचा मान राखावा.,𑘦𑘻𑘙𑘿𑘧𑘰𑘽𑘓𑘰 𑘦𑘰𑘡 𑘨𑘰𑘏𑘰𑘪𑘰.,94
data/synthetic/images/line_0094_v009.png,मोठ्यांचा मान राखावा.,𑘦𑘻𑘙𑘿𑘧𑘰𑘽𑘓𑘰 𑘦𑘰𑘡 𑘨𑘰𑘏𑘰𑘪𑘰.,94
data/synthetic/images/line_0094_v010.png,मोठ्यांचा मान राखावा.,𑘦𑘻𑘙𑘿𑘧𑘰𑘽𑘓𑘰 𑘦𑘰𑘡 𑘨𑘰𑘏𑘰𑘪𑘰.,94
data/synthetic/images/line_0094_v011.png,मोठ्यांचा मान राखावा.,𑘦𑘻𑘙𑘿𑘧𑘰𑘽𑘓𑘰 𑘦𑘰𑘡 𑘨𑘰𑘏𑘰𑘪𑘰.,94
data/synthetic/images/line_0094_v012.png,मोठ्यांचा मान राखावा.,𑘦𑘻𑘙𑘿𑘧𑘰𑘽𑘓𑘰 𑘦𑘰𑘡 𑘨𑘰𑘏𑘰𑘪𑘰.,94
data/synthetic/images/line_0094_v013.png,मोठ्यांचा मान राखावा.,𑘦𑘻𑘙𑘿𑘧𑘰𑘽𑘓𑘰 𑘦𑘰𑘡 𑘨𑘰𑘏𑘰𑘪𑘰.,94
data/synthetic/images/line_0094_v014.png,मोठ्यांचा मान राखावा.,𑘦𑘻𑘙𑘿𑘧𑘰𑘽𑘓𑘰 𑘦𑘰𑘡 𑘨𑘰𑘏𑘰𑘪𑘰.,94
data/synthetic/images/line_0094_v015.png,मोठ्यांचा मान राखावा.,𑘦𑘻𑘙𑘿𑘧𑘰𑘽𑘓𑘰 𑘦𑘰𑘡 𑘨𑘰𑘏𑘰𑘪𑘰.,94
data/synthetic/images/line_0094_v016.png,मोठ्यांचा मान राखावा.,𑘦𑘻𑘙𑘿𑘧𑘰𑘽𑘓𑘰 𑘦𑘰𑘡 𑘨𑘰𑘏𑘰𑘪𑘰.,94
data/synthetic/images/line_0094_v017.png,मोठ्यांचा मान राखावा.,𑘦𑘻𑘙𑘿𑘧𑘰𑘽𑘓𑘰 𑘦𑘰𑘡 𑘨𑘰𑘏𑘰𑘪𑘰.,94
data/synthetic/images/line_0094_v018.png,मोठ्यांचा मान राखावा.,𑘦𑘻𑘙𑘿𑘧𑘰𑘽𑘓𑘰 𑘦𑘰𑘡 𑘨𑘰𑘏𑘰𑘪𑘰.,94
data/synthetic/images/line_0094_v019.png,मोठ्यांचा मान राखावा.,𑘦𑘻𑘙𑘿𑘧𑘰𑘽𑘓𑘰 𑘦𑘰𑘡 𑘨𑘰𑘏𑘰𑘪𑘰.,94
data/synthetic/images/line_0094_v020.png,मोठ्यांचा मान राखावा.,𑘦𑘻𑘙𑘿𑘧𑘰𑘽𑘓𑘰 𑘦𑘰𑘡 𑘨𑘰𑘏𑘰𑘪𑘰.,94
data/synthetic/images/line_0094_v021.png,मोठ्यांचा मान राखावा.,𑘦𑘻𑘙𑘿𑘧𑘰𑘽𑘓𑘰 𑘦𑘰𑘡 𑘨𑘰𑘏𑘰𑘪𑘰.,94
data/synthetic/images/line_0094_v022.png,मोठ्यांचा मान राखावा.,𑘦𑘻𑘙𑘿𑘧𑘰𑘽𑘓𑘰 𑘦𑘰𑘡 𑘨𑘰𑘏𑘰𑘪𑘰.,94
data/synthetic/images/line_0094_v023.png,मोठ्यांचा मान राखावा.,𑘦𑘻𑘙𑘿𑘧𑘰𑘽𑘓𑘰 𑘦𑘰𑘡 𑘨𑘰𑘏𑘰𑘪𑘰.,94
data/synthetic/images/line_0094_v024.png,मोठ्यांचा मान राखावा.,𑘦𑘻𑘙𑘿𑘧𑘰𑘽𑘓𑘰 𑘦𑘰𑘡 𑘨𑘰𑘏𑘰𑘪𑘰.,94
data/synthetic/images/line_0094_v025.png,मोठ्यांचा मान राखावा.,𑘦𑘻𑘙𑘿𑘧𑘰𑘽𑘓𑘰 𑘦𑘰𑘡 𑘨𑘰𑘏𑘰𑘪𑘰.,94
data/synthetic/images/line_0094_v026.png,मोठ्यांचा मान राखावा.,𑘦𑘻𑘙𑘿𑘧𑘰𑘽𑘓𑘰 𑘦𑘰𑘡 𑘨𑘰𑘏𑘰𑘪𑘰.,94
data/synthetic/images/line_0094_v027.png,मोठ्यांचा मान राखावा.,𑘦𑘻𑘙𑘿𑘧𑘰𑘽𑘓𑘰 𑘦𑘰𑘡 𑘨𑘰𑘏𑘰𑘪𑘰.,94
data/synthetic/images/line_0094_v028.png,मोठ्यांचा मान राखावा.,𑘦𑘻𑘙𑘿𑘧𑘰𑘽𑘓𑘰 𑘦𑘰𑘡 𑘨𑘰𑘏𑘰𑘪𑘰.,94
data/synthetic/images/line_0094_v029.png,मोठ्यांचा मान राखावा.,𑘦𑘻𑘙𑘿𑘧𑘰𑘽𑘓𑘰 𑘦𑘰𑘡 𑘨𑘰𑘏𑘰𑘪𑘰.,94
data/synthetic/images/line_0094_v030.png,मोठ्यांचा मान राखावा.,𑘦𑘻𑘙𑘿𑘧𑘰𑘽𑘓𑘰 𑘦𑘰𑘡 𑘨𑘰𑘏𑘰𑘪𑘰.,94
data/synthetic/images/line_0094_v031.png,मोठ्यांचा मान राखावा.,𑘦𑘻𑘙𑘿𑘧𑘰𑘽𑘓𑘰 𑘦𑘰𑘡 𑘨𑘰𑘏𑘰𑘪𑘰.,94
data/synthetic/images/line_0094_v032.png,मोठ्यांचा मान राखावा.,𑘦𑘻𑘙𑘿𑘧𑘰𑘽𑘓𑘰 𑘦𑘰𑘡 𑘨𑘰𑘏𑘰𑘪𑘰.,94
data/synthetic/images/line_0094_v033.png,मोठ्यांचा मान राखावा.,𑘦𑘻𑘙𑘿𑘧𑘰𑘽𑘓𑘰 𑘦𑘰𑘡 𑘨𑘰𑘏𑘰𑘪𑘰.,94
data/synthetic/images/line_0094_v034.png,मोठ्यांचा मान राखावा.,𑘦𑘻𑘙𑘿𑘧𑘰𑘽𑘓𑘰 𑘦𑘰𑘡 𑘨𑘰𑘏𑘰𑘪𑘰.,94
data/synthetic/images/line_0094_v035.png,मोठ्यांचा मान राखावा.,𑘦𑘻𑘙𑘿𑘧𑘰𑘽𑘓𑘰 𑘦𑘰𑘡 𑘨𑘰𑘏𑘰𑘪𑘰.,94
data/synthetic/images/line_0094_v036.png,मोठ्यांचा मान राखावा.,𑘦𑘻𑘙𑘿𑘧𑘰𑘽𑘓𑘰 𑘦𑘰𑘡 𑘨𑘰𑘏𑘰𑘪𑘰.,94
data/synthetic/images/line_0094_v037.png,मोठ्यांचा मान राखावा.,𑘦𑘻𑘙𑘿𑘧𑘰𑘽𑘓𑘰 𑘦𑘰𑘡 𑘨𑘰𑘏𑘰𑘪𑘰.,94
data/synthetic/images/line_0094_v038.png,मोठ्यांचा मान राखावा.,𑘦𑘻𑘙𑘿𑘧𑘰𑘽𑘓𑘰 𑘦𑘰𑘡 𑘨𑘰𑘏𑘰𑘪𑘰.,94
data/synthetic/images/line_0094_v039.png,मोठ्यांचा मान राखावा.,𑘦𑘻𑘙𑘿𑘧𑘰𑘽𑘓𑘰 𑘦𑘰𑘡 𑘨𑘰𑘏𑘰𑘪𑘰.,94
data/synthetic/images/line_0095_v000.png,लहान मुलांवर प्रेम करावे.,𑘩𑘮𑘰𑘡 𑘦𑘳𑘩𑘰𑘽𑘪𑘨 𑘢𑘿𑘨𑘹𑘦 𑘎𑘨𑘰𑘪𑘹.,95
data/synthetic/images/line_0095_v001.png,लहान मुलांवर प्रेम करावे.,𑘩𑘮𑘰𑘡 𑘦𑘳𑘩𑘰𑘽𑘪𑘨 𑘢𑘿𑘨𑘹𑘦 𑘎𑘨𑘰𑘪𑘹.,95
data/synthetic/images/line_0095_v002.png,लहान मुलांवर प्रेम करावे.,𑘩𑘮𑘰𑘡 𑘦𑘳𑘩𑘰𑘽𑘪𑘨 𑘢𑘿𑘨𑘹𑘦 𑘎𑘨𑘰𑘪𑘹.,95
data/synthetic/images/line_0095_v003.png,लहान मुलांवर प्रेम करावे.,𑘩𑘮𑘰𑘡 𑘦𑘳𑘩𑘰𑘽𑘪𑘨 𑘢𑘿𑘨𑘹𑘦 𑘎𑘨𑘰𑘪𑘹.,95
data/synthetic/images/line_0095_v004.png,लहान मुलांवर प्रेम करावे.,𑘩𑘮𑘰𑘡 𑘦𑘳𑘩𑘰𑘽𑘪𑘨 𑘢𑘿𑘨𑘹𑘦 𑘎𑘨𑘰𑘪𑘹.,95
data/synthetic/images/line_0095_v005.png,लहान मुलांवर प्रेम करावे.,𑘩𑘮𑘰𑘡 𑘦𑘳𑘩𑘰𑘽𑘪𑘨 𑘢𑘿𑘨𑘹𑘦 𑘎𑘨𑘰𑘪𑘹.,95
data/synthetic/images/line_0095_v006.png,लहान मुलांवर प्रेम करावे.,𑘩𑘮𑘰𑘡 𑘦𑘳𑘩𑘰𑘽𑘪𑘨 𑘢𑘿𑘨𑘹𑘦 𑘎𑘨𑘰𑘪𑘹.,95
data/synthetic/images/line_0095_v007.png,लहान मुलांवर प्रेम करावे.,𑘩𑘮𑘰𑘡 𑘦𑘳𑘩𑘰𑘽𑘪𑘨 𑘢𑘿𑘨𑘹𑘦 𑘎𑘨𑘰𑘪𑘹.,95
data/synthetic/images/line_0095_v008.png,लहान मुलांवर प्रेम करावे.,𑘩𑘮𑘰𑘡 𑘦𑘳𑘩𑘰𑘽𑘪𑘨 𑘢𑘿𑘨𑘹𑘦 𑘎𑘨𑘰𑘪𑘹.,95
data/synthetic/images/line_0095_v009.png,लहान मुलांवर प्रेम करावे.,𑘩𑘮𑘰𑘡 𑘦𑘳𑘩𑘰𑘽𑘪𑘨 𑘢𑘿𑘨𑘹𑘦 𑘎𑘨𑘰𑘪𑘹.,95
data/synthetic/images/line_0095_v010.png,लहान मुलांवर प्रेम करावे.,𑘩𑘮𑘰𑘡 𑘦𑘳𑘩𑘰𑘽𑘪𑘨 𑘢𑘿𑘨𑘹𑘦 𑘎𑘨𑘰𑘪𑘹.,95
data/synthetic/images/line_0095_v011.png,लहान मुलांवर प्रेम करावे.,𑘩𑘮𑘰𑘡 𑘦𑘳𑘩𑘰𑘽𑘪𑘨 𑘢𑘿𑘨𑘹𑘦 𑘎𑘨𑘰𑘪𑘹.,95
data/synthetic/images/line_0095_v012.png,लहान मुलांवर प्रेम करावे.,𑘩𑘮𑘰𑘡 𑘦𑘳𑘩𑘰𑘽𑘪𑘨 𑘢𑘿𑘨𑘹𑘦 𑘎𑘨𑘰𑘪𑘹.,95
data/synthetic/images/line_0095_v013.png,लहान मुलांवर प्रेम करावे.,𑘩𑘮𑘰𑘡 𑘦𑘳𑘩𑘰𑘽𑘪𑘨 𑘢𑘿𑘨𑘹𑘦 𑘎𑘨𑘰𑘪𑘹.,95
data/synthetic/images/line_0095_v014.png,लहान मुलांवर प्रेम करावे.,𑘩𑘮𑘰𑘡 𑘦𑘳𑘩𑘰𑘽𑘪𑘨 𑘢𑘿𑘨𑘹𑘦 𑘎𑘨𑘰𑘪𑘹.,95
data/synthetic/images/line_0095_v015.png,लहान मुलांवर प्रेम करावे.,𑘩𑘮𑘰𑘡 𑘦𑘳𑘩𑘰𑘽𑘪𑘨 𑘢𑘿𑘨𑘹𑘦 𑘎𑘨𑘰𑘪𑘹.,95
data/synthetic/images/line_0095_v016.png,लहान मुलांवर प्रेम करावे.,𑘩𑘮𑘰𑘡 𑘦𑘳𑘩𑘰𑘽𑘪𑘨 𑘢𑘿𑘨𑘹𑘦 𑘎𑘨𑘰𑘪𑘹.,95
data/synthetic/images/line_0095_v017.png,लहान मुलांवर प्रेम करावे.,𑘩𑘮𑘰𑘡 𑘦𑘳𑘩𑘰𑘽𑘪𑘨 𑘢𑘿𑘨𑘹𑘦 𑘎𑘨𑘰𑘪𑘹.,95
data/synthetic/images/line_0095_v018.png,लहान मुलांवर प्रेम करावे.,𑘩𑘮𑘰𑘡 𑘦𑘳𑘩𑘰𑘽𑘪𑘨 𑘢𑘿𑘨𑘹𑘦 𑘎𑘨𑘰𑘪𑘹.,95
data/synthetic/images/line_0095_v019.png,लहान मुलांवर प्रेम करावे.,𑘩𑘮𑘰𑘡 𑘦𑘳𑘩𑘰𑘽𑘪𑘨 𑘢𑘿𑘨𑘹𑘦 𑘎𑘨𑘰𑘪𑘹.,95
data/synthetic/images/line_0095_v020.png,लहान मुलांवर प्रेम करावे.,𑘩𑘮𑘰𑘡 𑘦𑘳𑘩𑘰𑘽𑘪𑘨 𑘢𑘿𑘨𑘹𑘦 𑘎𑘨𑘰𑘪𑘹.,95
data/synthetic/images/line_0095_v021.png,लहान मुलांवर प्रेम करावे.,𑘩𑘮𑘰𑘡 𑘦𑘳𑘩𑘰𑘽𑘪𑘨 𑘢𑘿𑘨𑘹𑘦 𑘎𑘨𑘰𑘪𑘹.,95
data/synthetic/images/line_0095_v022.png,लहान मुलांवर प्रेम करावे.,𑘩𑘮𑘰𑘡 𑘦𑘳𑘩𑘰𑘽𑘪𑘨 𑘢𑘿𑘨𑘹𑘦 𑘎𑘨𑘰𑘪𑘹.,95
data/synthetic/images/line_0095_v023.png,लहान मुलांवर प्रेम करावे.,𑘩𑘮𑘰𑘡 𑘦𑘳𑘩𑘰𑘽𑘪𑘨 𑘢𑘿𑘨𑘹𑘦 𑘎𑘨𑘰𑘪𑘹.,95
data/synthetic/images/line_0095_v024.png,लहान मुलांवर प्रेम करावे.,𑘩𑘮𑘰𑘡 𑘦𑘳𑘩𑘰𑘽𑘪𑘨 𑘢𑘿𑘨𑘹𑘦 𑘎𑘨𑘰𑘪𑘹.,95
data/synthetic/images/line_0095_v025.png,लहान मुलांवर प्रेम करावे.,𑘩𑘮𑘰𑘡 𑘦𑘳𑘩𑘰𑘽𑘪𑘨 𑘢𑘿𑘨𑘹𑘦 𑘎𑘨𑘰𑘪𑘹.,95
data/synthetic/images/line_0095_v026.png,लहान मुलांवर प्रेम करावे.,𑘩𑘮𑘰𑘡 𑘦𑘳𑘩𑘰𑘽𑘪𑘨 𑘢𑘿𑘨𑘹𑘦 𑘎𑘨𑘰𑘪𑘹.,95
data/synthetic/images/line_0095_v027.png,लहान मुलांवर प्रेम करावे.,𑘩𑘮𑘰𑘡 𑘦𑘳𑘩𑘰𑘽𑘪𑘨 𑘢𑘿𑘨𑘹𑘦 𑘎𑘨𑘰𑘪𑘹.,95
data/synthetic/images/line_0095_v028.png,लहान मुलांवर प्रेम करावे.,𑘩𑘮𑘰𑘡 𑘦𑘳𑘩𑘰𑘽𑘪𑘨 𑘢𑘿𑘨𑘹𑘦 𑘎𑘨𑘰𑘪𑘹.,95
data/synthetic/images/line_0095_v029.png,लहान मुलांवर प्रेम करावे.,𑘩𑘮𑘰𑘡 𑘦𑘳𑘩𑘰𑘽𑘪𑘨 𑘢𑘿𑘨𑘹𑘦 𑘎𑘨𑘰𑘪𑘹.,95
data/synthetic/images/line_0095_v030.png,लहान मुलांवर प्रेम करावे.,𑘩𑘮𑘰𑘡 𑘦𑘳𑘩𑘰𑘽𑘪𑘨 𑘢𑘿𑘨𑘹𑘦 𑘎𑘨𑘰𑘪𑘹.,95
data/synthetic/images/line_0095_v031.png,लहान मुलांवर प्रेम करावे.,𑘩𑘮𑘰𑘡 𑘦𑘳𑘩𑘰𑘽𑘪𑘨 𑘢𑘿𑘨𑘹𑘦 𑘎𑘨𑘰𑘪𑘹.,95
data/synthetic/images/line_0095_v032.png,लहान मुलांवर प्रेम करावे.,𑘩𑘮𑘰𑘡 𑘦𑘳𑘩𑘰𑘽𑘪𑘨 𑘢𑘿𑘨𑘹𑘦 𑘎𑘨𑘰𑘪𑘹.,95
data/synthetic/images/line_0095_v033.png,लहान मुलांवर प्रेम करावे.,𑘩𑘮𑘰𑘡 𑘦𑘳𑘩𑘰𑘽𑘪𑘨 𑘢𑘿𑘨𑘹𑘦 𑘎𑘨𑘰𑘪𑘹.,95
data/synthetic/images/line_0095_v034.png,लहान मुलांवर प्रेम करावे.,𑘩𑘮𑘰𑘡 𑘦𑘳𑘩𑘰𑘽𑘪𑘨 𑘢𑘿𑘨𑘹𑘦 𑘎𑘨𑘰𑘪𑘹.,95
data/synthetic/images/line_0095_v035.png,लहान मुलांवर प्रेम करावे.,𑘩𑘮𑘰𑘡 𑘦𑘳𑘩𑘰𑘽𑘪𑘨 𑘢𑘿𑘨𑘹𑘦 𑘎𑘨𑘰𑘪𑘹.,95
data/synthetic/images/line_0095_v036.png,लहान मुलांवर प्रेम करावे.,𑘩𑘮𑘰𑘡 𑘦𑘳𑘩𑘰𑘽𑘪𑘨 𑘢𑘿𑘨𑘹𑘦 𑘎𑘨𑘰𑘪𑘹.,95
data/synthetic/images/line_0095_v037.png,लहान मुलांवर प्रेम करावे.,𑘩𑘮𑘰𑘡 𑘦𑘳𑘩𑘰𑘽𑘪𑘨 𑘢𑘿𑘨𑘹𑘦 𑘎𑘨𑘰𑘪𑘹.,95
data/synthetic/images/line_0095_v038.png,लहान मुलांवर प्रेम करावे.,𑘩𑘮𑘰𑘡 𑘦𑘳𑘩𑘰𑘽𑘪𑘨 𑘢𑘿𑘨𑘹𑘦 𑘎𑘨𑘰𑘪𑘹.,95
data/synthetic/images/line_0095_v039.png,लहान मुलांवर प्रेम करावे.,𑘩𑘮𑘰𑘡 𑘦𑘳𑘩𑘰𑘽𑘪𑘨 𑘢𑘿𑘨𑘹𑘦 𑘎𑘨𑘰𑘪𑘹.,95
data/synthetic/images/line_0096_v000.png,एकमेकांना मदत करणे हे आपले कर्तव्य आहे.,𑘊𑘎𑘦𑘹𑘎𑘰𑘽𑘡𑘰 𑘦𑘟𑘝 𑘎𑘨𑘜𑘹 𑘮𑘹 𑘁𑘢𑘩𑘹 𑘎𑘨𑘿𑘝𑘪𑘿𑘧 𑘁𑘮𑘹.,96
data/synthetic/images/line_0096_v001.png,एकमेकांना मदत करणे हे आपले कर्तव्य आहे.,𑘊𑘎𑘦𑘹𑘎𑘰𑘽𑘡𑘰 𑘦𑘟𑘝 𑘎𑘨𑘜𑘹 𑘮𑘹 𑘁𑘢𑘩𑘹 𑘎𑘨𑘿𑘝𑘪𑘿𑘧 𑘁𑘮𑘹.,96
data/synthetic/images/line_0096_v002.png,एकमेकांना मदत करणे हे आपले कर्तव्य आहे.,𑘊𑘎𑘦𑘹𑘎𑘰𑘽𑘡𑘰 𑘦𑘟𑘝 𑘎𑘨𑘜𑘹 𑘮𑘹 𑘁𑘢𑘩𑘹 𑘎𑘨𑘿𑘝𑘪𑘿𑘧 𑘁𑘮𑘹.,96
data/synthetic/images/line_0096_v003.png,एकमेकांना मदत करणे हे आपले कर्तव्य आहे.,𑘊𑘎𑘦𑘹𑘎𑘰𑘽𑘡𑘰 𑘦𑘟𑘝 𑘎𑘨𑘜𑘹 𑘮𑘹 𑘁𑘢𑘩𑘹 𑘎𑘨𑘿𑘝𑘪𑘿𑘧 𑘁𑘮𑘹.,96
data/synthetic/images/line_0096_v004.png,एकमेकांना मदत करणे हे आपले कर्तव्य आहे.,𑘊𑘎𑘦𑘹𑘎𑘰𑘽𑘡𑘰 𑘦𑘟𑘝 𑘎𑘨𑘜𑘹 𑘮𑘹 𑘁𑘢𑘩𑘹 𑘎𑘨𑘿𑘝𑘪𑘿𑘧 𑘁𑘮𑘹.,96
data/synthetic/images/line_0096_v005.png,एकमेकांना मदत करणे हे आपले कर्तव्य आहे.,𑘊𑘎𑘦𑘹𑘎𑘰𑘽𑘡𑘰 𑘦𑘟𑘝 𑘎𑘨𑘜𑘹 𑘮𑘹 𑘁𑘢𑘩𑘹 𑘎𑘨𑘿𑘝𑘪𑘿𑘧 𑘁𑘮𑘹.,96
data/synthetic/images/line_0096_v006.png,एकमेकांना मदत करणे हे आपले कर्तव्य आहे.,𑘊𑘎𑘦𑘹𑘎𑘰𑘽𑘡𑘰 𑘦𑘟𑘝 𑘎𑘨𑘜𑘹 𑘮𑘹 𑘁𑘢𑘩𑘹 𑘎𑘨𑘿𑘝𑘪𑘿𑘧 𑘁𑘮𑘹.,96
data/synthetic/images/line_0096_v007.png,एकमेकांना मदत करणे हे आपले कर्तव्य आहे.,𑘊𑘎𑘦𑘹𑘎𑘰𑘽𑘡𑘰 𑘦𑘟𑘝 𑘎𑘨𑘜𑘹 𑘮𑘹 𑘁𑘢𑘩𑘹 𑘎𑘨𑘿𑘝𑘪𑘿𑘧 𑘁𑘮𑘹.,96
data/synthetic/images/line_0096_v008.png,एकमेकांना मदत करणे हे आपले कर्तव्य आहे.,𑘊𑘎𑘦𑘹𑘎𑘰𑘽𑘡𑘰 𑘦𑘟𑘝 𑘎𑘨𑘜𑘹 𑘮𑘹 𑘁𑘢𑘩𑘹 𑘎𑘨𑘿𑘝𑘪𑘿𑘧 𑘁𑘮𑘹.,96
data/synthetic/images/line_0096_v009.png,एकमेकांना मदत करणे हे आपले कर्तव्य आहे.,𑘊𑘎𑘦𑘹𑘎𑘰𑘽𑘡𑘰 𑘦𑘟𑘝 𑘎𑘨𑘜𑘹 𑘮𑘹 𑘁𑘢𑘩𑘹 𑘎𑘨𑘿𑘝𑘪𑘿𑘧 𑘁𑘮𑘹.,96
data/synthetic/images/line_0096_v010.png,एकमेकांना मदत करणे हे आपले कर्तव्य आहे.,𑘊𑘎𑘦𑘹𑘎𑘰𑘽𑘡𑘰 𑘦𑘟𑘝 𑘎𑘨𑘜𑘹 𑘮𑘹 𑘁𑘢𑘩𑘹 𑘎𑘨𑘿𑘝𑘪𑘿𑘧 𑘁𑘮𑘹.,96
data/synthetic/images/line_0096_v011.png,एकमेकांना मदत करणे हे आपले कर्तव्य आहे.,𑘊𑘎𑘦𑘹𑘎𑘰𑘽𑘡𑘰 𑘦𑘟𑘝 𑘎𑘨𑘜𑘹 𑘮𑘹 𑘁𑘢𑘩𑘹 𑘎𑘨𑘿𑘝𑘪𑘿𑘧 𑘁𑘮𑘹.,96
data/synthetic/images/line_0096_v012.png,एकमेकांना मदत करणे हे आपले कर्तव्य आहे.,𑘊𑘎𑘦𑘹𑘎𑘰𑘽𑘡𑘰 𑘦𑘟𑘝 𑘎𑘨𑘜𑘹 𑘮𑘹 𑘁𑘢𑘩𑘹 𑘎𑘨𑘿𑘝𑘪𑘿𑘧 𑘁𑘮𑘹.,96
data/synthetic/images/line_0096_v013.png,एकमेकांना मदत करणे हे आपले कर्तव्य आहे.,𑘊𑘎𑘦𑘹𑘎𑘰𑘽𑘡𑘰 𑘦𑘟𑘝 𑘎𑘨𑘜𑘹 𑘮𑘹 𑘁𑘢𑘩𑘹 𑘎𑘨𑘿𑘝𑘪𑘿𑘧 𑘁𑘮𑘹.,96
data/synthetic/images/line_0096_v014.png,एकमेकांना मदत करणे हे आपले कर्तव्य आहे.,𑘊𑘎𑘦𑘹𑘎𑘰𑘽𑘡𑘰 𑘦𑘟𑘝 𑘎𑘨𑘜𑘹 𑘮𑘹 𑘁𑘢𑘩𑘹 𑘎𑘨𑘿𑘝𑘪𑘿𑘧 𑘁𑘮𑘹.,96
data/synthetic/images/line_0096_v015.png,एकमेकांना मदत करणे हे आपले कर्तव्य आहे.,𑘊𑘎𑘦𑘹𑘎𑘰𑘽𑘡𑘰 𑘦𑘟𑘝 𑘎𑘨𑘜𑘹 𑘮𑘹 𑘁𑘢𑘩𑘹 𑘎𑘨𑘿𑘝𑘪𑘿𑘧 𑘁𑘮𑘹.,96
data/synthetic/images/line_0096_v016.png,एकमेकांना मदत करणे हे आपले कर्तव्य आहे.,𑘊𑘎𑘦𑘹𑘎𑘰𑘽𑘡𑘰 𑘦𑘟𑘝 𑘎𑘨𑘜𑘹 𑘮𑘹 𑘁𑘢𑘩𑘹 𑘎𑘨𑘿𑘝𑘪𑘿𑘧 𑘁𑘮𑘹.,96
data/synthetic/images/line_0096_v017.png,एकमेकांना मदत करणे हे आपले कर्तव्य आहे.,𑘊𑘎𑘦𑘹𑘎𑘰𑘽𑘡𑘰 𑘦𑘟𑘝 𑘎𑘨𑘜𑘹 𑘮𑘹 𑘁𑘢𑘩𑘹 𑘎𑘨𑘿𑘝𑘪𑘿𑘧 𑘁𑘮𑘹.,96
data/synthetic/images/line_0096_v018.png,एकमेकांना मदत करणे हे आपले कर्तव्य आहे.,𑘊𑘎𑘦𑘹𑘎𑘰𑘽𑘡𑘰 𑘦𑘟𑘝 𑘎𑘨𑘜𑘹 𑘮𑘹 𑘁𑘢𑘩𑘹 𑘎𑘨𑘿𑘝𑘪𑘿𑘧 𑘁𑘮𑘹.,96
data/synthetic/images/line_0096_v019.png,एकमेकांना मदत करणे हे आपले कर्तव्य आहे.,𑘊𑘎𑘦𑘹𑘎𑘰𑘽𑘡𑘰 𑘦𑘟𑘝 𑘎𑘨𑘜𑘹 𑘮𑘹 𑘁𑘢𑘩𑘹 𑘎𑘨𑘿𑘝𑘪𑘿𑘧 𑘁𑘮𑘹.,96
data/synthetic/images/line_0096_v020.png,एकमेकांना मदत करणे हे आपले कर्तव्य आहे.,𑘊𑘎𑘦𑘹𑘎𑘰𑘽𑘡𑘰 𑘦𑘟𑘝 𑘎𑘨𑘜𑘹 𑘮𑘹 𑘁𑘢𑘩𑘹 𑘎𑘨𑘿𑘝𑘪𑘿𑘧 𑘁𑘮𑘹.,96
data/synthetic/images/line_0096_v021.png,एकमेकांना मदत करणे हे आपले कर्तव्य आहे.,𑘊𑘎𑘦𑘹𑘎𑘰𑘽𑘡𑘰 𑘦𑘟𑘝 𑘎𑘨𑘜𑘹 𑘮𑘹 𑘁𑘢𑘩𑘹 𑘎𑘨𑘿𑘝𑘪𑘿𑘧 𑘁𑘮𑘹.,96
data/synthetic/images/line_0096_v022.png,एकमेकांना मदत करणे हे आपले कर्तव्य आहे.,𑘊𑘎𑘦𑘹𑘎𑘰𑘽𑘡𑘰 𑘦𑘟𑘝 𑘎𑘨𑘜𑘹 𑘮𑘹 𑘁𑘢𑘩𑘹 𑘎𑘨𑘿𑘝𑘪𑘿𑘧 𑘁𑘮𑘹.,96
data/synthetic/images/line_0096_v023.png,एकमेकांना मदत करणे हे आपले कर्तव्य आहे.,𑘊𑘎𑘦𑘹𑘎𑘰𑘽𑘡𑘰 𑘦𑘟𑘝 𑘎𑘨𑘜𑘹 𑘮𑘹 𑘁𑘢𑘩𑘹 𑘎𑘨𑘿𑘝𑘪𑘿𑘧 𑘁𑘮𑘹.,96
data/synthetic/images/line_0096_v024.png,एकमेकांना मदत करणे हे आपले कर्तव्य आहे.,𑘊𑘎𑘦𑘹𑘎𑘰𑘽𑘡𑘰 𑘦𑘟𑘝 𑘎𑘨𑘜𑘹 𑘮𑘹 𑘁𑘢𑘩𑘹 𑘎𑘨𑘿𑘝𑘪𑘿𑘧 𑘁𑘮𑘹.,96
data/synthetic/images/line_0096_v025.png,एकमेकांना मदत करणे हे आपले कर्तव्य आहे.,𑘊𑘎𑘦𑘹𑘎𑘰𑘽𑘡𑘰 𑘦𑘟𑘝 𑘎𑘨𑘜𑘹 𑘮𑘹 𑘁𑘢𑘩𑘹 𑘎𑘨𑘿𑘝𑘪𑘿𑘧 𑘁𑘮𑘹.,96
data/synthetic/images/line_0096_v026.png,एकमेकांना मदत करणे हे आपले कर्तव्य आहे.,𑘊𑘎𑘦𑘹𑘎𑘰𑘽𑘡𑘰 𑘦𑘟𑘝 𑘎𑘨𑘜𑘹 𑘮𑘹 𑘁𑘢𑘩𑘹 𑘎𑘨𑘿𑘝𑘪𑘿𑘧 𑘁𑘮𑘹.,96
data/synthetic/images/line_0096_v027.png,एकमेकांना मदत करणे हे आपले कर्तव्य आहे.,𑘊𑘎𑘦𑘹𑘎𑘰𑘽𑘡𑘰 𑘦𑘟𑘝 𑘎𑘨𑘜𑘹 𑘮𑘹 𑘁𑘢𑘩𑘹 𑘎𑘨𑘿𑘝𑘪𑘿𑘧 𑘁𑘮𑘹.,96
data/synthetic/images/line_0096_v028.png,एकमेकांना मदत करणे हे आपले कर्तव्य आहे.,𑘊𑘎𑘦𑘹𑘎𑘰𑘽𑘡𑘰 𑘦𑘟𑘝 𑘎𑘨𑘜𑘹 𑘮𑘹 𑘁𑘢𑘩𑘹 𑘎𑘨𑘿𑘝𑘪𑘿𑘧 𑘁𑘮𑘹.,96
data/synthetic/images/line_0096_v029.png,एकमेकांना मदत करणे हे आपले कर्तव्य आहे.,𑘊𑘎𑘦𑘹𑘎𑘰𑘽𑘡𑘰 𑘦𑘟𑘝 𑘎𑘨𑘜𑘹 𑘮𑘹 𑘁𑘢𑘩𑘹 𑘎𑘨𑘿𑘝𑘪𑘿𑘧 𑘁𑘮𑘹.,96
data/synthetic/images/line_0096_v030.png,एकमेकांना मदत करणे हे आपले कर्तव्य आहे.,𑘊𑘎𑘦𑘹𑘎𑘰𑘽𑘡𑘰 𑘦𑘟𑘝 𑘎𑘨𑘜𑘹 𑘮𑘹 𑘁𑘢𑘩𑘹 𑘎𑘨𑘿𑘝𑘪𑘿𑘧 𑘁𑘮𑘹.,96
data/synthetic/images/line_0096_v031.png,एकमेकांना मदत करणे हे आपले कर्तव्य आहे.,𑘊𑘎𑘦𑘹𑘎𑘰𑘽𑘡𑘰 𑘦𑘟𑘝 𑘎𑘨𑘜𑘹 𑘮𑘹 𑘁𑘢𑘩𑘹 𑘎𑘨𑘿𑘝𑘪𑘿𑘧 𑘁𑘮𑘹.,96
data/synthetic/images/line_0096_v032.png,एकमेकांना मदत करणे हे आपले कर्तव्य आहे.,𑘊𑘎𑘦𑘹𑘎𑘰𑘽𑘡𑘰 𑘦𑘟𑘝 𑘎𑘨𑘜𑘹 𑘮𑘹 𑘁𑘢𑘩𑘹 𑘎𑘨𑘿𑘝𑘪𑘿𑘧 𑘁𑘮𑘹.,96
data/synthetic/images/line_0096_v033.png,एकमेकांना मदत करणे हे आपले कर्तव्य आहे.,𑘊𑘎𑘦𑘹𑘎𑘰𑘽𑘡𑘰 𑘦𑘟𑘝 𑘎𑘨𑘜𑘹 𑘮𑘹 𑘁𑘢𑘩𑘹 𑘎𑘨𑘿𑘝𑘪𑘿𑘧 𑘁𑘮𑘹.,96
data/synthetic/images/line_0096_v034.png,एकमेकांना मदत करणे हे आपले कर्तव्य आहे.,𑘊𑘎𑘦𑘹𑘎𑘰𑘽𑘡𑘰 𑘦𑘟𑘝 𑘎𑘨𑘜𑘹 𑘮𑘹 𑘁𑘢𑘩𑘹 𑘎𑘨𑘿𑘝𑘪𑘿𑘧 𑘁𑘮𑘹.,96
data/synthetic/images/line_0096_v035.png,एकमेकांना मदत करणे हे आपले कर्तव्य आहे.,𑘊𑘎𑘦𑘹𑘎𑘰𑘽𑘡𑘰 𑘦𑘟𑘝 𑘎𑘨𑘜𑘹 𑘮𑘹 𑘁𑘢𑘩𑘹 𑘎𑘨𑘿𑘝𑘪𑘿𑘧 𑘁𑘮𑘹.,96
data/synthetic/images/line_0096_v036.png,एकमेकांना मदत करणे हे आपले कर्तव्य आहे.,𑘊𑘎𑘦𑘹𑘎𑘰𑘽𑘡𑘰 𑘦𑘟𑘝 𑘎𑘨𑘜𑘹 𑘮𑘹 𑘁𑘢𑘩𑘹 𑘎𑘨𑘿𑘝𑘪𑘿𑘧 𑘁𑘮𑘹.,96
data/synthetic/images/line_0096_v037.png,एकमेकांना मदत करणे हे आपले कर्तव्य आहे.,𑘊𑘎𑘦𑘹𑘎𑘰𑘽𑘡𑘰 𑘦𑘟𑘝 𑘎𑘨𑘜𑘹 𑘮𑘹 𑘁𑘢𑘩𑘹 𑘎𑘨𑘿𑘝𑘪𑘿𑘧 𑘁𑘮𑘹.,96
data/synthetic/images/line_0096_v038.png,एकमेकांना मदत करणे हे आपले कर्तव्य आहे.,𑘊𑘎𑘦𑘹𑘎𑘰𑘽𑘡𑘰 𑘦𑘟𑘝 𑘎𑘨𑘜𑘹 𑘮𑘹 𑘁𑘢𑘩𑘹 𑘎𑘨𑘿𑘝𑘪𑘿𑘧 𑘁𑘮𑘹.,96
data/synthetic/images/line_0096_v039.png,एकमेकांना मदत करणे हे आपले कर्तव्य आहे.,𑘊𑘎𑘦𑘹𑘎𑘰𑘽𑘡𑘰 𑘦𑘟𑘝 𑘎𑘨𑘜𑘹 𑘮𑘹 𑘁𑘢𑘩𑘹 𑘎𑘨𑘿𑘝𑘪𑘿𑘧 𑘁𑘮𑘹.,96
data/synthetic/images/line_0097_v000.png,संकटाच्या वेळी धीर सोडू नये.,𑘭𑘽𑘎𑘘𑘰𑘓𑘿𑘧𑘰 𑘪𑘹𑘯𑘲 𑘠𑘲𑘨 𑘭𑘻𑘚𑘴 𑘡𑘧𑘹.,97
data/synthetic/images/line_0097_v001.png,संकटाच्या वेळी धीर सोडू नये.,𑘭𑘽𑘎𑘘𑘰𑘓𑘿𑘧𑘰 𑘪𑘹𑘯𑘲 𑘠𑘲𑘨 𑘭𑘻𑘚𑘴 𑘡𑘧𑘹.,97
data/synthetic/images/line_0097_v002.png,संकटाच्या वेळी धीर सोडू नये.,𑘭𑘽𑘎𑘘𑘰𑘓𑘿𑘧𑘰 𑘪𑘹𑘯𑘲 𑘠𑘲𑘨 𑘭𑘻𑘚𑘴 𑘡𑘧𑘹.,97
data/synthetic/images/line_0097_v003.png,संकटाच्या वेळी धीर सोडू नये.,𑘭𑘽𑘎𑘘𑘰𑘓𑘿𑘧𑘰 𑘪𑘹𑘯𑘲 𑘠𑘲𑘨 𑘭𑘻𑘚𑘴 𑘡𑘧𑘹.,97
data/synthetic/images/line_0097_v004.png,संकटाच्या वेळी धीर सोडू नये.,𑘭𑘽𑘎𑘘𑘰𑘓𑘿𑘧𑘰 𑘪𑘹𑘯𑘲 𑘠𑘲𑘨 𑘭𑘻𑘚𑘴 𑘡𑘧𑘹.,97
data/synthetic/images/line_0097_v005.png,संकटाच्या वेळी धीर सोडू नये.,𑘭𑘽𑘎𑘘𑘰𑘓𑘿𑘧𑘰 𑘪𑘹𑘯𑘲 𑘠𑘲𑘨 𑘭𑘻𑘚𑘴 𑘡𑘧𑘹.,97
data/synthetic/images/line_0097_v006.png,संकटाच्या वेळी धीर सोडू नये.,𑘭𑘽𑘎𑘘𑘰𑘓𑘿𑘧𑘰 𑘪𑘹𑘯𑘲 𑘠𑘲𑘨 𑘭𑘻𑘚𑘴 𑘡𑘧𑘹.,97
data/synthetic/images/line_0097_v007.png,संकटाच्या वेळी धीर सोडू नये.,𑘭𑘽𑘎𑘘𑘰𑘓𑘿𑘧𑘰 𑘪𑘹𑘯𑘲 𑘠𑘲𑘨 𑘭𑘻𑘚𑘴 𑘡𑘧𑘹.,97
data/synthetic/images/line_0097_v008.png,संकटाच्या वेळी धीर सोडू नये.,𑘭𑘽𑘎𑘘𑘰𑘓𑘿𑘧𑘰 𑘪𑘹𑘯𑘲 𑘠𑘲𑘨 𑘭𑘻𑘚𑘴 𑘡𑘧𑘹.,97
data/synthetic/images/line_0097_v009.png,संकटाच्या वेळी धीर सोडू नये.,𑘭𑘽𑘎𑘘𑘰𑘓𑘿𑘧𑘰 𑘪𑘹𑘯𑘲 𑘠𑘲𑘨 𑘭𑘻𑘚𑘴 𑘡𑘧𑘹.,97
data/synthetic/images/line_0097_v010.png,संकटाच्या वेळी धीर सोडू नये.,𑘭𑘽𑘎𑘘𑘰𑘓𑘿𑘧𑘰 𑘪𑘹𑘯𑘲 𑘠𑘲𑘨 𑘭𑘻𑘚𑘴 𑘡𑘧𑘹.,97
data/synthetic/images/line_0097_v011.png,संकटाच्या वेळी धीर सोडू नये.,𑘭𑘽𑘎𑘘𑘰𑘓𑘿𑘧𑘰 𑘪𑘹𑘯𑘲 𑘠𑘲𑘨 𑘭𑘻𑘚𑘴 𑘡𑘧𑘹.,97
data/synthetic/images/line_0097_v012.png,संकटाच्या वेळी धीर सोडू नये.,𑘭𑘽𑘎𑘘𑘰𑘓𑘿𑘧𑘰 𑘪𑘹𑘯𑘲 𑘠𑘲𑘨 𑘭𑘻𑘚𑘴 𑘡𑘧𑘹.,97
data/synthetic/images/line_0097_v013.png,संकटाच्या वेळी धीर सोडू नये.,𑘭𑘽𑘎𑘘𑘰𑘓𑘿𑘧𑘰 𑘪𑘹𑘯𑘲 𑘠𑘲𑘨 𑘭𑘻𑘚𑘴 𑘡𑘧𑘹.,97
data/synthetic/images/line_0097_v014.png,संकटाच्या वेळी धीर सोडू नये.,𑘭𑘽𑘎𑘘𑘰𑘓𑘿𑘧𑘰 𑘪𑘹𑘯𑘲 𑘠𑘲𑘨 𑘭𑘻𑘚𑘴 𑘡𑘧𑘹.,97
data/synthetic/images/line_0097_v015.png,संकटाच्या वेळी धीर सोडू नये.,𑘭𑘽𑘎𑘘𑘰𑘓𑘿𑘧𑘰 𑘪𑘹𑘯𑘲 𑘠𑘲𑘨 𑘭𑘻𑘚𑘴 𑘡𑘧𑘹.,97
data/synthetic/images/line_0097_v016.png,संकटाच्या वेळी धीर सोडू नये.,𑘭𑘽𑘎𑘘𑘰𑘓𑘿𑘧𑘰 𑘪𑘹𑘯𑘲 𑘠𑘲𑘨 𑘭𑘻𑘚𑘴 𑘡𑘧𑘹.,97
data/synthetic/images/line_0097_v017.png,संकटाच्या वेळी धीर सोडू नये.,𑘭𑘽𑘎𑘘𑘰𑘓𑘿𑘧𑘰 𑘪𑘹𑘯𑘲 𑘠𑘲𑘨 𑘭𑘻𑘚𑘴 𑘡𑘧𑘹.,97
data/synthetic/images/line_0097_v018.png,संकटाच्या वेळी धीर सोडू नये.,𑘭𑘽𑘎𑘘𑘰𑘓𑘿𑘧𑘰 𑘪𑘹𑘯𑘲 𑘠𑘲𑘨 𑘭𑘻𑘚𑘴 𑘡𑘧𑘹.,97
data/synthetic/images/line_0097_v019.png,संकटाच्या वेळी धीर सोडू नये.,𑘭𑘽𑘎𑘘𑘰𑘓𑘿𑘧𑘰 𑘪𑘹𑘯𑘲 𑘠𑘲𑘨 𑘭𑘻𑘚𑘴 𑘡𑘧𑘹.,97
data/synthetic/images/line_0097_v020.png,संकटाच्या वेळी धीर सोडू नये.,𑘭𑘽𑘎𑘘𑘰𑘓𑘿𑘧𑘰 𑘪𑘹𑘯𑘲 𑘠𑘲𑘨 𑘭𑘻𑘚𑘴 𑘡𑘧𑘹.,97
data/synthetic/images/line_0097_v021.png,संकटाच्या वेळी धीर सोडू नये.,𑘭𑘽𑘎𑘘𑘰𑘓𑘿𑘧𑘰 𑘪𑘹𑘯𑘲 𑘠𑘲𑘨 𑘭𑘻𑘚𑘴 𑘡𑘧𑘹.,97
data/synthetic/images/line_0097_v022.png,संकटाच्या वेळी धीर सोडू नये.,𑘭𑘽𑘎𑘘𑘰𑘓𑘿𑘧𑘰 𑘪𑘹𑘯𑘲 𑘠𑘲𑘨 𑘭𑘻𑘚𑘴 𑘡𑘧𑘹.,97
data/synthetic/images/line_0097_v023.png,संकटाच्या वेळी धीर सोडू नये.,𑘭𑘽𑘎𑘘𑘰𑘓𑘿𑘧𑘰 𑘪𑘹𑘯𑘲 𑘠𑘲𑘨 𑘭𑘻𑘚𑘴 𑘡𑘧𑘹.,97
data/synthetic/images/line_0097_v024.png,संकटाच्या वेळी धीर सोडू नये.,𑘭𑘽𑘎𑘘𑘰𑘓𑘿𑘧𑘰 𑘪𑘹𑘯𑘲 𑘠𑘲𑘨 𑘭𑘻𑘚𑘴 𑘡𑘧𑘹.,97
data/synthetic/images/line_0097_v025.png,संकटाच्या वेळी धीर सोडू नये.,𑘭𑘽𑘎𑘘𑘰𑘓𑘿𑘧𑘰 𑘪𑘹𑘯𑘲 𑘠𑘲𑘨 𑘭𑘻𑘚𑘴 𑘡𑘧𑘹.,97
data/synthetic/images/line_0097_v026.png,संकटाच्या वेळी धीर सोडू नये.,𑘭𑘽𑘎𑘘𑘰𑘓𑘿𑘧𑘰 𑘪𑘹𑘯𑘲 𑘠𑘲𑘨 𑘭𑘻𑘚𑘴 𑘡𑘧𑘹.,97
data/synthetic/images/line_0097_v027.png,संकटाच्या वेळी धीर सोडू नये.,𑘭𑘽𑘎𑘘𑘰𑘓𑘿𑘧𑘰 𑘪𑘹𑘯𑘲 𑘠𑘲𑘨 𑘭𑘻𑘚𑘴 𑘡𑘧𑘹.,97
data/synthetic/images/line_0097_v028.png,संकटाच्या वेळी धीर सोडू नये.,𑘭𑘽𑘎𑘘𑘰𑘓𑘿𑘧𑘰 𑘪𑘹𑘯𑘲 𑘠𑘲𑘨 𑘭𑘻𑘚𑘴 𑘡𑘧𑘹.,97
data/synthetic/images/line_0097_v029.png,संकटाच्या वेळी धीर सोडू नये.,𑘭𑘽𑘎𑘘𑘰𑘓𑘿𑘧𑘰 𑘪𑘹𑘯𑘲 𑘠𑘲𑘨 𑘭𑘻𑘚𑘴 𑘡𑘧𑘹.,97
data/synthetic/images/line_0097_v030.png,संकटाच्या वेळी धीर सोडू नये.,𑘭𑘽𑘎𑘘𑘰𑘓𑘿𑘧𑘰 𑘪𑘹𑘯𑘲 𑘠𑘲𑘨 𑘭𑘻𑘚𑘴 𑘡𑘧𑘹.,97
data/synthetic/images/line_0097_v031.png,संकटाच्या वेळी धीर सोडू नये.,𑘭𑘽𑘎𑘘𑘰𑘓𑘿𑘧𑘰 𑘪𑘹𑘯𑘲 𑘠𑘲𑘨 𑘭𑘻𑘚𑘴 𑘡𑘧𑘹.,97
data/synthetic/images/line_0097_v032.png,संकटाच्या वेळी धीर सोडू नये.,𑘭𑘽𑘎𑘘𑘰𑘓𑘿𑘧𑘰 𑘪𑘹𑘯𑘲 𑘠𑘲𑘨 𑘭𑘻𑘚𑘴 𑘡𑘧𑘹.,97
data/synthetic/images/line_0097_v033.png,संकटाच्या वेळी धीर सोडू नये.,𑘭𑘽𑘎𑘘𑘰𑘓𑘿𑘧𑘰 𑘪𑘹𑘯𑘲 𑘠𑘲𑘨 𑘭𑘻𑘚𑘴 𑘡𑘧𑘹.,97
data/synthetic/images/line_0097_v034.png,संकटाच्या वेळी धीर सोडू नये.,𑘭𑘽𑘎𑘘𑘰𑘓𑘿𑘧𑘰 𑘪𑘹𑘯𑘲 𑘠𑘲𑘨 𑘭𑘻𑘚𑘴 𑘡𑘧𑘹.,97
data/synthetic/images/line_0097_v035.png,संकटाच्या वेळी धीर सोडू नये.,𑘭𑘽𑘎𑘘𑘰𑘓𑘿𑘧𑘰 𑘪𑘹𑘯𑘲 𑘠𑘲𑘨 𑘭𑘻𑘚𑘴 𑘡𑘧𑘹.,97
data/synthetic/images/line_0097_v036.png,संकटाच्या वेळी धीर सोडू नये.,𑘭𑘽𑘎𑘘𑘰𑘓𑘿𑘧𑘰 𑘪𑘹𑘯𑘲 𑘠𑘲𑘨 𑘭𑘻𑘚𑘴 𑘡𑘧𑘹.,97
data/synthetic/images/line_0097_v037.png,संकटाच्या वेळी धीर सोडू नये.,𑘭𑘽𑘎𑘘𑘰𑘓𑘿𑘧𑘰 𑘪𑘹𑘯𑘲 𑘠𑘲𑘨 𑘭𑘻𑘚𑘴 𑘡𑘧𑘹.,97
data/synthetic/images/line_0097_v038.png,संकटाच्या वेळी धीर सोडू नये.,𑘭𑘽𑘎𑘘𑘰𑘓𑘿𑘧𑘰 𑘪𑘹𑘯𑘲 𑘠𑘲𑘨 𑘭𑘻𑘚𑘴 𑘡𑘧𑘹.,97
data/synthetic/images/line_0097_v039.png,संकटाच्या वेळी धीर सोडू नये.,𑘭𑘽𑘎𑘘𑘰𑘓𑘿𑘧𑘰 𑘪𑘹𑘯𑘲 𑘠𑘲𑘨 𑘭𑘻𑘚𑘴 𑘡𑘧𑘹.,97
data/synthetic/images/line_0098_v000.png,आत्मविश्वास हा यशाचा पाया आहे.,𑘁𑘝𑘿𑘦𑘪𑘱𑘫𑘿𑘪𑘰𑘭 𑘮𑘰 𑘧𑘫𑘰𑘓𑘰 𑘢𑘰𑘧𑘰 𑘁𑘮𑘹.,98
data/synthetic/images/line_0098_v001.png,आत्मविश्वास हा यशाचा पाया आहे.,𑘁𑘝𑘿𑘦𑘪𑘱𑘫𑘿𑘪𑘰𑘭 𑘮𑘰 𑘧𑘫𑘰𑘓𑘰 𑘢𑘰𑘧𑘰 𑘁𑘮𑘹.,98
data/synthetic/images/line_0098_v002.png,आत्मविश्वास हा यशाचा पाया आहे.,𑘁𑘝𑘿𑘦𑘪𑘱𑘫𑘿𑘪𑘰𑘭 𑘮𑘰 𑘧𑘫𑘰𑘓𑘰 𑘢𑘰𑘧𑘰 𑘁𑘮𑘹.,98
data/synthetic/images/line_0098_v003.png,आत्मविश्वास हा यशाचा पाया आहे.,𑘁𑘝𑘿𑘦𑘪𑘱𑘫𑘿𑘪𑘰𑘭 𑘮𑘰 𑘧𑘫𑘰𑘓𑘰 𑘢𑘰𑘧𑘰 𑘁𑘮𑘹.,98
data/synthetic/images/line_0098_v004.png,आत्मविश्वास हा यशाचा पाया आहे.,𑘁𑘝𑘿𑘦𑘪𑘱𑘫𑘿𑘪𑘰𑘭 𑘮𑘰 𑘧𑘫𑘰𑘓𑘰 𑘢𑘰𑘧𑘰 𑘁𑘮𑘹.,98
data/synthetic/images/line_0098_v005.png,आत्मविश्वास हा यशाचा पाया आहे.,𑘁𑘝𑘿𑘦𑘪𑘱𑘫𑘿𑘪𑘰𑘭 𑘮𑘰 𑘧𑘫𑘰𑘓𑘰 𑘢𑘰𑘧𑘰 𑘁𑘮𑘹.,98
data/synthetic/images/line_0098_v006.png,आत्मविश्वास हा यशाचा पाया आहे.,𑘁𑘝𑘿𑘦𑘪𑘱𑘫𑘿𑘪𑘰𑘭 𑘮𑘰 𑘧𑘫𑘰𑘓𑘰 𑘢𑘰𑘧𑘰 𑘁𑘮𑘹.,98
data/synthetic/images/line_0098_v007.png,आत्मविश्वास हा यशाचा पाया आहे.,𑘁𑘝𑘿𑘦𑘪𑘱𑘫𑘿𑘪𑘰𑘭 𑘮𑘰 𑘧𑘫𑘰𑘓𑘰 𑘢𑘰𑘧𑘰 𑘁𑘮𑘹.,98
data/synthetic/images/line_0098_v008.png,आत्मविश्वास हा यशाचा पाया आहे.,𑘁𑘝𑘿𑘦𑘪𑘱𑘫𑘿𑘪𑘰𑘭 𑘮𑘰 𑘧𑘫𑘰𑘓𑘰 𑘢𑘰𑘧𑘰 𑘁𑘮𑘹.,98
data/synthetic/images/line_0098_v009.png,आत्मविश्वास हा यशाचा पाया आहे.,𑘁𑘝𑘿𑘦𑘪𑘱𑘫𑘿𑘪𑘰𑘭 𑘮𑘰 𑘧𑘫𑘰𑘓𑘰 𑘢𑘰𑘧𑘰 𑘁𑘮𑘹.,98
data/synthetic/images/line_0098_v010.png,आत्मविश्वास हा यशाचा पाया आहे.,𑘁𑘝𑘿𑘦𑘪𑘱𑘫𑘿𑘪𑘰𑘭 𑘮𑘰 𑘧𑘫𑘰𑘓𑘰 𑘢𑘰𑘧𑘰 𑘁𑘮𑘹.,98
data/synthetic/images/line_0098_v011.png,आत्मविश्वास हा यशाचा पाया आहे.,𑘁𑘝𑘿𑘦𑘪𑘱𑘫𑘿𑘪𑘰𑘭 𑘮𑘰 𑘧𑘫𑘰𑘓𑘰 𑘢𑘰𑘧𑘰 𑘁𑘮𑘹.,98
data/synthetic/images/line_0098_v012.png,आत्मविश्वास हा यशाचा पाया आहे.,𑘁𑘝𑘿𑘦𑘪𑘱𑘫𑘿𑘪𑘰𑘭 𑘮𑘰 𑘧𑘫𑘰𑘓𑘰 𑘢𑘰𑘧𑘰 𑘁𑘮𑘹.,98
data/synthetic/images/line_0098_v013.png,आत्मविश्वास हा यशाचा पाया आहे.,𑘁𑘝𑘿𑘦𑘪𑘱𑘫𑘿𑘪𑘰𑘭 𑘮𑘰 𑘧𑘫𑘰𑘓𑘰 𑘢𑘰𑘧𑘰 𑘁𑘮𑘹.,98
data/synthetic/images/line_0098_v014.png,आत्मविश्वास हा यशाचा पाया आहे.,𑘁𑘝𑘿𑘦𑘪𑘱𑘫𑘿𑘪𑘰𑘭 𑘮𑘰 𑘧𑘫𑘰𑘓𑘰 𑘢𑘰𑘧𑘰 𑘁𑘮𑘹.,98
data/synthetic/images/line_0098_v015.png,आत्मविश्वास हा यशाचा पाया आहे.,𑘁𑘝𑘿𑘦𑘪𑘱𑘫𑘿𑘪𑘰𑘭 𑘮𑘰 𑘧𑘫𑘰𑘓𑘰 𑘢𑘰𑘧𑘰 𑘁𑘮𑘹.,98
data/synthetic/images/line_0098_v016.png,आत्मविश्वास हा यशाचा पाया आहे.,𑘁𑘝𑘿𑘦𑘪𑘱𑘫𑘿𑘪𑘰𑘭 𑘮𑘰 𑘧𑘫𑘰𑘓𑘰 𑘢𑘰𑘧𑘰 𑘁𑘮𑘹.,98
data/synthetic/images/line_0098_v017.png,आत्मविश्वास हा यशाचा पाया आहे.,𑘁𑘝𑘿𑘦𑘪𑘱𑘫𑘿𑘪𑘰𑘭 𑘮𑘰 𑘧𑘫𑘰𑘓𑘰 𑘢𑘰𑘧𑘰 𑘁𑘮𑘹.,98
data/synthetic/images/line_0098_v018.png,आत्मविश्वास हा यशाचा पाया आहे.,𑘁𑘝𑘿𑘦𑘪𑘱𑘫𑘿𑘪𑘰𑘭 𑘮𑘰 𑘧𑘫𑘰𑘓𑘰 𑘢𑘰𑘧𑘰 𑘁𑘮𑘹.,98
data/synthetic/images/line_0098_v019.png,आत्मविश्वास हा यशाचा पाया आहे.,𑘁𑘝𑘿𑘦𑘪𑘱𑘫𑘿𑘪𑘰𑘭 𑘮𑘰 𑘧𑘫𑘰𑘓𑘰 𑘢𑘰𑘧𑘰 𑘁𑘮𑘹.,98
data/synthetic/images/line_0098_v020.png,आत्मविश्वास हा यशाचा पाया आहे.,𑘁𑘝𑘿𑘦𑘪𑘱𑘫𑘿𑘪𑘰𑘭 𑘮𑘰 𑘧𑘫𑘰𑘓𑘰 𑘢𑘰𑘧𑘰 𑘁𑘮𑘹.,98
data/synthetic/images/line_0098_v021.png,आत्मविश्वास हा यशाचा पाया आहे.,𑘁𑘝𑘿𑘦𑘪𑘱𑘫𑘿𑘪𑘰𑘭 𑘮𑘰 𑘧𑘫𑘰𑘓𑘰 𑘢𑘰𑘧𑘰 𑘁𑘮𑘹.,98
data/synthetic/images/line_0098_v022.png,आत्मविश्वास हा यशाचा पाया आहे.,𑘁𑘝𑘿𑘦𑘪𑘱𑘫𑘿𑘪𑘰𑘭 𑘮𑘰 𑘧𑘫𑘰𑘓𑘰 𑘢𑘰𑘧𑘰 𑘁𑘮𑘹.,98
data/synthetic/images/line_0098_v023.png,आत्मविश्वास हा यशाचा पाया आहे.,𑘁𑘝𑘿𑘦𑘪𑘱𑘫𑘿𑘪𑘰𑘭 𑘮𑘰 𑘧𑘫𑘰𑘓𑘰 𑘢𑘰𑘧𑘰 𑘁𑘮𑘹.,98
data/synthetic/images/line_0098_v024.png,आत्मविश्वास हा यशाचा पाया आहे.,𑘁𑘝𑘿𑘦𑘪𑘱𑘫𑘿𑘪𑘰𑘭 𑘮𑘰 𑘧𑘫𑘰𑘓𑘰 𑘢𑘰𑘧𑘰 𑘁𑘮𑘹.,98
data/synthetic/images/line_0098_v025.png,आत्मविश्वास हा यशाचा पाया आहे.,𑘁𑘝𑘿𑘦𑘪𑘱𑘫𑘿𑘪𑘰𑘭 𑘮𑘰 𑘧𑘫𑘰𑘓𑘰 𑘢𑘰𑘧𑘰 𑘁𑘮𑘹.,98
data/synthetic/images/line_0098_v026.png,आत्मविश्वास हा यशाचा पाया आहे.,𑘁𑘝𑘿𑘦𑘪𑘱𑘫𑘿𑘪𑘰𑘭 𑘮𑘰 𑘧𑘫𑘰𑘓𑘰 𑘢𑘰𑘧𑘰 𑘁𑘮𑘹.,98
data/synthetic/images/line_0098_v027.png,आत्मविश्वास हा यशाचा पाया आहे.,𑘁𑘝𑘿𑘦𑘪𑘱𑘫𑘿𑘪𑘰𑘭 𑘮𑘰 𑘧𑘫𑘰𑘓𑘰 𑘢𑘰𑘧𑘰 𑘁𑘮𑘹.,98
data/synthetic/images/line_0098_v028.png,आत्मविश्वास हा यशाचा पाया आहे.,𑘁𑘝𑘿𑘦𑘪𑘱𑘫𑘿𑘪𑘰𑘭 𑘮𑘰 𑘧𑘫𑘰𑘓𑘰 𑘢𑘰𑘧𑘰 𑘁𑘮𑘹.,98
data/synthetic/images/line_0098_v029.png,आत्मविश्वास हा यशाचा पाया आहे.,𑘁𑘝𑘿𑘦𑘪𑘱𑘫𑘿𑘪𑘰𑘭 𑘮𑘰 𑘧𑘫𑘰𑘓𑘰 𑘢𑘰𑘧𑘰 𑘁𑘮𑘹.,98
data/synthetic/images/line_0098_v030.png,आत्मविश्वास हा यशाचा पाया आहे.,𑘁𑘝𑘿𑘦𑘪𑘱𑘫𑘿𑘪𑘰𑘭 𑘮𑘰 𑘧𑘫𑘰𑘓𑘰 𑘢𑘰𑘧𑘰 𑘁𑘮𑘹.,98
data/synthetic/images/line_0098_v031.png,आत्मविश्वास हा यशाचा पाया आहे.,𑘁𑘝𑘿𑘦𑘪𑘱𑘫𑘿𑘪𑘰𑘭 𑘮𑘰 𑘧𑘫𑘰𑘓𑘰 𑘢𑘰𑘧𑘰 𑘁𑘮𑘹.,98
data/synthetic/images/line_0098_v032.png,आत्मविश्वास हा यशाचा पाया आहे.,𑘁𑘝𑘿𑘦𑘪𑘱𑘫𑘿𑘪𑘰𑘭 𑘮𑘰 𑘧𑘫𑘰𑘓𑘰 𑘢𑘰𑘧𑘰 𑘁𑘮𑘹.,98
data/synthetic/images/line_0098_v033.png,आत्मविश्वास हा यशाचा पाया आहे.,𑘁𑘝𑘿𑘦𑘪𑘱𑘫𑘿𑘪𑘰𑘭 𑘮𑘰 𑘧𑘫𑘰𑘓𑘰 𑘢𑘰𑘧𑘰 𑘁𑘮𑘹.,98
data/synthetic/images/line_0098_v034.png,आत्मविश्वास हा यशाचा पाया आहे.,𑘁𑘝𑘿𑘦𑘪𑘱𑘫𑘿𑘪𑘰𑘭 𑘮𑘰 𑘧𑘫𑘰𑘓𑘰 𑘢𑘰𑘧𑘰 𑘁𑘮𑘹.,98
data/synthetic/images/line_0098_v035.png,आत्मविश्वास हा यशाचा पाया आहे.,𑘁𑘝𑘿𑘦𑘪𑘱𑘫𑘿𑘪𑘰𑘭 𑘮𑘰 𑘧𑘫𑘰𑘓𑘰 𑘢𑘰𑘧𑘰 𑘁𑘮𑘹.,98
data/synthetic/images/line_0098_v036.png,आत्मविश्वास हा यशाचा पाया आहे.,𑘁𑘝𑘿𑘦𑘪𑘱𑘫𑘿𑘪𑘰𑘭 𑘮𑘰 𑘧𑘫𑘰𑘓𑘰 𑘢𑘰𑘧𑘰 𑘁𑘮𑘹.,98
data/synthetic/images/line_0098_v037.png,आत्मविश्वास हा यशाचा पाया आहे.,𑘁𑘝𑘿𑘦𑘪𑘱𑘫𑘿𑘪𑘰𑘭 𑘮𑘰 𑘧𑘫𑘰𑘓𑘰 𑘢𑘰𑘧𑘰 𑘁𑘮𑘹.,98
data/synthetic/images/line_0098_v038.png,आत्मविश्वास हा यशाचा पाया आहे.,𑘁𑘝𑘿𑘦𑘪𑘱𑘫𑘿𑘪𑘰𑘭 𑘮𑘰 𑘧𑘫𑘰𑘓𑘰 𑘢𑘰𑘧𑘰 𑘁𑘮𑘹.,98
data/synthetic/images/line_0098_v039.png,आत्मविश्वास हा यशाचा पाया आहे.,𑘁𑘝𑘿𑘦𑘪𑘱𑘫𑘿𑘪𑘰𑘭 𑘮𑘰 𑘧𑘫𑘰𑘓𑘰 𑘢𑘰𑘧𑘰 𑘁𑘮𑘹.,98
data/synthetic/images/line_0099_v000.png,शिक्षण हे प्रगतीचे साधन आहे.,𑘫𑘱𑘎𑘿𑘬𑘜 𑘮𑘹 𑘢𑘿𑘨𑘐𑘝𑘲𑘓𑘹 𑘭𑘰𑘠𑘡 𑘁𑘮𑘹.,99
data/synthetic/images/line_0099_v001.png,शिक्षण हे प्रगतीचे साधन आहे.,𑘫𑘱𑘎𑘿𑘬𑘜 𑘮𑘹 𑘢𑘿𑘨𑘐𑘝𑘲𑘓𑘹 𑘭𑘰𑘠𑘡 𑘁𑘮𑘹.,99
data/synthetic/images/line_0099_v002.png,शिक्षण हे प्रगतीचे साधन आहे.,𑘫𑘱𑘎𑘿𑘬𑘜 𑘮𑘹 𑘢𑘿𑘨𑘐𑘝𑘲𑘓𑘹 𑘭𑘰𑘠𑘡 𑘁𑘮𑘹.,99
data/synthetic/images/line_0099_v003.png,शिक्षण हे प्रगतीचे साधन आहे.,𑘫𑘱𑘎𑘿𑘬𑘜 𑘮𑘹 𑘢𑘿𑘨𑘐𑘝𑘲𑘓𑘹 𑘭𑘰𑘠𑘡 𑘁𑘮𑘹.,99
data/synthetic/images/line_0099_v004.png,शिक्षण हे प्रगतीचे साधन आहे.,𑘫𑘱𑘎𑘿𑘬𑘜 𑘮𑘹 𑘢𑘿𑘨𑘐𑘝𑘲𑘓𑘹 𑘭𑘰𑘠𑘡 𑘁𑘮𑘹.,99
data/synthetic/images/line_0099_v005.png,शिक्षण हे प्रगतीचे साधन आहे.,𑘫𑘱𑘎𑘿𑘬𑘜 𑘮𑘹 𑘢𑘿𑘨𑘐𑘝𑘲𑘓𑘹 𑘭𑘰𑘠𑘡 𑘁𑘮𑘹.,99
data/synthetic/images/line_0099_v006.png,शिक्षण हे प्रगतीचे साधन आहे.,𑘫𑘱𑘎𑘿𑘬𑘜 𑘮𑘹 𑘢𑘿𑘨𑘐𑘝𑘲𑘓𑘹 𑘭𑘰𑘠𑘡 𑘁𑘮𑘹.,99
data/synthetic/images/line_0099_v007.png,शिक्षण हे प्रगतीचे साधन आहे.,𑘫𑘱𑘎𑘿𑘬𑘜 𑘮𑘹 𑘢𑘿𑘨𑘐𑘝𑘲𑘓𑘹 𑘭𑘰𑘠𑘡 𑘁𑘮𑘹.,99
data/synthetic/images/line_0099_v008.png,शिक्षण हे प्रगतीचे साधन आहे.,𑘫𑘱𑘎𑘿𑘬𑘜 𑘮𑘹 𑘢𑘿𑘨𑘐𑘝𑘲𑘓𑘹 𑘭𑘰𑘠𑘡 𑘁𑘮𑘹.,99
data/synthetic/images/line_0099_v009.png,शिक्षण हे प्रगतीचे साधन आहे.,𑘫𑘱𑘎𑘿𑘬𑘜 𑘮𑘹 𑘢𑘿𑘨𑘐𑘝𑘲𑘓𑘹 𑘭𑘰𑘠𑘡 𑘁𑘮𑘹.,99
data/synthetic/images/line_0099_v010.png,शिक्षण हे प्रगतीचे साधन आहे.,𑘫𑘱𑘎𑘿𑘬𑘜 𑘮𑘹 𑘢𑘿𑘨𑘐𑘝𑘲𑘓𑘹 𑘭𑘰𑘠𑘡 𑘁𑘮𑘹.,99
data/synthetic/images/line_0099_v011.png,शिक्षण हे प्रगतीचे साधन आहे.,𑘫𑘱𑘎𑘿𑘬𑘜 𑘮𑘹 𑘢𑘿𑘨𑘐𑘝𑘲𑘓𑘹 𑘭𑘰𑘠𑘡 𑘁𑘮𑘹.,99
data/synthetic/images/line_0099_v012.png,शिक्षण हे प्रगतीचे साधन आहे.,𑘫𑘱𑘎𑘿𑘬𑘜 𑘮𑘹 𑘢𑘿𑘨𑘐𑘝𑘲𑘓𑘹 𑘭𑘰𑘠𑘡 𑘁𑘮𑘹.,99
data/synthetic/images/line_0099_v013.png,शिक्षण हे प्रगतीचे साधन आहे.,𑘫𑘱𑘎𑘿𑘬𑘜 𑘮𑘹 𑘢𑘿𑘨𑘐𑘝𑘲𑘓𑘹 𑘭𑘰𑘠𑘡 𑘁𑘮𑘹.,99
data/synthetic/images/line_0099_v014.png,शिक्षण हे प्रगतीचे साधन आहे.,𑘫𑘱𑘎𑘿𑘬𑘜 𑘮𑘹 𑘢𑘿𑘨𑘐𑘝𑘲𑘓𑘹 𑘭𑘰𑘠𑘡 𑘁𑘮𑘹.,99
data/synthetic/images/line_0099_v015.png,शिक्षण हे प्रगतीचे साधन आहे.,𑘫𑘱𑘎𑘿𑘬𑘜 𑘮𑘹 𑘢𑘿𑘨𑘐𑘝𑘲𑘓𑘹 𑘭𑘰𑘠𑘡 𑘁𑘮𑘹.,99
data/synthetic/images/line_0099_v016.png,शिक्षण हे प्रगतीचे साधन आहे.,𑘫𑘱𑘎𑘿𑘬𑘜 𑘮𑘹 𑘢𑘿𑘨𑘐𑘝𑘲𑘓𑘹 𑘭𑘰𑘠𑘡 𑘁𑘮𑘹.,99
data/synthetic/images/line_0099_v017.png,शिक्षण हे प्रगतीचे साधन आहे.,𑘫𑘱𑘎𑘿𑘬𑘜 𑘮𑘹 𑘢𑘿𑘨𑘐𑘝𑘲𑘓𑘹 𑘭𑘰𑘠𑘡 𑘁𑘮𑘹.,99
data/synthetic/images/line_0099_v018.png,शिक्षण हे प्रगतीचे साधन आहे.,𑘫𑘱𑘎𑘿𑘬𑘜 𑘮𑘹 𑘢𑘿𑘨𑘐𑘝𑘲𑘓𑘹 𑘭𑘰𑘠𑘡 𑘁𑘮𑘹.,99
data/synthetic/images/line_0099_v019.png,शिक्षण हे प्रगतीचे साधन आहे.,𑘫𑘱𑘎𑘿𑘬𑘜 𑘮𑘹 𑘢𑘿𑘨𑘐𑘝𑘲𑘓𑘹 𑘭𑘰𑘠𑘡 𑘁𑘮𑘹.,99
data/synthetic/images/line_0099_v020.png,शिक्षण हे प्रगतीचे साधन आहे.,𑘫𑘱𑘎𑘿𑘬𑘜 𑘮𑘹 𑘢𑘿𑘨𑘐𑘝𑘲𑘓𑘹 𑘭𑘰𑘠𑘡 𑘁𑘮𑘹.,99
data/synthetic/images/line_0099_v021.png,शिक्षण हे प्रगतीचे साधन आहे.,𑘫𑘱𑘎𑘿𑘬𑘜 𑘮𑘹 𑘢𑘿𑘨𑘐𑘝𑘲𑘓𑘹 𑘭𑘰𑘠𑘡 𑘁𑘮𑘹.,99
data/synthetic/images/line_0099_v022.png,शिक्षण हे प्रगतीचे साधन आहे.,𑘫𑘱𑘎𑘿𑘬𑘜 𑘮𑘹 𑘢𑘿𑘨𑘐𑘝𑘲𑘓𑘹 𑘭𑘰𑘠𑘡 𑘁𑘮𑘹.,99
data/synthetic/images/line_0099_v023.png,शिक्षण हे प्रगतीचे साधन आहे.,𑘫𑘱𑘎𑘿𑘬𑘜 𑘮𑘹 𑘢𑘿𑘨𑘐𑘝𑘲𑘓𑘹 𑘭𑘰𑘠𑘡 𑘁𑘮𑘹.,99
data/synthetic/images/line_0099_v024.png,शिक्षण हे प्रगतीचे साधन आहे.,𑘫𑘱𑘎𑘿𑘬𑘜 𑘮𑘹 𑘢𑘿𑘨𑘐𑘝𑘲𑘓𑘹 𑘭𑘰𑘠𑘡 𑘁𑘮𑘹.,99
data/synthetic/images/line_0099_v025.png,शिक्षण हे प्रगतीचे साधन आहे.,𑘫𑘱𑘎𑘿𑘬𑘜 𑘮𑘹 𑘢𑘿𑘨𑘐𑘝𑘲𑘓𑘹 𑘭𑘰𑘠𑘡 𑘁𑘮𑘹.,99
data/synthetic/images/line_0099_v026.png,शिक्षण हे प्रगतीचे साधन आहे.,𑘫𑘱𑘎𑘿𑘬𑘜 𑘮𑘹 𑘢𑘿𑘨𑘐𑘝𑘲𑘓𑘹 𑘭𑘰𑘠𑘡 𑘁𑘮𑘹.,99
data/synthetic/images/line_0099_v027.png,शिक्षण हे प्रगतीचे साधन आहे.,𑘫𑘱𑘎𑘿𑘬𑘜 𑘮𑘹 𑘢𑘿𑘨𑘐𑘝𑘲𑘓𑘹 𑘭𑘰𑘠𑘡 𑘁𑘮𑘹.,99
data/synthetic/images/line_0099_v028.png,शिक्षण हे प्रगतीचे साधन आहे.,𑘫𑘱𑘎𑘿𑘬𑘜 𑘮𑘹 𑘢𑘿𑘨𑘐𑘝𑘲𑘓𑘹 𑘭𑘰𑘠𑘡 𑘁𑘮𑘹.,99
data/synthetic/images/line_0099_v029.png,शिक्षण हे प्रगतीचे साधन आहे.,𑘫𑘱𑘎𑘿𑘬𑘜 𑘮𑘹 𑘢𑘿𑘨𑘐𑘝𑘲𑘓𑘹 𑘭𑘰𑘠𑘡 𑘁𑘮𑘹.,99
data/synthetic/images/line_0099_v030.png,शिक्षण हे प्रगतीचे साधन आहे.,𑘫𑘱𑘎𑘿𑘬𑘜 𑘮𑘹 𑘢𑘿𑘨𑘐𑘝𑘲𑘓𑘹 𑘭𑘰𑘠𑘡 𑘁𑘮𑘹.,99
data/synthetic/images/line_0099_v031.png,शिक्षण हे प्रगतीचे साधन आहे.,𑘫𑘱𑘎𑘿𑘬𑘜 𑘮𑘹 𑘢𑘿𑘨𑘐𑘝𑘲𑘓𑘹 𑘭𑘰𑘠𑘡 𑘁𑘮𑘹.,99
data/synthetic/images/line_0099_v032.png,शिक्षण हे प्रगतीचे साधन आहे.,𑘫𑘱𑘎𑘿𑘬𑘜 𑘮𑘹 𑘢𑘿𑘨𑘐𑘝𑘲𑘓𑘹 𑘭𑘰𑘠𑘡 𑘁𑘮𑘹.,99
data/synthetic/images/line_0099_v033.png,शिक्षण हे प्रगतीचे साधन आहे.,𑘫𑘱𑘎𑘿𑘬𑘜 𑘮𑘹 𑘢𑘿𑘨𑘐𑘝𑘲𑘓𑘹 𑘭𑘰𑘠𑘡 𑘁𑘮𑘹.,99
data/synthetic/images/line_0099_v034.png,शिक्षण हे प्रगतीचे साधन आहे.,𑘫𑘱𑘎𑘿𑘬𑘜 𑘮𑘹 𑘢𑘿𑘨𑘐𑘝𑘲𑘓𑘹 𑘭𑘰𑘠𑘡 𑘁𑘮𑘹.,99
data/synthetic/images/line_0099_v035.png,शिक्षण हे प्रगतीचे साधन आहे.,𑘫𑘱𑘎𑘿𑘬𑘜 𑘮𑘹 𑘢𑘿𑘨𑘐𑘝𑘲𑘓𑘹 𑘭𑘰𑘠𑘡 𑘁𑘮𑘹.,99
data/synthetic/images/line_0099_v036.png,शिक्षण हे प्रगतीचे साधन आहे.,𑘫𑘱𑘎𑘿𑘬𑘜 𑘮𑘹 𑘢𑘿𑘨𑘐𑘝𑘲𑘓𑘹 𑘭𑘰𑘠𑘡 𑘁𑘮𑘹.,99
data/synthetic/images/line_0099_v037.png,शिक्षण हे प्रगतीचे साधन आहे.,𑘫𑘱𑘎𑘿𑘬𑘜 𑘮𑘹 𑘢𑘿𑘨𑘐𑘝𑘲𑘓𑘹 𑘭𑘰𑘠𑘡 𑘁𑘮𑘹.,99
data/synthetic/images/line_0099_v038.png,शिक्षण हे प्रगतीचे साधन आहे.,𑘫𑘱𑘎𑘿𑘬𑘜 𑘮𑘹 𑘢𑘿𑘨𑘐𑘝𑘲𑘓𑘹 𑘭𑘰𑘠𑘡 𑘁𑘮𑘹.,99
data/synthetic/images/line_0099_v039.png,शिक्षण हे प्रगतीचे साधन आहे.,𑘫𑘱𑘎𑘿𑘬𑘜 𑘮𑘹 𑘢𑘿𑘨𑘐𑘝𑘲𑘓𑘹 𑘭𑘰𑘠𑘡 𑘁𑘮𑘹.,99
data/synthetic/images/line_0100_v000.png,भाषा हे संवादाचे माध्यम आहे.,𑘥𑘰𑘬𑘰 𑘮𑘹 𑘭𑘽𑘪𑘰𑘟𑘰𑘓𑘹 𑘦𑘰𑘠𑘿𑘧𑘦 𑘁𑘮𑘹.,100
data/synthetic/images/line_0100_v001.png,भाषा हे संवादाचे माध्यम आहे.,𑘥𑘰𑘬𑘰 𑘮𑘹 𑘭𑘽𑘪𑘰𑘟𑘰𑘓𑘹 𑘦𑘰𑘠𑘿𑘧𑘦 𑘁𑘮𑘹.,100
data/synthetic/images/line_0100_v002.png,भाषा हे संवादाचे माध्यम आहे.,𑘥𑘰𑘬𑘰 𑘮𑘹 𑘭𑘽𑘪𑘰𑘟𑘰𑘓𑘹 𑘦𑘰𑘠𑘿𑘧𑘦 𑘁𑘮𑘹.,100
data/synthetic/images/line_0100_v003.png,भाषा हे संवादाचे माध्यम आहे.,𑘥𑘰𑘬𑘰 𑘮𑘹 𑘭𑘽𑘪𑘰𑘟𑘰𑘓𑘹 𑘦𑘰𑘠𑘿𑘧𑘦 𑘁𑘮𑘹.,100
data/synthetic/images/line_0100_v004.png,भाषा हे संवादाचे माध्यम आहे.,𑘥𑘰𑘬𑘰 𑘮𑘹 𑘭𑘽𑘪𑘰𑘟𑘰𑘓𑘹 𑘦𑘰𑘠𑘿𑘧𑘦 𑘁𑘮𑘹.,100
data/synthetic/images/line_0100_v005.png,भाषा हे संवादाचे माध्यम आहे.,𑘥𑘰𑘬𑘰 𑘮𑘹 𑘭𑘽𑘪𑘰𑘟𑘰𑘓𑘹 𑘦𑘰𑘠𑘿𑘧𑘦 𑘁𑘮𑘹.,100
data/synthetic/images/line_0100_v006.png,भाषा हे संवादाचे माध्यम आहे.,𑘥𑘰𑘬𑘰 𑘮𑘹 𑘭𑘽𑘪𑘰𑘟𑘰𑘓𑘹 𑘦𑘰𑘠𑘿𑘧𑘦 𑘁𑘮𑘹.,100
data/synthetic/images/line_0100_v007.png,भाषा हे संवादाचे माध्यम आहे.,𑘥𑘰𑘬𑘰 𑘮𑘹 𑘭𑘽𑘪𑘰𑘟𑘰𑘓𑘹 𑘦𑘰𑘠𑘿𑘧𑘦 𑘁𑘮𑘹.,100
data/synthetic/images/line_0100_v008.png,भाषा हे संवादाचे माध्यम आहे.,𑘥𑘰𑘬𑘰 𑘮𑘹 𑘭𑘽𑘪𑘰𑘟𑘰𑘓𑘹 𑘦𑘰𑘠𑘿𑘧𑘦 𑘁𑘮𑘹.,100
data/synthetic/images/line_0100_v009.png,भाषा हे संवादाचे माध्यम आहे.,𑘥𑘰𑘬𑘰 𑘮𑘹 𑘭𑘽𑘪𑘰𑘟𑘰𑘓𑘹 𑘦𑘰𑘠𑘿𑘧𑘦 𑘁𑘮𑘹.,100
data/synthetic/images/line_0100_v010.png,भाषा हे संवादाचे माध्यम आहे.,𑘥𑘰𑘬𑘰 𑘮𑘹 𑘭𑘽𑘪𑘰𑘟𑘰𑘓𑘹 𑘦𑘰𑘠𑘿𑘧𑘦 𑘁𑘮𑘹.,100
data/synthetic/images/line_0100_v011.png,भाषा हे संवादाचे माध्यम आहे.,𑘥𑘰𑘬𑘰 𑘮𑘹 𑘭𑘽𑘪𑘰𑘟𑘰𑘓𑘹 𑘦𑘰𑘠𑘿𑘧𑘦 𑘁𑘮𑘹.,100
data/synthetic/images/line_0100_v012.png,भाषा हे संवादाचे माध्यम आहे.,𑘥𑘰𑘬𑘰 𑘮𑘹 𑘭𑘽𑘪𑘰𑘟𑘰𑘓𑘹 𑘦𑘰𑘠𑘿𑘧𑘦 𑘁𑘮𑘹.,100
data/synthetic/images/line_0100_v013.png,भाषा हे संवादाचे माध्यम आहे.,𑘥𑘰𑘬𑘰 𑘮𑘹 𑘭𑘽𑘪𑘰𑘟𑘰𑘓𑘹 𑘦𑘰𑘠𑘿𑘧𑘦 𑘁𑘮𑘹.,100
data/synthetic/images/line_0100_v014.png,भाषा हे संवादाचे माध्यम आहे.,𑘥𑘰𑘬𑘰 𑘮𑘹 𑘭𑘽𑘪𑘰𑘟𑘰𑘓𑘹 𑘦𑘰𑘠𑘿𑘧𑘦 𑘁𑘮𑘹.,100
data/synthetic/images/line_0100_v015.png,भाषा हे संवादाचे माध्यम आहे.,𑘥𑘰𑘬𑘰 𑘮𑘹 𑘭𑘽𑘪𑘰𑘟𑘰𑘓𑘹 𑘦𑘰𑘠𑘿𑘧𑘦 𑘁𑘮𑘹.,100
data/synthetic/images/line_0100_v016.png,भाषा हे संवादाचे माध्यम आहे.,𑘥𑘰𑘬𑘰 𑘮𑘹 𑘭𑘽𑘪𑘰𑘟𑘰𑘓𑘹 𑘦𑘰𑘠𑘿𑘧𑘦 𑘁𑘮𑘹.,100
data/synthetic/images/line_0100_v017.png,भाषा हे संवादाचे माध्यम आहे.,𑘥𑘰𑘬𑘰 𑘮𑘹 𑘭𑘽𑘪𑘰𑘟𑘰𑘓𑘹 𑘦𑘰𑘠𑘿𑘧𑘦 𑘁𑘮𑘹.,100
data/synthetic/images/line_0100_v018.png,भाषा हे संवादाचे माध्यम आहे.,𑘥𑘰𑘬𑘰 𑘮𑘹 𑘭𑘽𑘪𑘰𑘟𑘰𑘓𑘹 𑘦𑘰𑘠𑘿𑘧𑘦 𑘁𑘮𑘹.,100
data/synthetic/images/line_0100_v019.png,भाषा हे संवादाचे माध्यम आहे.,𑘥𑘰𑘬𑘰 𑘮𑘹 𑘭𑘽𑘪𑘰𑘟𑘰𑘓𑘹 𑘦𑘰𑘠𑘿𑘧𑘦 𑘁𑘮𑘹.,100
data/synthetic/images/line_0100_v020.png,भाषा हे संवादाचे माध्यम आहे.,𑘥𑘰𑘬𑘰 𑘮𑘹 𑘭𑘽𑘪𑘰𑘟𑘰𑘓𑘹 𑘦𑘰𑘠𑘿𑘧𑘦 𑘁𑘮𑘹.,100
data/synthetic/images/line_0100_v021.png,भाषा हे संवादाचे माध्यम आहे.,𑘥𑘰𑘬𑘰 𑘮𑘹 𑘭𑘽𑘪𑘰𑘟𑘰𑘓𑘹 𑘦𑘰𑘠𑘿𑘧𑘦 𑘁𑘮𑘹.,100
data/synthetic/images/line_0100_v022.png,भाषा हे संवादाचे माध्यम आहे.,𑘥𑘰𑘬𑘰 𑘮𑘹 𑘭𑘽𑘪𑘰𑘟𑘰𑘓𑘹 𑘦𑘰𑘠𑘿𑘧𑘦 𑘁𑘮𑘹.,100
data/synthetic/images/line_0100_v023.png,भाषा हे संवादाचे माध्यम आहे.,𑘥𑘰𑘬𑘰 𑘮𑘹 𑘭𑘽𑘪𑘰𑘟𑘰𑘓𑘹 𑘦𑘰𑘠𑘿𑘧𑘦 𑘁𑘮𑘹.,100
data/synthetic/images/line_0100_v024.png,भाषा हे संवादाचे माध्यम आहे.,𑘥𑘰𑘬𑘰 𑘮𑘹 𑘭𑘽𑘪𑘰𑘟𑘰𑘓𑘹 𑘦𑘰𑘠𑘿𑘧𑘦 𑘁𑘮𑘹.,100
data/synthetic/images/line_0100_v025.png,भाषा हे संवादाचे माध्यम आहे.,𑘥𑘰𑘬𑘰 𑘮𑘹 𑘭𑘽𑘪𑘰𑘟𑘰𑘓𑘹 𑘦𑘰𑘠𑘿𑘧𑘦 𑘁𑘮𑘹.,100
data/synthetic/images/line_0100_v026.png,भाषा हे संवादाचे माध्यम आहे.,𑘥𑘰𑘬𑘰 𑘮𑘹 𑘭𑘽𑘪𑘰𑘟𑘰𑘓𑘹 𑘦𑘰𑘠𑘿𑘧𑘦 𑘁𑘮𑘹.,100
data/synthetic/images/line_0100_v027.png,भाषा हे संवादाचे माध्यम आहे.,𑘥𑘰𑘬𑘰 𑘮𑘹 𑘭𑘽𑘪𑘰𑘟𑘰𑘓𑘹 𑘦𑘰𑘠𑘿𑘧𑘦 𑘁𑘮𑘹.,100
data/synthetic/images/line_0100_v028.png,भाषा हे संवादाचे माध्यम आहे.,𑘥𑘰𑘬𑘰 𑘮𑘹 𑘭𑘽𑘪𑘰𑘟𑘰𑘓𑘹 𑘦𑘰𑘠𑘿𑘧𑘦 𑘁𑘮𑘹.,100
data/synthetic/images/line_0100_v029.png,भाषा हे संवादाचे माध्यम आहे.,𑘥𑘰𑘬𑘰 𑘮𑘹 𑘭𑘽𑘪𑘰𑘟𑘰𑘓𑘹 𑘦𑘰𑘠𑘿𑘧𑘦 𑘁𑘮𑘹.,100
data/synthetic/images/line_0100_v030.png,भाषा हे संवादाचे माध्यम आहे.,𑘥𑘰𑘬𑘰 𑘮𑘹 𑘭𑘽𑘪𑘰𑘟𑘰𑘓𑘹 𑘦𑘰𑘠𑘿𑘧𑘦 𑘁𑘮𑘹.,100
data/synthetic/images/line_0100_v031.png,भाषा हे संवादाचे माध्यम आहे.,𑘥𑘰𑘬𑘰 𑘮𑘹 𑘭𑘽𑘪𑘰𑘟𑘰𑘓𑘹 𑘦𑘰𑘠𑘿𑘧𑘦 𑘁𑘮𑘹.,100
data/synthetic/images/line_0100_v032.png,भाषा हे संवादाचे माध्यम आहे.,𑘥𑘰𑘬𑘰 𑘮𑘹 𑘭𑘽𑘪𑘰𑘟𑘰𑘓𑘹 𑘦𑘰𑘠𑘿𑘧𑘦 𑘁𑘮𑘹.,100
data/synthetic/images/line_0100_v033.png,भाषा हे संवादाचे माध्यम आहे.,𑘥𑘰𑘬𑘰 𑘮𑘹 𑘭𑘽𑘪𑘰𑘟𑘰𑘓𑘹 𑘦𑘰𑘠𑘿𑘧𑘦 𑘁𑘮𑘹.,100
data/synthetic/images/line_0100_v034.png,भाषा हे संवादाचे माध्यम आहे.,𑘥𑘰𑘬𑘰 𑘮𑘹 𑘭𑘽𑘪𑘰𑘟𑘰𑘓𑘹 𑘦𑘰𑘠𑘿𑘧𑘦 𑘁𑘮𑘹.,100
data/synthetic/images/line_0100_v035.png,भाषा हे संवादाचे माध्यम आहे.,𑘥𑘰𑘬𑘰 𑘮𑘹 𑘭𑘽𑘪𑘰𑘟𑘰𑘓𑘹 𑘦𑘰𑘠𑘿𑘧𑘦 𑘁𑘮𑘹.,100
data/synthetic/images/line_0100_v036.png,भाषा हे संवादाचे माध्यम आहे.,𑘥𑘰𑘬𑘰 𑘮𑘹 𑘭𑘽𑘪𑘰𑘟𑘰𑘓𑘹 𑘦𑘰𑘠𑘿𑘧𑘦 𑘁𑘮𑘹.,100
data/synthetic/images/line_0100_v037.png,भाषा हे संवादाचे माध्यम आहे.,𑘥𑘰𑘬𑘰 𑘮𑘹 𑘭𑘽𑘪𑘰𑘟𑘰𑘓𑘹 𑘦𑘰𑘠𑘿𑘧𑘦 𑘁𑘮𑘹.,100
data/synthetic/images/line_0100_v038.png,भाषा हे संवादाचे माध्यम आहे.,𑘥𑘰𑘬𑘰 𑘮𑘹 𑘭𑘽𑘪𑘰𑘟𑘰𑘓𑘹 𑘦𑘰𑘠𑘿𑘧𑘦 𑘁𑘮𑘹.,100
data/synthetic/images/line_0100_v039.png,भाषा हे संवादाचे माध्यम आहे.,𑘥𑘰𑘬𑘰 𑘮𑘹 𑘭𑘽𑘪𑘰𑘟𑘰𑘓𑘹 𑘦𑘰𑘠𑘿𑘧𑘦 𑘁𑘮𑘹.,100
data/synthetic/images/line_0101_v000.png,मराठी ही महाराष्ट्राची राजभाषा आहे.,𑘦𑘨𑘰𑘙𑘲 𑘮𑘲 𑘦𑘮𑘰𑘨𑘰𑘬𑘿𑘘𑘿𑘨𑘰𑘓𑘲 𑘨𑘰𑘕𑘥𑘰𑘬𑘰 𑘁𑘮𑘹.,101
data/synthetic/images/line_0101_v001.png,मराठी ही महाराष्ट्राची राजभाषा आहे.,𑘦𑘨𑘰𑘙𑘲 𑘮𑘲 𑘦𑘮𑘰𑘨𑘰𑘬𑘿𑘘𑘿𑘨𑘰𑘓𑘲 𑘨𑘰𑘕𑘥𑘰𑘬𑘰 𑘁𑘮𑘹.,101
data/synthetic/images/line_0101_v002.png,मराठी ही महाराष्ट्राची राजभाषा आहे.,𑘦𑘨𑘰𑘙𑘲 𑘮𑘲 𑘦𑘮𑘰𑘨𑘰𑘬𑘿𑘘𑘿𑘨𑘰𑘓𑘲 𑘨𑘰𑘕𑘥𑘰𑘬𑘰 𑘁𑘮𑘹.,101
data/synthetic/images/line_0101_v003.png,मराठी ही महाराष्ट्राची राजभाषा आहे.,𑘦𑘨𑘰𑘙𑘲 𑘮𑘲 𑘦𑘮𑘰𑘨𑘰𑘬𑘿𑘘𑘿𑘨𑘰𑘓𑘲 𑘨𑘰𑘕𑘥𑘰𑘬𑘰 𑘁𑘮𑘹.,101
data/synthetic/images/line_0101_v004.png,मराठी ही महाराष्ट्राची राजभाषा आहे.,𑘦𑘨𑘰𑘙𑘲 𑘮𑘲 𑘦𑘮𑘰𑘨𑘰𑘬𑘿𑘘𑘿𑘨𑘰𑘓𑘲 𑘨𑘰𑘕𑘥𑘰𑘬𑘰 𑘁𑘮𑘹.,101
data/synthetic/images/line_0101_v005.png,मराठी ही महाराष्ट्राची राजभाषा आहे.,𑘦𑘨𑘰𑘙𑘲 𑘮𑘲 𑘦𑘮𑘰𑘨𑘰𑘬𑘿𑘘𑘿𑘨𑘰𑘓𑘲 𑘨𑘰𑘕𑘥𑘰𑘬𑘰 𑘁𑘮𑘹.,101
data/synthetic/images/line_0101_v006.png,मराठी ही महाराष्ट्राची राजभाषा आहे.,𑘦𑘨𑘰𑘙𑘲 𑘮𑘲 𑘦𑘮𑘰𑘨𑘰𑘬𑘿𑘘𑘿𑘨𑘰𑘓𑘲 𑘨𑘰𑘕𑘥𑘰𑘬𑘰 𑘁𑘮𑘹.,101
data/synthetic/images/line_0101_v007.png,मराठी ही महाराष्ट्राची राजभाषा आहे.,𑘦𑘨𑘰𑘙𑘲 𑘮𑘲 𑘦𑘮𑘰𑘨𑘰𑘬𑘿𑘘𑘿𑘨𑘰𑘓𑘲 𑘨𑘰𑘕𑘥𑘰𑘬𑘰 𑘁𑘮𑘹.,101
data/synthetic/images/line_0101_v008.png,मराठी ही महाराष्ट्राची राजभाषा आहे.,𑘦𑘨𑘰𑘙𑘲 𑘮𑘲 𑘦𑘮𑘰𑘨𑘰𑘬𑘿𑘘𑘿𑘨𑘰𑘓𑘲 𑘨𑘰𑘕𑘥𑘰𑘬𑘰 𑘁𑘮𑘹.,101
data/synthetic/images/line_0101_v009.png,मराठी ही महाराष्ट्राची राजभाषा आहे.,𑘦𑘨𑘰𑘙𑘲 𑘮𑘲 𑘦𑘮𑘰𑘨𑘰𑘬𑘿𑘘𑘿𑘨𑘰𑘓𑘲 𑘨𑘰𑘕𑘥𑘰𑘬𑘰 𑘁𑘮𑘹.,101
data/synthetic/images/line_0101_v010.png,मराठी ही महाराष्ट्राची राजभाषा आहे.,𑘦𑘨𑘰𑘙𑘲 𑘮𑘲 𑘦𑘮𑘰𑘨𑘰𑘬𑘿𑘘𑘿𑘨𑘰𑘓𑘲 𑘨𑘰𑘕𑘥𑘰𑘬𑘰 𑘁𑘮𑘹.,101
data/synthetic/images/line_0101_v011.png,मराठी ही महाराष्ट्राची राजभाषा आहे.,𑘦𑘨𑘰𑘙𑘲 𑘮𑘲 𑘦𑘮𑘰𑘨𑘰𑘬𑘿𑘘𑘿𑘨𑘰𑘓𑘲 𑘨𑘰𑘕𑘥𑘰𑘬𑘰 𑘁𑘮𑘹.,101
data/synthetic/images/line_0101_v012.png,मराठी ही महाराष्ट्राची राजभाषा आहे.,𑘦𑘨𑘰𑘙𑘲 𑘮𑘲 𑘦𑘮𑘰𑘨𑘰𑘬𑘿𑘘𑘿𑘨𑘰𑘓𑘲 𑘨𑘰𑘕𑘥𑘰𑘬𑘰 𑘁𑘮𑘹.,101
data/synthetic/images/line_0101_v013.png,मराठी ही महाराष्ट्राची राजभाषा आहे.,𑘦𑘨𑘰𑘙𑘲 𑘮𑘲 𑘦𑘮𑘰𑘨𑘰𑘬𑘿𑘘𑘿𑘨𑘰𑘓𑘲 𑘨𑘰𑘕𑘥𑘰𑘬𑘰 𑘁𑘮𑘹.,101
data/synthetic/images/line_0101_v014.png,मराठी ही महाराष्ट्राची राजभाषा आहे.,𑘦𑘨𑘰𑘙𑘲 𑘮𑘲 𑘦𑘮𑘰𑘨𑘰𑘬𑘿𑘘𑘿𑘨𑘰𑘓𑘲 𑘨𑘰𑘕𑘥𑘰𑘬𑘰 𑘁𑘮𑘹.,101
data/synthetic/images/line_0101_v015.png,मराठी ही महाराष्ट्राची राजभाषा आहे.,𑘦𑘨𑘰𑘙𑘲 𑘮𑘲 𑘦𑘮𑘰𑘨𑘰𑘬𑘿𑘘𑘿𑘨𑘰𑘓𑘲 𑘨𑘰𑘕𑘥𑘰𑘬𑘰 𑘁𑘮𑘹.,101
data/synthetic/images/line_0101_v016.png,मराठी ही महाराष्ट्राची राजभाषा आहे.,𑘦𑘨𑘰𑘙𑘲 𑘮𑘲 𑘦𑘮𑘰𑘨𑘰𑘬𑘿𑘘𑘿𑘨𑘰𑘓𑘲 𑘨𑘰𑘕𑘥𑘰𑘬𑘰 𑘁𑘮𑘹.,101
data/synthetic/images/line_0101_v017.png,मराठी ही महाराष्ट्राची राजभाषा आहे.,𑘦𑘨𑘰𑘙𑘲 𑘮𑘲 𑘦𑘮𑘰𑘨𑘰𑘬𑘿𑘘𑘿𑘨𑘰𑘓𑘲 𑘨𑘰𑘕𑘥𑘰𑘬𑘰 𑘁𑘮𑘹.,101
data/synthetic/images/line_0101_v018.png,मराठी ही महाराष्ट्राची राजभाषा आहे.,𑘦𑘨𑘰𑘙𑘲 𑘮𑘲 𑘦𑘮𑘰𑘨𑘰𑘬𑘿𑘘𑘿𑘨𑘰𑘓𑘲 𑘨𑘰𑘕𑘥𑘰𑘬𑘰 𑘁𑘮𑘹.,101
data/synthetic/images/line_0101_v019.png,मराठी ही महाराष्ट्राची राजभाषा आहे.,𑘦𑘨𑘰𑘙𑘲 𑘮𑘲 𑘦𑘮𑘰𑘨𑘰𑘬𑘿𑘘𑘿𑘨𑘰𑘓𑘲 𑘨𑘰𑘕𑘥𑘰𑘬𑘰 𑘁𑘮𑘹.,101
data/synthetic/images/line_0101_v020.png,मराठी ही महाराष्ट्राची राजभाषा आहे.,𑘦𑘨𑘰𑘙𑘲 𑘮𑘲 𑘦𑘮𑘰𑘨𑘰𑘬𑘿𑘘𑘿𑘨𑘰𑘓𑘲 𑘨𑘰𑘕𑘥𑘰𑘬𑘰 𑘁𑘮𑘹.,101
data/synthetic/images/line_0101_v021.png,मराठी ही महाराष्ट्राची राजभाषा आहे.,𑘦𑘨𑘰𑘙𑘲 𑘮𑘲 𑘦𑘮𑘰𑘨𑘰𑘬𑘿𑘘𑘿𑘨𑘰𑘓𑘲 𑘨𑘰𑘕𑘥𑘰𑘬𑘰 𑘁𑘮𑘹.,101
data/synthetic/images/line_0101_v022.png,मराठी ही महाराष्ट्राची राजभाषा आहे.,𑘦𑘨𑘰𑘙𑘲 𑘮𑘲 𑘦𑘮𑘰𑘨𑘰𑘬𑘿𑘘𑘿𑘨𑘰𑘓𑘲 𑘨𑘰𑘕𑘥𑘰𑘬𑘰 𑘁𑘮𑘹.,101
data/synthetic/images/line_0101_v023.png,मराठी ही महाराष्ट्राची राजभाषा आहे.,𑘦𑘨𑘰𑘙𑘲 𑘮𑘲 𑘦𑘮𑘰𑘨𑘰𑘬𑘿𑘘𑘿𑘨𑘰𑘓𑘲 𑘨𑘰𑘕𑘥𑘰𑘬𑘰 𑘁𑘮𑘹.,101
data/synthetic/images/line_0101_v024.png,मराठी ही महाराष्ट्राची राजभाषा आहे.,𑘦𑘨𑘰𑘙𑘲 𑘮𑘲 𑘦𑘮𑘰𑘨𑘰𑘬𑘿𑘘𑘿𑘨𑘰𑘓𑘲 𑘨𑘰𑘕𑘥𑘰𑘬𑘰 𑘁𑘮𑘹.,101
data/synthetic/images/line_0101_v025.png,मराठी ही महाराष्ट्राची राजभाषा आहे.,𑘦𑘨𑘰𑘙𑘲 𑘮𑘲 𑘦𑘮𑘰𑘨𑘰𑘬𑘿𑘘𑘿𑘨𑘰𑘓𑘲 𑘨𑘰𑘕𑘥𑘰𑘬𑘰 𑘁𑘮𑘹.,101
data/synthetic/images/line_0101_v026.png,मराठी ही महाराष्ट्राची राजभाषा आहे.,𑘦𑘨𑘰𑘙𑘲 𑘮𑘲 𑘦𑘮𑘰𑘨𑘰𑘬𑘿𑘘𑘿𑘨𑘰𑘓𑘲 𑘨𑘰𑘕𑘥𑘰𑘬𑘰 𑘁𑘮𑘹.,101
data/synthetic/images/line_0101_v027.png,मराठी ही महाराष्ट्राची राजभाषा आहे.,𑘦𑘨𑘰𑘙𑘲 𑘮𑘲 𑘦𑘮𑘰𑘨𑘰𑘬𑘿𑘘𑘿𑘨𑘰𑘓𑘲 𑘨𑘰𑘕𑘥𑘰𑘬𑘰 𑘁𑘮𑘹.,101
data/synthetic/images/line_0101_v028.png,मराठी ही महाराष्ट्राची राजभाषा आहे.,𑘦𑘨𑘰𑘙𑘲 𑘮𑘲 𑘦𑘮𑘰𑘨𑘰𑘬𑘿𑘘𑘿𑘨𑘰𑘓𑘲 𑘨𑘰𑘕𑘥𑘰𑘬𑘰 𑘁𑘮𑘹.,101
data/synthetic/images/line_0101_v029.png,मराठी ही महाराष्ट्राची राजभाषा आहे.,𑘦𑘨𑘰𑘙𑘲 𑘮𑘲 𑘦𑘮𑘰𑘨𑘰𑘬𑘿𑘘𑘿𑘨𑘰𑘓𑘲 𑘨𑘰𑘕𑘥𑘰𑘬𑘰 𑘁𑘮𑘹.,101
data/synthetic/images/line_0101_v030.png,मराठी ही महाराष्ट्राची राजभाषा आहे.,𑘦𑘨𑘰𑘙𑘲 𑘮𑘲 𑘦𑘮𑘰𑘨𑘰𑘬𑘿𑘘𑘿𑘨𑘰𑘓𑘲 𑘨𑘰𑘕𑘥𑘰𑘬𑘰 𑘁𑘮𑘹.,101
data/synthetic/images/line_0101_v031.png,मराठी ही महाराष्ट्राची राजभाषा आहे.,𑘦𑘨𑘰𑘙𑘲 𑘮𑘲 𑘦𑘮𑘰𑘨𑘰𑘬𑘿𑘘𑘿𑘨𑘰𑘓𑘲 𑘨𑘰𑘕𑘥𑘰𑘬𑘰 𑘁𑘮𑘹.,101
data/synthetic/images/line_0101_v032.png,मराठी ही महाराष्ट्राची राजभाषा आहे.,𑘦𑘨𑘰𑘙𑘲 𑘮𑘲 𑘦𑘮𑘰𑘨𑘰𑘬𑘿𑘘𑘿𑘨𑘰𑘓𑘲 𑘨𑘰𑘕𑘥𑘰𑘬𑘰 𑘁𑘮𑘹.,101
data/synthetic/images/line_0101_v033.png,मराठी ही महाराष्ट्राची राजभाषा आहे.,𑘦𑘨𑘰𑘙𑘲 𑘮𑘲 𑘦𑘮𑘰𑘨𑘰𑘬𑘿𑘘𑘿𑘨𑘰𑘓𑘲 𑘨𑘰𑘕𑘥𑘰𑘬𑘰 𑘁𑘮𑘹.,101
data/synthetic/images/line_0101_v034.png,मराठी ही महाराष्ट्राची राजभाषा आहे.,𑘦𑘨𑘰𑘙𑘲 𑘮𑘲 𑘦𑘮𑘰𑘨𑘰𑘬𑘿𑘘𑘿𑘨𑘰𑘓𑘲 𑘨𑘰𑘕𑘥𑘰𑘬𑘰 𑘁𑘮𑘹.,101
data/synthetic/images/line_0101_v035.png,मराठी ही महाराष्ट्राची राजभाषा आहे.,𑘦𑘨𑘰𑘙𑘲 𑘮𑘲 𑘦𑘮𑘰𑘨𑘰𑘬𑘿𑘘𑘿𑘨𑘰𑘓𑘲 𑘨𑘰𑘕𑘥𑘰𑘬𑘰 𑘁𑘮𑘹.,101
data/synthetic/images/line_0101_v036.png,मराठी ही महाराष्ट्राची राजभाषा आहे.,𑘦𑘨𑘰𑘙𑘲 𑘮𑘲 𑘦𑘮𑘰𑘨𑘰𑘬𑘿𑘘𑘿𑘨𑘰𑘓𑘲 𑘨𑘰𑘕𑘥𑘰𑘬𑘰 𑘁𑘮𑘹.,101
data/synthetic/images/line_0101_v037.png,मराठी ही महाराष्ट्राची राजभाषा आहे.,𑘦𑘨𑘰𑘙𑘲 𑘮𑘲 𑘦𑘮𑘰𑘨𑘰𑘬𑘿𑘘𑘿𑘨𑘰𑘓𑘲 𑘨𑘰𑘕𑘥𑘰𑘬𑘰 𑘁𑘮𑘹.,101
data/synthetic/images/line_0101_v038.png,मराठी ही महाराष्ट्राची राजभाषा आहे.,𑘦𑘨𑘰𑘙𑘲 𑘮𑘲 𑘦𑘮𑘰𑘨𑘰𑘬𑘿𑘘𑘿𑘨𑘰𑘓𑘲 𑘨𑘰𑘕𑘥𑘰𑘬𑘰 𑘁𑘮𑘹.,101
data/synthetic/images/line_0101_v039.png,मराठी ही महाराष्ट्राची राजभाषा आहे.,𑘦𑘨𑘰𑘙𑘲 𑘮𑘲 𑘦𑘮𑘰𑘨𑘰𑘬𑘿𑘘𑘿𑘨𑘰𑘓𑘲 𑘨𑘰𑘕𑘥𑘰𑘬𑘰 𑘁𑘮𑘹.,101
data/synthetic/images/line_0102_v000.png,संस्कृती जपणे ही आपली जबाबदारी आहे.,𑘭𑘽𑘭𑘿𑘎𑘵𑘝𑘲 𑘕𑘢𑘜𑘹 𑘮𑘲 𑘁𑘢𑘩𑘲 𑘕𑘤𑘰𑘤𑘟𑘰𑘨𑘲 𑘁𑘮𑘹.,102
data/synthetic/images/line_0102_v001.png,संस्कृती जपणे ही आपली जबाबदारी आहे.,𑘭𑘽𑘭𑘿𑘎𑘵𑘝𑘲 𑘕𑘢𑘜𑘹 𑘮𑘲 𑘁𑘢𑘩𑘲 𑘕𑘤𑘰𑘤𑘟𑘰𑘨𑘲 𑘁𑘮𑘹.,102
data/synthetic/images/line_0102_v002.png,संस्कृती जपणे ही आपली जबाबदारी आहे.,𑘭𑘽𑘭𑘿𑘎𑘵𑘝𑘲 𑘕𑘢𑘜𑘹 𑘮𑘲 𑘁𑘢𑘩𑘲 𑘕𑘤𑘰𑘤𑘟𑘰𑘨𑘲 𑘁𑘮𑘹.,102
data/synthetic/images/line_0102_v003.png,संस्कृती जपणे ही आपली जबाबदारी आहे.,𑘭𑘽𑘭𑘿𑘎𑘵𑘝𑘲 𑘕𑘢𑘜𑘹 𑘮𑘲 𑘁𑘢𑘩𑘲 𑘕𑘤𑘰𑘤𑘟𑘰𑘨𑘲 𑘁𑘮𑘹.,102
data/synthetic/images/line_0102_v004.png,संस्कृती जपणे ही आपली जबाबदारी आहे.,𑘭𑘽𑘭𑘿𑘎𑘵𑘝𑘲 𑘕𑘢𑘜𑘹 𑘮𑘲 𑘁𑘢𑘩𑘲 𑘕𑘤𑘰𑘤𑘟𑘰𑘨𑘲 𑘁𑘮𑘹.,102
data/synthetic/images/line_0102_v005.png,संस्कृती जपणे ही आपली जबाबदारी आहे.,𑘭𑘽𑘭𑘿𑘎𑘵𑘝𑘲 𑘕𑘢𑘜𑘹 𑘮𑘲 𑘁𑘢𑘩𑘲 𑘕𑘤𑘰𑘤𑘟𑘰𑘨𑘲 𑘁𑘮𑘹.,102
data/synthetic/images/line_0102_v006.png,संस्कृती जपणे ही आपली जबाबदारी आहे.,𑘭𑘽𑘭𑘿𑘎𑘵𑘝𑘲 𑘕𑘢𑘜𑘹 𑘮𑘲 𑘁𑘢𑘩𑘲 𑘕𑘤𑘰𑘤𑘟𑘰𑘨𑘲 𑘁𑘮𑘹.,102
data/synthetic/images/line_0102_v007.png,संस्कृती जपणे ही आपली जबाबदारी आहे.,𑘭𑘽𑘭𑘿𑘎𑘵𑘝𑘲 𑘕𑘢𑘜𑘹 𑘮𑘲 𑘁𑘢𑘩𑘲 𑘕𑘤𑘰𑘤𑘟𑘰𑘨𑘲 𑘁𑘮𑘹.,102
data/synthetic/images/line_0102_v008.png,संस्कृती जपणे ही आपली जबाबदारी आहे.,𑘭𑘽𑘭𑘿𑘎𑘵𑘝𑘲 𑘕𑘢𑘜𑘹 𑘮𑘲 𑘁𑘢𑘩𑘲 𑘕𑘤𑘰𑘤𑘟𑘰𑘨𑘲 𑘁𑘮𑘹.,102
data/synthetic/images/line_0102_v009.png,संस्कृती जपणे ही आपली जबाबदारी आहे.,𑘭𑘽𑘭𑘿𑘎𑘵𑘝𑘲 𑘕𑘢𑘜𑘹 𑘮𑘲 𑘁𑘢𑘩𑘲 𑘕𑘤𑘰𑘤𑘟𑘰𑘨𑘲 𑘁𑘮𑘹.,102
data/synthetic/images/line_0102_v010.png,संस्कृती जपणे ही आपली जबाबदारी आहे.,𑘭𑘽𑘭𑘿𑘎𑘵𑘝𑘲 𑘕𑘢𑘜𑘹 𑘮𑘲 𑘁𑘢𑘩𑘲 𑘕𑘤𑘰𑘤𑘟𑘰𑘨𑘲 𑘁𑘮𑘹.,102
data/synthetic/images/line_0102_v011.png,संस्कृती जपणे ही आपली जबाबदारी आहे.,𑘭𑘽𑘭𑘿𑘎𑘵𑘝𑘲 𑘕𑘢𑘜𑘹 𑘮𑘲 𑘁𑘢𑘩𑘲 𑘕𑘤𑘰𑘤𑘟𑘰𑘨𑘲 𑘁𑘮𑘹.,102
data/synthetic/images/line_0102_v012.png,संस्कृती जपणे ही आपली जबाबदारी आहे.,𑘭𑘽𑘭𑘿𑘎𑘵𑘝𑘲 𑘕𑘢𑘜𑘹 𑘮𑘲 𑘁𑘢𑘩𑘲 𑘕𑘤𑘰𑘤𑘟𑘰𑘨𑘲 𑘁𑘮𑘹.,102
data/synthetic/images/line_0102_v013.png,संस्कृती जपणे ही आपली जबाबदारी आहे.,𑘭𑘽𑘭𑘿𑘎𑘵𑘝𑘲 𑘕𑘢𑘜𑘹 𑘮𑘲 𑘁𑘢𑘩𑘲 𑘕𑘤𑘰𑘤𑘟𑘰𑘨𑘲 𑘁𑘮𑘹.,102
data/synthetic/images/line_0102_v014.png,संस्कृती जपणे ही आपली जबाबदारी आहे.,𑘭𑘽𑘭𑘿𑘎𑘵𑘝𑘲 𑘕𑘢𑘜𑘹 𑘮𑘲 𑘁𑘢𑘩𑘲 𑘕𑘤𑘰𑘤𑘟𑘰𑘨𑘲 𑘁𑘮𑘹.,102
data/synthetic/images/line_0102_v015.png,संस्कृती जपणे ही आपली जबाबदारी आहे.,𑘭𑘽𑘭𑘿𑘎𑘵𑘝𑘲 𑘕𑘢𑘜𑘹 𑘮𑘲 𑘁𑘢𑘩𑘲 𑘕𑘤𑘰𑘤𑘟𑘰𑘨𑘲 𑘁𑘮𑘹.,102
data/synthetic/images/line_0102_v016.png,संस्कृती जपणे ही आपली जबाबदारी आहे.,𑘭𑘽𑘭𑘿𑘎𑘵𑘝𑘲 𑘕𑘢𑘜𑘹 𑘮𑘲 𑘁𑘢𑘩𑘲 𑘕𑘤𑘰𑘤𑘟𑘰𑘨𑘲 𑘁𑘮𑘹.,102
data/synthetic/images/line_0102_v017.png,संस्कृती जपणे ही आपली जबाबदारी आहे.,𑘭𑘽𑘭𑘿𑘎𑘵𑘝𑘲 𑘕𑘢𑘜𑘹 𑘮𑘲 𑘁𑘢𑘩𑘲 𑘕𑘤𑘰𑘤𑘟𑘰𑘨𑘲 𑘁𑘮𑘹.,102
data/synthetic/images/line_0102_v018.png,संस्कृती जपणे ही आपली जबाबदारी आहे.,𑘭𑘽𑘭𑘿𑘎𑘵𑘝𑘲 𑘕𑘢𑘜𑘹 𑘮𑘲 𑘁𑘢𑘩𑘲 𑘕𑘤𑘰𑘤𑘟𑘰𑘨𑘲 𑘁𑘮𑘹.,102
data/synthetic/images/line_0102_v019.png,संस्कृती जपणे ही आपली जबाबदारी आहे.,𑘭𑘽𑘭𑘿𑘎𑘵𑘝𑘲 𑘕𑘢𑘜𑘹 𑘮𑘲 𑘁𑘢𑘩𑘲 𑘕𑘤𑘰𑘤𑘟𑘰𑘨𑘲 𑘁𑘮𑘹.,102
data/synthetic/images/line_0102_v020.png,संस्कृती जपणे ही आपली जबाबदारी आहे.,𑘭𑘽𑘭𑘿𑘎𑘵𑘝𑘲 𑘕𑘢𑘜𑘹 𑘮𑘲 𑘁𑘢𑘩𑘲 𑘕𑘤𑘰𑘤𑘟𑘰𑘨𑘲 𑘁𑘮𑘹.,102
data/synthetic/images/line_0102_v021.png,संस्कृती जपणे ही आपली जबाबदारी आहे.,𑘭𑘽𑘭𑘿𑘎𑘵𑘝𑘲 𑘕𑘢𑘜𑘹 𑘮𑘲 𑘁𑘢𑘩𑘲 𑘕𑘤𑘰𑘤𑘟𑘰𑘨𑘲 𑘁𑘮𑘹.,102
data/synthetic/images/line_0102_v022.png,संस्कृती जपणे ही आपली जबाबदारी आहे.,𑘭𑘽𑘭𑘿𑘎𑘵𑘝𑘲 𑘕𑘢𑘜𑘹 𑘮𑘲 𑘁𑘢𑘩𑘲 𑘕𑘤𑘰𑘤𑘟𑘰𑘨𑘲 𑘁𑘮𑘹.,102
data/synthetic/images/line_0102_v023.png,संस्कृती जपणे ही आपली जबाबदारी आहे.,𑘭𑘽𑘭𑘿𑘎𑘵𑘝𑘲 𑘕𑘢𑘜𑘹 𑘮𑘲 𑘁𑘢𑘩𑘲 𑘕𑘤𑘰𑘤𑘟𑘰𑘨𑘲 𑘁𑘮𑘹.,102
data/synthetic/images/line_0102_v024.png,संस्कृती जपणे ही आपली जबाबदारी आहे.,𑘭𑘽𑘭𑘿𑘎𑘵𑘝𑘲 𑘕𑘢𑘜𑘹 𑘮𑘲 𑘁𑘢𑘩𑘲 𑘕𑘤𑘰𑘤𑘟𑘰𑘨𑘲 𑘁𑘮𑘹.,102
data/synthetic/images/line_0102_v025.png,संस्कृती जपणे ही आपली जबाबदारी आहे.,𑘭𑘽𑘭𑘿𑘎𑘵𑘝𑘲 𑘕𑘢𑘜𑘹 𑘮𑘲 𑘁𑘢𑘩𑘲 𑘕𑘤𑘰𑘤𑘟𑘰𑘨𑘲 𑘁𑘮𑘹.,102
data/synthetic/images/line_0102_v026.png,संस्कृती जपणे ही आपली जबाबदारी आहे.,𑘭𑘽𑘭𑘿𑘎𑘵𑘝𑘲 𑘕𑘢𑘜𑘹 𑘮𑘲 𑘁𑘢𑘩𑘲 𑘕𑘤𑘰𑘤𑘟𑘰𑘨𑘲 𑘁𑘮𑘹.,102
data/synthetic/images/line_0102_v027.png,संस्कृती जपणे ही आपली जबाबदारी आहे.,𑘭𑘽𑘭𑘿𑘎𑘵𑘝𑘲 𑘕𑘢𑘜𑘹 𑘮𑘲 𑘁𑘢𑘩𑘲 𑘕𑘤𑘰𑘤𑘟𑘰𑘨𑘲 𑘁𑘮𑘹.,102
data/synthetic/images/line_0102_v028.png,संस्कृती जपणे ही आपली जबाबदारी आहे.,𑘭𑘽𑘭𑘿𑘎𑘵𑘝𑘲 𑘕𑘢𑘜𑘹 𑘮𑘲 𑘁𑘢𑘩𑘲 𑘕𑘤𑘰𑘤𑘟𑘰𑘨𑘲 𑘁𑘮𑘹.,102
data/synthetic/images/line_0102_v029.png,संस्कृती जपणे ही आपली जबाबदारी आहे.,𑘭𑘽𑘭𑘿𑘎𑘵𑘝𑘲 𑘕𑘢𑘜𑘹 𑘮𑘲 𑘁𑘢𑘩𑘲 𑘕𑘤𑘰𑘤𑘟𑘰𑘨𑘲 𑘁𑘮𑘹.,102
data/synthetic/images/line_0102_v030.png,संस्कृती जपणे ही आपली जबाबदारी आहे.,𑘭𑘽𑘭𑘿𑘎𑘵𑘝𑘲 𑘕𑘢𑘜𑘹 𑘮𑘲 𑘁𑘢𑘩𑘲 𑘕𑘤𑘰𑘤𑘟𑘰𑘨𑘲 𑘁𑘮𑘹.,102
data/synthetic/images/line_0102_v031.png,संस्कृती जपणे ही आपली जबाबदारी आहे.,𑘭𑘽𑘭𑘿𑘎𑘵𑘝𑘲 𑘕𑘢𑘜𑘹 𑘮𑘲 𑘁𑘢𑘩𑘲 𑘕𑘤𑘰𑘤𑘟𑘰𑘨𑘲 𑘁𑘮𑘹.,102
data/synthetic/images/line_0102_v032.png,संस्कृती जपणे ही आपली जबाबदारी आहे.,𑘭𑘽𑘭𑘿𑘎𑘵𑘝𑘲 𑘕𑘢𑘜𑘹 𑘮𑘲 𑘁𑘢𑘩𑘲 𑘕𑘤𑘰𑘤𑘟𑘰𑘨𑘲 𑘁𑘮𑘹.,102
data/synthetic/images/line_0102_v033.png,संस्कृती जपणे ही आपली जबाबदारी आहे.,𑘭𑘽𑘭𑘿𑘎𑘵𑘝𑘲 𑘕𑘢𑘜𑘹 𑘮𑘲 𑘁𑘢𑘩𑘲 𑘕𑘤𑘰𑘤𑘟𑘰𑘨𑘲 𑘁𑘮𑘹.,102
data/synthetic/images/line_0102_v034.png,संस्कृती जपणे ही आपली जबाबदारी आहे.,𑘭𑘽𑘭𑘿𑘎𑘵𑘝𑘲 𑘕𑘢𑘜𑘹 𑘮𑘲 𑘁𑘢𑘩𑘲 𑘕𑘤𑘰𑘤𑘟𑘰𑘨𑘲 𑘁𑘮𑘹.,102
data/synthetic/images/line_0102_v035.png,संस्कृती जपणे ही आपली जबाबदारी आहे.,𑘭𑘽𑘭𑘿𑘎𑘵𑘝𑘲 𑘕𑘢𑘜𑘹 𑘮𑘲 𑘁𑘢𑘩𑘲 𑘕𑘤𑘰𑘤𑘟𑘰𑘨𑘲 𑘁𑘮𑘹.,102
data/synthetic/images/line_0102_v036.png,संस्कृती जपणे ही आपली जबाबदारी आहे.,𑘭𑘽𑘭𑘿𑘎𑘵𑘝𑘲 𑘕𑘢𑘜𑘹 𑘮𑘲 𑘁𑘢𑘩𑘲 𑘕𑘤𑘰𑘤𑘟𑘰𑘨𑘲 𑘁𑘮𑘹.,102
data/synthetic/images/line_0102_v037.png,संस्कृती जपणे ही आपली जबाबदारी आहे.,𑘭𑘽𑘭𑘿𑘎𑘵𑘝𑘲 𑘕𑘢𑘜𑘹 𑘮𑘲 𑘁𑘢𑘩𑘲 𑘕𑘤𑘰𑘤𑘟𑘰𑘨𑘲 𑘁𑘮𑘹.,102
data/synthetic/images/line_0102_v038.png,संस्कृती जपणे ही आपली जबाबदारी आहे.,𑘭𑘽𑘭𑘿𑘎𑘵𑘝𑘲 𑘕𑘢𑘜𑘹 𑘮𑘲 𑘁𑘢𑘩𑘲 𑘕𑘤𑘰𑘤𑘟𑘰𑘨𑘲 𑘁𑘮𑘹.,102
data/synthetic/images/line_0102_v039.png,संस्कृती जपणे ही आपली जबाबदारी आहे.,𑘭𑘽𑘭𑘿𑘎𑘵𑘝𑘲 𑘕𑘢𑘜𑘹 𑘮𑘲 𑘁𑘢𑘩𑘲 𑘕𑘤𑘰𑘤𑘟𑘰𑘨𑘲 𑘁𑘮𑘹.,102
data/synthetic/images/line_0103_v000.png,परंपरा आणि आधुनिकता यांचा समतोल असावा.,𑘢𑘨𑘽𑘢𑘨𑘰 𑘁𑘜𑘱 𑘁𑘠𑘳𑘡𑘱𑘎𑘝𑘰 𑘧𑘰𑘽𑘓𑘰 𑘭𑘦𑘝𑘻𑘩 𑘀𑘭𑘰𑘪𑘰.,103
data/synthetic/images/line_0103_v001.png,परंपरा आणि आधुनिकता यांचा समतोल असावा.,𑘢𑘨𑘽𑘢𑘨𑘰 𑘁𑘜𑘱 𑘁𑘠𑘳𑘡𑘱𑘎𑘝𑘰 𑘧𑘰𑘽𑘓𑘰 𑘭𑘦𑘝𑘻𑘩 𑘀𑘭𑘰𑘪𑘰.,103
data/synthetic/images/line_0103_v002.png,परंपरा आणि आधुनिकता यांचा समतोल असावा.,𑘢𑘨𑘽𑘢𑘨𑘰 𑘁𑘜𑘱 𑘁𑘠𑘳𑘡𑘱𑘎𑘝𑘰 𑘧𑘰𑘽𑘓𑘰 𑘭𑘦𑘝𑘻𑘩 𑘀𑘭𑘰𑘪𑘰.,103
data/synthetic/images/line_0103_v003.png,परंपरा आणि आधुनिकता यांचा समतोल असावा.,𑘢𑘨𑘽𑘢𑘨𑘰 𑘁𑘜𑘱 𑘁𑘠𑘳𑘡𑘱𑘎𑘝𑘰 𑘧𑘰𑘽𑘓𑘰 𑘭𑘦𑘝𑘻𑘩 𑘀𑘭𑘰𑘪𑘰.,103
data/synthetic/images/line_0103_v004.png,परंपरा आणि आधुनिकता यांचा समतोल असावा.,𑘢𑘨𑘽𑘢𑘨𑘰 𑘁𑘜𑘱 𑘁𑘠𑘳𑘡𑘱𑘎𑘝𑘰 𑘧𑘰𑘽𑘓𑘰 𑘭𑘦𑘝𑘻𑘩 𑘀𑘭𑘰𑘪𑘰.,103
data/synthetic/images/line_0103_v005.png,परंपरा आणि आधुनिकता यांचा समतोल असावा.,𑘢𑘨𑘽𑘢𑘨𑘰 𑘁𑘜𑘱 𑘁𑘠𑘳𑘡𑘱𑘎𑘝𑘰 𑘧𑘰𑘽𑘓𑘰 𑘭𑘦𑘝𑘻𑘩 𑘀𑘭𑘰𑘪𑘰.,103
data/synthetic/images/line_0103_v006.png,परंपरा आणि आधुनिकता यांचा समतोल असावा.,𑘢𑘨𑘽𑘢𑘨𑘰 𑘁𑘜𑘱 𑘁𑘠𑘳𑘡𑘱𑘎𑘝𑘰 𑘧𑘰𑘽𑘓𑘰 𑘭𑘦𑘝𑘻𑘩 𑘀𑘭𑘰𑘪𑘰.,103
data/synthetic/images/line_0103_v007.png,परंपरा आणि आधुनिकता यांचा समतोल असावा.,𑘢𑘨𑘽𑘢𑘨𑘰 𑘁𑘜𑘱 𑘁𑘠𑘳𑘡𑘱𑘎𑘝𑘰 𑘧𑘰𑘽𑘓𑘰 𑘭𑘦𑘝𑘻𑘩 𑘀𑘭𑘰𑘪𑘰.,103
data/synthetic/images/line_0103_v008.png,परंपरा आणि आधुनिकता यांचा समतोल असावा.,𑘢𑘨𑘽𑘢𑘨𑘰 𑘁𑘜𑘱 𑘁𑘠𑘳𑘡𑘱𑘎𑘝𑘰 𑘧𑘰𑘽𑘓𑘰 𑘭𑘦𑘝𑘻𑘩 𑘀𑘭𑘰𑘪𑘰.,103
data/synthetic/images/line_0103_v009.png,परंपरा आणि आधुनिकता यांचा समतोल असावा.,𑘢𑘨𑘽𑘢𑘨𑘰 𑘁𑘜𑘱 𑘁𑘠𑘳𑘡𑘱𑘎𑘝𑘰 𑘧𑘰𑘽𑘓𑘰 𑘭𑘦𑘝𑘻𑘩 𑘀𑘭𑘰𑘪𑘰.,103
data/synthetic/images/line_0103_v010.png,परंपरा आणि आधुनिकता यांचा समतोल असावा.,𑘢𑘨𑘽𑘢𑘨𑘰 𑘁𑘜𑘱 𑘁𑘠𑘳𑘡𑘱𑘎𑘝𑘰 𑘧𑘰𑘽𑘓𑘰 𑘭𑘦𑘝𑘻𑘩 𑘀𑘭𑘰𑘪𑘰.,103
data/synthetic/images/line_0103_v011.png,परंपरा आणि आधुनिकता यांचा समतोल असावा.,𑘢𑘨𑘽𑘢𑘨𑘰 𑘁𑘜𑘱 𑘁𑘠𑘳𑘡𑘱𑘎𑘝𑘰 𑘧𑘰𑘽𑘓𑘰 𑘭𑘦𑘝𑘻𑘩 𑘀𑘭𑘰𑘪𑘰.,103
data/synthetic/images/line_0103_v012.png,परंपरा आणि आधुनिकता यांचा समतोल असावा.,𑘢𑘨𑘽𑘢𑘨𑘰 𑘁𑘜𑘱 𑘁𑘠𑘳𑘡𑘱𑘎𑘝𑘰 𑘧𑘰𑘽𑘓𑘰 𑘭𑘦𑘝𑘻𑘩 𑘀𑘭𑘰𑘪𑘰.,103
data/synthetic/images/line_0103_v013.png,परंपरा आणि आधुनिकता यांचा समतोल असावा.,𑘢𑘨𑘽𑘢𑘨𑘰 𑘁𑘜𑘱 𑘁𑘠𑘳𑘡𑘱𑘎𑘝𑘰 𑘧𑘰𑘽𑘓𑘰 𑘭𑘦𑘝𑘻𑘩 𑘀𑘭𑘰𑘪𑘰.,103
data/synthetic/images/line_0103_v014.png,परंपरा आणि आधुनिकता यांचा समतोल असावा.,𑘢𑘨𑘽𑘢𑘨𑘰 𑘁𑘜𑘱 𑘁𑘠𑘳𑘡𑘱𑘎𑘝𑘰 𑘧𑘰𑘽𑘓𑘰 𑘭𑘦𑘝𑘻𑘩 𑘀𑘭𑘰𑘪𑘰.,103
data/synthetic/images/line_0103_v015.png,परंपरा आणि आधुनिकता यांचा समतोल असावा.,𑘢𑘨𑘽𑘢𑘨𑘰 𑘁𑘜𑘱 𑘁𑘠𑘳𑘡𑘱𑘎𑘝𑘰 𑘧𑘰𑘽𑘓𑘰 𑘭𑘦𑘝𑘻𑘩 𑘀𑘭𑘰𑘪𑘰.,103
data/synthetic/images/line_0103_v016.png,परंपरा आणि आधुनिकता यांचा समतोल असावा.,𑘢𑘨𑘽𑘢𑘨𑘰 𑘁𑘜𑘱 𑘁𑘠𑘳𑘡𑘱𑘎𑘝𑘰 𑘧𑘰𑘽𑘓𑘰 𑘭𑘦𑘝𑘻𑘩 𑘀𑘭𑘰𑘪𑘰.,103
data/synthetic/images/line_0103_v017.png,परंपरा आणि आधुनिकता यांचा समतोल असावा.,𑘢𑘨𑘽𑘢𑘨𑘰 𑘁𑘜𑘱 𑘁𑘠𑘳𑘡𑘱𑘎𑘝𑘰 𑘧𑘰𑘽𑘓𑘰 𑘭𑘦𑘝𑘻𑘩 𑘀𑘭𑘰𑘪𑘰.,103
data/synthetic/images/line_0103_v018.png,परंपरा आणि आधुनिकता यांचा समतोल असावा.,𑘢𑘨𑘽𑘢𑘨𑘰 𑘁𑘜𑘱 𑘁𑘠𑘳𑘡𑘱𑘎𑘝𑘰 𑘧𑘰𑘽𑘓𑘰 𑘭𑘦𑘝𑘻𑘩 𑘀𑘭𑘰𑘪𑘰.,103
data/synthetic/images/line_0103_v019.png,परंपरा आणि आधुनिकता यांचा समतोल असावा.,𑘢𑘨𑘽𑘢𑘨𑘰 𑘁𑘜𑘱 𑘁𑘠𑘳𑘡𑘱𑘎𑘝𑘰 𑘧𑘰𑘽𑘓𑘰 𑘭𑘦𑘝𑘻𑘩 𑘀𑘭𑘰𑘪𑘰.,103
data/synthetic/images/line_0103_v020.png,परंपरा आणि आधुनिकता यांचा समतोल असावा.,𑘢𑘨𑘽𑘢𑘨𑘰 𑘁𑘜𑘱 𑘁𑘠𑘳𑘡𑘱𑘎𑘝𑘰 𑘧𑘰𑘽𑘓𑘰 𑘭𑘦𑘝𑘻𑘩 𑘀𑘭𑘰𑘪𑘰.,103
data/synthetic/images/line_0103_v021.png,परंपरा आणि आधुनिकता यांचा समतोल असावा.,𑘢𑘨𑘽𑘢𑘨𑘰 𑘁𑘜𑘱 𑘁𑘠𑘳𑘡𑘱𑘎𑘝𑘰 𑘧𑘰𑘽𑘓𑘰 𑘭𑘦𑘝𑘻𑘩 𑘀𑘭𑘰𑘪𑘰.,103
data/synthetic/images/line_0103_v022.png,परंपरा आणि आधुनिकता यांचा समतोल असावा.,𑘢𑘨𑘽𑘢𑘨𑘰 𑘁𑘜𑘱 𑘁𑘠𑘳𑘡𑘱𑘎𑘝𑘰 𑘧𑘰𑘽𑘓𑘰 𑘭𑘦𑘝𑘻𑘩 𑘀𑘭𑘰𑘪𑘰.,103
data/synthetic/images/line_0103_v023.png,परंपरा आणि आधुनिकता यांचा समतोल असावा.,𑘢𑘨𑘽𑘢𑘨𑘰 𑘁𑘜𑘱 𑘁𑘠𑘳𑘡𑘱𑘎𑘝𑘰 𑘧𑘰𑘽𑘓𑘰 𑘭𑘦𑘝𑘻𑘩 𑘀𑘭𑘰𑘪𑘰.,103
data/synthetic/images/line_0103_v024.png,परंपरा आणि आधुनिकता यांचा समतोल असावा.,𑘢𑘨𑘽𑘢𑘨𑘰 𑘁𑘜𑘱 𑘁𑘠𑘳𑘡𑘱𑘎𑘝𑘰 𑘧𑘰𑘽𑘓𑘰 𑘭𑘦𑘝𑘻𑘩 𑘀𑘭𑘰𑘪𑘰.,103
data/synthetic/images/line_0103_v025.png,परंपरा आणि आधुनिकता यांचा समतोल असावा.,𑘢𑘨𑘽𑘢𑘨𑘰 𑘁𑘜𑘱 𑘁𑘠𑘳𑘡𑘱𑘎𑘝𑘰 𑘧𑘰𑘽𑘓𑘰 𑘭𑘦𑘝𑘻𑘩 𑘀𑘭𑘰𑘪𑘰.,103
data/synthetic/images/line_0103_v026.png,परंपरा आणि आधुनिकता यांचा समतोल असावा.,𑘢𑘨𑘽𑘢𑘨𑘰 𑘁𑘜𑘱 𑘁𑘠𑘳𑘡𑘱𑘎𑘝𑘰 𑘧𑘰𑘽𑘓𑘰 𑘭𑘦𑘝𑘻𑘩 𑘀𑘭𑘰𑘪𑘰.,103
data/synthetic/images/line_0103_v027.png,परंपरा आणि आधुनिकता यांचा समतोल असावा.,𑘢𑘨𑘽𑘢𑘨𑘰 𑘁𑘜𑘱 𑘁𑘠𑘳𑘡𑘱𑘎𑘝𑘰 𑘧𑘰𑘽𑘓𑘰 𑘭𑘦𑘝𑘻𑘩 𑘀𑘭𑘰𑘪𑘰.,103
data/synthetic/images/line_0103_v028.png,परंपरा आणि आधुनिकता यांचा समतोल असावा.,𑘢𑘨𑘽𑘢𑘨𑘰 𑘁𑘜𑘱 𑘁𑘠𑘳𑘡𑘱𑘎𑘝𑘰 𑘧𑘰𑘽𑘓𑘰 𑘭𑘦𑘝𑘻𑘩 𑘀𑘭𑘰𑘪𑘰.,103
data/synthetic/images/line_0103_v029.png,परंपरा आणि आधुनिकता यांचा समतोल असावा.,𑘢𑘨𑘽𑘢𑘨𑘰 𑘁𑘜𑘱 𑘁𑘠𑘳𑘡𑘱𑘎𑘝𑘰 𑘧𑘰𑘽𑘓𑘰 𑘭𑘦𑘝𑘻𑘩 𑘀𑘭𑘰𑘪𑘰.,103
data/synthetic/images/line_0103_v030.png,परंपरा आणि आधुनिकता यांचा समतोल असावा.,𑘢𑘨𑘽𑘢𑘨𑘰 𑘁𑘜𑘱 𑘁𑘠𑘳𑘡𑘱𑘎𑘝𑘰 𑘧𑘰𑘽𑘓𑘰 𑘭𑘦𑘝𑘻𑘩 𑘀𑘭𑘰𑘪𑘰.,103
data/synthetic/images/line_0103_v031.png,परंपरा आणि आधुनिकता यांचा समतोल असावा.,𑘢𑘨𑘽𑘢𑘨𑘰 𑘁𑘜𑘱 𑘁𑘠𑘳𑘡𑘱𑘎𑘝𑘰 𑘧𑘰𑘽𑘓𑘰 𑘭𑘦𑘝𑘻𑘩 𑘀𑘭𑘰𑘪𑘰.,103
data/synthetic/images/line_0103_v032.png,परंपरा आणि आधुनिकता यांचा समतोल असावा.,𑘢𑘨𑘽𑘢𑘨𑘰 𑘁𑘜𑘱 𑘁𑘠𑘳𑘡𑘱𑘎𑘝𑘰 𑘧𑘰𑘽𑘓𑘰 𑘭𑘦𑘝𑘻𑘩 𑘀𑘭𑘰𑘪𑘰.,103
data/synthetic/images/line_0103_v033.png,परंपरा आणि आधुनिकता यांचा समतोल असावा.,𑘢𑘨𑘽𑘢𑘨𑘰 𑘁𑘜𑘱 𑘁𑘠𑘳𑘡𑘱𑘎𑘝𑘰 𑘧𑘰𑘽𑘓𑘰 𑘭𑘦𑘝𑘻𑘩 𑘀𑘭𑘰𑘪𑘰.,103
data/synthetic/images/line_0103_v034.png,परंपरा आणि आधुनिकता यांचा समतोल असावा.,𑘢𑘨𑘽𑘢𑘨𑘰 𑘁𑘜𑘱 𑘁𑘠𑘳𑘡𑘱𑘎𑘝𑘰 𑘧𑘰𑘽𑘓𑘰 𑘭𑘦𑘝𑘻𑘩 𑘀𑘭𑘰𑘪𑘰.,103
data/synthetic/images/line_0103_v035.png,परंपरा आणि आधुनिकता यांचा समतोल असावा.,𑘢𑘨𑘽𑘢𑘨𑘰 𑘁𑘜𑘱 𑘁𑘠𑘳𑘡𑘱𑘎𑘝𑘰 𑘧𑘰𑘽𑘓𑘰 𑘭𑘦𑘝𑘻𑘩 𑘀𑘭𑘰𑘪𑘰.,103
data/synthetic/images/line_0103_v036.png,परंपरा आणि आधुनिकता यांचा समतोल असावा.,𑘢𑘨𑘽𑘢𑘨𑘰 𑘁𑘜𑘱 𑘁𑘠𑘳𑘡𑘱𑘎𑘝𑘰 𑘧𑘰𑘽𑘓𑘰 𑘭𑘦𑘝𑘻𑘩 𑘀𑘭𑘰𑘪𑘰.,103
data/synthetic/images/line_0103_v037.png,परंपरा आणि आधुनिकता यांचा समतोल असावा.,𑘢𑘨𑘽𑘢𑘨𑘰 𑘁𑘜𑘱 𑘁𑘠𑘳𑘡𑘱𑘎𑘝𑘰 𑘧𑘰𑘽𑘓𑘰 𑘭𑘦𑘝𑘻𑘩 𑘀𑘭𑘰𑘪𑘰.,103
data/synthetic/images/line_0103_v038.png,परंपरा आणि आधुनिकता यांचा समतोल असावा.,𑘢𑘨𑘽𑘢𑘨𑘰 𑘁𑘜𑘱 𑘁𑘠𑘳𑘡𑘱𑘎𑘝𑘰 𑘧𑘰𑘽𑘓𑘰 𑘭𑘦𑘝𑘻𑘩 𑘀𑘭𑘰𑘪𑘰.,103
data/synthetic/images/line_0103_v039.png,परंपरा आणि आधुनिकता यांचा समतोल असावा.,𑘢𑘨𑘽𑘢𑘨𑘰 𑘁𑘜𑘱 𑘁𑘠𑘳𑘡𑘱𑘎𑘝𑘰 𑘧𑘰𑘽𑘓𑘰 𑘭𑘦𑘝𑘻𑘩 𑘀𑘭𑘰𑘪𑘰.,103
data/synthetic/images/line_0104_v000.png,विज्ञान आणि तंत्रज्ञान वेगाने प्रगती करत आहे.,𑘪𑘱𑘕𑘿𑘗𑘰𑘡 𑘁𑘜𑘱 𑘝𑘽𑘝𑘿𑘨𑘕𑘿𑘗𑘰𑘡 𑘪𑘹𑘐𑘰𑘡𑘹 𑘢𑘿𑘨𑘐𑘝𑘲 𑘎𑘨𑘝 𑘁𑘮𑘹.,104
data/synthetic/images/line_0104_v001.png,विज्ञान आणि तंत्रज्ञान वेगाने प्रगती करत आहे.,𑘪𑘱𑘕𑘿𑘗𑘰𑘡 𑘁𑘜𑘱 𑘝𑘽𑘝𑘿𑘨𑘕𑘿𑘗𑘰𑘡 𑘪𑘹𑘐𑘰𑘡𑘹 𑘢𑘿𑘨𑘐𑘝𑘲 𑘎𑘨𑘝 𑘁𑘮𑘹.,104
data/synthetic/images/line_0104_v002.png,विज्ञान आणि तंत्रज्ञान वेगाने प्रगती करत आहे.,𑘪𑘱𑘕𑘿𑘗𑘰𑘡 𑘁𑘜𑘱 𑘝𑘽𑘝𑘿𑘨𑘕𑘿𑘗𑘰𑘡 𑘪𑘹𑘐𑘰𑘡𑘹 𑘢𑘿𑘨𑘐𑘝𑘲 𑘎𑘨𑘝 𑘁𑘮𑘹.,104
data/synthetic/images/line_0104_v003.png,विज्ञान आणि तंत्रज्ञान वेगाने प्रगती करत आहे.,𑘪𑘱𑘕𑘿𑘗𑘰𑘡 𑘁𑘜𑘱 𑘝𑘽𑘝𑘿𑘨𑘕𑘿𑘗𑘰𑘡 𑘪𑘹𑘐𑘰𑘡𑘹 𑘢𑘿𑘨𑘐𑘝𑘲 𑘎𑘨𑘝 𑘁𑘮𑘹.,104
data/synthetic/images/line_0104_v004.png,विज्ञान आणि तंत्रज्ञान वेगाने प्रगती करत आहे.,𑘪𑘱𑘕𑘿𑘗𑘰𑘡 𑘁𑘜𑘱 𑘝𑘽𑘝𑘿𑘨𑘕𑘿𑘗𑘰𑘡 𑘪𑘹𑘐𑘰𑘡𑘹 𑘢𑘿𑘨𑘐𑘝𑘲 𑘎𑘨𑘝 𑘁𑘮𑘹.,104
data/synthetic/images/line_0104_v005.png,विज्ञान आणि तंत्रज्ञान वेगाने प्रगती करत आहे.,𑘪𑘱𑘕𑘿𑘗𑘰𑘡 𑘁𑘜𑘱 𑘝𑘽𑘝𑘿𑘨𑘕𑘿𑘗𑘰𑘡 𑘪𑘹𑘐𑘰𑘡𑘹 𑘢𑘿𑘨𑘐𑘝𑘲 𑘎𑘨𑘝 𑘁𑘮𑘹.,104
data/synthetic/images/line_0104_v006.png,विज्ञान आणि तंत्रज्ञान वेगाने प्रगती करत आहे.,𑘪𑘱𑘕𑘿𑘗𑘰𑘡 𑘁𑘜𑘱 𑘝𑘽𑘝𑘿𑘨𑘕𑘿𑘗𑘰𑘡 𑘪𑘹𑘐𑘰𑘡𑘹 𑘢𑘿𑘨𑘐𑘝𑘲 𑘎𑘨𑘝 𑘁𑘮𑘹.,104
data/synthetic/images/line_0104_v007.png,विज्ञान आणि तंत्रज्ञान वेगाने प्रगती करत आहे.,𑘪𑘱𑘕𑘿𑘗𑘰𑘡 𑘁𑘜𑘱 𑘝𑘽𑘝𑘿𑘨𑘕𑘿𑘗𑘰𑘡 𑘪𑘹𑘐𑘰𑘡𑘹 𑘢𑘿𑘨𑘐𑘝𑘲 𑘎𑘨𑘝 𑘁𑘮𑘹.,104
data/synthetic/images/line_0104_v008.png,विज्ञान आणि तंत्रज्ञान वेगाने प्रगती करत आहे.,𑘪𑘱𑘕𑘿𑘗𑘰𑘡 𑘁𑘜𑘱 𑘝𑘽𑘝𑘿𑘨𑘕𑘿𑘗𑘰𑘡 𑘪𑘹𑘐𑘰𑘡𑘹 𑘢𑘿𑘨𑘐𑘝𑘲 𑘎𑘨𑘝 𑘁𑘮𑘹.,104
data/synthetic/images/line_0104_v009.png,विज्ञान आणि तंत्रज्ञान वेगाने प्रगती करत आहे.,𑘪𑘱𑘕𑘿𑘗𑘰𑘡 𑘁𑘜𑘱 𑘝𑘽𑘝𑘿𑘨𑘕𑘿𑘗𑘰𑘡 𑘪𑘹𑘐𑘰𑘡𑘹 𑘢𑘿𑘨𑘐𑘝𑘲 𑘎𑘨𑘝 𑘁𑘮𑘹.,104
data/synthetic/images/line_0104_v010.png,विज्ञान आणि तंत्रज्ञान वेगाने प्रगती करत आहे.,𑘪𑘱𑘕𑘿𑘗𑘰𑘡 𑘁𑘜𑘱 𑘝𑘽𑘝𑘿𑘨𑘕𑘿𑘗𑘰𑘡 𑘪𑘹𑘐𑘰𑘡𑘹 𑘢𑘿𑘨𑘐𑘝𑘲 𑘎𑘨𑘝 𑘁𑘮𑘹.,104
data/synthetic/images/line_0104_v011.png,विज्ञान आणि तंत्रज्ञान वेगाने प्रगती करत आहे.,𑘪𑘱𑘕𑘿𑘗𑘰𑘡 𑘁𑘜𑘱 𑘝𑘽𑘝𑘿𑘨𑘕𑘿𑘗𑘰𑘡 𑘪𑘹𑘐𑘰𑘡𑘹 𑘢𑘿𑘨𑘐𑘝𑘲 𑘎𑘨𑘝 𑘁𑘮𑘹.,104
data/synthetic/images/line_0104_v012.png,विज्ञान आणि तंत्रज्ञान वेगाने प्रगती करत आहे.,𑘪𑘱𑘕𑘿𑘗𑘰𑘡 𑘁𑘜𑘱 𑘝𑘽𑘝𑘿𑘨𑘕𑘿𑘗𑘰𑘡 𑘪𑘹𑘐𑘰𑘡𑘹 𑘢𑘿𑘨𑘐𑘝𑘲 𑘎𑘨𑘝 𑘁𑘮𑘹.,104
data/synthetic/images/line_0104_v013.png,विज्ञान आणि तंत्रज्ञान वेगाने प्रगती करत आहे.,𑘪𑘱𑘕𑘿𑘗𑘰𑘡 𑘁𑘜𑘱 𑘝𑘽𑘝𑘿𑘨𑘕𑘿𑘗𑘰𑘡 𑘪𑘹𑘐𑘰𑘡𑘹 𑘢𑘿𑘨𑘐𑘝𑘲 𑘎𑘨𑘝 𑘁𑘮𑘹.,104
data/synthetic/images/line_0104_v014.png,विज्ञान आणि तंत्रज्ञान वेगाने प्रगती करत आहे.,𑘪𑘱𑘕𑘿𑘗𑘰𑘡 𑘁𑘜𑘱 𑘝𑘽𑘝𑘿𑘨𑘕𑘿𑘗𑘰𑘡 𑘪𑘹𑘐𑘰𑘡𑘹 𑘢𑘿𑘨𑘐𑘝𑘲 𑘎𑘨𑘝 𑘁𑘮𑘹.,104
data/synthetic/images/line_0104_v015.png,विज्ञान आणि तंत्रज्ञान वेगाने प्रगती करत आहे.,𑘪𑘱𑘕𑘿𑘗𑘰𑘡 𑘁𑘜𑘱 𑘝𑘽𑘝𑘿𑘨𑘕𑘿𑘗𑘰𑘡 𑘪𑘹𑘐𑘰𑘡𑘹 𑘢𑘿𑘨𑘐𑘝𑘲 𑘎𑘨𑘝 𑘁𑘮𑘹.,104
data/synthetic/images/line_0104_v016.png,विज्ञान आणि तंत्रज्ञान वेगाने प्रगती करत आहे.,𑘪𑘱𑘕𑘿𑘗𑘰𑘡 𑘁𑘜𑘱 𑘝𑘽𑘝𑘿𑘨𑘕𑘿𑘗𑘰𑘡 𑘪𑘹𑘐𑘰𑘡𑘹 𑘢𑘿𑘨𑘐𑘝𑘲 𑘎𑘨𑘝 𑘁𑘮𑘹.,104
data/synthetic/images/line_0104_v017.png,विज्ञान आणि तंत्रज्ञान वेगाने प्रगती करत आहे.,𑘪𑘱𑘕𑘿𑘗𑘰𑘡 𑘁𑘜𑘱 𑘝𑘽𑘝𑘿𑘨𑘕𑘿𑘗𑘰𑘡 𑘪𑘹𑘐𑘰𑘡𑘹 𑘢𑘿𑘨𑘐𑘝𑘲 𑘎𑘨𑘝 𑘁𑘮𑘹.,104
data/synthetic/images/line_0104_v018.png,विज्ञान आणि तंत्रज्ञान वेगाने प्रगती करत आहे.,𑘪𑘱𑘕𑘿𑘗𑘰𑘡 𑘁𑘜𑘱 𑘝𑘽𑘝𑘿𑘨𑘕𑘿𑘗𑘰𑘡 𑘪𑘹𑘐𑘰𑘡𑘹 𑘢𑘿𑘨𑘐𑘝𑘲 𑘎𑘨𑘝 𑘁𑘮𑘹.,104
data/synthetic/images/line_0104_v019.png,विज्ञान आणि तंत्रज्ञान वेगाने प्रगती करत आहे.,𑘪𑘱𑘕𑘿𑘗𑘰𑘡 𑘁𑘜𑘱 𑘝𑘽𑘝𑘿𑘨𑘕𑘿𑘗𑘰𑘡 𑘪𑘹𑘐𑘰𑘡𑘹 𑘢𑘿𑘨𑘐𑘝𑘲 𑘎𑘨𑘝 𑘁𑘮𑘹.,104
data/synthetic/images/line_0104_v020.png,विज्ञान आणि तंत्रज्ञान वेगाने प्रगती करत आहे.,𑘪𑘱𑘕𑘿𑘗𑘰𑘡 𑘁𑘜𑘱 𑘝𑘽𑘝𑘿𑘨𑘕𑘿𑘗𑘰𑘡 𑘪𑘹𑘐𑘰𑘡𑘹 𑘢𑘿𑘨𑘐𑘝𑘲 𑘎𑘨𑘝 𑘁𑘮𑘹.,104
data/synthetic/images/line_0104_v021.png,विज्ञान आणि तंत्रज्ञान वेगाने प्रगती करत आहे.,𑘪𑘱𑘕𑘿𑘗𑘰𑘡 𑘁𑘜𑘱 𑘝𑘽𑘝𑘿𑘨𑘕𑘿𑘗𑘰𑘡 𑘪𑘹𑘐𑘰𑘡𑘹 𑘢𑘿𑘨𑘐𑘝𑘲 𑘎𑘨𑘝 𑘁𑘮𑘹.,104
data/synthetic/images/line_0104_v022.png,विज्ञान आणि तंत्रज्ञान वेगाने प्रगती करत आहे.,𑘪𑘱𑘕𑘿𑘗𑘰𑘡 𑘁𑘜𑘱 𑘝𑘽𑘝𑘿𑘨𑘕𑘿𑘗𑘰𑘡 𑘪𑘹𑘐𑘰𑘡𑘹 𑘢𑘿𑘨𑘐𑘝𑘲 𑘎𑘨𑘝 𑘁𑘮𑘹.,104
data/synthetic/images/line_0104_v023.png,विज्ञान आणि तंत्रज्ञान वेगाने प्रगती करत आहे.,𑘪𑘱𑘕𑘿𑘗𑘰𑘡 𑘁𑘜𑘱 𑘝𑘽𑘝𑘿𑘨𑘕𑘿𑘗𑘰𑘡 𑘪𑘹𑘐𑘰𑘡𑘹 𑘢𑘿𑘨𑘐𑘝𑘲 𑘎𑘨𑘝 𑘁𑘮𑘹.,104
data/synthetic/images/line_0104_v024.png,विज्ञान आणि तंत्रज्ञान वेगाने प्रगती करत आहे.,𑘪𑘱𑘕𑘿𑘗𑘰𑘡 𑘁𑘜𑘱 𑘝𑘽𑘝𑘿𑘨𑘕𑘿𑘗𑘰𑘡 𑘪𑘹𑘐𑘰𑘡𑘹 𑘢𑘿𑘨𑘐𑘝𑘲 𑘎𑘨𑘝 𑘁𑘮𑘹.,104
data/synthetic/images/line_0104_v025.png,विज्ञान आणि तंत्रज्ञान वेगाने प्रगती करत आहे.,𑘪𑘱𑘕𑘿𑘗𑘰𑘡 𑘁𑘜𑘱 𑘝𑘽𑘝𑘿𑘨𑘕𑘿𑘗𑘰𑘡 𑘪𑘹𑘐𑘰𑘡𑘹 𑘢𑘿𑘨𑘐𑘝𑘲 𑘎𑘨𑘝 𑘁𑘮𑘹.,104
data/synthetic/images/line_0104_v026.png,विज्ञान आणि तंत्रज्ञान वेगाने प्रगती करत आहे.,𑘪𑘱𑘕𑘿𑘗𑘰𑘡 𑘁𑘜𑘱 𑘝𑘽𑘝𑘿𑘨𑘕𑘿𑘗𑘰𑘡 𑘪𑘹𑘐𑘰𑘡𑘹 𑘢𑘿𑘨𑘐𑘝𑘲 𑘎𑘨𑘝 𑘁𑘮𑘹.,104
data/synthetic/images/line_0104_v027.png,विज्ञान आणि तंत्रज्ञान वेगाने प्रगती करत आहे.,𑘪𑘱𑘕𑘿𑘗𑘰𑘡 𑘁𑘜𑘱 𑘝𑘽𑘝𑘿𑘨𑘕𑘿𑘗𑘰𑘡 𑘪𑘹𑘐𑘰𑘡𑘹 𑘢𑘿𑘨𑘐𑘝𑘲 𑘎𑘨𑘝 𑘁𑘮𑘹.,104
data/synthetic/images/line_0104_v028.png,विज्ञान आणि तंत्रज्ञान वेगाने प्रगती करत आहे.,𑘪𑘱𑘕𑘿𑘗𑘰𑘡 𑘁𑘜𑘱 𑘝𑘽𑘝𑘿𑘨𑘕𑘿𑘗𑘰𑘡 𑘪𑘹𑘐𑘰𑘡𑘹 𑘢𑘿𑘨𑘐𑘝𑘲 𑘎𑘨𑘝 𑘁𑘮𑘹.,104
data/synthetic/images/line_0104_v029.png,विज्ञान आणि तंत्रज्ञान वेगाने प्रगती करत आहे.,𑘪𑘱𑘕𑘿𑘗𑘰𑘡 𑘁𑘜𑘱 𑘝𑘽𑘝𑘿𑘨𑘕𑘿𑘗𑘰𑘡 𑘪𑘹𑘐𑘰𑘡𑘹 𑘢𑘿𑘨𑘐𑘝𑘲 𑘎𑘨𑘝 𑘁𑘮𑘹.,104
data/synthetic/images/line_0104_v030.png,विज्ञान आणि तंत्रज्ञान वेगाने प्रगती करत आहे.,𑘪𑘱𑘕𑘿𑘗𑘰𑘡 𑘁𑘜𑘱 𑘝𑘽𑘝𑘿𑘨𑘕𑘿𑘗𑘰𑘡 𑘪𑘹𑘐𑘰𑘡𑘹 𑘢𑘿𑘨𑘐𑘝𑘲 𑘎𑘨𑘝 𑘁𑘮𑘹.,104
data/synthetic/images/line_0104_v031.png,विज्ञान आणि तंत्रज्ञान वेगाने प्रगती करत आहे.,𑘪𑘱𑘕𑘿𑘗𑘰𑘡 𑘁𑘜𑘱 𑘝𑘽𑘝𑘿𑘨𑘕𑘿𑘗𑘰𑘡 𑘪𑘹𑘐𑘰𑘡𑘹 𑘢𑘿𑘨𑘐𑘝𑘲 𑘎𑘨𑘝 𑘁𑘮𑘹.,104
data/synthetic/images/line_0104_v032.png,विज्ञान आणि तंत्रज्ञान वेगाने प्रगती करत आहे.,𑘪𑘱𑘕𑘿𑘗𑘰𑘡 𑘁𑘜𑘱 𑘝𑘽𑘝𑘿𑘨𑘕𑘿𑘗𑘰𑘡 𑘪𑘹𑘐𑘰𑘡𑘹 𑘢𑘿𑘨𑘐𑘝𑘲 𑘎𑘨𑘝 𑘁𑘮𑘹.,104
data/synthetic/images/line_0104_v033.png,विज्ञान आणि तंत्रज्ञान वेगाने प्रगती करत आहे.,𑘪𑘱𑘕𑘿𑘗𑘰𑘡 𑘁𑘜𑘱 𑘝𑘽𑘝𑘿𑘨𑘕𑘿𑘗𑘰𑘡 𑘪𑘹𑘐𑘰𑘡𑘹 𑘢𑘿𑘨𑘐𑘝𑘲 𑘎𑘨𑘝 𑘁𑘮𑘹.,104
data/synthetic/images/line_0104_v034.png,विज्ञान आणि तंत्रज्ञान वेगाने प्रगती करत आहे.,𑘪𑘱𑘕𑘿𑘗𑘰𑘡 𑘁𑘜𑘱 𑘝𑘽𑘝𑘿𑘨𑘕𑘿𑘗𑘰𑘡 𑘪𑘹𑘐𑘰𑘡𑘹 𑘢𑘿𑘨𑘐𑘝𑘲 𑘎𑘨𑘝 𑘁𑘮𑘹.,104
data/synthetic/images/line_0104_v035.png,विज्ञान आणि तंत्रज्ञान वेगाने प्रगती करत आहे.,𑘪𑘱𑘕𑘿𑘗𑘰𑘡 𑘁𑘜𑘱 𑘝𑘽𑘝𑘿𑘨𑘕𑘿𑘗𑘰𑘡 𑘪𑘹𑘐𑘰𑘡𑘹 𑘢𑘿𑘨𑘐𑘝𑘲 𑘎𑘨𑘝 𑘁𑘮𑘹.,104
data/synthetic/images/line_0104_v036.png,विज्ञान आणि तंत्रज्ञान वेगाने प्रगती करत आहे.,𑘪𑘱𑘕𑘿𑘗𑘰𑘡 𑘁𑘜𑘱 𑘝𑘽𑘝𑘿𑘨𑘕𑘿𑘗𑘰𑘡 𑘪𑘹𑘐𑘰𑘡𑘹 𑘢𑘿𑘨𑘐𑘝𑘲 𑘎𑘨𑘝 𑘁𑘮𑘹.,104
data/synthetic/images/line_0104_v037.png,विज्ञान आणि तंत्रज्ञान वेगाने प्रगती करत आहे.,𑘪𑘱𑘕𑘿𑘗𑘰𑘡 𑘁𑘜𑘱 𑘝𑘽𑘝𑘿𑘨𑘕𑘿𑘗𑘰𑘡 𑘪𑘹𑘐𑘰𑘡𑘹 𑘢𑘿𑘨𑘐𑘝𑘲 𑘎𑘨𑘝 𑘁𑘮𑘹.,104
data/synthetic/images/line_0104_v038.png,विज्ञान आणि तंत्रज्ञान वेगाने प्रगती करत आहे.,𑘪𑘱𑘕𑘿𑘗𑘰𑘡 𑘁𑘜𑘱 𑘝𑘽𑘝𑘿𑘨𑘕𑘿𑘗𑘰𑘡 𑘪𑘹𑘐𑘰𑘡𑘹 𑘢𑘿𑘨𑘐𑘝𑘲 𑘎𑘨𑘝 𑘁𑘮𑘹.,104
data/synthetic/images/line_0104_v039.png,विज्ञान आणि तंत्रज्ञान वेगाने प्रगती करत आहे.,𑘪𑘱𑘕𑘿𑘗𑘰𑘡 𑘁𑘜𑘱 𑘝𑘽𑘝𑘿𑘨𑘕𑘿𑘗𑘰𑘡 𑘪𑘹𑘐𑘰𑘡𑘹 𑘢𑘿𑘨𑘐𑘝𑘲 𑘎𑘨𑘝 𑘁𑘮𑘹.,104
data/synthetic/images/line_0105_v000.png,संगणक शास्त्रात नवीन शोध लागत आहेत.,𑘭𑘽𑘐𑘜𑘎 𑘫𑘰𑘭𑘿𑘝𑘿𑘨𑘰𑘝 𑘡𑘪𑘲𑘡 𑘫𑘻𑘠 𑘩𑘰𑘐𑘝 𑘁𑘮𑘹𑘝.,105
data/synthetic/images/line_0105_v001.png,संगणक शास्त्रात नवीन शोध लागत आहेत.,𑘭𑘽𑘐𑘜𑘎 𑘫𑘰𑘭𑘿𑘝𑘿𑘨𑘰𑘝 𑘡𑘪𑘲𑘡 𑘫𑘻𑘠 𑘩𑘰𑘐𑘝 𑘁𑘮𑘹𑘝.,105
data/synthetic/images/line_0105_v002.png,संगणक शास्त्रात नवीन शोध लागत आहेत.,𑘭𑘽𑘐𑘜𑘎 𑘫𑘰𑘭𑘿𑘝𑘿𑘨𑘰𑘝 𑘡𑘪𑘲𑘡 𑘫𑘻𑘠 𑘩𑘰𑘐𑘝 𑘁𑘮𑘹𑘝.,105
data/synthetic/images/line_0105_v003.png,संगणक शास्त्रात नवीन शोध लागत आहेत.,𑘭𑘽𑘐𑘜𑘎 𑘫𑘰𑘭𑘿𑘝𑘿𑘨𑘰𑘝 𑘡𑘪𑘲𑘡 𑘫𑘻𑘠 𑘩𑘰𑘐𑘝 𑘁𑘮𑘹𑘝.,105
data/synthetic/images/line_0105_v004.png,संगणक शास्त्रात नवीन शोध लागत आहेत.,𑘭𑘽𑘐𑘜𑘎 𑘫𑘰𑘭𑘿𑘝𑘿𑘨𑘰𑘝 𑘡𑘪𑘲𑘡 𑘫𑘻𑘠 𑘩𑘰𑘐𑘝 𑘁𑘮𑘹𑘝.,105
data/synthetic/images/line_0105_v005.png,संगणक शास्त्रात नवीन शोध लागत आहेत.,𑘭𑘽𑘐𑘜𑘎 𑘫𑘰𑘭𑘿𑘝𑘿𑘨𑘰𑘝 𑘡𑘪𑘲𑘡 𑘫𑘻𑘠 𑘩𑘰𑘐𑘝 𑘁𑘮𑘹𑘝.,105
data/synthetic/images/line_0105_v006.png,संगणक शास्त्रात नवीन शोध लागत आहेत.,𑘭𑘽𑘐𑘜𑘎 𑘫𑘰𑘭𑘿𑘝𑘿𑘨𑘰𑘝 𑘡𑘪𑘲𑘡 𑘫𑘻𑘠 𑘩𑘰𑘐𑘝 𑘁𑘮𑘹𑘝.,105
data/synthetic/images/line_0105_v007.png,संगणक शास्त्रात नवीन शोध लागत आहेत.,𑘭𑘽𑘐𑘜𑘎 𑘫𑘰𑘭𑘿𑘝𑘿𑘨𑘰𑘝 𑘡𑘪𑘲𑘡 𑘫𑘻𑘠 𑘩𑘰𑘐𑘝 𑘁𑘮𑘹𑘝.,105
data/synthetic/images/line_0105_v008.png,संगणक शास्त्रात नवीन शोध लागत आहेत.,𑘭𑘽𑘐𑘜𑘎 𑘫𑘰𑘭𑘿𑘝𑘿𑘨𑘰𑘝 𑘡𑘪𑘲𑘡 𑘫𑘻𑘠 𑘩𑘰𑘐𑘝 𑘁𑘮𑘹𑘝.,105
data/synthetic/images/line_0105_v009.png,संगणक शास्त्रात नवीन शोध लागत आहेत.,𑘭𑘽𑘐𑘜𑘎 𑘫𑘰𑘭𑘿𑘝𑘿𑘨𑘰𑘝 𑘡𑘪𑘲𑘡 𑘫𑘻𑘠 𑘩𑘰𑘐𑘝 𑘁𑘮𑘹𑘝.,105
data/synthetic/images/line_0105_v010.png,संगणक शास्त्रात नवीन शोध लागत आहेत.,𑘭𑘽𑘐𑘜𑘎 𑘫𑘰𑘭𑘿𑘝𑘿𑘨𑘰𑘝 𑘡𑘪𑘲𑘡 𑘫𑘻𑘠 𑘩𑘰𑘐𑘝 𑘁𑘮𑘹𑘝.,105
data/synthetic/images/line_0105_v011.png,संगणक शास्त्रात नवीन शोध लागत आहेत.,𑘭𑘽𑘐𑘜𑘎 𑘫𑘰𑘭𑘿𑘝𑘿𑘨𑘰𑘝 𑘡𑘪𑘲𑘡 𑘫𑘻𑘠 𑘩𑘰𑘐𑘝 𑘁𑘮𑘹𑘝.,105
data/synthetic/images/line_0105_v012.png,संगणक शास्त्रात नवीन शोध लागत आहेत.,𑘭𑘽𑘐𑘜𑘎 𑘫𑘰𑘭𑘿𑘝𑘿𑘨𑘰𑘝 𑘡𑘪𑘲𑘡 𑘫𑘻𑘠 𑘩𑘰𑘐𑘝 𑘁𑘮𑘹𑘝.,105
data/synthetic/images/line_0105_v013.png,संगणक शास्त्रात नवीन शोध लागत आहेत.,𑘭𑘽𑘐𑘜𑘎 𑘫𑘰𑘭𑘿𑘝𑘿𑘨𑘰𑘝 𑘡𑘪𑘲𑘡 𑘫𑘻𑘠 𑘩𑘰𑘐𑘝 𑘁𑘮𑘹𑘝.,105
data/synthetic/images/line_0105_v014.png,संगणक शास्त्रात नवीन शोध लागत आहेत.,𑘭𑘽𑘐𑘜𑘎 𑘫𑘰𑘭𑘿𑘝𑘿𑘨𑘰𑘝 𑘡𑘪𑘲𑘡 𑘫𑘻𑘠 𑘩𑘰𑘐𑘝 𑘁𑘮𑘹𑘝.,105
data/synthetic/images/line_0105_v015.png,संगणक शास्त्रात नवीन शोध लागत आहेत.,𑘭𑘽𑘐𑘜𑘎 𑘫𑘰𑘭𑘿𑘝𑘿𑘨𑘰𑘝 𑘡𑘪𑘲𑘡 𑘫𑘻𑘠 𑘩𑘰𑘐𑘝 𑘁𑘮𑘹𑘝.,105
data/synthetic/images/line_0105_v016.png,संगणक शास्त्रात नवीन शोध लागत आहेत.,𑘭𑘽𑘐𑘜𑘎 𑘫𑘰𑘭𑘿𑘝𑘿𑘨𑘰𑘝 𑘡𑘪𑘲𑘡 𑘫𑘻𑘠 𑘩𑘰𑘐𑘝 𑘁𑘮𑘹𑘝.,105
data/synthetic/images/line_0105_v017.png,संगणक शास्त्रात नवीन शोध लागत आहेत.,𑘭𑘽𑘐𑘜𑘎 𑘫𑘰𑘭𑘿𑘝𑘿𑘨𑘰𑘝 𑘡𑘪𑘲𑘡 𑘫𑘻𑘠 𑘩𑘰𑘐𑘝 𑘁𑘮𑘹𑘝.,105
data/synthetic/images/line_0105_v018.png,संगणक शास्त्रात नवीन शोध लागत आहेत.,𑘭𑘽𑘐𑘜𑘎 𑘫𑘰𑘭𑘿𑘝𑘿𑘨𑘰𑘝 𑘡𑘪𑘲𑘡 𑘫𑘻𑘠 𑘩𑘰𑘐𑘝 𑘁𑘮𑘹𑘝.,105
data/synthetic/images/line_0105_v019.png,संगणक शास्त्रात नवीन शोध लागत आहेत.,𑘭𑘽𑘐𑘜𑘎 𑘫𑘰𑘭𑘿𑘝𑘿𑘨𑘰𑘝 𑘡𑘪𑘲𑘡 𑘫𑘻𑘠 𑘩𑘰𑘐𑘝 𑘁𑘮𑘹𑘝.,105
data/synthetic/images/line_0105_v020.png,संगणक शास्त्रात नवीन शोध लागत आहेत.,𑘭𑘽𑘐𑘜𑘎 𑘫𑘰𑘭𑘿𑘝𑘿𑘨𑘰𑘝 𑘡𑘪𑘲𑘡 𑘫𑘻𑘠 𑘩𑘰𑘐𑘝 𑘁𑘮𑘹𑘝.,105
data/synthetic/images/line_0105_v021.png,संगणक शास्त्रात नवीन शोध लागत आहेत.,𑘭𑘽𑘐𑘜𑘎 𑘫𑘰𑘭𑘿𑘝𑘿𑘨𑘰𑘝 𑘡𑘪𑘲𑘡 𑘫𑘻𑘠 𑘩𑘰𑘐𑘝 𑘁𑘮𑘹𑘝.,105
data/synthetic/images/line_0105_v022.png,संगणक शास्त्रात नवीन शोध लागत आहेत.,𑘭𑘽𑘐𑘜𑘎 𑘫𑘰𑘭𑘿𑘝𑘿𑘨𑘰𑘝 𑘡𑘪𑘲𑘡 𑘫𑘻𑘠 𑘩𑘰𑘐𑘝 𑘁𑘮𑘹𑘝.,105
data/synthetic/images/line_0105_v023.png,संगणक शास्त्रात नवीन शोध लागत आहेत.,𑘭𑘽𑘐𑘜𑘎 𑘫𑘰𑘭𑘿𑘝𑘿𑘨𑘰𑘝 𑘡𑘪𑘲𑘡 𑘫𑘻𑘠 𑘩𑘰𑘐𑘝 𑘁𑘮𑘹𑘝.,105
data/synthetic/images/line_0105_v024.png,संगणक शास्त्रात नवीन शोध लागत आहेत.,𑘭𑘽𑘐𑘜𑘎 𑘫𑘰𑘭𑘿𑘝𑘿𑘨𑘰𑘝 𑘡𑘪𑘲𑘡 𑘫𑘻𑘠 𑘩𑘰𑘐𑘝 𑘁𑘮𑘹𑘝.,105
data/synthetic/images/line_0105_v025.png,संगणक शास्त्रात नवीन शोध लागत आहेत.,𑘭𑘽𑘐𑘜𑘎 𑘫𑘰𑘭𑘿𑘝𑘿𑘨𑘰𑘝 𑘡𑘪𑘲𑘡 𑘫𑘻𑘠 𑘩𑘰𑘐𑘝 𑘁𑘮𑘹𑘝.,105
data/synthetic/images/line_0105_v026.png,संगणक शास्त्रात नवीन शोध लागत आहेत.,𑘭𑘽𑘐𑘜𑘎 𑘫𑘰𑘭𑘿𑘝𑘿𑘨𑘰𑘝 𑘡𑘪𑘲𑘡 𑘫𑘻𑘠 𑘩𑘰𑘐𑘝 𑘁𑘮𑘹𑘝.,105
data/synthetic/images/line_0105_v027.png,संगणक शास्त्रात नवीन शोध लागत आहेत.,𑘭𑘽𑘐𑘜𑘎 𑘫𑘰𑘭𑘿𑘝𑘿𑘨𑘰𑘝 𑘡𑘪𑘲𑘡 𑘫𑘻𑘠 𑘩𑘰𑘐𑘝 𑘁𑘮𑘹𑘝.,105
data/synthetic/images/line_0105_v028.png,संगणक शास्त्रात नवीन शोध लागत आहेत.,𑘭𑘽𑘐𑘜𑘎 𑘫𑘰𑘭𑘿𑘝𑘿𑘨𑘰𑘝 𑘡𑘪𑘲𑘡 𑘫𑘻𑘠 𑘩𑘰𑘐𑘝 𑘁𑘮𑘹𑘝.,105
data/synthetic/images/line_0105_v029.png,संगणक शास्त्रात नवीन शोध लागत आहेत.,𑘭𑘽𑘐𑘜𑘎 𑘫𑘰𑘭𑘿𑘝𑘿𑘨𑘰𑘝 𑘡𑘪𑘲𑘡 𑘫𑘻𑘠 𑘩𑘰𑘐𑘝 𑘁𑘮𑘹𑘝.,105
data/synthetic/images/line_0105_v030.png,संगणक शास्त्रात नवीन शोध लागत आहेत.,𑘭𑘽𑘐𑘜𑘎 𑘫𑘰𑘭𑘿𑘝𑘿𑘨𑘰𑘝 𑘡𑘪𑘲𑘡 𑘫𑘻𑘠 𑘩𑘰𑘐𑘝 𑘁𑘮𑘹𑘝.,105
data/synthetic/images/line_0105_v031.png,संगणक शास्त्रात नवीन शोध लागत आहेत.,𑘭𑘽𑘐𑘜𑘎 𑘫𑘰𑘭𑘿𑘝𑘿𑘨𑘰𑘝 𑘡𑘪𑘲𑘡 𑘫𑘻𑘠 𑘩𑘰𑘐𑘝 𑘁𑘮𑘹𑘝.,105
data/synthetic/images/line_0105_v032.png,संगणक शास्त्रात नवीन शोध लागत आहेत.,𑘭𑘽𑘐𑘜𑘎 𑘫𑘰𑘭𑘿𑘝𑘿𑘨𑘰𑘝 𑘡𑘪𑘲𑘡 𑘫𑘻𑘠 𑘩𑘰𑘐𑘝 𑘁𑘮𑘹𑘝.,105
data/synthetic/images/line_0105_v033.png,संगणक शास्त्रात नवीन शोध लागत आहेत.,𑘭𑘽𑘐𑘜𑘎 𑘫𑘰𑘭𑘿𑘝𑘿𑘨𑘰𑘝 𑘡𑘪𑘲𑘡 𑘫𑘻𑘠 𑘩𑘰𑘐𑘝 𑘁𑘮𑘹𑘝.,105
data/synthetic/images/line_0105_v034.png,संगणक शास्त्रात नवीन शोध लागत आहेत.,𑘭𑘽𑘐𑘜𑘎 𑘫𑘰𑘭𑘿𑘝𑘿𑘨𑘰𑘝 𑘡𑘪𑘲𑘡 𑘫𑘻𑘠 𑘩𑘰𑘐𑘝 𑘁𑘮𑘹𑘝.,105
data/synthetic/images/line_0105_v035.png,संगणक शास्त्रात नवीन शोध लागत आहेत.,𑘭𑘽𑘐𑘜𑘎 𑘫𑘰𑘭𑘿𑘝𑘿𑘨𑘰𑘝 𑘡𑘪𑘲𑘡 𑘫𑘻𑘠 𑘩𑘰𑘐𑘝 𑘁𑘮𑘹𑘝.,105
data/synthetic/images/line_0105_v036.png,संगणक शास्त्रात नवीन शोध लागत आहेत.,𑘭𑘽𑘐𑘜𑘎 𑘫𑘰𑘭𑘿𑘝𑘿𑘨𑘰𑘝 𑘡𑘪𑘲𑘡 𑘫𑘻𑘠 𑘩𑘰𑘐𑘝 𑘁𑘮𑘹𑘝.,105
data/synthetic/images/line_0105_v037.png,संगणक शास्त्रात नवीन शोध लागत आहेत.,𑘭𑘽𑘐𑘜𑘎 𑘫𑘰𑘭𑘿𑘝𑘿𑘨𑘰𑘝 𑘡𑘪𑘲𑘡 𑘫𑘻𑘠 𑘩𑘰𑘐𑘝 𑘁𑘮𑘹𑘝.,105
data/synthetic/images/line_0105_v038.png,संगणक शास्त्रात नवीन शोध लागत आहेत.,𑘭𑘽𑘐𑘜𑘎 𑘫𑘰𑘭𑘿𑘝𑘿𑘨𑘰𑘝 𑘡𑘪𑘲𑘡 𑘫𑘻𑘠 𑘩𑘰𑘐𑘝 𑘁𑘮𑘹𑘝.,105
data/synthetic/images/line_0105_v039.png,संगणक शास्त्रात नवीन शोध लागत आहेत.,𑘭𑘽𑘐𑘜𑘎 𑘫𑘰𑘭𑘿𑘝𑘿𑘨𑘰𑘝 𑘡𑘪𑘲𑘡 𑘫𑘻𑘠 𑘩𑘰𑘐𑘝 𑘁𑘮𑘹𑘝.,105
data/synthetic/images/line_0106_v000.png,कृत्रिम बुद्धिमत्ता हे भविष्यातील तंत्रज्ञान आहे.,𑘎𑘵𑘝𑘿𑘨𑘱𑘦 𑘤𑘳𑘟𑘿𑘠𑘱𑘦𑘝𑘿𑘝𑘰 𑘮𑘹 𑘥𑘪𑘱𑘬𑘿𑘧𑘰𑘝𑘲𑘩 𑘝𑘽𑘝𑘿𑘨𑘕𑘿𑘗𑘰𑘡 𑘁𑘮𑘹.,106
data/synthetic/images/line_0106_v001.png,कृत्रिम बुद्धिमत्ता हे भविष्यातील तंत्रज्ञान आहे.,𑘎𑘵𑘝𑘿𑘨𑘱𑘦 𑘤𑘳𑘟𑘿𑘠𑘱𑘦𑘝𑘿𑘝𑘰 𑘮𑘹 𑘥𑘪𑘱𑘬𑘿𑘧𑘰𑘝𑘲𑘩 𑘝𑘽𑘝𑘿𑘨𑘕𑘿𑘗𑘰𑘡 𑘁𑘮𑘹.,106
data/synthetic/images/line_0106_v002.png,कृत्रिम बुद्धिमत्ता हे भविष्यातील तंत्रज्ञान आहे.,𑘎𑘵𑘝𑘿𑘨𑘱𑘦 𑘤𑘳𑘟𑘿𑘠𑘱𑘦𑘝𑘿𑘝𑘰 𑘮𑘹 𑘥𑘪𑘱𑘬𑘿𑘧𑘰𑘝𑘲𑘩 𑘝𑘽𑘝𑘿𑘨𑘕𑘿𑘗𑘰𑘡 𑘁𑘮𑘹.,106
data/synthetic/images/line_0106_v003.png,कृत्रिम बुद्धिमत्ता हे भविष्यातील तंत्रज्ञान आहे.,𑘎𑘵𑘝𑘿𑘨𑘱𑘦 𑘤𑘳𑘟𑘿𑘠𑘱𑘦𑘝𑘿𑘝𑘰 𑘮𑘹 𑘥𑘪𑘱𑘬𑘿𑘧𑘰𑘝𑘲𑘩 𑘝𑘽𑘝𑘿𑘨𑘕𑘿𑘗𑘰𑘡 𑘁𑘮𑘹.,106
data/synthetic/images/line_0106_v004.png,कृत्रिम बुद्धिमत्ता हे भविष्यातील तंत्रज्ञान आहे.,𑘎𑘵𑘝𑘿𑘨𑘱𑘦 𑘤𑘳𑘟𑘿𑘠𑘱𑘦𑘝𑘿𑘝𑘰 𑘮𑘹 𑘥𑘪𑘱𑘬𑘿𑘧𑘰𑘝𑘲𑘩 𑘝𑘽𑘝𑘿𑘨𑘕𑘿𑘗𑘰𑘡 𑘁𑘮𑘹.,106
data/synthetic/images/line_0106_v005.png,कृत्रिम बुद्धिमत्ता हे भविष्यातील तंत्रज्ञान आहे.,𑘎𑘵𑘝𑘿𑘨𑘱𑘦 𑘤𑘳𑘟𑘿𑘠𑘱𑘦𑘝𑘿𑘝𑘰 𑘮𑘹 𑘥𑘪𑘱𑘬𑘿𑘧𑘰𑘝𑘲𑘩 𑘝𑘽𑘝𑘿𑘨𑘕𑘿𑘗𑘰𑘡 𑘁𑘮𑘹.,106
data/synthetic/images/line_0106_v006.png,कृत्रिम बुद्धिमत्ता हे भविष्यातील तंत्रज्ञान आहे.,𑘎𑘵𑘝𑘿𑘨𑘱𑘦 𑘤𑘳𑘟𑘿𑘠𑘱𑘦𑘝𑘿𑘝𑘰 𑘮𑘹 𑘥𑘪𑘱𑘬𑘿𑘧𑘰𑘝𑘲𑘩 𑘝𑘽𑘝𑘿𑘨𑘕𑘿𑘗𑘰𑘡 𑘁𑘮𑘹.,106
data/synthetic/images/line_0106_v007.png,कृत्रिम बुद्धिमत्ता हे भविष्यातील तंत्रज्ञान आहे.,𑘎𑘵𑘝𑘿𑘨𑘱𑘦 𑘤𑘳𑘟𑘿𑘠𑘱𑘦𑘝𑘿𑘝𑘰 𑘮𑘹 𑘥𑘪𑘱𑘬𑘿𑘧𑘰𑘝𑘲𑘩 𑘝𑘽𑘝𑘿𑘨𑘕𑘿𑘗𑘰𑘡 𑘁𑘮𑘹.,106
data/synthetic/images/line_0106_v008.png,कृत्रिम बुद्धिमत्ता हे भविष्यातील तंत्रज्ञान आहे.,𑘎𑘵𑘝𑘿𑘨𑘱𑘦 𑘤𑘳𑘟𑘿𑘠𑘱𑘦𑘝𑘿𑘝𑘰 𑘮𑘹 𑘥𑘪𑘱𑘬𑘿𑘧𑘰𑘝𑘲𑘩 𑘝𑘽𑘝𑘿𑘨𑘕𑘿𑘗𑘰𑘡 𑘁𑘮𑘹.,106
data/synthetic/images/line_0106_v009.png,कृत्रिम बुद्धिमत्ता हे भविष्यातील तंत्रज्ञान आहे.,𑘎𑘵𑘝𑘿𑘨𑘱𑘦 𑘤𑘳𑘟𑘿𑘠𑘱𑘦𑘝𑘿𑘝𑘰 𑘮𑘹 𑘥𑘪𑘱𑘬𑘿𑘧𑘰𑘝𑘲𑘩 𑘝𑘽𑘝𑘿𑘨𑘕𑘿𑘗𑘰𑘡 𑘁𑘮𑘹.,106
data/synthetic/images/line_0106_v010.png,कृत्रिम बुद्धिमत्ता हे भविष्यातील तंत्रज्ञान आहे.,𑘎𑘵𑘝𑘿𑘨𑘱𑘦 𑘤𑘳𑘟𑘿𑘠𑘱𑘦𑘝𑘿𑘝𑘰 𑘮𑘹 𑘥𑘪𑘱𑘬𑘿𑘧𑘰𑘝𑘲𑘩 𑘝𑘽𑘝𑘿𑘨𑘕𑘿𑘗𑘰𑘡 𑘁𑘮𑘹.,106
data/synthetic/images/line_0106_v011.png,कृत्रिम बुद्धिमत्ता हे भविष्यातील तंत्रज्ञान आहे.,𑘎𑘵𑘝𑘿𑘨𑘱𑘦 𑘤𑘳𑘟𑘿𑘠𑘱𑘦𑘝𑘿𑘝𑘰 𑘮𑘹 𑘥𑘪𑘱𑘬𑘿𑘧𑘰𑘝𑘲𑘩 𑘝𑘽𑘝𑘿𑘨𑘕𑘿𑘗𑘰𑘡 𑘁𑘮𑘹.,106
data/synthetic/images/line_0106_v012.png,कृत्रिम बुद्धिमत्ता हे भविष्यातील तंत्रज्ञान आहे.,𑘎𑘵𑘝𑘿𑘨𑘱𑘦 𑘤𑘳𑘟𑘿𑘠𑘱𑘦𑘝𑘿𑘝𑘰 𑘮𑘹 𑘥𑘪𑘱𑘬𑘿𑘧𑘰𑘝𑘲𑘩 𑘝𑘽𑘝𑘿𑘨𑘕𑘿𑘗𑘰𑘡 𑘁𑘮𑘹.,106
data/synthetic/images/line_0106_v013.png,कृत्रिम बुद्धिमत्ता हे भविष्यातील तंत्रज्ञान आहे.,𑘎𑘵𑘝𑘿𑘨𑘱𑘦 𑘤𑘳𑘟𑘿𑘠𑘱𑘦𑘝𑘿𑘝𑘰 𑘮𑘹 𑘥𑘪𑘱𑘬𑘿𑘧𑘰𑘝𑘲𑘩 𑘝𑘽𑘝𑘿𑘨𑘕𑘿𑘗𑘰𑘡 𑘁𑘮𑘹.,106
data/synthetic/images/line_0106_v014.png,कृत्रिम बुद्धिमत्ता हे भविष्यातील तंत्रज्ञान आहे.,𑘎𑘵𑘝𑘿𑘨𑘱𑘦 𑘤𑘳𑘟𑘿𑘠𑘱𑘦𑘝𑘿𑘝𑘰 𑘮𑘹 𑘥𑘪𑘱𑘬𑘿𑘧𑘰𑘝𑘲𑘩 𑘝𑘽𑘝𑘿𑘨𑘕𑘿𑘗𑘰𑘡 𑘁𑘮𑘹.,106
data/synthetic/images/line_0106_v015.png,कृत्रिम बुद्धिमत्ता हे भविष्यातील तंत्रज्ञान आहे.,𑘎𑘵𑘝𑘿𑘨𑘱𑘦 𑘤𑘳𑘟𑘿𑘠𑘱𑘦𑘝𑘿𑘝𑘰 𑘮𑘹 𑘥𑘪𑘱𑘬𑘿𑘧𑘰𑘝𑘲𑘩 𑘝𑘽𑘝𑘿𑘨𑘕𑘿𑘗𑘰𑘡 𑘁𑘮𑘹.,106
data/synthetic/images/line_0106_v016.png,कृत्रिम बुद्धिमत्ता हे भविष्यातील तंत्रज्ञान आहे.,𑘎𑘵𑘝𑘿𑘨𑘱𑘦 𑘤𑘳𑘟𑘿𑘠𑘱𑘦𑘝𑘿𑘝𑘰 𑘮𑘹 𑘥𑘪𑘱𑘬𑘿𑘧𑘰𑘝𑘲𑘩 𑘝𑘽𑘝𑘿𑘨𑘕𑘿𑘗𑘰𑘡 𑘁𑘮𑘹.,106
data/synthetic/images/line_0106_v017.png,कृत्रिम बुद्धिमत्ता हे भविष्यातील तंत्रज्ञान आहे.,𑘎𑘵𑘝𑘿𑘨𑘱𑘦 𑘤𑘳𑘟𑘿𑘠𑘱𑘦𑘝𑘿𑘝𑘰 𑘮𑘹 𑘥𑘪𑘱𑘬𑘿𑘧𑘰𑘝𑘲𑘩 𑘝𑘽𑘝𑘿𑘨𑘕𑘿𑘗𑘰𑘡 𑘁𑘮𑘹.,106
data/synthetic/images/line_0106_v018.png,कृत्रिम बुद्धिमत्ता हे भविष्यातील तंत्रज्ञान आहे.,𑘎𑘵𑘝𑘿𑘨𑘱𑘦 𑘤𑘳𑘟𑘿𑘠𑘱𑘦𑘝𑘿𑘝𑘰 𑘮𑘹 𑘥𑘪𑘱𑘬𑘿𑘧𑘰𑘝𑘲𑘩 𑘝𑘽𑘝𑘿𑘨𑘕𑘿𑘗𑘰𑘡 𑘁𑘮𑘹.,106
data/synthetic/images/line_0106_v019.png,कृत्रिम बुद्धिमत्ता हे भविष्यातील तंत्रज्ञान आहे.,𑘎𑘵𑘝𑘿𑘨𑘱𑘦 𑘤𑘳𑘟𑘿𑘠𑘱𑘦𑘝𑘿𑘝𑘰 𑘮𑘹 𑘥𑘪𑘱𑘬𑘿𑘧𑘰𑘝𑘲𑘩 𑘝𑘽𑘝𑘿𑘨𑘕𑘿𑘗𑘰𑘡 𑘁𑘮𑘹.,106
data/synthetic/images/line_0106_v020.png,कृत्रिम बुद्धिमत्ता हे भविष्यातील तंत्रज्ञान आहे.,𑘎𑘵𑘝𑘿𑘨𑘱𑘦 𑘤𑘳𑘟𑘿𑘠𑘱𑘦𑘝𑘿𑘝𑘰 𑘮𑘹 𑘥𑘪𑘱𑘬𑘿𑘧𑘰𑘝𑘲𑘩 𑘝𑘽𑘝𑘿𑘨𑘕𑘿𑘗𑘰𑘡 𑘁𑘮𑘹.,106
data/synthetic/images/line_0106_v021.png,कृत्रिम बुद्धिमत्ता हे भविष्यातील तंत्रज्ञान आहे.,𑘎𑘵𑘝𑘿𑘨𑘱𑘦 𑘤𑘳𑘟𑘿𑘠𑘱𑘦𑘝𑘿𑘝𑘰 𑘮𑘹 𑘥𑘪𑘱𑘬𑘿𑘧𑘰𑘝𑘲𑘩 𑘝𑘽𑘝𑘿𑘨𑘕𑘿𑘗𑘰𑘡 𑘁𑘮𑘹.,106
data/synthetic/images/line_0106_v022.png,कृत्रिम बुद्धिमत्ता हे भविष्यातील तंत्रज्ञान आहे.,𑘎𑘵𑘝𑘿𑘨𑘱𑘦 𑘤𑘳𑘟𑘿𑘠𑘱𑘦𑘝𑘿𑘝𑘰 𑘮𑘹 𑘥𑘪𑘱𑘬𑘿𑘧𑘰𑘝𑘲𑘩 𑘝𑘽𑘝𑘿𑘨𑘕𑘿𑘗𑘰𑘡 𑘁𑘮𑘹.,106
data/synthetic/images/line_0106_v023.png,कृत्रिम बुद्धिमत्ता हे भविष्यातील तंत्रज्ञान आहे.,𑘎𑘵𑘝𑘿𑘨𑘱𑘦 𑘤𑘳𑘟𑘿𑘠𑘱𑘦𑘝𑘿𑘝𑘰 𑘮𑘹 𑘥𑘪𑘱𑘬𑘿𑘧𑘰𑘝𑘲𑘩 𑘝𑘽𑘝𑘿𑘨𑘕𑘿𑘗𑘰𑘡 𑘁𑘮𑘹.,106
data/synthetic/images/line_0106_v024.png,कृत्रिम बुद्धिमत्ता हे भविष्यातील तंत्रज्ञान आहे.,𑘎𑘵𑘝𑘿𑘨𑘱𑘦 𑘤𑘳𑘟𑘿𑘠𑘱𑘦𑘝𑘿𑘝𑘰 𑘮𑘹 𑘥𑘪𑘱𑘬𑘿𑘧𑘰𑘝𑘲𑘩 𑘝𑘽𑘝𑘿𑘨𑘕𑘿𑘗𑘰𑘡 𑘁𑘮𑘹.,106
data/synthetic/images/line_0106_v025.png,कृत्रिम बुद्धिमत्ता हे भविष्यातील तंत्रज्ञान आहे.,𑘎𑘵𑘝𑘿𑘨𑘱𑘦 𑘤𑘳𑘟𑘿𑘠𑘱𑘦𑘝𑘿𑘝𑘰 𑘮𑘹 𑘥𑘪𑘱𑘬𑘿𑘧𑘰𑘝𑘲𑘩 𑘝𑘽𑘝𑘿𑘨𑘕𑘿𑘗𑘰𑘡 𑘁𑘮𑘹.,106
data/synthetic/images/line_0106_v026.png,कृत्रिम बुद्धिमत्ता हे भविष्यातील तंत्रज्ञान आहे.,𑘎𑘵𑘝𑘿𑘨𑘱𑘦 𑘤𑘳𑘟𑘿𑘠𑘱𑘦𑘝𑘿𑘝𑘰 𑘮𑘹 𑘥𑘪𑘱𑘬𑘿𑘧𑘰𑘝𑘲𑘩 𑘝𑘽𑘝𑘿𑘨𑘕𑘿𑘗𑘰𑘡 𑘁𑘮𑘹.,106
data/synthetic/images/line_0106_v027.png,कृत्रिम बुद्धिमत्ता हे भविष्यातील तंत्रज्ञान आहे.,𑘎𑘵𑘝𑘿𑘨𑘱𑘦 𑘤𑘳𑘟𑘿𑘠𑘱𑘦𑘝𑘿𑘝𑘰 𑘮𑘹 𑘥𑘪𑘱𑘬𑘿𑘧𑘰𑘝𑘲𑘩 𑘝𑘽𑘝𑘿𑘨𑘕𑘿𑘗𑘰𑘡 𑘁𑘮𑘹.,106
data/synthetic/images/line_0106_v028.png,कृत्रिम बुद्धिमत्ता हे भविष्यातील तंत्रज्ञान आहे.,𑘎𑘵𑘝𑘿𑘨𑘱𑘦 𑘤𑘳𑘟𑘿𑘠𑘱𑘦𑘝𑘿𑘝𑘰 𑘮𑘹 𑘥𑘪𑘱𑘬𑘿𑘧𑘰𑘝𑘲𑘩 𑘝𑘽𑘝𑘿𑘨𑘕𑘿𑘗𑘰𑘡 𑘁𑘮𑘹.,106
data/synthetic/images/line_0106_v029.png,कृत्रिम बुद्धिमत्ता हे भविष्यातील तंत्रज्ञान आहे.,𑘎𑘵𑘝𑘿𑘨𑘱𑘦 𑘤𑘳𑘟𑘿𑘠𑘱𑘦𑘝𑘿𑘝𑘰 𑘮𑘹 𑘥𑘪𑘱𑘬𑘿𑘧𑘰𑘝𑘲𑘩 𑘝𑘽𑘝𑘿𑘨𑘕𑘿𑘗𑘰𑘡 𑘁𑘮𑘹.,106
data/synthetic/images/line_0106_v030.png,कृत्रिम बुद्धिमत्ता हे भविष्यातील तंत्रज्ञान आहे.,𑘎𑘵𑘝𑘿𑘨𑘱𑘦 𑘤𑘳𑘟𑘿𑘠𑘱𑘦𑘝𑘿𑘝𑘰 𑘮𑘹 𑘥𑘪𑘱𑘬𑘿𑘧𑘰𑘝𑘲𑘩 𑘝𑘽𑘝𑘿𑘨𑘕𑘿𑘗𑘰𑘡 𑘁𑘮𑘹.,106
data/synthetic/images/line_0106_v031.png,कृत्रिम बुद्धिमत्ता हे भविष्यातील तंत्रज्ञान आहे.,𑘎𑘵𑘝𑘿𑘨𑘱𑘦 𑘤𑘳𑘟𑘿𑘠𑘱𑘦𑘝𑘿𑘝𑘰 𑘮𑘹 𑘥𑘪𑘱𑘬𑘿𑘧𑘰𑘝𑘲𑘩 𑘝𑘽𑘝𑘿𑘨𑘕𑘿𑘗𑘰𑘡 𑘁𑘮𑘹.,106
data/synthetic/images/line_0106_v032.png,कृत्रिम बुद्धिमत्ता हे भविष्यातील तंत्रज्ञान आहे.,𑘎𑘵𑘝𑘿𑘨𑘱𑘦 𑘤𑘳𑘟𑘿𑘠𑘱𑘦𑘝𑘿𑘝𑘰 𑘮𑘹 𑘥𑘪𑘱𑘬𑘿𑘧𑘰𑘝𑘲𑘩 𑘝𑘽𑘝𑘿𑘨𑘕𑘿𑘗𑘰𑘡 𑘁𑘮𑘹.,106
data/synthetic/images/line_0106_v033.png,कृत्रिम बुद्धिमत्ता हे भविष्यातील तंत्रज्ञान आहे.,𑘎𑘵𑘝𑘿𑘨𑘱𑘦 𑘤𑘳𑘟𑘿𑘠𑘱𑘦𑘝𑘿𑘝𑘰 𑘮𑘹 𑘥𑘪𑘱𑘬𑘿𑘧𑘰𑘝𑘲𑘩 𑘝𑘽𑘝𑘿𑘨𑘕𑘿𑘗𑘰𑘡 𑘁𑘮𑘹.,106
data/synthetic/images/line_0106_v034.png,कृत्रिम बुद्धिमत्ता हे भविष्यातील तंत्रज्ञान आहे.,𑘎𑘵𑘝𑘿𑘨𑘱𑘦 𑘤𑘳𑘟𑘿𑘠𑘱𑘦𑘝𑘿𑘝𑘰 𑘮𑘹 𑘥𑘪𑘱𑘬𑘿𑘧𑘰𑘝𑘲𑘩 𑘝𑘽𑘝𑘿𑘨𑘕𑘿𑘗𑘰𑘡 𑘁𑘮𑘹.,106
data/synthetic/images/line_0106_v035.png,कृत्रिम बुद्धिमत्ता हे भविष्यातील तंत्रज्ञान आहे.,𑘎𑘵𑘝𑘿𑘨𑘱𑘦 𑘤𑘳𑘟𑘿𑘠𑘱𑘦𑘝𑘿𑘝𑘰 𑘮𑘹 𑘥𑘪𑘱𑘬𑘿𑘧𑘰𑘝𑘲𑘩 𑘝𑘽𑘝𑘿𑘨𑘕𑘿𑘗𑘰𑘡 𑘁𑘮𑘹.,106
data/synthetic/images/line_0106_v036.png,कृत्रिम बुद्धिमत्ता हे भविष्यातील तंत्रज्ञान आहे.,𑘎𑘵𑘝𑘿𑘨𑘱𑘦 𑘤𑘳𑘟𑘿𑘠𑘱𑘦𑘝𑘿𑘝𑘰 𑘮𑘹 𑘥𑘪𑘱𑘬𑘿𑘧𑘰𑘝𑘲𑘩 𑘝𑘽𑘝𑘿𑘨𑘕𑘿𑘗𑘰𑘡 𑘁𑘮𑘹.,106
data/synthetic/images/line_0106_v037.png,कृत्रिम बुद्धिमत्ता हे भविष्यातील तंत्रज्ञान आहे.,𑘎𑘵𑘝𑘿𑘨𑘱𑘦 𑘤𑘳𑘟𑘿𑘠𑘱𑘦𑘝𑘿𑘝𑘰 𑘮𑘹 𑘥𑘪𑘱𑘬𑘿𑘧𑘰𑘝𑘲𑘩 𑘝𑘽𑘝𑘿𑘨𑘕𑘿𑘗𑘰𑘡 𑘁𑘮𑘹.,106
data/synthetic/images/line_0106_v038.png,कृत्रिम बुद्धिमत्ता हे भविष्यातील तंत्रज्ञान आहे.,𑘎𑘵𑘝𑘿𑘨𑘱𑘦 𑘤𑘳𑘟𑘿𑘠𑘱𑘦𑘝𑘿𑘝𑘰 𑘮𑘹 𑘥𑘪𑘱𑘬𑘿𑘧𑘰𑘝𑘲𑘩 𑘝𑘽𑘝𑘿𑘨𑘕𑘿𑘗𑘰𑘡 𑘁𑘮𑘹.,106
data/synthetic/images/line_0106_v039.png,कृत्रिम बुद्धिमत्ता हे भविष्यातील तंत्रज्ञान आहे.,𑘎𑘵𑘝𑘿𑘨𑘱𑘦 𑘤𑘳𑘟𑘿𑘠𑘱𑘦𑘝𑘿𑘝𑘰 𑘮𑘹 𑘥𑘪𑘱𑘬𑘿𑘧𑘰𑘝𑘲𑘩 𑘝𑘽𑘝𑘿𑘨𑘕𑘿𑘗𑘰𑘡 𑘁𑘮𑘹.,106
data/synthetic/images/line_0107_v000.png,ऐतिहासिक लिप्यांचे जतन करणे महत्त्वाचे आहे.,𑘋𑘝𑘱𑘮𑘰𑘭𑘱𑘎 𑘩𑘱𑘢𑘿𑘧𑘰𑘽𑘓𑘹 𑘕𑘝𑘡 𑘎𑘨𑘜𑘹 𑘦𑘮𑘝𑘿𑘝𑘿𑘪𑘰𑘓𑘹 𑘁𑘮𑘹.,107
data/synthetic/images/line_0107_v001.png,ऐतिहासिक लिप्यांचे जतन करणे महत्त्वाचे आहे.,𑘋𑘝𑘱𑘮𑘰𑘭𑘱𑘎 𑘩𑘱𑘢𑘿𑘧𑘰𑘽𑘓𑘹 𑘕𑘝𑘡 𑘎𑘨𑘜𑘹 𑘦𑘮𑘝𑘿𑘝𑘿𑘪𑘰𑘓𑘹 𑘁𑘮𑘹.,107
data/synthetic/images/line_0107_v002.png,ऐतिहासिक लिप्यांचे जतन करणे महत्त्वाचे आहे.,𑘋𑘝𑘱𑘮𑘰𑘭𑘱𑘎 𑘩𑘱𑘢𑘿𑘧𑘰𑘽𑘓𑘹 𑘕𑘝𑘡 𑘎𑘨𑘜𑘹 𑘦𑘮𑘝𑘿𑘝𑘿𑘪𑘰𑘓𑘹 𑘁𑘮𑘹.,107
data/synthetic/images/line_0107_v003.png,ऐतिहासिक लिप्यांचे जतन करणे महत्त्वाचे आहे.,𑘋𑘝𑘱𑘮𑘰𑘭𑘱𑘎 𑘩𑘱𑘢𑘿𑘧𑘰𑘽𑘓𑘹 𑘕𑘝𑘡 𑘎𑘨𑘜𑘹 𑘦𑘮𑘝𑘿𑘝𑘿𑘪𑘰𑘓𑘹 𑘁𑘮𑘹.,107
data/synthetic/images/line_0107_v004.png,ऐतिहासिक लिप्यांचे जतन करणे महत्त्वाचे आहे.,𑘋𑘝𑘱𑘮𑘰𑘭𑘱𑘎 𑘩𑘱𑘢𑘿𑘧𑘰𑘽𑘓𑘹 𑘕𑘝𑘡 𑘎𑘨𑘜𑘹 𑘦𑘮𑘝𑘿𑘝𑘿𑘪𑘰𑘓𑘹 𑘁𑘮𑘹.,107
data/synthetic/images/line_0107_v005.png,ऐतिहासिक लिप्यांचे जतन करणे महत्त्वाचे आहे.,𑘋𑘝𑘱𑘮𑘰𑘭𑘱𑘎 𑘩𑘱𑘢𑘿𑘧𑘰𑘽𑘓𑘹 𑘕𑘝𑘡 𑘎𑘨𑘜𑘹 𑘦𑘮𑘝𑘿𑘝𑘿𑘪𑘰𑘓𑘹 𑘁𑘮𑘹.,107
data/synthetic/images/line_0107_v006.png,ऐतिहासिक लिप्यांचे जतन करणे महत्त्वाचे आहे.,𑘋𑘝𑘱𑘮𑘰𑘭𑘱𑘎 𑘩𑘱𑘢𑘿𑘧𑘰𑘽𑘓𑘹 𑘕𑘝𑘡 𑘎𑘨𑘜𑘹 𑘦𑘮𑘝𑘿𑘝𑘿𑘪𑘰𑘓𑘹 𑘁𑘮𑘹.,107
data/synthetic/images/line_0107_v007.png,ऐतिहासिक लिप्यांचे जतन करणे महत्त्वाचे आहे.,𑘋𑘝𑘱𑘮𑘰𑘭𑘱𑘎 𑘩𑘱𑘢𑘿𑘧𑘰𑘽𑘓𑘹 𑘕𑘝𑘡 𑘎𑘨𑘜𑘹 𑘦𑘮𑘝𑘿𑘝𑘿𑘪𑘰𑘓𑘹 𑘁𑘮𑘹.,107
data/synthetic/images/line_0107_v008.png,ऐतिहासिक लिप्यांचे जतन करणे महत्त्वाचे आहे.,𑘋𑘝𑘱𑘮𑘰𑘭𑘱𑘎 𑘩𑘱𑘢𑘿𑘧𑘰𑘽𑘓𑘹 𑘕𑘝𑘡 𑘎𑘨𑘜𑘹 𑘦𑘮𑘝𑘿𑘝𑘿𑘪𑘰𑘓𑘹 𑘁𑘮𑘹.,107
data/synthetic/images/line_0107_v009.png,ऐतिहासिक लिप्यांचे जतन करणे महत्त्वाचे आहे.,𑘋𑘝𑘱𑘮𑘰𑘭𑘱𑘎 𑘩𑘱𑘢𑘿𑘧𑘰𑘽𑘓𑘹 𑘕𑘝𑘡 𑘎𑘨𑘜𑘹 𑘦𑘮𑘝𑘿𑘝𑘿𑘪𑘰𑘓𑘹 𑘁𑘮𑘹.,107
data/synthetic/images/line_0107_v010.png,ऐतिहासिक लिप्यांचे जतन करणे महत्त्वाचे आहे.,𑘋𑘝𑘱𑘮𑘰𑘭𑘱𑘎 𑘩𑘱𑘢𑘿𑘧𑘰𑘽𑘓𑘹 𑘕𑘝𑘡 𑘎𑘨𑘜𑘹 𑘦𑘮𑘝𑘿𑘝𑘿𑘪𑘰𑘓𑘹 𑘁𑘮𑘹.,107
data/synthetic/images/line_0107_v011.png,ऐतिहासिक लिप्यांचे जतन करणे महत्त्वाचे आहे.,𑘋𑘝𑘱𑘮𑘰𑘭𑘱𑘎 𑘩𑘱𑘢𑘿𑘧𑘰𑘽𑘓𑘹 𑘕𑘝𑘡 𑘎𑘨𑘜𑘹 𑘦𑘮𑘝𑘿𑘝𑘿𑘪𑘰𑘓𑘹 𑘁𑘮𑘹.,107
data/synthetic/images/line_0107_v012.png,ऐतिहासिक लिप्यांचे जतन करणे महत्त्वाचे आहे.,𑘋𑘝𑘱𑘮𑘰𑘭𑘱𑘎 𑘩𑘱𑘢𑘿𑘧𑘰𑘽𑘓𑘹 𑘕𑘝𑘡 𑘎𑘨𑘜𑘹 𑘦𑘮𑘝𑘿𑘝𑘿𑘪𑘰𑘓𑘹 𑘁𑘮𑘹.,107
data/synthetic/images/line_0107_v013.png,ऐतिहासिक लिप्यांचे जतन करणे महत्त्वाचे आहे.,𑘋𑘝𑘱𑘮𑘰𑘭𑘱𑘎 𑘩𑘱𑘢𑘿𑘧𑘰𑘽𑘓𑘹 𑘕𑘝𑘡 𑘎𑘨𑘜𑘹 𑘦𑘮𑘝𑘿𑘝𑘿𑘪𑘰𑘓𑘹 𑘁𑘮𑘹.,107
data/synthetic/images/line_0107_v014.png,ऐतिहासिक लिप्यांचे जतन करणे महत्त्वाचे आहे.,𑘋𑘝𑘱𑘮𑘰𑘭𑘱𑘎 𑘩𑘱𑘢𑘿𑘧𑘰𑘽𑘓𑘹 𑘕𑘝𑘡 𑘎𑘨𑘜𑘹 𑘦𑘮𑘝𑘿𑘝𑘿𑘪𑘰𑘓𑘹 𑘁𑘮𑘹.,107
data/synthetic/images/line_0107_v015.png,ऐतिहासिक लिप्यांचे जतन करणे महत्त्वाचे आहे.,𑘋𑘝𑘱𑘮𑘰𑘭𑘱𑘎 𑘩𑘱𑘢𑘿𑘧𑘰𑘽𑘓𑘹 𑘕𑘝𑘡 𑘎𑘨𑘜𑘹 𑘦𑘮𑘝𑘿𑘝𑘿𑘪𑘰𑘓𑘹 𑘁𑘮𑘹.,107
data/synthetic/images/line_0107_v016.png,ऐतिहासिक लिप्यांचे जतन करणे महत्त्वाचे आहे.,𑘋𑘝𑘱𑘮𑘰𑘭𑘱𑘎 𑘩𑘱𑘢𑘿𑘧𑘰𑘽𑘓𑘹 𑘕𑘝𑘡 𑘎𑘨𑘜𑘹 𑘦𑘮𑘝𑘿𑘝𑘿𑘪𑘰𑘓𑘹 𑘁𑘮𑘹.,107
data/synthetic/images/line_0107_v017.png,ऐतिहासिक लिप्यांचे जतन करणे महत्त्वाचे आहे.,𑘋𑘝𑘱𑘮𑘰𑘭𑘱𑘎 𑘩𑘱𑘢𑘿𑘧𑘰𑘽𑘓𑘹 𑘕𑘝𑘡 𑘎𑘨𑘜𑘹 𑘦𑘮𑘝𑘿𑘝𑘿𑘪𑘰𑘓𑘹 𑘁𑘮𑘹.,107
data/synthetic/images/line_0107_v018.png,ऐतिहासिक लिप्यांचे जतन करणे महत्त्वाचे आहे.,𑘋𑘝𑘱𑘮𑘰𑘭𑘱𑘎 𑘩𑘱𑘢𑘿𑘧𑘰𑘽𑘓𑘹 𑘕𑘝𑘡 𑘎𑘨𑘜𑘹 𑘦𑘮𑘝𑘿𑘝𑘿𑘪𑘰𑘓𑘹 𑘁𑘮𑘹.,107
data/synthetic/images/line_0107_v019.png,ऐतिहासिक लिप्यांचे जतन करणे महत्त्वाचे आहे.,𑘋𑘝𑘱𑘮𑘰𑘭𑘱𑘎 𑘩𑘱𑘢𑘿𑘧𑘰𑘽𑘓𑘹 𑘕𑘝𑘡 𑘎𑘨𑘜𑘹 𑘦𑘮𑘝𑘿𑘝𑘿𑘪𑘰𑘓𑘹 𑘁𑘮𑘹.,107
data/synthetic/images/line_0107_v020.png,ऐतिहासिक लिप्यांचे जतन करणे महत्त्वाचे आहे.,𑘋𑘝𑘱𑘮𑘰𑘭𑘱𑘎 𑘩𑘱𑘢𑘿𑘧𑘰𑘽𑘓𑘹 𑘕𑘝𑘡 𑘎𑘨𑘜𑘹 𑘦𑘮𑘝𑘿𑘝𑘿𑘪𑘰𑘓𑘹 𑘁𑘮𑘹.,107
data/synthetic/images/line_0107_v021.png,ऐतिहासिक लिप्यांचे जतन करणे महत्त्वाचे आहे.,𑘋𑘝𑘱𑘮𑘰𑘭𑘱𑘎 𑘩𑘱𑘢𑘿𑘧𑘰𑘽𑘓𑘹 𑘕𑘝𑘡 𑘎𑘨𑘜𑘹 𑘦𑘮𑘝𑘿𑘝𑘿𑘪𑘰𑘓𑘹 𑘁𑘮𑘹.,107
data/synthetic/images/line_0107_v022.png,ऐतिहासिक लिप्यांचे जतन करणे महत्त्वाचे आहे.,𑘋𑘝𑘱𑘮𑘰𑘭𑘱𑘎 𑘩𑘱𑘢𑘿𑘧𑘰𑘽𑘓𑘹 𑘕𑘝𑘡 𑘎𑘨𑘜𑘹 𑘦𑘮𑘝𑘿𑘝𑘿𑘪𑘰𑘓𑘹 𑘁𑘮𑘹.,107
data/synthetic/images/line_0107_v023.png,ऐतिहासिक लिप्यांचे जतन करणे महत्त्वाचे आहे.,𑘋𑘝𑘱𑘮𑘰𑘭𑘱𑘎 𑘩𑘱𑘢𑘿𑘧𑘰𑘽𑘓𑘹 𑘕𑘝𑘡 𑘎𑘨𑘜𑘹 𑘦𑘮𑘝𑘿𑘝𑘿𑘪𑘰𑘓𑘹 𑘁𑘮𑘹.,107
data/synthetic/images/line_0107_v024.png,ऐतिहासिक लिप्यांचे जतन करणे महत्त्वाचे आहे.,𑘋𑘝𑘱𑘮𑘰𑘭𑘱𑘎 𑘩𑘱𑘢𑘿𑘧𑘰𑘽𑘓𑘹 𑘕𑘝𑘡 𑘎𑘨𑘜𑘹 𑘦𑘮𑘝𑘿𑘝𑘿𑘪𑘰𑘓𑘹 𑘁𑘮𑘹.,107
data/synthetic/images/line_0107_v025.png,ऐतिहासिक लिप्यांचे जतन करणे महत्त्वाचे आहे.,𑘋𑘝𑘱𑘮𑘰𑘭𑘱𑘎 𑘩𑘱𑘢𑘿𑘧𑘰𑘽𑘓𑘹 𑘕𑘝𑘡 𑘎𑘨𑘜𑘹 𑘦𑘮𑘝𑘿𑘝𑘿𑘪𑘰𑘓𑘹 𑘁𑘮𑘹.,107
data/synthetic/images/line_0107_v026.png,ऐतिहासिक लिप्यांचे जतन करणे महत्त्वाचे आहे.,𑘋𑘝𑘱𑘮𑘰𑘭𑘱𑘎 𑘩𑘱𑘢𑘿𑘧𑘰𑘽𑘓𑘹 𑘕𑘝𑘡 𑘎𑘨𑘜𑘹 𑘦𑘮𑘝𑘿𑘝𑘿𑘪𑘰𑘓𑘹 𑘁𑘮𑘹.,107
data/synthetic/images/line_0107_v027.png,ऐतिहासिक लिप्यांचे जतन करणे महत्त्वाचे आहे.,𑘋𑘝𑘱𑘮𑘰𑘭𑘱𑘎 𑘩𑘱𑘢𑘿𑘧𑘰𑘽𑘓𑘹 𑘕𑘝𑘡 𑘎𑘨𑘜𑘹 𑘦𑘮𑘝𑘿𑘝𑘿𑘪𑘰𑘓𑘹 𑘁𑘮𑘹.,107
data/synthetic/images/line_0107_v028.png,ऐतिहासिक लिप्यांचे जतन करणे महत्त्वाचे आहे.,𑘋𑘝𑘱𑘮𑘰𑘭𑘱𑘎 𑘩𑘱𑘢𑘿𑘧𑘰𑘽𑘓𑘹 𑘕𑘝𑘡 𑘎𑘨𑘜𑘹 𑘦𑘮𑘝𑘿𑘝𑘿𑘪𑘰𑘓𑘹 𑘁𑘮𑘹.,107
data/synthetic/images/line_0107_v029.png,ऐतिहासिक लिप्यांचे जतन करणे महत्त्वाचे आहे.,𑘋𑘝𑘱𑘮𑘰𑘭𑘱𑘎 𑘩𑘱𑘢𑘿𑘧𑘰𑘽𑘓𑘹 𑘕𑘝𑘡 𑘎𑘨𑘜𑘹 𑘦𑘮𑘝𑘿𑘝𑘿𑘪𑘰𑘓𑘹 𑘁𑘮𑘹.,107
data/synthetic/images/line_0107_v030.png,ऐतिहासिक लिप्यांचे जतन करणे महत्त्वाचे आहे.,𑘋𑘝𑘱𑘮𑘰𑘭𑘱𑘎 𑘩𑘱𑘢𑘿𑘧𑘰𑘽𑘓𑘹 𑘕𑘝𑘡 𑘎𑘨𑘜𑘹 𑘦𑘮𑘝𑘿𑘝𑘿𑘪𑘰𑘓𑘹 𑘁𑘮𑘹.,107
data/synthetic/images/line_0107_v031.png,ऐतिहासिक लिप्यांचे जतन करणे महत्त्वाचे आहे.,𑘋𑘝𑘱𑘮𑘰𑘭𑘱𑘎 𑘩𑘱𑘢𑘿𑘧𑘰𑘽𑘓𑘹 𑘕𑘝𑘡 𑘎𑘨𑘜𑘹 𑘦𑘮𑘝𑘿𑘝𑘿𑘪𑘰𑘓𑘹 𑘁𑘮𑘹.,107
data/synthetic/images/line_0107_v032.png,ऐतिहासिक लिप्यांचे जतन करणे महत्त्वाचे आहे.,𑘋𑘝𑘱𑘮𑘰𑘭𑘱𑘎 𑘩𑘱𑘢𑘿𑘧𑘰𑘽𑘓𑘹 𑘕𑘝𑘡 𑘎𑘨𑘜𑘹 𑘦𑘮𑘝𑘿𑘝𑘿𑘪𑘰𑘓𑘹 𑘁𑘮𑘹.,107
data/synthetic/images/line_0107_v033.png,ऐतिहासिक लिप्यांचे जतन करणे महत्त्वाचे आहे.,𑘋𑘝𑘱𑘮𑘰𑘭𑘱𑘎 𑘩𑘱𑘢𑘿𑘧𑘰𑘽𑘓𑘹 𑘕𑘝𑘡 𑘎𑘨𑘜𑘹 𑘦𑘮𑘝𑘿𑘝𑘿𑘪𑘰𑘓𑘹 𑘁𑘮𑘹.,107
data/synthetic/images/line_0107_v034.png,ऐतिहासिक लिप्यांचे जतन करणे महत्त्वाचे आहे.,𑘋𑘝𑘱𑘮𑘰𑘭𑘱𑘎 𑘩𑘱𑘢𑘿𑘧𑘰𑘽𑘓𑘹 𑘕𑘝𑘡 𑘎𑘨𑘜𑘹 𑘦𑘮𑘝𑘿𑘝𑘿𑘪𑘰𑘓𑘹 𑘁𑘮𑘹.,107
data/synthetic/images/line_0107_v035.png,ऐतिहासिक लिप्यांचे जतन करणे महत्त्वाचे आहे.,𑘋𑘝𑘱𑘮𑘰𑘭𑘱𑘎 𑘩𑘱𑘢𑘿𑘧𑘰𑘽𑘓𑘹 𑘕𑘝𑘡 𑘎𑘨𑘜𑘹 𑘦𑘮𑘝𑘿𑘝𑘿𑘪𑘰𑘓𑘹 𑘁𑘮𑘹.,107
data/synthetic/images/line_0107_v036.png,ऐतिहासिक लिप्यांचे जतन करणे महत्त्वाचे आहे.,𑘋𑘝𑘱𑘮𑘰𑘭𑘱𑘎 𑘩𑘱𑘢𑘿𑘧𑘰𑘽𑘓𑘹 𑘕𑘝𑘡 𑘎𑘨𑘜𑘹 𑘦𑘮𑘝𑘿𑘝𑘿𑘪𑘰𑘓𑘹 𑘁𑘮𑘹.,107
data/synthetic/images/line_0107_v037.png,ऐतिहासिक लिप्यांचे जतन करणे महत्त्वाचे आहे.,𑘋𑘝𑘱𑘮𑘰𑘭𑘱𑘎 𑘩𑘱𑘢𑘿𑘧𑘰𑘽𑘓𑘹 𑘕𑘝𑘡 𑘎𑘨𑘜𑘹 𑘦𑘮𑘝𑘿𑘝𑘿𑘪𑘰𑘓𑘹 𑘁𑘮𑘹.,107
data/synthetic/images/line_0107_v038.png,ऐतिहासिक लिप्यांचे जतन करणे महत्त्वाचे आहे.,𑘋𑘝𑘱𑘮𑘰𑘭𑘱𑘎 𑘩𑘱𑘢𑘿𑘧𑘰𑘽𑘓𑘹 𑘕𑘝𑘡 𑘎𑘨𑘜𑘹 𑘦𑘮𑘝𑘿𑘝𑘿𑘪𑘰𑘓𑘹 𑘁𑘮𑘹.,107
data/synthetic/images/line_0107_v039.png,ऐतिहासिक लिप्यांचे जतन करणे महत्त्वाचे आहे.,𑘋𑘝𑘱𑘮𑘰𑘭𑘱𑘎 𑘩𑘱𑘢𑘿𑘧𑘰𑘽𑘓𑘹 𑘕𑘝𑘡 𑘎𑘨𑘜𑘹 𑘦𑘮𑘝𑘿𑘝𑘿𑘪𑘰𑘓𑘹 𑘁𑘮𑘹.,107
data/synthetic/images/line_0108_v000.png,मोडी लिपीचे पुनरुज्जीवन करण्याचे प्रयत्न सुरू आहेत.,𑘦𑘻𑘚𑘲 𑘩𑘱𑘢𑘲𑘓𑘹 𑘢𑘳𑘡𑘨𑘳𑘕𑘿𑘕𑘲𑘪𑘡 𑘎𑘨𑘜𑘿𑘧𑘰𑘓𑘹 𑘢𑘿𑘨𑘧𑘝𑘿𑘡 𑘭𑘳𑘨𑘴 𑘁𑘮𑘹𑘝.,108
data/synthetic/images/line_0108_v001.png,मोडी लिपीचे पुनरुज्जीवन करण्याचे प्रयत्न सुरू आहेत.,𑘦𑘻𑘚𑘲 𑘩𑘱𑘢𑘲𑘓𑘹 𑘢𑘳𑘡𑘨𑘳𑘕𑘿𑘕𑘲𑘪𑘡 𑘎𑘨𑘜𑘿𑘧𑘰𑘓𑘹 𑘢𑘿𑘨𑘧𑘝𑘿𑘡 𑘭𑘳𑘨𑘴 𑘁𑘮𑘹𑘝.,108
data/synthetic/images/line_0108_v002.png,मोडी लिपीचे पुनरुज्जीवन करण्याचे प्रयत्न सुरू आहेत.,𑘦𑘻𑘚𑘲 𑘩𑘱𑘢𑘲𑘓𑘹 𑘢𑘳𑘡𑘨𑘳𑘕𑘿𑘕𑘲𑘪𑘡 𑘎𑘨𑘜𑘿𑘧𑘰𑘓𑘹 𑘢𑘿𑘨𑘧𑘝𑘿𑘡 𑘭𑘳𑘨𑘴 𑘁𑘮𑘹𑘝.,108
data/synthetic/images/line_0108_v003.png,मोडी लिपीचे पुनरुज्जीवन करण्याचे प्रयत्न सुरू आहेत.,𑘦𑘻𑘚𑘲 𑘩𑘱𑘢𑘲𑘓𑘹 𑘢𑘳𑘡𑘨𑘳𑘕𑘿𑘕𑘲𑘪𑘡 𑘎𑘨𑘜𑘿𑘧𑘰𑘓𑘹 𑘢𑘿𑘨𑘧𑘝𑘿𑘡 𑘭𑘳𑘨𑘴 𑘁𑘮𑘹𑘝.,108
data/synthetic/images/line_0108_v004.png,मोडी लिपीचे पुनरुज्जीवन करण्याचे प्रयत्न सुरू आहेत.,𑘦𑘻𑘚𑘲 𑘩𑘱𑘢𑘲𑘓𑘹 𑘢𑘳𑘡𑘨𑘳𑘕𑘿𑘕𑘲𑘪𑘡 𑘎𑘨𑘜𑘿𑘧𑘰𑘓𑘹 𑘢𑘿𑘨𑘧𑘝𑘿𑘡 𑘭𑘳𑘨𑘴 𑘁𑘮𑘹𑘝.,108
data/synthetic/images/line_0108_v005.png,मोडी लिपीचे पुनरुज्जीवन करण्याचे प्रयत्न सुरू आहेत.,𑘦𑘻𑘚𑘲 𑘩𑘱𑘢𑘲𑘓𑘹 𑘢𑘳𑘡𑘨𑘳𑘕𑘿𑘕𑘲𑘪𑘡 𑘎𑘨𑘜𑘿𑘧𑘰𑘓𑘹 𑘢𑘿𑘨𑘧𑘝𑘿𑘡 𑘭𑘳𑘨𑘴 𑘁𑘮𑘹𑘝.,108
data/synthetic/images/line_0108_v006.png,मोडी लिपीचे पुनरुज्जीवन करण्याचे प्रयत्न सुरू आहेत.,𑘦𑘻𑘚𑘲 𑘩𑘱𑘢𑘲𑘓𑘹 𑘢𑘳𑘡𑘨𑘳𑘕𑘿𑘕𑘲𑘪𑘡 𑘎𑘨𑘜𑘿𑘧𑘰𑘓𑘹 𑘢𑘿𑘨𑘧𑘝𑘿𑘡 𑘭𑘳𑘨𑘴 𑘁𑘮𑘹𑘝.,108
data/synthetic/images/line_0108_v007.png,मोडी लिपीचे पुनरुज्जीवन करण्याचे प्रयत्न सुरू आहेत.,𑘦𑘻𑘚𑘲 𑘩𑘱𑘢𑘲𑘓𑘹 𑘢𑘳𑘡𑘨𑘳𑘕𑘿𑘕𑘲𑘪𑘡 𑘎𑘨𑘜𑘿𑘧𑘰𑘓𑘹 𑘢𑘿𑘨𑘧𑘝𑘿𑘡 𑘭𑘳𑘨𑘴 𑘁𑘮𑘹𑘝.,108
data/synthetic/images/line_0108_v008.png,मोडी लिपीचे पुनरुज्जीवन करण्याचे प्रयत्न सुरू आहेत.,𑘦𑘻𑘚𑘲 𑘩𑘱𑘢𑘲𑘓𑘹 𑘢𑘳𑘡𑘨𑘳𑘕𑘿𑘕𑘲𑘪𑘡 𑘎𑘨𑘜𑘿𑘧𑘰𑘓𑘹 𑘢𑘿𑘨𑘧𑘝𑘿𑘡 𑘭𑘳𑘨𑘴 𑘁𑘮𑘹𑘝.,108
data/synthetic/images/line_0108_v009.png,मोडी लिपीचे पुनरुज्जीवन करण्याचे प्रयत्न सुरू आहेत.,𑘦𑘻𑘚𑘲 𑘩𑘱𑘢𑘲𑘓𑘹 𑘢𑘳𑘡𑘨𑘳𑘕𑘿𑘕𑘲𑘪𑘡 𑘎𑘨𑘜𑘿𑘧𑘰𑘓𑘹 𑘢𑘿𑘨𑘧𑘝𑘿𑘡 𑘭𑘳𑘨𑘴 𑘁𑘮𑘹𑘝.,108
data/synthetic/images/line_0108_v010.png,मोडी लिपीचे पुनरुज्जीवन करण्याचे प्रयत्न सुरू आहेत.,𑘦𑘻𑘚𑘲 𑘩𑘱𑘢𑘲𑘓𑘹 𑘢𑘳𑘡𑘨𑘳𑘕𑘿𑘕𑘲𑘪𑘡 𑘎𑘨𑘜𑘿𑘧𑘰𑘓𑘹 𑘢𑘿𑘨𑘧𑘝𑘿𑘡 𑘭𑘳𑘨𑘴 𑘁𑘮𑘹𑘝.,108
data/synthetic/images/line_0108_v011.png,मोडी लिपीचे पुनरुज्जीवन करण्याचे प्रयत्न सुरू आहेत.,𑘦𑘻𑘚𑘲 𑘩𑘱𑘢𑘲𑘓𑘹 𑘢𑘳𑘡𑘨𑘳𑘕𑘿𑘕𑘲𑘪𑘡 𑘎𑘨𑘜𑘿𑘧𑘰𑘓𑘹 𑘢𑘿𑘨𑘧𑘝𑘿𑘡 𑘭𑘳𑘨𑘴 𑘁𑘮𑘹𑘝.,108
data/synthetic/images/line_0108_v012.png,मोडी लिपीचे पुनरुज्जीवन करण्याचे प्रयत्न सुरू आहेत.,𑘦𑘻𑘚𑘲 𑘩𑘱𑘢𑘲𑘓𑘹 𑘢𑘳𑘡𑘨𑘳𑘕𑘿𑘕𑘲𑘪𑘡 𑘎𑘨𑘜𑘿𑘧𑘰𑘓𑘹 𑘢𑘿𑘨𑘧𑘝𑘿𑘡 𑘭𑘳𑘨𑘴 𑘁𑘮𑘹𑘝.,108
data/synthetic/images/line_0108_v013.png,मोडी लिपीचे पुनरुज्जीवन करण्याचे प्रयत्न सुरू आहेत.,𑘦𑘻𑘚𑘲 𑘩𑘱𑘢𑘲𑘓𑘹 𑘢𑘳𑘡𑘨𑘳𑘕𑘿𑘕𑘲𑘪𑘡 𑘎𑘨𑘜𑘿𑘧𑘰𑘓𑘹 𑘢𑘿𑘨𑘧𑘝𑘿𑘡 𑘭𑘳𑘨𑘴 𑘁𑘮𑘹𑘝.,108
data/synthetic/images/line_0108_v014.png,मोडी लिपीचे पुनरुज्जीवन करण्याचे प्रयत्न सुरू आहेत.,𑘦𑘻𑘚𑘲 𑘩𑘱𑘢𑘲𑘓𑘹 𑘢𑘳𑘡𑘨𑘳𑘕𑘿𑘕𑘲𑘪𑘡 𑘎𑘨𑘜𑘿𑘧𑘰𑘓𑘹 𑘢𑘿𑘨𑘧𑘝𑘿𑘡 𑘭𑘳𑘨𑘴 𑘁𑘮𑘹𑘝.,108
data/synthetic/images/line_0108_v015.png,मोडी लिपीचे पुनरुज्जीवन करण्याचे प्रयत्न सुरू आहेत.,𑘦𑘻𑘚𑘲 𑘩𑘱𑘢𑘲𑘓𑘹 𑘢𑘳𑘡𑘨𑘳𑘕𑘿𑘕𑘲𑘪𑘡 𑘎𑘨𑘜𑘿𑘧𑘰𑘓𑘹 𑘢𑘿𑘨𑘧𑘝𑘿𑘡 𑘭𑘳𑘨𑘴 𑘁𑘮𑘹𑘝.,108
data/synthetic/images/line_0108_v016.png,मोडी लिपीचे पुनरुज्जीवन करण्याचे प्रयत्न सुरू आहेत.,𑘦𑘻𑘚𑘲 𑘩𑘱𑘢𑘲𑘓𑘹 𑘢𑘳𑘡𑘨𑘳𑘕𑘿𑘕𑘲𑘪𑘡 𑘎𑘨𑘜𑘿𑘧𑘰𑘓𑘹 𑘢𑘿𑘨𑘧𑘝𑘿𑘡 𑘭𑘳𑘨𑘴 𑘁𑘮𑘹𑘝.,108
data/synthetic/images/line_0108_v017.png,मोडी लिपीचे पुनरुज्जीवन करण्याचे प्रयत्न सुरू आहेत.,𑘦𑘻𑘚𑘲 𑘩𑘱𑘢𑘲𑘓𑘹 𑘢𑘳𑘡𑘨𑘳𑘕𑘿𑘕𑘲𑘪𑘡 𑘎𑘨𑘜𑘿𑘧𑘰𑘓𑘹 𑘢𑘿𑘨𑘧𑘝𑘿𑘡 𑘭𑘳𑘨𑘴 𑘁𑘮𑘹𑘝.,108
data/synthetic/images/line_0108_v018.png,मोडी लिपीचे पुनरुज्जीवन करण्याचे प्रयत्न सुरू आहेत.,𑘦𑘻𑘚𑘲 𑘩𑘱𑘢𑘲𑘓𑘹 𑘢𑘳𑘡𑘨𑘳𑘕𑘿𑘕𑘲𑘪𑘡 𑘎𑘨𑘜𑘿𑘧𑘰𑘓𑘹 𑘢𑘿𑘨𑘧𑘝𑘿𑘡 𑘭𑘳𑘨𑘴 𑘁𑘮𑘹𑘝.,108
data/synthetic/images/line_0108_v019.png,मोडी लिपीचे पुनरुज्जीवन करण्याचे प्रयत्न सुरू आहेत.,𑘦𑘻𑘚𑘲 𑘩𑘱𑘢𑘲𑘓𑘹 𑘢𑘳𑘡𑘨𑘳𑘕𑘿𑘕𑘲𑘪𑘡 𑘎𑘨𑘜𑘿𑘧𑘰𑘓𑘹 𑘢𑘿𑘨𑘧𑘝𑘿𑘡 𑘭𑘳𑘨𑘴 𑘁𑘮𑘹𑘝.,108
data/synthetic/images/line_0108_v020.png,मोडी लिपीचे पुनरुज्जीवन करण्याचे प्रयत्न सुरू आहेत.,𑘦𑘻𑘚𑘲 𑘩𑘱𑘢𑘲𑘓𑘹 𑘢𑘳𑘡𑘨𑘳𑘕𑘿𑘕𑘲𑘪𑘡 𑘎𑘨𑘜𑘿𑘧𑘰𑘓𑘹 𑘢𑘿𑘨𑘧𑘝𑘿𑘡 𑘭𑘳𑘨𑘴 𑘁𑘮𑘹𑘝.,108
data/synthetic/images/line_0108_v021.png,मोडी लिपीचे पुनरुज्जीवन करण्याचे प्रयत्न सुरू आहेत.,𑘦𑘻𑘚𑘲 𑘩𑘱𑘢𑘲𑘓𑘹 𑘢𑘳𑘡𑘨𑘳𑘕𑘿𑘕𑘲𑘪𑘡 𑘎𑘨𑘜𑘿𑘧𑘰𑘓𑘹 𑘢𑘿𑘨𑘧𑘝𑘿𑘡 𑘭𑘳𑘨𑘴 𑘁𑘮𑘹𑘝.,108
data/synthetic/images/line_0108_v022.png,मोडी लिपीचे पुनरुज्जीवन करण्याचे प्रयत्न सुरू आहेत.,𑘦𑘻𑘚𑘲 𑘩𑘱𑘢𑘲𑘓𑘹 𑘢𑘳𑘡𑘨𑘳𑘕𑘿𑘕𑘲𑘪𑘡 𑘎𑘨𑘜𑘿𑘧𑘰𑘓𑘹 𑘢𑘿𑘨𑘧𑘝𑘿𑘡 𑘭𑘳𑘨𑘴 𑘁𑘮𑘹𑘝.,108
data/synthetic/images/line_0108_v023.png,मोडी लिपीचे पुनरुज्जीवन करण्याचे प्रयत्न सुरू आहेत.,𑘦𑘻𑘚𑘲 𑘩𑘱𑘢𑘲𑘓𑘹 𑘢𑘳𑘡𑘨𑘳𑘕𑘿𑘕𑘲𑘪𑘡 𑘎𑘨𑘜𑘿𑘧𑘰𑘓𑘹 𑘢𑘿𑘨𑘧𑘝𑘿𑘡 𑘭𑘳𑘨𑘴 𑘁𑘮𑘹𑘝.,108
data/synthetic/images/line_0108_v024.png,मोडी लिपीचे पुनरुज्जीवन करण्याचे प्रयत्न सुरू आहेत.,𑘦𑘻𑘚𑘲 𑘩𑘱𑘢𑘲𑘓𑘹 𑘢𑘳𑘡𑘨𑘳𑘕𑘿𑘕𑘲𑘪𑘡 𑘎𑘨𑘜𑘿𑘧𑘰𑘓𑘹 𑘢𑘿𑘨𑘧𑘝𑘿𑘡 𑘭𑘳𑘨𑘴 𑘁𑘮𑘹𑘝.,108
data/synthetic/images/line_0108_v025.png,मोडी लिपीचे पुनरुज्जीवन करण्याचे प्रयत्न सुरू आहेत.,𑘦𑘻𑘚𑘲 𑘩𑘱𑘢𑘲𑘓𑘹 𑘢𑘳𑘡𑘨𑘳𑘕𑘿𑘕𑘲𑘪𑘡 𑘎𑘨𑘜𑘿𑘧𑘰𑘓𑘹 𑘢𑘿𑘨𑘧𑘝𑘿𑘡 𑘭𑘳𑘨𑘴 𑘁𑘮𑘹𑘝.,108
data/synthetic/images/line_0108_v026.png,मोडी लिपीचे पुनरुज्जीवन करण्याचे प्रयत्न सुरू आहेत.,𑘦𑘻𑘚𑘲 𑘩𑘱𑘢𑘲𑘓𑘹 𑘢𑘳𑘡𑘨𑘳𑘕𑘿𑘕𑘲𑘪𑘡 𑘎𑘨𑘜𑘿𑘧𑘰𑘓𑘹 𑘢𑘿𑘨𑘧𑘝𑘿𑘡 𑘭𑘳𑘨𑘴 𑘁𑘮𑘹𑘝.,108
data/synthetic/images/line_0108_v027.png,मोडी लिपीचे पुनरुज्जीवन करण्याचे प्रयत्न सुरू आहेत.,𑘦𑘻𑘚𑘲 𑘩𑘱𑘢𑘲𑘓𑘹 𑘢𑘳𑘡𑘨𑘳𑘕𑘿𑘕𑘲𑘪𑘡 𑘎𑘨𑘜𑘿𑘧𑘰𑘓𑘹 𑘢𑘿𑘨𑘧𑘝𑘿𑘡 𑘭𑘳𑘨𑘴 𑘁𑘮𑘹𑘝.,108
data/synthetic/images/line_0108_v028.png,मोडी लिपीचे पुनरुज्जीवन करण्याचे प्रयत्न सुरू आहेत.,𑘦𑘻𑘚𑘲 𑘩𑘱𑘢𑘲𑘓𑘹 𑘢𑘳𑘡𑘨𑘳𑘕𑘿𑘕𑘲𑘪𑘡 𑘎𑘨𑘜𑘿𑘧𑘰𑘓𑘹 𑘢𑘿𑘨𑘧𑘝𑘿𑘡 𑘭𑘳𑘨𑘴 𑘁𑘮𑘹𑘝.,108
data/synthetic/images/line_0108_v029.png,मोडी लिपीचे पुनरुज्जीवन करण्याचे प्रयत्न सुरू आहेत.,𑘦𑘻𑘚𑘲 𑘩𑘱𑘢𑘲𑘓𑘹 𑘢𑘳𑘡𑘨𑘳𑘕𑘿𑘕𑘲𑘪𑘡 𑘎𑘨𑘜𑘿𑘧𑘰𑘓𑘹 𑘢𑘿𑘨𑘧𑘝𑘿𑘡 𑘭𑘳𑘨𑘴 𑘁𑘮𑘹𑘝.,108
data/synthetic/images/line_0108_v030.png,मोडी लिपीचे पुनरुज्जीवन करण्याचे प्रयत्न सुरू आहेत.,𑘦𑘻𑘚𑘲 𑘩𑘱𑘢𑘲𑘓𑘹 𑘢𑘳𑘡𑘨𑘳𑘕𑘿𑘕𑘲𑘪𑘡 𑘎𑘨𑘜𑘿𑘧𑘰𑘓𑘹 𑘢𑘿𑘨𑘧𑘝𑘿𑘡 𑘭𑘳𑘨𑘴 𑘁𑘮𑘹𑘝.,108
data/synthetic/images/line_0108_v031.png,मोडी लिपीचे पुनरुज्जीवन करण्याचे प्रयत्न सुरू आहेत.,𑘦𑘻𑘚𑘲 𑘩𑘱𑘢𑘲𑘓𑘹 𑘢𑘳𑘡𑘨𑘳𑘕𑘿𑘕𑘲𑘪𑘡 𑘎𑘨𑘜𑘿𑘧𑘰𑘓𑘹 𑘢𑘿𑘨𑘧𑘝𑘿𑘡 𑘭𑘳𑘨𑘴 𑘁𑘮𑘹𑘝.,108
data/synthetic/images/line_0108_v032.png,मोडी लिपीचे पुनरुज्जीवन करण्याचे प्रयत्न सुरू आहेत.,𑘦𑘻𑘚𑘲 𑘩𑘱𑘢𑘲𑘓𑘹 𑘢𑘳𑘡𑘨𑘳𑘕𑘿𑘕𑘲𑘪𑘡 𑘎𑘨𑘜𑘿𑘧𑘰𑘓𑘹 𑘢𑘿𑘨𑘧𑘝𑘿𑘡 𑘭𑘳𑘨𑘴 𑘁𑘮𑘹𑘝.,108
data/synthetic/images/line_0108_v033.png,मोडी लिपीचे पुनरुज्जीवन करण्याचे प्रयत्न सुरू आहेत.,𑘦𑘻𑘚𑘲 𑘩𑘱𑘢𑘲𑘓𑘹 𑘢𑘳𑘡𑘨𑘳𑘕𑘿𑘕𑘲𑘪𑘡 𑘎𑘨𑘜𑘿𑘧𑘰𑘓𑘹 𑘢𑘿𑘨𑘧𑘝𑘿𑘡 𑘭𑘳𑘨𑘴 𑘁𑘮𑘹𑘝.,108
data/synthetic/images/line_0108_v034.png,मोडी लिपीचे पुनरुज्जीवन करण्याचे प्रयत्न सुरू आहेत.,𑘦𑘻𑘚𑘲 𑘩𑘱𑘢𑘲𑘓𑘹 𑘢𑘳𑘡𑘨𑘳𑘕𑘿𑘕𑘲𑘪𑘡 𑘎𑘨𑘜𑘿𑘧𑘰𑘓𑘹 𑘢𑘿𑘨𑘧𑘝𑘿𑘡 𑘭𑘳𑘨𑘴 𑘁𑘮𑘹𑘝.,108
data/synthetic/images/line_0108_v035.png,मोडी लिपीचे पुनरुज्जीवन करण्याचे प्रयत्न सुरू आहेत.,𑘦𑘻𑘚𑘲 𑘩𑘱𑘢𑘲𑘓𑘹 𑘢𑘳𑘡𑘨𑘳𑘕𑘿𑘕𑘲𑘪𑘡 𑘎𑘨𑘜𑘿𑘧𑘰𑘓𑘹 𑘢𑘿𑘨𑘧𑘝𑘿𑘡 𑘭𑘳𑘨𑘴 𑘁𑘮𑘹𑘝.,108
data/synthetic/images/line_0108_v036.png,मोडी लिपीचे पुनरुज्जीवन करण्याचे प्रयत्न सुरू आहेत.,𑘦𑘻𑘚𑘲 𑘩𑘱𑘢𑘲𑘓𑘹 𑘢𑘳𑘡𑘨𑘳𑘕𑘿𑘕𑘲𑘪𑘡 𑘎𑘨𑘜𑘿𑘧𑘰𑘓𑘹 𑘢𑘿𑘨𑘧𑘝𑘿𑘡 𑘭𑘳𑘨𑘴 𑘁𑘮𑘹𑘝.,108
data/synthetic/images/line_0108_v037.png,मोडी लिपीचे पुनरुज्जीवन करण्याचे प्रयत्न सुरू आहेत.,𑘦𑘻𑘚𑘲 𑘩𑘱𑘢𑘲𑘓𑘹 𑘢𑘳𑘡𑘨𑘳𑘕𑘿𑘕𑘲𑘪𑘡 𑘎𑘨𑘜𑘿𑘧𑘰𑘓𑘹 𑘢𑘿𑘨𑘧𑘝𑘿𑘡 𑘭𑘳𑘨𑘴 𑘁𑘮𑘹𑘝.,108
data/synthetic/images/line_0108_v038.png,मोडी लिपीचे पुनरुज्जीवन करण्याचे प्रयत्न सुरू आहेत.,𑘦𑘻𑘚𑘲 𑘩𑘱𑘢𑘲𑘓𑘹 𑘢𑘳𑘡𑘨𑘳𑘕𑘿𑘕𑘲𑘪𑘡 𑘎𑘨𑘜𑘿𑘧𑘰𑘓𑘹 𑘢𑘿𑘨𑘧𑘝𑘿𑘡 𑘭𑘳𑘨𑘴 𑘁𑘮𑘹𑘝.,108
data/synthetic/images/line_0108_v039.png,मोडी लिपीचे पुनरुज्जीवन करण्याचे प्रयत्न सुरू आहेत.,𑘦𑘻𑘚𑘲 𑘩𑘱𑘢𑘲𑘓𑘹 𑘢𑘳𑘡𑘨𑘳𑘕𑘿𑘕𑘲𑘪𑘡 𑘎𑘨𑘜𑘿𑘧𑘰𑘓𑘹 𑘢𑘿𑘨𑘧𑘝𑘿𑘡 𑘭𑘳𑘨𑘴 𑘁𑘮𑘹𑘝.,108
data/synthetic/images/line_0109_v000.png,जुन्या हस्तलिखितांचे डिजिटायझेशन आवश्यक आहे.,𑘕𑘳𑘡𑘿𑘧𑘰 𑘮𑘭𑘿𑘝𑘩𑘱𑘏𑘱𑘝𑘰𑘽𑘓𑘹 𑘚𑘱𑘕𑘱𑘘𑘰𑘧𑘖𑘹𑘫𑘡 𑘁𑘪𑘫𑘿𑘧𑘎 𑘁𑘮𑘹.,109
data/synthetic/images/line_0109_v001.png,जुन्या हस्तलिखितांचे डिजिटायझेशन आवश्यक आहे.,𑘕𑘳𑘡𑘿𑘧𑘰 𑘮𑘭𑘿𑘝𑘩𑘱𑘏𑘱𑘝𑘰𑘽𑘓𑘹 𑘚𑘱𑘕𑘱𑘘𑘰𑘧𑘖𑘹𑘫𑘡 𑘁𑘪𑘫𑘿𑘧𑘎 𑘁𑘮𑘹.,109
data/synthetic/images/line_0109_v002.png,जुन्या हस्तलिखितांचे डिजिटायझेशन आवश्यक आहे.,𑘕𑘳𑘡𑘿𑘧𑘰 𑘮𑘭𑘿𑘝𑘩𑘱𑘏𑘱𑘝𑘰𑘽𑘓𑘹 𑘚𑘱𑘕𑘱𑘘𑘰𑘧𑘖𑘹𑘫𑘡 𑘁𑘪𑘫𑘿𑘧𑘎 𑘁𑘮𑘹.,109
data/synthetic/images/line_0109_v003.png,जुन्या हस्तलिखितांचे डिजिटायझेशन आवश्यक आहे.,𑘕𑘳𑘡𑘿𑘧𑘰 𑘮𑘭𑘿𑘝𑘩𑘱𑘏𑘱𑘝𑘰𑘽𑘓𑘹 𑘚𑘱𑘕𑘱𑘘𑘰𑘧𑘖𑘹𑘫𑘡 𑘁𑘪𑘫𑘿𑘧𑘎 𑘁𑘮𑘹.,109
data/synthetic/images/line_0109_v004.png,जुन्या हस्तलिखितांचे डिजिटायझेशन आवश्यक आहे.,𑘕𑘳𑘡𑘿𑘧𑘰 𑘮𑘭𑘿𑘝𑘩𑘱𑘏𑘱𑘝𑘰𑘽𑘓𑘹 𑘚𑘱𑘕𑘱𑘘𑘰𑘧𑘖𑘹𑘫𑘡 𑘁𑘪𑘫𑘿𑘧𑘎 𑘁𑘮𑘹.,109
data/synthetic/images/line_0109_v005.png,जुन्या हस्तलिखितांचे डिजिटायझेशन आवश्यक आहे.,𑘕𑘳𑘡𑘿𑘧𑘰 𑘮𑘭𑘿𑘝𑘩𑘱𑘏𑘱𑘝𑘰𑘽𑘓𑘹 𑘚𑘱𑘕𑘱𑘘𑘰𑘧𑘖𑘹𑘫𑘡 𑘁𑘪𑘫𑘿𑘧𑘎 𑘁𑘮𑘹.,109
data/synthetic/images/line_0109_v006.png,जुन्या हस्तलिखितांचे डिजिटायझेशन आवश्यक आहे.,𑘕𑘳𑘡𑘿𑘧𑘰 𑘮𑘭𑘿𑘝𑘩𑘱𑘏𑘱𑘝𑘰𑘽𑘓𑘹 𑘚𑘱𑘕𑘱𑘘𑘰𑘧𑘖𑘹𑘫𑘡 𑘁𑘪𑘫𑘿𑘧𑘎 𑘁𑘮𑘹.,109
data/synthetic/images/line_0109_v007.png,जुन्या हस्तलिखितांचे डिजिटायझेशन आवश्यक आहे.,𑘕𑘳𑘡𑘿𑘧𑘰 𑘮𑘭𑘿𑘝𑘩𑘱𑘏𑘱𑘝𑘰𑘽𑘓𑘹 𑘚𑘱𑘕𑘱𑘘𑘰𑘧𑘖𑘹𑘫𑘡 𑘁𑘪𑘫𑘿𑘧𑘎 𑘁𑘮𑘹.,109
data/synthetic/images/line_0109_v008.png,जुन्या हस्तलिखितांचे डिजिटायझेशन आवश्यक आहे.,𑘕𑘳𑘡𑘿𑘧𑘰 𑘮𑘭𑘿𑘝𑘩𑘱𑘏𑘱𑘝𑘰𑘽𑘓𑘹 𑘚𑘱𑘕𑘱𑘘𑘰𑘧𑘖𑘹𑘫𑘡 𑘁𑘪𑘫𑘿𑘧𑘎 𑘁𑘮𑘹.,109
data/synthetic/images/line_0109_v009.png,जुन्या हस्तलिखितांचे डिजिटायझेशन आवश्यक आहे.,𑘕𑘳𑘡𑘿𑘧𑘰 𑘮𑘭𑘿𑘝𑘩𑘱𑘏𑘱𑘝𑘰𑘽𑘓𑘹 𑘚𑘱𑘕𑘱𑘘𑘰𑘧𑘖𑘹𑘫𑘡 𑘁𑘪𑘫𑘿𑘧𑘎 𑘁𑘮𑘹.,109
data/synthetic/images/line_0109_v010.png,जुन्या हस्तलिखितांचे डिजिटायझेशन आवश्यक आहे.,𑘕𑘳𑘡𑘿𑘧𑘰 𑘮𑘭𑘿𑘝𑘩𑘱𑘏𑘱𑘝𑘰𑘽𑘓𑘹 𑘚𑘱𑘕𑘱𑘘𑘰𑘧𑘖𑘹𑘫𑘡 𑘁𑘪𑘫𑘿𑘧𑘎 𑘁𑘮𑘹.,109
data/synthetic/images/line_0109_v011.png,जुन्या हस्तलिखितांचे डिजिटायझेशन आवश्यक आहे.,𑘕𑘳𑘡𑘿𑘧𑘰 𑘮𑘭𑘿𑘝𑘩𑘱𑘏𑘱𑘝𑘰𑘽𑘓𑘹 𑘚𑘱𑘕𑘱𑘘𑘰𑘧𑘖𑘹𑘫𑘡 𑘁𑘪𑘫𑘿𑘧𑘎 𑘁𑘮𑘹.,109
data/synthetic/images/line_0109_v012.png,जुन्या हस्तलिखितांचे डिजिटायझेशन आवश्यक आहे.,𑘕𑘳𑘡𑘿𑘧𑘰 𑘮𑘭𑘿𑘝𑘩𑘱𑘏𑘱𑘝𑘰𑘽𑘓𑘹 𑘚𑘱𑘕𑘱𑘘𑘰𑘧𑘖𑘹𑘫𑘡 𑘁𑘪𑘫𑘿𑘧𑘎 𑘁𑘮𑘹.,109
data/synthetic/images/line_0109_v013.png,जुन्या हस्तलिखितांचे डिजिटायझेशन आवश्यक आहे.,𑘕𑘳𑘡𑘿𑘧𑘰 𑘮𑘭𑘿𑘝𑘩𑘱𑘏𑘱𑘝𑘰𑘽𑘓𑘹 𑘚𑘱𑘕𑘱𑘘𑘰𑘧𑘖𑘹𑘫𑘡 𑘁𑘪𑘫𑘿𑘧𑘎 𑘁𑘮𑘹.,109
data/synthetic/images/line_0109_v014.png,जुन्या हस्तलिखितांचे डिजिटायझेशन आवश्यक आहे.,𑘕𑘳𑘡𑘿𑘧𑘰 𑘮𑘭𑘿𑘝𑘩𑘱𑘏𑘱𑘝𑘰𑘽𑘓𑘹 𑘚𑘱𑘕𑘱𑘘𑘰𑘧𑘖𑘹𑘫𑘡 𑘁𑘪𑘫𑘿𑘧𑘎 𑘁𑘮𑘹.,109
data/synthetic/images/line_0109_v015.png,जुन्या हस्तलिखितांचे डिजिटायझेशन आवश्यक आहे.,𑘕𑘳𑘡𑘿𑘧𑘰 𑘮𑘭𑘿𑘝𑘩𑘱𑘏𑘱𑘝𑘰𑘽𑘓𑘹 𑘚𑘱𑘕𑘱𑘘𑘰𑘧𑘖𑘹𑘫𑘡 𑘁𑘪𑘫𑘿𑘧𑘎 𑘁𑘮𑘹.,109
data/synthetic/images/line_0109_v016.png,जुन्या हस्तलिखितांचे डिजिटायझेशन आवश्यक आहे.,𑘕𑘳𑘡𑘿𑘧𑘰 𑘮𑘭𑘿𑘝𑘩𑘱𑘏𑘱𑘝𑘰𑘽𑘓𑘹 𑘚𑘱𑘕𑘱𑘘𑘰𑘧𑘖𑘹𑘫𑘡 𑘁𑘪𑘫𑘿𑘧𑘎 𑘁𑘮𑘹.,109
data/synthetic/images/line_0109_v017.png,जुन्या हस्तलिखितांचे डिजिटायझेशन आवश्यक आहे.,𑘕𑘳𑘡𑘿𑘧𑘰 𑘮𑘭𑘿𑘝𑘩𑘱𑘏𑘱𑘝𑘰𑘽𑘓𑘹 𑘚𑘱𑘕𑘱𑘘𑘰𑘧𑘖𑘹𑘫𑘡 𑘁𑘪𑘫𑘿𑘧𑘎 𑘁𑘮𑘹.,109
data/synthetic/images/line_0109_v018.png,जुन्या हस्तलिखितांचे डिजिटायझेशन आवश्यक आहे.,𑘕𑘳𑘡𑘿𑘧𑘰 𑘮𑘭𑘿𑘝𑘩𑘱𑘏𑘱𑘝𑘰𑘽𑘓𑘹 𑘚𑘱𑘕𑘱𑘘𑘰𑘧𑘖𑘹𑘫𑘡 𑘁𑘪𑘫𑘿𑘧𑘎 𑘁𑘮𑘹.,109
data/synthetic/images/line_0109_v019.png,जुन्या हस्तलिखितांचे डिजिटायझेशन आवश्यक आहे.,𑘕𑘳𑘡𑘿𑘧𑘰 𑘮𑘭𑘿𑘝𑘩𑘱𑘏𑘱𑘝𑘰𑘽𑘓𑘹 𑘚𑘱𑘕𑘱𑘘𑘰𑘧𑘖𑘹𑘫𑘡 𑘁𑘪𑘫𑘿𑘧𑘎 𑘁𑘮𑘹.,109
data/synthetic/images/line_0109_v020.png,जुन्या हस्तलिखितांचे डिजिटायझेशन आवश्यक आहे.,𑘕𑘳𑘡𑘿𑘧𑘰 𑘮𑘭𑘿𑘝𑘩𑘱𑘏𑘱𑘝𑘰𑘽𑘓𑘹 𑘚𑘱𑘕𑘱𑘘𑘰𑘧𑘖𑘹𑘫𑘡 𑘁𑘪𑘫𑘿𑘧𑘎 𑘁𑘮𑘹.,109
data/synthetic/images/line_0109_v021.png,जुन्या हस्तलिखितांचे डिजिटायझेशन आवश्यक आहे.,𑘕𑘳𑘡𑘿𑘧𑘰 𑘮𑘭𑘿𑘝𑘩𑘱𑘏𑘱𑘝𑘰𑘽𑘓𑘹 𑘚𑘱𑘕𑘱𑘘𑘰𑘧𑘖𑘹𑘫𑘡 𑘁𑘪𑘫𑘿𑘧𑘎 𑘁𑘮𑘹.,109
data/synthetic/images/line_0109_v022.png,जुन्या हस्तलिखितांचे डिजिटायझेशन आवश्यक आहे.,𑘕𑘳𑘡𑘿𑘧𑘰 𑘮𑘭𑘿𑘝𑘩𑘱𑘏𑘱𑘝𑘰𑘽𑘓𑘹 𑘚𑘱𑘕𑘱𑘘𑘰𑘧𑘖𑘹𑘫𑘡 𑘁𑘪𑘫𑘿𑘧𑘎 𑘁𑘮𑘹.,109
data/synthetic/images/line_0109_v023.png,जुन्या हस्तलिखितांचे डिजिटायझेशन आवश्यक आहे.,𑘕𑘳𑘡𑘿𑘧𑘰 𑘮𑘭𑘿𑘝𑘩𑘱𑘏𑘱𑘝𑘰𑘽𑘓𑘹 𑘚𑘱𑘕𑘱𑘘𑘰𑘧𑘖𑘹𑘫𑘡 𑘁𑘪𑘫𑘿𑘧𑘎 𑘁𑘮𑘹.,109
data/synthetic/images/line_0109_v024.png,जुन्या हस्तलिखितांचे डिजिटायझेशन आवश्यक आहे.,𑘕𑘳𑘡𑘿𑘧𑘰 𑘮𑘭𑘿𑘝𑘩𑘱𑘏𑘱𑘝𑘰𑘽𑘓𑘹 𑘚𑘱𑘕𑘱𑘘𑘰𑘧𑘖𑘹𑘫𑘡 𑘁𑘪𑘫𑘿𑘧𑘎 𑘁𑘮𑘹.,109
data/synthetic/images/line_0109_v025.png,जुन्या हस्तलिखितांचे डिजिटायझेशन आवश्यक आहे.,𑘕𑘳𑘡𑘿𑘧𑘰 𑘮𑘭𑘿𑘝𑘩𑘱𑘏𑘱𑘝𑘰𑘽𑘓𑘹 𑘚𑘱𑘕𑘱𑘘𑘰𑘧𑘖𑘹𑘫𑘡 𑘁𑘪𑘫𑘿𑘧𑘎 𑘁𑘮𑘹.,109
data/synthetic/images/line_0109_v026.png,जुन्या हस्तलिखितांचे डिजिटायझेशन आवश्यक आहे.,𑘕𑘳𑘡𑘿𑘧𑘰 𑘮𑘭𑘿𑘝𑘩𑘱𑘏𑘱𑘝𑘰𑘽𑘓𑘹 𑘚𑘱𑘕𑘱𑘘𑘰𑘧𑘖𑘹𑘫𑘡 𑘁𑘪𑘫𑘿𑘧𑘎 𑘁𑘮𑘹.,109
data/synthetic/images/line_0109_v027.png,जुन्या हस्तलिखितांचे डिजिटायझेशन आवश्यक आहे.,𑘕𑘳𑘡𑘿𑘧𑘰 𑘮𑘭𑘿𑘝𑘩𑘱𑘏𑘱𑘝𑘰𑘽𑘓𑘹 𑘚𑘱𑘕𑘱𑘘𑘰𑘧𑘖𑘹𑘫𑘡 𑘁𑘪𑘫𑘿𑘧𑘎 𑘁𑘮𑘹.,109
data/synthetic/images/line_0109_v028.png,जुन्या हस्तलिखितांचे डिजिटायझेशन आवश्यक आहे.,𑘕𑘳𑘡𑘿𑘧𑘰 𑘮𑘭𑘿𑘝𑘩𑘱𑘏𑘱𑘝𑘰𑘽𑘓𑘹 𑘚𑘱𑘕𑘱𑘘𑘰𑘧𑘖𑘹𑘫𑘡 𑘁𑘪𑘫𑘿𑘧𑘎 𑘁𑘮𑘹.,109
data/synthetic/images/line_0109_v029.png,जुन्या हस्तलिखितांचे डिजिटायझेशन आवश्यक आहे.,𑘕𑘳𑘡𑘿𑘧𑘰 𑘮𑘭𑘿𑘝𑘩𑘱𑘏𑘱𑘝𑘰𑘽𑘓𑘹 𑘚𑘱𑘕𑘱𑘘𑘰𑘧𑘖𑘹𑘫𑘡 𑘁𑘪𑘫𑘿𑘧𑘎 𑘁𑘮𑘹.,109
data/synthetic/images/line_0109_v030.png,जुन्या हस्तलिखितांचे डिजिटायझेशन आवश्यक आहे.,𑘕𑘳𑘡𑘿𑘧𑘰 𑘮𑘭𑘿𑘝𑘩𑘱𑘏𑘱𑘝𑘰𑘽𑘓𑘹 𑘚𑘱𑘕𑘱𑘘𑘰𑘧𑘖𑘹𑘫𑘡 𑘁𑘪𑘫𑘿𑘧𑘎 𑘁𑘮𑘹.,109
data/synthetic/images/line_0109_v031.png,जुन्या हस्तलिखितांचे डिजिटायझेशन आवश्यक आहे.,𑘕𑘳𑘡𑘿𑘧𑘰 𑘮𑘭𑘿𑘝𑘩𑘱𑘏𑘱𑘝𑘰𑘽𑘓𑘹 𑘚𑘱𑘕𑘱𑘘𑘰𑘧𑘖𑘹𑘫𑘡 𑘁𑘪𑘫𑘿𑘧𑘎 𑘁𑘮𑘹.,109
data/synthetic/images/line_0109_v032.png,जुन्या हस्तलिखितांचे डिजिटायझेशन आवश्यक आहे.,𑘕𑘳𑘡𑘿𑘧𑘰 𑘮𑘭𑘿𑘝𑘩𑘱𑘏𑘱𑘝𑘰𑘽𑘓𑘹 𑘚𑘱𑘕𑘱𑘘𑘰𑘧𑘖𑘹𑘫𑘡 𑘁𑘪𑘫𑘿𑘧𑘎 𑘁𑘮𑘹.,109
data/synthetic/images/line_0109_v033.png,जुन्या हस्तलिखितांचे डिजिटायझेशन आवश्यक आहे.,𑘕𑘳𑘡𑘿𑘧𑘰 𑘮𑘭𑘿𑘝𑘩𑘱𑘏𑘱𑘝𑘰𑘽𑘓𑘹 𑘚𑘱𑘕𑘱𑘘𑘰𑘧𑘖𑘹𑘫𑘡 𑘁𑘪𑘫𑘿𑘧𑘎 𑘁𑘮𑘹.,109
data/synthetic/images/line_0109_v034.png,जुन्या हस्तलिखितांचे डिजिटायझेशन आवश्यक आहे.,𑘕𑘳𑘡𑘿𑘧𑘰 𑘮𑘭𑘿𑘝𑘩𑘱𑘏𑘱𑘝𑘰𑘽𑘓𑘹 𑘚𑘱𑘕𑘱𑘘𑘰𑘧𑘖𑘹𑘫𑘡 𑘁𑘪𑘫𑘿𑘧𑘎 𑘁𑘮𑘹.,109
data/synthetic/images/line_0109_v035.png,जुन्या हस्तलिखितांचे डिजिटायझेशन आवश्यक आहे.,𑘕𑘳𑘡𑘿𑘧𑘰 𑘮𑘭𑘿𑘝𑘩𑘱𑘏𑘱𑘝𑘰𑘽𑘓𑘹 𑘚𑘱𑘕𑘱𑘘𑘰𑘧𑘖𑘹𑘫𑘡 𑘁𑘪𑘫𑘿𑘧𑘎 𑘁𑘮𑘹.,109
data/synthetic/images/line_0109_v036.png,जुन्या हस्तलिखितांचे डिजिटायझेशन आवश्यक आहे.,𑘕𑘳𑘡𑘿𑘧𑘰 𑘮𑘭𑘿𑘝𑘩𑘱𑘏𑘱𑘝𑘰𑘽𑘓𑘹 𑘚𑘱𑘕𑘱𑘘𑘰𑘧𑘖𑘹𑘫𑘡 𑘁𑘪𑘫𑘿𑘧𑘎 𑘁𑘮𑘹.,109
data/synthetic/images/line_0109_v037.png,जुन्या हस्तलिखितांचे डिजिटायझेशन आवश्यक आहे.,𑘕𑘳𑘡𑘿𑘧𑘰 𑘮𑘭𑘿𑘝𑘩𑘱𑘏𑘱𑘝𑘰𑘽𑘓𑘹 𑘚𑘱𑘕𑘱𑘘𑘰𑘧𑘖𑘹𑘫𑘡 𑘁𑘪𑘫𑘿𑘧𑘎 𑘁𑘮𑘹.,109
data/synthetic/images/line_0109_v038.png,जुन्या हस्तलिखितांचे डिजिटायझेशन आवश्यक आहे.,𑘕𑘳𑘡𑘿𑘧𑘰 𑘮𑘭𑘿𑘝𑘩𑘱𑘏𑘱𑘝𑘰𑘽𑘓𑘹 𑘚𑘱𑘕𑘱𑘘𑘰𑘧𑘖𑘹𑘫𑘡 𑘁𑘪𑘫𑘿𑘧𑘎 𑘁𑘮𑘹.,109
data/synthetic/images/line_0109_v039.png,जुन्या हस्तलिखितांचे डिजिटायझेशन आवश्यक आहे.,𑘕𑘳𑘡𑘿𑘧𑘰 𑘮𑘭𑘿𑘝𑘩𑘱𑘏𑘱𑘝𑘰𑘽𑘓𑘹 𑘚𑘱𑘕𑘱𑘘𑘰𑘧𑘖𑘹𑘫𑘡 𑘁𑘪𑘫𑘿𑘧𑘎 𑘁𑘮𑘹.,109
data/synthetic/images/line_0110_v000.png,संशोधकांनी या दस्तऐवजाचा अभ्यास केला.,𑘭𑘽𑘫𑘻𑘠𑘎𑘰𑘽𑘡𑘲 𑘧𑘰 𑘟𑘭𑘿𑘝𑘋𑘪𑘕𑘰𑘓𑘰 𑘀𑘥𑘿𑘧𑘰𑘭 𑘎𑘹𑘩𑘰.,110
data/synthetic/images/line_0110_v001.png,संशोधकांनी या दस्तऐवजाचा अभ्यास केला.,𑘭𑘽𑘫𑘻𑘠𑘎𑘰𑘽𑘡𑘲 𑘧𑘰 𑘟𑘭𑘿𑘝𑘋𑘪𑘕𑘰𑘓𑘰 𑘀𑘥𑘿𑘧𑘰𑘭 𑘎𑘹𑘩𑘰.,110
data/synthetic/images/line_0110_v002.png,संशोधकांनी या दस्तऐवजाचा अभ्यास केला.,𑘭𑘽𑘫𑘻𑘠𑘎𑘰𑘽𑘡𑘲 𑘧𑘰 𑘟𑘭𑘿𑘝𑘋𑘪𑘕𑘰𑘓𑘰 𑘀𑘥𑘿𑘧𑘰𑘭 𑘎𑘹𑘩𑘰.,110
data/synthetic/images/line_0110_v003.png,संशोधकांनी या दस्तऐवजाचा अभ्यास केला.,𑘭𑘽𑘫𑘻𑘠𑘎𑘰𑘽𑘡𑘲 𑘧𑘰 𑘟𑘭𑘿𑘝𑘋𑘪𑘕𑘰𑘓𑘰 𑘀𑘥𑘿𑘧𑘰𑘭 𑘎𑘹𑘩𑘰.,110
data/synthetic/images/line_0110_v004.png,संशोधकांनी या दस्तऐवजाचा अभ्यास केला.,𑘭𑘽𑘫𑘻𑘠𑘎𑘰𑘽𑘡𑘲 𑘧𑘰 𑘟𑘭𑘿𑘝𑘋𑘪𑘕𑘰𑘓𑘰 𑘀𑘥𑘿𑘧𑘰𑘭 𑘎𑘹𑘩𑘰.,110
data/synthetic/images/line_0110_v005.png,संशोधकांनी या दस्तऐवजाचा अभ्यास केला.,𑘭𑘽𑘫𑘻𑘠𑘎𑘰𑘽𑘡𑘲 𑘧𑘰 𑘟𑘭𑘿𑘝𑘋𑘪𑘕𑘰𑘓𑘰 𑘀𑘥𑘿𑘧𑘰𑘭 𑘎𑘹𑘩𑘰.,110
data/synthetic/images/line_0110_v006.png,संशोधकांनी या दस्तऐवजाचा अभ्यास केला.,𑘭𑘽𑘫𑘻𑘠𑘎𑘰𑘽𑘡𑘲 𑘧𑘰 𑘟𑘭𑘿𑘝𑘋𑘪𑘕𑘰𑘓𑘰 𑘀𑘥𑘿𑘧𑘰𑘭 𑘎𑘹𑘩𑘰.,110
data/synthetic/images/line_0110_v007.png,संशोधकांनी या दस्तऐवजाचा अभ्यास केला.,𑘭𑘽𑘫𑘻𑘠𑘎𑘰𑘽𑘡𑘲 𑘧𑘰 𑘟𑘭𑘿𑘝𑘋𑘪𑘕𑘰𑘓𑘰 𑘀𑘥𑘿𑘧𑘰𑘭 𑘎𑘹𑘩𑘰.,110
data/synthetic/images/line_0110_v008.png,संशोधकांनी या दस्तऐवजाचा अभ्यास केला.,𑘭𑘽𑘫𑘻𑘠𑘎𑘰𑘽𑘡𑘲 𑘧𑘰 𑘟𑘭𑘿𑘝𑘋𑘪𑘕𑘰𑘓𑘰 𑘀𑘥𑘿𑘧𑘰𑘭 𑘎𑘹𑘩𑘰.,110
data/synthetic/images/line_0110_v009.png,संशोधकांनी या दस्तऐवजाचा अभ्यास केला.,𑘭𑘽𑘫𑘻𑘠𑘎𑘰𑘽𑘡𑘲 𑘧𑘰 𑘟𑘭𑘿𑘝𑘋𑘪𑘕𑘰𑘓𑘰 𑘀𑘥𑘿𑘧𑘰𑘭 𑘎𑘹𑘩𑘰.,110
data/synthetic/images/line_0110_v010.png,संशोधकांनी या दस्तऐवजाचा अभ्यास केला.,𑘭𑘽𑘫𑘻𑘠𑘎𑘰𑘽𑘡𑘲 𑘧𑘰 𑘟𑘭𑘿𑘝𑘋𑘪𑘕𑘰𑘓𑘰 𑘀𑘥𑘿𑘧𑘰𑘭 𑘎𑘹𑘩𑘰.,110
data/synthetic/images/line_0110_v011.png,संशोधकांनी या दस्तऐवजाचा अभ्यास केला.,𑘭𑘽𑘫𑘻𑘠𑘎𑘰𑘽𑘡𑘲 𑘧𑘰 𑘟𑘭𑘿𑘝𑘋𑘪𑘕𑘰𑘓𑘰 𑘀𑘥𑘿𑘧𑘰𑘭 𑘎𑘹𑘩𑘰.,110
data/synthetic/images/line_0110_v012.png,संशोधकांनी या दस्तऐवजाचा अभ्यास केला.,𑘭𑘽𑘫𑘻𑘠𑘎𑘰𑘽𑘡𑘲 𑘧𑘰 𑘟𑘭𑘿𑘝𑘋𑘪𑘕𑘰𑘓𑘰 𑘀𑘥𑘿𑘧𑘰𑘭 𑘎𑘹𑘩𑘰.,110
data/synthetic/images/line_0110_v013.png,संशोधकांनी या दस्तऐवजाचा अभ्यास केला.,𑘭𑘽𑘫𑘻𑘠𑘎𑘰𑘽𑘡𑘲 𑘧𑘰 𑘟𑘭𑘿𑘝𑘋𑘪𑘕𑘰𑘓𑘰 𑘀𑘥𑘿𑘧𑘰𑘭 𑘎𑘹𑘩𑘰.,110
data/synthetic/images/line_0110_v014.png,संशोधकांनी या दस्तऐवजाचा अभ्यास केला.,𑘭𑘽𑘫𑘻𑘠𑘎𑘰𑘽𑘡𑘲 𑘧𑘰 𑘟𑘭𑘿𑘝𑘋𑘪𑘕𑘰𑘓𑘰 𑘀𑘥𑘿𑘧𑘰𑘭 𑘎𑘹𑘩𑘰.,110
data/synthetic/images/line_0110_v015.png,संशोधकांनी या दस्तऐवजाचा अभ्यास केला.,𑘭𑘽𑘫𑘻𑘠𑘎𑘰𑘽𑘡𑘲 𑘧𑘰 𑘟𑘭𑘿𑘝𑘋𑘪𑘕𑘰𑘓𑘰 𑘀𑘥𑘿𑘧𑘰𑘭 𑘎𑘹𑘩𑘰.,110
data/synthetic/images/line_0110_v016.png,संशोधकांनी या दस्तऐवजाचा अभ्यास केला.,𑘭𑘽𑘫𑘻𑘠𑘎𑘰𑘽𑘡𑘲 𑘧𑘰 𑘟𑘭𑘿𑘝𑘋𑘪𑘕𑘰𑘓𑘰 𑘀𑘥𑘿𑘧𑘰𑘭 𑘎𑘹𑘩𑘰.,110
data/synthetic/images/line_0110_v017.png,संशोधकांनी या दस्तऐवजाचा अभ्यास केला.,𑘭𑘽𑘫𑘻𑘠𑘎𑘰𑘽𑘡𑘲 𑘧𑘰 𑘟𑘭𑘿𑘝𑘋𑘪𑘕𑘰𑘓𑘰 𑘀𑘥𑘿𑘧𑘰𑘭 𑘎𑘹𑘩𑘰.,110
data/synthetic/images/line_0110_v018.png,संशोधकांनी या दस्तऐवजाचा अभ्यास केला.,𑘭𑘽𑘫𑘻𑘠𑘎𑘰𑘽𑘡𑘲 𑘧𑘰 𑘟𑘭𑘿𑘝𑘋𑘪𑘕𑘰𑘓𑘰 𑘀𑘥𑘿𑘧𑘰𑘭 𑘎𑘹𑘩𑘰.,110
data/synthetic/images/line_0110_v019.png,संशोधकांनी या दस्तऐवजाचा अभ्यास केला.,𑘭𑘽𑘫𑘻𑘠𑘎𑘰𑘽𑘡𑘲 𑘧𑘰 𑘟𑘭𑘿𑘝𑘋𑘪𑘕𑘰𑘓𑘰 𑘀𑘥𑘿𑘧𑘰𑘭 𑘎𑘹𑘩𑘰.,110
data/synthetic/images/line_0110_v020.png,संशोधकांनी या दस्तऐवजाचा अभ्यास केला.,𑘭𑘽𑘫𑘻𑘠𑘎𑘰𑘽𑘡𑘲 𑘧𑘰 𑘟𑘭𑘿𑘝𑘋𑘪𑘕𑘰𑘓𑘰 𑘀𑘥𑘿𑘧𑘰𑘭 𑘎𑘹𑘩𑘰.,110
data/synthetic/images/line_0110_v021.png,संशोधकांनी या दस्तऐवजाचा अभ्यास केला.,𑘭𑘽𑘫𑘻𑘠𑘎𑘰𑘽𑘡𑘲 𑘧𑘰 𑘟𑘭𑘿𑘝𑘋𑘪𑘕𑘰𑘓𑘰 𑘀𑘥𑘿𑘧𑘰𑘭 𑘎𑘹𑘩𑘰.,110
data/synthetic/images/line_0110_v022.png,संशोधकांनी या दस्तऐवजाचा अभ्यास केला.,𑘭𑘽𑘫𑘻𑘠𑘎𑘰𑘽𑘡𑘲 𑘧𑘰 𑘟𑘭𑘿𑘝𑘋𑘪𑘕𑘰𑘓𑘰 𑘀𑘥𑘿𑘧𑘰𑘭 𑘎𑘹𑘩𑘰.,110
data/synthetic/images/line_0110_v023.png,संशोधकांनी या दस्तऐवजाचा अभ्यास केला.,𑘭𑘽𑘫𑘻𑘠𑘎𑘰𑘽𑘡𑘲 𑘧𑘰 𑘟𑘭𑘿𑘝𑘋𑘪𑘕𑘰𑘓𑘰 𑘀𑘥𑘿𑘧𑘰𑘭 𑘎𑘹𑘩𑘰.,110
data/synthetic/images/line_0110_v024.png,संशोधकांनी या दस्तऐवजाचा अभ्यास केला.,𑘭𑘽𑘫𑘻𑘠𑘎𑘰𑘽𑘡𑘲 𑘧𑘰 𑘟𑘭𑘿𑘝𑘋𑘪𑘕𑘰𑘓𑘰 𑘀𑘥𑘿𑘧𑘰𑘭 𑘎𑘹𑘩𑘰.,110
data/synthetic/images/line_0110_v025.png,संशोधकांनी या दस्तऐवजाचा अभ्यास केला.,𑘭𑘽𑘫𑘻𑘠𑘎𑘰𑘽𑘡𑘲 𑘧𑘰 𑘟𑘭𑘿𑘝𑘋𑘪𑘕𑘰𑘓𑘰 𑘀𑘥𑘿𑘧𑘰𑘭 𑘎𑘹𑘩𑘰.,110
data/synthetic/images/line_0110_v026.png,संशोधकांनी या दस्तऐवजाचा अभ्यास केला.,𑘭𑘽𑘫𑘻𑘠𑘎𑘰𑘽𑘡𑘲 𑘧𑘰 𑘟𑘭𑘿𑘝𑘋𑘪𑘕𑘰𑘓𑘰 𑘀𑘥𑘿𑘧𑘰𑘭 𑘎𑘹𑘩𑘰.,110
data/synthetic/images/line_0110_v027.png,संशोधकांनी या दस्तऐवजाचा अभ्यास केला.,𑘭𑘽𑘫𑘻𑘠𑘎𑘰𑘽𑘡𑘲 𑘧𑘰 𑘟𑘭𑘿𑘝𑘋𑘪𑘕𑘰𑘓𑘰 𑘀𑘥𑘿𑘧𑘰𑘭 𑘎𑘹𑘩𑘰.,110
data/synthetic/images/line_0110_v028.png,संशोधकांनी या दस्तऐवजाचा अभ्यास केला.,𑘭𑘽𑘫𑘻𑘠𑘎𑘰𑘽𑘡𑘲 𑘧𑘰 𑘟𑘭𑘿𑘝𑘋𑘪𑘕𑘰𑘓𑘰 𑘀𑘥𑘿𑘧𑘰𑘭 𑘎𑘹𑘩𑘰.,110
data/synthetic/images/line_0110_v029.png,संशोधकांनी या दस्तऐवजाचा अभ्यास केला.,𑘭𑘽𑘫𑘻𑘠𑘎𑘰𑘽𑘡𑘲 𑘧𑘰 𑘟𑘭𑘿𑘝𑘋𑘪𑘕𑘰𑘓𑘰 𑘀𑘥𑘿𑘧𑘰𑘭 𑘎𑘹𑘩𑘰.,110
data/synthetic/images/line_0110_v030.png,संशोधकांनी या दस्तऐवजाचा अभ्यास केला.,𑘭𑘽𑘫𑘻𑘠𑘎𑘰𑘽𑘡𑘲 𑘧𑘰 𑘟𑘭𑘿𑘝𑘋𑘪𑘕𑘰𑘓𑘰 𑘀𑘥𑘿𑘧𑘰𑘭 𑘎𑘹𑘩𑘰.,110
data/synthetic/images/line_0110_v031.png,संशोधकांनी या दस्तऐवजाचा अभ्यास केला.,𑘭𑘽𑘫𑘻𑘠𑘎𑘰𑘽𑘡𑘲 𑘧𑘰 𑘟𑘭𑘿𑘝𑘋𑘪𑘕𑘰𑘓𑘰 𑘀𑘥𑘿𑘧𑘰𑘭 𑘎𑘹𑘩𑘰.,110
data/synthetic/images/line_0110_v032.png,संशोधकांनी या दस्तऐवजाचा अभ्यास केला.,𑘭𑘽𑘫𑘻𑘠𑘎𑘰𑘽𑘡𑘲 𑘧𑘰 𑘟𑘭𑘿𑘝𑘋𑘪𑘕𑘰𑘓𑘰 𑘀𑘥𑘿𑘧𑘰𑘭 𑘎𑘹𑘩𑘰.,110
data/synthetic/images/line_0110_v033.png,संशोधकांनी या दस्तऐवजाचा अभ्यास केला.,𑘭𑘽𑘫𑘻𑘠𑘎𑘰𑘽𑘡𑘲 𑘧𑘰 𑘟𑘭𑘿𑘝𑘋𑘪𑘕𑘰𑘓𑘰 𑘀𑘥𑘿𑘧𑘰𑘭 𑘎𑘹𑘩𑘰.,110
data/synthetic/images/line_0110_v034.png,संशोधकांनी या दस्तऐवजाचा अभ्यास केला.,𑘭𑘽𑘫𑘻𑘠𑘎𑘰𑘽𑘡𑘲 𑘧𑘰 𑘟𑘭𑘿𑘝𑘋𑘪𑘕𑘰𑘓𑘰 𑘀𑘥𑘿𑘧𑘰𑘭 𑘎𑘹𑘩𑘰.,110
data/synthetic/images/line_0110_v035.png,संशोधकांनी या दस्तऐवजाचा अभ्यास केला.,𑘭𑘽𑘫𑘻𑘠𑘎𑘰𑘽𑘡𑘲 𑘧𑘰 𑘟𑘭𑘿𑘝𑘋𑘪𑘕𑘰𑘓𑘰 𑘀𑘥𑘿𑘧𑘰𑘭 𑘎𑘹𑘩𑘰.,110
data/synthetic/images/line_0110_v036.png,संशोधकांनी या दस्तऐवजाचा अभ्यास केला.,𑘭𑘽𑘫𑘻𑘠𑘎𑘰𑘽𑘡𑘲 𑘧𑘰 𑘟𑘭𑘿𑘝𑘋𑘪𑘕𑘰𑘓𑘰 𑘀𑘥𑘿𑘧𑘰𑘭 𑘎𑘹𑘩𑘰.,110
data/synthetic/images/line_0110_v037.png,संशोधकांनी या दस्तऐवजाचा अभ्यास केला.,𑘭𑘽𑘫𑘻𑘠𑘎𑘰𑘽𑘡𑘲 𑘧𑘰 𑘟𑘭𑘿𑘝𑘋𑘪𑘕𑘰𑘓𑘰 𑘀𑘥𑘿𑘧𑘰𑘭 𑘎𑘹𑘩𑘰.,110
data/synthetic/images/line_0110_v038.png,संशोधकांनी या दस्तऐवजाचा अभ्यास केला.,𑘭𑘽𑘫𑘻𑘠𑘎𑘰𑘽𑘡𑘲 𑘧𑘰 𑘟𑘭𑘿𑘝𑘋𑘪𑘕𑘰𑘓𑘰 𑘀𑘥𑘿𑘧𑘰𑘭 𑘎𑘹𑘩𑘰.,110
data/synthetic/images/line_0110_v039.png,संशोधकांनी या दस्तऐवजाचा अभ्यास केला.,𑘭𑘽𑘫𑘻𑘠𑘎𑘰𑘽𑘡𑘲 𑘧𑘰 𑘟𑘭𑘿𑘝𑘋𑘪𑘕𑘰𑘓𑘰 𑘀𑘥𑘿𑘧𑘰𑘭 𑘎𑘹𑘩𑘰.,110
data/synthetic/images/line_0111_v000.png,विद्यापीठात या विषयावर संशोधन चालू आहे.,𑘪𑘱𑘟𑘿𑘧𑘰𑘢𑘲𑘙𑘰𑘝 𑘧𑘰 𑘪𑘱𑘬𑘧𑘰𑘪𑘨 𑘭𑘽𑘫𑘻𑘠𑘡 𑘓𑘰𑘩𑘴 𑘁𑘮𑘹.,111
data/synthetic/images/line_0111_v001.png,विद्यापीठात या विषयावर संशोधन चालू आहे.,𑘪𑘱𑘟𑘿𑘧𑘰𑘢𑘲𑘙𑘰𑘝 𑘧𑘰 𑘪𑘱𑘬𑘧𑘰𑘪𑘨 𑘭𑘽𑘫𑘻𑘠𑘡 𑘓𑘰𑘩𑘴 𑘁𑘮𑘹.,111
data/synthetic/images/line_0111_v002.png,विद्यापीठात या विषयावर संशोधन चालू आहे.,𑘪𑘱𑘟𑘿𑘧𑘰𑘢𑘲𑘙𑘰𑘝 𑘧𑘰 𑘪𑘱𑘬𑘧𑘰𑘪𑘨 𑘭𑘽𑘫𑘻𑘠𑘡 𑘓𑘰𑘩𑘴 𑘁𑘮𑘹.,111
data/synthetic/images/line_0111_v003.png,विद्यापीठात या विषयावर संशोधन चालू आहे.,𑘪𑘱𑘟𑘿𑘧𑘰𑘢𑘲𑘙𑘰𑘝 𑘧𑘰 𑘪𑘱𑘬𑘧𑘰𑘪𑘨 𑘭𑘽𑘫𑘻𑘠𑘡 𑘓𑘰𑘩𑘴 𑘁𑘮𑘹.,111
data/synthetic/images/line_0111_v004.png,विद्यापीठात या विषयावर संशोधन चालू आहे.,𑘪𑘱𑘟𑘿𑘧𑘰𑘢𑘲𑘙𑘰𑘝 𑘧𑘰 𑘪𑘱𑘬𑘧𑘰𑘪𑘨 𑘭𑘽𑘫𑘻𑘠𑘡 𑘓𑘰𑘩𑘴 𑘁𑘮𑘹.,111
data/synthetic/images/line_0111_v005.png,विद्यापीठात या विषयावर संशोधन चालू आहे.,𑘪𑘱𑘟𑘿𑘧𑘰𑘢𑘲𑘙𑘰𑘝 𑘧𑘰 𑘪𑘱𑘬𑘧𑘰𑘪𑘨 𑘭𑘽𑘫𑘻𑘠𑘡 𑘓𑘰𑘩𑘴 𑘁𑘮𑘹.,111
data/synthetic/images/line_0111_v006.png,विद्यापीठात या विषयावर संशोधन चालू आहे.,𑘪𑘱𑘟𑘿𑘧𑘰𑘢𑘲𑘙𑘰𑘝 𑘧𑘰 𑘪𑘱𑘬𑘧𑘰𑘪𑘨 𑘭𑘽𑘫𑘻𑘠𑘡 𑘓𑘰𑘩𑘴 𑘁𑘮𑘹.,111
data/synthetic/images/line_0111_v007.png,विद्यापीठात या विषयावर संशोधन चालू आहे.,𑘪𑘱𑘟𑘿𑘧𑘰𑘢𑘲𑘙𑘰𑘝 𑘧𑘰 𑘪𑘱𑘬𑘧𑘰𑘪𑘨 𑘭𑘽𑘫𑘻𑘠𑘡 𑘓𑘰𑘩𑘴 𑘁𑘮𑘹.,111
data/synthetic/images/line_0111_v008.png,विद्यापीठात या विषयावर संशोधन चालू आहे.,𑘪𑘱𑘟𑘿𑘧𑘰𑘢𑘲𑘙𑘰𑘝 𑘧𑘰 𑘪𑘱𑘬𑘧𑘰𑘪𑘨 𑘭𑘽𑘫𑘻𑘠𑘡 𑘓𑘰𑘩𑘴 𑘁𑘮𑘹.,111
data/synthetic/images/line_0111_v009.png,विद्यापीठात या विषयावर संशोधन चालू आहे.,𑘪𑘱𑘟𑘿𑘧𑘰𑘢𑘲𑘙𑘰𑘝 𑘧𑘰 𑘪𑘱𑘬𑘧𑘰𑘪𑘨 𑘭𑘽𑘫𑘻𑘠𑘡 𑘓𑘰𑘩𑘴 𑘁𑘮𑘹.,111
data/synthetic/images/line_0111_v010.png,विद्यापीठात या विषयावर संशोधन चालू आहे.,𑘪𑘱𑘟𑘿𑘧𑘰𑘢𑘲𑘙𑘰𑘝 𑘧𑘰 𑘪𑘱𑘬𑘧𑘰𑘪𑘨 𑘭𑘽𑘫𑘻𑘠𑘡 𑘓𑘰𑘩𑘴 𑘁𑘮𑘹.,111
data/synthetic/images/line_0111_v011.png,विद्यापीठात या विषयावर संशोधन चालू आहे.,𑘪𑘱𑘟𑘿𑘧𑘰𑘢𑘲𑘙𑘰𑘝 𑘧𑘰 𑘪𑘱𑘬𑘧𑘰𑘪𑘨 𑘭𑘽𑘫𑘻𑘠𑘡 𑘓𑘰𑘩𑘴 𑘁𑘮𑘹.,111
data/synthetic/images/line_0111_v012.png,विद्यापीठात या विषयावर संशोधन चालू आहे.,𑘪𑘱𑘟𑘿𑘧𑘰𑘢𑘲𑘙𑘰𑘝 𑘧𑘰 𑘪𑘱𑘬𑘧𑘰𑘪𑘨 𑘭𑘽𑘫𑘻𑘠𑘡 𑘓𑘰𑘩𑘴 𑘁𑘮𑘹.,111
data/synthetic/images/line_0111_v013.png,विद्यापीठात या विषयावर संशोधन चालू आहे.,𑘪𑘱𑘟𑘿𑘧𑘰𑘢𑘲𑘙𑘰𑘝 𑘧𑘰 𑘪𑘱𑘬𑘧𑘰𑘪𑘨 𑘭𑘽𑘫𑘻𑘠𑘡 𑘓𑘰𑘩𑘴 𑘁𑘮𑘹.,111
data/synthetic/images/line_0111_v014.png,विद्यापीठात या विषयावर संशोधन चालू आहे.,𑘪𑘱𑘟𑘿𑘧𑘰𑘢𑘲𑘙𑘰𑘝 𑘧𑘰 𑘪𑘱𑘬𑘧𑘰𑘪𑘨 𑘭𑘽𑘫𑘻𑘠𑘡 𑘓𑘰𑘩𑘴 𑘁𑘮𑘹.,111
data/synthetic/images/line_0111_v015.png,विद्यापीठात या विषयावर संशोधन चालू आहे.,𑘪𑘱𑘟𑘿𑘧𑘰𑘢𑘲𑘙𑘰𑘝 𑘧𑘰 𑘪𑘱𑘬𑘧𑘰𑘪𑘨 𑘭𑘽𑘫𑘻𑘠𑘡 𑘓𑘰𑘩𑘴 𑘁𑘮𑘹.,111
data/synthetic/images/line_0111_v016.png,विद्यापीठात या विषयावर संशोधन चालू आहे.,𑘪𑘱𑘟𑘿𑘧𑘰𑘢𑘲𑘙𑘰𑘝 𑘧𑘰 𑘪𑘱𑘬𑘧𑘰𑘪𑘨 𑘭𑘽𑘫𑘻𑘠𑘡 𑘓𑘰𑘩𑘴 𑘁𑘮𑘹.,111
data/synthetic/images/line_0111_v017.png,विद्यापीठात या विषयावर संशोधन चालू आहे.,𑘪𑘱𑘟𑘿𑘧𑘰𑘢𑘲𑘙𑘰𑘝 𑘧𑘰 𑘪𑘱𑘬𑘧𑘰𑘪𑘨 𑘭𑘽𑘫𑘻𑘠𑘡 𑘓𑘰𑘩𑘴 𑘁𑘮𑘹.,111
data/synthetic/images/line_0111_v018.png,विद्यापीठात या विषयावर संशोधन चालू आहे.,𑘪𑘱𑘟𑘿𑘧𑘰𑘢𑘲𑘙𑘰𑘝 𑘧𑘰 𑘪𑘱𑘬𑘧𑘰𑘪𑘨 𑘭𑘽𑘫𑘻𑘠𑘡 𑘓𑘰𑘩𑘴 𑘁𑘮𑘹.,111
data/synthetic/images/line_0111_v019.png,विद्यापीठात या विषयावर संशोधन चालू आहे.,𑘪𑘱𑘟𑘿𑘧𑘰𑘢𑘲𑘙𑘰𑘝 𑘧𑘰 𑘪𑘱𑘬𑘧𑘰𑘪𑘨 𑘭𑘽𑘫𑘻𑘠𑘡 𑘓𑘰𑘩𑘴 𑘁𑘮𑘹.,111
data/synthetic/images/line_0111_v020.png,विद्यापीठात या विषयावर संशोधन चालू आहे.,𑘪𑘱𑘟𑘿𑘧𑘰𑘢𑘲𑘙𑘰𑘝 𑘧𑘰 𑘪𑘱𑘬𑘧𑘰𑘪𑘨 𑘭𑘽𑘫𑘻𑘠𑘡 𑘓𑘰𑘩𑘴 𑘁𑘮𑘹.,111
data/synthetic/images/line_0111_v021.png,विद्यापीठात या विषयावर संशोधन चालू आहे.,𑘪𑘱𑘟𑘿𑘧𑘰𑘢𑘲𑘙𑘰𑘝 𑘧𑘰 𑘪𑘱𑘬𑘧𑘰𑘪𑘨 𑘭𑘽𑘫𑘻𑘠𑘡 𑘓𑘰𑘩𑘴 𑘁𑘮𑘹.,111
data/synthetic/images/line_0111_v022.png,विद्यापीठात या विषयावर संशोधन चालू आहे.,𑘪𑘱𑘟𑘿𑘧𑘰𑘢𑘲𑘙𑘰𑘝 𑘧𑘰 𑘪𑘱𑘬𑘧𑘰𑘪𑘨 𑘭𑘽𑘫𑘻𑘠𑘡 𑘓𑘰𑘩𑘴 𑘁𑘮𑘹.,111
data/synthetic/images/line_0111_v023.png,विद्यापीठात या विषयावर संशोधन चालू आहे.,𑘪𑘱𑘟𑘿𑘧𑘰𑘢𑘲𑘙𑘰𑘝 𑘧𑘰 𑘪𑘱𑘬𑘧𑘰𑘪𑘨 𑘭𑘽𑘫𑘻𑘠𑘡 𑘓𑘰𑘩𑘴 𑘁𑘮𑘹.,111
data/synthetic/images/line_0111_v024.png,विद्यापीठात या विषयावर संशोधन चालू आहे.,𑘪𑘱𑘟𑘿𑘧𑘰𑘢𑘲𑘙𑘰𑘝 𑘧𑘰 𑘪𑘱𑘬𑘧𑘰𑘪𑘨 𑘭𑘽𑘫𑘻𑘠𑘡 𑘓𑘰𑘩𑘴 𑘁𑘮𑘹.,111
data/synthetic/images/line_0111_v025.png,विद्यापीठात या विषयावर संशोधन चालू आहे.,𑘪𑘱𑘟𑘿𑘧𑘰𑘢𑘲𑘙𑘰𑘝 𑘧𑘰 𑘪𑘱𑘬𑘧𑘰𑘪𑘨 𑘭𑘽𑘫𑘻𑘠𑘡 𑘓𑘰𑘩𑘴 𑘁𑘮𑘹.,111
data/synthetic/images/line_0111_v026.png,विद्यापीठात या विषयावर संशोधन चालू आहे.,𑘪𑘱𑘟𑘿𑘧𑘰𑘢𑘲𑘙𑘰𑘝 𑘧𑘰 𑘪𑘱𑘬𑘧𑘰𑘪𑘨 𑘭𑘽𑘫𑘻𑘠𑘡 𑘓𑘰𑘩𑘴 𑘁𑘮𑘹.,111
data/synthetic/images/line_0111_v027.png,विद्यापीठात या विषयावर संशोधन चालू आहे.,𑘪𑘱𑘟𑘿𑘧𑘰𑘢𑘲𑘙𑘰𑘝 𑘧𑘰 𑘪𑘱𑘬𑘧𑘰𑘪𑘨 𑘭𑘽𑘫𑘻𑘠𑘡 𑘓𑘰𑘩𑘴 𑘁𑘮𑘹.,111
data/synthetic/images/line_0111_v028.png,विद्यापीठात या विषयावर संशोधन चालू आहे.,𑘪𑘱𑘟𑘿𑘧𑘰𑘢𑘲𑘙𑘰𑘝 𑘧𑘰 𑘪𑘱𑘬𑘧𑘰𑘪𑘨 𑘭𑘽𑘫𑘻𑘠𑘡 𑘓𑘰𑘩𑘴 𑘁𑘮𑘹.,111
data/synthetic/images/line_0111_v029.png,विद्यापीठात या विषयावर संशोधन चालू आहे.,𑘪𑘱𑘟𑘿𑘧𑘰𑘢𑘲𑘙𑘰𑘝 𑘧𑘰 𑘪𑘱𑘬𑘧𑘰𑘪𑘨 𑘭𑘽𑘫𑘻𑘠𑘡 𑘓𑘰𑘩𑘴 𑘁𑘮𑘹.,111
data/synthetic/images/line_0111_v030.png,विद्यापीठात या विषयावर संशोधन चालू आहे.,𑘪𑘱𑘟𑘿𑘧𑘰𑘢𑘲𑘙𑘰𑘝 𑘧𑘰 𑘪𑘱𑘬𑘧𑘰𑘪𑘨 𑘭𑘽𑘫𑘻𑘠𑘡 𑘓𑘰𑘩𑘴 𑘁𑘮𑘹.,111
data/synthetic/images/line_0111_v031.png,विद्यापीठात या विषयावर संशोधन चालू आहे.,𑘪𑘱𑘟𑘿𑘧𑘰𑘢𑘲𑘙𑘰𑘝 𑘧𑘰 𑘪𑘱𑘬𑘧𑘰𑘪𑘨 𑘭𑘽𑘫𑘻𑘠𑘡 𑘓𑘰𑘩𑘴 𑘁𑘮𑘹.,111
data/synthetic/images/line_0111_v032.png,विद्यापीठात या विषयावर संशोधन चालू आहे.,𑘪𑘱𑘟𑘿𑘧𑘰𑘢𑘲𑘙𑘰𑘝 𑘧𑘰 𑘪𑘱𑘬𑘧𑘰𑘪𑘨 𑘭𑘽𑘫𑘻𑘠𑘡 𑘓𑘰𑘩𑘴 𑘁𑘮𑘹.,111
data/synthetic/images/line_0111_v033.png,विद्यापीठात या विषयावर संशोधन चालू आहे.,𑘪𑘱𑘟𑘿𑘧𑘰𑘢𑘲𑘙𑘰𑘝 𑘧𑘰 𑘪𑘱𑘬𑘧𑘰𑘪𑘨 𑘭𑘽𑘫𑘻𑘠𑘡 𑘓𑘰𑘩𑘴 𑘁𑘮𑘹.,111
data/synthetic/images/line_0111_v034.png,विद्यापीठात या विषयावर संशोधन चालू आहे.,𑘪𑘱𑘟𑘿𑘧𑘰𑘢𑘲𑘙𑘰𑘝 𑘧𑘰 𑘪𑘱𑘬𑘧𑘰𑘪𑘨 𑘭𑘽𑘫𑘻𑘠𑘡 𑘓𑘰𑘩𑘴 𑘁𑘮𑘹.,111
data/synthetic/images/line_0111_v035.png,विद्यापीठात या विषयावर संशोधन चालू आहे.,𑘪𑘱𑘟𑘿𑘧𑘰𑘢𑘲𑘙𑘰𑘝 𑘧𑘰 𑘪𑘱𑘬𑘧𑘰𑘪𑘨 𑘭𑘽𑘫𑘻𑘠𑘡 𑘓𑘰𑘩𑘴 𑘁𑘮𑘹.,111
data/synthetic/images/line_0111_v036.png,विद्यापीठात या विषयावर संशोधन चालू आहे.,𑘪𑘱𑘟𑘿𑘧𑘰𑘢𑘲𑘙𑘰𑘝 𑘧𑘰 𑘪𑘱𑘬𑘧𑘰𑘪𑘨 𑘭𑘽𑘫𑘻𑘠𑘡 𑘓𑘰𑘩𑘴 𑘁𑘮𑘹.,111
data/synthetic/images/line_0111_v037.png,विद्यापीठात या विषयावर संशोधन चालू आहे.,𑘪𑘱𑘟𑘿𑘧𑘰𑘢𑘲𑘙𑘰𑘝 𑘧𑘰 𑘪𑘱𑘬𑘧𑘰𑘪𑘨 𑘭𑘽𑘫𑘻𑘠𑘡 𑘓𑘰𑘩𑘴 𑘁𑘮𑘹.,111
data/synthetic/images/line_0111_v038.png,विद्यापीठात या विषयावर संशोधन चालू आहे.,𑘪𑘱𑘟𑘿𑘧𑘰𑘢𑘲𑘙𑘰𑘝 𑘧𑘰 𑘪𑘱𑘬𑘧𑘰𑘪𑘨 𑘭𑘽𑘫𑘻𑘠𑘡 𑘓𑘰𑘩𑘴 𑘁𑘮𑘹.,111
data/synthetic/images/line_0111_v039.png,विद्यापीठात या विषयावर संशोधन चालू आहे.,𑘪𑘱𑘟𑘿𑘧𑘰𑘢𑘲𑘙𑘰𑘝 𑘧𑘰 𑘪𑘱𑘬𑘧𑘰𑘪𑘨 𑘭𑘽𑘫𑘻𑘠𑘡 𑘓𑘰𑘩𑘴 𑘁𑘮𑘹.,111
data/synthetic/images/line_0112_v000.png,प्रकल्पाचे काम वेळेत पूर्ण करावे लागेल.,𑘢𑘿𑘨𑘎𑘩𑘿𑘢𑘰𑘓𑘹 𑘎𑘰𑘦 𑘪𑘹𑘯𑘹𑘝 𑘢𑘴𑘨𑘿𑘜 𑘎𑘨𑘰𑘪𑘹 𑘩𑘰𑘐𑘹𑘩.,112
data/synthetic/images/line_0112_v001.png,प्रकल्पाचे काम वेळेत पूर्ण करावे लागेल.,𑘢𑘿𑘨𑘎𑘩𑘿𑘢𑘰𑘓𑘹 𑘎𑘰𑘦 𑘪𑘹𑘯𑘹𑘝 𑘢𑘴𑘨𑘿𑘜 𑘎𑘨𑘰𑘪𑘹 𑘩𑘰𑘐𑘹𑘩.,112
data/synthetic/images/line_0112_v002.png,प्रकल्पाचे काम वेळेत पूर्ण करावे लागेल.,𑘢𑘿𑘨𑘎𑘩𑘿𑘢𑘰𑘓𑘹 𑘎𑘰𑘦 𑘪𑘹𑘯𑘹𑘝 𑘢𑘴𑘨𑘿𑘜 𑘎𑘨𑘰𑘪𑘹 𑘩𑘰𑘐𑘹𑘩.,112
data/synthetic/images/line_0112_v003.png,प्रकल्पाचे काम वेळेत पूर्ण करावे लागेल.,𑘢𑘿𑘨𑘎𑘩𑘿𑘢𑘰𑘓𑘹 𑘎𑘰𑘦 𑘪𑘹𑘯𑘹𑘝 𑘢𑘴𑘨𑘿𑘜 𑘎𑘨𑘰𑘪𑘹 𑘩𑘰𑘐𑘹𑘩.,112
data/synthetic/images/line_0112_v004.png,प्रकल्पाचे काम वेळेत पूर्ण करावे लागेल.,𑘢𑘿𑘨𑘎𑘩𑘿𑘢𑘰𑘓𑘹 𑘎𑘰𑘦 𑘪𑘹𑘯𑘹𑘝 𑘢𑘴𑘨𑘿𑘜 𑘎𑘨𑘰𑘪𑘹 𑘩𑘰𑘐𑘹𑘩.,112
data/synthetic/images/line_0112_v005.png,प्रकल्पाचे काम वेळेत पूर्ण करावे लागेल.,𑘢𑘿𑘨𑘎𑘩𑘿𑘢𑘰𑘓𑘹 𑘎𑘰𑘦 𑘪𑘹𑘯𑘹𑘝 𑘢𑘴𑘨𑘿𑘜 𑘎𑘨𑘰𑘪𑘹 𑘩𑘰𑘐𑘹𑘩.,112
data/synthetic/images/line_0112_v006.png,प्रकल्पाचे काम वेळेत पूर्ण करावे लागेल.,𑘢𑘿𑘨𑘎𑘩𑘿𑘢𑘰𑘓𑘹 𑘎𑘰𑘦 𑘪𑘹𑘯𑘹𑘝 𑘢𑘴𑘨𑘿𑘜 𑘎𑘨𑘰𑘪𑘹 𑘩𑘰𑘐𑘹𑘩.,112
data/synthetic/images/line_0112_v007.png,प्रकल्पाचे काम वेळेत पूर्ण करावे लागेल.,𑘢𑘿𑘨𑘎𑘩𑘿𑘢𑘰𑘓𑘹 𑘎𑘰𑘦 𑘪𑘹𑘯𑘹𑘝 𑘢𑘴𑘨𑘿𑘜 𑘎𑘨𑘰𑘪𑘹 𑘩𑘰𑘐𑘹𑘩.,112
data/synthetic/images/line_0112_v008.png,प्रकल्पाचे काम वेळेत पूर्ण करावे लागेल.,𑘢𑘿𑘨𑘎𑘩𑘿𑘢𑘰𑘓𑘹 𑘎𑘰𑘦 𑘪𑘹𑘯𑘹𑘝 𑘢𑘴𑘨𑘿𑘜 𑘎𑘨𑘰𑘪𑘹 𑘩𑘰𑘐𑘹𑘩.,112
data/synthetic/images/line_0112_v009.png,प्रकल्पाचे काम वेळेत पूर्ण करावे लागेल.,𑘢𑘿𑘨𑘎𑘩𑘿𑘢𑘰𑘓𑘹 𑘎𑘰𑘦 𑘪𑘹𑘯𑘹𑘝 𑘢𑘴𑘨𑘿𑘜 𑘎𑘨𑘰𑘪𑘹 𑘩𑘰𑘐𑘹𑘩.,112
data/synthetic/images/line_0112_v010.png,प्रकल्पाचे काम वेळेत पूर्ण करावे लागेल.,𑘢𑘿𑘨𑘎𑘩𑘿𑘢𑘰𑘓𑘹 𑘎𑘰𑘦 𑘪𑘹𑘯𑘹𑘝 𑘢𑘴𑘨𑘿𑘜 𑘎𑘨𑘰𑘪𑘹 𑘩𑘰𑘐𑘹𑘩.,112
data/synthetic/images/line_0112_v011.png,प्रकल्पाचे काम वेळेत पूर्ण करावे लागेल.,𑘢𑘿𑘨𑘎𑘩𑘿𑘢𑘰𑘓𑘹 𑘎𑘰𑘦 𑘪𑘹𑘯𑘹𑘝 𑘢𑘴𑘨𑘿𑘜 𑘎𑘨𑘰𑘪𑘹 𑘩𑘰𑘐𑘹𑘩.,112
data/synthetic/images/line_0112_v012.png,प्रकल्पाचे काम वेळेत पूर्ण करावे लागेल.,𑘢𑘿𑘨𑘎𑘩𑘿𑘢𑘰𑘓𑘹 𑘎𑘰𑘦 𑘪𑘹𑘯𑘹𑘝 𑘢𑘴𑘨𑘿𑘜 𑘎𑘨𑘰𑘪𑘹 𑘩𑘰𑘐𑘹𑘩.,112
data/synthetic/images/line_0112_v013.png,प्रकल्पाचे काम वेळेत पूर्ण करावे लागेल.,𑘢𑘿𑘨𑘎𑘩𑘿𑘢𑘰𑘓𑘹 𑘎𑘰𑘦 𑘪𑘹𑘯𑘹𑘝 𑘢𑘴𑘨𑘿𑘜 𑘎𑘨𑘰𑘪𑘹 𑘩𑘰𑘐𑘹𑘩.,112
data/synthetic/images/line_0112_v014.png,प्रकल्पाचे काम वेळेत पूर्ण करावे लागेल.,𑘢𑘿𑘨𑘎𑘩𑘿𑘢𑘰𑘓𑘹 𑘎𑘰𑘦 𑘪𑘹𑘯𑘹𑘝 𑘢𑘴𑘨𑘿𑘜 𑘎𑘨𑘰𑘪𑘹 𑘩𑘰𑘐𑘹𑘩.,112
data/synthetic/images/line_0112_v015.png,प्रकल्पाचे काम वेळेत पूर्ण करावे लागेल.,𑘢𑘿𑘨𑘎𑘩𑘿𑘢𑘰𑘓𑘹 𑘎𑘰𑘦 𑘪𑘹𑘯𑘹𑘝 𑘢𑘴𑘨𑘿𑘜 𑘎𑘨𑘰𑘪𑘹 𑘩𑘰𑘐𑘹𑘩.,112
data/synthetic/images/line_0112_v016.png,प्रकल्पाचे काम वेळेत पूर्ण करावे लागेल.,𑘢𑘿𑘨𑘎𑘩𑘿𑘢𑘰𑘓𑘹 𑘎𑘰𑘦 𑘪𑘹𑘯𑘹𑘝 𑘢𑘴𑘨𑘿𑘜 𑘎𑘨𑘰𑘪𑘹 𑘩𑘰𑘐𑘹𑘩.,112
data/synthetic/images/line_0112_v017.png,प्रकल्पाचे काम वेळेत पूर्ण करावे लागेल.,𑘢𑘿𑘨𑘎𑘩𑘿𑘢𑘰𑘓𑘹 𑘎𑘰𑘦 𑘪𑘹𑘯𑘹𑘝 𑘢𑘴𑘨𑘿𑘜 𑘎𑘨𑘰𑘪𑘹 𑘩𑘰𑘐𑘹𑘩.,112
data/synthetic/images/line_0112_v018.png,प्रकल्पाचे काम वेळेत पूर्ण करावे लागेल.,𑘢𑘿𑘨𑘎𑘩𑘿𑘢𑘰𑘓𑘹 𑘎𑘰𑘦 𑘪𑘹𑘯𑘹𑘝 𑘢𑘴𑘨𑘿𑘜 𑘎𑘨𑘰𑘪𑘹 𑘩𑘰𑘐𑘹𑘩.,112
data/synthetic/images/line_0112_v019.png,प्रकल्पाचे काम वेळेत पूर्ण करावे लागेल.,𑘢𑘿𑘨𑘎𑘩𑘿𑘢𑘰𑘓𑘹 𑘎𑘰𑘦 𑘪𑘹𑘯𑘹𑘝 𑘢𑘴𑘨𑘿𑘜 𑘎𑘨𑘰𑘪𑘹 𑘩𑘰𑘐𑘹𑘩.,112
data/synthetic/images/line_0112_v020.png,प्रकल्पाचे काम वेळेत पूर्ण करावे लागेल.,𑘢𑘿𑘨𑘎𑘩𑘿𑘢𑘰𑘓𑘹 𑘎𑘰𑘦 𑘪𑘹𑘯𑘹𑘝 𑘢𑘴𑘨𑘿𑘜 𑘎𑘨𑘰𑘪𑘹 𑘩𑘰𑘐𑘹𑘩.,112
data/synthetic/images/line_0112_v021.png,प्रकल्पाचे काम वेळेत पूर्ण करावे लागेल.,𑘢𑘿𑘨𑘎𑘩𑘿𑘢𑘰𑘓𑘹 𑘎𑘰𑘦 𑘪𑘹𑘯𑘹𑘝 𑘢𑘴𑘨𑘿𑘜 𑘎𑘨𑘰𑘪𑘹 𑘩𑘰𑘐𑘹𑘩.,112
data/synthetic/images/line_0112_v022.png,प्रकल्पाचे काम वेळेत पूर्ण करावे लागेल.,𑘢𑘿𑘨𑘎𑘩𑘿𑘢𑘰𑘓𑘹 𑘎𑘰𑘦 𑘪𑘹𑘯𑘹𑘝 𑘢𑘴𑘨𑘿𑘜 𑘎𑘨𑘰𑘪𑘹 𑘩𑘰𑘐𑘹𑘩.,112
data/synthetic/images/line_0112_v023.png,प्रकल्पाचे काम वेळेत पूर्ण करावे लागेल.,𑘢𑘿𑘨𑘎𑘩𑘿𑘢𑘰𑘓𑘹 𑘎𑘰𑘦 𑘪𑘹𑘯𑘹𑘝 𑘢𑘴𑘨𑘿𑘜 𑘎𑘨𑘰𑘪𑘹 𑘩𑘰𑘐𑘹𑘩.,112
data/synthetic/images/line_0112_v024.png,प्रकल्पाचे काम वेळेत पूर्ण करावे लागेल.,𑘢𑘿𑘨𑘎𑘩𑘿𑘢𑘰𑘓𑘹 𑘎𑘰𑘦 𑘪𑘹𑘯𑘹𑘝 𑘢𑘴𑘨𑘿𑘜 𑘎𑘨𑘰𑘪𑘹 𑘩𑘰𑘐𑘹𑘩.,112
data/synthetic/images/line_0112_v025.png,प्रकल्पाचे काम वेळेत पूर्ण करावे लागेल.,𑘢𑘿𑘨𑘎𑘩𑘿𑘢𑘰𑘓𑘹 𑘎𑘰𑘦 𑘪𑘹𑘯𑘹𑘝 𑘢𑘴𑘨𑘿𑘜 𑘎𑘨𑘰𑘪𑘹 𑘩𑘰𑘐𑘹𑘩.,112
data/synthetic/images/line_0112_v026.png,प्रकल्पाचे काम वेळेत पूर्ण करावे लागेल.,𑘢𑘿𑘨𑘎𑘩𑘿𑘢𑘰𑘓𑘹 𑘎𑘰𑘦 𑘪𑘹𑘯𑘹𑘝 𑘢𑘴𑘨𑘿𑘜 𑘎𑘨𑘰𑘪𑘹 𑘩𑘰𑘐𑘹𑘩.,112
data/synthetic/images/line_0112_v027.png,प्रकल्पाचे काम वेळेत पूर्ण करावे लागेल.,𑘢𑘿𑘨𑘎𑘩𑘿𑘢𑘰𑘓𑘹 𑘎𑘰𑘦 𑘪𑘹𑘯𑘹𑘝 𑘢𑘴𑘨𑘿𑘜 𑘎𑘨𑘰𑘪𑘹 𑘩𑘰𑘐𑘹𑘩.,112
data/synthetic/images/line_0112_v028.png,प्रकल्पाचे काम वेळेत पूर्ण करावे लागेल.,𑘢𑘿𑘨𑘎𑘩𑘿𑘢𑘰𑘓𑘹 𑘎𑘰𑘦 𑘪𑘹𑘯𑘹𑘝 𑘢𑘴𑘨𑘿𑘜 𑘎𑘨𑘰𑘪𑘹 𑘩𑘰𑘐𑘹𑘩.,112
data/synthetic/images/line_0112_v029.png,प्रकल्पाचे काम वेळेत पूर्ण करावे लागेल.,𑘢𑘿𑘨𑘎𑘩𑘿𑘢𑘰𑘓𑘹 𑘎𑘰𑘦 𑘪𑘹𑘯𑘹𑘝 𑘢𑘴𑘨𑘿𑘜 𑘎𑘨𑘰𑘪𑘹 𑘩𑘰𑘐𑘹𑘩.,112
data/synthetic/images/line_0112_v030.png,प्रकल्पाचे काम वेळेत पूर्ण करावे लागेल.,𑘢𑘿𑘨𑘎𑘩𑘿𑘢𑘰𑘓𑘹 𑘎𑘰𑘦 𑘪𑘹𑘯𑘹𑘝 𑘢𑘴𑘨𑘿𑘜 𑘎𑘨𑘰𑘪𑘹 𑘩𑘰𑘐𑘹𑘩.,112
data/synthetic/images/line_0112_v031.png,प्रकल्पाचे काम वेळेत पूर्ण करावे लागेल.,𑘢𑘿𑘨𑘎𑘩𑘿𑘢𑘰𑘓𑘹 𑘎𑘰𑘦 𑘪𑘹𑘯𑘹𑘝 𑘢𑘴𑘨𑘿𑘜 𑘎𑘨𑘰𑘪𑘹 𑘩𑘰𑘐𑘹𑘩.,112
data/synthetic/images/line_0112_v032.png,प्रकल्पाचे काम वेळेत पूर्ण करावे लागेल.,𑘢𑘿𑘨𑘎𑘩𑘿𑘢𑘰𑘓𑘹 𑘎𑘰𑘦 𑘪𑘹𑘯𑘹𑘝 𑘢𑘴𑘨𑘿𑘜 𑘎𑘨𑘰𑘪𑘹 𑘩𑘰𑘐𑘹𑘩.,112
data/synthetic/images/line_0112_v033.png,प्रकल्पाचे काम वेळेत पूर्ण करावे लागेल.,𑘢𑘿𑘨𑘎𑘩𑘿𑘢𑘰𑘓𑘹 𑘎𑘰𑘦 𑘪𑘹𑘯𑘹𑘝 𑘢𑘴𑘨𑘿𑘜 𑘎𑘨𑘰𑘪𑘹 𑘩𑘰𑘐𑘹𑘩.,112
data/synthetic/images/line_0112_v034.png,प्रकल्पाचे काम वेळेत पूर्ण करावे लागेल.,𑘢𑘿𑘨𑘎𑘩𑘿𑘢𑘰𑘓𑘹 𑘎𑘰𑘦 𑘪𑘹𑘯𑘹𑘝 𑘢𑘴𑘨𑘿𑘜 𑘎𑘨𑘰𑘪𑘹 𑘩𑘰𑘐𑘹𑘩.,112
data/synthetic/images/line_0112_v035.png,प्रकल्पाचे काम वेळेत पूर्ण करावे लागेल.,𑘢𑘿𑘨𑘎𑘩𑘿𑘢𑘰𑘓𑘹 𑘎𑘰𑘦 𑘪𑘹𑘯𑘹𑘝 𑘢𑘴𑘨𑘿𑘜 𑘎𑘨𑘰𑘪𑘹 𑘩𑘰𑘐𑘹𑘩.,112
data/synthetic/images/line_0112_v036.png,प्रकल्पाचे काम वेळेत पूर्ण करावे लागेल.,𑘢𑘿𑘨𑘎𑘩𑘿𑘢𑘰𑘓𑘹 𑘎𑘰𑘦 𑘪𑘹𑘯𑘹𑘝 𑘢𑘴𑘨𑘿𑘜 𑘎𑘨𑘰𑘪𑘹 𑘩𑘰𑘐𑘹𑘩.,112
data/synthetic/images/line_0112_v037.png,प्रकल्पाचे काम वेळेत पूर्ण करावे लागेल.,𑘢𑘿𑘨𑘎𑘩𑘿𑘢𑘰𑘓𑘹 𑘎𑘰𑘦 𑘪𑘹𑘯𑘹𑘝 𑘢𑘴𑘨𑘿𑘜 𑘎𑘨𑘰𑘪𑘹 𑘩𑘰𑘐𑘹𑘩.,112
data/synthetic/images/line_0112_v038.png,प्रकल्पाचे काम वेळेत पूर्ण करावे लागेल.,𑘢𑘿𑘨𑘎𑘩𑘿𑘢𑘰𑘓𑘹 𑘎𑘰𑘦 𑘪𑘹𑘯𑘹𑘝 𑘢𑘴𑘨𑘿𑘜 𑘎𑘨𑘰𑘪𑘹 𑘩𑘰𑘐𑘹𑘩.,112
data/synthetic/images/line_0112_v039.png,प्रकल्पाचे काम वेळेत पूर्ण करावे लागेल.,𑘢𑘿𑘨𑘎𑘩𑘿𑘢𑘰𑘓𑘹 𑘎𑘰𑘦 𑘪𑘹𑘯𑘹𑘝 𑘢𑘴𑘨𑘿𑘜 𑘎𑘨𑘰𑘪𑘹 𑘩𑘰𑘐𑘹𑘩.,112
data/synthetic/images/line_0113_v000.png,संगणकीय प्रणाली या कामासाठी वापरली जाईल.,𑘭𑘽𑘐𑘜𑘎𑘲𑘧 𑘢𑘿𑘨𑘜𑘰𑘩𑘲 𑘧𑘰 𑘎𑘰𑘦𑘰𑘭𑘰𑘙𑘲 𑘪𑘰𑘢𑘨𑘩𑘲 𑘕𑘰𑘃𑘩.,113
data/synthetic/images/line_0113_v001.png,संगणकीय प्रणाली या कामासाठी वापरली जाईल.,𑘭𑘽𑘐𑘜𑘎𑘲𑘧 𑘢𑘿𑘨𑘜𑘰𑘩𑘲 𑘧𑘰 𑘎𑘰𑘦𑘰𑘭𑘰𑘙𑘲 𑘪𑘰𑘢𑘨𑘩𑘲 𑘕𑘰𑘃𑘩.,113
data/synthetic/images/line_0113_v002.png,संगणकीय प्रणाली या कामासाठी वापरली जाईल.,𑘭𑘽𑘐𑘜𑘎𑘲𑘧 𑘢𑘿𑘨𑘜𑘰𑘩𑘲 𑘧𑘰 𑘎𑘰𑘦𑘰𑘭𑘰𑘙𑘲 𑘪𑘰𑘢𑘨𑘩𑘲 𑘕𑘰𑘃𑘩.,113
data/synthetic/images/line_0113_v003.png,संगणकीय प्रणाली या कामासाठी वापरली जाईल.,𑘭𑘽𑘐𑘜𑘎𑘲𑘧 𑘢𑘿𑘨𑘜𑘰𑘩𑘲 𑘧𑘰 𑘎𑘰𑘦𑘰𑘭𑘰𑘙𑘲 𑘪𑘰𑘢𑘨𑘩𑘲 𑘕𑘰𑘃𑘩.,113
data/synthetic/images/line_0113_v004.png,संगणकीय प्रणाली या कामासाठी वापरली जाईल.,𑘭𑘽𑘐𑘜𑘎𑘲𑘧 𑘢𑘿𑘨𑘜𑘰𑘩𑘲 𑘧𑘰 𑘎𑘰𑘦𑘰𑘭𑘰𑘙𑘲 𑘪𑘰𑘢𑘨𑘩𑘲 𑘕𑘰𑘃𑘩.,113
data/synthetic/images/line_0113_v005.png,संगणकीय प्रणाली या कामासाठी वापरली जाईल.,𑘭𑘽𑘐𑘜𑘎𑘲𑘧 𑘢𑘿𑘨𑘜𑘰𑘩𑘲 𑘧𑘰 𑘎𑘰𑘦𑘰𑘭𑘰𑘙𑘲 𑘪𑘰𑘢𑘨𑘩𑘲 𑘕𑘰𑘃𑘩.,113
data/synthetic/images/line_0113_v006.png,संगणकीय प्रणाली या कामासाठी वापरली जाईल.,𑘭𑘽𑘐𑘜𑘎𑘲𑘧 𑘢𑘿𑘨𑘜𑘰𑘩𑘲 𑘧𑘰 𑘎𑘰𑘦𑘰𑘭𑘰𑘙𑘲 𑘪𑘰𑘢𑘨𑘩𑘲 𑘕𑘰𑘃𑘩.,113
data/synthetic/images/line_0113_v007.png,संगणकीय प्रणाली या कामासाठी वापरली जाईल.,𑘭𑘽𑘐𑘜𑘎𑘲𑘧 𑘢𑘿𑘨𑘜𑘰𑘩𑘲 𑘧𑘰 𑘎𑘰𑘦𑘰𑘭𑘰𑘙𑘲 𑘪𑘰𑘢𑘨𑘩𑘲 𑘕𑘰𑘃𑘩.,113
data/synthetic/images/line_0113_v008.png,संगणकीय प्रणाली या कामासाठी वापरली जाईल.,𑘭𑘽𑘐𑘜𑘎𑘲𑘧 𑘢𑘿𑘨𑘜𑘰𑘩𑘲 𑘧𑘰 𑘎𑘰𑘦𑘰𑘭𑘰𑘙𑘲 𑘪𑘰𑘢𑘨𑘩𑘲 𑘕𑘰𑘃𑘩.,113
data/synthetic/images/line_0113_v009.png,संगणकीय प्रणाली या कामासाठी वापरली जाईल.,𑘭𑘽𑘐𑘜𑘎𑘲𑘧 𑘢𑘿𑘨𑘜𑘰𑘩𑘲 𑘧𑘰 𑘎𑘰𑘦𑘰𑘭𑘰𑘙𑘲 𑘪𑘰𑘢𑘨𑘩𑘲 𑘕𑘰𑘃𑘩.,113
data/synthetic/images/line_0113_v010.png,संगणकीय प्रणाली या कामासाठी वापरली जाईल.,𑘭𑘽𑘐𑘜𑘎𑘲𑘧 𑘢𑘿𑘨𑘜𑘰𑘩𑘲 𑘧𑘰 𑘎𑘰𑘦𑘰𑘭𑘰𑘙𑘲 𑘪𑘰𑘢𑘨𑘩𑘲 𑘕𑘰𑘃𑘩.,113
data/synthetic/images/line_0113_v011.png,संगणकीय प्रणाली या कामासाठी वापरली जाईल.,𑘭𑘽𑘐𑘜𑘎𑘲𑘧 𑘢𑘿𑘨𑘜𑘰𑘩𑘲 𑘧𑘰 𑘎𑘰𑘦𑘰𑘭𑘰𑘙𑘲 𑘪𑘰𑘢𑘨𑘩𑘲 𑘕𑘰𑘃𑘩.,113
data/synthetic/images/line_0113_v012.png,संगणकीय प्रणाली या कामासाठी वापरली जाईल.,𑘭𑘽𑘐𑘜𑘎𑘲𑘧 𑘢𑘿𑘨𑘜𑘰𑘩𑘲 𑘧𑘰 𑘎𑘰𑘦𑘰𑘭𑘰𑘙𑘲 𑘪𑘰𑘢𑘨𑘩𑘲 𑘕𑘰𑘃𑘩.,113
data/synthetic/images/line_0113_v013.png,संगणकीय प्रणाली या कामासाठी वापरली जाईल.,𑘭𑘽𑘐𑘜𑘎𑘲𑘧 𑘢𑘿𑘨𑘜𑘰𑘩𑘲 𑘧𑘰 𑘎𑘰𑘦𑘰𑘭𑘰𑘙𑘲 𑘪𑘰𑘢𑘨𑘩𑘲 𑘕𑘰𑘃𑘩.,113
data/synthetic/images/line_0113_v014.png,संगणकीय प्रणाली या कामासाठी वापरली जाईल.,𑘭𑘽𑘐𑘜𑘎𑘲𑘧 𑘢𑘿𑘨𑘜𑘰𑘩𑘲 𑘧𑘰 𑘎𑘰𑘦𑘰𑘭𑘰𑘙𑘲 𑘪𑘰𑘢𑘨𑘩𑘲 𑘕𑘰𑘃𑘩.,113
data/synthetic/images/line_0113_v015.png,संगणकीय प्रणाली या कामासाठी वापरली जाईल.,𑘭𑘽𑘐𑘜𑘎𑘲𑘧 𑘢𑘿𑘨𑘜𑘰𑘩𑘲 𑘧𑘰 𑘎𑘰𑘦𑘰𑘭𑘰𑘙𑘲 𑘪𑘰𑘢𑘨𑘩𑘲 𑘕𑘰𑘃𑘩.,113
data/synthetic/images/line_0113_v016.png,संगणकीय प्रणाली या कामासाठी वापरली जाईल.,𑘭𑘽𑘐𑘜𑘎𑘲𑘧 𑘢𑘿𑘨𑘜𑘰𑘩𑘲 𑘧𑘰 𑘎𑘰𑘦𑘰𑘭𑘰𑘙𑘲 𑘪𑘰𑘢𑘨𑘩𑘲 𑘕𑘰𑘃𑘩.,113
data/synthetic/images/line_0113_v017.png,संगणकीय प्रणाली या कामासाठी वापरली जाईल.,𑘭𑘽𑘐𑘜𑘎𑘲𑘧 𑘢𑘿𑘨𑘜𑘰𑘩𑘲 𑘧𑘰 𑘎𑘰𑘦𑘰𑘭𑘰𑘙𑘲 𑘪𑘰𑘢𑘨𑘩𑘲 𑘕𑘰𑘃𑘩.,113
data/synthetic/images/line_0113_v018.png,संगणकीय प्रणाली या कामासाठी वापरली जाईल.,𑘭𑘽𑘐𑘜𑘎𑘲𑘧 𑘢𑘿𑘨𑘜𑘰𑘩𑘲 𑘧𑘰 𑘎𑘰𑘦𑘰𑘭𑘰𑘙𑘲 𑘪𑘰𑘢𑘨𑘩𑘲 𑘕𑘰𑘃𑘩.,113
data/synthetic/images/line_0113_v019.png,संगणकीय प्रणाली या कामासाठी वापरली जाईल.,𑘭𑘽𑘐𑘜𑘎𑘲𑘧 𑘢𑘿𑘨𑘜𑘰𑘩𑘲 𑘧𑘰 𑘎𑘰𑘦𑘰𑘭𑘰𑘙𑘲 𑘪𑘰𑘢𑘨𑘩𑘲 𑘕𑘰𑘃𑘩.,113
data/synthetic/images/line_0113_v020.png,संगणकीय प्रणाली या कामासाठी वापरली जाईल.,𑘭𑘽𑘐𑘜𑘎𑘲𑘧 𑘢𑘿𑘨𑘜𑘰𑘩𑘲 𑘧𑘰 𑘎𑘰𑘦𑘰𑘭𑘰𑘙𑘲 𑘪𑘰𑘢𑘨𑘩𑘲 𑘕𑘰𑘃𑘩.,113
data/synthetic/images/line_0113_v021.png,संगणकीय प्रणाली या कामासाठी वापरली जाईल.,𑘭𑘽𑘐𑘜𑘎𑘲𑘧 𑘢𑘿𑘨𑘜𑘰𑘩𑘲 𑘧𑘰 𑘎𑘰𑘦𑘰𑘭𑘰𑘙𑘲 𑘪𑘰𑘢𑘨𑘩𑘲 𑘕𑘰𑘃𑘩.,113
data/synthetic/images/line_0113_v022.png,संगणकीय प्रणाली या कामासाठी वापरली जाईल.,𑘭𑘽𑘐𑘜𑘎𑘲𑘧 𑘢𑘿𑘨𑘜𑘰𑘩𑘲 𑘧𑘰 𑘎𑘰𑘦𑘰𑘭𑘰𑘙𑘲 𑘪𑘰𑘢𑘨𑘩𑘲 𑘕𑘰𑘃𑘩.,113
data/synthetic/images/line_0113_v023.png,संगणकीय प्रणाली या कामासाठी वापरली जाईल.,𑘭𑘽𑘐𑘜𑘎𑘲𑘧 𑘢𑘿𑘨𑘜𑘰𑘩𑘲 𑘧𑘰 𑘎𑘰𑘦𑘰𑘭𑘰𑘙𑘲 𑘪𑘰𑘢𑘨𑘩𑘲 𑘕𑘰𑘃𑘩.,113
data/synthetic/images/line_0113_v024.png,संगणकीय प्रणाली या कामासाठी वापरली जाईल.,𑘭𑘽𑘐𑘜𑘎𑘲𑘧 𑘢𑘿𑘨𑘜𑘰𑘩𑘲 𑘧𑘰 𑘎𑘰𑘦𑘰𑘭𑘰𑘙𑘲 𑘪𑘰𑘢𑘨𑘩𑘲 𑘕𑘰𑘃𑘩.,113
data/synthetic/images/line_0113_v025.png,संगणकीय प्रणाली या कामासाठी वापरली जाईल.,𑘭𑘽𑘐𑘜𑘎𑘲𑘧 𑘢𑘿𑘨𑘜𑘰𑘩𑘲 𑘧𑘰 𑘎𑘰𑘦𑘰𑘭𑘰𑘙𑘲 𑘪𑘰𑘢𑘨𑘩𑘲 𑘕𑘰𑘃𑘩.,113
data/synthetic/images/line_0113_v026.png,संगणकीय प्रणाली या कामासाठी वापरली जाईल.,𑘭𑘽𑘐𑘜𑘎𑘲𑘧 𑘢𑘿𑘨𑘜𑘰𑘩𑘲 𑘧𑘰 𑘎𑘰𑘦𑘰𑘭𑘰𑘙𑘲 𑘪𑘰𑘢𑘨𑘩𑘲 𑘕𑘰𑘃𑘩.,113
data/synthetic/images/line_0113_v027.png,संगणकीय प्रणाली या कामासाठी वापरली जाईल.,𑘭𑘽𑘐𑘜𑘎𑘲𑘧 𑘢𑘿𑘨𑘜𑘰𑘩𑘲 𑘧𑘰 𑘎𑘰𑘦𑘰𑘭𑘰𑘙𑘲 𑘪𑘰𑘢𑘨𑘩𑘲 𑘕𑘰𑘃𑘩.,113
data/synthetic/images/line_0113_v028.png,संगणकीय प्रणाली या कामासाठी वापरली जाईल.,𑘭𑘽𑘐𑘜𑘎𑘲𑘧 𑘢𑘿𑘨𑘜𑘰𑘩𑘲 𑘧𑘰 𑘎𑘰𑘦𑘰𑘭𑘰𑘙𑘲 𑘪𑘰𑘢𑘨𑘩𑘲 𑘕𑘰𑘃𑘩.,113
data/synthetic/images/line_0113_v029.png,संगणकीय प्रणाली या कामासाठी वापरली जाईल.,𑘭𑘽𑘐𑘜𑘎𑘲𑘧 𑘢𑘿𑘨𑘜𑘰𑘩𑘲 𑘧𑘰 𑘎𑘰𑘦𑘰𑘭𑘰𑘙𑘲 𑘪𑘰𑘢𑘨𑘩𑘲 𑘕𑘰𑘃𑘩.,113
data/synthetic/images/line_0113_v030.png,संगणकीय प्रणाली या कामासाठी वापरली जाईल.,𑘭𑘽𑘐𑘜𑘎𑘲𑘧 𑘢𑘿𑘨𑘜𑘰𑘩𑘲 𑘧𑘰 𑘎𑘰𑘦𑘰𑘭𑘰𑘙𑘲 𑘪𑘰𑘢𑘨𑘩𑘲 𑘕𑘰𑘃𑘩.,113
data/synthetic/images/line_0113_v031.png,संगणकीय प्रणाली या कामासाठी वापरली जाईल.,𑘭𑘽𑘐𑘜𑘎𑘲𑘧 𑘢𑘿𑘨𑘜𑘰𑘩𑘲 𑘧𑘰 𑘎𑘰𑘦𑘰𑘭𑘰𑘙𑘲 𑘪𑘰𑘢𑘨𑘩𑘲 𑘕𑘰𑘃𑘩.,113
data/synthetic/images/line_0113_v032.png,संगणकीय प्रणाली या कामासाठी वापरली जाईल.,𑘭𑘽𑘐𑘜𑘎𑘲𑘧 𑘢𑘿𑘨𑘜𑘰𑘩𑘲 𑘧𑘰 𑘎𑘰𑘦𑘰𑘭𑘰𑘙𑘲 𑘪𑘰𑘢𑘨𑘩𑘲 𑘕𑘰𑘃𑘩.,113
data/synthetic/images/line_0113_v033.png,संगणकीय प्रणाली या कामासाठी वापरली जाईल.,𑘭𑘽𑘐𑘜𑘎𑘲𑘧 𑘢𑘿𑘨𑘜𑘰𑘩𑘲 𑘧𑘰 𑘎𑘰𑘦𑘰𑘭𑘰𑘙𑘲 𑘪𑘰𑘢𑘨𑘩𑘲 𑘕𑘰𑘃𑘩.,113
data/synthetic/images/line_0113_v034.png,संगणकीय प्रणाली या कामासाठी वापरली जाईल.,𑘭𑘽𑘐𑘜𑘎𑘲𑘧 𑘢𑘿𑘨𑘜𑘰𑘩𑘲 𑘧𑘰 𑘎𑘰𑘦𑘰𑘭𑘰𑘙𑘲 𑘪𑘰𑘢𑘨𑘩𑘲 𑘕𑘰𑘃𑘩.,113
data/synthetic/images/line_0113_v035.png,संगणकीय प्रणाली या कामासाठी वापरली जाईल.,𑘭𑘽𑘐𑘜𑘎𑘲𑘧 𑘢𑘿𑘨𑘜𑘰𑘩𑘲 𑘧𑘰 𑘎𑘰𑘦𑘰𑘭𑘰𑘙𑘲 𑘪𑘰𑘢𑘨𑘩𑘲 𑘕𑘰𑘃𑘩.,113
data/synthetic/images/line_0113_v036.png,संगणकीय प्रणाली या कामासाठी वापरली जाईल.,𑘭𑘽𑘐𑘜𑘎𑘲𑘧 𑘢𑘿𑘨𑘜𑘰𑘩𑘲 𑘧𑘰 𑘎𑘰𑘦𑘰𑘭𑘰𑘙𑘲 𑘪𑘰𑘢𑘨𑘩𑘲 𑘕𑘰𑘃𑘩.,113
data/synthetic/images/line_0113_v037.png,संगणकीय प्रणाली या कामासाठी वापरली जाईल.,𑘭𑘽𑘐𑘜𑘎𑘲𑘧 𑘢𑘿𑘨𑘜𑘰𑘩𑘲 𑘧𑘰 𑘎𑘰𑘦𑘰𑘭𑘰𑘙𑘲 𑘪𑘰𑘢𑘨𑘩𑘲 𑘕𑘰𑘃𑘩.,113
data/synthetic/images/line_0113_v038.png,संगणकीय प्रणाली या कामासाठी वापरली जाईल.,𑘭𑘽𑘐𑘜𑘎𑘲𑘧 𑘢𑘿𑘨𑘜𑘰𑘩𑘲 𑘧𑘰 𑘎𑘰𑘦𑘰𑘭𑘰𑘙𑘲 𑘪𑘰𑘢𑘨𑘩𑘲 𑘕𑘰𑘃𑘩.,113
data/synthetic/images/line_0113_v039.png,संगणकीय प्रणाली या कामासाठी वापरली जाईल.,𑘭𑘽𑘐𑘜𑘎𑘲𑘧 𑘢𑘿𑘨𑘜𑘰𑘩𑘲 𑘧𑘰 𑘎𑘰𑘦𑘰𑘭𑘰𑘙𑘲 𑘪𑘰𑘢𑘨𑘩𑘲 𑘕𑘰𑘃𑘩.,113
data/synthetic/images/line_0114_v000.png,प्रतिमा स्वच्छ करून मजकूर वाचता येईल.,𑘢𑘿𑘨𑘝𑘱𑘦𑘰 𑘭𑘿𑘪𑘓𑘿𑘔 𑘎𑘨𑘴𑘡 𑘦𑘕𑘎𑘴𑘨 𑘪𑘰𑘓𑘝𑘰 𑘧𑘹𑘃𑘩.,114
data/synthetic/images/line_0114_v001.png,प्रतिमा स्वच्छ करून मजकूर वाचता येईल.,𑘢𑘿𑘨𑘝𑘱𑘦𑘰 𑘭𑘿𑘪𑘓𑘿𑘔 𑘎𑘨𑘴𑘡 𑘦𑘕𑘎𑘴𑘨 𑘪𑘰𑘓𑘝𑘰 𑘧𑘹𑘃𑘩.,114
data/synthetic/images/line_0114_v002.png,प्रतिमा स्वच्छ करून मजकूर वाचता येईल.,𑘢𑘿𑘨𑘝𑘱𑘦𑘰 𑘭𑘿𑘪𑘓𑘿𑘔 𑘎𑘨𑘴𑘡 𑘦𑘕𑘎𑘴𑘨 𑘪𑘰𑘓𑘝𑘰 𑘧𑘹𑘃𑘩.,114
data/synthetic/images/line_0114_v003.png,प्रतिमा स्वच्छ करून मजकूर वाचता येईल.,𑘢𑘿𑘨𑘝𑘱𑘦𑘰 𑘭𑘿𑘪𑘓𑘿𑘔 𑘎𑘨𑘴𑘡 𑘦𑘕𑘎𑘴𑘨 𑘪𑘰𑘓𑘝𑘰 𑘧𑘹𑘃𑘩.,114
data/synthetic/images/line_0114_v004.png,प्रतिमा स्वच्छ करून मजकूर वाचता येईल.,𑘢𑘿𑘨𑘝𑘱𑘦𑘰 𑘭𑘿𑘪𑘓𑘿𑘔 𑘎𑘨𑘴𑘡 𑘦𑘕𑘎𑘴𑘨 𑘪𑘰𑘓𑘝𑘰 𑘧𑘹𑘃𑘩.,114
data/synthetic/images/line_0114_v005.png,प्रतिमा स्वच्छ करून मजकूर वाचता येईल.,𑘢𑘿𑘨𑘝𑘱𑘦𑘰 𑘭𑘿𑘪𑘓𑘿𑘔 𑘎𑘨𑘴𑘡 𑘦𑘕𑘎𑘴𑘨 𑘪𑘰𑘓𑘝𑘰 𑘧𑘹𑘃𑘩.,114
data/synthetic/images/line_0114_v006.png,प्रतिमा स्वच्छ करून मजकूर वाचता येईल.,𑘢𑘿𑘨𑘝𑘱𑘦𑘰 𑘭𑘿𑘪𑘓𑘿𑘔 𑘎𑘨𑘴𑘡 𑘦𑘕𑘎𑘴𑘨 𑘪𑘰𑘓𑘝𑘰 𑘧𑘹𑘃𑘩.,114
data/synthetic/images/line_0114_v007.png,प्रतिमा स्वच्छ करून मजकूर वाचता येईल.,𑘢𑘿𑘨𑘝𑘱𑘦𑘰 𑘭𑘿𑘪𑘓𑘿𑘔 𑘎𑘨𑘴𑘡 𑘦𑘕𑘎𑘴𑘨 𑘪𑘰𑘓𑘝𑘰 𑘧𑘹𑘃𑘩.,114
data/synthetic/images/line_0114_v008.png,प्रतिमा स्वच्छ करून मजकूर वाचता येईल.,𑘢𑘿𑘨𑘝𑘱𑘦𑘰 𑘭𑘿𑘪𑘓𑘿𑘔 𑘎𑘨𑘴𑘡 𑘦𑘕𑘎𑘴𑘨 𑘪𑘰𑘓𑘝𑘰 𑘧𑘹𑘃𑘩.,114
data/synthetic/images/line_0114_v009.png,प्रतिमा स्वच्छ करून मजकूर वाचता येईल.,𑘢𑘿𑘨𑘝𑘱𑘦𑘰 𑘭𑘿𑘪𑘓𑘿𑘔 𑘎𑘨𑘴𑘡 𑘦𑘕𑘎𑘴𑘨 𑘪𑘰𑘓𑘝𑘰 𑘧𑘹𑘃𑘩.,114
data/synthetic/images/line_0114_v010.png,प्रतिमा स्वच्छ करून मजकूर वाचता येईल.,𑘢𑘿𑘨𑘝𑘱𑘦𑘰 𑘭𑘿𑘪𑘓𑘿𑘔 𑘎𑘨𑘴𑘡 𑘦𑘕𑘎𑘴𑘨 𑘪𑘰𑘓𑘝𑘰 𑘧𑘹𑘃𑘩.,114
data/synthetic/images/line_0114_v011.png,प्रतिमा स्वच्छ करून मजकूर वाचता येईल.,𑘢𑘿𑘨𑘝𑘱𑘦𑘰 𑘭𑘿𑘪𑘓𑘿𑘔 𑘎𑘨𑘴𑘡 𑘦𑘕𑘎𑘴𑘨 𑘪𑘰𑘓𑘝𑘰 𑘧𑘹𑘃𑘩.,114
data/synthetic/images/line_0114_v012.png,प्रतिमा स्वच्छ करून मजकूर वाचता येईल.,𑘢𑘿𑘨𑘝𑘱𑘦𑘰 𑘭𑘿𑘪𑘓𑘿𑘔 𑘎𑘨𑘴𑘡 𑘦𑘕𑘎𑘴𑘨 𑘪𑘰𑘓𑘝𑘰 𑘧𑘹𑘃𑘩.,114
data/synthetic/images/line_0114_v013.png,प्रतिमा स्वच्छ करून मजकूर वाचता येईल.,𑘢𑘿𑘨𑘝𑘱𑘦𑘰 𑘭𑘿𑘪𑘓𑘿𑘔 𑘎𑘨𑘴𑘡 𑘦𑘕𑘎𑘴𑘨 𑘪𑘰𑘓𑘝𑘰 𑘧𑘹𑘃𑘩.,114
data/synthetic/images/line_0114_v014.png,प्रतिमा स्वच्छ करून मजकूर वाचता येईल.,𑘢𑘿𑘨𑘝𑘱𑘦𑘰 𑘭𑘿𑘪𑘓𑘿𑘔 𑘎𑘨𑘴𑘡 𑘦𑘕𑘎𑘴𑘨 𑘪𑘰𑘓𑘝𑘰 𑘧𑘹𑘃𑘩.,114
data/synthetic/images/line_0114_v015.png,प्रतिमा स्वच्छ करून मजकूर वाचता येईल.,𑘢𑘿𑘨𑘝𑘱𑘦𑘰 𑘭𑘿𑘪𑘓𑘿𑘔 𑘎𑘨𑘴𑘡 𑘦𑘕𑘎𑘴𑘨 𑘪𑘰𑘓𑘝𑘰 𑘧𑘹𑘃𑘩.,114
data/synthetic/images/line_0114_v016.png,प्रतिमा स्वच्छ करून मजकूर वाचता येईल.,𑘢𑘿𑘨𑘝𑘱𑘦𑘰 𑘭𑘿𑘪𑘓𑘿𑘔 𑘎𑘨𑘴𑘡 𑘦𑘕𑘎𑘴𑘨 𑘪𑘰𑘓𑘝𑘰 𑘧𑘹𑘃𑘩.,114
data/synthetic/images/line_0114_v017.png,प्रतिमा स्वच्छ करून मजकूर वाचता येईल.,𑘢𑘿𑘨𑘝𑘱𑘦𑘰 𑘭𑘿𑘪𑘓𑘿𑘔 𑘎𑘨𑘴𑘡 𑘦𑘕𑘎𑘴𑘨 𑘪𑘰𑘓𑘝𑘰 𑘧𑘹𑘃𑘩.,114
data/synthetic/images/line_0114_v018.png,प्रतिमा स्वच्छ करून मजकूर वाचता येईल.,𑘢𑘿𑘨𑘝𑘱𑘦𑘰 𑘭𑘿𑘪𑘓𑘿𑘔 𑘎𑘨𑘴𑘡 𑘦𑘕𑘎𑘴𑘨 𑘪𑘰𑘓𑘝𑘰 𑘧𑘹𑘃𑘩.,114
data/synthetic/images/line_0114_v019.png,प्रतिमा स्वच्छ करून मजकूर वाचता येईल.,𑘢𑘿𑘨𑘝𑘱𑘦𑘰 𑘭𑘿𑘪𑘓𑘿𑘔 𑘎𑘨𑘴𑘡 𑘦𑘕𑘎𑘴𑘨 𑘪𑘰𑘓𑘝𑘰 𑘧𑘹𑘃𑘩.,114
data/synthetic/images/line_0114_v020.png,प्रतिमा स्वच्छ करून मजकूर वाचता येईल.,𑘢𑘿𑘨𑘝𑘱𑘦𑘰 𑘭𑘿𑘪𑘓𑘿𑘔 𑘎𑘨𑘴𑘡 𑘦𑘕𑘎𑘴𑘨 𑘪𑘰𑘓𑘝𑘰 𑘧𑘹𑘃𑘩.,114
data/synthetic/images/line_0114_v021.png,प्रतिमा स्वच्छ करून मजकूर वाचता येईल.,𑘢𑘿𑘨𑘝𑘱𑘦𑘰 𑘭𑘿𑘪𑘓𑘿𑘔 𑘎𑘨𑘴𑘡 𑘦𑘕𑘎𑘴𑘨 𑘪𑘰𑘓𑘝𑘰 𑘧𑘹𑘃𑘩.,114
data/synthetic/images/line_0114_v022.png,प्रतिमा स्वच्छ करून मजकूर वाचता येईल.,𑘢𑘿𑘨𑘝𑘱𑘦𑘰 𑘭𑘿𑘪𑘓𑘿𑘔 𑘎𑘨𑘴𑘡 𑘦𑘕𑘎𑘴𑘨 𑘪𑘰𑘓𑘝𑘰 𑘧𑘹𑘃𑘩.,114
data/synthetic/images/line_0114_v023.png,प्रतिमा स्वच्छ करून मजकूर वाचता येईल.,𑘢𑘿𑘨𑘝𑘱𑘦𑘰 𑘭𑘿𑘪𑘓𑘿𑘔 𑘎𑘨𑘴𑘡 𑘦𑘕𑘎𑘴𑘨 𑘪𑘰𑘓𑘝𑘰 𑘧𑘹𑘃𑘩.,114
data/synthetic/images/line_0114_v024.png,प्रतिमा स्वच्छ करून मजकूर वाचता येईल.,𑘢𑘿𑘨𑘝𑘱𑘦𑘰 𑘭𑘿𑘪𑘓𑘿𑘔 𑘎𑘨𑘴𑘡 𑘦𑘕𑘎𑘴𑘨 𑘪𑘰𑘓𑘝𑘰 𑘧𑘹𑘃𑘩.,114
data/synthetic/images/line_0114_v025.png,प्रतिमा स्वच्छ करून मजकूर वाचता येईल.,𑘢𑘿𑘨𑘝𑘱𑘦𑘰 𑘭𑘿𑘪𑘓𑘿𑘔 𑘎𑘨𑘴𑘡 𑘦𑘕𑘎𑘴𑘨 𑘪𑘰𑘓𑘝𑘰 𑘧𑘹𑘃𑘩.,114
data/synthetic/images/line_0114_v026.png,प्रतिमा स्वच्छ करून मजकूर वाचता येईल.,𑘢𑘿𑘨𑘝𑘱𑘦𑘰 𑘭𑘿𑘪𑘓𑘿𑘔 𑘎𑘨𑘴𑘡 𑘦𑘕𑘎𑘴𑘨 𑘪𑘰𑘓𑘝𑘰 𑘧𑘹𑘃𑘩.,114
data/synthetic/images/line_0114_v027.png,प्रतिमा स्वच्छ करून मजकूर वाचता येईल.,𑘢𑘿𑘨𑘝𑘱𑘦𑘰 𑘭𑘿𑘪𑘓𑘿𑘔 𑘎𑘨𑘴𑘡 𑘦𑘕𑘎𑘴𑘨 𑘪𑘰𑘓𑘝𑘰 𑘧𑘹𑘃𑘩.,114
data/synthetic/images/line_0114_v028.png,प्रतिमा स्वच्छ करून मजकूर वाचता येईल.,𑘢𑘿𑘨𑘝𑘱𑘦𑘰 𑘭𑘿𑘪𑘓𑘿𑘔 𑘎𑘨𑘴𑘡 𑘦𑘕𑘎𑘴𑘨 𑘪𑘰𑘓𑘝𑘰 𑘧𑘹𑘃𑘩.,114
data/synthetic/images/line_0114_v029.png,प्रतिमा स्वच्छ करून मजकूर वाचता येईल.,𑘢𑘿𑘨𑘝𑘱𑘦𑘰 𑘭𑘿𑘪𑘓𑘿𑘔 𑘎𑘨𑘴𑘡 𑘦𑘕𑘎𑘴𑘨 𑘪𑘰𑘓𑘝𑘰 𑘧𑘹𑘃𑘩.,114
data/synthetic/images/line_0114_v030.png,प्रतिमा स्वच्छ करून मजकूर वाचता येईल.,𑘢𑘿𑘨𑘝𑘱𑘦𑘰 𑘭𑘿𑘪𑘓𑘿𑘔 𑘎𑘨𑘴𑘡 𑘦𑘕𑘎𑘴𑘨 𑘪𑘰𑘓𑘝𑘰 𑘧𑘹𑘃𑘩.,114
data/synthetic/images/line_0114_v031.png,प्रतिमा स्वच्छ करून मजकूर वाचता येईल.,𑘢𑘿𑘨𑘝𑘱𑘦𑘰 𑘭𑘿𑘪𑘓𑘿𑘔 𑘎𑘨𑘴𑘡 𑘦𑘕𑘎𑘴𑘨 𑘪𑘰𑘓𑘝𑘰 𑘧𑘹𑘃𑘩.,114
data/synthetic/images/line_0114_v032.png,प्रतिमा स्वच्छ करून मजकूर वाचता येईल.,𑘢𑘿𑘨𑘝𑘱𑘦𑘰 𑘭𑘿𑘪𑘓𑘿𑘔 𑘎𑘨𑘴𑘡 𑘦𑘕𑘎𑘴𑘨 𑘪𑘰𑘓𑘝𑘰 𑘧𑘹𑘃𑘩.,114
data/synthetic/images/line_0114_v033.png,प्रतिमा स्वच्छ करून मजकूर वाचता येईल.,𑘢𑘿𑘨𑘝𑘱𑘦𑘰 𑘭𑘿𑘪𑘓𑘿𑘔 𑘎𑘨𑘴𑘡 𑘦𑘕𑘎𑘴𑘨 𑘪𑘰𑘓𑘝𑘰 𑘧𑘹𑘃𑘩.,114
data/synthetic/images/line_0114_v034.png,प्रतिमा स्वच्छ करून मजकूर वाचता येईल.,𑘢𑘿𑘨𑘝𑘱𑘦𑘰 𑘭𑘿𑘪𑘓𑘿𑘔 𑘎𑘨𑘴𑘡 𑘦𑘕𑘎𑘴𑘨 𑘪𑘰𑘓𑘝𑘰 𑘧𑘹𑘃𑘩.,114
data/synthetic/images/line_0114_v035.png,प्रतिमा स्वच्छ करून मजकूर वाचता येईल.,𑘢𑘿𑘨𑘝𑘱𑘦𑘰 𑘭𑘿𑘪𑘓𑘿𑘔 𑘎𑘨𑘴𑘡 𑘦𑘕𑘎𑘴𑘨 𑘪𑘰𑘓𑘝𑘰 𑘧𑘹𑘃𑘩.,114
data/synthetic/images/line_0114_v036.png,प्रतिमा स्वच्छ करून मजकूर वाचता येईल.,𑘢𑘿𑘨𑘝𑘱𑘦𑘰 𑘭𑘿𑘪𑘓𑘿𑘔 𑘎𑘨𑘴𑘡 𑘦𑘕𑘎𑘴𑘨 𑘪𑘰𑘓𑘝𑘰 𑘧𑘹𑘃𑘩.,114
data/synthetic/images/line_0114_v037.png,प्रतिमा स्वच्छ करून मजकूर वाचता येईल.,𑘢𑘿𑘨𑘝𑘱𑘦𑘰 𑘭𑘿𑘪𑘓𑘿𑘔 𑘎𑘨𑘴𑘡 𑘦𑘕𑘎𑘴𑘨 𑘪𑘰𑘓𑘝𑘰 𑘧𑘹𑘃𑘩.,114
data/synthetic/images/line_0114_v038.png,प्रतिमा स्वच्छ करून मजकूर वाचता येईल.,𑘢𑘿𑘨𑘝𑘱𑘦𑘰 𑘭𑘿𑘪𑘓𑘿𑘔 𑘎𑘨𑘴𑘡 𑘦𑘕𑘎𑘴𑘨 𑘪𑘰𑘓𑘝𑘰 𑘧𑘹𑘃𑘩.,114
data/synthetic/images/line_0114_v039.png,प्रतिमा स्वच्छ करून मजकूर वाचता येईल.,𑘢𑘿𑘨𑘝𑘱𑘦𑘰 𑘭𑘿𑘪𑘓𑘿𑘔 𑘎𑘨𑘴𑘡 𑘦𑘕𑘎𑘴𑘨 𑘪𑘰𑘓𑘝𑘰 𑘧𑘹𑘃𑘩.,114
data/synthetic/images/line_0115_v000.png,जुने दस्तऐवज वाचणे कठीण असते.,𑘕𑘳𑘡𑘹 𑘟𑘭𑘿𑘝𑘋𑘪𑘕 𑘪𑘰𑘓𑘜𑘹 𑘎𑘙𑘲𑘜 𑘀𑘭𑘝𑘹.,115
data/synthetic/images/line_0115_v001.png,जुने दस्तऐवज वाचणे कठीण असते.,𑘕𑘳𑘡𑘹 𑘟𑘭𑘿𑘝𑘋𑘪𑘕 𑘪𑘰𑘓𑘜𑘹 𑘎𑘙𑘲𑘜 𑘀𑘭𑘝𑘹.,115
data/synthetic/images/line_0115_v002.png,जुने दस्तऐवज वाचणे कठीण असते.,𑘕𑘳𑘡𑘹 𑘟𑘭𑘿𑘝𑘋𑘪𑘕 𑘪𑘰𑘓𑘜𑘹 𑘎𑘙𑘲𑘜 𑘀𑘭𑘝𑘹.,115
data/synthetic/images/line_0115_v003.png,जुने दस्तऐवज वाचणे कठीण असते.,𑘕𑘳𑘡𑘹 𑘟𑘭𑘿𑘝𑘋𑘪𑘕 𑘪𑘰𑘓𑘜𑘹 𑘎𑘙𑘲𑘜 𑘀𑘭𑘝𑘹.,115
data/synthetic/images/line_0115_v004.png,जुने दस्तऐवज वाचणे कठीण असते.,𑘕𑘳𑘡𑘹 𑘟𑘭𑘿𑘝𑘋𑘪𑘕 𑘪𑘰𑘓𑘜𑘹 𑘎𑘙𑘲𑘜 𑘀𑘭𑘝𑘹.,115
data/synthetic/images/line_0115_v005.png,जुने दस्तऐवज वाचणे कठीण असते.,𑘕𑘳𑘡𑘹 𑘟𑘭𑘿𑘝𑘋𑘪𑘕 𑘪𑘰𑘓𑘜𑘹 𑘎𑘙𑘲𑘜 𑘀𑘭𑘝𑘹.,115
data/synthetic/images/line_0115_v006.png,जुने दस्तऐवज वाचणे कठीण असते.,𑘕𑘳𑘡𑘹 𑘟𑘭𑘿𑘝𑘋𑘪𑘕 𑘪𑘰𑘓𑘜𑘹 𑘎𑘙𑘲𑘜 𑘀𑘭𑘝𑘹.,115
data/synthetic/images/line_0115_v007.png,जुने दस्तऐवज वाचणे कठीण असते.,𑘕𑘳𑘡𑘹 𑘟𑘭𑘿𑘝𑘋𑘪𑘕 𑘪𑘰𑘓𑘜𑘹 𑘎𑘙𑘲𑘜 𑘀𑘭𑘝𑘹.,115
data/synthetic/images/line_0115_v008.png,जुने दस्तऐवज वाचणे कठीण असते.,𑘕𑘳𑘡𑘹 𑘟𑘭𑘿𑘝𑘋𑘪𑘕 𑘪𑘰𑘓𑘜𑘹 𑘎𑘙𑘲𑘜 𑘀𑘭𑘝𑘹.,115
data/synthetic/images/line_0115_v009.png,जुने दस्तऐवज वाचणे कठीण असते.,𑘕𑘳𑘡𑘹 𑘟𑘭𑘿𑘝𑘋𑘪𑘕 𑘪𑘰𑘓𑘜𑘹 𑘎𑘙𑘲𑘜 𑘀𑘭𑘝𑘹.,115
data/synthetic/images/line_0115_v010.png,जुने दस्तऐवज वाचणे कठीण असते.,𑘕𑘳𑘡𑘹 𑘟𑘭𑘿𑘝𑘋𑘪𑘕 𑘪𑘰𑘓𑘜𑘹 𑘎𑘙𑘲𑘜 𑘀𑘭𑘝𑘹.,115
data/synthetic/images/line_0115_v011.png,जुने दस्तऐवज वाचणे कठीण असते.,𑘕𑘳𑘡𑘹 𑘟𑘭𑘿𑘝𑘋𑘪𑘕 𑘪𑘰𑘓𑘜𑘹 𑘎𑘙𑘲𑘜 𑘀𑘭𑘝𑘹.,115
data/synthetic/images/line_0115_v012.png,जुने दस्तऐवज वाचणे कठीण असते.,𑘕𑘳𑘡𑘹 𑘟𑘭𑘿𑘝𑘋𑘪𑘕 𑘪𑘰𑘓𑘜𑘹 𑘎𑘙𑘲𑘜 𑘀𑘭𑘝𑘹.,115
data/synthetic/images/line_0115_v013.png,जुने दस्तऐवज वाचणे कठीण असते.,𑘕𑘳𑘡𑘹 𑘟𑘭𑘿𑘝𑘋𑘪𑘕 𑘪𑘰𑘓𑘜𑘹 𑘎𑘙𑘲𑘜 𑘀𑘭𑘝𑘹.,115
data/synthetic/images/line_0115_v014.png,जुने दस्तऐवज वाचणे कठीण असते.,𑘕𑘳𑘡𑘹 𑘟𑘭𑘿𑘝𑘋𑘪𑘕 𑘪𑘰𑘓𑘜𑘹 𑘎𑘙𑘲𑘜 𑘀𑘭𑘝𑘹.,115
data/synthetic/images/line_0115_v015.png,जुने दस्तऐवज वाचणे कठीण असते.,𑘕𑘳𑘡𑘹 𑘟𑘭𑘿𑘝𑘋𑘪𑘕 𑘪𑘰𑘓𑘜𑘹 𑘎𑘙𑘲𑘜 𑘀𑘭𑘝𑘹.,115
data/synthetic/images/line_0115_v016.png,जुने दस्तऐवज वाचणे कठीण असते.,𑘕𑘳𑘡𑘹 𑘟𑘭𑘿𑘝𑘋𑘪𑘕 𑘪𑘰𑘓𑘜𑘹 𑘎𑘙𑘲𑘜 𑘀𑘭𑘝𑘹.,115
data/synthetic/images/line_0115_v017.png,जुने दस्तऐवज वाचणे कठीण असते.,𑘕𑘳𑘡𑘹 𑘟𑘭𑘿𑘝𑘋𑘪𑘕 𑘪𑘰𑘓𑘜𑘹 𑘎𑘙𑘲𑘜 𑘀𑘭𑘝𑘹.,115
data/synthetic/images/line_0115_v018.png,जुने दस्तऐवज वाचणे कठीण असते.,𑘕𑘳𑘡𑘹 𑘟𑘭𑘿𑘝𑘋𑘪𑘕 𑘪𑘰𑘓𑘜𑘹 𑘎𑘙𑘲𑘜 𑘀𑘭𑘝𑘹.,115
data/synthetic/images/line_0115_v019.png,जुने दस्तऐवज वाचणे कठीण असते.,𑘕𑘳𑘡𑘹 𑘟𑘭𑘿𑘝𑘋𑘪𑘕 𑘪𑘰𑘓𑘜𑘹 𑘎𑘙𑘲𑘜 𑘀𑘭𑘝𑘹.,115
data/synthetic/images/line_0115_v020.png,जुने दस्तऐवज वाचणे कठीण असते.,𑘕𑘳𑘡𑘹 𑘟𑘭𑘿𑘝𑘋𑘪𑘕 𑘪𑘰𑘓𑘜𑘹 𑘎𑘙𑘲𑘜 𑘀𑘭𑘝𑘹.,115
data/synthetic/images/line_0115_v021.png,जुने दस्तऐवज वाचणे कठीण असते.,𑘕𑘳𑘡𑘹 𑘟𑘭𑘿𑘝𑘋𑘪𑘕 𑘪𑘰𑘓𑘜𑘹 𑘎𑘙𑘲𑘜 𑘀𑘭𑘝𑘹.,115
data/synthetic/images/line_0115_v022.png,जुने दस्तऐवज वाचणे कठीण असते.,𑘕𑘳𑘡𑘹 𑘟𑘭𑘿𑘝𑘋𑘪𑘕 𑘪𑘰𑘓𑘜𑘹 𑘎𑘙𑘲𑘜 𑘀𑘭𑘝𑘹.,115
data/synthetic/images/line_0115_v023.png,जुने दस्तऐवज वाचणे कठीण असते.,𑘕𑘳𑘡𑘹 𑘟𑘭𑘿𑘝𑘋𑘪𑘕 𑘪𑘰𑘓𑘜𑘹 𑘎𑘙𑘲𑘜 𑘀𑘭𑘝𑘹.,115
data/synthetic/images/line_0115_v024.png,जुने दस्तऐवज वाचणे कठीण असते.,𑘕𑘳𑘡𑘹 𑘟𑘭𑘿𑘝𑘋𑘪𑘕 𑘪𑘰𑘓𑘜𑘹 𑘎𑘙𑘲𑘜 𑘀𑘭𑘝𑘹.,115
data/synthetic/images/line_0115_v025.png,जुने दस्तऐवज वाचणे कठीण असते.,𑘕𑘳𑘡𑘹 𑘟𑘭𑘿𑘝𑘋𑘪𑘕 𑘪𑘰𑘓𑘜𑘹 𑘎𑘙𑘲𑘜 𑘀𑘭𑘝𑘹.,115
data/synthetic/images/line_0115_v026.png,जुने दस्तऐवज वाचणे कठीण असते.,𑘕𑘳𑘡𑘹 𑘟𑘭𑘿𑘝𑘋𑘪𑘕 𑘪𑘰𑘓𑘜𑘹 𑘎𑘙𑘲𑘜 𑘀𑘭𑘝𑘹.,115
data/synthetic/images/line_0115_v027.png,जुने दस्तऐवज वाचणे कठीण असते.,𑘕𑘳𑘡𑘹 𑘟𑘭𑘿𑘝𑘋𑘪𑘕 𑘪𑘰𑘓𑘜𑘹 𑘎𑘙𑘲𑘜 𑘀𑘭𑘝𑘹.,115
data/synthetic/images/line_0115_v028.png,जुने दस्तऐवज वाचणे कठीण असते.,𑘕𑘳𑘡𑘹 𑘟𑘭𑘿𑘝𑘋𑘪𑘕 𑘪𑘰𑘓𑘜𑘹 𑘎𑘙𑘲𑘜 𑘀𑘭𑘝𑘹.,115
data/synthetic/images/line_0115_v029.png,जुने दस्तऐवज वाचणे कठीण असते.,𑘕𑘳𑘡𑘹 𑘟𑘭𑘿𑘝𑘋𑘪𑘕 𑘪𑘰𑘓𑘜𑘹 𑘎𑘙𑘲𑘜 𑘀𑘭𑘝𑘹.,115
data/synthetic/images/line_0115_v030.png,जुने दस्तऐवज वाचणे कठीण असते.,𑘕𑘳𑘡𑘹 𑘟𑘭𑘿𑘝𑘋𑘪𑘕 𑘪𑘰𑘓𑘜𑘹 𑘎𑘙𑘲𑘜 𑘀𑘭𑘝𑘹.,115
data/synthetic/images/line_0115_v031.png,जुने दस्तऐवज वाचणे कठीण असते.,𑘕𑘳𑘡𑘹 𑘟𑘭𑘿𑘝𑘋𑘪𑘕 𑘪𑘰𑘓𑘜𑘹 𑘎𑘙𑘲𑘜 𑘀𑘭𑘝𑘹.,115
data/synthetic/images/line_0115_v032.png,जुने दस्तऐवज वाचणे कठीण असते.,𑘕𑘳𑘡𑘹 𑘟𑘭𑘿𑘝𑘋𑘪𑘕 𑘪𑘰𑘓𑘜𑘹 𑘎𑘙𑘲𑘜 𑘀𑘭𑘝𑘹.,115
data/synthetic/images/line_0115_v033.png,जुने दस्तऐवज वाचणे कठीण असते.,𑘕𑘳𑘡𑘹 𑘟𑘭𑘿𑘝𑘋𑘪𑘕 𑘪𑘰𑘓𑘜𑘹 𑘎𑘙𑘲𑘜 𑘀𑘭𑘝𑘹.,115
data/synthetic/images/line_0115_v034.png,जुने दस्तऐवज वाचणे कठीण असते.,𑘕𑘳𑘡𑘹 𑘟𑘭𑘿𑘝𑘋𑘪𑘕 𑘪𑘰𑘓𑘜𑘹 𑘎𑘙𑘲𑘜 𑘀𑘭𑘝𑘹.,115
data/synthetic/images/line_0115_v035.png,जुने दस्तऐवज वाचणे कठीण असते.,𑘕𑘳𑘡𑘹 𑘟𑘭𑘿𑘝𑘋𑘪𑘕 𑘪𑘰𑘓𑘜𑘹 𑘎𑘙𑘲𑘜 𑘀𑘭𑘝𑘹.,115
data/synthetic/images/line_0115_v036.png,जुने दस्तऐवज वाचणे कठीण असते.,𑘕𑘳𑘡𑘹 𑘟𑘭𑘿𑘝𑘋𑘪𑘕 𑘪𑘰𑘓𑘜𑘹 𑘎𑘙𑘲𑘜 𑘀𑘭𑘝𑘹.,115
data/synthetic/images/line_0115_v037.png,जुने दस्तऐवज वाचणे कठीण असते.,𑘕𑘳𑘡𑘹 𑘟𑘭𑘿𑘝𑘋𑘪𑘕 𑘪𑘰𑘓𑘜𑘹 𑘎𑘙𑘲𑘜 𑘀𑘭𑘝𑘹.,115
data/synthetic/images/line_0115_v038.png,जुने दस्तऐवज वाचणे कठीण असते.,𑘕𑘳𑘡𑘹 𑘟𑘭𑘿𑘝𑘋𑘪𑘕 𑘪𑘰𑘓𑘜𑘹 𑘎𑘙𑘲𑘜 𑘀𑘭𑘝𑘹.,115
data/synthetic/images/line_0115_v039.png,जुने दस्तऐवज वाचणे कठीण असते.,𑘕𑘳𑘡𑘹 𑘟𑘭𑘿𑘝𑘋𑘪𑘕 𑘪𑘰𑘓𑘜𑘹 𑘎𑘙𑘲𑘜 𑘀𑘭𑘝𑘹.,115
data/synthetic/images/line_0116_v000.png,शाई फिकट झाल्यामुळे अक्षरे अस्पष्ट दिसतात.,𑘫𑘰𑘃 𑘣𑘱𑘎𑘘 𑘖𑘰𑘩𑘿𑘧𑘰𑘦𑘳𑘯𑘹 𑘀𑘎𑘿𑘬𑘨𑘹 𑘀𑘭𑘿𑘢𑘬𑘿𑘘 𑘟𑘱𑘭𑘝𑘰𑘝.,116
data/synthetic/images/line_0116_v001.png,शाई फिकट झाल्यामुळे अक्षरे अस्पष्ट दिसतात.,𑘫𑘰𑘃 𑘣𑘱𑘎𑘘 𑘖𑘰𑘩𑘿𑘧𑘰𑘦𑘳𑘯𑘹 𑘀𑘎𑘿𑘬𑘨𑘹 𑘀𑘭𑘿𑘢𑘬𑘿𑘘 𑘟𑘱𑘭𑘝𑘰𑘝.,116
data/synthetic/images/line_0116_v002.png,शाई फिकट झाल्यामुळे अक्षरे अस्पष्ट दिसतात.,𑘫𑘰𑘃 𑘣𑘱𑘎𑘘 𑘖𑘰𑘩𑘿𑘧𑘰𑘦𑘳𑘯𑘹 𑘀𑘎𑘿𑘬𑘨𑘹 𑘀𑘭𑘿𑘢𑘬𑘿𑘘 𑘟𑘱𑘭𑘝𑘰𑘝.,116
data/synthetic/images/line_0116_v003.png,शाई फिकट झाल्यामुळे अक्षरे अस्पष्ट दिसतात.,𑘫𑘰𑘃 𑘣𑘱𑘎𑘘 𑘖𑘰𑘩𑘿𑘧𑘰𑘦𑘳𑘯𑘹 𑘀𑘎𑘿𑘬𑘨𑘹 𑘀𑘭𑘿𑘢𑘬𑘿𑘘 𑘟𑘱𑘭𑘝𑘰𑘝.,116
data/synthetic/images/line_0116_v004.png,शाई फिकट झाल्यामुळे अक्षरे अस्पष्ट दिसतात.,𑘫𑘰𑘃 𑘣𑘱𑘎𑘘 𑘖𑘰𑘩𑘿𑘧𑘰𑘦𑘳𑘯𑘹 𑘀𑘎𑘿𑘬𑘨𑘹 𑘀𑘭𑘿𑘢𑘬𑘿𑘘 𑘟𑘱𑘭𑘝𑘰𑘝.,116
data/synthetic/images/line_0116_v005.png,शाई फिकट झाल्यामुळे अक्षरे अस्पष्ट दिसतात.,𑘫𑘰𑘃 𑘣𑘱𑘎𑘘 𑘖𑘰𑘩𑘿𑘧𑘰𑘦𑘳𑘯𑘹 𑘀𑘎𑘿𑘬𑘨𑘹 𑘀𑘭𑘿𑘢𑘬𑘿𑘘 𑘟𑘱𑘭𑘝𑘰𑘝.,116
data/synthetic/images/line_0116_v006.png,शाई फिकट झाल्यामुळे अक्षरे अस्पष्ट दिसतात.,𑘫𑘰𑘃 𑘣𑘱𑘎𑘘 𑘖𑘰𑘩𑘿𑘧𑘰𑘦𑘳𑘯𑘹 𑘀𑘎𑘿𑘬𑘨𑘹 𑘀𑘭𑘿𑘢𑘬𑘿𑘘 𑘟𑘱𑘭𑘝𑘰𑘝.,116
data/synthetic/images/line_0116_v007.png,शाई फिकट झाल्यामुळे अक्षरे अस्पष्ट दिसतात.,𑘫𑘰𑘃 𑘣𑘱𑘎𑘘 𑘖𑘰𑘩𑘿𑘧𑘰𑘦𑘳𑘯𑘹 𑘀𑘎𑘿𑘬𑘨𑘹 𑘀𑘭𑘿𑘢𑘬𑘿𑘘 𑘟𑘱𑘭𑘝𑘰𑘝.,116
data/synthetic/images/line_0116_v008.png,शाई फिकट झाल्यामुळे अक्षरे अस्पष्ट दिसतात.,𑘫𑘰𑘃 𑘣𑘱𑘎𑘘 𑘖𑘰𑘩𑘿𑘧𑘰𑘦𑘳𑘯𑘹 𑘀𑘎𑘿𑘬𑘨𑘹 𑘀𑘭𑘿𑘢𑘬𑘿𑘘 𑘟𑘱𑘭𑘝𑘰𑘝.,116
data/synthetic/images/line_0116_v009.png,शाई फिकट झाल्यामुळे अक्षरे अस्पष्ट दिसतात.,𑘫𑘰𑘃 𑘣𑘱𑘎𑘘 𑘖𑘰𑘩𑘿𑘧𑘰𑘦𑘳𑘯𑘹 𑘀𑘎𑘿𑘬𑘨𑘹 𑘀𑘭𑘿𑘢𑘬𑘿𑘘 𑘟𑘱𑘭𑘝𑘰𑘝.,116
data/synthetic/images/line_0116_v010.png,शाई फिकट झाल्यामुळे अक्षरे अस्पष्ट दिसतात.,𑘫𑘰𑘃 𑘣𑘱𑘎𑘘 𑘖𑘰𑘩𑘿𑘧𑘰𑘦𑘳𑘯𑘹 𑘀𑘎𑘿𑘬𑘨𑘹 𑘀𑘭𑘿𑘢𑘬𑘿𑘘 𑘟𑘱𑘭𑘝𑘰𑘝.,116
data/synthetic/images/line_0116_v011.png,शाई फिकट झाल्यामुळे अक्षरे अस्पष्ट दिसतात.,𑘫𑘰𑘃 𑘣𑘱𑘎𑘘 𑘖𑘰𑘩𑘿𑘧𑘰𑘦𑘳𑘯𑘹 𑘀𑘎𑘿𑘬𑘨𑘹 𑘀𑘭𑘿𑘢𑘬𑘿𑘘 𑘟𑘱𑘭𑘝𑘰𑘝.,116
data/synthetic/images/line_0116_v012.png,शाई फिकट झाल्यामुळे अक्षरे अस्पष्ट दिसतात.,𑘫𑘰𑘃 𑘣𑘱𑘎𑘘 𑘖𑘰𑘩𑘿𑘧𑘰𑘦𑘳𑘯𑘹 𑘀𑘎𑘿𑘬𑘨𑘹 𑘀𑘭𑘿𑘢𑘬𑘿𑘘 𑘟𑘱𑘭𑘝𑘰𑘝.,116
data/synthetic/images/line_0116_v013.png,शाई फिकट झाल्यामुळे अक्षरे अस्पष्ट दिसतात.,𑘫𑘰𑘃 𑘣𑘱𑘎𑘘 𑘖𑘰𑘩𑘿𑘧𑘰𑘦𑘳𑘯𑘹 𑘀𑘎𑘿𑘬𑘨𑘹 𑘀𑘭𑘿𑘢𑘬𑘿𑘘 𑘟𑘱𑘭𑘝𑘰𑘝.,116
data/synthetic/images/line_0116_v014.png,शाई फिकट झाल्यामुळे अक्षरे अस्पष्ट दिसतात.,𑘫𑘰𑘃 𑘣𑘱𑘎𑘘 𑘖𑘰𑘩𑘿𑘧𑘰𑘦𑘳𑘯𑘹 𑘀𑘎𑘿𑘬𑘨𑘹 𑘀𑘭𑘿𑘢𑘬𑘿𑘘 𑘟𑘱𑘭𑘝𑘰𑘝.,116
data/synthetic/images/line_0116_v015.png,शाई फिकट झाल्यामुळे अक्षरे अस्पष्ट दिसतात.,𑘫𑘰𑘃 𑘣𑘱𑘎𑘘 𑘖𑘰𑘩𑘿𑘧𑘰𑘦𑘳𑘯𑘹 𑘀𑘎𑘿𑘬𑘨𑘹 𑘀𑘭𑘿𑘢𑘬𑘿𑘘 𑘟𑘱𑘭𑘝𑘰𑘝.,116
data/synthetic/images/line_0116_v016.png,शाई फिकट झाल्यामुळे अक्षरे अस्पष्ट दिसतात.,𑘫𑘰𑘃 𑘣𑘱𑘎𑘘 𑘖𑘰𑘩𑘿𑘧𑘰𑘦𑘳𑘯𑘹 𑘀𑘎𑘿𑘬𑘨𑘹 𑘀𑘭𑘿𑘢𑘬𑘿𑘘 𑘟𑘱𑘭𑘝𑘰𑘝.,116
data/synthetic/images/line_0116_v017.png,शाई फिकट झाल्यामुळे अक्षरे अस्पष्ट दिसतात.,𑘫𑘰𑘃 𑘣𑘱𑘎𑘘 𑘖𑘰𑘩𑘿𑘧𑘰𑘦𑘳𑘯𑘹 𑘀𑘎𑘿𑘬𑘨𑘹 𑘀𑘭𑘿𑘢𑘬𑘿𑘘 𑘟𑘱𑘭𑘝𑘰𑘝.,116
data/synthetic/images/line_0116_v018.png,शाई फिकट झाल्यामुळे अक्षरे अस्पष्ट दिसतात.,𑘫𑘰𑘃 𑘣𑘱𑘎𑘘 𑘖𑘰𑘩𑘿𑘧𑘰𑘦𑘳𑘯𑘹 𑘀𑘎𑘿𑘬𑘨𑘹 𑘀𑘭𑘿𑘢𑘬𑘿𑘘 𑘟𑘱𑘭𑘝𑘰𑘝.,116
data/synthetic/images/line_0116_v019.png,शाई फिकट झाल्यामुळे अक्षरे अस्पष्ट दिसतात.,𑘫𑘰𑘃 𑘣𑘱𑘎𑘘 𑘖𑘰𑘩𑘿𑘧𑘰𑘦𑘳𑘯𑘹 𑘀𑘎𑘿𑘬𑘨𑘹 𑘀𑘭𑘿𑘢𑘬𑘿𑘘 𑘟𑘱𑘭𑘝𑘰𑘝.,116
data/synthetic/images/line_0116_v020.png,शाई फिकट झाल्यामुळे अक्षरे अस्पष्ट दिसतात.,𑘫𑘰𑘃 𑘣𑘱𑘎𑘘 𑘖𑘰𑘩𑘿𑘧𑘰𑘦𑘳𑘯𑘹 𑘀𑘎𑘿𑘬𑘨𑘹 𑘀𑘭𑘿𑘢𑘬𑘿𑘘 𑘟𑘱𑘭𑘝𑘰𑘝.,116
data/synthetic/images/line_0116_v021.png,शाई फिकट झाल्यामुळे अक्षरे अस्पष्ट दिसतात.,𑘫𑘰𑘃 𑘣𑘱𑘎𑘘 𑘖𑘰𑘩𑘿𑘧𑘰𑘦𑘳𑘯𑘹 𑘀𑘎𑘿𑘬𑘨𑘹 𑘀𑘭𑘿𑘢𑘬𑘿𑘘 𑘟𑘱𑘭𑘝𑘰𑘝.,116
data/synthetic/images/line_0116_v022.png,शाई फिकट झाल्यामुळे अक्षरे अस्पष्ट दिसतात.,𑘫𑘰𑘃 𑘣𑘱𑘎𑘘 𑘖𑘰𑘩𑘿𑘧𑘰𑘦𑘳𑘯𑘹 𑘀𑘎𑘿𑘬𑘨𑘹 𑘀𑘭𑘿𑘢𑘬𑘿𑘘 𑘟𑘱𑘭𑘝𑘰𑘝.,116
data/synthetic/images/line_0116_v023.png,शाई फिकट झाल्यामुळे अक्षरे अस्पष्ट दिसतात.,𑘫𑘰𑘃 𑘣𑘱𑘎𑘘 𑘖𑘰𑘩𑘿𑘧𑘰𑘦𑘳𑘯𑘹 𑘀𑘎𑘿𑘬𑘨𑘹 𑘀𑘭𑘿𑘢𑘬𑘿𑘘 𑘟𑘱𑘭𑘝𑘰𑘝.,116
data/synthetic/images/line_0116_v024.png,शाई फिकट झाल्यामुळे अक्षरे अस्पष्ट दिसतात.,𑘫𑘰𑘃 𑘣𑘱𑘎𑘘 𑘖𑘰𑘩𑘿𑘧𑘰𑘦𑘳𑘯𑘹 𑘀𑘎𑘿𑘬𑘨𑘹 𑘀𑘭𑘿𑘢𑘬𑘿𑘘 𑘟𑘱𑘭𑘝𑘰𑘝.,116
data/synthetic/images/line_0116_v025.png,शाई फिकट झाल्यामुळे अक्षरे अस्पष्ट दिसतात.,𑘫𑘰𑘃 𑘣𑘱𑘎𑘘 𑘖𑘰𑘩𑘿𑘧𑘰𑘦𑘳𑘯𑘹 𑘀𑘎𑘿𑘬𑘨𑘹 𑘀𑘭𑘿𑘢𑘬𑘿𑘘 𑘟𑘱𑘭𑘝𑘰𑘝.,116
data/synthetic/images/line_0116_v026.png,शाई फिकट झाल्यामुळे अक्षरे अस्पष्ट दिसतात.,𑘫𑘰𑘃 𑘣𑘱𑘎𑘘 𑘖𑘰𑘩𑘿𑘧𑘰𑘦𑘳𑘯𑘹 𑘀𑘎𑘿𑘬𑘨𑘹 𑘀𑘭𑘿𑘢𑘬𑘿𑘘 𑘟𑘱𑘭𑘝𑘰𑘝.,116
data/synthetic/images/line_0116_v027.png,शाई फिकट झाल्यामुळे अक्षरे अस्पष्ट दिसतात.,𑘫𑘰𑘃 𑘣𑘱𑘎𑘘 𑘖𑘰𑘩𑘿𑘧𑘰𑘦𑘳𑘯𑘹 𑘀𑘎𑘿𑘬𑘨𑘹 𑘀𑘭𑘿𑘢𑘬𑘿𑘘 𑘟𑘱𑘭𑘝𑘰𑘝.,116
data/synthetic/images/line_0116_v028.png,शाई फिकट झाल्यामुळे अक्षरे अस्पष्ट दिसतात.,𑘫𑘰𑘃 𑘣𑘱𑘎𑘘 𑘖𑘰𑘩𑘿𑘧𑘰𑘦𑘳𑘯𑘹 𑘀𑘎𑘿𑘬𑘨𑘹 𑘀𑘭𑘿𑘢𑘬𑘿𑘘 𑘟𑘱𑘭𑘝𑘰𑘝.,116
data/synthetic/images/line_0116_v029.png,शाई फिकट झाल्यामुळे अक्षरे अस्पष्ट दिसतात.,𑘫𑘰𑘃 𑘣𑘱𑘎𑘘 𑘖𑘰𑘩𑘿𑘧𑘰𑘦𑘳𑘯𑘹 𑘀𑘎𑘿𑘬𑘨𑘹 𑘀𑘭𑘿𑘢𑘬𑘿𑘘 𑘟𑘱𑘭𑘝𑘰𑘝.,116
data/synthetic/images/line_0116_v030.png,शाई फिकट झाल्यामुळे अक्षरे अस्पष्ट दिसतात.,𑘫𑘰𑘃 𑘣𑘱𑘎𑘘 𑘖𑘰𑘩𑘿𑘧𑘰𑘦𑘳𑘯𑘹 𑘀𑘎𑘿𑘬𑘨𑘹 𑘀𑘭𑘿𑘢𑘬𑘿𑘘 𑘟𑘱𑘭𑘝𑘰𑘝.,116
data/synthetic/images/line_0116_v031.png,शाई फिकट झाल्यामुळे अक्षरे अस्पष्ट दिसतात.,𑘫𑘰𑘃 𑘣𑘱𑘎𑘘 𑘖𑘰𑘩𑘿𑘧𑘰𑘦𑘳𑘯𑘹 𑘀𑘎𑘿𑘬𑘨𑘹 𑘀𑘭𑘿𑘢𑘬𑘿𑘘 𑘟𑘱𑘭𑘝𑘰𑘝.,116
data/synthetic/images/line_0116_v032.png,शाई फिकट झाल्यामुळे अक्षरे अस्पष्ट दिसतात.,𑘫𑘰𑘃 𑘣𑘱𑘎𑘘 𑘖𑘰𑘩𑘿𑘧𑘰𑘦𑘳𑘯𑘹 𑘀𑘎𑘿𑘬𑘨𑘹 𑘀𑘭𑘿𑘢𑘬𑘿𑘘 𑘟𑘱𑘭𑘝𑘰𑘝.,116
data/synthetic/images/line_0116_v033.png,शाई फिकट झाल्यामुळे अक्षरे अस्पष्ट दिसतात.,𑘫𑘰𑘃 𑘣𑘱𑘎𑘘 𑘖𑘰𑘩𑘿𑘧𑘰𑘦𑘳𑘯𑘹 𑘀𑘎𑘿𑘬𑘨𑘹 𑘀𑘭𑘿𑘢𑘬𑘿𑘘 𑘟𑘱𑘭𑘝𑘰𑘝.,116
data/synthetic/images/line_0116_v034.png,शाई फिकट झाल्यामुळे अक्षरे अस्पष्ट दिसतात.,𑘫𑘰𑘃 𑘣𑘱𑘎𑘘 𑘖𑘰𑘩𑘿𑘧𑘰𑘦𑘳𑘯𑘹 𑘀𑘎𑘿𑘬𑘨𑘹 𑘀𑘭𑘿𑘢𑘬𑘿𑘘 𑘟𑘱𑘭𑘝𑘰𑘝.,116
data/synthetic/images/line_0116_v035.png,शाई फिकट झाल्यामुळे अक्षरे अस्पष्ट दिसतात.,𑘫𑘰𑘃 𑘣𑘱𑘎𑘘 𑘖𑘰𑘩𑘿𑘧𑘰𑘦𑘳𑘯𑘹 𑘀𑘎𑘿𑘬𑘨𑘹 𑘀𑘭𑘿𑘢𑘬𑘿𑘘 𑘟𑘱𑘭𑘝𑘰𑘝.,116
data/synthetic/images/line_0116_v036.png,शाई फिकट झाल्यामुळे अक्षरे अस्पष्ट दिसतात.,𑘫𑘰𑘃 𑘣𑘱𑘎𑘘 𑘖𑘰𑘩𑘿𑘧𑘰𑘦𑘳𑘯𑘹 𑘀𑘎𑘿𑘬𑘨𑘹 𑘀𑘭𑘿𑘢𑘬𑘿𑘘 𑘟𑘱𑘭𑘝𑘰𑘝.,116
data/synthetic/images/line_0116_v037.png,शाई फिकट झाल्यामुळे अक्षरे अस्पष्ट दिसतात.,𑘫𑘰𑘃 𑘣𑘱𑘎𑘘 𑘖𑘰𑘩𑘿𑘧𑘰𑘦𑘳𑘯𑘹 𑘀𑘎𑘿𑘬𑘨𑘹 𑘀𑘭𑘿𑘢𑘬𑘿𑘘 𑘟𑘱𑘭𑘝𑘰𑘝.,116
data/synthetic/images/line_0116_v038.png,शाई फिकट झाल्यामुळे अक्षरे अस्पष्ट दिसतात.,𑘫𑘰𑘃 𑘣𑘱𑘎𑘘 𑘖𑘰𑘩𑘿𑘧𑘰𑘦𑘳𑘯𑘹 𑘀𑘎𑘿𑘬𑘨𑘹 𑘀𑘭𑘿𑘢𑘬𑘿𑘘 𑘟𑘱𑘭𑘝𑘰𑘝.,116
data/synthetic/images/line_0116_v039.png,शाई फिकट झाल्यामुळे अक्षरे अस्पष्ट दिसतात.,𑘫𑘰𑘃 𑘣𑘱𑘎𑘘 𑘖𑘰𑘩𑘿𑘧𑘰𑘦𑘳𑘯𑘹 𑘀𑘎𑘿𑘬𑘨𑘹 𑘀𑘭𑘿𑘢𑘬𑘿𑘘 𑘟𑘱𑘭𑘝𑘰𑘝.,116
data/synthetic/images/line_0117_v000.png,कागद जुना झाल्यामुळे फाटलेला आहे.,𑘎𑘰𑘐𑘟 𑘕𑘳𑘡𑘰 𑘖𑘰𑘩𑘿𑘧𑘰𑘦𑘳𑘯𑘹 𑘣𑘰𑘘𑘩𑘹𑘩𑘰 𑘁𑘮𑘹.,117
data/synthetic/images/line_0117_v001.png,कागद जुना झाल्यामुळे फाटलेला आहे.,𑘎𑘰𑘐𑘟 𑘕𑘳𑘡𑘰 𑘖𑘰𑘩𑘿𑘧𑘰𑘦𑘳𑘯𑘹 𑘣𑘰𑘘𑘩𑘹𑘩𑘰 𑘁𑘮𑘹.,117
data/synthetic/images/line_0117_v002.png,कागद जुना झाल्यामुळे फाटलेला आहे.,𑘎𑘰𑘐𑘟 𑘕𑘳𑘡𑘰 𑘖𑘰𑘩𑘿𑘧𑘰𑘦𑘳𑘯𑘹 𑘣𑘰𑘘𑘩𑘹𑘩𑘰 𑘁𑘮𑘹.,117
data/synthetic/images/line_0117_v003.png,कागद जुना झाल्यामुळे फाटलेला आहे.,𑘎𑘰𑘐𑘟 𑘕𑘳𑘡𑘰 𑘖𑘰𑘩𑘿𑘧𑘰𑘦𑘳𑘯𑘹 𑘣𑘰𑘘𑘩𑘹𑘩𑘰 𑘁𑘮𑘹.,117
data/synthetic/images/line_0117_v004.png,कागद जुना झाल्यामुळे फाटलेला आहे.,𑘎𑘰𑘐𑘟 𑘕𑘳𑘡𑘰 𑘖𑘰𑘩𑘿𑘧𑘰𑘦𑘳𑘯𑘹 𑘣𑘰𑘘𑘩𑘹𑘩𑘰 𑘁𑘮𑘹.,117
data/synthetic/images/line_0117_v005.png,कागद जुना झाल्यामुळे फाटलेला आहे.,𑘎𑘰𑘐𑘟 𑘕𑘳𑘡𑘰 𑘖𑘰𑘩𑘿𑘧𑘰𑘦𑘳𑘯𑘹 𑘣𑘰𑘘𑘩𑘹𑘩𑘰 𑘁𑘮𑘹.,117
data/synthetic/images/line_0117_v006.png,कागद जुना झाल्यामुळे फाटलेला आहे.,𑘎𑘰𑘐𑘟 𑘕𑘳𑘡𑘰 𑘖𑘰𑘩𑘿𑘧𑘰𑘦𑘳𑘯𑘹 𑘣𑘰𑘘𑘩𑘹𑘩𑘰 𑘁𑘮𑘹.,117
data/synthetic/images/line_0117_v007.png,कागद जुना झाल्यामुळे फाटलेला आहे.,𑘎𑘰𑘐𑘟 𑘕𑘳𑘡𑘰 𑘖𑘰𑘩𑘿𑘧𑘰𑘦𑘳𑘯𑘹 𑘣𑘰𑘘𑘩𑘹𑘩𑘰 𑘁𑘮𑘹.,117
data/synthetic/images/line_0117_v008.png,कागद जुना झाल्यामुळे फाटलेला आहे.,𑘎𑘰𑘐𑘟 𑘕𑘳𑘡𑘰 𑘖𑘰𑘩𑘿𑘧𑘰𑘦𑘳𑘯𑘹 𑘣𑘰𑘘𑘩𑘹𑘩𑘰 𑘁𑘮𑘹.,117
data/synthetic/images/line_0117_v009.png,कागद जुना झाल्यामुळे फाटलेला आहे.,𑘎𑘰𑘐𑘟 𑘕𑘳𑘡𑘰 𑘖𑘰𑘩𑘿𑘧𑘰𑘦𑘳𑘯𑘹 𑘣𑘰𑘘𑘩𑘹𑘩𑘰 𑘁𑘮𑘹.,117
data/synthetic/images/line_0117_v010.png,कागद जुना झाल्यामुळे फाटलेला आहे.,𑘎𑘰𑘐𑘟 𑘕𑘳𑘡𑘰 𑘖𑘰𑘩𑘿𑘧𑘰𑘦𑘳𑘯𑘹 𑘣𑘰𑘘𑘩𑘹𑘩𑘰 𑘁𑘮𑘹.,117
data/synthetic/images/line_0117_v011.png,कागद जुना झाल्यामुळे फाटलेला आहे.,𑘎𑘰𑘐𑘟 𑘕𑘳𑘡𑘰 𑘖𑘰𑘩𑘿𑘧𑘰𑘦𑘳𑘯𑘹 𑘣𑘰𑘘𑘩𑘹𑘩𑘰 𑘁𑘮𑘹.,117
data/synthetic/images/line_0117_v012.png,कागद जुना झाल्यामुळे फाटलेला आहे.,𑘎𑘰𑘐𑘟 𑘕𑘳𑘡𑘰 𑘖𑘰𑘩𑘿𑘧𑘰𑘦𑘳𑘯𑘹 𑘣𑘰𑘘𑘩𑘹𑘩𑘰 𑘁𑘮𑘹.,117
data/synthetic/images/line_0117_v013.png,कागद जुना झाल्यामुळे फाटलेला आहे.,𑘎𑘰𑘐𑘟 𑘕𑘳𑘡𑘰 𑘖𑘰𑘩𑘿𑘧𑘰𑘦𑘳𑘯𑘹 𑘣𑘰𑘘𑘩𑘹𑘩𑘰 𑘁𑘮𑘹.,117
data/synthetic/images/line_0117_v014.png,कागद जुना झाल्यामुळे फाटलेला आहे.,𑘎𑘰𑘐𑘟 𑘕𑘳𑘡𑘰 𑘖𑘰𑘩𑘿𑘧𑘰𑘦𑘳𑘯𑘹 𑘣𑘰𑘘𑘩𑘹𑘩𑘰 𑘁𑘮𑘹.,117
data/synthetic/images/line_0117_v015.png,कागद जुना झाल्यामुळे फाटलेला आहे.,𑘎𑘰𑘐𑘟 𑘕𑘳𑘡𑘰 𑘖𑘰𑘩𑘿𑘧𑘰𑘦𑘳𑘯𑘹 𑘣𑘰𑘘𑘩𑘹𑘩𑘰 𑘁𑘮𑘹.,117
data/synthetic/images/line_0117_v016.png,कागद जुना झाल्यामुळे फाटलेला आहे.,𑘎𑘰𑘐𑘟 𑘕𑘳𑘡𑘰 𑘖𑘰𑘩𑘿𑘧𑘰𑘦𑘳𑘯𑘹 𑘣𑘰𑘘𑘩𑘹𑘩𑘰 𑘁𑘮𑘹.,117
data/synthetic/images/line_0117_v017.png,कागद जुना झाल्यामुळे फाटलेला आहे.,𑘎𑘰𑘐𑘟 𑘕𑘳𑘡𑘰 𑘖𑘰𑘩𑘿𑘧𑘰𑘦𑘳𑘯𑘹 𑘣𑘰𑘘𑘩𑘹𑘩𑘰 𑘁𑘮𑘹.,117
data/synthetic/images/line_0117_v018.png,कागद जुना झाल्यामुळे फाटलेला आहे.,𑘎𑘰𑘐𑘟 𑘕𑘳𑘡𑘰 𑘖𑘰𑘩𑘿𑘧𑘰𑘦𑘳𑘯𑘹 𑘣𑘰𑘘𑘩𑘹𑘩𑘰 𑘁𑘮𑘹.,117
data/synthetic/images/line_0117_v019.png,कागद जुना झाल्यामुळे फाटलेला आहे.,𑘎𑘰𑘐𑘟 𑘕𑘳𑘡𑘰 𑘖𑘰𑘩𑘿𑘧𑘰𑘦𑘳𑘯𑘹 𑘣𑘰𑘘𑘩𑘹𑘩𑘰 𑘁𑘮𑘹.,117
data/synthetic/images/line_0117_v020.png,कागद जुना झाल्यामुळे फाटलेला आहे.,𑘎𑘰𑘐𑘟 𑘕𑘳𑘡𑘰 𑘖𑘰𑘩𑘿𑘧𑘰𑘦𑘳𑘯𑘹 𑘣𑘰𑘘𑘩𑘹𑘩𑘰 𑘁𑘮𑘹.,117
data/synthetic/images/line_0117_v021.png,कागद जुना झाल्यामुळे फाटलेला आहे.,𑘎𑘰𑘐𑘟 𑘕𑘳𑘡𑘰 𑘖𑘰𑘩𑘿𑘧𑘰𑘦𑘳𑘯𑘹 𑘣𑘰𑘘𑘩𑘹𑘩𑘰 𑘁𑘮𑘹.,117
data/synthetic/images/line_0117_v022.png,कागद जुना झाल्यामुळे फाटलेला आहे.,𑘎𑘰𑘐𑘟 𑘕𑘳𑘡𑘰 𑘖𑘰𑘩𑘿𑘧𑘰𑘦𑘳𑘯𑘹 𑘣𑘰𑘘𑘩𑘹𑘩𑘰 𑘁𑘮𑘹.,117
data/synthetic/images/line_0117_v023.png,कागद जुना झाल्यामुळे फाटलेला आहे.,𑘎𑘰𑘐𑘟 𑘕𑘳𑘡𑘰 𑘖𑘰𑘩𑘿𑘧𑘰𑘦𑘳𑘯𑘹 𑘣𑘰𑘘𑘩𑘹𑘩𑘰 𑘁𑘮𑘹.,117
data/synthetic/images/line_0117_v024.png,कागद जुना झाल्यामुळे फाटलेला आहे.,𑘎𑘰𑘐𑘟 𑘕𑘳𑘡𑘰 𑘖𑘰𑘩𑘿𑘧𑘰𑘦𑘳𑘯𑘹 𑘣𑘰𑘘𑘩𑘹𑘩𑘰 𑘁𑘮𑘹.,117
data/synthetic/images/line_0117_v025.png,कागद जुना झाल्यामुळे फाटलेला आहे.,𑘎𑘰𑘐𑘟 𑘕𑘳𑘡𑘰 𑘖𑘰𑘩𑘿𑘧𑘰𑘦𑘳𑘯𑘹 𑘣𑘰𑘘𑘩𑘹𑘩𑘰 𑘁𑘮𑘹.,117
data/synthetic/images/line_0117_v026.png,कागद जुना झाल्यामुळे फाटलेला आहे.,𑘎𑘰𑘐𑘟 𑘕𑘳𑘡𑘰 𑘖𑘰𑘩𑘿𑘧𑘰𑘦𑘳𑘯𑘹 𑘣𑘰𑘘𑘩𑘹𑘩𑘰 𑘁𑘮𑘹.,117
data/synthetic/images/line_0117_v027.png,कागद जुना झाल्यामुळे फाटलेला आहे.,𑘎𑘰𑘐𑘟 𑘕𑘳𑘡𑘰 𑘖𑘰𑘩𑘿𑘧𑘰𑘦𑘳𑘯𑘹 𑘣𑘰𑘘𑘩𑘹𑘩𑘰 𑘁𑘮𑘹.,117
data/synthetic/images/line_0117_v028.png,कागद जुना झाल्यामुळे फाटलेला आहे.,𑘎𑘰𑘐𑘟 𑘕𑘳𑘡𑘰 𑘖𑘰𑘩𑘿𑘧𑘰𑘦𑘳𑘯𑘹 𑘣𑘰𑘘𑘩𑘹𑘩𑘰 𑘁𑘮𑘹.,117
data/synthetic/images/line_0117_v029.png,कागद जुना झाल्यामुळे फाटलेला आहे.,𑘎𑘰𑘐𑘟 𑘕𑘳𑘡𑘰 𑘖𑘰𑘩𑘿𑘧𑘰𑘦𑘳𑘯𑘹 𑘣𑘰𑘘𑘩𑘹𑘩𑘰 𑘁𑘮𑘹.,117
data/synthetic/images/line_0117_v030.png,कागद जुना झाल्यामुळे फाटलेला आहे.,𑘎𑘰𑘐𑘟 𑘕𑘳𑘡𑘰 𑘖𑘰𑘩𑘿𑘧𑘰𑘦𑘳𑘯𑘹 𑘣𑘰𑘘𑘩𑘹𑘩𑘰 𑘁𑘮𑘹.,117
data/synthetic/images/line_0117_v031.png,कागद जुना झाल्यामुळे फाटलेला आहे.,𑘎𑘰𑘐𑘟 𑘕𑘳𑘡𑘰 𑘖𑘰𑘩𑘿𑘧𑘰𑘦𑘳𑘯𑘹 𑘣𑘰𑘘𑘩𑘹𑘩𑘰 𑘁𑘮𑘹.,117
data/synthetic/images/line_0117_v032.png,कागद जुना झाल्यामुळे फाटलेला आहे.,𑘎𑘰𑘐𑘟 𑘕𑘳𑘡𑘰 𑘖𑘰𑘩𑘿𑘧𑘰𑘦𑘳𑘯𑘹 𑘣𑘰𑘘𑘩𑘹𑘩𑘰 𑘁𑘮𑘹.,117
data/synthetic/images/line_0117_v033.png,कागद जुना झाल्यामुळे फाटलेला आहे.,𑘎𑘰𑘐𑘟 𑘕𑘳𑘡𑘰 𑘖𑘰𑘩𑘿𑘧𑘰𑘦𑘳𑘯𑘹 𑘣𑘰𑘘𑘩𑘹𑘩𑘰 𑘁𑘮𑘹.,117
data/synthetic/images/line_0117_v034.png,कागद जुना झाल्यामुळे फाटलेला आहे.,𑘎𑘰𑘐𑘟 𑘕𑘳𑘡𑘰 𑘖𑘰𑘩𑘿𑘧𑘰𑘦𑘳𑘯𑘹 𑘣𑘰𑘘𑘩𑘹𑘩𑘰 𑘁𑘮𑘹.,117
data/synthetic/images/line_0117_v035.png,कागद जुना झाल्यामुळे फाटलेला आहे.,𑘎𑘰𑘐𑘟 𑘕𑘳𑘡𑘰 𑘖𑘰𑘩𑘿𑘧𑘰𑘦𑘳𑘯𑘹 𑘣𑘰𑘘𑘩𑘹𑘩𑘰 𑘁𑘮𑘹.,117
data/synthetic/images/line_0117_v036.png,कागद जुना झाल्यामुळे फाटलेला आहे.,𑘎𑘰𑘐𑘟 𑘕𑘳𑘡𑘰 𑘖𑘰𑘩𑘿𑘧𑘰𑘦𑘳𑘯𑘹 𑘣𑘰𑘘𑘩𑘹𑘩𑘰 𑘁𑘮𑘹.,117
data/synthetic/images/line_0117_v037.png,कागद जुना झाल्यामुळे फाटलेला आहे.,𑘎𑘰𑘐𑘟 𑘕𑘳𑘡𑘰 𑘖𑘰𑘩𑘿𑘧𑘰𑘦𑘳𑘯𑘹 𑘣𑘰𑘘𑘩𑘹𑘩𑘰 𑘁𑘮𑘹.,117
data/synthetic/images/line_0117_v038.png,कागद जुना झाल्यामुळे फाटलेला आहे.,𑘎𑘰𑘐𑘟 𑘕𑘳𑘡𑘰 𑘖𑘰𑘩𑘿𑘧𑘰𑘦𑘳𑘯𑘹 𑘣𑘰𑘘𑘩𑘹𑘩𑘰 𑘁𑘮𑘹.,117
data/synthetic/images/line_0117_v039.png,कागद जुना झाल्यामुळे फाटलेला आहे.,𑘎𑘰𑘐𑘟 𑘕𑘳𑘡𑘰 𑘖𑘰𑘩𑘿𑘧𑘰𑘦𑘳𑘯𑘹 𑘣𑘰𑘘𑘩𑘹𑘩𑘰 𑘁𑘮𑘹.,117
data/synthetic/images/line_0118_v000.png,या हस्तलिखितात अनेक पाने आहेत.,𑘧𑘰 𑘮𑘭𑘿𑘝𑘩𑘱𑘏𑘱𑘝𑘰𑘝 𑘀𑘡𑘹𑘎 𑘢𑘰𑘡𑘹 𑘁𑘮𑘹𑘝.,118
data/synthetic/images/line_0118_v001.png,या हस्तलिखितात अनेक पाने आहेत.,𑘧𑘰 𑘮𑘭𑘿𑘝𑘩𑘱𑘏𑘱𑘝𑘰𑘝 𑘀𑘡𑘹𑘎 𑘢𑘰𑘡𑘹 𑘁𑘮𑘹𑘝.,118
data/synthetic/images/line_0118_v002.png,या हस्तलिखितात अनेक पाने आहेत.,𑘧𑘰 𑘮𑘭𑘿𑘝𑘩𑘱𑘏𑘱𑘝𑘰𑘝 𑘀𑘡𑘹𑘎 𑘢𑘰𑘡𑘹 𑘁𑘮𑘹𑘝.,118
data/synthetic/images/line_0118_v003.png,या हस्तलिखितात अनेक पाने आहेत.,𑘧𑘰 𑘮𑘭𑘿𑘝𑘩𑘱𑘏𑘱𑘝𑘰𑘝 𑘀𑘡𑘹𑘎 𑘢𑘰𑘡𑘹 𑘁𑘮𑘹𑘝.,118
data/synthetic/images/line_0118_v004.png,या हस्तलिखितात अनेक पाने आहेत.,𑘧𑘰 𑘮𑘭𑘿𑘝𑘩𑘱𑘏𑘱𑘝𑘰𑘝 𑘀𑘡𑘹𑘎 𑘢𑘰𑘡𑘹 𑘁𑘮𑘹𑘝.,118
data/synthetic/images/line_0118_v005.png,या हस्तलिखितात अनेक पाने आहेत.,𑘧𑘰 𑘮𑘭𑘿𑘝𑘩𑘱𑘏𑘱𑘝𑘰𑘝 𑘀𑘡𑘹𑘎 𑘢𑘰𑘡𑘹 𑘁𑘮𑘹𑘝.,118
data/synthetic/images/line_0118_v006.png,या हस्तलिखितात अनेक पाने आहेत.,𑘧𑘰 𑘮𑘭𑘿𑘝𑘩𑘱𑘏𑘱𑘝𑘰𑘝 𑘀𑘡𑘹𑘎 𑘢𑘰𑘡𑘹 𑘁𑘮𑘹𑘝.,118
data/synthetic/images/line_0118_v007.png,या हस्तलिखितात अनेक पाने आहेत.,𑘧𑘰 𑘮𑘭𑘿𑘝𑘩𑘱𑘏𑘱𑘝𑘰𑘝 𑘀𑘡𑘹𑘎 𑘢𑘰𑘡𑘹 𑘁𑘮𑘹𑘝.,118
data/synthetic/images/line_0118_v008.png,या हस्तलिखितात अनेक पाने आहेत.,𑘧𑘰 𑘮𑘭𑘿𑘝𑘩𑘱𑘏𑘱𑘝𑘰𑘝 𑘀𑘡𑘹𑘎 𑘢𑘰𑘡𑘹 𑘁𑘮𑘹𑘝.,118
data/synthetic/images/line_0118_v009.png,या हस्तलिखितात अनेक पाने आहेत.,𑘧𑘰 𑘮𑘭𑘿𑘝𑘩𑘱𑘏𑘱𑘝𑘰𑘝 𑘀𑘡𑘹𑘎 𑘢𑘰𑘡𑘹 𑘁𑘮𑘹𑘝.,118
data/synthetic/images/line_0118_v010.png,या हस्तलिखितात अनेक पाने आहेत.,𑘧𑘰 𑘮𑘭𑘿𑘝𑘩𑘱𑘏𑘱𑘝𑘰𑘝 𑘀𑘡𑘹𑘎 𑘢𑘰𑘡𑘹 𑘁𑘮𑘹𑘝.,118
data/synthetic/images/line_0118_v011.png,या हस्तलिखितात अनेक पाने आहेत.,𑘧𑘰 𑘮𑘭𑘿𑘝𑘩𑘱𑘏𑘱𑘝𑘰𑘝 𑘀𑘡𑘹𑘎 𑘢𑘰𑘡𑘹 𑘁𑘮𑘹𑘝.,118
data/synthetic/images/line_0118_v012.png,या हस्तलिखितात अनेक पाने आहेत.,𑘧𑘰 𑘮𑘭𑘿𑘝𑘩𑘱𑘏𑘱𑘝𑘰𑘝 𑘀𑘡𑘹𑘎 𑘢𑘰𑘡𑘹 𑘁𑘮𑘹𑘝.,118
data/synthetic/images/line_0118_v013.png,या हस्तलिखितात अनेक पाने आहेत.,𑘧𑘰 𑘮𑘭𑘿𑘝𑘩𑘱𑘏𑘱𑘝𑘰𑘝 𑘀𑘡𑘹𑘎 𑘢𑘰𑘡𑘹 𑘁𑘮𑘹𑘝.,118
data/synthetic/images/line_0118_v014.png,या हस्तलिखितात अनेक पाने आहेत.,𑘧𑘰 𑘮𑘭𑘿𑘝𑘩𑘱𑘏𑘱𑘝𑘰𑘝 𑘀𑘡𑘹𑘎 𑘢𑘰𑘡𑘹 𑘁𑘮𑘹𑘝.,118
data/synthetic/images/line_0118_v015.png,या हस्तलिखितात अनेक पाने आहेत.,𑘧𑘰 𑘮𑘭𑘿𑘝𑘩𑘱𑘏𑘱𑘝𑘰𑘝 𑘀𑘡𑘹𑘎 𑘢𑘰𑘡𑘹 𑘁𑘮𑘹𑘝.,118
data/synthetic/images/line_0118_v016.png,या हस्तलिखितात अनेक पाने आहेत.,𑘧𑘰 𑘮𑘭𑘿𑘝𑘩𑘱𑘏𑘱𑘝𑘰𑘝 𑘀𑘡𑘹𑘎 𑘢𑘰𑘡𑘹 𑘁𑘮𑘹𑘝.,118
data/synthetic/images/line_0118_v017.png,या हस्तलिखितात अनेक पाने आहेत.,𑘧𑘰 𑘮𑘭𑘿𑘝𑘩𑘱𑘏𑘱𑘝𑘰𑘝 𑘀𑘡𑘹𑘎 𑘢𑘰𑘡𑘹 𑘁𑘮𑘹𑘝.,118
data/synthetic/images/line_0118_v018.png,या हस्तलिखितात अनेक पाने आहेत.,𑘧𑘰 𑘮𑘭𑘿𑘝𑘩𑘱𑘏𑘱𑘝𑘰𑘝 𑘀𑘡𑘹𑘎 𑘢𑘰𑘡𑘹 𑘁𑘮𑘹𑘝.,118
data/synthetic/images/line_0118_v019.png,या हस्तलिखितात अनेक पाने आहेत.,𑘧𑘰 𑘮𑘭𑘿𑘝𑘩𑘱𑘏𑘱𑘝𑘰𑘝 𑘀𑘡𑘹𑘎 𑘢𑘰𑘡𑘹 𑘁𑘮𑘹𑘝.,118
data/synthetic/images/line_0118_v020.png,या हस्तलिखितात अनेक पाने आहेत.,𑘧𑘰 𑘮𑘭𑘿𑘝𑘩𑘱𑘏𑘱𑘝𑘰𑘝 𑘀𑘡𑘹𑘎 𑘢𑘰𑘡𑘹 𑘁𑘮𑘹𑘝.,118
data/synthetic/images/line_0118_v021.png,या हस्तलिखितात अनेक पाने आहेत.,𑘧𑘰 𑘮𑘭𑘿𑘝𑘩𑘱𑘏𑘱𑘝𑘰𑘝 𑘀𑘡𑘹𑘎 𑘢𑘰𑘡𑘹 𑘁𑘮𑘹𑘝.,118
data/synthetic/images/line_0118_v022.png,या हस्तलिखितात अनेक पाने आहेत.,𑘧𑘰 𑘮𑘭𑘿𑘝𑘩𑘱𑘏𑘱𑘝𑘰𑘝 𑘀𑘡𑘹𑘎 𑘢𑘰𑘡𑘹 𑘁𑘮𑘹𑘝.,118
data/synthetic/images/line_0118_v023.png,या हस्तलिखितात अनेक पाने आहेत.,𑘧𑘰 𑘮𑘭𑘿𑘝𑘩𑘱𑘏𑘱𑘝𑘰𑘝 𑘀𑘡𑘹𑘎 𑘢𑘰𑘡𑘹 𑘁𑘮𑘹𑘝.,118
data/synthetic/images/line_0118_v024.png,या हस्तलिखितात अनेक पाने आहेत.,𑘧𑘰 𑘮𑘭𑘿𑘝𑘩𑘱𑘏𑘱𑘝𑘰𑘝 𑘀𑘡𑘹𑘎 𑘢𑘰𑘡𑘹 𑘁𑘮𑘹𑘝.,118
data/synthetic/images/line_0118_v025.png,या हस्तलिखितात अनेक पाने आहेत.,𑘧𑘰 𑘮𑘭𑘿𑘝𑘩𑘱𑘏𑘱𑘝𑘰𑘝 𑘀𑘡𑘹𑘎 𑘢𑘰𑘡𑘹 𑘁𑘮𑘹𑘝.,118
data/synthetic/images/line_0118_v026.png,या हस्तलिखितात अनेक पाने आहेत.,𑘧𑘰 𑘮𑘭𑘿𑘝𑘩𑘱𑘏𑘱𑘝𑘰𑘝 𑘀𑘡𑘹𑘎 𑘢𑘰𑘡𑘹 𑘁𑘮𑘹𑘝.,118
data/synthetic/images/line_0118_v027.png,या हस्तलिखितात अनेक पाने आहेत.,𑘧𑘰 𑘮𑘭𑘿𑘝𑘩𑘱𑘏𑘱𑘝𑘰𑘝 𑘀𑘡𑘹𑘎 𑘢𑘰𑘡𑘹 𑘁𑘮𑘹𑘝.,118
data/synthetic/images/line_0118_v028.png,या हस्तलिखितात अनेक पाने आहेत.,𑘧𑘰 𑘮𑘭𑘿𑘝𑘩𑘱𑘏𑘱𑘝𑘰𑘝 𑘀𑘡𑘹𑘎 𑘢𑘰𑘡𑘹 𑘁𑘮𑘹𑘝.,118
data/synthetic/images/line_0118_v029.png,या हस्तलिखितात अनेक पाने आहेत.,𑘧𑘰 𑘮𑘭𑘿𑘝𑘩𑘱𑘏𑘱𑘝𑘰𑘝 𑘀𑘡𑘹𑘎 𑘢𑘰𑘡𑘹 𑘁𑘮𑘹𑘝.,118
data/synthetic/images/line_0118_v030.png,या हस्तलिखितात अनेक पाने आहेत.,𑘧𑘰 𑘮𑘭𑘿𑘝𑘩𑘱𑘏𑘱𑘝𑘰𑘝 𑘀𑘡𑘹𑘎 𑘢𑘰𑘡𑘹 𑘁𑘮𑘹𑘝.,118
data/synthetic/images/line_0118_v031.png,या हस्तलिखितात अनेक पाने आहेत.,𑘧𑘰 𑘮𑘭𑘿𑘝𑘩𑘱𑘏𑘱𑘝𑘰𑘝 𑘀𑘡𑘹𑘎 𑘢𑘰𑘡𑘹 𑘁𑘮𑘹𑘝.,118
data/synthetic/images/line_0118_v032.png,या हस्तलिखितात अनेक पाने आहेत.,𑘧𑘰 𑘮𑘭𑘿𑘝𑘩𑘱𑘏𑘱𑘝𑘰𑘝 𑘀𑘡𑘹𑘎 𑘢𑘰𑘡𑘹 𑘁𑘮𑘹𑘝.,118
data/synthetic/images/line_0118_v033.png,या हस्तलिखितात अनेक पाने आहेत.,𑘧𑘰 𑘮𑘭𑘿𑘝𑘩𑘱𑘏𑘱𑘝𑘰𑘝 𑘀𑘡𑘹𑘎 𑘢𑘰𑘡𑘹 𑘁𑘮𑘹𑘝.,118
data/synthetic/images/line_0118_v034.png,या हस्तलिखितात अनेक पाने आहेत.,𑘧𑘰 𑘮𑘭𑘿𑘝𑘩𑘱𑘏𑘱𑘝𑘰𑘝 𑘀𑘡𑘹𑘎 𑘢𑘰𑘡𑘹 𑘁𑘮𑘹𑘝.,118
data/synthetic/images/line_0118_v035.png,या हस्तलिखितात अनेक पाने आहेत.,𑘧𑘰 𑘮𑘭𑘿𑘝𑘩𑘱𑘏𑘱𑘝𑘰𑘝 𑘀𑘡𑘹𑘎 𑘢𑘰𑘡𑘹 𑘁𑘮𑘹𑘝.,118
data/synthetic/images/line_0118_v036.png,या हस्तलिखितात अनेक पाने आहेत.,𑘧𑘰 𑘮𑘭𑘿𑘝𑘩𑘱𑘏𑘱𑘝𑘰𑘝 𑘀𑘡𑘹𑘎 𑘢𑘰𑘡𑘹 𑘁𑘮𑘹𑘝.,118
data/synthetic/images/line_0118_v037.png,या हस्तलिखितात अनेक पाने आहेत.,𑘧𑘰 𑘮𑘭𑘿𑘝𑘩𑘱𑘏𑘱𑘝𑘰𑘝 𑘀𑘡𑘹𑘎 𑘢𑘰𑘡𑘹 𑘁𑘮𑘹𑘝.,118
data/synthetic/images/line_0118_v038.png,या हस्तलिखितात अनेक पाने आहेत.,𑘧𑘰 𑘮𑘭𑘿𑘝𑘩𑘱𑘏𑘱𑘝𑘰𑘝 𑘀𑘡𑘹𑘎 𑘢𑘰𑘡𑘹 𑘁𑘮𑘹𑘝.,118
data/synthetic/images/line_0118_v039.png,या हस्तलिखितात अनेक पाने आहेत.,𑘧𑘰 𑘮𑘭𑘿𑘝𑘩𑘱𑘏𑘱𑘝𑘰𑘝 𑘀𑘡𑘹𑘎 𑘢𑘰𑘡𑘹 𑘁𑘮𑘹𑘝.,118
data/synthetic/images/line_0119_v000.png,प्रत्येक पानावर वेगळी माहिती आहे.,𑘢𑘿𑘨𑘝𑘿𑘧𑘹𑘎 𑘢𑘰𑘡𑘰𑘪𑘨 𑘪𑘹𑘐𑘯𑘲 𑘦𑘰𑘮𑘱𑘝𑘲 𑘁𑘮𑘹.,119
data/synthetic/images/line_0119_v001.png,प्रत्येक पानावर वेगळी माहिती आहे.,𑘢𑘿𑘨𑘝𑘿𑘧𑘹𑘎 𑘢𑘰𑘡𑘰𑘪𑘨 𑘪𑘹𑘐𑘯𑘲 𑘦𑘰𑘮𑘱𑘝𑘲 𑘁𑘮𑘹.,119
data/synthetic/images/line_0119_v002.png,प्रत्येक पानावर वेगळी माहिती आहे.,𑘢𑘿𑘨𑘝𑘿𑘧𑘹𑘎 𑘢𑘰𑘡𑘰𑘪𑘨 𑘪𑘹𑘐𑘯𑘲 𑘦𑘰𑘮𑘱𑘝𑘲 𑘁𑘮𑘹.,119
data/synthetic/images/line_0119_v003.png,प्रत्येक पानावर वेगळी माहिती आहे.,𑘢𑘿𑘨𑘝𑘿𑘧𑘹𑘎 𑘢𑘰𑘡𑘰𑘪𑘨 𑘪𑘹𑘐𑘯𑘲 𑘦𑘰𑘮𑘱𑘝𑘲 𑘁𑘮𑘹.,119
data/synthetic/images/line_0119_v004.png,प्रत्येक पानावर वेगळी माहिती आहे.,𑘢𑘿𑘨𑘝𑘿𑘧𑘹𑘎 𑘢𑘰𑘡𑘰𑘪𑘨 𑘪𑘹𑘐𑘯𑘲 𑘦𑘰𑘮𑘱𑘝𑘲 𑘁𑘮𑘹.,119
data/synthetic/images/line_0119_v005.png,प्रत्येक पानावर वेगळी माहिती आहे.,𑘢𑘿𑘨𑘝𑘿𑘧𑘹𑘎 𑘢𑘰𑘡𑘰𑘪𑘨 𑘪𑘹𑘐𑘯𑘲 𑘦𑘰𑘮𑘱𑘝𑘲 𑘁𑘮𑘹.,119
data/synthetic/images/line_0119_v006.png,प्रत्येक पानावर वेगळी माहिती आहे.,𑘢𑘿𑘨𑘝𑘿𑘧𑘹𑘎 𑘢𑘰𑘡𑘰𑘪𑘨 𑘪𑘹𑘐𑘯𑘲 𑘦𑘰𑘮𑘱𑘝𑘲 𑘁𑘮𑘹.,119
data/synthetic/images/line_0119_v007.png,प्रत्येक पानावर वेगळी माहिती आहे.,𑘢𑘿𑘨𑘝𑘿𑘧𑘹𑘎 𑘢𑘰𑘡𑘰𑘪𑘨 𑘪𑘹𑘐𑘯𑘲 𑘦𑘰𑘮𑘱𑘝𑘲 𑘁𑘮𑘹.,119
data/synthetic/images/line_0119_v008.png,प्रत्येक पानावर वेगळी माहिती आहे.,𑘢𑘿𑘨𑘝𑘿𑘧𑘹𑘎 𑘢𑘰𑘡𑘰𑘪𑘨 𑘪𑘹𑘐𑘯𑘲 𑘦𑘰𑘮𑘱𑘝𑘲 𑘁𑘮𑘹.,119
data/synthetic/images/line_0119_v009.png,प्रत्येक पानावर वेगळी माहिती आहे.,𑘢𑘿𑘨𑘝𑘿𑘧𑘹𑘎 𑘢𑘰𑘡𑘰𑘪𑘨 𑘪𑘹𑘐𑘯𑘲 𑘦𑘰𑘮𑘱𑘝𑘲 𑘁𑘮𑘹.,119
data/synthetic/images/line_0119_v010.png,प्रत्येक पानावर वेगळी माहिती आहे.,𑘢𑘿𑘨𑘝𑘿𑘧𑘹𑘎 𑘢𑘰𑘡𑘰𑘪𑘨 𑘪𑘹𑘐𑘯𑘲 𑘦𑘰𑘮𑘱𑘝𑘲 𑘁𑘮𑘹.,119
data/synthetic/images/line_0119_v011.png,प्रत्येक पानावर वेगळी माहिती आहे.,𑘢𑘿𑘨𑘝𑘿𑘧𑘹𑘎 𑘢𑘰𑘡𑘰𑘪𑘨 𑘪𑘹𑘐𑘯𑘲 𑘦𑘰𑘮𑘱𑘝𑘲 𑘁𑘮𑘹.,119
data/synthetic/images/line_0119_v012.png,प्रत्येक पानावर वेगळी माहिती आहे.,𑘢𑘿𑘨𑘝𑘿𑘧𑘹𑘎 𑘢𑘰𑘡𑘰𑘪𑘨 𑘪𑘹𑘐𑘯𑘲 𑘦𑘰𑘮𑘱𑘝𑘲 𑘁𑘮𑘹.,119
data/synthetic/images/line_0119_v013.png,प्रत्येक पानावर वेगळी माहिती आहे.,𑘢𑘿𑘨𑘝𑘿𑘧𑘹𑘎 𑘢𑘰𑘡𑘰𑘪𑘨 𑘪𑘹𑘐𑘯𑘲 𑘦𑘰𑘮𑘱𑘝𑘲 𑘁𑘮𑘹.,119
data/synthetic/images/line_0119_v014.png,प्रत्येक पानावर वेगळी माहिती आहे.,𑘢𑘿𑘨𑘝𑘿𑘧𑘹𑘎 𑘢𑘰𑘡𑘰𑘪𑘨 𑘪𑘹𑘐𑘯𑘲 𑘦𑘰𑘮𑘱𑘝𑘲 𑘁𑘮𑘹.,119
data/synthetic/images/line_0119_v015.png,प्रत्येक पानावर वेगळी माहिती आहे.,𑘢𑘿𑘨𑘝𑘿𑘧𑘹𑘎 𑘢𑘰𑘡𑘰𑘪𑘨 𑘪𑘹𑘐𑘯𑘲 𑘦𑘰𑘮𑘱𑘝𑘲 𑘁𑘮𑘹.,119
data/synthetic/images/line_0119_v016.png,प्रत्येक पानावर वेगळी माहिती आहे.,𑘢𑘿𑘨𑘝𑘿𑘧𑘹𑘎 𑘢𑘰𑘡𑘰𑘪𑘨 𑘪𑘹𑘐𑘯𑘲 𑘦𑘰𑘮𑘱𑘝𑘲 𑘁𑘮𑘹.,119
data/synthetic/images/line_0119_v017.png,प्रत्येक पानावर वेगळी माहिती आहे.,𑘢𑘿𑘨𑘝𑘿𑘧𑘹𑘎 𑘢𑘰𑘡𑘰𑘪𑘨 𑘪𑘹𑘐𑘯𑘲 𑘦𑘰𑘮𑘱𑘝𑘲 𑘁𑘮𑘹.,119
data/synthetic/images/line_0119_v018.png,प्रत्येक पानावर वेगळी माहिती आहे.,𑘢𑘿𑘨𑘝𑘿𑘧𑘹𑘎 𑘢𑘰𑘡𑘰𑘪𑘨 𑘪𑘹𑘐𑘯𑘲 𑘦𑘰𑘮𑘱𑘝𑘲 𑘁𑘮𑘹.,119
data/synthetic/images/line_0119_v019.png,प्रत्येक पानावर वेगळी माहिती आहे.,𑘢𑘿𑘨𑘝𑘿𑘧𑘹𑘎 𑘢𑘰𑘡𑘰𑘪𑘨 𑘪𑘹𑘐𑘯𑘲 𑘦𑘰𑘮𑘱𑘝𑘲 𑘁𑘮𑘹.,119
data/synthetic/images/line_0119_v020.png,प्रत्येक पानावर वेगळी माहिती आहे.,𑘢𑘿𑘨𑘝𑘿𑘧𑘹𑘎 𑘢𑘰𑘡𑘰𑘪𑘨 𑘪𑘹𑘐𑘯𑘲 𑘦𑘰𑘮𑘱𑘝𑘲 𑘁𑘮𑘹.,119
data/synthetic/images/line_0119_v021.png,प्रत्येक पानावर वेगळी माहिती आहे.,𑘢𑘿𑘨𑘝𑘿𑘧𑘹𑘎 𑘢𑘰𑘡𑘰𑘪𑘨 𑘪𑘹𑘐𑘯𑘲 𑘦𑘰𑘮𑘱𑘝𑘲 𑘁𑘮𑘹.,119
data/synthetic/images/line_0119_v022.png,प्रत्येक पानावर वेगळी माहिती आहे.,𑘢𑘿𑘨𑘝𑘿𑘧𑘹𑘎 𑘢𑘰𑘡𑘰𑘪𑘨 𑘪𑘹𑘐𑘯𑘲 𑘦𑘰𑘮𑘱𑘝𑘲 𑘁𑘮𑘹.,119
data/synthetic/images/line_0119_v023.png,प्रत्येक पानावर वेगळी माहिती आहे.,𑘢𑘿𑘨𑘝𑘿𑘧𑘹𑘎 𑘢𑘰𑘡𑘰𑘪𑘨 𑘪𑘹𑘐𑘯𑘲 𑘦𑘰𑘮𑘱𑘝𑘲 𑘁𑘮𑘹.,119
data/synthetic/images/line_0119_v024.png,प्रत्येक पानावर वेगळी माहिती आहे.,𑘢𑘿𑘨𑘝𑘿𑘧𑘹𑘎 𑘢𑘰𑘡𑘰𑘪𑘨 𑘪𑘹𑘐𑘯𑘲 𑘦𑘰𑘮𑘱𑘝𑘲 𑘁𑘮𑘹.,119
data/synthetic/images/line_0119_v025.png,प्रत्येक पानावर वेगळी माहिती आहे.,𑘢𑘿𑘨𑘝𑘿𑘧𑘹𑘎 𑘢𑘰𑘡𑘰𑘪𑘨 𑘪𑘹𑘐𑘯𑘲 𑘦𑘰𑘮𑘱𑘝𑘲 𑘁𑘮𑘹.,119
data/synthetic/images/line_0119_v026.png,प्रत्येक पानावर वेगळी माहिती आहे.,𑘢𑘿𑘨𑘝𑘿𑘧𑘹𑘎 𑘢𑘰𑘡𑘰𑘪𑘨 𑘪𑘹𑘐𑘯𑘲 𑘦𑘰𑘮𑘱𑘝𑘲 𑘁𑘮𑘹.,119
data/synthetic/images/line_0119_v027.png,प्रत्येक पानावर वेगळी माहिती आहे.,𑘢𑘿𑘨𑘝𑘿𑘧𑘹𑘎 𑘢𑘰𑘡𑘰𑘪𑘨 𑘪𑘹𑘐𑘯𑘲 𑘦𑘰𑘮𑘱𑘝𑘲 𑘁𑘮𑘹.,119
data/synthetic/images/line_0119_v028.png,प्रत्येक पानावर वेगळी माहिती आहे.,𑘢𑘿𑘨𑘝𑘿𑘧𑘹𑘎 𑘢𑘰𑘡𑘰𑘪𑘨 𑘪𑘹𑘐𑘯𑘲 𑘦𑘰𑘮𑘱𑘝𑘲 𑘁𑘮𑘹.,119
data/synthetic/images/line_0119_v029.png,प्रत्येक पानावर वेगळी माहिती आहे.,𑘢𑘿𑘨𑘝𑘿𑘧𑘹𑘎 𑘢𑘰𑘡𑘰𑘪𑘨 𑘪𑘹𑘐𑘯𑘲 𑘦𑘰𑘮𑘱𑘝𑘲 𑘁𑘮𑘹.,119
data/synthetic/images/line_0119_v030.png,प्रत्येक पानावर वेगळी माहिती आहे.,𑘢𑘿𑘨𑘝𑘿𑘧𑘹𑘎 𑘢𑘰𑘡𑘰𑘪𑘨 𑘪𑘹𑘐𑘯𑘲 𑘦𑘰𑘮𑘱𑘝𑘲 𑘁𑘮𑘹.,119
data/synthetic/images/line_0119_v031.png,प्रत्येक पानावर वेगळी माहिती आहे.,𑘢𑘿𑘨𑘝𑘿𑘧𑘹𑘎 𑘢𑘰𑘡𑘰𑘪𑘨 𑘪𑘹𑘐𑘯𑘲 𑘦𑘰𑘮𑘱𑘝𑘲 𑘁𑘮𑘹.,119
data/synthetic/images/line_0119_v032.png,प्रत्येक पानावर वेगळी माहिती आहे.,𑘢𑘿𑘨𑘝𑘿𑘧𑘹𑘎 𑘢𑘰𑘡𑘰𑘪𑘨 𑘪𑘹𑘐𑘯𑘲 𑘦𑘰𑘮𑘱𑘝𑘲 𑘁𑘮𑘹.,119
data/synthetic/images/line_0119_v033.png,प्रत्येक पानावर वेगळी माहिती आहे.,𑘢𑘿𑘨𑘝𑘿𑘧𑘹𑘎 𑘢𑘰𑘡𑘰𑘪𑘨 𑘪𑘹𑘐𑘯𑘲 𑘦𑘰𑘮𑘱𑘝𑘲 𑘁𑘮𑘹.,119
data/synthetic/images/line_0119_v034.png,प्रत्येक पानावर वेगळी माहिती आहे.,𑘢𑘿𑘨𑘝𑘿𑘧𑘹𑘎 𑘢𑘰𑘡𑘰𑘪𑘨 𑘪𑘹𑘐𑘯𑘲 𑘦𑘰𑘮𑘱𑘝𑘲 𑘁𑘮𑘹.,119
data/synthetic/images/line_0119_v035.png,प्रत्येक पानावर वेगळी माहिती आहे.,𑘢𑘿𑘨𑘝𑘿𑘧𑘹𑘎 𑘢𑘰𑘡𑘰𑘪𑘨 𑘪𑘹𑘐𑘯𑘲 𑘦𑘰𑘮𑘱𑘝𑘲 𑘁𑘮𑘹.,119
data/synthetic/images/line_0119_v036.png,प्रत्येक पानावर वेगळी माहिती आहे.,𑘢𑘿𑘨𑘝𑘿𑘧𑘹𑘎 𑘢𑘰𑘡𑘰𑘪𑘨 𑘪𑘹𑘐𑘯𑘲 𑘦𑘰𑘮𑘱𑘝𑘲 𑘁𑘮𑘹.,119
data/synthetic/images/line_0119_v037.png,प्रत्येक पानावर वेगळी माहिती आहे.,𑘢𑘿𑘨𑘝𑘿𑘧𑘹𑘎 𑘢𑘰𑘡𑘰𑘪𑘨 𑘪𑘹𑘐𑘯𑘲 𑘦𑘰𑘮𑘱𑘝𑘲 𑘁𑘮𑘹.,119
data/synthetic/images/line_0119_v038.png,प्रत्येक पानावर वेगळी माहिती आहे.,𑘢𑘿𑘨𑘝𑘿𑘧𑘹𑘎 𑘢𑘰𑘡𑘰𑘪𑘨 𑘪𑘹𑘐𑘯𑘲 𑘦𑘰𑘮𑘱𑘝𑘲 𑘁𑘮𑘹.,119
data/synthetic/images/line_0119_v039.png,प्रत्येक पानावर वेगळी माहिती आहे.,𑘢𑘿𑘨𑘝𑘿𑘧𑘹𑘎 𑘢𑘰𑘡𑘰𑘪𑘨 𑘪𑘹𑘐𑘯𑘲 𑘦𑘰𑘮𑘱𑘝𑘲 𑘁𑘮𑘹.,119
data/synthetic/images/line_0120_v000.png,तारीख अठराशे साठ साली नोंदवलेली आहे.,𑘝𑘰𑘨𑘲𑘏 𑘀𑘙𑘨𑘰𑘫𑘹 𑘭𑘰𑘙 𑘭𑘰𑘩𑘲 𑘡𑘻𑘽𑘟𑘪𑘩𑘹𑘩𑘲 𑘁𑘮𑘹.,120
data/synthetic/images/line_0120_v001.png,तारीख अठराशे साठ साली नोंदवलेली आहे.,𑘝𑘰𑘨𑘲𑘏 𑘀𑘙𑘨𑘰𑘫𑘹 𑘭𑘰𑘙 𑘭𑘰𑘩𑘲 𑘡𑘻𑘽𑘟𑘪𑘩𑘹𑘩𑘲 𑘁𑘮𑘹.,120
data/synthetic/images/line_0120_v002.png,तारीख अठराशे साठ साली नोंदवलेली आहे.,𑘝𑘰𑘨𑘲𑘏 𑘀𑘙𑘨𑘰𑘫𑘹 𑘭𑘰𑘙 𑘭𑘰𑘩𑘲 𑘡𑘻𑘽𑘟𑘪𑘩𑘹𑘩𑘲 𑘁𑘮𑘹.,120
data/synthetic/images/line_0120_v003.png,तारीख अठराशे साठ साली नोंदवलेली आहे.,𑘝𑘰𑘨𑘲𑘏 𑘀𑘙𑘨𑘰𑘫𑘹 𑘭𑘰𑘙 𑘭𑘰𑘩𑘲 𑘡𑘻𑘽𑘟𑘪𑘩𑘹𑘩𑘲 𑘁𑘮𑘹.,120
data/synthetic/images/line_0120_v004.png,तारीख अठराशे साठ साली नोंदवलेली आहे.,𑘝𑘰𑘨𑘲𑘏 𑘀𑘙𑘨𑘰𑘫𑘹 𑘭𑘰𑘙 𑘭𑘰𑘩𑘲 𑘡𑘻𑘽𑘟𑘪𑘩𑘹𑘩𑘲 𑘁𑘮𑘹.,120
data/synthetic/images/line_0120_v005.png,तारीख अठराशे साठ साली नोंदवलेली आहे.,𑘝𑘰𑘨𑘲𑘏 𑘀𑘙𑘨𑘰𑘫𑘹 𑘭𑘰𑘙 𑘭𑘰𑘩𑘲 𑘡𑘻𑘽𑘟𑘪𑘩𑘹𑘩𑘲 𑘁𑘮𑘹.,120
data/synthetic/images/line_0120_v006.png,तारीख अठराशे साठ साली नोंदवलेली आहे.,𑘝𑘰𑘨𑘲𑘏 𑘀𑘙𑘨𑘰𑘫𑘹 𑘭𑘰𑘙 𑘭𑘰𑘩𑘲 𑘡𑘻𑘽𑘟𑘪𑘩𑘹𑘩𑘲 𑘁𑘮𑘹.,120
data/synthetic/images/line_0120_v007.png,तारीख अठराशे साठ साली नोंदवलेली आहे.,𑘝𑘰𑘨𑘲𑘏 𑘀𑘙𑘨𑘰𑘫𑘹 𑘭𑘰𑘙 𑘭𑘰𑘩𑘲 𑘡𑘻𑘽𑘟𑘪𑘩𑘹𑘩𑘲 𑘁𑘮𑘹.,120
data/synthetic/images/line_0120_v008.png,तारीख अठराशे साठ साली नोंदवलेली आहे.,𑘝𑘰𑘨𑘲𑘏 𑘀𑘙𑘨𑘰𑘫𑘹 𑘭𑘰𑘙 𑘭𑘰𑘩𑘲 𑘡𑘻𑘽𑘟𑘪𑘩𑘹𑘩𑘲 𑘁𑘮𑘹.,120
data/synthetic/images/line_0120_v009.png,तारीख अठराशे साठ साली नोंदवलेली आहे.,𑘝𑘰𑘨𑘲𑘏 𑘀𑘙𑘨𑘰𑘫𑘹 𑘭𑘰𑘙 𑘭𑘰𑘩𑘲 𑘡𑘻𑘽𑘟𑘪𑘩𑘹𑘩𑘲 𑘁𑘮𑘹.,120
data/synthetic/images/line_0120_v010.png,तारीख अठराशे साठ साली नोंदवलेली आहे.,𑘝𑘰𑘨𑘲𑘏 𑘀𑘙𑘨𑘰𑘫𑘹 𑘭𑘰𑘙 𑘭𑘰𑘩𑘲 𑘡𑘻𑘽𑘟𑘪𑘩𑘹𑘩𑘲 𑘁𑘮𑘹.,120
data/synthetic/images/line_0120_v011.png,तारीख अठराशे साठ साली नोंदवलेली आहे.,𑘝𑘰𑘨𑘲𑘏 𑘀𑘙𑘨𑘰𑘫𑘹 𑘭𑘰𑘙 𑘭𑘰𑘩𑘲 𑘡𑘻𑘽𑘟𑘪𑘩𑘹𑘩𑘲 𑘁𑘮𑘹.,120
data/synthetic/images/line_0120_v012.png,तारीख अठराशे साठ साली नोंदवलेली आहे.,𑘝𑘰𑘨𑘲𑘏 𑘀𑘙𑘨𑘰𑘫𑘹 𑘭𑘰𑘙 𑘭𑘰𑘩𑘲 𑘡𑘻𑘽𑘟𑘪𑘩𑘹𑘩𑘲 𑘁𑘮𑘹.,120
data/synthetic/images/line_0120_v013.png,तारीख अठराशे साठ साली नोंदवलेली आहे.,𑘝𑘰𑘨𑘲𑘏 𑘀𑘙𑘨𑘰𑘫𑘹 𑘭𑘰𑘙 𑘭𑘰𑘩𑘲 𑘡𑘻𑘽𑘟𑘪𑘩𑘹𑘩𑘲 𑘁𑘮𑘹.,120
data/synthetic/images/line_0120_v014.png,तारीख अठराशे साठ साली नोंदवलेली आहे.,𑘝𑘰𑘨𑘲𑘏 𑘀𑘙𑘨𑘰𑘫𑘹 𑘭𑘰𑘙 𑘭𑘰𑘩𑘲 𑘡𑘻𑘽𑘟𑘪𑘩𑘹𑘩𑘲 𑘁𑘮𑘹.,120
data/synthetic/images/line_0120_v015.png,तारीख अठराशे साठ साली नोंदवलेली आहे.,𑘝𑘰𑘨𑘲𑘏 𑘀𑘙𑘨𑘰𑘫𑘹 𑘭𑘰𑘙 𑘭𑘰𑘩𑘲 𑘡𑘻𑘽𑘟𑘪𑘩𑘹𑘩𑘲 𑘁𑘮𑘹.,120
data/synthetic/images/line_0120_v016.png,तारीख अठराशे साठ साली नोंदवलेली आहे.,𑘝𑘰𑘨𑘲𑘏 𑘀𑘙𑘨𑘰𑘫𑘹 𑘭𑘰𑘙 𑘭𑘰𑘩𑘲 𑘡𑘻𑘽𑘟𑘪𑘩𑘹𑘩𑘲 𑘁𑘮𑘹.,120
data/synthetic/images/line_0120_v017.png,तारीख अठराशे साठ साली नोंदवलेली आहे.,𑘝𑘰𑘨𑘲𑘏 𑘀𑘙𑘨𑘰𑘫𑘹 𑘭𑘰𑘙 𑘭𑘰𑘩𑘲 𑘡𑘻𑘽𑘟𑘪𑘩𑘹𑘩𑘲 𑘁𑘮𑘹.,120
data/synthetic/images/line_0120_v018.png,तारीख अठराशे साठ साली नोंदवलेली आहे.,𑘝𑘰𑘨𑘲𑘏 𑘀𑘙𑘨𑘰𑘫𑘹 𑘭𑘰𑘙 𑘭𑘰𑘩𑘲 𑘡𑘻𑘽𑘟𑘪𑘩𑘹𑘩𑘲 𑘁𑘮𑘹.,120
data/synthetic/images/line_0120_v019.png,तारीख अठराशे साठ साली नोंदवलेली आहे.,𑘝𑘰𑘨𑘲𑘏 𑘀𑘙𑘨𑘰𑘫𑘹 𑘭𑘰𑘙 𑘭𑘰𑘩𑘲 𑘡𑘻𑘽𑘟𑘪𑘩𑘹𑘩𑘲 𑘁𑘮𑘹.,120
data/synthetic/images/line_0120_v020.png,तारीख अठराशे साठ साली नोंदवलेली आहे.,𑘝𑘰𑘨𑘲𑘏 𑘀𑘙𑘨𑘰𑘫𑘹 𑘭𑘰𑘙 𑘭𑘰𑘩𑘲 𑘡𑘻𑘽𑘟𑘪𑘩𑘹𑘩𑘲 𑘁𑘮𑘹.,120
data/synthetic/images/line_0120_v021.png,तारीख अठराशे साठ साली नोंदवलेली आहे.,𑘝𑘰𑘨𑘲𑘏 𑘀𑘙𑘨𑘰𑘫𑘹 𑘭𑘰𑘙 𑘭𑘰𑘩𑘲 𑘡𑘻𑘽𑘟𑘪𑘩𑘹𑘩𑘲 𑘁𑘮𑘹.,120
data/synthetic/images/line_0120_v022.png,तारीख अठराशे साठ साली नोंदवलेली आहे.,𑘝𑘰𑘨𑘲𑘏 𑘀𑘙𑘨𑘰𑘫𑘹 𑘭𑘰𑘙 𑘭𑘰𑘩𑘲 𑘡𑘻𑘽𑘟𑘪𑘩𑘹𑘩𑘲 𑘁𑘮𑘹.,120
data/synthetic/images/line_0120_v023.png,तारीख अठराशे साठ साली नोंदवलेली आहे.,𑘝𑘰𑘨𑘲𑘏 𑘀𑘙𑘨𑘰𑘫𑘹 𑘭𑘰𑘙 𑘭𑘰𑘩𑘲 𑘡𑘻𑘽𑘟𑘪𑘩𑘹𑘩𑘲 𑘁𑘮𑘹.,120
data/synthetic/images/line_0120_v024.png,तारीख अठराशे साठ साली नोंदवलेली आहे.,𑘝𑘰𑘨𑘲𑘏 𑘀𑘙𑘨𑘰𑘫𑘹 𑘭𑘰𑘙 𑘭𑘰𑘩𑘲 𑘡𑘻𑘽𑘟𑘪𑘩𑘹𑘩𑘲 𑘁𑘮𑘹.,120
data/synthetic/images/line_0120_v025.png,तारीख अठराशे साठ साली नोंदवलेली आहे.,𑘝𑘰𑘨𑘲𑘏 𑘀𑘙𑘨𑘰𑘫𑘹 𑘭𑘰𑘙 𑘭𑘰𑘩𑘲 𑘡𑘻𑘽𑘟𑘪𑘩𑘹𑘩𑘲 𑘁𑘮𑘹.,120
data/synthetic/images/line_0120_v026.png,तारीख अठराशे साठ साली नोंदवलेली आहे.,𑘝𑘰𑘨𑘲𑘏 𑘀𑘙𑘨𑘰𑘫𑘹 𑘭𑘰𑘙 𑘭𑘰𑘩𑘲 𑘡𑘻𑘽𑘟𑘪𑘩𑘹𑘩𑘲 𑘁𑘮𑘹.,120
data/synthetic/images/line_0120_v027.png,तारीख अठराशे साठ साली नोंदवलेली आहे.,𑘝𑘰𑘨𑘲𑘏 𑘀𑘙𑘨𑘰𑘫𑘹 𑘭𑘰𑘙 𑘭𑘰𑘩𑘲 𑘡𑘻𑘽𑘟𑘪𑘩𑘹𑘩𑘲 𑘁𑘮𑘹.,120
data/synthetic/images/line_0120_v028.png,तारीख अठराशे साठ साली नोंदवलेली आहे.,𑘝𑘰𑘨𑘲𑘏 𑘀𑘙𑘨𑘰𑘫𑘹 𑘭𑘰𑘙 𑘭𑘰𑘩𑘲 𑘡𑘻𑘽𑘟𑘪𑘩𑘹𑘩𑘲 𑘁𑘮𑘹.,120
data/synthetic/images/line_0120_v029.png,तारीख अठराशे साठ साली नोंदवलेली आहे.,𑘝𑘰𑘨𑘲𑘏 𑘀𑘙𑘨𑘰𑘫𑘹 𑘭𑘰𑘙 𑘭𑘰𑘩𑘲 𑘡𑘻𑘽𑘟𑘪𑘩𑘹𑘩𑘲 𑘁𑘮𑘹.,120
data/synthetic/images/line_0120_v030.png,तारीख अठराशे साठ साली नोंदवलेली आहे.,𑘝𑘰𑘨𑘲𑘏 𑘀𑘙𑘨𑘰𑘫𑘹 𑘭𑘰𑘙 𑘭𑘰𑘩𑘲 𑘡𑘻𑘽𑘟𑘪𑘩𑘹𑘩𑘲 𑘁𑘮𑘹.,120
data/synthetic/images/line_0120_v031.png,तारीख अठराशे साठ साली नोंदवलेली आहे.,𑘝𑘰𑘨𑘲𑘏 𑘀𑘙𑘨𑘰𑘫𑘹 𑘭𑘰𑘙 𑘭𑘰𑘩𑘲 𑘡𑘻𑘽𑘟𑘪𑘩𑘹𑘩𑘲 𑘁𑘮𑘹.,120
data/synthetic/images/line_0120_v032.png,तारीख अठराशे साठ साली नोंदवलेली आहे.,𑘝𑘰𑘨𑘲𑘏 𑘀𑘙𑘨𑘰𑘫𑘹 𑘭𑘰𑘙 𑘭𑘰𑘩𑘲 𑘡𑘻𑘽𑘟𑘪𑘩𑘹𑘩𑘲 𑘁𑘮𑘹.,120
data/synthetic/images/line_0120_v033.png,तारीख अठराशे साठ साली नोंदवलेली आहे.,𑘝𑘰𑘨𑘲𑘏 𑘀𑘙𑘨𑘰𑘫𑘹 𑘭𑘰𑘙 𑘭𑘰𑘩𑘲 𑘡𑘻𑘽𑘟𑘪𑘩𑘹𑘩𑘲 𑘁𑘮𑘹.,120
data/synthetic/images/line_0120_v034.png,तारीख अठराशे साठ साली नोंदवलेली आहे.,𑘝𑘰𑘨𑘲𑘏 𑘀𑘙𑘨𑘰𑘫𑘹 𑘭𑘰𑘙 𑘭𑘰𑘩𑘲 𑘡𑘻𑘽𑘟𑘪𑘩𑘹𑘩𑘲 𑘁𑘮𑘹.,120
data/synthetic/images/line_0120_v035.png,तारीख अठराशे साठ साली नोंदवलेली आहे.,𑘝𑘰𑘨𑘲𑘏 𑘀𑘙𑘨𑘰𑘫𑘹 𑘭𑘰𑘙 𑘭𑘰𑘩𑘲 𑘡𑘻𑘽𑘟𑘪𑘩𑘹𑘩𑘲 𑘁𑘮𑘹.,120
data/synthetic/images/line_0120_v036.png,तारीख अठराशे साठ साली नोंदवलेली आहे.,𑘝𑘰𑘨𑘲𑘏 𑘀𑘙𑘨𑘰𑘫𑘹 𑘭𑘰𑘙 𑘭𑘰𑘩𑘲 𑘡𑘻𑘽𑘟𑘪𑘩𑘹𑘩𑘲 𑘁𑘮𑘹.,120
data/synthetic/images/line_0120_v037.png,तारीख अठराशे साठ साली नोंदवलेली आहे.,𑘝𑘰𑘨𑘲𑘏 𑘀𑘙𑘨𑘰𑘫𑘹 𑘭𑘰𑘙 𑘭𑘰𑘩𑘲 𑘡𑘻𑘽𑘟𑘪𑘩𑘹𑘩𑘲 𑘁𑘮𑘹.,120
data/synthetic/images/line_0120_v038.png,तारीख अठराशे साठ साली नोंदवलेली आहे.,𑘝𑘰𑘨𑘲𑘏 𑘀𑘙𑘨𑘰𑘫𑘹 𑘭𑘰𑘙 𑘭𑘰𑘩𑘲 𑘡𑘻𑘽𑘟𑘪𑘩𑘹𑘩𑘲 𑘁𑘮𑘹.,120
data/synthetic/images/line_0120_v039.png,तारीख अठराशे साठ साली नोंदवलेली आहे.,𑘝𑘰𑘨𑘲𑘏 𑘀𑘙𑘨𑘰𑘫𑘹 𑘭𑘰𑘙 𑘭𑘰𑘩𑘲 𑘡𑘻𑘽𑘟𑘪𑘩𑘹𑘩𑘲 𑘁𑘮𑘹.,120
data/synthetic/images/line_0121_v000.png,हा दस्तऐवज पेशवे काळातील आहे.,𑘮𑘰 𑘟𑘭𑘿𑘝𑘋𑘪𑘕 𑘢𑘹𑘫𑘪𑘹 𑘎𑘰𑘯𑘰𑘝𑘲𑘩 𑘁𑘮𑘹.,121
data/synthetic/images/line_0121_v001.png,हा दस्तऐवज पेशवे काळातील आहे.,𑘮𑘰 𑘟𑘭𑘿𑘝𑘋𑘪𑘕 𑘢𑘹𑘫𑘪𑘹 𑘎𑘰𑘯𑘰𑘝𑘲𑘩 𑘁𑘮𑘹.,121
data/synthetic/images/line_0121_v002.png,हा दस्तऐवज पेशवे काळातील आहे.,𑘮𑘰 𑘟𑘭𑘿𑘝𑘋𑘪𑘕 𑘢𑘹𑘫𑘪𑘹 𑘎𑘰𑘯𑘰𑘝𑘲𑘩 𑘁𑘮𑘹.,121
data/synthetic/images/line_0121_v003.png,हा दस्तऐवज पेशवे काळातील आहे.,𑘮𑘰 𑘟𑘭𑘿𑘝𑘋𑘪𑘕 𑘢𑘹𑘫𑘪𑘹 𑘎𑘰𑘯𑘰𑘝𑘲𑘩 𑘁𑘮𑘹.,121
data/synthetic/images/line_0121_v004.png,हा दस्तऐवज पेशवे काळातील आहे.,𑘮𑘰 𑘟𑘭𑘿𑘝𑘋𑘪𑘕 𑘢𑘹𑘫𑘪𑘹 𑘎𑘰𑘯𑘰𑘝𑘲𑘩 𑘁𑘮𑘹.,121
data/synthetic/images/line_0121_v005.png,हा दस्तऐवज पेशवे काळातील आहे.,𑘮𑘰 𑘟𑘭𑘿𑘝𑘋𑘪𑘕 𑘢𑘹𑘫𑘪𑘹 𑘎𑘰𑘯𑘰𑘝𑘲𑘩 𑘁𑘮𑘹.,121
data/synthetic/images/line_0121_v006.png,हा दस्तऐवज पेशवे काळातील आहे.,𑘮𑘰 𑘟𑘭𑘿𑘝𑘋𑘪𑘕 𑘢𑘹𑘫𑘪𑘹 𑘎𑘰𑘯𑘰𑘝𑘲𑘩 𑘁𑘮𑘹.,121
data/synthetic/images/line_0121_v007.png,हा दस्तऐवज पेशवे काळातील आहे.,𑘮𑘰 𑘟𑘭𑘿𑘝𑘋𑘪𑘕 𑘢𑘹𑘫𑘪𑘹 𑘎𑘰𑘯𑘰𑘝𑘲𑘩 𑘁𑘮𑘹.,121
data/synthetic/images/line_0121_v008.png,हा दस्तऐवज पेशवे काळातील आहे.,𑘮𑘰 𑘟𑘭𑘿𑘝𑘋𑘪𑘕 𑘢𑘹𑘫𑘪𑘹 𑘎𑘰𑘯𑘰𑘝𑘲𑘩 𑘁𑘮𑘹.,121
data/synthetic/images/line_0121_v009.png,हा दस्तऐवज पेशवे काळातील आहे.,𑘮𑘰 𑘟𑘭𑘿𑘝𑘋𑘪𑘕 𑘢𑘹𑘫𑘪𑘹 𑘎𑘰𑘯𑘰𑘝𑘲𑘩 𑘁𑘮𑘹.,121
data/synthetic/images/line_0121_v010.png,हा दस्तऐवज पेशवे काळातील आहे.,𑘮𑘰 𑘟𑘭𑘿𑘝𑘋𑘪𑘕 𑘢𑘹𑘫𑘪𑘹 𑘎𑘰𑘯𑘰𑘝𑘲𑘩 𑘁𑘮𑘹.,121
data/synthetic/images/line_0121_v011.png,हा दस्तऐवज पेशवे काळातील आहे.,𑘮𑘰 𑘟𑘭𑘿𑘝𑘋𑘪𑘕 𑘢𑘹𑘫𑘪𑘹 𑘎𑘰𑘯𑘰𑘝𑘲𑘩 𑘁𑘮𑘹.,121
data/synthetic/images/line_0121_v012.png,हा दस्तऐवज पेशवे काळातील आहे.,𑘮𑘰 𑘟𑘭𑘿𑘝𑘋𑘪𑘕 𑘢𑘹𑘫𑘪𑘹 𑘎𑘰𑘯𑘰𑘝𑘲𑘩 𑘁𑘮𑘹.,121
data/synthetic/images/line_0121_v013.png,हा दस्तऐवज पेशवे काळातील आहे.,𑘮𑘰 𑘟𑘭𑘿𑘝𑘋𑘪𑘕 𑘢𑘹𑘫𑘪𑘹 𑘎𑘰𑘯𑘰𑘝𑘲𑘩 𑘁𑘮𑘹.,121
data/synthetic/images/line_0121_v014.png,हा दस्तऐवज पेशवे काळातील आहे.,𑘮𑘰 𑘟𑘭𑘿𑘝𑘋𑘪𑘕 𑘢𑘹𑘫𑘪𑘹 𑘎𑘰𑘯𑘰𑘝𑘲𑘩 𑘁𑘮𑘹.,121
data/synthetic/images/line_0121_v015.png,हा दस्तऐवज पेशवे काळातील आहे.,𑘮𑘰 𑘟𑘭𑘿𑘝𑘋𑘪𑘕 𑘢𑘹𑘫𑘪𑘹 𑘎𑘰𑘯𑘰𑘝𑘲𑘩 𑘁𑘮𑘹.,121
data/synthetic/images/line_0121_v016.png,हा दस्तऐवज पेशवे काळातील आहे.,𑘮𑘰 𑘟𑘭𑘿𑘝𑘋𑘪𑘕 𑘢𑘹𑘫𑘪𑘹 𑘎𑘰𑘯𑘰𑘝𑘲𑘩 𑘁𑘮𑘹.,121
data/synthetic/images/line_0121_v017.png,हा दस्तऐवज पेशवे काळातील आहे.,𑘮𑘰 𑘟𑘭𑘿𑘝𑘋𑘪𑘕 𑘢𑘹𑘫𑘪𑘹 𑘎𑘰𑘯𑘰𑘝𑘲𑘩 𑘁𑘮𑘹.,121
data/synthetic/images/line_0121_v018.png,हा दस्तऐवज पेशवे काळातील आहे.,𑘮𑘰 𑘟𑘭𑘿𑘝𑘋𑘪𑘕 𑘢𑘹𑘫𑘪𑘹 𑘎𑘰𑘯𑘰𑘝𑘲𑘩 𑘁𑘮𑘹.,121
data/synthetic/images/line_0121_v019.png,हा दस्तऐवज पेशवे काळातील आहे.,𑘮𑘰 𑘟𑘭𑘿𑘝𑘋𑘪𑘕 𑘢𑘹𑘫𑘪𑘹 𑘎𑘰𑘯𑘰𑘝𑘲𑘩 𑘁𑘮𑘹.,121
data/synthetic/images/line_0121_v020.png,हा दस्तऐवज पेशवे काळातील आहे.,𑘮𑘰 𑘟𑘭𑘿𑘝𑘋𑘪𑘕 𑘢𑘹𑘫𑘪𑘹 𑘎𑘰𑘯𑘰𑘝𑘲𑘩 𑘁𑘮𑘹.,121
data/synthetic/images/line_0121_v021.png,हा दस्तऐवज पेशवे काळातील आहे.,𑘮𑘰 𑘟𑘭𑘿𑘝𑘋𑘪𑘕 𑘢𑘹𑘫𑘪𑘹 𑘎𑘰𑘯𑘰𑘝𑘲𑘩 𑘁𑘮𑘹.,121
data/synthetic/images/line_0121_v022.png,हा दस्तऐवज पेशवे काळातील आहे.,𑘮𑘰 𑘟𑘭𑘿𑘝𑘋𑘪𑘕 𑘢𑘹𑘫𑘪𑘹 𑘎𑘰𑘯𑘰𑘝𑘲𑘩 𑘁𑘮𑘹.,121
data/synthetic/images/line_0121_v023.png,हा दस्तऐवज पेशवे काळातील आहे.,𑘮𑘰 𑘟𑘭𑘿𑘝𑘋𑘪𑘕 𑘢𑘹𑘫𑘪𑘹 𑘎𑘰𑘯𑘰𑘝𑘲𑘩 𑘁𑘮𑘹.,121
data/synthetic/images/line_0121_v024.png,हा दस्तऐवज पेशवे काळातील आहे.,𑘮𑘰 𑘟𑘭𑘿𑘝𑘋𑘪𑘕 𑘢𑘹𑘫𑘪𑘹 𑘎𑘰𑘯𑘰𑘝𑘲𑘩 𑘁𑘮𑘹.,121
data/synthetic/images/line_0121_v025.png,हा दस्तऐवज पेशवे काळातील आहे.,𑘮𑘰 𑘟𑘭𑘿𑘝𑘋𑘪𑘕 𑘢𑘹𑘫𑘪𑘹 𑘎𑘰𑘯𑘰𑘝𑘲𑘩 𑘁𑘮𑘹.,121
data/synthetic/images/line_0121_v026.png,हा दस्तऐवज पेशवे काळातील आहे.,𑘮𑘰 𑘟𑘭𑘿𑘝𑘋𑘪𑘕 𑘢𑘹𑘫𑘪𑘹 𑘎𑘰𑘯𑘰𑘝𑘲𑘩 𑘁𑘮𑘹.,121
data/synthetic/images/line_0121_v027.png,हा दस्तऐवज पेशवे काळातील आहे.,𑘮𑘰 𑘟𑘭𑘿𑘝𑘋𑘪𑘕 𑘢𑘹𑘫𑘪𑘹 𑘎𑘰𑘯𑘰𑘝𑘲𑘩 𑘁𑘮𑘹.,121
data/synthetic/images/line_0121_v028.png,हा दस्तऐवज पेशवे काळातील आहे.,𑘮𑘰 𑘟𑘭𑘿𑘝𑘋𑘪𑘕 𑘢𑘹𑘫𑘪𑘹 𑘎𑘰𑘯𑘰𑘝𑘲𑘩 𑘁𑘮𑘹.,121
data/synthetic/images/line_0121_v029.png,हा दस्तऐवज पेशवे काळातील आहे.,𑘮𑘰 𑘟𑘭𑘿𑘝𑘋𑘪𑘕 𑘢𑘹𑘫𑘪𑘹 𑘎𑘰𑘯𑘰𑘝𑘲𑘩 𑘁𑘮𑘹.,121
data/synthetic/images/line_0121_v030.png,हा दस्तऐवज पेशवे काळातील आहे.,𑘮𑘰 𑘟𑘭𑘿𑘝𑘋𑘪𑘕 𑘢𑘹𑘫𑘪𑘹 𑘎𑘰𑘯𑘰𑘝𑘲𑘩 𑘁𑘮𑘹.,121
data/synthetic/images/line_0121_v031.png,हा दस्तऐवज पेशवे काळातील आहे.,𑘮𑘰 𑘟𑘭𑘿𑘝𑘋𑘪𑘕 𑘢𑘹𑘫𑘪𑘹 𑘎𑘰𑘯𑘰𑘝𑘲𑘩 𑘁𑘮𑘹.,121
data/synthetic/images/line_0121_v032.png,हा दस्तऐवज पेशवे काळातील आहे.,𑘮𑘰 𑘟𑘭𑘿𑘝𑘋𑘪𑘕 𑘢𑘹𑘫𑘪𑘹 𑘎𑘰𑘯𑘰𑘝𑘲𑘩 𑘁𑘮𑘹.,121
data/synthetic/images/line_0121_v033.png,हा दस्तऐवज पेशवे काळातील आहे.,𑘮𑘰 𑘟𑘭𑘿𑘝𑘋𑘪𑘕 𑘢𑘹𑘫𑘪𑘹 𑘎𑘰𑘯𑘰𑘝𑘲𑘩 𑘁𑘮𑘹.,121
data/synthetic/images/line_0121_v034.png,हा दस्तऐवज पेशवे काळातील आहे.,𑘮𑘰 𑘟𑘭𑘿𑘝𑘋𑘪𑘕 𑘢𑘹𑘫𑘪𑘹 𑘎𑘰𑘯𑘰𑘝𑘲𑘩 𑘁𑘮𑘹.,121
data/synthetic/images/line_0121_v035.png,हा दस्तऐवज पेशवे काळातील आहे.,𑘮𑘰 𑘟𑘭𑘿𑘝𑘋𑘪𑘕 𑘢𑘹𑘫𑘪𑘹 𑘎𑘰𑘯𑘰𑘝𑘲𑘩 𑘁𑘮𑘹.,121
data/synthetic/images/line_0121_v036.png,हा दस्तऐवज पेशवे काळातील आहे.,𑘮𑘰 𑘟𑘭𑘿𑘝𑘋𑘪𑘕 𑘢𑘹𑘫𑘪𑘹 𑘎𑘰𑘯𑘰𑘝𑘲𑘩 𑘁𑘮𑘹.,121
data/synthetic/images/line_0121_v037.png,हा दस्तऐवज पेशवे काळातील आहे.,𑘮𑘰 𑘟𑘭𑘿𑘝𑘋𑘪𑘕 𑘢𑘹𑘫𑘪𑘹 𑘎𑘰𑘯𑘰𑘝𑘲𑘩 𑘁𑘮𑘹.,121
data/synthetic/images/line_0121_v038.png,हा दस्तऐवज पेशवे काळातील आहे.,𑘮𑘰 𑘟𑘭𑘿𑘝𑘋𑘪𑘕 𑘢𑘹𑘫𑘪𑘹 𑘎𑘰𑘯𑘰𑘝𑘲𑘩 𑘁𑘮𑘹.,121
data/synthetic/images/line_0121_v039.png,हा दस्तऐवज पेशवे काळातील आहे.,𑘮𑘰 𑘟𑘭𑘿𑘝𑘋𑘪𑘕 𑘢𑘹𑘫𑘪𑘹 𑘎𑘰𑘯𑘰𑘝𑘲𑘩 𑘁𑘮𑘹.,121
data/synthetic/images/line_0122_v000.png,शिवकालीन कागदपत्रे दुर्मिळ आहेत.,𑘫𑘱𑘪𑘎𑘰𑘩𑘲𑘡 𑘎𑘰𑘐𑘟𑘢𑘝𑘿𑘨𑘹 𑘟𑘳𑘨𑘿𑘦𑘱𑘯 𑘁𑘮𑘹𑘝.,122
data/synthetic/images/line_0122_v001.png,शिवकालीन कागदपत्रे दुर्मिळ आहेत.,𑘫𑘱𑘪𑘎𑘰𑘩𑘲𑘡 𑘎𑘰𑘐𑘟𑘢𑘝𑘿𑘨𑘹 𑘟𑘳𑘨𑘿𑘦𑘱𑘯 𑘁𑘮𑘹𑘝.,122
data/synthetic/images/line_0122_v002.png,शिवकालीन कागदपत्रे दुर्मिळ आहेत.,𑘫𑘱𑘪𑘎𑘰𑘩𑘲𑘡 𑘎𑘰𑘐𑘟𑘢𑘝𑘿𑘨𑘹 𑘟𑘳𑘨𑘿𑘦𑘱𑘯 𑘁𑘮𑘹𑘝.,122
data/synthetic/images/line_0122_v003.png,शिवकालीन कागदपत्रे दुर्मिळ आहेत.,𑘫𑘱𑘪𑘎𑘰𑘩𑘲𑘡 𑘎𑘰𑘐𑘟𑘢𑘝𑘿𑘨𑘹 𑘟𑘳𑘨𑘿𑘦𑘱𑘯 𑘁𑘮𑘹𑘝.,122
data/synthetic/images/line_0122_v004.png,शिवकालीन कागदपत्रे दुर्मिळ आहेत.,𑘫𑘱𑘪𑘎𑘰𑘩𑘲𑘡 𑘎𑘰𑘐𑘟𑘢𑘝𑘿𑘨𑘹 𑘟𑘳𑘨𑘿𑘦𑘱𑘯 𑘁𑘮𑘹𑘝.,122
data/synthetic/images/line_0122_v005.png,शिवकालीन कागदपत्रे दुर्मिळ आहेत.,𑘫𑘱𑘪𑘎𑘰𑘩𑘲𑘡 𑘎𑘰𑘐𑘟𑘢𑘝𑘿𑘨𑘹 𑘟𑘳𑘨𑘿𑘦𑘱𑘯 𑘁𑘮𑘹𑘝.,122
data/synthetic/images/line_0122_v006.png,शिवकालीन कागदपत्रे दुर्मिळ आहेत.,𑘫𑘱𑘪𑘎𑘰𑘩𑘲𑘡 𑘎𑘰𑘐𑘟𑘢𑘝𑘿𑘨𑘹 𑘟𑘳𑘨𑘿𑘦𑘱𑘯 𑘁𑘮𑘹𑘝.,122
data/synthetic/images/line_0122_v007.png,शिवकालीन कागदपत्रे दुर्मिळ आहेत.,𑘫𑘱𑘪𑘎𑘰𑘩𑘲𑘡 𑘎𑘰𑘐𑘟𑘢𑘝𑘿𑘨𑘹 𑘟𑘳𑘨𑘿𑘦𑘱𑘯 𑘁𑘮𑘹𑘝.,122
data/synthetic/images/line_0122_v008.png,शिवकालीन कागदपत्रे दुर्मिळ आहेत.,𑘫𑘱𑘪𑘎𑘰𑘩𑘲𑘡 𑘎𑘰𑘐𑘟𑘢𑘝𑘿𑘨𑘹 𑘟𑘳𑘨𑘿𑘦𑘱𑘯 𑘁𑘮𑘹𑘝.,122
data/synthetic/images/line_0122_v009.png,शिवकालीन कागदपत्रे दुर्मिळ आहेत.,𑘫𑘱𑘪𑘎𑘰𑘩𑘲𑘡 𑘎𑘰𑘐𑘟𑘢𑘝𑘿𑘨𑘹 𑘟𑘳𑘨𑘿𑘦𑘱𑘯 𑘁𑘮𑘹𑘝.,122
data/synthetic/images/line_0122_v010.png,शिवकालीन कागदपत्रे दुर्मिळ आहेत.,𑘫𑘱𑘪𑘎𑘰𑘩𑘲𑘡 𑘎𑘰𑘐𑘟𑘢𑘝𑘿𑘨𑘹 𑘟𑘳𑘨𑘿𑘦𑘱𑘯 𑘁𑘮𑘹𑘝.,122
data/synthetic/images/line_0122_v011.png,शिवकालीन कागदपत्रे दुर्मिळ आहेत.,𑘫𑘱𑘪𑘎𑘰𑘩𑘲𑘡 𑘎𑘰𑘐𑘟𑘢𑘝𑘿𑘨𑘹 𑘟𑘳𑘨𑘿𑘦𑘱𑘯 𑘁𑘮𑘹𑘝.,122
data/synthetic/images/line_0122_v012.png,शिवकालीन कागदपत्रे दुर्मिळ आहेत.,𑘫𑘱𑘪𑘎𑘰𑘩𑘲𑘡 𑘎𑘰𑘐𑘟𑘢𑘝𑘿𑘨𑘹 𑘟𑘳𑘨𑘿𑘦𑘱𑘯 𑘁𑘮𑘹𑘝.,122
data/synthetic/images/line_0122_v013.png,शिवकालीन कागदपत्रे दुर्मिळ आहेत.,𑘫𑘱𑘪𑘎𑘰𑘩𑘲𑘡 𑘎𑘰𑘐𑘟𑘢𑘝𑘿𑘨𑘹 𑘟𑘳𑘨𑘿𑘦𑘱𑘯 𑘁𑘮𑘹𑘝.,122
data/synthetic/images/line_0122_v014.png,शिवकालीन कागदपत्रे दुर्मिळ आहेत.,𑘫𑘱𑘪𑘎𑘰𑘩𑘲𑘡 𑘎𑘰𑘐𑘟𑘢𑘝𑘿𑘨𑘹 𑘟𑘳𑘨𑘿𑘦𑘱𑘯 𑘁𑘮𑘹𑘝.,122
data/synthetic/images/line_0122_v015.png,शिवकालीन कागदपत्रे दुर्मिळ आहेत.,𑘫𑘱𑘪𑘎𑘰𑘩𑘲𑘡 𑘎𑘰𑘐𑘟𑘢𑘝𑘿𑘨𑘹 𑘟𑘳𑘨𑘿𑘦𑘱𑘯 𑘁𑘮𑘹𑘝.,122
data/synthetic/images/line_0122_v016.png,शिवकालीन कागदपत्रे दुर्मिळ आहेत.,𑘫𑘱𑘪𑘎𑘰𑘩𑘲𑘡 𑘎𑘰𑘐𑘟𑘢𑘝𑘿𑘨𑘹 𑘟𑘳𑘨𑘿𑘦𑘱𑘯 𑘁𑘮𑘹𑘝.,122
data/synthetic/images/line_0122_v017.png,शिवकालीन कागदपत्रे दुर्मिळ आहेत.,𑘫𑘱𑘪𑘎𑘰𑘩𑘲𑘡 𑘎𑘰𑘐𑘟𑘢𑘝𑘿𑘨𑘹 𑘟𑘳𑘨𑘿𑘦𑘱𑘯 𑘁𑘮𑘹𑘝.,122
data/synthetic/images/line_0122_v018.png,शिवकालीन कागदपत्रे दुर्मिळ आहेत.,𑘫𑘱𑘪𑘎𑘰𑘩𑘲𑘡 𑘎𑘰𑘐𑘟𑘢𑘝𑘿𑘨𑘹 𑘟𑘳𑘨𑘿𑘦𑘱𑘯 𑘁𑘮𑘹𑘝.,122
data/synthetic/images/line_0122_v019.png,शिवकालीन कागदपत्रे दुर्मिळ आहेत.,𑘫𑘱𑘪𑘎𑘰𑘩𑘲𑘡 𑘎𑘰𑘐𑘟𑘢𑘝𑘿𑘨𑘹 𑘟𑘳𑘨𑘿𑘦𑘱𑘯 𑘁𑘮𑘹𑘝.,122
data/synthetic/images/line_0122_v020.png,शिवकालीन कागदपत्रे दुर्मिळ आहेत.,𑘫𑘱𑘪𑘎𑘰𑘩𑘲𑘡 𑘎𑘰𑘐𑘟𑘢𑘝𑘿𑘨𑘹 𑘟𑘳𑘨𑘿𑘦𑘱𑘯 𑘁𑘮𑘹𑘝.,122
data/synthetic/images/line_0122_v021.png,शिवकालीन कागदपत्रे दुर्मिळ आहेत.,𑘫𑘱𑘪𑘎𑘰𑘩𑘲𑘡 𑘎𑘰𑘐𑘟𑘢𑘝𑘿𑘨𑘹 𑘟𑘳𑘨𑘿𑘦𑘱𑘯 𑘁𑘮𑘹𑘝.,122
data/synthetic/images/line_0122_v022.png,शिवकालीन कागदपत्रे दुर्मिळ आहेत.,𑘫𑘱𑘪𑘎𑘰𑘩𑘲𑘡 𑘎𑘰𑘐𑘟𑘢𑘝𑘿𑘨𑘹 𑘟𑘳𑘨𑘿𑘦𑘱𑘯 𑘁𑘮𑘹𑘝.,122
data/synthetic/images/line_0122_v023.png,शिवकालीन कागदपत्रे दुर्मिळ आहेत.,𑘫𑘱𑘪𑘎𑘰𑘩𑘲𑘡 𑘎𑘰𑘐𑘟𑘢𑘝𑘿𑘨𑘹 𑘟𑘳𑘨𑘿𑘦𑘱𑘯 𑘁𑘮𑘹𑘝.,122
data/synthetic/images/line_0122_v024.png,शिवकालीन कागदपत्रे दुर्मिळ आहेत.,𑘫𑘱𑘪𑘎𑘰𑘩𑘲𑘡 𑘎𑘰𑘐𑘟𑘢𑘝𑘿𑘨𑘹 𑘟𑘳𑘨𑘿𑘦𑘱𑘯 𑘁𑘮𑘹𑘝.,122
data/synthetic/images/line_0122_v025.png,शिवकालीन कागदपत्रे दुर्मिळ आहेत.,𑘫𑘱𑘪𑘎𑘰𑘩𑘲𑘡 𑘎𑘰𑘐𑘟𑘢𑘝𑘿𑘨𑘹 𑘟𑘳𑘨𑘿𑘦𑘱𑘯 𑘁𑘮𑘹𑘝.,122
data/synthetic/images/line_0122_v026.png,शिवकालीन कागदपत्रे दुर्मिळ आहेत.,𑘫𑘱𑘪𑘎𑘰𑘩𑘲𑘡 𑘎𑘰𑘐𑘟𑘢𑘝𑘿𑘨𑘹 𑘟𑘳𑘨𑘿𑘦𑘱𑘯 𑘁𑘮𑘹𑘝.,122
data/synthetic/images/line_0122_v027.png,शिवकालीन कागदपत्रे दुर्मिळ आहेत.,𑘫𑘱𑘪𑘎𑘰𑘩𑘲𑘡 𑘎𑘰𑘐𑘟𑘢𑘝𑘿𑘨𑘹 𑘟𑘳𑘨𑘿𑘦𑘱𑘯 𑘁𑘮𑘹𑘝.,122
data/synthetic/images/line_0122_v028.png,शिवकालीन कागदपत्रे दुर्मिळ आहेत.,𑘫𑘱𑘪𑘎𑘰𑘩𑘲𑘡 𑘎𑘰𑘐𑘟𑘢𑘝𑘿𑘨𑘹 𑘟𑘳𑘨𑘿𑘦𑘱𑘯 𑘁𑘮𑘹𑘝.,122
data/synthetic/images/line_0122_v029.png,शिवकालीन कागदपत्रे दुर्मिळ आहेत.,𑘫𑘱𑘪𑘎𑘰𑘩𑘲𑘡 𑘎𑘰𑘐𑘟𑘢𑘝𑘿𑘨𑘹 𑘟𑘳𑘨𑘿𑘦𑘱𑘯 𑘁𑘮𑘹𑘝.,122
data/synthetic/images/line_0122_v030.png,शिवकालीन कागदपत्रे दुर्मिळ आहेत.,𑘫𑘱𑘪𑘎𑘰𑘩𑘲𑘡 𑘎𑘰𑘐𑘟𑘢𑘝𑘿𑘨𑘹 𑘟𑘳𑘨𑘿𑘦𑘱𑘯 𑘁𑘮𑘹𑘝.,122
data/synthetic/images/line_0122_v031.png,शिवकालीन कागदपत्रे दुर्मिळ आहेत.,𑘫𑘱𑘪𑘎𑘰𑘩𑘲𑘡 𑘎𑘰𑘐𑘟𑘢𑘝𑘿𑘨𑘹 𑘟𑘳𑘨𑘿𑘦𑘱𑘯 𑘁𑘮𑘹𑘝.,122
data/synthetic/images/line_0122_v032.png,शिवकालीन कागदपत्रे दुर्मिळ आहेत.,𑘫𑘱𑘪𑘎𑘰𑘩𑘲𑘡 𑘎𑘰𑘐𑘟𑘢𑘝𑘿𑘨𑘹 𑘟𑘳𑘨𑘿𑘦𑘱𑘯 𑘁𑘮𑘹𑘝.,122
data/synthetic/images/line_0122_v033.png,शिवकालीन कागदपत्रे दुर्मिळ आहेत.,𑘫𑘱𑘪𑘎𑘰𑘩𑘲𑘡 𑘎𑘰𑘐𑘟𑘢𑘝𑘿𑘨𑘹 𑘟𑘳𑘨𑘿𑘦𑘱𑘯 𑘁𑘮𑘹𑘝.,122
data/synthetic/images/line_0122_v034.png,शिवकालीन कागदपत्रे दुर्मिळ आहेत.,𑘫𑘱𑘪𑘎𑘰𑘩𑘲𑘡 𑘎𑘰𑘐𑘟𑘢𑘝𑘿𑘨𑘹 𑘟𑘳𑘨𑘿𑘦𑘱𑘯 𑘁𑘮𑘹𑘝.,122
data/synthetic/images/line_0122_v035.png,शिवकालीन कागदपत्रे दुर्मिळ आहेत.,𑘫𑘱𑘪𑘎𑘰𑘩𑘲𑘡 𑘎𑘰𑘐𑘟𑘢𑘝𑘿𑘨𑘹 𑘟𑘳𑘨𑘿𑘦𑘱𑘯 𑘁𑘮𑘹𑘝.,122
data/synthetic/images/line_0122_v036.png,शिवकालीन कागदपत्रे दुर्मिळ आहेत.,𑘫𑘱𑘪𑘎𑘰𑘩𑘲𑘡 𑘎𑘰𑘐𑘟𑘢𑘝𑘿𑘨𑘹 𑘟𑘳𑘨𑘿𑘦𑘱𑘯 𑘁𑘮𑘹𑘝.,122
data/synthetic/images/line_0122_v037.png,शिवकालीन कागदपत्रे दुर्मिळ आहेत.,𑘫𑘱𑘪𑘎𑘰𑘩𑘲𑘡 𑘎𑘰𑘐𑘟𑘢𑘝𑘿𑘨𑘹 𑘟𑘳𑘨𑘿𑘦𑘱𑘯 𑘁𑘮𑘹𑘝.,122
data/synthetic/images/line_0122_v038.png,शिवकालीन कागदपत्रे दुर्मिळ आहेत.,𑘫𑘱𑘪𑘎𑘰𑘩𑘲𑘡 𑘎𑘰𑘐𑘟𑘢𑘝𑘿𑘨𑘹 𑘟𑘳𑘨𑘿𑘦𑘱𑘯 𑘁𑘮𑘹𑘝.,122
data/synthetic/images/line_0122_v039.png,शिवकालीन कागदपत्रे दुर्मिळ आहेत.,𑘫𑘱𑘪𑘎𑘰𑘩𑘲𑘡 𑘎𑘰𑘐𑘟𑘢𑘝𑘿𑘨𑘹 𑘟𑘳𑘨𑘿𑘦𑘱𑘯 𑘁𑘮𑘹𑘝.,122
data/synthetic/images/line_0123_v000.png,इंग्रज काळातही मोडी लिपीचा वापर होत असे.,𑘂𑘽𑘐𑘿𑘨𑘕 𑘎𑘰𑘯𑘰𑘝𑘮𑘲 𑘦𑘻𑘚𑘲 𑘩𑘱𑘢𑘲𑘓𑘰 𑘪𑘰𑘢𑘨 𑘮𑘻𑘝 𑘀𑘭𑘹.,123
data/synthetic/images/line_0123_v001.png,इंग्रज काळातही मोडी लिपीचा वापर होत असे.,𑘂𑘽𑘐𑘿𑘨𑘕 𑘎𑘰𑘯𑘰𑘝𑘮𑘲 𑘦𑘻𑘚𑘲 𑘩𑘱𑘢𑘲𑘓𑘰 𑘪𑘰𑘢𑘨 𑘮𑘻𑘝 𑘀𑘭𑘹.,123
data/synthetic/images/line_0123_v002.png,इंग्रज काळातही मोडी लिपीचा वापर होत असे.,𑘂𑘽𑘐𑘿𑘨𑘕 𑘎𑘰𑘯𑘰𑘝𑘮𑘲 𑘦𑘻𑘚𑘲 𑘩𑘱𑘢𑘲𑘓𑘰 𑘪𑘰𑘢𑘨 𑘮𑘻𑘝 𑘀𑘭𑘹.,123
data/synthetic/images/line_0123_v003.png,इंग्रज काळातही मोडी लिपीचा वापर होत असे.,𑘂𑘽𑘐𑘿𑘨𑘕 𑘎𑘰𑘯𑘰𑘝𑘮𑘲 𑘦𑘻𑘚𑘲 𑘩𑘱𑘢𑘲𑘓𑘰 𑘪𑘰𑘢𑘨 𑘮𑘻𑘝 𑘀𑘭𑘹.,123
data/synthetic/images/line_0123_v004.png,इंग्रज काळातही मोडी लिपीचा वापर होत असे.,𑘂𑘽𑘐𑘿𑘨𑘕 𑘎𑘰𑘯𑘰𑘝𑘮𑘲 𑘦𑘻𑘚𑘲 𑘩𑘱𑘢𑘲𑘓𑘰 𑘪𑘰𑘢𑘨 𑘮𑘻𑘝 𑘀𑘭𑘹.,123
data/synthetic/images/line_0123_v005.png,इंग्रज काळातही मोडी लिपीचा वापर होत असे.,𑘂𑘽𑘐𑘿𑘨𑘕 𑘎𑘰𑘯𑘰𑘝𑘮𑘲 𑘦𑘻𑘚𑘲 𑘩𑘱𑘢𑘲𑘓𑘰 𑘪𑘰𑘢𑘨 𑘮𑘻𑘝 𑘀𑘭𑘹.,123
data/synthetic/images/line_0123_v006.png,इंग्रज काळातही मोडी लिपीचा वापर होत असे.,𑘂𑘽𑘐𑘿𑘨𑘕 𑘎𑘰𑘯𑘰𑘝𑘮𑘲 𑘦𑘻𑘚𑘲 𑘩𑘱𑘢𑘲𑘓𑘰 𑘪𑘰𑘢𑘨 𑘮𑘻𑘝 𑘀𑘭𑘹.,123
data/synthetic/images/line_0123_v007.png,इंग्रज काळातही मोडी लिपीचा वापर होत असे.,𑘂𑘽𑘐𑘿𑘨𑘕 𑘎𑘰𑘯𑘰𑘝𑘮𑘲 𑘦𑘻𑘚𑘲 𑘩𑘱𑘢𑘲𑘓𑘰 𑘪𑘰𑘢𑘨 𑘮𑘻𑘝 𑘀𑘭𑘹.,123
data/synthetic/images/line_0123_v008.png,इंग्रज काळातही मोडी लिपीचा वापर होत असे.,𑘂𑘽𑘐𑘿𑘨𑘕 𑘎𑘰𑘯𑘰𑘝𑘮𑘲 𑘦𑘻𑘚𑘲 𑘩𑘱𑘢𑘲𑘓𑘰 𑘪𑘰𑘢𑘨 𑘮𑘻𑘝 𑘀𑘭𑘹.,123
data/synthetic/images/line_0123_v009.png,इंग्रज काळातही मोडी लिपीचा वापर होत असे.,𑘂𑘽𑘐𑘿𑘨𑘕 𑘎𑘰𑘯𑘰𑘝𑘮𑘲 𑘦𑘻𑘚𑘲 𑘩𑘱𑘢𑘲𑘓𑘰 𑘪𑘰𑘢𑘨 𑘮𑘻𑘝 𑘀𑘭𑘹.,123
data/synthetic/images/line_0123_v010.png,इंग्रज काळातही मोडी लिपीचा वापर होत असे.,𑘂𑘽𑘐𑘿𑘨𑘕 𑘎𑘰𑘯𑘰𑘝𑘮𑘲 𑘦𑘻𑘚𑘲 𑘩𑘱𑘢𑘲𑘓𑘰 𑘪𑘰𑘢𑘨 𑘮𑘻𑘝 𑘀𑘭𑘹.,123
data/synthetic/images/line_0123_v011.png,इंग्रज काळातही मोडी लिपीचा वापर होत असे.,𑘂𑘽𑘐𑘿𑘨𑘕 𑘎𑘰𑘯𑘰𑘝𑘮𑘲 𑘦𑘻𑘚𑘲 𑘩𑘱𑘢𑘲𑘓𑘰 𑘪𑘰𑘢𑘨 𑘮𑘻𑘝 𑘀𑘭𑘹.,123
data/synthetic/images/line_0123_v012.png,इंग्रज काळातही मोडी लिपीचा वापर होत असे.,𑘂𑘽𑘐𑘿𑘨𑘕 𑘎𑘰𑘯𑘰𑘝𑘮𑘲 𑘦𑘻𑘚𑘲 𑘩𑘱𑘢𑘲𑘓𑘰 𑘪𑘰𑘢𑘨 𑘮𑘻𑘝 𑘀𑘭𑘹.,123
data/synthetic/images/line_0123_v013.png,इंग्रज काळातही मोडी लिपीचा वापर होत असे.,𑘂𑘽𑘐𑘿𑘨𑘕 𑘎𑘰𑘯𑘰𑘝𑘮𑘲 𑘦𑘻𑘚𑘲 𑘩𑘱𑘢𑘲𑘓𑘰 𑘪𑘰𑘢𑘨 𑘮𑘻𑘝 𑘀𑘭𑘹.,123
data/synthetic/images/line_0123_v014.png,इंग्रज काळातही मोडी लिपीचा वापर होत असे.,𑘂𑘽𑘐𑘿𑘨𑘕 𑘎𑘰𑘯𑘰𑘝𑘮𑘲 𑘦𑘻𑘚𑘲 𑘩𑘱𑘢𑘲𑘓𑘰 𑘪𑘰𑘢𑘨 𑘮𑘻𑘝 𑘀𑘭𑘹.,123
data/synthetic/images/line_0123_v015.png,इंग्रज काळातही मोडी लिपीचा वापर होत असे.,𑘂𑘽𑘐𑘿𑘨𑘕 𑘎𑘰𑘯𑘰𑘝𑘮𑘲 𑘦𑘻𑘚𑘲 𑘩𑘱𑘢𑘲𑘓𑘰 𑘪𑘰𑘢𑘨 𑘮𑘻𑘝 𑘀𑘭𑘹.,123
data/synthetic/images/line_0123_v016.png,इंग्रज काळातही मोडी लिपीचा वापर होत असे.,𑘂𑘽𑘐𑘿𑘨𑘕 𑘎𑘰𑘯𑘰𑘝𑘮𑘲 𑘦𑘻𑘚𑘲 𑘩𑘱𑘢𑘲𑘓𑘰 𑘪𑘰𑘢𑘨 𑘮𑘻𑘝 𑘀𑘭𑘹.,123
data/synthetic/images/line_0123_v017.png,इंग्रज काळातही मोडी लिपीचा वापर होत असे.,𑘂𑘽𑘐𑘿𑘨𑘕 𑘎𑘰𑘯𑘰𑘝𑘮𑘲 𑘦𑘻𑘚𑘲 𑘩𑘱𑘢𑘲𑘓𑘰 𑘪𑘰𑘢𑘨 𑘮𑘻𑘝 𑘀𑘭𑘹.,123
data/synthetic/images/line_0123_v018.png,इंग्रज काळातही मोडी लिपीचा वापर होत असे.,𑘂𑘽𑘐𑘿𑘨𑘕 𑘎𑘰𑘯𑘰𑘝𑘮𑘲 𑘦𑘻𑘚𑘲 𑘩𑘱𑘢𑘲𑘓𑘰 𑘪𑘰𑘢𑘨 𑘮𑘻𑘝 𑘀𑘭𑘹.,123
data/synthetic/images/line_0123_v019.png,इंग्रज काळातही मोडी लिपीचा वापर होत असे.,𑘂𑘽𑘐𑘿𑘨𑘕 𑘎𑘰𑘯𑘰𑘝𑘮𑘲 𑘦𑘻𑘚𑘲 𑘩𑘱𑘢𑘲𑘓𑘰 𑘪𑘰𑘢𑘨 𑘮𑘻𑘝 𑘀𑘭𑘹.,123
data/synthetic/images/line_0123_v020.png,इंग्रज काळातही मोडी लिपीचा वापर होत असे.,𑘂𑘽𑘐𑘿𑘨𑘕 𑘎𑘰𑘯𑘰𑘝𑘮𑘲 𑘦𑘻𑘚𑘲 𑘩𑘱𑘢𑘲𑘓𑘰 𑘪𑘰𑘢𑘨 𑘮𑘻𑘝 𑘀𑘭𑘹.,123
data/synthetic/images/line_0123_v021.png,इंग्रज काळातही मोडी लिपीचा वापर होत असे.,𑘂𑘽𑘐𑘿𑘨𑘕 𑘎𑘰𑘯𑘰𑘝𑘮𑘲 𑘦𑘻𑘚𑘲 𑘩𑘱𑘢𑘲𑘓𑘰 𑘪𑘰𑘢𑘨 𑘮𑘻𑘝 𑘀𑘭𑘹.,123
data/synthetic/images/line_0123_v022.png,इंग्रज काळातही मोडी लिपीचा वापर होत असे.,𑘂𑘽𑘐𑘿𑘨𑘕 𑘎𑘰𑘯𑘰𑘝𑘮𑘲 𑘦𑘻𑘚𑘲 𑘩𑘱𑘢𑘲𑘓𑘰 𑘪𑘰𑘢𑘨 𑘮𑘻𑘝 𑘀𑘭𑘹.,123
data/synthetic/images/line_0123_v023.png,इंग्रज काळातही मोडी लिपीचा वापर होत असे.,𑘂𑘽𑘐𑘿𑘨𑘕 𑘎𑘰𑘯𑘰𑘝𑘮𑘲 𑘦𑘻𑘚𑘲 𑘩𑘱𑘢𑘲𑘓𑘰 𑘪𑘰𑘢𑘨 𑘮𑘻𑘝 𑘀𑘭𑘹.,123
data/synthetic/images/line_0123_v024.png,इंग्रज काळातही मोडी लिपीचा वापर होत असे.,𑘂𑘽𑘐𑘿𑘨𑘕 𑘎𑘰𑘯𑘰𑘝𑘮𑘲 𑘦𑘻𑘚𑘲 𑘩𑘱𑘢𑘲𑘓𑘰 𑘪𑘰𑘢𑘨 𑘮𑘻𑘝 𑘀𑘭𑘹.,123
data/synthetic/images/line_0123_v025.png,इंग्रज काळातही मोडी लिपीचा वापर होत असे.,𑘂𑘽𑘐𑘿𑘨𑘕 𑘎𑘰𑘯𑘰𑘝𑘮𑘲 𑘦𑘻𑘚𑘲 𑘩𑘱𑘢𑘲𑘓𑘰 𑘪𑘰𑘢𑘨 𑘮𑘻𑘝 𑘀𑘭𑘹.,123
data/synthetic/images/line_0123_v026.png,इंग्रज काळातही मोडी लिपीचा वापर होत असे.,𑘂𑘽𑘐𑘿𑘨𑘕 𑘎𑘰𑘯𑘰𑘝𑘮𑘲 𑘦𑘻𑘚𑘲 𑘩𑘱𑘢𑘲𑘓𑘰 𑘪𑘰𑘢𑘨 𑘮𑘻𑘝 𑘀𑘭𑘹.,123
data/synthetic/images/line_0123_v027.png,इंग्रज काळातही मोडी लिपीचा वापर होत असे.,𑘂𑘽𑘐𑘿𑘨𑘕 𑘎𑘰𑘯𑘰𑘝𑘮𑘲 𑘦𑘻𑘚𑘲 𑘩𑘱𑘢𑘲𑘓𑘰 𑘪𑘰𑘢𑘨 𑘮𑘻𑘝 𑘀𑘭𑘹.,123
data/synthetic/images/line_0123_v028.png,इंग्रज काळातही मोडी लिपीचा वापर होत असे.,𑘂𑘽𑘐𑘿𑘨𑘕 𑘎𑘰𑘯𑘰𑘝𑘮𑘲 𑘦𑘻𑘚𑘲 𑘩𑘱𑘢𑘲𑘓𑘰 𑘪𑘰𑘢𑘨 𑘮𑘻𑘝 𑘀𑘭𑘹.,123
data/synthetic/images/line_0123_v029.png,इंग्रज काळातही मोडी लिपीचा वापर होत असे.,𑘂𑘽𑘐𑘿𑘨𑘕 𑘎𑘰𑘯𑘰𑘝𑘮𑘲 𑘦𑘻𑘚𑘲 𑘩𑘱𑘢𑘲𑘓𑘰 𑘪𑘰𑘢𑘨 𑘮𑘻𑘝 𑘀𑘭𑘹.,123
data/synthetic/images/line_0123_v030.png,इंग्रज काळातही मोडी लिपीचा वापर होत असे.,𑘂𑘽𑘐𑘿𑘨𑘕 𑘎𑘰𑘯𑘰𑘝𑘮𑘲 𑘦𑘻𑘚𑘲 𑘩𑘱𑘢𑘲𑘓𑘰 𑘪𑘰𑘢𑘨 𑘮𑘻𑘝 𑘀𑘭𑘹.,123
data/synthetic/images/line_0123_v031.png,इंग्रज काळातही मोडी लिपीचा वापर होत असे.,𑘂𑘽𑘐𑘿𑘨𑘕 𑘎𑘰𑘯𑘰𑘝𑘮𑘲 𑘦𑘻𑘚𑘲 𑘩𑘱𑘢𑘲𑘓𑘰 𑘪𑘰𑘢𑘨 𑘮𑘻𑘝 𑘀𑘭𑘹.,123
data/synthetic/images/line_0123_v032.png,इंग्रज काळातही मोडी लिपीचा वापर होत असे.,𑘂𑘽𑘐𑘿𑘨𑘕 𑘎𑘰𑘯𑘰𑘝𑘮𑘲 𑘦𑘻𑘚𑘲 𑘩𑘱𑘢𑘲𑘓𑘰 𑘪𑘰𑘢𑘨 𑘮𑘻𑘝 𑘀𑘭𑘹.,123
data/synthetic/images/line_0123_v033.png,इंग्रज काळातही मोडी लिपीचा वापर होत असे.,𑘂𑘽𑘐𑘿𑘨𑘕 𑘎𑘰𑘯𑘰𑘝𑘮𑘲 𑘦𑘻𑘚𑘲 𑘩𑘱𑘢𑘲𑘓𑘰 𑘪𑘰𑘢𑘨 𑘮𑘻𑘝 𑘀𑘭𑘹.,123
data/synthetic/images/line_0123_v034.png,इंग्रज काळातही मोडी लिपीचा वापर होत असे.,𑘂𑘽𑘐𑘿𑘨𑘕 𑘎𑘰𑘯𑘰𑘝𑘮𑘲 𑘦𑘻𑘚𑘲 𑘩𑘱𑘢𑘲𑘓𑘰 𑘪𑘰𑘢𑘨 𑘮𑘻𑘝 𑘀𑘭𑘹.,123
data/synthetic/images/line_0123_v035.png,इंग्रज काळातही मोडी लिपीचा वापर होत असे.,𑘂𑘽𑘐𑘿𑘨𑘕 𑘎𑘰𑘯𑘰𑘝𑘮𑘲 𑘦𑘻𑘚𑘲 𑘩𑘱𑘢𑘲𑘓𑘰 𑘪𑘰𑘢𑘨 𑘮𑘻𑘝 𑘀𑘭𑘹.,123
data/synthetic/images/line_0123_v036.png,इंग्रज काळातही मोडी लिपीचा वापर होत असे.,𑘂𑘽𑘐𑘿𑘨𑘕 𑘎𑘰𑘯𑘰𑘝𑘮𑘲 𑘦𑘻𑘚𑘲 𑘩𑘱𑘢𑘲𑘓𑘰 𑘪𑘰𑘢𑘨 𑘮𑘻𑘝 𑘀𑘭𑘹.,123
data/synthetic/images/line_0123_v037.png,इंग्रज काळातही मोडी लिपीचा वापर होत असे.,𑘂𑘽𑘐𑘿𑘨𑘕 𑘎𑘰𑘯𑘰𑘝𑘮𑘲 𑘦𑘻𑘚𑘲 𑘩𑘱𑘢𑘲𑘓𑘰 𑘪𑘰𑘢𑘨 𑘮𑘻𑘝 𑘀𑘭𑘹.,123
data/synthetic/images/line_0123_v038.png,इंग्रज काळातही मोडी लिपीचा वापर होत असे.,𑘂𑘽𑘐𑘿𑘨𑘕 𑘎𑘰𑘯𑘰𑘝𑘮𑘲 𑘦𑘻𑘚𑘲 𑘩𑘱𑘢𑘲𑘓𑘰 𑘪𑘰𑘢𑘨 𑘮𑘻𑘝 𑘀𑘭𑘹.,123
data/synthetic/images/line_0123_v039.png,इंग्रज काळातही मोडी लिपीचा वापर होत असे.,𑘂𑘽𑘐𑘿𑘨𑘕 𑘎𑘰𑘯𑘰𑘝𑘮𑘲 𑘦𑘻𑘚𑘲 𑘩𑘱𑘢𑘲𑘓𑘰 𑘪𑘰𑘢𑘨 𑘮𑘻𑘝 𑘀𑘭𑘹.,123
data/synthetic/images/line_0124_v000.png,नंतर देवनागरी लिपी अधिकृत झाली.,𑘡𑘽𑘝𑘨 𑘟𑘹𑘪𑘡𑘰𑘐𑘨𑘲 𑘩𑘱𑘢𑘲 𑘀𑘠𑘱𑘎𑘵𑘝 𑘖𑘰𑘩𑘲.,124
data/synthetic/images/line_0124_v001.png,नंतर देवनागरी लिपी अधिकृत झाली.,𑘡𑘽𑘝𑘨 𑘟𑘹𑘪𑘡𑘰𑘐𑘨𑘲 𑘩𑘱𑘢𑘲 𑘀𑘠𑘱𑘎𑘵𑘝 𑘖𑘰𑘩𑘲.,124
data/synthetic/images/line_0124_v002.png,नंतर देवनागरी लिपी अधिकृत झाली.,𑘡𑘽𑘝𑘨 𑘟𑘹𑘪𑘡𑘰𑘐𑘨𑘲 𑘩𑘱𑘢𑘲 𑘀𑘠𑘱𑘎𑘵𑘝 𑘖𑘰𑘩𑘲.,124
data/synthetic/images/line_0124_v003.png,नंतर देवनागरी लिपी अधिकृत झाली.,𑘡𑘽𑘝𑘨 𑘟𑘹𑘪𑘡𑘰𑘐𑘨𑘲 𑘩𑘱𑘢𑘲 𑘀𑘠𑘱𑘎𑘵𑘝 𑘖𑘰𑘩𑘲.,124
data/synthetic/images/line_0124_v004.png,नंतर देवनागरी लिपी अधिकृत झाली.,𑘡𑘽𑘝𑘨 𑘟𑘹𑘪𑘡𑘰𑘐𑘨𑘲 𑘩𑘱𑘢𑘲 𑘀𑘠𑘱𑘎𑘵𑘝 𑘖𑘰𑘩𑘲.,124
data/synthetic/images/line_0124_v005.png,नंतर देवनागरी लिपी अधिकृत झाली.,𑘡𑘽𑘝𑘨 𑘟𑘹𑘪𑘡𑘰𑘐𑘨𑘲 𑘩𑘱𑘢𑘲 𑘀𑘠𑘱𑘎𑘵𑘝 𑘖𑘰𑘩𑘲.,124
data/synthetic/images/line_0124_v006.png,नंतर देवनागरी लिपी अधिकृत झाली.,𑘡𑘽𑘝𑘨 𑘟𑘹𑘪𑘡𑘰𑘐𑘨𑘲 𑘩𑘱𑘢𑘲 𑘀𑘠𑘱𑘎𑘵𑘝 𑘖𑘰𑘩𑘲.,124
data/synthetic/images/line_0124_v007.png,नंतर देवनागरी लिपी अधिकृत झाली.,𑘡𑘽𑘝𑘨 𑘟𑘹𑘪𑘡𑘰𑘐𑘨𑘲 𑘩𑘱𑘢𑘲 𑘀𑘠𑘱𑘎𑘵𑘝 𑘖𑘰𑘩𑘲.,124
data/synthetic/images/line_0124_v008.png,नंतर देवनागरी लिपी अधिकृत झाली.,𑘡𑘽𑘝𑘨 𑘟𑘹𑘪𑘡𑘰𑘐𑘨𑘲 𑘩𑘱𑘢𑘲 𑘀𑘠𑘱𑘎𑘵𑘝 𑘖𑘰𑘩𑘲.,124
data/synthetic/images/line_0124_v009.png,नंतर देवनागरी लिपी अधिकृत झाली.,𑘡𑘽𑘝𑘨 𑘟𑘹𑘪𑘡𑘰𑘐𑘨𑘲 𑘩𑘱𑘢𑘲 𑘀𑘠𑘱𑘎𑘵𑘝 𑘖𑘰𑘩𑘲.,124
data/synthetic/images/line_0124_v010.png,नंतर देवनागरी लिपी अधिकृत झाली.,𑘡𑘽𑘝𑘨 𑘟𑘹𑘪𑘡𑘰𑘐𑘨𑘲 𑘩𑘱𑘢𑘲 𑘀𑘠𑘱𑘎𑘵𑘝 𑘖𑘰𑘩𑘲.,124
data/synthetic/images/line_0124_v011.png,नंतर देवनागरी लिपी अधिकृत झाली.,𑘡𑘽𑘝𑘨 𑘟𑘹𑘪𑘡𑘰𑘐𑘨𑘲 𑘩𑘱𑘢𑘲 𑘀𑘠𑘱𑘎𑘵𑘝 𑘖𑘰𑘩𑘲.,124
data/synthetic/images/line_0124_v012.png,नंतर देवनागरी लिपी अधिकृत झाली.,𑘡𑘽𑘝𑘨 𑘟𑘹𑘪𑘡𑘰𑘐𑘨𑘲 𑘩𑘱𑘢𑘲 𑘀𑘠𑘱𑘎𑘵𑘝 𑘖𑘰𑘩𑘲.,124
data/synthetic/images/line_0124_v013.png,नंतर देवनागरी लिपी अधिकृत झाली.,𑘡𑘽𑘝𑘨 𑘟𑘹𑘪𑘡𑘰𑘐𑘨𑘲 𑘩𑘱𑘢𑘲 𑘀𑘠𑘱𑘎𑘵𑘝 𑘖𑘰𑘩𑘲.,124
data/synthetic/images/line_0124_v014.png,नंतर देवनागरी लिपी अधिकृत झाली.,𑘡𑘽𑘝𑘨 𑘟𑘹𑘪𑘡𑘰𑘐𑘨𑘲 𑘩𑘱𑘢𑘲 𑘀𑘠𑘱𑘎𑘵𑘝 𑘖𑘰𑘩𑘲.,124
data/synthetic/images/line_0124_v015.png,नंतर देवनागरी लिपी अधिकृत झाली.,𑘡𑘽𑘝𑘨 𑘟𑘹𑘪𑘡𑘰𑘐𑘨𑘲 𑘩𑘱𑘢𑘲 𑘀𑘠𑘱𑘎𑘵𑘝 𑘖𑘰𑘩𑘲.,124
data/synthetic/images/line_0124_v016.png,नंतर देवनागरी लिपी अधिकृत झाली.,𑘡𑘽𑘝𑘨 𑘟𑘹𑘪𑘡𑘰𑘐𑘨𑘲 𑘩𑘱𑘢𑘲 𑘀𑘠𑘱𑘎𑘵𑘝 𑘖𑘰𑘩𑘲.,124
data/synthetic/images/line_0124_v017.png,नंतर देवनागरी लिपी अधिकृत झाली.,𑘡𑘽𑘝𑘨 𑘟𑘹𑘪𑘡𑘰𑘐𑘨𑘲 𑘩𑘱𑘢𑘲 𑘀𑘠𑘱𑘎𑘵𑘝 𑘖𑘰𑘩𑘲.,124
data/synthetic/images/line_0124_v018.png,नंतर देवनागरी लिपी अधिकृत झाली.,𑘡𑘽𑘝𑘨 𑘟𑘹𑘪𑘡𑘰𑘐𑘨𑘲 𑘩𑘱𑘢𑘲 𑘀𑘠𑘱𑘎𑘵𑘝 𑘖𑘰𑘩𑘲.,124
data/synthetic/images/line_0124_v019.png,नंतर देवनागरी लिपी अधिकृत झाली.,𑘡𑘽𑘝𑘨 𑘟𑘹𑘪𑘡𑘰𑘐𑘨𑘲 𑘩𑘱𑘢𑘲 𑘀𑘠𑘱𑘎𑘵𑘝 𑘖𑘰𑘩𑘲.,124
data/synthetic/images/line_0124_v020.png,नंतर देवनागरी लिपी अधिकृत झाली.,𑘡𑘽𑘝𑘨 𑘟𑘹𑘪𑘡𑘰𑘐𑘨𑘲 𑘩𑘱𑘢𑘲 𑘀𑘠𑘱𑘎𑘵𑘝 𑘖𑘰𑘩𑘲.,124
data/synthetic/images/line_0124_v021.png,नंतर देवनागरी लिपी अधिकृत झाली.,𑘡𑘽𑘝𑘨 𑘟𑘹𑘪𑘡𑘰𑘐𑘨𑘲 𑘩𑘱𑘢𑘲 𑘀𑘠𑘱𑘎𑘵𑘝 𑘖𑘰𑘩𑘲.,124
data/synthetic/images/line_0124_v022.png,नंतर देवनागरी लिपी अधिकृत झाली.,𑘡𑘽𑘝𑘨 𑘟𑘹𑘪𑘡𑘰𑘐𑘨𑘲 𑘩𑘱𑘢𑘲 𑘀𑘠𑘱𑘎𑘵𑘝 𑘖𑘰𑘩𑘲.,124
data/synthetic/images/line_0124_v023.png,नंतर देवनागरी लिपी अधिकृत झाली.,𑘡𑘽𑘝𑘨 𑘟𑘹𑘪𑘡𑘰𑘐𑘨𑘲 𑘩𑘱𑘢𑘲 𑘀𑘠𑘱𑘎𑘵𑘝 𑘖𑘰𑘩𑘲.,124
data/synthetic/images/line_0124_v024.png,नंतर देवनागरी लिपी अधिकृत झाली.,𑘡𑘽𑘝𑘨 𑘟𑘹𑘪𑘡𑘰𑘐𑘨𑘲 𑘩𑘱𑘢𑘲 𑘀𑘠𑘱𑘎𑘵𑘝 𑘖𑘰𑘩𑘲.,124
data/synthetic/images/line_0124_v025.png,नंतर देवनागरी लिपी अधिकृत झाली.,𑘡𑘽𑘝𑘨 𑘟𑘹𑘪𑘡𑘰𑘐𑘨𑘲 𑘩𑘱𑘢𑘲 𑘀𑘠𑘱𑘎𑘵𑘝 𑘖𑘰𑘩𑘲.,124
data/synthetic/images/line_0124_v026.png,नंतर देवनागरी लिपी अधिकृत झाली.,𑘡𑘽𑘝𑘨 𑘟𑘹𑘪𑘡𑘰𑘐𑘨𑘲 𑘩𑘱𑘢𑘲 𑘀𑘠𑘱𑘎𑘵𑘝 𑘖𑘰𑘩𑘲.,124
data/synthetic/images/line_0124_v027.png,नंतर देवनागरी लिपी अधिकृत झाली.,𑘡𑘽𑘝𑘨 𑘟𑘹𑘪𑘡𑘰𑘐𑘨𑘲 𑘩𑘱𑘢𑘲 𑘀𑘠𑘱𑘎𑘵𑘝 𑘖𑘰𑘩𑘲.,124
data/synthetic/images/line_0124_v028.png,नंतर देवनागरी लिपी अधिकृत झाली.,𑘡𑘽𑘝𑘨 𑘟𑘹𑘪𑘡𑘰𑘐𑘨𑘲 𑘩𑘱𑘢𑘲 𑘀𑘠𑘱𑘎𑘵𑘝 𑘖𑘰𑘩𑘲.,124
data/synthetic/images/line_0124_v029.png,नंतर देवनागरी लिपी अधिकृत झाली.,𑘡𑘽𑘝𑘨 𑘟𑘹𑘪𑘡𑘰𑘐𑘨𑘲 𑘩𑘱𑘢𑘲 𑘀𑘠𑘱𑘎𑘵𑘝 𑘖𑘰𑘩𑘲.,124
data/synthetic/images/line_0124_v030.png,नंतर देवनागरी लिपी अधिकृत झाली.,𑘡𑘽𑘝𑘨 𑘟𑘹𑘪𑘡𑘰𑘐𑘨𑘲 𑘩𑘱𑘢𑘲 𑘀𑘠𑘱𑘎𑘵𑘝 𑘖𑘰𑘩𑘲.,124
data/synthetic/images/line_0124_v031.png,नंतर देवनागरी लिपी अधिकृत झाली.,𑘡𑘽𑘝𑘨 𑘟𑘹𑘪𑘡𑘰𑘐𑘨𑘲 𑘩𑘱𑘢𑘲 𑘀𑘠𑘱𑘎𑘵𑘝 𑘖𑘰𑘩𑘲.,124
data/synthetic/images/line_0124_v032.png,नंतर देवनागरी लिपी अधिकृत झाली.,𑘡𑘽𑘝𑘨 𑘟𑘹𑘪𑘡𑘰𑘐𑘨𑘲 𑘩𑘱𑘢𑘲 𑘀𑘠𑘱𑘎𑘵𑘝 𑘖𑘰𑘩𑘲.,124
data/synthetic/images/line_0124_v033.png,नंतर देवनागरी लिपी अधिकृत झाली.,𑘡𑘽𑘝𑘨 𑘟𑘹𑘪𑘡𑘰𑘐𑘨𑘲 𑘩𑘱𑘢𑘲 𑘀𑘠𑘱𑘎𑘵𑘝 𑘖𑘰𑘩𑘲.,124
data/synthetic/images/line_0124_v034.png,नंतर देवनागरी लिपी अधिकृत झाली.,𑘡𑘽𑘝𑘨 𑘟𑘹𑘪𑘡𑘰𑘐𑘨𑘲 𑘩𑘱𑘢𑘲 𑘀𑘠𑘱𑘎𑘵𑘝 𑘖𑘰𑘩𑘲.,124
data/synthetic/images/line_0124_v035.png,नंतर देवनागरी लिपी अधिकृत झाली.,𑘡𑘽𑘝𑘨 𑘟𑘹𑘪𑘡𑘰𑘐𑘨𑘲 𑘩𑘱𑘢𑘲 𑘀𑘠𑘱𑘎𑘵𑘝 𑘖𑘰𑘩𑘲.,124
data/synthetic/images/line_0124_v036.png,नंतर देवनागरी लिपी अधिकृत झाली.,𑘡𑘽𑘝𑘨 𑘟𑘹𑘪𑘡𑘰𑘐𑘨𑘲 𑘩𑘱𑘢𑘲 𑘀𑘠𑘱𑘎𑘵𑘝 𑘖𑘰𑘩𑘲.,124
data/synthetic/images/line_0124_v037.png,नंतर देवनागरी लिपी अधिकृत झाली.,𑘡𑘽𑘝𑘨 𑘟𑘹𑘪𑘡𑘰𑘐𑘨𑘲 𑘩𑘱𑘢𑘲 𑘀𑘠𑘱𑘎𑘵𑘝 𑘖𑘰𑘩𑘲.,124
data/synthetic/images/line_0124_v038.png,नंतर देवनागरी लिपी अधिकृत झाली.,𑘡𑘽𑘝𑘨 𑘟𑘹𑘪𑘡𑘰𑘐𑘨𑘲 𑘩𑘱𑘢𑘲 𑘀𑘠𑘱𑘎𑘵𑘝 𑘖𑘰𑘩𑘲.,124
data/synthetic/images/line_0124_v039.png,नंतर देवनागरी लिपी अधिकृत झाली.,𑘡𑘽𑘝𑘨 𑘟𑘹𑘪𑘡𑘰𑘐𑘨𑘲 𑘩𑘱𑘢𑘲 𑘀𑘠𑘱𑘎𑘵𑘝 𑘖𑘰𑘩𑘲.,124
data/synthetic/images/line_0125_v000.png,आजही काही जुन्या नोंदी मोडी लिपीत आहेत.,𑘁𑘕𑘮𑘲 𑘎𑘰𑘮𑘲 𑘕𑘳𑘡𑘿𑘧𑘰 𑘡𑘻𑘽𑘟𑘲 𑘦𑘻𑘚𑘲 𑘩𑘱𑘢𑘲𑘝 𑘁𑘮𑘹𑘝.,125
data/synthetic/images/line_0125_v001.png,आजही काही जुन्या नोंदी मोडी लिपीत आहेत.,𑘁𑘕𑘮𑘲 𑘎𑘰𑘮𑘲 𑘕𑘳𑘡𑘿𑘧𑘰 𑘡𑘻𑘽𑘟𑘲 𑘦𑘻𑘚𑘲 𑘩𑘱𑘢𑘲𑘝 𑘁𑘮𑘹𑘝.,125
data/synthetic/images/line_0125_v002.png,आजही काही जुन्या नोंदी मोडी लिपीत आहेत.,𑘁𑘕𑘮𑘲 𑘎𑘰𑘮𑘲 𑘕𑘳𑘡𑘿𑘧𑘰 𑘡𑘻𑘽𑘟𑘲 𑘦𑘻𑘚𑘲 𑘩𑘱𑘢𑘲𑘝 𑘁𑘮𑘹𑘝.,125
data/synthetic/images/line_0125_v003.png,आजही काही जुन्या नोंदी मोडी लिपीत आहेत.,𑘁𑘕𑘮𑘲 𑘎𑘰𑘮𑘲 𑘕𑘳𑘡𑘿𑘧𑘰 𑘡𑘻𑘽𑘟𑘲 𑘦𑘻𑘚𑘲 𑘩𑘱𑘢𑘲𑘝 𑘁𑘮𑘹𑘝.,125
data/synthetic/images/line_0125_v004.png,आजही काही जुन्या नोंदी मोडी लिपीत आहेत.,𑘁𑘕𑘮𑘲 𑘎𑘰𑘮𑘲 𑘕𑘳𑘡𑘿𑘧𑘰 𑘡𑘻𑘽𑘟𑘲 𑘦𑘻𑘚𑘲 𑘩𑘱𑘢𑘲𑘝 𑘁𑘮𑘹𑘝.,125
data/synthetic/images/line_0125_v005.png,आजही काही जुन्या नोंदी मोडी लिपीत आहेत.,𑘁𑘕𑘮𑘲 𑘎𑘰𑘮𑘲 𑘕𑘳𑘡𑘿𑘧𑘰 𑘡𑘻𑘽𑘟𑘲 𑘦𑘻𑘚𑘲 𑘩𑘱𑘢𑘲𑘝 𑘁𑘮𑘹𑘝.,125
data/synthetic/images/line_0125_v006.png,आजही काही जुन्या नोंदी मोडी लिपीत आहेत.,𑘁𑘕𑘮𑘲 𑘎𑘰𑘮𑘲 𑘕𑘳𑘡𑘿𑘧𑘰 𑘡𑘻𑘽𑘟𑘲 𑘦𑘻𑘚𑘲 𑘩𑘱𑘢𑘲𑘝 𑘁𑘮𑘹𑘝.,125
data/synthetic/images/line_0125_v007.png,आजही काही जुन्या नोंदी मोडी लिपीत आहेत.,𑘁𑘕𑘮𑘲 𑘎𑘰𑘮𑘲 𑘕𑘳𑘡𑘿𑘧𑘰 𑘡𑘻𑘽𑘟𑘲 𑘦𑘻𑘚𑘲 𑘩𑘱𑘢𑘲𑘝 𑘁𑘮𑘹𑘝.,125
data/synthetic/images/line_0125_v008.png,आजही काही जुन्या नोंदी मोडी लिपीत आहेत.,𑘁𑘕𑘮𑘲 𑘎𑘰𑘮𑘲 𑘕𑘳𑘡𑘿𑘧𑘰 𑘡𑘻𑘽𑘟𑘲 𑘦𑘻𑘚𑘲 𑘩𑘱𑘢𑘲𑘝 𑘁𑘮𑘹𑘝.,125
data/synthetic/images/line_0125_v009.png,आजही काही जुन्या नोंदी मोडी लिपीत आहेत.,𑘁𑘕𑘮𑘲 𑘎𑘰𑘮𑘲 𑘕𑘳𑘡𑘿𑘧𑘰 𑘡𑘻𑘽𑘟𑘲 𑘦𑘻𑘚𑘲 𑘩𑘱𑘢𑘲𑘝 𑘁𑘮𑘹𑘝.,125
data/synthetic/images/line_0125_v010.png,आजही काही जुन्या नोंदी मोडी लिपीत आहेत.,𑘁𑘕𑘮𑘲 𑘎𑘰𑘮𑘲 𑘕𑘳𑘡𑘿𑘧𑘰 𑘡𑘻𑘽𑘟𑘲 𑘦𑘻𑘚𑘲 𑘩𑘱𑘢𑘲𑘝 𑘁𑘮𑘹𑘝.,125
data/synthetic/images/line_0125_v011.png,आजही काही जुन्या नोंदी मोडी लिपीत आहेत.,𑘁𑘕𑘮𑘲 𑘎𑘰𑘮𑘲 𑘕𑘳𑘡𑘿𑘧𑘰 𑘡𑘻𑘽𑘟𑘲 𑘦𑘻𑘚𑘲 𑘩𑘱𑘢𑘲𑘝 𑘁𑘮𑘹𑘝.,125
data/synthetic/images/line_0125_v012.png,आजही काही जुन्या नोंदी मोडी लिपीत आहेत.,𑘁𑘕𑘮𑘲 𑘎𑘰𑘮𑘲 𑘕𑘳𑘡𑘿𑘧𑘰 𑘡𑘻𑘽𑘟𑘲 𑘦𑘻𑘚𑘲 𑘩𑘱𑘢𑘲𑘝 𑘁𑘮𑘹𑘝.,125
data/synthetic/images/line_0125_v013.png,आजही काही जुन्या नोंदी मोडी लिपीत आहेत.,𑘁𑘕𑘮𑘲 𑘎𑘰𑘮𑘲 𑘕𑘳𑘡𑘿𑘧𑘰 𑘡𑘻𑘽𑘟𑘲 𑘦𑘻𑘚𑘲 𑘩𑘱𑘢𑘲𑘝 𑘁𑘮𑘹𑘝.,125
data/synthetic/images/line_0125_v014.png,आजही काही जुन्या नोंदी मोडी लिपीत आहेत.,𑘁𑘕𑘮𑘲 𑘎𑘰𑘮𑘲 𑘕𑘳𑘡𑘿𑘧𑘰 𑘡𑘻𑘽𑘟𑘲 𑘦𑘻𑘚𑘲 𑘩𑘱𑘢𑘲𑘝 𑘁𑘮𑘹𑘝.,125
data/synthetic/images/line_0125_v015.png,आजही काही जुन्या नोंदी मोडी लिपीत आहेत.,𑘁𑘕𑘮𑘲 𑘎𑘰𑘮𑘲 𑘕𑘳𑘡𑘿𑘧𑘰 𑘡𑘻𑘽𑘟𑘲 𑘦𑘻𑘚𑘲 𑘩𑘱𑘢𑘲𑘝 𑘁𑘮𑘹𑘝.,125
data/synthetic/images/line_0125_v016.png,आजही काही जुन्या नोंदी मोडी लिपीत आहेत.,𑘁𑘕𑘮𑘲 𑘎𑘰𑘮𑘲 𑘕𑘳𑘡𑘿𑘧𑘰 𑘡𑘻𑘽𑘟𑘲 𑘦𑘻𑘚𑘲 𑘩𑘱𑘢𑘲𑘝 𑘁𑘮𑘹𑘝.,125
data/synthetic/images/line_0125_v017.png,आजही काही जुन्या नोंदी मोडी लिपीत आहेत.,𑘁𑘕𑘮𑘲 𑘎𑘰𑘮𑘲 𑘕𑘳𑘡𑘿𑘧𑘰 𑘡𑘻𑘽𑘟𑘲 𑘦𑘻𑘚𑘲 𑘩𑘱𑘢𑘲𑘝 𑘁𑘮𑘹𑘝.,125
data/synthetic/images/line_0125_v018.png,आजही काही जुन्या नोंदी मोडी लिपीत आहेत.,𑘁𑘕𑘮𑘲 𑘎𑘰𑘮𑘲 𑘕𑘳𑘡𑘿𑘧𑘰 𑘡𑘻𑘽𑘟𑘲 𑘦𑘻𑘚𑘲 𑘩𑘱𑘢𑘲𑘝 𑘁𑘮𑘹𑘝.,125
data/synthetic/images/line_0125_v019.png,आजही काही जुन्या नोंदी मोडी लिपीत आहेत.,𑘁𑘕𑘮𑘲 𑘎𑘰𑘮𑘲 𑘕𑘳𑘡𑘿𑘧𑘰 𑘡𑘻𑘽𑘟𑘲 𑘦𑘻𑘚𑘲 𑘩𑘱𑘢𑘲𑘝 𑘁𑘮𑘹𑘝.,125
data/synthetic/images/line_0125_v020.png,आजही काही जुन्या नोंदी मोडी लिपीत आहेत.,𑘁𑘕𑘮𑘲 𑘎𑘰𑘮𑘲 𑘕𑘳𑘡𑘿𑘧𑘰 𑘡𑘻𑘽𑘟𑘲 𑘦𑘻𑘚𑘲 𑘩𑘱𑘢𑘲𑘝 𑘁𑘮𑘹𑘝.,125
data/synthetic/images/line_0125_v021.png,आजही काही जुन्या नोंदी मोडी लिपीत आहेत.,𑘁𑘕𑘮𑘲 𑘎𑘰𑘮𑘲 𑘕𑘳𑘡𑘿𑘧𑘰 𑘡𑘻𑘽𑘟𑘲 𑘦𑘻𑘚𑘲 𑘩𑘱𑘢𑘲𑘝 𑘁𑘮𑘹𑘝.,125
data/synthetic/images/line_0125_v022.png,आजही काही जुन्या नोंदी मोडी लिपीत आहेत.,𑘁𑘕𑘮𑘲 𑘎𑘰𑘮𑘲 𑘕𑘳𑘡𑘿𑘧𑘰 𑘡𑘻𑘽𑘟𑘲 𑘦𑘻𑘚𑘲 𑘩𑘱𑘢𑘲𑘝 𑘁𑘮𑘹𑘝.,125
data/synthetic/images/line_0125_v023.png,आजही काही जुन्या नोंदी मोडी लिपीत आहेत.,𑘁𑘕𑘮𑘲 𑘎𑘰𑘮𑘲 𑘕𑘳𑘡𑘿𑘧𑘰 𑘡𑘻𑘽𑘟𑘲 𑘦𑘻𑘚𑘲 𑘩𑘱𑘢𑘲𑘝 𑘁𑘮𑘹𑘝.,125
data/synthetic/images/line_0125_v024.png,आजही काही जुन्या नोंदी मोडी लिपीत आहेत.,𑘁𑘕𑘮𑘲 𑘎𑘰𑘮𑘲 𑘕𑘳𑘡𑘿𑘧𑘰 𑘡𑘻𑘽𑘟𑘲 𑘦𑘻𑘚𑘲 𑘩𑘱𑘢𑘲𑘝 𑘁𑘮𑘹𑘝.,125
data/synthetic/images/line_0125_v025.png,आजही काही जुन्या नोंदी मोडी लिपीत आहेत.,𑘁𑘕𑘮𑘲 𑘎𑘰𑘮𑘲 𑘕𑘳𑘡𑘿𑘧𑘰 𑘡𑘻𑘽𑘟𑘲 𑘦𑘻𑘚𑘲 𑘩𑘱𑘢𑘲𑘝 𑘁𑘮𑘹𑘝.,125
data/synthetic/images/line_0125_v026.png,आजही काही जुन्या नोंदी मोडी लिपीत आहेत.,𑘁𑘕𑘮𑘲 𑘎𑘰𑘮𑘲 𑘕𑘳𑘡𑘿𑘧𑘰 𑘡𑘻𑘽𑘟𑘲 𑘦𑘻𑘚𑘲 𑘩𑘱𑘢𑘲𑘝 𑘁𑘮𑘹𑘝.,125
data/synthetic/images/line_0125_v027.png,आजही काही जुन्या नोंदी मोडी लिपीत आहेत.,𑘁𑘕𑘮𑘲 𑘎𑘰𑘮𑘲 𑘕𑘳𑘡𑘿𑘧𑘰 𑘡𑘻𑘽𑘟𑘲 𑘦𑘻𑘚𑘲 𑘩𑘱𑘢𑘲𑘝 𑘁𑘮𑘹𑘝.,125
data/synthetic/images/line_0125_v028.png,आजही काही जुन्या नोंदी मोडी लिपीत आहेत.,𑘁𑘕𑘮𑘲 𑘎𑘰𑘮𑘲 𑘕𑘳𑘡𑘿𑘧𑘰 𑘡𑘻𑘽𑘟𑘲 𑘦𑘻𑘚𑘲 𑘩𑘱𑘢𑘲𑘝 𑘁𑘮𑘹𑘝.,125
data/synthetic/images/line_0125_v029.png,आजही काही जुन्या नोंदी मोडी लिपीत आहेत.,𑘁𑘕𑘮𑘲 𑘎𑘰𑘮𑘲 𑘕𑘳𑘡𑘿𑘧𑘰 𑘡𑘻𑘽𑘟𑘲 𑘦𑘻𑘚𑘲 𑘩𑘱𑘢𑘲𑘝 𑘁𑘮𑘹𑘝.,125
data/synthetic/images/line_0125_v030.png,आजही काही जुन्या नोंदी मोडी लिपीत आहेत.,𑘁𑘕𑘮𑘲 𑘎𑘰𑘮𑘲 𑘕𑘳𑘡𑘿𑘧𑘰 𑘡𑘻𑘽𑘟𑘲 𑘦𑘻𑘚𑘲 𑘩𑘱𑘢𑘲𑘝 𑘁𑘮𑘹𑘝.,125
data/synthetic/images/line_0125_v031.png,आजही काही जुन्या नोंदी मोडी लिपीत आहेत.,𑘁𑘕𑘮𑘲 𑘎𑘰𑘮𑘲 𑘕𑘳𑘡𑘿𑘧𑘰 𑘡𑘻𑘽𑘟𑘲 𑘦𑘻𑘚𑘲 𑘩𑘱𑘢𑘲𑘝 𑘁𑘮𑘹𑘝.,125
data/synthetic/images/line_0125_v032.png,आजही काही जुन्या नोंदी मोडी लिपीत आहेत.,𑘁𑘕𑘮𑘲 𑘎𑘰𑘮𑘲 𑘕𑘳𑘡𑘿𑘧𑘰 𑘡𑘻𑘽𑘟𑘲 𑘦𑘻𑘚𑘲 𑘩𑘱𑘢𑘲𑘝 𑘁𑘮𑘹𑘝.,125
data/synthetic/images/line_0125_v033.png,आजही काही जुन्या नोंदी मोडी लिपीत आहेत.,𑘁𑘕𑘮𑘲 𑘎𑘰𑘮𑘲 𑘕𑘳𑘡𑘿𑘧𑘰 𑘡𑘻𑘽𑘟𑘲 𑘦𑘻𑘚𑘲 𑘩𑘱𑘢𑘲𑘝 𑘁𑘮𑘹𑘝.,125
data/synthetic/images/line_0125_v034.png,आजही काही जुन्या नोंदी मोडी लिपीत आहेत.,𑘁𑘕𑘮𑘲 𑘎𑘰𑘮𑘲 𑘕𑘳𑘡𑘿𑘧𑘰 𑘡𑘻𑘽𑘟𑘲 𑘦𑘻𑘚𑘲 𑘩𑘱𑘢𑘲𑘝 𑘁𑘮𑘹𑘝.,125
data/synthetic/images/line_0125_v035.png,आजही काही जुन्या नोंदी मोडी लिपीत आहेत.,𑘁𑘕𑘮𑘲 𑘎𑘰𑘮𑘲 𑘕𑘳𑘡𑘿𑘧𑘰 𑘡𑘻𑘽𑘟𑘲 𑘦𑘻𑘚𑘲 𑘩𑘱𑘢𑘲𑘝 𑘁𑘮𑘹𑘝.,125
data/synthetic/images/line_0125_v036.png,आजही काही जुन्या नोंदी मोडी लिपीत आहेत.,𑘁𑘕𑘮𑘲 𑘎𑘰𑘮𑘲 𑘕𑘳𑘡𑘿𑘧𑘰 𑘡𑘻𑘽𑘟𑘲 𑘦𑘻𑘚𑘲 𑘩𑘱𑘢𑘲𑘝 𑘁𑘮𑘹𑘝.,125
data/synthetic/images/line_0125_v037.png,आजही काही जुन्या नोंदी मोडी लिपीत आहेत.,𑘁𑘕𑘮𑘲 𑘎𑘰𑘮𑘲 𑘕𑘳𑘡𑘿𑘧𑘰 𑘡𑘻𑘽𑘟𑘲 𑘦𑘻𑘚𑘲 𑘩𑘱𑘢𑘲𑘝 𑘁𑘮𑘹𑘝.,125
data/synthetic/images/line_0125_v038.png,आजही काही जुन्या नोंदी मोडी लिपीत आहेत.,𑘁𑘕𑘮𑘲 𑘎𑘰𑘮𑘲 𑘕𑘳𑘡𑘿𑘧𑘰 𑘡𑘻𑘽𑘟𑘲 𑘦𑘻𑘚𑘲 𑘩𑘱𑘢𑘲𑘝 𑘁𑘮𑘹𑘝.,125
data/synthetic/images/line_0125_v039.png,आजही काही जुन्या नोंदी मोडी लिपीत आहेत.,𑘁𑘕𑘮𑘲 𑘎𑘰𑘮𑘲 𑘕𑘳𑘡𑘿𑘧𑘰 𑘡𑘻𑘽𑘟𑘲 𑘦𑘻𑘚𑘲 𑘩𑘱𑘢𑘲𑘝 𑘁𑘮𑘹𑘝.,125
data/synthetic/images/line_0126_v000.png,या नोंदींमध्ये महसूल आणि जमिनीची माहिती आहे.,𑘧𑘰 𑘡𑘻𑘽𑘟𑘲𑘽𑘦𑘠𑘿𑘧𑘹 𑘦𑘮𑘭𑘴𑘩 𑘁𑘜𑘱 𑘕𑘦𑘱𑘡𑘲𑘓𑘲 𑘦𑘰𑘮𑘱𑘝𑘲 𑘁𑘮𑘹.,126
data/synthetic/images/line_0126_v001.png,या नोंदींमध्ये महसूल आणि जमिनीची माहिती आहे.,𑘧𑘰 𑘡𑘻𑘽𑘟𑘲𑘽𑘦𑘠𑘿𑘧𑘹 𑘦𑘮𑘭𑘴𑘩 𑘁𑘜𑘱 𑘕𑘦𑘱𑘡𑘲𑘓𑘲 𑘦𑘰𑘮𑘱𑘝𑘲 𑘁𑘮𑘹.,126
data/synthetic/images/line_0126_v002.png,या नोंदींमध्ये महसूल आणि जमिनीची माहिती आहे.,𑘧𑘰 𑘡𑘻𑘽𑘟𑘲𑘽𑘦𑘠𑘿𑘧𑘹 𑘦𑘮𑘭𑘴𑘩 𑘁𑘜𑘱 𑘕𑘦𑘱𑘡𑘲𑘓𑘲 𑘦𑘰𑘮𑘱𑘝𑘲 𑘁𑘮𑘹.,126
data/synthetic/images/line_0126_v003.png,या नोंदींमध्ये महसूल आणि जमिनीची माहिती आहे.,𑘧𑘰 𑘡𑘻𑘽𑘟𑘲𑘽𑘦𑘠𑘿𑘧𑘹 𑘦𑘮𑘭𑘴𑘩 𑘁𑘜𑘱 𑘕𑘦𑘱𑘡𑘲𑘓𑘲 𑘦𑘰𑘮𑘱𑘝𑘲 𑘁𑘮𑘹.,126
data/synthetic/images/line_0126_v004.png,या नोंदींमध्ये महसूल आणि जमिनीची माहिती आहे.,𑘧𑘰 𑘡𑘻𑘽𑘟𑘲𑘽𑘦𑘠𑘿𑘧𑘹 𑘦𑘮𑘭𑘴𑘩 𑘁𑘜𑘱 𑘕𑘦𑘱𑘡𑘲𑘓𑘲 𑘦𑘰𑘮𑘱𑘝𑘲 𑘁𑘮𑘹.,126
data/synthetic/images/line_0126_v005.png,या नोंदींमध्ये महसूल आणि जमिनीची माहिती आहे.,𑘧𑘰 𑘡𑘻𑘽𑘟𑘲𑘽𑘦𑘠𑘿𑘧𑘹 𑘦𑘮𑘭𑘴𑘩 𑘁𑘜𑘱 𑘕𑘦𑘱𑘡𑘲𑘓𑘲 𑘦𑘰𑘮𑘱𑘝𑘲 𑘁𑘮𑘹.,126
data/synthetic/images/line_0126_v006.png,या नोंदींमध्ये महसूल आणि जमिनीची माहिती आहे.,𑘧𑘰 𑘡𑘻𑘽𑘟𑘲𑘽𑘦𑘠𑘿𑘧𑘹 𑘦𑘮𑘭𑘴𑘩 𑘁𑘜𑘱 𑘕𑘦𑘱𑘡𑘲𑘓𑘲 𑘦𑘰𑘮𑘱𑘝𑘲 𑘁𑘮𑘹.,126
data/synthetic/images/line_0126_v007.png,या नोंदींमध्ये महसूल आणि जमिनीची माहिती आहे.,𑘧𑘰 𑘡𑘻𑘽𑘟𑘲𑘽𑘦𑘠𑘿𑘧𑘹 𑘦𑘮𑘭𑘴𑘩 𑘁𑘜𑘱 𑘕𑘦𑘱𑘡𑘲𑘓𑘲 𑘦𑘰𑘮𑘱𑘝𑘲 𑘁𑘮𑘹.,126
data/synthetic/images/line_0126_v008.png,या नोंदींमध्ये महसूल आणि जमिनीची माहिती आहे.,𑘧𑘰 𑘡𑘻𑘽𑘟𑘲𑘽𑘦𑘠𑘿𑘧𑘹 𑘦𑘮𑘭𑘴𑘩 𑘁𑘜𑘱 𑘕𑘦𑘱𑘡𑘲𑘓𑘲 𑘦𑘰𑘮𑘱𑘝𑘲 𑘁𑘮𑘹.,126
data/synthetic/images/line_0126_v009.png,या नोंदींमध्ये महसूल आणि जमिनीची माहिती आहे.,𑘧𑘰 𑘡𑘻𑘽𑘟𑘲𑘽𑘦𑘠𑘿𑘧𑘹 𑘦𑘮𑘭𑘴𑘩 𑘁𑘜𑘱 𑘕𑘦𑘱𑘡𑘲𑘓𑘲 𑘦𑘰𑘮𑘱𑘝𑘲 𑘁𑘮𑘹.,126
data/synthetic/images/line_0126_v010.png,या नोंदींमध्ये महसूल आणि जमिनीची माहिती आहे.,𑘧𑘰 𑘡𑘻𑘽𑘟𑘲𑘽𑘦𑘠𑘿𑘧𑘹 𑘦𑘮𑘭𑘴𑘩 𑘁𑘜𑘱 𑘕𑘦𑘱𑘡𑘲𑘓𑘲 𑘦𑘰𑘮𑘱𑘝𑘲 𑘁𑘮𑘹.,126
data/synthetic/images/line_0126_v011.png,या नोंदींमध्ये महसूल आणि जमिनीची माहिती आहे.,𑘧𑘰 𑘡𑘻𑘽𑘟𑘲𑘽𑘦𑘠𑘿𑘧𑘹 𑘦𑘮𑘭𑘴𑘩 𑘁𑘜𑘱 𑘕𑘦𑘱𑘡𑘲𑘓𑘲 𑘦𑘰𑘮𑘱𑘝𑘲 𑘁𑘮𑘹.,126
data/synthetic/images/line_0126_v012.png,या नोंदींमध्ये महसूल आणि जमिनीची माहिती आहे.,𑘧𑘰 𑘡𑘻𑘽𑘟𑘲𑘽𑘦𑘠𑘿𑘧𑘹 𑘦𑘮𑘭𑘴𑘩 𑘁𑘜𑘱 𑘕𑘦𑘱𑘡𑘲𑘓𑘲 𑘦𑘰𑘮𑘱𑘝𑘲 𑘁𑘮𑘹.,126
data/synthetic/images/line_0126_v013.png,या नोंदींमध्ये महसूल आणि जमिनीची माहिती आहे.,𑘧𑘰 𑘡𑘻𑘽𑘟𑘲𑘽𑘦𑘠𑘿𑘧𑘹 𑘦𑘮𑘭𑘴𑘩 𑘁𑘜𑘱 𑘕𑘦𑘱𑘡𑘲𑘓𑘲 𑘦𑘰𑘮𑘱𑘝𑘲 𑘁𑘮𑘹.,126
data/synthetic/images/line_0126_v014.png,या नोंदींमध्ये महसूल आणि जमिनीची माहिती आहे.,𑘧𑘰 𑘡𑘻𑘽𑘟𑘲𑘽𑘦𑘠𑘿𑘧𑘹 𑘦𑘮𑘭𑘴𑘩 𑘁𑘜𑘱 𑘕𑘦𑘱𑘡𑘲𑘓𑘲 𑘦𑘰𑘮𑘱𑘝𑘲 𑘁𑘮𑘹.,126
data/synthetic/images/line_0126_v015.png,या नोंदींमध्ये महसूल आणि जमिनीची माहिती आहे.,𑘧𑘰 𑘡𑘻𑘽𑘟𑘲𑘽𑘦𑘠𑘿𑘧𑘹 𑘦𑘮𑘭𑘴𑘩 𑘁𑘜𑘱 𑘕𑘦𑘱𑘡𑘲𑘓𑘲 𑘦𑘰𑘮𑘱𑘝𑘲 𑘁𑘮𑘹.,126
data/synthetic/images/line_0126_v016.png,या नोंदींमध्ये महसूल आणि जमिनीची माहिती आहे.,𑘧𑘰 𑘡𑘻𑘽𑘟𑘲𑘽𑘦𑘠𑘿𑘧𑘹 𑘦𑘮𑘭𑘴𑘩 𑘁𑘜𑘱 𑘕𑘦𑘱𑘡𑘲𑘓𑘲 𑘦𑘰𑘮𑘱𑘝𑘲 𑘁𑘮𑘹.,126
data/synthetic/images/line_0126_v017.png,या नोंदींमध्ये महसूल आणि जमिनीची माहिती आहे.,𑘧𑘰 𑘡𑘻𑘽𑘟𑘲𑘽𑘦𑘠𑘿𑘧𑘹 𑘦𑘮𑘭𑘴𑘩 𑘁𑘜𑘱 𑘕𑘦𑘱𑘡𑘲𑘓𑘲 𑘦𑘰𑘮𑘱𑘝𑘲 𑘁𑘮𑘹.,126
data/synthetic/images/line_0126_v018.png,या नोंदींमध्ये महसूल आणि जमिनीची माहिती आहे.,𑘧𑘰 𑘡𑘻𑘽𑘟𑘲𑘽𑘦𑘠𑘿𑘧𑘹 𑘦𑘮𑘭𑘴𑘩 𑘁𑘜𑘱 𑘕𑘦𑘱𑘡𑘲𑘓𑘲 𑘦𑘰𑘮𑘱𑘝𑘲 𑘁𑘮𑘹.,126
data/synthetic/images/line_0126_v019.png,या नोंदींमध्ये महसूल आणि जमिनीची माहिती आहे.,𑘧𑘰 𑘡𑘻𑘽𑘟𑘲𑘽𑘦𑘠𑘿𑘧𑘹 𑘦𑘮𑘭𑘴𑘩 𑘁𑘜𑘱 𑘕𑘦𑘱𑘡𑘲𑘓𑘲 𑘦𑘰𑘮𑘱𑘝𑘲 𑘁𑘮𑘹.,126
data/synthetic/images/line_0126_v020.png,या नोंदींमध्ये महसूल आणि जमिनीची माहिती आहे.,𑘧𑘰 𑘡𑘻𑘽𑘟𑘲𑘽𑘦𑘠𑘿𑘧𑘹 𑘦𑘮𑘭𑘴𑘩 𑘁𑘜𑘱 𑘕𑘦𑘱𑘡𑘲𑘓𑘲 𑘦𑘰𑘮𑘱𑘝𑘲 𑘁𑘮𑘹.,126
data/synthetic/images/line_0126_v021.png,या नोंदींमध्ये महसूल आणि जमिनीची माहिती आहे.,𑘧𑘰 𑘡𑘻𑘽𑘟𑘲𑘽𑘦𑘠𑘿𑘧𑘹 𑘦𑘮𑘭𑘴𑘩 𑘁𑘜𑘱 𑘕𑘦𑘱𑘡𑘲𑘓𑘲 𑘦𑘰𑘮𑘱𑘝𑘲 𑘁𑘮𑘹.,126
data/synthetic/images/line_0126_v022.png,या नोंदींमध्ये महसूल आणि जमिनीची माहिती आहे.,𑘧𑘰 𑘡𑘻𑘽𑘟𑘲𑘽𑘦𑘠𑘿𑘧𑘹 𑘦𑘮𑘭𑘴𑘩 𑘁𑘜𑘱 𑘕𑘦𑘱𑘡𑘲𑘓𑘲 𑘦𑘰𑘮𑘱𑘝𑘲 𑘁𑘮𑘹.,126
data/synthetic/images/line_0126_v023.png,या नोंदींमध्ये महसूल आणि जमिनीची माहिती आहे.,𑘧𑘰 𑘡𑘻𑘽𑘟𑘲𑘽𑘦𑘠𑘿𑘧𑘹 𑘦𑘮𑘭𑘴𑘩 𑘁𑘜𑘱 𑘕𑘦𑘱𑘡𑘲𑘓𑘲 𑘦𑘰𑘮𑘱𑘝𑘲 𑘁𑘮𑘹.,126
data/synthetic/images/line_0126_v024.png,या नोंदींमध्ये महसूल आणि जमिनीची माहिती आहे.,𑘧𑘰 𑘡𑘻𑘽𑘟𑘲𑘽𑘦𑘠𑘿𑘧𑘹 𑘦𑘮𑘭𑘴𑘩 𑘁𑘜𑘱 𑘕𑘦𑘱𑘡𑘲𑘓𑘲 𑘦𑘰𑘮𑘱𑘝𑘲 𑘁𑘮𑘹.,126
data/synthetic/images/line_0126_v025.png,या नोंदींमध्ये महसूल आणि जमिनीची माहिती आहे.,𑘧𑘰 𑘡𑘻𑘽𑘟𑘲𑘽𑘦𑘠𑘿𑘧𑘹 𑘦𑘮𑘭𑘴𑘩 𑘁𑘜𑘱 𑘕𑘦𑘱𑘡𑘲𑘓𑘲 𑘦𑘰𑘮𑘱𑘝𑘲 𑘁𑘮𑘹.,126
data/synthetic/images/line_0126_v026.png,या नोंदींमध्ये महसूल आणि जमिनीची माहिती आहे.,𑘧𑘰 𑘡𑘻𑘽𑘟𑘲𑘽𑘦𑘠𑘿𑘧𑘹 𑘦𑘮𑘭𑘴𑘩 𑘁𑘜𑘱 𑘕𑘦𑘱𑘡𑘲𑘓𑘲 𑘦𑘰𑘮𑘱𑘝𑘲 𑘁𑘮𑘹.,126
data/synthetic/images/line_0126_v027.png,या नोंदींमध्ये महसूल आणि जमिनीची माहिती आहे.,𑘧𑘰 𑘡𑘻𑘽𑘟𑘲𑘽𑘦𑘠𑘿𑘧𑘹 𑘦𑘮𑘭𑘴𑘩 𑘁𑘜𑘱 𑘕𑘦𑘱𑘡𑘲𑘓𑘲 𑘦𑘰𑘮𑘱𑘝𑘲 𑘁𑘮𑘹.,126
data/synthetic/images/line_0126_v028.png,या नोंदींमध्ये महसूल आणि जमिनीची माहिती आहे.,𑘧𑘰 𑘡𑘻𑘽𑘟𑘲𑘽𑘦𑘠𑘿𑘧𑘹 𑘦𑘮𑘭𑘴𑘩 𑘁𑘜𑘱 𑘕𑘦𑘱𑘡𑘲𑘓𑘲 𑘦𑘰𑘮𑘱𑘝𑘲 𑘁𑘮𑘹.,126
data/synthetic/images/line_0126_v029.png,या नोंदींमध्ये महसूल आणि जमिनीची माहिती आहे.,𑘧𑘰 𑘡𑘻𑘽𑘟𑘲𑘽𑘦𑘠𑘿𑘧𑘹 𑘦𑘮𑘭𑘴𑘩 𑘁𑘜𑘱 𑘕𑘦𑘱𑘡𑘲𑘓𑘲 𑘦𑘰𑘮𑘱𑘝𑘲 𑘁𑘮𑘹.,126
data/synthetic/images/line_0126_v030.png,या नोंदींमध्ये महसूल आणि जमिनीची माहिती आहे.,𑘧𑘰 𑘡𑘻𑘽𑘟𑘲𑘽𑘦𑘠𑘿𑘧𑘹 𑘦𑘮𑘭𑘴𑘩 𑘁𑘜𑘱 𑘕𑘦𑘱𑘡𑘲𑘓𑘲 𑘦𑘰𑘮𑘱𑘝𑘲 𑘁𑘮𑘹.,126
data/synthetic/images/line_0126_v031.png,या नोंदींमध्ये महसूल आणि जमिनीची माहिती आहे.,𑘧𑘰 𑘡𑘻𑘽𑘟𑘲𑘽𑘦𑘠𑘿𑘧𑘹 𑘦𑘮𑘭𑘴𑘩 𑘁𑘜𑘱 𑘕𑘦𑘱𑘡𑘲𑘓𑘲 𑘦𑘰𑘮𑘱𑘝𑘲 𑘁𑘮𑘹.,126
data/synthetic/images/line_0126_v032.png,या नोंदींमध्ये महसूल आणि जमिनीची माहिती आहे.,𑘧𑘰 𑘡𑘻𑘽𑘟𑘲𑘽𑘦𑘠𑘿𑘧𑘹 𑘦𑘮𑘭𑘴𑘩 𑘁𑘜𑘱 𑘕𑘦𑘱𑘡𑘲𑘓𑘲 𑘦𑘰𑘮𑘱𑘝𑘲 𑘁𑘮𑘹.,126
data/synthetic/images/line_0126_v033.png,या नोंदींमध्ये महसूल आणि जमिनीची माहिती आहे.,𑘧𑘰 𑘡𑘻𑘽𑘟𑘲𑘽𑘦𑘠𑘿𑘧𑘹 𑘦𑘮𑘭𑘴𑘩 𑘁𑘜𑘱 𑘕𑘦𑘱𑘡𑘲𑘓𑘲 𑘦𑘰𑘮𑘱𑘝𑘲 𑘁𑘮𑘹.,126
data/synthetic/images/line_0126_v034.png,या नोंदींमध्ये महसूल आणि जमिनीची माहिती आहे.,𑘧𑘰 𑘡𑘻𑘽𑘟𑘲𑘽𑘦𑘠𑘿𑘧𑘹 𑘦𑘮𑘭𑘴𑘩 𑘁𑘜𑘱 𑘕𑘦𑘱𑘡𑘲𑘓𑘲 𑘦𑘰𑘮𑘱𑘝𑘲 𑘁𑘮𑘹.,126
data/synthetic/images/line_0126_v035.png,या नोंदींमध्ये महसूल आणि जमिनीची माहिती आहे.,𑘧𑘰 𑘡𑘻𑘽𑘟𑘲𑘽𑘦𑘠𑘿𑘧𑘹 𑘦𑘮𑘭𑘴𑘩 𑘁𑘜𑘱 𑘕𑘦𑘱𑘡𑘲𑘓𑘲 𑘦𑘰𑘮𑘱𑘝𑘲 𑘁𑘮𑘹.,126
data/synthetic/images/line_0126_v036.png,या नोंदींमध्ये महसूल आणि जमिनीची माहिती आहे.,𑘧𑘰 𑘡𑘻𑘽𑘟𑘲𑘽𑘦𑘠𑘿𑘧𑘹 𑘦𑘮𑘭𑘴𑘩 𑘁𑘜𑘱 𑘕𑘦𑘱𑘡𑘲𑘓𑘲 𑘦𑘰𑘮𑘱𑘝𑘲 𑘁𑘮𑘹.,126
data/synthetic/images/line_0126_v037.png,या नोंदींमध्ये महसूल आणि जमिनीची माहिती आहे.,𑘧𑘰 𑘡𑘻𑘽𑘟𑘲𑘽𑘦𑘠𑘿𑘧𑘹 𑘦𑘮𑘭𑘴𑘩 𑘁𑘜𑘱 𑘕𑘦𑘱𑘡𑘲𑘓𑘲 𑘦𑘰𑘮𑘱𑘝𑘲 𑘁𑘮𑘹.,126
data/synthetic/images/line_0126_v038.png,या नोंदींमध्ये महसूल आणि जमिनीची माहिती आहे.,𑘧𑘰 𑘡𑘻𑘽𑘟𑘲𑘽𑘦𑘠𑘿𑘧𑘹 𑘦𑘮𑘭𑘴𑘩 𑘁𑘜𑘱 𑘕𑘦𑘱𑘡𑘲𑘓𑘲 𑘦𑘰𑘮𑘱𑘝𑘲 𑘁𑘮𑘹.,126
data/synthetic/images/line_0126_v039.png,या नोंदींमध्ये महसूल आणि जमिनीची माहिती आहे.,𑘧𑘰 𑘡𑘻𑘽𑘟𑘲𑘽𑘦𑘠𑘿𑘧𑘹 𑘦𑘮𑘭𑘴𑘩 𑘁𑘜𑘱 𑘕𑘦𑘱𑘡𑘲𑘓𑘲 𑘦𑘰𑘮𑘱𑘝𑘲 𑘁𑘮𑘹.,126
data/synthetic/images/line_0127_v000.png,गावाच्या सीमा या कागदपत्रात नमूद आहेत.,𑘐𑘰𑘪𑘰𑘓𑘿𑘧𑘰 𑘭𑘲𑘦𑘰 𑘧𑘰 𑘎𑘰𑘐𑘟𑘢𑘝𑘿𑘨𑘰𑘝 𑘡𑘦𑘴𑘟 𑘁𑘮𑘹𑘝.,127
data/synthetic/images/line_0127_v001.png,गावाच्या सीमा या कागदपत्रात नमूद आहेत.,𑘐𑘰𑘪𑘰𑘓𑘿𑘧𑘰 𑘭𑘲𑘦𑘰 𑘧𑘰 𑘎𑘰𑘐𑘟𑘢𑘝𑘿𑘨𑘰𑘝 𑘡𑘦𑘴𑘟 𑘁𑘮𑘹𑘝.,127
data/synthetic/images/line_0127_v002.png,गावाच्या सीमा या कागदपत्रात नमूद आहेत.,𑘐𑘰𑘪𑘰𑘓𑘿𑘧𑘰 𑘭𑘲𑘦𑘰 𑘧𑘰 𑘎𑘰𑘐𑘟𑘢𑘝𑘿𑘨𑘰𑘝 𑘡𑘦𑘴𑘟 𑘁𑘮𑘹𑘝.,127
data/synthetic/images/line_0127_v003.png,गावाच्या सीमा या कागदपत्रात नमूद आहेत.,𑘐𑘰𑘪𑘰𑘓𑘿𑘧𑘰 𑘭𑘲𑘦𑘰 𑘧𑘰 𑘎𑘰𑘐𑘟𑘢𑘝𑘿𑘨𑘰𑘝 𑘡𑘦𑘴𑘟 𑘁𑘮𑘹𑘝.,127
data/synthetic/images/line_0127_v004.png,गावाच्या सीमा या कागदपत्रात नमूद आहेत.,𑘐𑘰𑘪𑘰𑘓𑘿𑘧𑘰 𑘭𑘲𑘦𑘰 𑘧𑘰 𑘎𑘰𑘐𑘟𑘢𑘝𑘿𑘨𑘰𑘝 𑘡𑘦𑘴𑘟 𑘁𑘮𑘹𑘝.,127
data/synthetic/images/line_0127_v005.png,गावाच्या सीमा या कागदपत्रात नमूद आहेत.,𑘐𑘰𑘪𑘰𑘓𑘿𑘧𑘰 𑘭𑘲𑘦𑘰 𑘧𑘰 𑘎𑘰𑘐𑘟𑘢𑘝𑘿𑘨𑘰𑘝 𑘡𑘦𑘴𑘟 𑘁𑘮𑘹𑘝.,127
data/synthetic/images/line_0127_v006.png,गावाच्या सीमा या कागदपत्रात नमूद आहेत.,𑘐𑘰𑘪𑘰𑘓𑘿𑘧𑘰 𑘭𑘲𑘦𑘰 𑘧𑘰 𑘎𑘰𑘐𑘟𑘢𑘝𑘿𑘨𑘰𑘝 𑘡𑘦𑘴𑘟 𑘁𑘮𑘹𑘝.,127
data/synthetic/images/line_0127_v007.png,गावाच्या सीमा या कागदपत्रात नमूद आहेत.,𑘐𑘰𑘪𑘰𑘓𑘿𑘧𑘰 𑘭𑘲𑘦𑘰 𑘧𑘰 𑘎𑘰𑘐𑘟𑘢𑘝𑘿𑘨𑘰𑘝 𑘡𑘦𑘴𑘟 𑘁𑘮𑘹𑘝.,127
data/synthetic/images/line_0127_v008.png,गावाच्या सीमा या कागदपत्रात नमूद आहेत.,𑘐𑘰𑘪𑘰𑘓𑘿𑘧𑘰 𑘭𑘲𑘦𑘰 𑘧𑘰 𑘎𑘰𑘐𑘟𑘢𑘝𑘿𑘨𑘰𑘝 𑘡𑘦𑘴𑘟 𑘁𑘮𑘹𑘝.,127
data/synthetic/images/line_0127_v009.png,गावाच्या सीमा या कागदपत्रात नमूद आहेत.,𑘐𑘰𑘪𑘰𑘓𑘿𑘧𑘰 𑘭𑘲𑘦𑘰 𑘧𑘰 𑘎𑘰𑘐𑘟𑘢𑘝𑘿𑘨𑘰𑘝 𑘡𑘦𑘴𑘟 𑘁𑘮𑘹𑘝.,127
data/synthetic/images/line_0127_v010.png,गावाच्या सीमा या कागदपत्रात नमूद आहेत.,𑘐𑘰𑘪𑘰𑘓𑘿𑘧𑘰 𑘭𑘲𑘦𑘰 𑘧𑘰 𑘎𑘰𑘐𑘟𑘢𑘝𑘿𑘨𑘰𑘝 𑘡𑘦𑘴𑘟 𑘁𑘮𑘹𑘝.,127
data/synthetic/images/line_0127_v011.png,गावाच्या सीमा या कागदपत्रात नमूद आहेत.,𑘐𑘰𑘪𑘰𑘓𑘿𑘧𑘰 𑘭𑘲𑘦𑘰 𑘧𑘰 𑘎𑘰𑘐𑘟𑘢𑘝𑘿𑘨𑘰𑘝 𑘡𑘦𑘴𑘟 𑘁𑘮𑘹𑘝.,127
data/synthetic/images/line_0127_v012.png,गावाच्या सीमा या कागदपत्रात नमूद आहेत.,𑘐𑘰𑘪𑘰𑘓𑘿𑘧𑘰 𑘭𑘲𑘦𑘰 𑘧𑘰 𑘎𑘰𑘐𑘟𑘢𑘝𑘿𑘨𑘰𑘝 𑘡𑘦𑘴𑘟 𑘁𑘮𑘹𑘝.,127
data/synthetic/images/line_0127_v013.png,गावाच्या सीमा या कागदपत्रात नमूद आहेत.,𑘐𑘰𑘪𑘰𑘓𑘿𑘧𑘰 𑘭𑘲𑘦𑘰 𑘧𑘰 𑘎𑘰𑘐𑘟𑘢𑘝𑘿𑘨𑘰𑘝 𑘡𑘦𑘴𑘟 𑘁𑘮𑘹𑘝.,127
data/synthetic/images/line_0127_v014.png,गावाच्या सीमा या कागदपत्रात नमूद आहेत.,𑘐𑘰𑘪𑘰𑘓𑘿𑘧𑘰 𑘭𑘲𑘦𑘰 𑘧𑘰 𑘎𑘰𑘐𑘟𑘢𑘝𑘿𑘨𑘰𑘝 𑘡𑘦𑘴𑘟 𑘁𑘮𑘹𑘝.,127
data/synthetic/images/line_0127_v015.png,गावाच्या सीमा या कागदपत्रात नमूद आहेत.,𑘐𑘰𑘪𑘰𑘓𑘿𑘧𑘰 𑘭𑘲𑘦𑘰 𑘧𑘰 𑘎𑘰𑘐𑘟𑘢𑘝𑘿𑘨𑘰𑘝 𑘡𑘦𑘴𑘟 𑘁𑘮𑘹𑘝.,127
data/synthetic/images/line_0127_v016.png,गावाच्या सीमा या कागदपत्रात नमूद आहेत.,𑘐𑘰𑘪𑘰𑘓𑘿𑘧𑘰 𑘭𑘲𑘦𑘰 𑘧𑘰 𑘎𑘰𑘐𑘟𑘢𑘝𑘿𑘨𑘰𑘝 𑘡𑘦𑘴𑘟 𑘁𑘮𑘹𑘝.,127
data/synthetic/images/line_0127_v017.png,गावाच्या सीमा या कागदपत्रात नमूद आहेत.,𑘐𑘰𑘪𑘰𑘓𑘿𑘧𑘰 𑘭𑘲𑘦𑘰 𑘧𑘰 𑘎𑘰𑘐𑘟𑘢𑘝𑘿𑘨𑘰𑘝 𑘡𑘦𑘴𑘟 𑘁𑘮𑘹𑘝.,127
data/synthetic/images/line_0127_v018.png,गावाच्या सीमा या कागदपत्रात नमूद आहेत.,𑘐𑘰𑘪𑘰𑘓𑘿𑘧𑘰 𑘭𑘲𑘦𑘰 𑘧𑘰 𑘎𑘰𑘐𑘟𑘢𑘝𑘿𑘨𑘰𑘝 𑘡𑘦𑘴𑘟 𑘁𑘮𑘹𑘝.,127
data/synthetic/images/line_0127_v019.png,गावाच्या सीमा या कागदपत्रात नमूद आहेत.,𑘐𑘰𑘪𑘰𑘓𑘿𑘧𑘰 𑘭𑘲𑘦𑘰 𑘧𑘰 𑘎𑘰𑘐𑘟𑘢𑘝𑘿𑘨𑘰𑘝 𑘡𑘦𑘴𑘟 𑘁𑘮𑘹𑘝.,127
data/synthetic/images/line_0127_v020.png,गावाच्या सीमा या कागदपत्रात नमूद आहेत.,𑘐𑘰𑘪𑘰𑘓𑘿𑘧𑘰 𑘭𑘲𑘦𑘰 𑘧𑘰 𑘎𑘰𑘐𑘟𑘢𑘝𑘿𑘨𑘰𑘝 𑘡𑘦𑘴𑘟 𑘁𑘮𑘹𑘝.,127
data/synthetic/images/line_0127_v021.png,गावाच्या सीमा या कागदपत्रात नमूद आहेत.,𑘐𑘰𑘪𑘰𑘓𑘿𑘧𑘰 𑘭𑘲𑘦𑘰 𑘧𑘰 𑘎𑘰𑘐𑘟𑘢𑘝𑘿𑘨𑘰𑘝 𑘡𑘦𑘴𑘟 𑘁𑘮𑘹𑘝.,127
data/synthetic/images/line_0127_v022.png,गावाच्या सीमा या कागदपत्रात नमूद आहेत.,𑘐𑘰𑘪𑘰𑘓𑘿𑘧𑘰 𑘭𑘲𑘦𑘰 𑘧𑘰 𑘎𑘰𑘐𑘟𑘢𑘝𑘿𑘨𑘰𑘝 𑘡𑘦𑘴𑘟 𑘁𑘮𑘹𑘝.,127
data/synthetic/images/line_0127_v023.png,गावाच्या सीमा या कागदपत्रात नमूद आहेत.,𑘐𑘰𑘪𑘰𑘓𑘿𑘧𑘰 𑘭𑘲𑘦𑘰 𑘧𑘰 𑘎𑘰𑘐𑘟𑘢𑘝𑘿𑘨𑘰𑘝 𑘡𑘦𑘴𑘟 𑘁𑘮𑘹𑘝.,127
data/synthetic/images/line_0127_v024.png,गावाच्या सीमा या कागदपत्रात नमूद आहेत.,𑘐𑘰𑘪𑘰𑘓𑘿𑘧𑘰 𑘭𑘲𑘦𑘰 𑘧𑘰 𑘎𑘰𑘐𑘟𑘢𑘝𑘿𑘨𑘰𑘝 𑘡𑘦𑘴𑘟 𑘁𑘮𑘹𑘝.,127
data/synthetic/images/line_0127_v025.png,गावाच्या सीमा या कागदपत्रात नमूद आहेत.,𑘐𑘰𑘪𑘰𑘓𑘿𑘧𑘰 𑘭𑘲𑘦𑘰 𑘧𑘰 𑘎𑘰𑘐𑘟𑘢𑘝𑘿𑘨𑘰𑘝 𑘡𑘦𑘴𑘟 𑘁𑘮𑘹𑘝.,127
data/synthetic/images/line_0127_v026.png,गावाच्या सीमा या कागदपत्रात नमूद आहेत.,𑘐𑘰𑘪𑘰𑘓𑘿𑘧𑘰 𑘭𑘲𑘦𑘰 𑘧𑘰 𑘎𑘰𑘐𑘟𑘢𑘝𑘿𑘨𑘰𑘝 𑘡𑘦𑘴𑘟 𑘁𑘮𑘹𑘝.,127
data/synthetic/images/line_0127_v027.png,गावाच्या सीमा या कागदपत्रात नमूद आहेत.,𑘐𑘰𑘪𑘰𑘓𑘿𑘧𑘰 𑘭𑘲𑘦𑘰 𑘧𑘰 𑘎𑘰𑘐𑘟𑘢𑘝𑘿𑘨𑘰𑘝 𑘡𑘦𑘴𑘟 𑘁𑘮𑘹𑘝.,127
data/synthetic/images/line_0127_v028.png,गावाच्या सीमा या कागदपत्रात नमूद आहेत.,𑘐𑘰𑘪𑘰𑘓𑘿𑘧𑘰 𑘭𑘲𑘦𑘰 𑘧𑘰 𑘎𑘰𑘐𑘟𑘢𑘝𑘿𑘨𑘰𑘝 𑘡𑘦𑘴𑘟 𑘁𑘮𑘹𑘝.,127
data/synthetic/images/line_0127_v029.png,गावाच्या सीमा या कागदपत्रात नमूद आहेत.,𑘐𑘰𑘪𑘰𑘓𑘿𑘧𑘰 𑘭𑘲𑘦𑘰 𑘧𑘰 𑘎𑘰𑘐𑘟𑘢𑘝𑘿𑘨𑘰𑘝 𑘡𑘦𑘴𑘟 𑘁𑘮𑘹𑘝.,127
data/synthetic/images/line_0127_v030.png,गावाच्या सीमा या कागदपत्रात नमूद आहेत.,𑘐𑘰𑘪𑘰𑘓𑘿𑘧𑘰 𑘭𑘲𑘦𑘰 𑘧𑘰 𑘎𑘰𑘐𑘟𑘢𑘝𑘿𑘨𑘰𑘝 𑘡𑘦𑘴𑘟 𑘁𑘮𑘹𑘝.,127
data/synthetic/images/line_0127_v031.png,गावाच्या सीमा या कागदपत्रात नमूद आहेत.,𑘐𑘰𑘪𑘰𑘓𑘿𑘧𑘰 𑘭𑘲𑘦𑘰 𑘧𑘰 𑘎𑘰𑘐𑘟𑘢𑘝𑘿𑘨𑘰𑘝 𑘡𑘦𑘴𑘟 𑘁𑘮𑘹𑘝.,127
data/synthetic/images/line_0127_v032.png,गावाच्या सीमा या कागदपत्रात नमूद आहेत.,𑘐𑘰𑘪𑘰𑘓𑘿𑘧𑘰 𑘭𑘲𑘦𑘰 𑘧𑘰 𑘎𑘰𑘐𑘟𑘢𑘝𑘿𑘨𑘰𑘝 𑘡𑘦𑘴𑘟 𑘁𑘮𑘹𑘝.,127
data/synthetic/images/line_0127_v033.png,गावाच्या सीमा या कागदपत्रात नमूद आहेत.,𑘐𑘰𑘪𑘰𑘓𑘿𑘧𑘰 𑘭𑘲𑘦𑘰 𑘧𑘰 𑘎𑘰𑘐𑘟𑘢𑘝𑘿𑘨𑘰𑘝 𑘡𑘦𑘴𑘟 𑘁𑘮𑘹𑘝.,127
data/synthetic/images/line_0127_v034.png,गावाच्या सीमा या कागदपत्रात नमूद आहेत.,𑘐𑘰𑘪𑘰𑘓𑘿𑘧𑘰 𑘭𑘲𑘦𑘰 𑘧𑘰 𑘎𑘰𑘐𑘟𑘢𑘝𑘿𑘨𑘰𑘝 𑘡𑘦𑘴𑘟 𑘁𑘮𑘹𑘝.,127
data/synthetic/images/line_0127_v035.png,गावाच्या सीमा या कागदपत्रात नमूद आहेत.,𑘐𑘰𑘪𑘰𑘓𑘿𑘧𑘰 𑘭𑘲𑘦𑘰 𑘧𑘰 𑘎𑘰𑘐𑘟𑘢𑘝𑘿𑘨𑘰𑘝 𑘡𑘦𑘴𑘟 𑘁𑘮𑘹𑘝.,127
data/synthetic/images/line_0127_v036.png,गावाच्या सीमा या कागदपत्रात नमूद आहेत.,𑘐𑘰𑘪𑘰𑘓𑘿𑘧𑘰 𑘭𑘲𑘦𑘰 𑘧𑘰 𑘎𑘰𑘐𑘟𑘢𑘝𑘿𑘨𑘰𑘝 𑘡𑘦𑘴𑘟 𑘁𑘮𑘹𑘝.,127
data/synthetic/images/line_0127_v037.png,गावाच्या सीमा या कागदपत्रात नमूद आहेत.,𑘐𑘰𑘪𑘰𑘓𑘿𑘧𑘰 𑘭𑘲𑘦𑘰 𑘧𑘰 𑘎𑘰𑘐𑘟𑘢𑘝𑘿𑘨𑘰𑘝 𑘡𑘦𑘴𑘟 𑘁𑘮𑘹𑘝.,127
data/synthetic/images/line_0127_v038.png,गावाच्या सीमा या कागदपत्रात नमूद आहेत.,𑘐𑘰𑘪𑘰𑘓𑘿𑘧𑘰 𑘭𑘲𑘦𑘰 𑘧𑘰 𑘎𑘰𑘐𑘟𑘢𑘝𑘿𑘨𑘰𑘝 𑘡𑘦𑘴𑘟 𑘁𑘮𑘹𑘝.,127
data/synthetic/images/line_0127_v039.png,गावाच्या सीमा या कागदपत्रात नमूद आहेत.,𑘐𑘰𑘪𑘰𑘓𑘿𑘧𑘰 𑘭𑘲𑘦𑘰 𑘧𑘰 𑘎𑘰𑘐𑘟𑘢𑘝𑘿𑘨𑘰𑘝 𑘡𑘦𑘴𑘟 𑘁𑘮𑘹𑘝.,127
data/synthetic/images/line_0128_v000.png,पिकांची नोंद दरवर्षी केली जात असे.,𑘢𑘱𑘎𑘰𑘽𑘓𑘲 𑘡𑘻𑘽𑘟 𑘟𑘨𑘪𑘨𑘿𑘬𑘲 𑘎𑘹𑘩𑘲 𑘕𑘰𑘝 𑘀𑘭𑘹.,128
data/synthetic/images/line_0128_v001.png,पिकांची नोंद दरवर्षी केली जात असे.,𑘢𑘱𑘎𑘰𑘽𑘓𑘲 𑘡𑘻𑘽𑘟 𑘟𑘨𑘪𑘨𑘿𑘬𑘲 𑘎𑘹𑘩𑘲 𑘕𑘰𑘝 𑘀𑘭𑘹.,128
data/synthetic/images/line_0128_v002.png,पिकांची नोंद दरवर्षी केली जात असे.,𑘢𑘱𑘎𑘰𑘽𑘓𑘲 𑘡𑘻𑘽𑘟 𑘟𑘨𑘪𑘨𑘿𑘬𑘲 𑘎𑘹𑘩𑘲 𑘕𑘰𑘝 𑘀𑘭𑘹.,128
data/synthetic/images/line_0128_v003.png,पिकांची नोंद दरवर्षी केली जात असे.,𑘢𑘱𑘎𑘰𑘽𑘓𑘲 𑘡𑘻𑘽𑘟 𑘟𑘨𑘪𑘨𑘿𑘬𑘲 𑘎𑘹𑘩𑘲 𑘕𑘰𑘝 𑘀𑘭𑘹.,128
data/synthetic/images/line_0128_v004.png,पिकांची नोंद दरवर्षी केली जात असे.,𑘢𑘱𑘎𑘰𑘽𑘓𑘲 𑘡𑘻𑘽𑘟 𑘟𑘨𑘪𑘨𑘿𑘬𑘲 𑘎𑘹𑘩𑘲 𑘕𑘰𑘝 𑘀𑘭𑘹.,128
data/synthetic/images/line_0128_v005.png,पिकांची नोंद दरवर्षी केली जात असे.,𑘢𑘱𑘎𑘰𑘽𑘓𑘲 𑘡𑘻𑘽𑘟 𑘟𑘨𑘪𑘨𑘿𑘬𑘲 𑘎𑘹𑘩𑘲 𑘕𑘰𑘝 𑘀𑘭𑘹.,128
data/synthetic/images/line_0128_v006.png,पिकांची नोंद दरवर्षी केली जात असे.,𑘢𑘱𑘎𑘰𑘽𑘓𑘲 𑘡𑘻𑘽𑘟 𑘟𑘨𑘪𑘨𑘿𑘬𑘲 𑘎𑘹𑘩𑘲 𑘕𑘰𑘝 𑘀𑘭𑘹.,128
data/synthetic/images/line_0128_v007.png,पिकांची नोंद दरवर्षी केली जात असे.,𑘢𑘱𑘎𑘰𑘽𑘓𑘲 𑘡𑘻𑘽𑘟 𑘟𑘨𑘪𑘨𑘿𑘬𑘲 𑘎𑘹𑘩𑘲 𑘕𑘰𑘝 𑘀𑘭𑘹.,128
data/synthetic/images/line_0128_v008.png,पिकांची नोंद दरवर्षी केली जात असे.,𑘢𑘱𑘎𑘰𑘽𑘓𑘲 𑘡𑘻𑘽𑘟 𑘟𑘨𑘪𑘨𑘿𑘬𑘲 𑘎𑘹𑘩𑘲 𑘕𑘰𑘝 𑘀𑘭𑘹.,128
data/synthetic/images/line_0128_v009.png,पिकांची नोंद दरवर्षी केली जात असे.,𑘢𑘱𑘎𑘰𑘽𑘓𑘲 𑘡𑘻𑘽𑘟 𑘟𑘨𑘪𑘨𑘿𑘬𑘲 𑘎𑘹𑘩𑘲 𑘕𑘰𑘝 𑘀𑘭𑘹.,128
data/synthetic/images/line_0128_v010.png,पिकांची नोंद दरवर्षी केली जात असे.,𑘢𑘱𑘎𑘰𑘽𑘓𑘲 𑘡𑘻𑘽𑘟 𑘟𑘨𑘪𑘨𑘿𑘬𑘲 𑘎𑘹𑘩𑘲 𑘕𑘰𑘝 𑘀𑘭𑘹.,128
data/synthetic/images/line_0128_v011.png,पिकांची नोंद दरवर्षी केली जात असे.,𑘢𑘱𑘎𑘰𑘽𑘓𑘲 𑘡𑘻𑘽𑘟 𑘟𑘨𑘪𑘨𑘿𑘬𑘲 𑘎𑘹𑘩𑘲 𑘕𑘰𑘝 𑘀𑘭𑘹.,128
data/synthetic/images/line_0128_v012.png,पिकांची नोंद दरवर्षी केली जात असे.,𑘢𑘱𑘎𑘰𑘽𑘓𑘲 𑘡𑘻𑘽𑘟 𑘟𑘨𑘪𑘨𑘿𑘬𑘲 𑘎𑘹𑘩𑘲 𑘕𑘰𑘝 𑘀𑘭𑘹.,128
data/synthetic/images/line_0128_v013.png,पिकांची नोंद दरवर्षी केली जात असे.,𑘢𑘱𑘎𑘰𑘽𑘓𑘲 𑘡𑘻𑘽𑘟 𑘟𑘨𑘪𑘨𑘿𑘬𑘲 𑘎𑘹𑘩𑘲 𑘕𑘰𑘝 𑘀𑘭𑘹.,128
data/synthetic/images/line_0128_v014.png,पिकांची नोंद दरवर्षी केली जात असे.,𑘢𑘱𑘎𑘰𑘽𑘓𑘲 𑘡𑘻𑘽𑘟 𑘟𑘨𑘪𑘨𑘿𑘬𑘲 𑘎𑘹𑘩𑘲 𑘕𑘰𑘝 𑘀𑘭𑘹.,128
data/synthetic/images/line_0128_v015.png,पिकांची नोंद दरवर्षी केली जात असे.,𑘢𑘱𑘎𑘰𑘽𑘓𑘲 𑘡𑘻𑘽𑘟 𑘟𑘨𑘪𑘨𑘿𑘬𑘲 𑘎𑘹𑘩𑘲 𑘕𑘰𑘝 𑘀𑘭𑘹.,128
data/synthetic/images/line_0128_v016.png,पिकांची नोंद दरवर्षी केली जात असे.,𑘢𑘱𑘎𑘰𑘽𑘓𑘲 𑘡𑘻𑘽𑘟 𑘟𑘨𑘪𑘨𑘿𑘬𑘲 𑘎𑘹𑘩𑘲 𑘕𑘰𑘝 𑘀𑘭𑘹.,128
data/synthetic/images/line_0128_v017.png,पिकांची नोंद दरवर्षी केली जात असे.,𑘢𑘱𑘎𑘰𑘽𑘓𑘲 𑘡𑘻𑘽𑘟 𑘟𑘨𑘪𑘨𑘿𑘬𑘲 𑘎𑘹𑘩𑘲 𑘕𑘰𑘝 𑘀𑘭𑘹.,128
data/synthetic/images/line_0128_v018.png,पिकांची नोंद दरवर्षी केली जात असे.,𑘢𑘱𑘎𑘰𑘽𑘓𑘲 𑘡𑘻𑘽𑘟 𑘟𑘨𑘪𑘨𑘿𑘬𑘲 𑘎𑘹𑘩𑘲 𑘕𑘰𑘝 𑘀𑘭𑘹.,128
data/synthetic/images/line_0128_v019.png,पिकांची नोंद दरवर्षी केली जात असे.,𑘢𑘱𑘎𑘰𑘽𑘓𑘲 𑘡𑘻𑘽𑘟 𑘟𑘨𑘪𑘨𑘿𑘬𑘲 𑘎𑘹𑘩𑘲 𑘕𑘰𑘝 𑘀𑘭𑘹.,128
data/synthetic/images/line_0128_v020.png,पिकांची नोंद दरवर्षी केली जात असे.,𑘢𑘱𑘎𑘰𑘽𑘓𑘲 𑘡𑘻𑘽𑘟 𑘟𑘨𑘪𑘨𑘿𑘬𑘲 𑘎𑘹𑘩𑘲 𑘕𑘰𑘝 𑘀𑘭𑘹.,128
data/synthetic/images/line_0128_v021.png,पिकांची नोंद दरवर्षी केली जात असे.,𑘢𑘱𑘎𑘰𑘽𑘓𑘲 𑘡𑘻𑘽𑘟 𑘟𑘨𑘪𑘨𑘿𑘬𑘲 𑘎𑘹𑘩𑘲 𑘕𑘰𑘝 𑘀𑘭𑘹.,128
data/synthetic/images/line_0128_v022.png,पिकांची नोंद दरवर्षी केली जात असे.,𑘢𑘱𑘎𑘰𑘽𑘓𑘲 𑘡𑘻𑘽𑘟 𑘟𑘨𑘪𑘨𑘿𑘬𑘲 𑘎𑘹𑘩𑘲 𑘕𑘰𑘝 𑘀𑘭𑘹.,128
data/synthetic/images/line_0128_v023.png,पिकांची नोंद दरवर्षी केली जात असे.,𑘢𑘱𑘎𑘰𑘽𑘓𑘲 𑘡𑘻𑘽𑘟 𑘟𑘨𑘪𑘨𑘿𑘬𑘲 𑘎𑘹𑘩𑘲 𑘕𑘰𑘝 𑘀𑘭𑘹.,128
data/synthetic/images/line_0128_v024.png,पिकांची नोंद दरवर्षी केली जात असे.,𑘢𑘱𑘎𑘰𑘽𑘓𑘲 𑘡𑘻𑘽𑘟 𑘟𑘨𑘪𑘨𑘿𑘬𑘲 𑘎𑘹𑘩𑘲 𑘕𑘰𑘝 𑘀𑘭𑘹.,128
data/synthetic/images/line_0128_v025.png,पिकांची नोंद दरवर्षी केली जात असे.,𑘢𑘱𑘎𑘰𑘽𑘓𑘲 𑘡𑘻𑘽𑘟 𑘟𑘨𑘪𑘨𑘿𑘬𑘲 𑘎𑘹𑘩𑘲 𑘕𑘰𑘝 𑘀𑘭𑘹.,128
data/synthetic/images/line_0128_v026.png,पिकांची नोंद दरवर्षी केली जात असे.,𑘢𑘱𑘎𑘰𑘽𑘓𑘲 𑘡𑘻𑘽𑘟 𑘟𑘨𑘪𑘨𑘿𑘬𑘲 𑘎𑘹𑘩𑘲 𑘕𑘰𑘝 𑘀𑘭𑘹.,128
data/synthetic/images/line_0128_v027.png,पिकांची नोंद दरवर्षी केली जात असे.,𑘢𑘱𑘎𑘰𑘽𑘓𑘲 𑘡𑘻𑘽𑘟 𑘟𑘨𑘪𑘨𑘿𑘬𑘲 𑘎𑘹𑘩𑘲 𑘕𑘰𑘝 𑘀𑘭𑘹.,128
data/synthetic/images/line_0128_v028.png,पिकांची नोंद दरवर्षी केली जात असे.,𑘢𑘱𑘎𑘰𑘽𑘓𑘲 𑘡𑘻𑘽𑘟 𑘟𑘨𑘪𑘨𑘿𑘬𑘲 𑘎𑘹𑘩𑘲 𑘕𑘰𑘝 𑘀𑘭𑘹.,128
data/synthetic/images/line_0128_v029.png,पिकांची नोंद दरवर्षी केली जात असे.,𑘢𑘱𑘎𑘰𑘽𑘓𑘲 𑘡𑘻𑘽𑘟 𑘟𑘨𑘪𑘨𑘿𑘬𑘲 𑘎𑘹𑘩𑘲 𑘕𑘰𑘝 𑘀𑘭𑘹.,128
data/synthetic/images/line_0128_v030.png,पिकांची नोंद दरवर्षी केली जात असे.,𑘢𑘱𑘎𑘰𑘽𑘓𑘲 𑘡𑘻𑘽𑘟 𑘟𑘨𑘪𑘨𑘿𑘬𑘲 𑘎𑘹𑘩𑘲 𑘕𑘰𑘝 𑘀𑘭𑘹.,128
data/synthetic/images/line_0128_v031.png,पिकांची नोंद दरवर्षी केली जात असे.,𑘢𑘱𑘎𑘰𑘽𑘓𑘲 𑘡𑘻𑘽𑘟 𑘟𑘨𑘪𑘨𑘿𑘬𑘲 𑘎𑘹𑘩𑘲 𑘕𑘰𑘝 𑘀𑘭𑘹.,128
data/synthetic/images/line_0128_v032.png,पिकांची नोंद दरवर्षी केली जात असे.,𑘢𑘱𑘎𑘰𑘽𑘓𑘲 𑘡𑘻𑘽𑘟 𑘟𑘨𑘪𑘨𑘿𑘬𑘲 𑘎𑘹𑘩𑘲 𑘕𑘰𑘝 𑘀𑘭𑘹.,128
data/synthetic/images/line_0128_v033.png,पिकांची नोंद दरवर्षी केली जात असे.,𑘢𑘱𑘎𑘰𑘽𑘓𑘲 𑘡𑘻𑘽𑘟 𑘟𑘨𑘪𑘨𑘿𑘬𑘲 𑘎𑘹𑘩𑘲 𑘕𑘰𑘝 𑘀𑘭𑘹.,128
data/synthetic/images/line_0128_v034.png,पिकांची नोंद दरवर्षी केली जात असे.,𑘢𑘱𑘎𑘰𑘽𑘓𑘲 𑘡𑘻𑘽𑘟 𑘟𑘨𑘪𑘨𑘿𑘬𑘲 𑘎𑘹𑘩𑘲 𑘕𑘰𑘝 𑘀𑘭𑘹.,128
data/synthetic/images/line_0128_v035.png,पिकांची नोंद दरवर्षी केली जात असे.,𑘢𑘱𑘎𑘰𑘽𑘓𑘲 𑘡𑘻𑘽𑘟 𑘟𑘨𑘪𑘨𑘿𑘬𑘲 𑘎𑘹𑘩𑘲 𑘕𑘰𑘝 𑘀𑘭𑘹.,128
data/synthetic/images/line_0128_v036.png,पिकांची नोंद दरवर्षी केली जात असे.,𑘢𑘱𑘎𑘰𑘽𑘓𑘲 𑘡𑘻𑘽𑘟 𑘟𑘨𑘪𑘨𑘿𑘬𑘲 𑘎𑘹𑘩𑘲 𑘕𑘰𑘝 𑘀𑘭𑘹.,128
data/synthetic/images/line_0128_v037.png,पिकांची नोंद दरवर्षी केली जात असे.,𑘢𑘱𑘎𑘰𑘽𑘓𑘲 𑘡𑘻𑘽𑘟 𑘟𑘨𑘪𑘨𑘿𑘬𑘲 𑘎𑘹𑘩𑘲 𑘕𑘰𑘝 𑘀𑘭𑘹.,128
data/synthetic/images/line_0128_v038.png,पिकांची नोंद दरवर्षी केली जात असे.,𑘢𑘱𑘎𑘰𑘽𑘓𑘲 𑘡𑘻𑘽𑘟 𑘟𑘨𑘪𑘨𑘿𑘬𑘲 𑘎𑘹𑘩𑘲 𑘕𑘰𑘝 𑘀𑘭𑘹.,128
data/synthetic/images/line_0128_v039.png,पिकांची नोंद दरवर्षी केली जात असे.,𑘢𑘱𑘎𑘰𑘽𑘓𑘲 𑘡𑘻𑘽𑘟 𑘟𑘨𑘪𑘨𑘿𑘬𑘲 𑘎𑘹𑘩𑘲 𑘕𑘰𑘝 𑘀𑘭𑘹.,128
data/synthetic/images/line_0129_v000.png,कराचा हिशोब यात लिहिलेला आहे.,𑘎𑘨𑘰𑘓𑘰 𑘮𑘱𑘫𑘻𑘤 𑘧𑘰𑘝 𑘩𑘱𑘮𑘱𑘩𑘹𑘩𑘰 𑘁𑘮𑘹.,129
data/synthetic/images/line_0129_v001.png,कराचा हिशोब यात लिहिलेला आहे.,𑘎𑘨𑘰𑘓𑘰 𑘮𑘱𑘫𑘻𑘤 𑘧𑘰𑘝 𑘩𑘱𑘮𑘱𑘩𑘹𑘩𑘰 𑘁𑘮𑘹.,129
data/synthetic/images/line_0129_v002.png,कराचा हिशोब यात लिहिलेला आहे.,𑘎𑘨𑘰𑘓𑘰 𑘮𑘱𑘫𑘻𑘤 𑘧𑘰𑘝 𑘩𑘱𑘮𑘱𑘩𑘹𑘩𑘰 𑘁𑘮𑘹.,129
data/synthetic/images/line_0129_v003.png,कराचा हिशोब यात लिहिलेला आहे.,𑘎𑘨𑘰𑘓𑘰 𑘮𑘱𑘫𑘻𑘤 𑘧𑘰𑘝 𑘩𑘱𑘮𑘱𑘩𑘹𑘩𑘰 𑘁𑘮𑘹.,129
data/synthetic/images/line_0129_v004.png,कराचा हिशोब यात लिहिलेला आहे.,𑘎𑘨𑘰𑘓𑘰 𑘮𑘱𑘫𑘻𑘤 𑘧𑘰𑘝 𑘩𑘱𑘮𑘱𑘩𑘹𑘩𑘰 𑘁𑘮𑘹.,129
data/synthetic/images/line_0129_v005.png,कराचा हिशोब यात लिहिलेला आहे.,𑘎𑘨𑘰𑘓𑘰 𑘮𑘱𑘫𑘻𑘤 𑘧𑘰𑘝 𑘩𑘱𑘮𑘱𑘩𑘹𑘩𑘰 𑘁𑘮𑘹.,129
data/synthetic/images/line_0129_v006.png,कराचा हिशोब यात लिहिलेला आहे.,𑘎𑘨𑘰𑘓𑘰 𑘮𑘱𑘫𑘻𑘤 𑘧𑘰𑘝 𑘩𑘱𑘮𑘱𑘩𑘹𑘩𑘰 𑘁𑘮𑘹.,129
data/synthetic/images/line_0129_v007.png,कराचा हिशोब यात लिहिलेला आहे.,𑘎𑘨𑘰𑘓𑘰 𑘮𑘱𑘫𑘻𑘤 𑘧𑘰𑘝 𑘩𑘱𑘮𑘱𑘩𑘹𑘩𑘰 𑘁𑘮𑘹.,129
data/synthetic/images/line_0129_v008.png,कराचा हिशोब यात लिहिलेला आहे.,𑘎𑘨𑘰𑘓𑘰 𑘮𑘱𑘫𑘻𑘤 𑘧𑘰𑘝 𑘩𑘱𑘮𑘱𑘩𑘹𑘩𑘰 𑘁𑘮𑘹.,129
data/synthetic/images/line_0129_v009.png,कराचा हिशोब यात लिहिलेला आहे.,𑘎𑘨𑘰𑘓𑘰 𑘮𑘱𑘫𑘻𑘤 𑘧𑘰𑘝 𑘩𑘱𑘮𑘱𑘩𑘹𑘩𑘰 𑘁𑘮𑘹.,129
data/synthetic/images/line_0129_v010.png,कराचा हिशोब यात लिहिलेला आहे.,𑘎𑘨𑘰𑘓𑘰 𑘮𑘱𑘫𑘻𑘤 𑘧𑘰𑘝 𑘩𑘱𑘮𑘱𑘩𑘹𑘩𑘰 𑘁𑘮𑘹.,129
data/synthetic/images/line_0129_v011.png,कराचा हिशोब यात लिहिलेला आहे.,𑘎𑘨𑘰𑘓𑘰 𑘮𑘱𑘫𑘻𑘤 𑘧𑘰𑘝 𑘩𑘱𑘮𑘱𑘩𑘹𑘩𑘰 𑘁𑘮𑘹.,129
data/synthetic/images/line_0129_v012.png,कराचा हिशोब यात लिहिलेला आहे.,𑘎𑘨𑘰𑘓𑘰 𑘮𑘱𑘫𑘻𑘤 𑘧𑘰𑘝 𑘩𑘱𑘮𑘱𑘩𑘹𑘩𑘰 𑘁𑘮𑘹.,129
data/synthetic/images/line_0129_v013.png,कराचा हिशोब यात लिहिलेला आहे.,𑘎𑘨𑘰𑘓𑘰 𑘮𑘱𑘫𑘻𑘤 𑘧𑘰𑘝 𑘩𑘱𑘮𑘱𑘩𑘹𑘩𑘰 𑘁𑘮𑘹.,129
data/synthetic/images/line_0129_v014.png,कराचा हिशोब यात लिहिलेला आहे.,𑘎𑘨𑘰𑘓𑘰 𑘮𑘱𑘫𑘻𑘤 𑘧𑘰𑘝 𑘩𑘱𑘮𑘱𑘩𑘹𑘩𑘰 𑘁𑘮𑘹.,129
data/synthetic/images/line_0129_v015.png,कराचा हिशोब यात लिहिलेला आहे.,𑘎𑘨𑘰𑘓𑘰 𑘮𑘱𑘫𑘻𑘤 𑘧𑘰𑘝 𑘩𑘱𑘮𑘱𑘩𑘹𑘩𑘰 𑘁𑘮𑘹.,129
data/synthetic/images/line_0129_v016.png,कराचा हिशोब यात लिहिलेला आहे.,𑘎𑘨𑘰𑘓𑘰 𑘮𑘱𑘫𑘻𑘤 𑘧𑘰𑘝 𑘩𑘱𑘮𑘱𑘩𑘹𑘩𑘰 𑘁𑘮𑘹.,129
data/synthetic/images/line_0129_v017.png,कराचा हिशोब यात लिहिलेला आहे.,𑘎𑘨𑘰𑘓𑘰 𑘮𑘱𑘫𑘻𑘤 𑘧𑘰𑘝 𑘩𑘱𑘮𑘱𑘩𑘹𑘩𑘰 𑘁𑘮𑘹.,129
data/synthetic/images/line_0129_v018.png,कराचा हिशोब यात लिहिलेला आहे.,𑘎𑘨𑘰𑘓𑘰 𑘮𑘱𑘫𑘻𑘤 𑘧𑘰𑘝 𑘩𑘱𑘮𑘱𑘩𑘹𑘩𑘰 𑘁𑘮𑘹.,129
data/synthetic/images/line_0129_v019.png,कराचा हिशोब यात लिहिलेला आहे.,𑘎𑘨𑘰𑘓𑘰 𑘮𑘱𑘫𑘻𑘤 𑘧𑘰𑘝 𑘩𑘱𑘮𑘱𑘩𑘹𑘩𑘰 𑘁𑘮𑘹.,129
data/synthetic/images/line_0129_v020.png,कराचा हिशोब यात लिहिलेला आहे.,𑘎𑘨𑘰𑘓𑘰 𑘮𑘱𑘫𑘻𑘤 𑘧𑘰𑘝 𑘩𑘱𑘮𑘱𑘩𑘹𑘩𑘰 𑘁𑘮𑘹.,129
data/synthetic/images/line_0129_v021.png,कराचा हिशोब यात लिहिलेला आहे.,𑘎𑘨𑘰𑘓𑘰 𑘮𑘱𑘫𑘻𑘤 𑘧𑘰𑘝 𑘩𑘱𑘮𑘱𑘩𑘹𑘩𑘰 𑘁𑘮𑘹.,129
data/synthetic/images/line_0129_v022.png,कराचा हिशोब यात लिहिलेला आहे.,𑘎𑘨𑘰𑘓𑘰 𑘮𑘱𑘫𑘻𑘤 𑘧𑘰𑘝 𑘩𑘱𑘮𑘱𑘩𑘹𑘩𑘰 𑘁𑘮𑘹.,129
data/synthetic/images/line_0129_v023.png,कराचा हिशोब यात लिहिलेला आहे.,𑘎𑘨𑘰𑘓𑘰 𑘮𑘱𑘫𑘻𑘤 𑘧𑘰𑘝 𑘩𑘱𑘮𑘱𑘩𑘹𑘩𑘰 𑘁𑘮𑘹.,129
data/synthetic/images/line_0129_v024.png,कराचा हिशोब यात लिहिलेला आहे.,𑘎𑘨𑘰𑘓𑘰 𑘮𑘱𑘫𑘻𑘤 𑘧𑘰𑘝 𑘩𑘱𑘮𑘱𑘩𑘹𑘩𑘰 𑘁𑘮𑘹.,129
data/synthetic/images/line_0129_v025.png,कराचा हिशोब यात लिहिलेला आहे.,𑘎𑘨𑘰𑘓𑘰 𑘮𑘱𑘫𑘻𑘤 𑘧𑘰𑘝 𑘩𑘱𑘮𑘱𑘩𑘹𑘩𑘰 𑘁𑘮𑘹.,129
data/synthetic/images/line_0129_v026.png,कराचा हिशोब यात लिहिलेला आहे.,𑘎𑘨𑘰𑘓𑘰 𑘮𑘱𑘫𑘻𑘤 𑘧𑘰𑘝 𑘩𑘱𑘮𑘱𑘩𑘹𑘩𑘰 𑘁𑘮𑘹.,129
data/synthetic/images/line_0129_v027.png,कराचा हिशोब यात लिहिलेला आहे.,𑘎𑘨𑘰𑘓𑘰 𑘮𑘱𑘫𑘻𑘤 𑘧𑘰𑘝 𑘩𑘱𑘮𑘱𑘩𑘹𑘩𑘰 𑘁𑘮𑘹.,129
data/synthetic/images/line_0129_v028.png,कराचा हिशोब यात लिहिलेला आहे.,𑘎𑘨𑘰𑘓𑘰 𑘮𑘱𑘫𑘻𑘤 𑘧𑘰𑘝 𑘩𑘱𑘮𑘱𑘩𑘹𑘩𑘰 𑘁𑘮𑘹.,129
data/synthetic/images/line_0129_v029.png,कराचा हिशोब यात लिहिलेला आहे.,𑘎𑘨𑘰𑘓𑘰 𑘮𑘱𑘫𑘻𑘤 𑘧𑘰𑘝 𑘩𑘱𑘮𑘱𑘩𑘹𑘩𑘰 𑘁𑘮𑘹.,129
data/synthetic/images/line_0129_v030.png,कराचा हिशोब यात लिहिलेला आहे.,𑘎𑘨𑘰𑘓𑘰 𑘮𑘱𑘫𑘻𑘤 𑘧𑘰𑘝 𑘩𑘱𑘮𑘱𑘩𑘹𑘩𑘰 𑘁𑘮𑘹.,129
data/synthetic/images/line_0129_v031.png,कराचा हिशोब यात लिहिलेला आहे.,𑘎𑘨𑘰𑘓𑘰 𑘮𑘱𑘫𑘻𑘤 𑘧𑘰𑘝 𑘩𑘱𑘮𑘱𑘩𑘹𑘩𑘰 𑘁𑘮𑘹.,129
data/synthetic/images/line_0129_v032.png,कराचा हिशोब यात लिहिलेला आहे.,𑘎𑘨𑘰𑘓𑘰 𑘮𑘱𑘫𑘻𑘤 𑘧𑘰𑘝 𑘩𑘱𑘮𑘱𑘩𑘹𑘩𑘰 𑘁𑘮𑘹.,129
data/synthetic/images/line_0129_v033.png,कराचा हिशोब यात लिहिलेला आहे.,𑘎𑘨𑘰𑘓𑘰 𑘮𑘱𑘫𑘻𑘤 𑘧𑘰𑘝 𑘩𑘱𑘮𑘱𑘩𑘹𑘩𑘰 𑘁𑘮𑘹.,129
data/synthetic/images/line_0129_v034.png,कराचा हिशोब यात लिहिलेला आहे.,𑘎𑘨𑘰𑘓𑘰 𑘮𑘱𑘫𑘻𑘤 𑘧𑘰𑘝 𑘩𑘱𑘮𑘱𑘩𑘹𑘩𑘰 𑘁𑘮𑘹.,129
data/synthetic/images/line_0129_v035.png,कराचा हिशोब यात लिहिलेला आहे.,𑘎𑘨𑘰𑘓𑘰 𑘮𑘱𑘫𑘻𑘤 𑘧𑘰𑘝 𑘩𑘱𑘮𑘱𑘩𑘹𑘩𑘰 𑘁𑘮𑘹.,129
data/synthetic/images/line_0129_v036.png,कराचा हिशोब यात लिहिलेला आहे.,𑘎𑘨𑘰𑘓𑘰 𑘮𑘱𑘫𑘻𑘤 𑘧𑘰𑘝 𑘩𑘱𑘮𑘱𑘩𑘹𑘩𑘰 𑘁𑘮𑘹.,129
data/synthetic/images/line_0129_v037.png,कराचा हिशोब यात लिहिलेला आहे.,𑘎𑘨𑘰𑘓𑘰 𑘮𑘱𑘫𑘻𑘤 𑘧𑘰𑘝 𑘩𑘱𑘮𑘱𑘩𑘹𑘩𑘰 𑘁𑘮𑘹.,129
data/synthetic/images/line_0129_v038.png,कराचा हिशोब यात लिहिलेला आहे.,𑘎𑘨𑘰𑘓𑘰 𑘮𑘱𑘫𑘻𑘤 𑘧𑘰𑘝 𑘩𑘱𑘮𑘱𑘩𑘹𑘩𑘰 𑘁𑘮𑘹.,129
data/synthetic/images/line_0129_v039.png,कराचा हिशोब यात लिहिलेला आहे.,𑘎𑘨𑘰𑘓𑘰 𑘮𑘱𑘫𑘻𑘤 𑘧𑘰𑘝 𑘩𑘱𑘮𑘱𑘩𑘹𑘩𑘰 𑘁𑘮𑘹.,129
data/synthetic/images/line_0130_v000.png,साक्षीदारांची नावे शेवटी लिहिली आहेत.,𑘭𑘰𑘎𑘿𑘬𑘲𑘟𑘰𑘨𑘰𑘽𑘓𑘲 𑘡𑘰𑘪𑘹 𑘫𑘹𑘪𑘘𑘲 𑘩𑘱𑘮𑘱𑘩𑘲 𑘁𑘮𑘹𑘝.,130
data/synthetic/images/line_0130_v001.png,साक्षीदारांची नावे शेवटी लिहिली आहेत.,𑘭𑘰𑘎𑘿𑘬𑘲𑘟𑘰𑘨𑘰𑘽𑘓𑘲 𑘡𑘰𑘪𑘹 𑘫𑘹𑘪𑘘𑘲 𑘩𑘱𑘮𑘱𑘩𑘲 𑘁𑘮𑘹𑘝.,130
data/synthetic/images/line_0130_v002.png,साक्षीदारांची नावे शेवटी लिहिली आहेत.,𑘭𑘰𑘎𑘿𑘬𑘲𑘟𑘰𑘨𑘰𑘽𑘓𑘲 𑘡𑘰𑘪𑘹 𑘫𑘹𑘪𑘘𑘲 𑘩𑘱𑘮𑘱𑘩𑘲 𑘁𑘮𑘹𑘝.,130
data/synthetic/images/line_0130_v003.png,साक्षीदारांची नावे शेवटी लिहिली आहेत.,𑘭𑘰𑘎𑘿𑘬𑘲𑘟𑘰𑘨𑘰𑘽𑘓𑘲 𑘡𑘰𑘪𑘹 𑘫𑘹𑘪𑘘𑘲 𑘩𑘱𑘮𑘱𑘩𑘲 𑘁𑘮𑘹𑘝.,130
data/synthetic/images/line_0130_v004.png,साक्षीदारांची नावे शेवटी लिहिली आहेत.,𑘭𑘰𑘎𑘿𑘬𑘲𑘟𑘰𑘨𑘰𑘽𑘓𑘲 𑘡𑘰𑘪𑘹 𑘫𑘹𑘪𑘘𑘲 𑘩𑘱𑘮𑘱𑘩𑘲 𑘁𑘮𑘹𑘝.,130
data/synthetic/images/line_0130_v005.png,साक्षीदारांची नावे शेवटी लिहिली आहेत.,𑘭𑘰𑘎𑘿𑘬𑘲𑘟𑘰𑘨𑘰𑘽𑘓𑘲 𑘡𑘰𑘪𑘹 𑘫𑘹𑘪𑘘𑘲 𑘩𑘱𑘮𑘱𑘩𑘲 𑘁𑘮𑘹𑘝.,130
data/synthetic/images/line_0130_v006.png,साक्षीदारांची नावे शेवटी लिहिली आहेत.,𑘭𑘰𑘎𑘿𑘬𑘲𑘟𑘰𑘨𑘰𑘽𑘓𑘲 𑘡𑘰𑘪𑘹 𑘫𑘹𑘪𑘘𑘲 𑘩𑘱𑘮𑘱𑘩𑘲 𑘁𑘮𑘹𑘝.,130
data/synthetic/images/line_0130_v007.png,साक्षीदारांची नावे शेवटी लिहिली आहेत.,𑘭𑘰𑘎𑘿𑘬𑘲𑘟𑘰𑘨𑘰𑘽𑘓𑘲 𑘡𑘰𑘪𑘹 𑘫𑘹𑘪𑘘𑘲 𑘩𑘱𑘮𑘱𑘩𑘲 𑘁𑘮𑘹𑘝.,130
data/synthetic/images/line_0130_v008.png,साक्षीदारांची नावे शेवटी लिहिली आहेत.,𑘭𑘰𑘎𑘿𑘬𑘲𑘟𑘰𑘨𑘰𑘽𑘓𑘲 𑘡𑘰𑘪𑘹 𑘫𑘹𑘪𑘘𑘲 𑘩𑘱𑘮𑘱𑘩𑘲 𑘁𑘮𑘹𑘝.,130
data/synthetic/images/line_0130_v009.png,साक्षीदारांची नावे शेवटी लिहिली आहेत.,𑘭𑘰𑘎𑘿𑘬𑘲𑘟𑘰𑘨𑘰𑘽𑘓𑘲 𑘡𑘰𑘪𑘹 𑘫𑘹𑘪𑘘𑘲 𑘩𑘱𑘮𑘱𑘩𑘲 𑘁𑘮𑘹𑘝.,130
data/synthetic/images/line_0130_v010.png,साक्षीदारांची नावे शेवटी लिहिली आहेत.,𑘭𑘰𑘎𑘿𑘬𑘲𑘟𑘰𑘨𑘰𑘽𑘓𑘲 𑘡𑘰𑘪𑘹 𑘫𑘹𑘪𑘘𑘲 𑘩𑘱𑘮𑘱𑘩𑘲 𑘁𑘮𑘹𑘝.,130
data/synthetic/images/line_0130_v011.png,साक्षीदारांची नावे शेवटी लिहिली आहेत.,𑘭𑘰𑘎𑘿𑘬𑘲𑘟𑘰𑘨𑘰𑘽𑘓𑘲 𑘡𑘰𑘪𑘹 𑘫𑘹𑘪𑘘𑘲 𑘩𑘱𑘮𑘱𑘩𑘲 𑘁𑘮𑘹𑘝.,130
data/synthetic/images/line_0130_v012.png,साक्षीदारांची नावे शेवटी लिहिली आहेत.,𑘭𑘰𑘎𑘿𑘬𑘲𑘟𑘰𑘨𑘰𑘽𑘓𑘲 𑘡𑘰𑘪𑘹 𑘫𑘹𑘪𑘘𑘲 𑘩𑘱𑘮𑘱𑘩𑘲 𑘁𑘮𑘹𑘝.,130
data/synthetic/images/line_0130_v013.png,साक्षीदारांची नावे शेवटी लिहिली आहेत.,𑘭𑘰𑘎𑘿𑘬𑘲𑘟𑘰𑘨𑘰𑘽𑘓𑘲 𑘡𑘰𑘪𑘹 𑘫𑘹𑘪𑘘𑘲 𑘩𑘱𑘮𑘱𑘩𑘲 𑘁𑘮𑘹𑘝.,130
data/synthetic/images/line_0130_v014.png,साक्षीदारांची नावे शेवटी लिहिली आहेत.,𑘭𑘰𑘎𑘿𑘬𑘲𑘟𑘰𑘨𑘰𑘽𑘓𑘲 𑘡𑘰𑘪𑘹 𑘫𑘹𑘪𑘘𑘲 𑘩𑘱𑘮𑘱𑘩𑘲 𑘁𑘮𑘹𑘝.,130
data/synthetic/images/line_0130_v015.png,साक्षीदारांची नावे शेवटी लिहिली आहेत.,𑘭𑘰𑘎𑘿𑘬𑘲𑘟𑘰𑘨𑘰𑘽𑘓𑘲 𑘡𑘰𑘪𑘹 𑘫𑘹𑘪𑘘𑘲 𑘩𑘱𑘮𑘱𑘩𑘲 𑘁𑘮𑘹𑘝.,130
data/synthetic/images/line_0130_v016.png,साक्षीदारांची नावे शेवटी लिहिली आहेत.,𑘭𑘰𑘎𑘿𑘬𑘲𑘟𑘰𑘨𑘰𑘽𑘓𑘲 𑘡𑘰𑘪𑘹 𑘫𑘹𑘪𑘘𑘲 𑘩𑘱𑘮𑘱𑘩𑘲 𑘁𑘮𑘹𑘝.,130
data/synthetic/images/line_0130_v017.png,साक्षीदारांची नावे शेवटी लिहिली आहेत.,𑘭𑘰𑘎𑘿𑘬𑘲𑘟𑘰𑘨𑘰𑘽𑘓𑘲 𑘡𑘰𑘪𑘹 𑘫𑘹𑘪𑘘𑘲 𑘩𑘱𑘮𑘱𑘩𑘲 𑘁𑘮𑘹𑘝.,130
data/synthetic/images/line_0130_v018.png,साक्षीदारांची नावे शेवटी लिहिली आहेत.,𑘭𑘰𑘎𑘿𑘬𑘲𑘟𑘰𑘨𑘰𑘽𑘓𑘲 𑘡𑘰𑘪𑘹 𑘫𑘹𑘪𑘘𑘲 𑘩𑘱𑘮𑘱𑘩𑘲 𑘁𑘮𑘹𑘝.,130
data/synthetic/images/line_0130_v019.png,साक्षीदारांची नावे शेवटी लिहिली आहेत.,𑘭𑘰𑘎𑘿𑘬𑘲𑘟𑘰𑘨𑘰𑘽𑘓𑘲 𑘡𑘰𑘪𑘹 𑘫𑘹𑘪𑘘𑘲 𑘩𑘱𑘮𑘱𑘩𑘲 𑘁𑘮𑘹𑘝.,130
data/synthetic/images/line_0130_v020.png,साक्षीदारांची नावे शेवटी लिहिली आहेत.,𑘭𑘰𑘎𑘿𑘬𑘲𑘟𑘰𑘨𑘰𑘽𑘓𑘲 𑘡𑘰𑘪𑘹 𑘫𑘹𑘪𑘘𑘲 𑘩𑘱𑘮𑘱𑘩𑘲 𑘁𑘮𑘹𑘝.,130
data/synthetic/images/line_0130_v021.png,साक्षीदारांची नावे शेवटी लिहिली आहेत.,𑘭𑘰𑘎𑘿𑘬𑘲𑘟𑘰𑘨𑘰𑘽𑘓𑘲 𑘡𑘰𑘪𑘹 𑘫𑘹𑘪𑘘𑘲 𑘩𑘱𑘮𑘱𑘩𑘲 𑘁𑘮𑘹𑘝.,130
data/synthetic/images/line_0130_v022.png,साक्षीदारांची नावे शेवटी लिहिली आहेत.,𑘭𑘰𑘎𑘿𑘬𑘲𑘟𑘰𑘨𑘰𑘽𑘓𑘲 𑘡𑘰𑘪𑘹 𑘫𑘹𑘪𑘘𑘲 𑘩𑘱𑘮𑘱𑘩𑘲 𑘁𑘮𑘹𑘝.,130
data/synthetic/images/line_0130_v023.png,साक्षीदारांची नावे शेवटी लिहिली आहेत.,𑘭𑘰𑘎𑘿𑘬𑘲𑘟𑘰𑘨𑘰𑘽𑘓𑘲 𑘡𑘰𑘪𑘹 𑘫𑘹𑘪𑘘𑘲 𑘩𑘱𑘮𑘱𑘩𑘲 𑘁𑘮𑘹𑘝.,130
data/synthetic/images/line_0130_v024.png,साक्षीदारांची नावे शेवटी लिहिली आहेत.,𑘭𑘰𑘎𑘿𑘬𑘲𑘟𑘰𑘨𑘰𑘽𑘓𑘲 𑘡𑘰𑘪𑘹 𑘫𑘹𑘪𑘘𑘲 𑘩𑘱𑘮𑘱𑘩𑘲 𑘁𑘮𑘹𑘝.,130
data/synthetic/images/line_0130_v025.png,साक्षीदारांची नावे शेवटी लिहिली आहेत.,𑘭𑘰𑘎𑘿𑘬𑘲𑘟𑘰𑘨𑘰𑘽𑘓𑘲 𑘡𑘰𑘪𑘹 𑘫𑘹𑘪𑘘𑘲 𑘩𑘱𑘮𑘱𑘩𑘲 𑘁𑘮𑘹𑘝.,130
data/synthetic/images/line_0130_v026.png,साक्षीदारांची नावे शेवटी लिहिली आहेत.,𑘭𑘰𑘎𑘿𑘬𑘲𑘟𑘰𑘨𑘰𑘽𑘓𑘲 𑘡𑘰𑘪𑘹 𑘫𑘹𑘪𑘘𑘲 𑘩𑘱𑘮𑘱𑘩𑘲 𑘁𑘮𑘹𑘝.,130
data/synthetic/images/line_0130_v027.png,साक्षीदारांची नावे शेवटी लिहिली आहेत.,𑘭𑘰𑘎𑘿𑘬𑘲𑘟𑘰𑘨𑘰𑘽𑘓𑘲 𑘡𑘰𑘪𑘹 𑘫𑘹𑘪𑘘𑘲 𑘩𑘱𑘮𑘱𑘩𑘲 𑘁𑘮𑘹𑘝.,130
data/synthetic/images/line_0130_v028.png,साक्षीदारांची नावे शेवटी लिहिली आहेत.,𑘭𑘰𑘎𑘿𑘬𑘲𑘟𑘰𑘨𑘰𑘽𑘓𑘲 𑘡𑘰𑘪𑘹 𑘫𑘹𑘪𑘘𑘲 𑘩𑘱𑘮𑘱𑘩𑘲 𑘁𑘮𑘹𑘝.,130
data/synthetic/images/line_0130_v029.png,साक्षीदारांची नावे शेवटी लिहिली आहेत.,𑘭𑘰𑘎𑘿𑘬𑘲𑘟𑘰𑘨𑘰𑘽𑘓𑘲 𑘡𑘰𑘪𑘹 𑘫𑘹𑘪𑘘𑘲 𑘩𑘱𑘮𑘱𑘩𑘲 𑘁𑘮𑘹𑘝.,130
data/synthetic/images/line_0130_v030.png,साक्षीदारांची नावे शेवटी लिहिली आहेत.,𑘭𑘰𑘎𑘿𑘬𑘲𑘟𑘰𑘨𑘰𑘽𑘓𑘲 𑘡𑘰𑘪𑘹 𑘫𑘹𑘪𑘘𑘲 𑘩𑘱𑘮𑘱𑘩𑘲 𑘁𑘮𑘹𑘝.,130
data/synthetic/images/line_0130_v031.png,साक्षीदारांची नावे शेवटी लिहिली आहेत.,𑘭𑘰𑘎𑘿𑘬𑘲𑘟𑘰𑘨𑘰𑘽𑘓𑘲 𑘡𑘰𑘪𑘹 𑘫𑘹𑘪𑘘𑘲 𑘩𑘱𑘮𑘱𑘩𑘲 𑘁𑘮𑘹𑘝.,130
data/synthetic/images/line_0130_v032.png,साक्षीदारांची नावे शेवटी लिहिली आहेत.,𑘭𑘰𑘎𑘿𑘬𑘲𑘟𑘰𑘨𑘰𑘽𑘓𑘲 𑘡𑘰𑘪𑘹 𑘫𑘹𑘪𑘘𑘲 𑘩𑘱𑘮𑘱𑘩𑘲 𑘁𑘮𑘹𑘝.,130
data/synthetic/images/line_0130_v033.png,साक्षीदारांची नावे शेवटी लिहिली आहेत.,𑘭𑘰𑘎𑘿𑘬𑘲𑘟𑘰𑘨𑘰𑘽𑘓𑘲 𑘡𑘰𑘪𑘹 𑘫𑘹𑘪𑘘𑘲 𑘩𑘱𑘮𑘱𑘩𑘲 𑘁𑘮𑘹𑘝.,130
data/synthetic/images/line_0130_v034.png,साक्षीदारांची नावे शेवटी लिहिली आहेत.,𑘭𑘰𑘎𑘿𑘬𑘲𑘟𑘰𑘨𑘰𑘽𑘓𑘲 𑘡𑘰𑘪𑘹 𑘫𑘹𑘪𑘘𑘲 𑘩𑘱𑘮𑘱𑘩𑘲 𑘁𑘮𑘹𑘝.,130
data/synthetic/images/line_0130_v035.png,साक्षीदारांची नावे शेवटी लिहिली आहेत.,𑘭𑘰𑘎𑘿𑘬𑘲𑘟𑘰𑘨𑘰𑘽𑘓𑘲 𑘡𑘰𑘪𑘹 𑘫𑘹𑘪𑘘𑘲 𑘩𑘱𑘮𑘱𑘩𑘲 𑘁𑘮𑘹𑘝.,130
data/synthetic/images/line_0130_v036.png,साक्षीदारांची नावे शेवटी लिहिली आहेत.,𑘭𑘰𑘎𑘿𑘬𑘲𑘟𑘰𑘨𑘰𑘽𑘓𑘲 𑘡𑘰𑘪𑘹 𑘫𑘹𑘪𑘘𑘲 𑘩𑘱𑘮𑘱𑘩𑘲 𑘁𑘮𑘹𑘝.,130
data/synthetic/images/line_0130_v037.png,साक्षीदारांची नावे शेवटी लिहिली आहेत.,𑘭𑘰𑘎𑘿𑘬𑘲𑘟𑘰𑘨𑘰𑘽𑘓𑘲 𑘡𑘰𑘪𑘹 𑘫𑘹𑘪𑘘𑘲 𑘩𑘱𑘮𑘱𑘩𑘲 𑘁𑘮𑘹𑘝.,130
data/synthetic/images/line_0130_v038.png,साक्षीदारांची नावे शेवटी लिहिली आहेत.,𑘭𑘰𑘎𑘿𑘬𑘲𑘟𑘰𑘨𑘰𑘽𑘓𑘲 𑘡𑘰𑘪𑘹 𑘫𑘹𑘪𑘘𑘲 𑘩𑘱𑘮𑘱𑘩𑘲 𑘁𑘮𑘹𑘝.,130
data/synthetic/images/line_0130_v039.png,साक्षीदारांची नावे शेवटी लिहिली आहेत.,𑘭𑘰𑘎𑘿𑘬𑘲𑘟𑘰𑘨𑘰𑘽𑘓𑘲 𑘡𑘰𑘪𑘹 𑘫𑘹𑘪𑘘𑘲 𑘩𑘱𑘮𑘱𑘩𑘲 𑘁𑘮𑘹𑘝.,130
data/synthetic/images/line_0131_v000.png,या दस्तऐवजावर राजमुद्रा आहे.,𑘧𑘰 𑘟𑘭𑘿𑘝𑘋𑘪𑘕𑘰𑘪𑘨 𑘨𑘰𑘕𑘦𑘳𑘟𑘿𑘨𑘰 𑘁𑘮𑘹.,131
data/synthetic/images/line_0131_v001.png,या दस्तऐवजावर राजमुद्रा आहे.,𑘧𑘰 𑘟𑘭𑘿𑘝𑘋𑘪𑘕𑘰𑘪𑘨 𑘨𑘰𑘕𑘦𑘳𑘟𑘿𑘨𑘰 𑘁𑘮𑘹.,131
data/synthetic/images/line_0131_v002.png,या दस्तऐवजावर राजमुद्रा आहे.,𑘧𑘰 𑘟𑘭𑘿𑘝𑘋𑘪𑘕𑘰𑘪𑘨 𑘨𑘰𑘕𑘦𑘳𑘟𑘿𑘨𑘰 𑘁𑘮𑘹.,131
data/synthetic/images/line_0131_v003.png,या दस्तऐवजावर राजमुद्रा आहे.,𑘧𑘰 𑘟𑘭𑘿𑘝𑘋𑘪𑘕𑘰𑘪𑘨 𑘨𑘰𑘕𑘦𑘳𑘟𑘿𑘨𑘰 𑘁𑘮𑘹.,131
data/synthetic/images/line_0131_v004.png,या दस्तऐवजावर राजमुद्रा आहे.,𑘧𑘰 𑘟𑘭𑘿𑘝𑘋𑘪𑘕𑘰𑘪𑘨 𑘨𑘰𑘕𑘦𑘳𑘟𑘿𑘨𑘰 𑘁𑘮𑘹.,131
data/synthetic/images/line_0131_v005.png,या दस्तऐवजावर राजमुद्रा आहे.,𑘧𑘰 𑘟𑘭𑘿𑘝𑘋𑘪𑘕𑘰𑘪𑘨 𑘨𑘰𑘕𑘦𑘳𑘟𑘿𑘨𑘰 𑘁𑘮𑘹.,131
data/synthetic/images/line_0131_v006.png,या दस्तऐवजावर राजमुद्रा आहे.,𑘧𑘰 𑘟𑘭𑘿𑘝𑘋𑘪𑘕𑘰𑘪𑘨 𑘨𑘰𑘕𑘦𑘳𑘟𑘿𑘨𑘰 𑘁𑘮𑘹.,131
data/synthetic/images/line_0131_v007.png,या दस्तऐवजावर राजमुद्रा आहे.,𑘧𑘰 𑘟𑘭𑘿𑘝𑘋𑘪𑘕𑘰𑘪𑘨 𑘨𑘰𑘕𑘦𑘳𑘟𑘿𑘨𑘰 𑘁𑘮𑘹.,131
data/synthetic/images/line_0131_v008.png,या दस्तऐवजावर राजमुद्रा आहे.,𑘧𑘰 𑘟𑘭𑘿𑘝𑘋𑘪𑘕𑘰𑘪𑘨 𑘨𑘰𑘕𑘦𑘳𑘟𑘿𑘨𑘰 𑘁𑘮𑘹.,131
data/synthetic/images/line_0131_v009.png,या दस्तऐवजावर राजमुद्रा आहे.,𑘧𑘰 𑘟𑘭𑘿𑘝𑘋𑘪𑘕𑘰𑘪𑘨 𑘨𑘰𑘕𑘦𑘳𑘟𑘿𑘨𑘰 𑘁𑘮𑘹.,131
data/synthetic/images/line_0131_v010.png,या दस्तऐवजावर राजमुद्रा आहे.,𑘧𑘰 𑘟𑘭𑘿𑘝𑘋𑘪𑘕𑘰𑘪𑘨 𑘨𑘰𑘕𑘦𑘳𑘟𑘿𑘨𑘰 𑘁𑘮𑘹.,131
data/synthetic/images/line_0131_v011.png,या दस्तऐवजावर राजमुद्रा आहे.,𑘧𑘰 𑘟𑘭𑘿𑘝𑘋𑘪𑘕𑘰𑘪𑘨 𑘨𑘰𑘕𑘦𑘳𑘟𑘿𑘨𑘰 𑘁𑘮𑘹.,131
data/synthetic/images/line_0131_v012.png,या दस्तऐवजावर राजमुद्रा आहे.,𑘧𑘰 𑘟𑘭𑘿𑘝𑘋𑘪𑘕𑘰𑘪𑘨 𑘨𑘰𑘕𑘦𑘳𑘟𑘿𑘨𑘰 𑘁𑘮𑘹.,131
data/synthetic/images/line_0131_v013.png,या दस्तऐवजावर राजमुद्रा आहे.,𑘧𑘰 𑘟𑘭𑘿𑘝𑘋𑘪𑘕𑘰𑘪𑘨 𑘨𑘰𑘕𑘦𑘳𑘟𑘿𑘨𑘰 𑘁𑘮𑘹.,131
data/synthetic/images/line_0131_v014.png,या दस्तऐवजावर राजमुद्रा आहे.,𑘧𑘰 𑘟𑘭𑘿𑘝𑘋𑘪𑘕𑘰𑘪𑘨 𑘨𑘰𑘕𑘦𑘳𑘟𑘿𑘨𑘰 𑘁𑘮𑘹.,131
data/synthetic/images/line_0131_v015.png,या दस्तऐवजावर राजमुद्रा आहे.,𑘧𑘰 𑘟𑘭𑘿𑘝𑘋𑘪𑘕𑘰𑘪𑘨 𑘨𑘰𑘕𑘦𑘳𑘟𑘿𑘨𑘰 𑘁𑘮𑘹.,131
data/synthetic/images/line_0131_v016.png,या दस्तऐवजावर राजमुद्रा आहे.,𑘧𑘰 𑘟𑘭𑘿𑘝𑘋𑘪𑘕𑘰𑘪𑘨 𑘨𑘰𑘕𑘦𑘳𑘟𑘿𑘨𑘰 𑘁𑘮𑘹.,131
data/synthetic/images/line_0131_v017.png,या दस्तऐवजावर राजमुद्रा आहे.,𑘧𑘰 𑘟𑘭𑘿𑘝𑘋𑘪𑘕𑘰𑘪𑘨 𑘨𑘰𑘕𑘦𑘳𑘟𑘿𑘨𑘰 𑘁𑘮𑘹.,131
data/synthetic/images/line_0131_v018.png,या दस्तऐवजावर राजमुद्रा आहे.,𑘧𑘰 𑘟𑘭𑘿𑘝𑘋𑘪𑘕𑘰𑘪𑘨 𑘨𑘰𑘕𑘦𑘳𑘟𑘿𑘨𑘰 𑘁𑘮𑘹.,131
data/synthetic/images/line_0131_v019.png,या दस्तऐवजावर राजमुद्रा आहे.,𑘧𑘰 𑘟𑘭𑘿𑘝𑘋𑘪𑘕𑘰𑘪𑘨 𑘨𑘰𑘕𑘦𑘳𑘟𑘿𑘨𑘰 𑘁𑘮𑘹.,131
data/synthetic/images/line_0131_v020.png,या दस्तऐवजावर राजमुद्रा आहे.,𑘧𑘰 𑘟𑘭𑘿𑘝𑘋𑘪𑘕𑘰𑘪𑘨 𑘨𑘰𑘕𑘦𑘳𑘟𑘿𑘨𑘰 𑘁𑘮𑘹.,131
data/synthetic/images/line_0131_v021.png,या दस्तऐवजावर राजमुद्रा आहे.,𑘧𑘰 𑘟𑘭𑘿𑘝𑘋𑘪𑘕𑘰𑘪𑘨 𑘨𑘰𑘕𑘦𑘳𑘟𑘿𑘨𑘰 𑘁𑘮𑘹.,131
data/synthetic/images/line_0131_v022.png,या दस्तऐवजावर राजमुद्रा आहे.,𑘧𑘰 𑘟𑘭𑘿𑘝𑘋𑘪𑘕𑘰𑘪𑘨 𑘨𑘰𑘕𑘦𑘳𑘟𑘿𑘨𑘰 𑘁𑘮𑘹.,131
data/synthetic/images/line_0131_v023.png,या दस्तऐवजावर राजमुद्रा आहे.,𑘧𑘰 𑘟𑘭𑘿𑘝𑘋𑘪𑘕𑘰𑘪𑘨 𑘨𑘰𑘕𑘦𑘳𑘟𑘿𑘨𑘰 𑘁𑘮𑘹.,131
data/synthetic/images/line_0131_v024.png,या दस्तऐवजावर राजमुद्रा आहे.,𑘧𑘰 𑘟𑘭𑘿𑘝𑘋𑘪𑘕𑘰𑘪𑘨 𑘨𑘰𑘕𑘦𑘳𑘟𑘿𑘨𑘰 𑘁𑘮𑘹.,131
data/synthetic/images/line_0131_v025.png,या दस्तऐवजावर राजमुद्रा आहे.,𑘧𑘰 𑘟𑘭𑘿𑘝𑘋𑘪𑘕𑘰𑘪𑘨 𑘨𑘰𑘕𑘦𑘳𑘟𑘿𑘨𑘰 𑘁𑘮𑘹.,131
data/synthetic/images/line_0131_v026.png,या दस्तऐवजावर राजमुद्रा आहे.,𑘧𑘰 𑘟𑘭𑘿𑘝𑘋𑘪𑘕𑘰𑘪𑘨 𑘨𑘰𑘕𑘦𑘳𑘟𑘿𑘨𑘰 𑘁𑘮𑘹.,131
data/synthetic/images/line_0131_v027.png,या दस्तऐवजावर राजमुद्रा आहे.,𑘧𑘰 𑘟𑘭𑘿𑘝𑘋𑘪𑘕𑘰𑘪𑘨 𑘨𑘰𑘕𑘦𑘳𑘟𑘿𑘨𑘰 𑘁𑘮𑘹.,131
data/synthetic/images/line_0131_v028.png,या दस्तऐवजावर राजमुद्रा आहे.,𑘧𑘰 𑘟𑘭𑘿𑘝𑘋𑘪𑘕𑘰𑘪𑘨 𑘨𑘰𑘕𑘦𑘳𑘟𑘿𑘨𑘰 𑘁𑘮𑘹.,131
data/synthetic/images/line_0131_v029.png,या दस्तऐवजावर राजमुद्रा आहे.,𑘧𑘰 𑘟𑘭𑘿𑘝𑘋𑘪𑘕𑘰𑘪𑘨 𑘨𑘰𑘕𑘦𑘳𑘟𑘿𑘨𑘰 𑘁𑘮𑘹.,131
data/synthetic/images/line_0131_v030.png,या दस्तऐवजावर राजमुद्रा आहे.,𑘧𑘰 𑘟𑘭𑘿𑘝𑘋𑘪𑘕𑘰𑘪𑘨 𑘨𑘰𑘕𑘦𑘳𑘟𑘿𑘨𑘰 𑘁𑘮𑘹.,131
data/synthetic/images/line_0131_v031.png,या दस्तऐवजावर राजमुद्रा आहे.,𑘧𑘰 𑘟𑘭𑘿𑘝𑘋𑘪𑘕𑘰𑘪𑘨 𑘨𑘰𑘕𑘦𑘳𑘟𑘿𑘨𑘰 𑘁𑘮𑘹.,131
data/synthetic/images/line_0131_v032.png,या दस्तऐवजावर राजमुद्रा आहे.,𑘧𑘰 𑘟𑘭𑘿𑘝𑘋𑘪𑘕𑘰𑘪𑘨 𑘨𑘰𑘕𑘦𑘳𑘟𑘿𑘨𑘰 𑘁𑘮𑘹.,131
data/synthetic/images/line_0131_v033.png,या दस्तऐवजावर राजमुद्रा आहे.,𑘧𑘰 𑘟𑘭𑘿𑘝𑘋𑘪𑘕𑘰𑘪𑘨 𑘨𑘰𑘕𑘦𑘳𑘟𑘿𑘨𑘰 𑘁𑘮𑘹.,131
data/synthetic/images/line_0131_v034.png,या दस्तऐवजावर राजमुद्रा आहे.,𑘧𑘰 𑘟𑘭𑘿𑘝𑘋𑘪𑘕𑘰𑘪𑘨 𑘨𑘰𑘕𑘦𑘳𑘟𑘿𑘨𑘰 𑘁𑘮𑘹.,131
data/synthetic/images/line_0131_v035.png,या दस्तऐवजावर राजमुद्रा आहे.,𑘧𑘰 𑘟𑘭𑘿𑘝𑘋𑘪𑘕𑘰𑘪𑘨 𑘨𑘰𑘕𑘦𑘳𑘟𑘿𑘨𑘰 𑘁𑘮𑘹.,131
data/synthetic/images/line_0131_v036.png,या दस्तऐवजावर राजमुद्रा आहे.,𑘧𑘰 𑘟𑘭𑘿𑘝𑘋𑘪𑘕𑘰𑘪𑘨 𑘨𑘰𑘕𑘦𑘳𑘟𑘿𑘨𑘰 𑘁𑘮𑘹.,131
data/synthetic/images/line_0131_v037.png,या दस्तऐवजावर राजमुद्रा आहे.,𑘧𑘰 𑘟𑘭𑘿𑘝𑘋𑘪𑘕𑘰𑘪𑘨 𑘨𑘰𑘕𑘦𑘳𑘟𑘿𑘨𑘰 𑘁𑘮𑘹.,131
data/synthetic/images/line_0131_v038.png,या दस्तऐवजावर राजमुद्रा आहे.,𑘧𑘰 𑘟𑘭𑘿𑘝𑘋𑘪𑘕𑘰𑘪𑘨 𑘨𑘰𑘕𑘦𑘳𑘟𑘿𑘨𑘰 𑘁𑘮𑘹.,131
data/synthetic/images/line_0131_v039.png,या दस्तऐवजावर राजमुद्रा आहे.,𑘧𑘰 𑘟𑘭𑘿𑘝𑘋𑘪𑘕𑘰𑘪𑘨 𑘨𑘰𑘕𑘦𑘳𑘟𑘿𑘨𑘰 𑘁𑘮𑘹.,131
data/synthetic/images/line_0132_v000.png,शिक्का हा अधिकृततेचे प्रतीक आहे.,𑘫𑘱𑘎𑘿𑘎𑘰 𑘮𑘰 𑘀𑘠𑘱𑘎𑘵𑘝𑘝𑘹𑘓𑘹 𑘢𑘿𑘨𑘝𑘲𑘎 𑘁𑘮𑘹.,132
data/synthetic/images/line_0132_v001.png,शिक्का हा अधिकृततेचे प्रतीक आहे.,𑘫𑘱𑘎𑘿𑘎𑘰 𑘮𑘰 𑘀𑘠𑘱𑘎𑘵𑘝𑘝𑘹𑘓𑘹 𑘢𑘿𑘨𑘝𑘲𑘎 𑘁𑘮𑘹.,132
data/synthetic/images/line_0132_v002.png,शिक्का हा अधिकृततेचे प्रतीक आहे.,𑘫𑘱𑘎𑘿𑘎𑘰 𑘮𑘰 𑘀𑘠𑘱𑘎𑘵𑘝𑘝𑘹𑘓𑘹 𑘢𑘿𑘨𑘝𑘲𑘎 𑘁𑘮𑘹.,132
data/synthetic/images/line_0132_v003.png,शिक्का हा अधिकृततेचे प्रतीक आहे.,𑘫𑘱𑘎𑘿𑘎𑘰 𑘮𑘰 𑘀𑘠𑘱𑘎𑘵𑘝𑘝𑘹𑘓𑘹 𑘢𑘿𑘨𑘝𑘲𑘎 𑘁𑘮𑘹.,132
data/synthetic/images/line_0132_v004.png,शिक्का हा अधिकृततेचे प्रतीक आहे.,𑘫𑘱𑘎𑘿𑘎𑘰 𑘮𑘰 𑘀𑘠𑘱𑘎𑘵𑘝𑘝𑘹𑘓𑘹 𑘢𑘿𑘨𑘝𑘲𑘎 𑘁𑘮𑘹.,132
data/synthetic/images/line_0132_v005.png,शिक्का हा अधिकृततेचे प्रतीक आहे.,𑘫𑘱𑘎𑘿𑘎𑘰 𑘮𑘰 𑘀𑘠𑘱𑘎𑘵𑘝𑘝𑘹𑘓𑘹 𑘢𑘿𑘨𑘝𑘲𑘎 𑘁𑘮𑘹.,132
data/synthetic/images/line_0132_v006.png,शिक्का हा अधिकृततेचे प्रतीक आहे.,𑘫𑘱𑘎𑘿𑘎𑘰 𑘮𑘰 𑘀𑘠𑘱𑘎𑘵𑘝𑘝𑘹𑘓𑘹 𑘢𑘿𑘨𑘝𑘲𑘎 𑘁𑘮𑘹.,132
data/synthetic/images/line_0132_v007.png,शिक्का हा अधिकृततेचे प्रतीक आहे.,𑘫𑘱𑘎𑘿𑘎𑘰 𑘮𑘰 𑘀𑘠𑘱𑘎𑘵𑘝𑘝𑘹𑘓𑘹 𑘢𑘿𑘨𑘝𑘲𑘎 𑘁𑘮𑘹.,132
data/synthetic/images/line_0132_v008.png,शिक्का हा अधिकृततेचे प्रतीक आहे.,𑘫𑘱𑘎𑘿𑘎𑘰 𑘮𑘰 𑘀𑘠𑘱𑘎𑘵𑘝𑘝𑘹𑘓𑘹 𑘢𑘿𑘨𑘝𑘲𑘎 𑘁𑘮𑘹.,132
data/synthetic/images/line_0132_v009.png,शिक्का हा अधिकृततेचे प्रतीक आहे.,𑘫𑘱𑘎𑘿𑘎𑘰 𑘮𑘰 𑘀𑘠𑘱𑘎𑘵𑘝𑘝𑘹𑘓𑘹 𑘢𑘿𑘨𑘝𑘲𑘎 𑘁𑘮𑘹.,132
data/synthetic/images/line_0132_v010.png,शिक्का हा अधिकृततेचे प्रतीक आहे.,𑘫𑘱𑘎𑘿𑘎𑘰 𑘮𑘰 𑘀𑘠𑘱𑘎𑘵𑘝𑘝𑘹𑘓𑘹 𑘢𑘿𑘨𑘝𑘲𑘎 𑘁𑘮𑘹.,132
data/synthetic/images/line_0132_v011.png,शिक्का हा अधिकृततेचे प्रतीक आहे.,𑘫𑘱𑘎𑘿𑘎𑘰 𑘮𑘰 𑘀𑘠𑘱𑘎𑘵𑘝𑘝𑘹𑘓𑘹 𑘢𑘿𑘨𑘝𑘲𑘎 𑘁𑘮𑘹.,132
data/synthetic/images/line_0132_v012.png,शिक्का हा अधिकृततेचे प्रतीक आहे.,𑘫𑘱𑘎𑘿𑘎𑘰 𑘮𑘰 𑘀𑘠𑘱𑘎𑘵𑘝𑘝𑘹𑘓𑘹 𑘢𑘿𑘨𑘝𑘲𑘎 𑘁𑘮𑘹.,132
data/synthetic/images/line_0132_v013.png,शिक्का हा अधिकृततेचे प्रतीक आहे.,𑘫𑘱𑘎𑘿𑘎𑘰 𑘮𑘰 𑘀𑘠𑘱𑘎𑘵𑘝𑘝𑘹𑘓𑘹 𑘢𑘿𑘨𑘝𑘲𑘎 𑘁𑘮𑘹.,132
data/synthetic/images/line_0132_v014.png,शिक्का हा अधिकृततेचे प्रतीक आहे.,𑘫𑘱𑘎𑘿𑘎𑘰 𑘮𑘰 𑘀𑘠𑘱𑘎𑘵𑘝𑘝𑘹𑘓𑘹 𑘢𑘿𑘨𑘝𑘲𑘎 𑘁𑘮𑘹.,132
data/synthetic/images/line_0132_v015.png,शिक्का हा अधिकृततेचे प्रतीक आहे.,𑘫𑘱𑘎𑘿𑘎𑘰 𑘮𑘰 𑘀𑘠𑘱𑘎𑘵𑘝𑘝𑘹𑘓𑘹 𑘢𑘿𑘨𑘝𑘲𑘎 𑘁𑘮𑘹.,132
data/synthetic/images/line_0132_v016.png,शिक्का हा अधिकृततेचे प्रतीक आहे.,𑘫𑘱𑘎𑘿𑘎𑘰 𑘮𑘰 𑘀𑘠𑘱𑘎𑘵𑘝𑘝𑘹𑘓𑘹 𑘢𑘿𑘨𑘝𑘲𑘎 𑘁𑘮𑘹.,132
data/synthetic/images/line_0132_v017.png,शिक्का हा अधिकृततेचे प्रतीक आहे.,𑘫𑘱𑘎𑘿𑘎𑘰 𑘮𑘰 𑘀𑘠𑘱𑘎𑘵𑘝𑘝𑘹𑘓𑘹 𑘢𑘿𑘨𑘝𑘲𑘎 𑘁𑘮𑘹.,132
data/synthetic/images/line_0132_v018.png,शिक्का हा अधिकृततेचे प्रतीक आहे.,𑘫𑘱𑘎𑘿𑘎𑘰 𑘮𑘰 𑘀𑘠𑘱𑘎𑘵𑘝𑘝𑘹𑘓𑘹 𑘢𑘿𑘨𑘝𑘲𑘎 𑘁𑘮𑘹.,132
data/synthetic/images/line_0132_v019.png,शिक्का हा अधिकृततेचे प्रतीक आहे.,𑘫𑘱𑘎𑘿𑘎𑘰 𑘮𑘰 𑘀𑘠𑘱𑘎𑘵𑘝𑘝𑘹𑘓𑘹 𑘢𑘿𑘨𑘝𑘲𑘎 𑘁𑘮𑘹.,132
data/synthetic/images/line_0132_v020.png,शिक्का हा अधिकृततेचे प्रतीक आहे.,𑘫𑘱𑘎𑘿𑘎𑘰 𑘮𑘰 𑘀𑘠𑘱𑘎𑘵𑘝𑘝𑘹𑘓𑘹 𑘢𑘿𑘨𑘝𑘲𑘎 𑘁𑘮𑘹.,132
data/synthetic/images/line_0132_v021.png,शिक्का हा अधिकृततेचे प्रतीक आहे.,𑘫𑘱𑘎𑘿𑘎𑘰 𑘮𑘰 𑘀𑘠𑘱𑘎𑘵𑘝𑘝𑘹𑘓𑘹 𑘢𑘿𑘨𑘝𑘲𑘎 𑘁𑘮𑘹.,132
data/synthetic/images/line_0132_v022.png,शिक्का हा अधिकृततेचे प्रतीक आहे.,𑘫𑘱𑘎𑘿𑘎𑘰 𑘮𑘰 𑘀𑘠𑘱𑘎𑘵𑘝𑘝𑘹𑘓𑘹 𑘢𑘿𑘨𑘝𑘲𑘎 𑘁𑘮𑘹.,132
data/synthetic/images/line_0132_v023.png,शिक्का हा अधिकृततेचे प्रतीक आहे.,𑘫𑘱𑘎𑘿𑘎𑘰 𑘮𑘰 𑘀𑘠𑘱𑘎𑘵𑘝𑘝𑘹𑘓𑘹 𑘢𑘿𑘨𑘝𑘲𑘎 𑘁𑘮𑘹.,132
data/synthetic/images/line_0132_v024.png,शिक्का हा अधिकृततेचे प्रतीक आहे.,𑘫𑘱𑘎𑘿𑘎𑘰 𑘮𑘰 𑘀𑘠𑘱𑘎𑘵𑘝𑘝𑘹𑘓𑘹 𑘢𑘿𑘨𑘝𑘲𑘎 𑘁𑘮𑘹.,132
data/synthetic/images/line_0132_v025.png,शिक्का हा अधिकृततेचे प्रतीक आहे.,𑘫𑘱𑘎𑘿𑘎𑘰 𑘮𑘰 𑘀𑘠𑘱𑘎𑘵𑘝𑘝𑘹𑘓𑘹 𑘢𑘿𑘨𑘝𑘲𑘎 𑘁𑘮𑘹.,132
data/synthetic/images/line_0132_v026.png,शिक्का हा अधिकृततेचे प्रतीक आहे.,𑘫𑘱𑘎𑘿𑘎𑘰 𑘮𑘰 𑘀𑘠𑘱𑘎𑘵𑘝𑘝𑘹𑘓𑘹 𑘢𑘿𑘨𑘝𑘲𑘎 𑘁𑘮𑘹.,132
data/synthetic/images/line_0132_v027.png,शिक्का हा अधिकृततेचे प्रतीक आहे.,𑘫𑘱𑘎𑘿𑘎𑘰 𑘮𑘰 𑘀𑘠𑘱𑘎𑘵𑘝𑘝𑘹𑘓𑘹 𑘢𑘿𑘨𑘝𑘲𑘎 𑘁𑘮𑘹.,132
data/synthetic/images/line_0132_v028.png,शिक्का हा अधिकृततेचे प्रतीक आहे.,𑘫𑘱𑘎𑘿𑘎𑘰 𑘮𑘰 𑘀𑘠𑘱𑘎𑘵𑘝𑘝𑘹𑘓𑘹 𑘢𑘿𑘨𑘝𑘲𑘎 𑘁𑘮𑘹.,132
data/synthetic/images/line_0132_v029.png,शिक्का हा अधिकृततेचे प्रतीक आहे.,𑘫𑘱𑘎𑘿𑘎𑘰 𑘮𑘰 𑘀𑘠𑘱𑘎𑘵𑘝𑘝𑘹𑘓𑘹 𑘢𑘿𑘨𑘝𑘲𑘎 𑘁𑘮𑘹.,132
data/synthetic/images/line_0132_v030.png,शिक्का हा अधिकृततेचे प्रतीक आहे.,𑘫𑘱𑘎𑘿𑘎𑘰 𑘮𑘰 𑘀𑘠𑘱𑘎𑘵𑘝𑘝𑘹𑘓𑘹 𑘢𑘿𑘨𑘝𑘲𑘎 𑘁𑘮𑘹.,132
data/synthetic/images/line_0132_v031.png,शिक्का हा अधिकृततेचे प्रतीक आहे.,𑘫𑘱𑘎𑘿𑘎𑘰 𑘮𑘰 𑘀𑘠𑘱𑘎𑘵𑘝𑘝𑘹𑘓𑘹 𑘢𑘿𑘨𑘝𑘲𑘎 𑘁𑘮𑘹.,132
data/synthetic/images/line_0132_v032.png,शिक्का हा अधिकृततेचे प्रतीक आहे.,𑘫𑘱𑘎𑘿𑘎𑘰 𑘮𑘰 𑘀𑘠𑘱𑘎𑘵𑘝𑘝𑘹𑘓𑘹 𑘢𑘿𑘨𑘝𑘲𑘎 𑘁𑘮𑘹.,132
data/synthetic/images/line_0132_v033.png,शिक्का हा अधिकृततेचे प्रतीक आहे.,𑘫𑘱𑘎𑘿𑘎𑘰 𑘮𑘰 𑘀𑘠𑘱𑘎𑘵𑘝𑘝𑘹𑘓𑘹 𑘢𑘿𑘨𑘝𑘲𑘎 𑘁𑘮𑘹.,132
data/synthetic/images/line_0132_v034.png,शिक्का हा अधिकृततेचे प्रतीक आहे.,𑘫𑘱𑘎𑘿𑘎𑘰 𑘮𑘰 𑘀𑘠𑘱𑘎𑘵𑘝𑘝𑘹𑘓𑘹 𑘢𑘿𑘨𑘝𑘲𑘎 𑘁𑘮𑘹.,132
data/synthetic/images/line_0132_v035.png,शिक्का हा अधिकृततेचे प्रतीक आहे.,𑘫𑘱𑘎𑘿𑘎𑘰 𑘮𑘰 𑘀𑘠𑘱𑘎𑘵𑘝𑘝𑘹𑘓𑘹 𑘢𑘿𑘨𑘝𑘲𑘎 𑘁𑘮𑘹.,132
data/synthetic/images/line_0132_v036.png,शिक्का हा अधिकृततेचे प्रतीक आहे.,𑘫𑘱𑘎𑘿𑘎𑘰 𑘮𑘰 𑘀𑘠𑘱𑘎𑘵𑘝𑘝𑘹𑘓𑘹 𑘢𑘿𑘨𑘝𑘲𑘎 𑘁𑘮𑘹.,132
data/synthetic/images/line_0132_v037.png,शिक्का हा अधिकृततेचे प्रतीक आहे.,𑘫𑘱𑘎𑘿𑘎𑘰 𑘮𑘰 𑘀𑘠𑘱𑘎𑘵𑘝𑘝𑘹𑘓𑘹 𑘢𑘿𑘨𑘝𑘲𑘎 𑘁𑘮𑘹.,132
data/synthetic/images/line_0132_v038.png,शिक्का हा अधिकृततेचे प्रतीक आहे.,𑘫𑘱𑘎𑘿𑘎𑘰 𑘮𑘰 𑘀𑘠𑘱𑘎𑘵𑘝𑘝𑘹𑘓𑘹 𑘢𑘿𑘨𑘝𑘲𑘎 𑘁𑘮𑘹.,132
data/synthetic/images/line_0132_v039.png,शिक्का हा अधिकृततेचे प्रतीक आहे.,𑘫𑘱𑘎𑘿𑘎𑘰 𑘮𑘰 𑘀𑘠𑘱𑘎𑘵𑘝𑘝𑘹𑘓𑘹 𑘢𑘿𑘨𑘝𑘲𑘎 𑘁𑘮𑘹.,132
data/synthetic/images/line_0133_v000.png,पत्रावर सही आणि तारीख आहे.,𑘢𑘝𑘿𑘨𑘰𑘪𑘨 𑘭𑘮𑘲 𑘁𑘜𑘱 𑘝𑘰𑘨𑘲𑘏 𑘁𑘮𑘹.,133
data/synthetic/images/line_0133_v001.png,पत्रावर सही आणि तारीख आहे.,𑘢𑘝𑘿𑘨𑘰𑘪𑘨 𑘭𑘮𑘲 𑘁𑘜𑘱 𑘝𑘰𑘨𑘲𑘏 𑘁𑘮𑘹.,133
data/synthetic/images/line_0133_v002.png,पत्रावर सही आणि तारीख आहे.,𑘢𑘝𑘿𑘨𑘰𑘪𑘨 𑘭𑘮𑘲 𑘁𑘜𑘱 𑘝𑘰𑘨𑘲𑘏 𑘁𑘮𑘹.,133
data/synthetic/images/line_0133_v003.png,पत्रावर सही आणि तारीख आहे.,𑘢𑘝𑘿𑘨𑘰𑘪𑘨 𑘭𑘮𑘲 𑘁𑘜𑘱 𑘝𑘰𑘨𑘲𑘏 𑘁𑘮𑘹.,133
data/synthetic/images/line_0133_v004.png,पत्रावर सही आणि तारीख आहे.,𑘢𑘝𑘿𑘨𑘰𑘪𑘨 𑘭𑘮𑘲 𑘁𑘜𑘱 𑘝𑘰𑘨𑘲𑘏 𑘁𑘮𑘹.,133
data/synthetic/images/line_0133_v005.png,पत्रावर सही आणि तारीख आहे.,𑘢𑘝𑘿𑘨𑘰𑘪𑘨 𑘭𑘮𑘲 𑘁𑘜𑘱 𑘝𑘰𑘨𑘲𑘏 𑘁𑘮𑘹.,133
data/synthetic/images/line_0133_v006.png,पत्रावर सही आणि तारीख आहे.,𑘢𑘝𑘿𑘨𑘰𑘪𑘨 𑘭𑘮𑘲 𑘁𑘜𑘱 𑘝𑘰𑘨𑘲𑘏 𑘁𑘮𑘹.,133
data/synthetic/images/line_0133_v007.png,पत्रावर सही आणि तारीख आहे.,𑘢𑘝𑘿𑘨𑘰𑘪𑘨 𑘭𑘮𑘲 𑘁𑘜𑘱 𑘝𑘰𑘨𑘲𑘏 𑘁𑘮𑘹.,133
data/synthetic/images/line_0133_v008.png,पत्रावर सही आणि तारीख आहे.,𑘢𑘝𑘿𑘨𑘰𑘪𑘨 𑘭𑘮𑘲 𑘁𑘜𑘱 𑘝𑘰𑘨𑘲𑘏 𑘁𑘮𑘹.,133
data/synthetic/images/line_0133_v009.png,पत्रावर सही आणि तारीख आहे.,𑘢𑘝𑘿𑘨𑘰𑘪𑘨 𑘭𑘮𑘲 𑘁𑘜𑘱 𑘝𑘰𑘨𑘲𑘏 𑘁𑘮𑘹.,133
data/synthetic/images/line_0133_v010.png,पत्रावर सही आणि तारीख आहे.,𑘢𑘝𑘿𑘨𑘰𑘪𑘨 𑘭𑘮𑘲 𑘁𑘜𑘱 𑘝𑘰𑘨𑘲𑘏 𑘁𑘮𑘹.,133
data/synthetic/images/line_0133_v011.png,पत्रावर सही आणि तारीख आहे.,𑘢𑘝𑘿𑘨𑘰𑘪𑘨 𑘭𑘮𑘲 𑘁𑘜𑘱 𑘝𑘰𑘨𑘲𑘏 𑘁𑘮𑘹.,133
data/synthetic/images/line_0133_v012.png,पत्रावर सही आणि तारीख आहे.,𑘢𑘝𑘿𑘨𑘰𑘪𑘨 𑘭𑘮𑘲 𑘁𑘜𑘱 𑘝𑘰𑘨𑘲𑘏 𑘁𑘮𑘹.,133
data/synthetic/images/line_0133_v013.png,पत्रावर सही आणि तारीख आहे.,𑘢𑘝𑘿𑘨𑘰𑘪𑘨 𑘭𑘮𑘲 𑘁𑘜𑘱 𑘝𑘰𑘨𑘲𑘏 𑘁𑘮𑘹.,133
data/synthetic/images/line_0133_v014.png,पत्रावर सही आणि तारीख आहे.,𑘢𑘝𑘿𑘨𑘰𑘪𑘨 𑘭𑘮𑘲 𑘁𑘜𑘱 𑘝𑘰𑘨𑘲𑘏 𑘁𑘮𑘹.,133
data/synthetic/images/line_0133_v015.png,पत्रावर सही आणि तारीख आहे.,𑘢𑘝𑘿𑘨𑘰𑘪𑘨 𑘭𑘮𑘲 𑘁𑘜𑘱 𑘝𑘰𑘨𑘲𑘏 𑘁𑘮𑘹.,133
data/synthetic/images/line_0133_v016.png,पत्रावर सही आणि तारीख आहे.,𑘢𑘝𑘿𑘨𑘰𑘪𑘨 𑘭𑘮𑘲 𑘁𑘜𑘱 𑘝𑘰𑘨𑘲𑘏 𑘁𑘮𑘹.,133
data/synthetic/images/line_0133_v017.png,पत्रावर सही आणि तारीख आहे.,𑘢𑘝𑘿𑘨𑘰𑘪𑘨 𑘭𑘮𑘲 𑘁𑘜𑘱 𑘝𑘰𑘨𑘲𑘏 𑘁𑘮𑘹.,133
data/synthetic/images/line_0133_v018.png,पत्रावर सही आणि तारीख आहे.,𑘢𑘝𑘿𑘨𑘰𑘪𑘨 𑘭𑘮𑘲 𑘁𑘜𑘱 𑘝𑘰𑘨𑘲𑘏 𑘁𑘮𑘹.,133
data/synthetic/images/line_0133_v019.png,पत्रावर सही आणि तारीख आहे.,𑘢𑘝𑘿𑘨𑘰𑘪𑘨 𑘭𑘮𑘲 𑘁𑘜𑘱 𑘝𑘰𑘨𑘲𑘏 𑘁𑘮𑘹.,133
data/synthetic/images/line_0133_v020.png,पत्रावर सही आणि तारीख आहे.,𑘢𑘝𑘿𑘨𑘰𑘪𑘨 𑘭𑘮𑘲 𑘁𑘜𑘱 𑘝𑘰𑘨𑘲𑘏 𑘁𑘮𑘹.,133
data/synthetic/images/line_0133_v021.png,पत्रावर सही आणि तारीख आहे.,𑘢𑘝𑘿𑘨𑘰𑘪𑘨 𑘭𑘮𑘲 𑘁𑘜𑘱 𑘝𑘰𑘨𑘲𑘏 𑘁𑘮𑘹.,133
data/synthetic/images/line_0133_v022.png,पत्रावर सही आणि तारीख आहे.,𑘢𑘝𑘿𑘨𑘰𑘪𑘨 𑘭𑘮𑘲 𑘁𑘜𑘱 𑘝𑘰𑘨𑘲𑘏 𑘁𑘮𑘹.,133
data/synthetic/images/line_0133_v023.png,पत्रावर सही आणि तारीख आहे.,𑘢𑘝𑘿𑘨𑘰𑘪𑘨 𑘭𑘮𑘲 𑘁𑘜𑘱 𑘝𑘰𑘨𑘲𑘏 𑘁𑘮𑘹.,133
data/synthetic/images/line_0133_v024.png,पत्रावर सही आणि तारीख आहे.,𑘢𑘝𑘿𑘨𑘰𑘪𑘨 𑘭𑘮𑘲 𑘁𑘜𑘱 𑘝𑘰𑘨𑘲𑘏 𑘁𑘮𑘹.,133
data/synthetic/images/line_0133_v025.png,पत्रावर सही आणि तारीख आहे.,𑘢𑘝𑘿𑘨𑘰𑘪𑘨 𑘭𑘮𑘲 𑘁𑘜𑘱 𑘝𑘰𑘨𑘲𑘏 𑘁𑘮𑘹.,133
data/synthetic/images/line_0133_v026.png,पत्रावर सही आणि तारीख आहे.,𑘢𑘝𑘿𑘨𑘰𑘪𑘨 𑘭𑘮𑘲 𑘁𑘜𑘱 𑘝𑘰𑘨𑘲𑘏 𑘁𑘮𑘹.,133
data/synthetic/images/line_0133_v027.png,पत्रावर सही आणि तारीख आहे.,𑘢𑘝𑘿𑘨𑘰𑘪𑘨 𑘭𑘮𑘲 𑘁𑘜𑘱 𑘝𑘰𑘨𑘲𑘏 𑘁𑘮𑘹.,133
data/synthetic/images/line_0133_v028.png,पत्रावर सही आणि तारीख आहे.,𑘢𑘝𑘿𑘨𑘰𑘪𑘨 𑘭𑘮𑘲 𑘁𑘜𑘱 𑘝𑘰𑘨𑘲𑘏 𑘁𑘮𑘹.,133
data/synthetic/images/line_0133_v029.png,पत्रावर सही आणि तारीख आहे.,𑘢𑘝𑘿𑘨𑘰𑘪𑘨 𑘭𑘮𑘲 𑘁𑘜𑘱 𑘝𑘰𑘨𑘲𑘏 𑘁𑘮𑘹.,133
data/synthetic/images/line_0133_v030.png,पत्रावर सही आणि तारीख आहे.,𑘢𑘝𑘿𑘨𑘰𑘪𑘨 𑘭𑘮𑘲 𑘁𑘜𑘱 𑘝𑘰𑘨𑘲𑘏 𑘁𑘮𑘹.,133
data/synthetic/images/line_0133_v031.png,पत्रावर सही आणि तारीख आहे.,𑘢𑘝𑘿𑘨𑘰𑘪𑘨 𑘭𑘮𑘲 𑘁𑘜𑘱 𑘝𑘰𑘨𑘲𑘏 𑘁𑘮𑘹.,133
data/synthetic/images/line_0133_v032.png,पत्रावर सही आणि तारीख आहे.,𑘢𑘝𑘿𑘨𑘰𑘪𑘨 𑘭𑘮𑘲 𑘁𑘜𑘱 𑘝𑘰𑘨𑘲𑘏 𑘁𑘮𑘹.,133
data/synthetic/images/line_0133_v033.png,पत्रावर सही आणि तारीख आहे.,𑘢𑘝𑘿𑘨𑘰𑘪𑘨 𑘭𑘮𑘲 𑘁𑘜𑘱 𑘝𑘰𑘨𑘲𑘏 𑘁𑘮𑘹.,133
data/synthetic/images/line_0133_v034.png,पत्रावर सही आणि तारीख आहे.,𑘢𑘝𑘿𑘨𑘰𑘪𑘨 𑘭𑘮𑘲 𑘁𑘜𑘱 𑘝𑘰𑘨𑘲𑘏 𑘁𑘮𑘹.,133
data/synthetic/images/line_0133_v035.png,पत्रावर सही आणि तारीख आहे.,𑘢𑘝𑘿𑘨𑘰𑘪𑘨 𑘭𑘮𑘲 𑘁𑘜𑘱 𑘝𑘰𑘨𑘲𑘏 𑘁𑘮𑘹.,133
data/synthetic/images/line_0133_v036.png,पत्रावर सही आणि तारीख आहे.,𑘢𑘝𑘿𑘨𑘰𑘪𑘨 𑘭𑘮𑘲 𑘁𑘜𑘱 𑘝𑘰𑘨𑘲𑘏 𑘁𑘮𑘹.,133
data/synthetic/images/line_0133_v037.png,पत्रावर सही आणि तारीख आहे.,𑘢𑘝𑘿𑘨𑘰𑘪𑘨 𑘭𑘮𑘲 𑘁𑘜𑘱 𑘝𑘰𑘨𑘲𑘏 𑘁𑘮𑘹.,133
data/synthetic/images/line_0133_v038.png,पत्रावर सही आणि तारीख आहे.,𑘢𑘝𑘿𑘨𑘰𑘪𑘨 𑘭𑘮𑘲 𑘁𑘜𑘱 𑘝𑘰𑘨𑘲𑘏 𑘁𑘮𑘹.,133
data/synthetic/images/line_0133_v039.png,पत्रावर सही आणि तारीख आहे.,𑘢𑘝𑘿𑘨𑘰𑘪𑘨 𑘭𑘮𑘲 𑘁𑘜𑘱 𑘝𑘰𑘨𑘲𑘏 𑘁𑘮𑘹.,133
data/synthetic/images/line_0134_v000.png,हे पत्र मराठी भाषेत लिहिलेले आहे.,𑘮𑘹 𑘢𑘝𑘿𑘨 𑘦𑘨𑘰𑘙𑘲 𑘥𑘰𑘬𑘹𑘝 𑘩𑘱𑘮𑘱𑘩𑘹𑘩𑘹 𑘁𑘮𑘹.,134
data/synthetic/images/line_0134_v001.png,हे पत्र मराठी भाषेत लिहिलेले आहे.,𑘮𑘹 𑘢𑘝𑘿𑘨 𑘦𑘨𑘰𑘙𑘲 𑘥𑘰𑘬𑘹𑘝 𑘩𑘱𑘮𑘱𑘩𑘹𑘩𑘹 𑘁𑘮𑘹.,134
data/synthetic/images/line_0134_v002.png,हे पत्र मराठी भाषेत लिहिलेले आहे.,𑘮𑘹 𑘢𑘝𑘿𑘨 𑘦𑘨𑘰𑘙𑘲 𑘥𑘰𑘬𑘹𑘝 𑘩𑘱𑘮𑘱𑘩𑘹𑘩𑘹 𑘁𑘮𑘹.,134
data/synthetic/images/line_0134_v003.png,हे पत्र मराठी भाषेत लिहिलेले आहे.,𑘮𑘹 𑘢𑘝𑘿𑘨 𑘦𑘨𑘰𑘙𑘲 𑘥𑘰𑘬𑘹𑘝 𑘩𑘱𑘮𑘱𑘩𑘹𑘩𑘹 𑘁𑘮𑘹.,134
data/synthetic/images/line_0134_v004.png,हे पत्र मराठी भाषेत लिहिलेले आहे.,𑘮𑘹 𑘢𑘝𑘿𑘨 𑘦𑘨𑘰𑘙𑘲 𑘥𑘰𑘬𑘹𑘝 𑘩𑘱𑘮𑘱𑘩𑘹𑘩𑘹 𑘁𑘮𑘹.,134
data/synthetic/images/line_0134_v005.png,हे पत्र मराठी भाषेत लिहिलेले आहे.,𑘮𑘹 𑘢𑘝𑘿𑘨 𑘦𑘨𑘰𑘙𑘲 𑘥𑘰𑘬𑘹𑘝 𑘩𑘱𑘮𑘱𑘩𑘹𑘩𑘹 𑘁𑘮𑘹.,134
data/synthetic/images/line_0134_v006.png,हे पत्र मराठी भाषेत लिहिलेले आहे.,𑘮𑘹 𑘢𑘝𑘿𑘨 𑘦𑘨𑘰𑘙𑘲 𑘥𑘰𑘬𑘹𑘝 𑘩𑘱𑘮𑘱𑘩𑘹𑘩𑘹 𑘁𑘮𑘹.,134
data/synthetic/images/line_0134_v007.png,हे पत्र मराठी भाषेत लिहिलेले आहे.,𑘮𑘹 𑘢𑘝𑘿𑘨 𑘦𑘨𑘰𑘙𑘲 𑘥𑘰𑘬𑘹𑘝 𑘩𑘱𑘮𑘱𑘩𑘹𑘩𑘹 𑘁𑘮𑘹.,134
data/synthetic/images/line_0134_v008.png,हे पत्र मराठी भाषेत लिहिलेले आहे.,𑘮𑘹 𑘢𑘝𑘿𑘨 𑘦𑘨𑘰𑘙𑘲 𑘥𑘰𑘬𑘹𑘝 𑘩𑘱𑘮𑘱𑘩𑘹𑘩𑘹 𑘁𑘮𑘹.,134
data/synthetic/images/line_0134_v009.png,हे पत्र मराठी भाषेत लिहिलेले आहे.,𑘮𑘹 𑘢𑘝𑘿𑘨 𑘦𑘨𑘰𑘙𑘲 𑘥𑘰𑘬𑘹𑘝 𑘩𑘱𑘮𑘱𑘩𑘹𑘩𑘹 𑘁𑘮𑘹.,134
data/synthetic/images/line_0134_v010.png,हे पत्र मराठी भाषेत लिहिलेले आहे.,𑘮𑘹 𑘢𑘝𑘿𑘨 𑘦𑘨𑘰𑘙𑘲 𑘥𑘰𑘬𑘹𑘝 𑘩𑘱𑘮𑘱𑘩𑘹𑘩𑘹 𑘁𑘮𑘹.,134
data/synthetic/images/line_0134_v011.png,हे पत्र मराठी भाषेत लिहिलेले आहे.,𑘮𑘹 𑘢𑘝𑘿𑘨 𑘦𑘨𑘰𑘙𑘲 𑘥𑘰𑘬𑘹𑘝 𑘩𑘱𑘮𑘱𑘩𑘹𑘩𑘹 𑘁𑘮𑘹.,134
data/synthetic/images/line_0134_v012.png,हे पत्र मराठी भाषेत लिहिलेले आहे.,𑘮𑘹 𑘢𑘝𑘿𑘨 𑘦𑘨𑘰𑘙𑘲 𑘥𑘰𑘬𑘹𑘝 𑘩𑘱𑘮𑘱𑘩𑘹𑘩𑘹 𑘁𑘮𑘹.,134
data/synthetic/images/line_0134_v013.png,हे पत्र मराठी भाषेत लिहिलेले आहे.,𑘮𑘹 𑘢𑘝𑘿𑘨 𑘦𑘨𑘰𑘙𑘲 𑘥𑘰𑘬𑘹𑘝 𑘩𑘱𑘮𑘱𑘩𑘹𑘩𑘹 𑘁𑘮𑘹.,134
data/synthetic/images/line_0134_v014.png,हे पत्र मराठी भाषेत लिहिलेले आहे.,𑘮𑘹 𑘢𑘝𑘿𑘨 𑘦𑘨𑘰𑘙𑘲 𑘥𑘰𑘬𑘹𑘝 𑘩𑘱𑘮𑘱𑘩𑘹𑘩𑘹 𑘁𑘮𑘹.,134
data/synthetic/images/line_0134_v015.png,हे पत्र मराठी भाषेत लिहिलेले आहे.,𑘮𑘹 𑘢𑘝𑘿𑘨 𑘦𑘨𑘰𑘙𑘲 𑘥𑘰𑘬𑘹𑘝 𑘩𑘱𑘮𑘱𑘩𑘹𑘩𑘹 𑘁𑘮𑘹.,134
data/synthetic/images/line_0134_v016.png,हे पत्र मराठी भाषेत लिहिलेले आहे.,𑘮𑘹 𑘢𑘝𑘿𑘨 𑘦𑘨𑘰𑘙𑘲 𑘥𑘰𑘬𑘹𑘝 𑘩𑘱𑘮𑘱𑘩𑘹𑘩𑘹 𑘁𑘮𑘹.,134
data/synthetic/images/line_0134_v017.png,हे पत्र मराठी भाषेत लिहिलेले आहे.,𑘮𑘹 𑘢𑘝𑘿𑘨 𑘦𑘨𑘰𑘙𑘲 𑘥𑘰𑘬𑘹𑘝 𑘩𑘱𑘮𑘱𑘩𑘹𑘩𑘹 𑘁𑘮𑘹.,134
data/synthetic/images/line_0134_v018.png,हे पत्र मराठी भाषेत लिहिलेले आहे.,𑘮𑘹 𑘢𑘝𑘿𑘨 𑘦𑘨𑘰𑘙𑘲 𑘥𑘰𑘬𑘹𑘝 𑘩𑘱𑘮𑘱𑘩𑘹𑘩𑘹 𑘁𑘮𑘹.,134
data/synthetic/images/line_0134_v019.png,हे पत्र मराठी भाषेत लिहिलेले आहे.,𑘮𑘹 𑘢𑘝𑘿𑘨 𑘦𑘨𑘰𑘙𑘲 𑘥𑘰𑘬𑘹𑘝 𑘩𑘱𑘮𑘱𑘩𑘹𑘩𑘹 𑘁𑘮𑘹.,134
data/synthetic/images/line_0134_v020.png,हे पत्र मराठी भाषेत लिहिलेले आहे.,𑘮𑘹 𑘢𑘝𑘿𑘨 𑘦𑘨𑘰𑘙𑘲 𑘥𑘰𑘬𑘹𑘝 𑘩𑘱𑘮𑘱𑘩𑘹𑘩𑘹 𑘁𑘮𑘹.,134
data/synthetic/images/line_0134_v021.png,हे पत्र मराठी भाषेत लिहिलेले आहे.,𑘮𑘹 𑘢𑘝𑘿𑘨 𑘦𑘨𑘰𑘙𑘲 𑘥𑘰𑘬𑘹𑘝 𑘩𑘱𑘮𑘱𑘩𑘹𑘩𑘹 𑘁𑘮𑘹.,134
data/synthetic/images/line_0134_v022.png,हे पत्र मराठी भाषेत लिहिलेले आहे.,𑘮𑘹 𑘢𑘝𑘿𑘨 𑘦𑘨𑘰𑘙𑘲 𑘥𑘰𑘬𑘹𑘝 𑘩𑘱𑘮𑘱𑘩𑘹𑘩𑘹 𑘁𑘮𑘹.,134
data/synthetic/images/line_0134_v023.png,हे पत्र मराठी भाषेत लिहिलेले आहे.,𑘮𑘹 𑘢𑘝𑘿𑘨 𑘦𑘨𑘰𑘙𑘲 𑘥𑘰𑘬𑘹𑘝 𑘩𑘱𑘮𑘱𑘩𑘹𑘩𑘹 𑘁𑘮𑘹.,134
data/synthetic/images/line_0134_v024.png,हे पत्र मराठी भाषेत लिहिलेले आहे.,𑘮𑘹 𑘢𑘝𑘿𑘨 𑘦𑘨𑘰𑘙𑘲 𑘥𑘰𑘬𑘹𑘝 𑘩𑘱𑘮𑘱𑘩𑘹𑘩𑘹 𑘁𑘮𑘹.,134
data/synthetic/images/line_0134_v025.png,हे पत्र मराठी भाषेत लिहिलेले आहे.,𑘮𑘹 𑘢𑘝𑘿𑘨 𑘦𑘨𑘰𑘙𑘲 𑘥𑘰𑘬𑘹𑘝 𑘩𑘱𑘮𑘱𑘩𑘹𑘩𑘹 𑘁𑘮𑘹.,134
data/synthetic/images/line_0134_v026.png,हे पत्र मराठी भाषेत लिहिलेले आहे.,𑘮𑘹 𑘢𑘝𑘿𑘨 𑘦𑘨𑘰𑘙𑘲 𑘥𑘰𑘬𑘹𑘝 𑘩𑘱𑘮𑘱𑘩𑘹𑘩𑘹 𑘁𑘮𑘹.,134
data/synthetic/images/line_0134_v027.png,हे पत्र मराठी भाषेत लिहिलेले आहे.,𑘮𑘹 𑘢𑘝𑘿𑘨 𑘦𑘨𑘰𑘙𑘲 𑘥𑘰𑘬𑘹𑘝 𑘩𑘱𑘮𑘱𑘩𑘹𑘩𑘹 𑘁𑘮𑘹.,134
data/synthetic/images/line_0134_v028.png,हे पत्र मराठी भाषेत लिहिलेले आहे.,𑘮𑘹 𑘢𑘝𑘿𑘨 𑘦𑘨𑘰𑘙𑘲 𑘥𑘰𑘬𑘹𑘝 𑘩𑘱𑘮𑘱𑘩𑘹𑘩𑘹 𑘁𑘮𑘹.,134
data/synthetic/images/line_0134_v029.png,हे पत्र मराठी भाषेत लिहिलेले आहे.,𑘮𑘹 𑘢𑘝𑘿𑘨 𑘦𑘨𑘰𑘙𑘲 𑘥𑘰𑘬𑘹𑘝 𑘩𑘱𑘮𑘱𑘩𑘹𑘩𑘹 𑘁𑘮𑘹.,134
data/synthetic/images/line_0134_v030.png,हे पत्र मराठी भाषेत लिहिलेले आहे.,𑘮𑘹 𑘢𑘝𑘿𑘨 𑘦𑘨𑘰𑘙𑘲 𑘥𑘰𑘬𑘹𑘝 𑘩𑘱𑘮𑘱𑘩𑘹𑘩𑘹 𑘁𑘮𑘹.,134
data/synthetic/images/line_0134_v031.png,हे पत्र मराठी भाषेत लिहिलेले आहे.,𑘮𑘹 𑘢𑘝𑘿𑘨 𑘦𑘨𑘰𑘙𑘲 𑘥𑘰𑘬𑘹𑘝 𑘩𑘱𑘮𑘱𑘩𑘹𑘩𑘹 𑘁𑘮𑘹.,134
data/synthetic/images/line_0134_v032.png,हे पत्र मराठी भाषेत लिहिलेले आहे.,𑘮𑘹 𑘢𑘝𑘿𑘨 𑘦𑘨𑘰𑘙𑘲 𑘥𑘰𑘬𑘹𑘝 𑘩𑘱𑘮𑘱𑘩𑘹𑘩𑘹 𑘁𑘮𑘹.,134
data/synthetic/images/line_0134_v033.png,हे पत्र मराठी भाषेत लिहिलेले आहे.,𑘮𑘹 𑘢𑘝𑘿𑘨 𑘦𑘨𑘰𑘙𑘲 𑘥𑘰𑘬𑘹𑘝 𑘩𑘱𑘮𑘱𑘩𑘹𑘩𑘹 𑘁𑘮𑘹.,134
data/synthetic/images/line_0134_v034.png,हे पत्र मराठी भाषेत लिहिलेले आहे.,𑘮𑘹 𑘢𑘝𑘿𑘨 𑘦𑘨𑘰𑘙𑘲 𑘥𑘰𑘬𑘹𑘝 𑘩𑘱𑘮𑘱𑘩𑘹𑘩𑘹 𑘁𑘮𑘹.,134
data/synthetic/images/line_0134_v035.png,हे पत्र मराठी भाषेत लिहिलेले आहे.,𑘮𑘹 𑘢𑘝𑘿𑘨 𑘦𑘨𑘰𑘙𑘲 𑘥𑘰𑘬𑘹𑘝 𑘩𑘱𑘮𑘱𑘩𑘹𑘩𑘹 𑘁𑘮𑘹.,134
data/synthetic/images/line_0134_v036.png,हे पत्र मराठी भाषेत लिहिलेले आहे.,𑘮𑘹 𑘢𑘝𑘿𑘨 𑘦𑘨𑘰𑘙𑘲 𑘥𑘰𑘬𑘹𑘝 𑘩𑘱𑘮𑘱𑘩𑘹𑘩𑘹 𑘁𑘮𑘹.,134
data/synthetic/images/line_0134_v037.png,हे पत्र मराठी भाषेत लिहिलेले आहे.,𑘮𑘹 𑘢𑘝𑘿𑘨 𑘦𑘨𑘰𑘙𑘲 𑘥𑘰𑘬𑘹𑘝 𑘩𑘱𑘮𑘱𑘩𑘹𑘩𑘹 𑘁𑘮𑘹.,134
data/synthetic/images/line_0134_v038.png,हे पत्र मराठी भाषेत लिहिलेले आहे.,𑘮𑘹 𑘢𑘝𑘿𑘨 𑘦𑘨𑘰𑘙𑘲 𑘥𑘰𑘬𑘹𑘝 𑘩𑘱𑘮𑘱𑘩𑘹𑘩𑘹 𑘁𑘮𑘹.,134
data/synthetic/images/line_0134_v039.png,हे पत्र मराठी भाषेत लिहिलेले आहे.,𑘮𑘹 𑘢𑘝𑘿𑘨 𑘦𑘨𑘰𑘙𑘲 𑘥𑘰𑘬𑘹𑘝 𑘩𑘱𑘮𑘱𑘩𑘹𑘩𑘹 𑘁𑘮𑘹.,134
data/synthetic/images/line_0135_v000.png,अक्षरांचा आकार वेगवेगळा आहे.,𑘀𑘎𑘿𑘬𑘨𑘰𑘽𑘓𑘰 𑘁𑘎𑘰𑘨 𑘪𑘹𑘐𑘪𑘹𑘐𑘯𑘰 𑘁𑘮𑘹.,135
data/synthetic/images/line_0135_v001.png,अक्षरांचा आकार वेगवेगळा आहे.,𑘀𑘎𑘿𑘬𑘨𑘰𑘽𑘓𑘰 𑘁𑘎𑘰𑘨 𑘪𑘹𑘐𑘪𑘹𑘐𑘯𑘰 𑘁𑘮𑘹.,135
data/synthetic/images/line_0135_v002.png,अक्षरांचा आकार वेगवेगळा आहे.,𑘀𑘎𑘿𑘬𑘨𑘰𑘽𑘓𑘰 𑘁𑘎𑘰𑘨 𑘪𑘹𑘐𑘪𑘹𑘐𑘯𑘰 𑘁𑘮𑘹.,135
data/synthetic/images/line_0135_v003.png,अक्षरांचा आकार वेगवेगळा आहे.,𑘀𑘎𑘿𑘬𑘨𑘰𑘽𑘓𑘰 𑘁𑘎𑘰𑘨 𑘪𑘹𑘐𑘪𑘹𑘐𑘯𑘰 𑘁𑘮𑘹.,135
data/synthetic/images/line_0135_v004.png,अक्षरांचा आकार वेगवेगळा आहे.,𑘀𑘎𑘿𑘬𑘨𑘰𑘽𑘓𑘰 𑘁𑘎𑘰𑘨 𑘪𑘹𑘐𑘪𑘹𑘐𑘯𑘰 𑘁𑘮𑘹.,135
data/synthetic/images/line_0135_v005.png,अक्षरांचा आकार वेगवेगळा आहे.,𑘀𑘎𑘿𑘬𑘨𑘰𑘽𑘓𑘰 𑘁𑘎𑘰𑘨 𑘪𑘹𑘐𑘪𑘹𑘐𑘯𑘰 𑘁𑘮𑘹.,135
data/synthetic/images/line_0135_v006.png,अक्षरांचा आकार वेगवेगळा आहे.,𑘀𑘎𑘿𑘬𑘨𑘰𑘽𑘓𑘰 𑘁𑘎𑘰𑘨 𑘪𑘹𑘐𑘪𑘹𑘐𑘯𑘰 𑘁𑘮𑘹.,135
data/synthetic/images/line_0135_v007.png,अक्षरांचा आकार वेगवेगळा आहे.,𑘀𑘎𑘿𑘬𑘨𑘰𑘽𑘓𑘰 𑘁𑘎𑘰𑘨 𑘪𑘹𑘐𑘪𑘹𑘐𑘯𑘰 𑘁𑘮𑘹.,135
data/synthetic/images/line_0135_v008.png,अक्षरांचा आकार वेगवेगळा आहे.,𑘀𑘎𑘿𑘬𑘨𑘰𑘽𑘓𑘰 𑘁𑘎𑘰𑘨 𑘪𑘹𑘐𑘪𑘹𑘐𑘯𑘰 𑘁𑘮𑘹.,135
data/synthetic/images/line_0135_v009.png,अक्षरांचा आकार वेगवेगळा आहे.,𑘀𑘎𑘿𑘬𑘨𑘰𑘽𑘓𑘰 𑘁𑘎𑘰𑘨 𑘪𑘹𑘐𑘪𑘹𑘐𑘯𑘰 𑘁𑘮𑘹.,135
data/synthetic/images/line_0135_v010.png,अक्षरांचा आकार वेगवेगळा आहे.,𑘀𑘎𑘿𑘬𑘨𑘰𑘽𑘓𑘰 𑘁𑘎𑘰𑘨 𑘪𑘹𑘐𑘪𑘹𑘐𑘯𑘰 𑘁𑘮𑘹.,135
data/synthetic/images/line_0135_v011.png,अक्षरांचा आकार वेगवेगळा आहे.,𑘀𑘎𑘿𑘬𑘨𑘰𑘽𑘓𑘰 𑘁𑘎𑘰𑘨 𑘪𑘹𑘐𑘪𑘹𑘐𑘯𑘰 𑘁𑘮𑘹.,135
data/synthetic/images/line_0135_v012.png,अक्षरांचा आकार वेगवेगळा आहे.,𑘀𑘎𑘿𑘬𑘨𑘰𑘽𑘓𑘰 𑘁𑘎𑘰𑘨 𑘪𑘹𑘐𑘪𑘹𑘐𑘯𑘰 𑘁𑘮𑘹.,135
data/synthetic/images/line_0135_v013.png,अक्षरांचा आकार वेगवेगळा आहे.,𑘀𑘎𑘿𑘬𑘨𑘰𑘽𑘓𑘰 𑘁𑘎𑘰𑘨 𑘪𑘹𑘐𑘪𑘹𑘐𑘯𑘰 𑘁𑘮𑘹.,135
data/synthetic/images/line_0135_v014.png,अक्षरांचा आकार वेगवेगळा आहे.,𑘀𑘎𑘿𑘬𑘨𑘰𑘽𑘓𑘰 𑘁𑘎𑘰𑘨 𑘪𑘹𑘐𑘪𑘹𑘐𑘯𑘰 𑘁𑘮𑘹.,135
data/synthetic/images/line_0135_v015.png,अक्षरांचा आकार वेगवेगळा आहे.,𑘀𑘎𑘿𑘬𑘨𑘰𑘽𑘓𑘰 𑘁𑘎𑘰𑘨 𑘪𑘹𑘐𑘪𑘹𑘐𑘯𑘰 𑘁𑘮𑘹.,135
data/synthetic/images/line_0135_v016.png,अक्षरांचा आकार वेगवेगळा आहे.,𑘀𑘎𑘿𑘬𑘨𑘰𑘽𑘓𑘰 𑘁𑘎𑘰𑘨 𑘪𑘹𑘐𑘪𑘹𑘐𑘯𑘰 𑘁𑘮𑘹.,135
data/synthetic/images/line_0135_v017.png,अक्षरांचा आकार वेगवेगळा आहे.,𑘀𑘎𑘿𑘬𑘨𑘰𑘽𑘓𑘰 𑘁𑘎𑘰𑘨 𑘪𑘹𑘐𑘪𑘹𑘐𑘯𑘰 𑘁𑘮𑘹.,135
data/synthetic/images/line_0135_v018.png,अक्षरांचा आकार वेगवेगळा आहे.,𑘀𑘎𑘿𑘬𑘨𑘰𑘽𑘓𑘰 𑘁𑘎𑘰𑘨 𑘪𑘹𑘐𑘪𑘹𑘐𑘯𑘰 𑘁𑘮𑘹.,135
data/synthetic/images/line_0135_v019.png,अक्षरांचा आकार वेगवेगळा आहे.,𑘀𑘎𑘿𑘬𑘨𑘰𑘽𑘓𑘰 𑘁𑘎𑘰𑘨 𑘪𑘹𑘐𑘪𑘹𑘐𑘯𑘰 𑘁𑘮𑘹.,135
data/synthetic/images/line_0135_v020.png,अक्षरांचा आकार वेगवेगळा आहे.,𑘀𑘎𑘿𑘬𑘨𑘰𑘽𑘓𑘰 𑘁𑘎𑘰𑘨 𑘪𑘹𑘐𑘪𑘹𑘐𑘯𑘰 𑘁𑘮𑘹.,135
data/synthetic/images/line_0135_v021.png,अक्षरांचा आकार वेगवेगळा आहे.,𑘀𑘎𑘿𑘬𑘨𑘰𑘽𑘓𑘰 𑘁𑘎𑘰𑘨 𑘪𑘹𑘐𑘪𑘹𑘐𑘯𑘰 𑘁𑘮𑘹.,135
data/synthetic/images/line_0135_v022.png,अक्षरांचा आकार वेगवेगळा आहे.,𑘀𑘎𑘿𑘬𑘨𑘰𑘽𑘓𑘰 𑘁𑘎𑘰𑘨 𑘪𑘹𑘐𑘪𑘹𑘐𑘯𑘰 𑘁𑘮𑘹.,135
data/synthetic/images/line_0135_v023.png,अक्षरांचा आकार वेगवेगळा आहे.,𑘀𑘎𑘿𑘬𑘨𑘰𑘽𑘓𑘰 𑘁𑘎𑘰𑘨 𑘪𑘹𑘐𑘪𑘹𑘐𑘯𑘰 𑘁𑘮𑘹.,135
data/synthetic/images/line_0135_v024.png,अक्षरांचा आकार वेगवेगळा आहे.,𑘀𑘎𑘿𑘬𑘨𑘰𑘽𑘓𑘰 𑘁𑘎𑘰𑘨 𑘪𑘹𑘐𑘪𑘹𑘐𑘯𑘰 𑘁𑘮𑘹.,135
data/synthetic/images/line_0135_v025.png,अक्षरांचा आकार वेगवेगळा आहे.,𑘀𑘎𑘿𑘬𑘨𑘰𑘽𑘓𑘰 𑘁𑘎𑘰𑘨 𑘪𑘹𑘐𑘪𑘹𑘐𑘯𑘰 𑘁𑘮𑘹.,135
data/synthetic/images/line_0135_v026.png,अक्षरांचा आकार वेगवेगळा आहे.,𑘀𑘎𑘿𑘬𑘨𑘰𑘽𑘓𑘰 𑘁𑘎𑘰𑘨 𑘪𑘹𑘐𑘪𑘹𑘐𑘯𑘰 𑘁𑘮𑘹.,135
data/synthetic/images/line_0135_v027.png,अक्षरांचा आकार वेगवेगळा आहे.,𑘀𑘎𑘿𑘬𑘨𑘰𑘽𑘓𑘰 𑘁𑘎𑘰𑘨 𑘪𑘹𑘐𑘪𑘹𑘐𑘯𑘰 𑘁𑘮𑘹.,135
data/synthetic/images/line_0135_v028.png,अक्षरांचा आकार वेगवेगळा आहे.,𑘀𑘎𑘿𑘬𑘨𑘰𑘽𑘓𑘰 𑘁𑘎𑘰𑘨 𑘪𑘹𑘐𑘪𑘹𑘐𑘯𑘰 𑘁𑘮𑘹.,135
data/synthetic/images/line_0135_v029.png,अक्षरांचा आकार वेगवेगळा आहे.,𑘀𑘎𑘿𑘬𑘨𑘰𑘽𑘓𑘰 𑘁𑘎𑘰𑘨 𑘪𑘹𑘐𑘪𑘹𑘐𑘯𑘰 𑘁𑘮𑘹.,135
data/synthetic/images/line_0135_v030.png,अक्षरांचा आकार वेगवेगळा आहे.,𑘀𑘎𑘿𑘬𑘨𑘰𑘽𑘓𑘰 𑘁𑘎𑘰𑘨 𑘪𑘹𑘐𑘪𑘹𑘐𑘯𑘰 𑘁𑘮𑘹.,135
data/synthetic/images/line_0135_v031.png,अक्षरांचा आकार वेगवेगळा आहे.,𑘀𑘎𑘿𑘬𑘨𑘰𑘽𑘓𑘰 𑘁𑘎𑘰𑘨 𑘪𑘹𑘐𑘪𑘹𑘐𑘯𑘰 𑘁𑘮𑘹.,135
data/synthetic/images/line_0135_v032.png,अक्षरांचा आकार वेगवेगळा आहे.,𑘀𑘎𑘿𑘬𑘨𑘰𑘽𑘓𑘰 𑘁𑘎𑘰𑘨 𑘪𑘹𑘐𑘪𑘹𑘐𑘯𑘰 𑘁𑘮𑘹.,135
data/synthetic/images/line_0135_v033.png,अक्षरांचा आकार वेगवेगळा आहे.,𑘀𑘎𑘿𑘬𑘨𑘰𑘽𑘓𑘰 𑘁𑘎𑘰𑘨 𑘪𑘹𑘐𑘪𑘹𑘐𑘯𑘰 𑘁𑘮𑘹.,135
data/synthetic/images/line_0135_v034.png,अक्षरांचा आकार वेगवेगळा आहे.,𑘀𑘎𑘿𑘬𑘨𑘰𑘽𑘓𑘰 𑘁𑘎𑘰𑘨 𑘪𑘹𑘐𑘪𑘹𑘐𑘯𑘰 𑘁𑘮𑘹.,135
data/synthetic/images/line_0135_v035.png,अक्षरांचा आकार वेगवेगळा आहे.,𑘀𑘎𑘿𑘬𑘨𑘰𑘽𑘓𑘰 𑘁𑘎𑘰𑘨 𑘪𑘹𑘐𑘪𑘹𑘐𑘯𑘰 𑘁𑘮𑘹.,135
data/synthetic/images/line_0135_v036.png,अक्षरांचा आकार वेगवेगळा आहे.,𑘀𑘎𑘿𑘬𑘨𑘰𑘽𑘓𑘰 𑘁𑘎𑘰𑘨 𑘪𑘹𑘐𑘪𑘹𑘐𑘯𑘰 𑘁𑘮𑘹.,135
data/synthetic/images/line_0135_v037.png,अक्षरांचा आकार वेगवेगळा आहे.,𑘀𑘎𑘿𑘬𑘨𑘰𑘽𑘓𑘰 𑘁𑘎𑘰𑘨 𑘪𑘹𑘐𑘪𑘹𑘐𑘯𑘰 𑘁𑘮𑘹.,135
data/synthetic/images/line_0135_v038.png,अक्षरांचा आकार वेगवेगळा आहे.,𑘀𑘎𑘿𑘬𑘨𑘰𑘽𑘓𑘰 𑘁𑘎𑘰𑘨 𑘪𑘹𑘐𑘪𑘹𑘐𑘯𑘰 𑘁𑘮𑘹.,135
data/synthetic/images/line_0135_v039.png,अक्षरांचा आकार वेगवेगळा आहे.,𑘀𑘎𑘿𑘬𑘨𑘰𑘽𑘓𑘰 𑘁𑘎𑘰𑘨 𑘪𑘹𑘐𑘪𑘹𑘐𑘯𑘰 𑘁𑘮𑘹.,135
data/synthetic/images/line_0136_v000.png,काही शब्द वाचणे अवघड जाते.,𑘎𑘰𑘮𑘲 𑘫𑘤𑘿𑘟 𑘪𑘰𑘓𑘜𑘹 𑘀𑘪𑘑𑘚 𑘕𑘰𑘝𑘹.,136
data/synthetic/images/line_0136_v001.png,काही शब्द वाचणे अवघड जाते.,𑘎𑘰𑘮𑘲 𑘫𑘤𑘿𑘟 𑘪𑘰𑘓𑘜𑘹 𑘀𑘪𑘑𑘚 𑘕𑘰𑘝𑘹.,136
data/synthetic/images/line_0136_v002.png,काही शब्द वाचणे अवघड जाते.,𑘎𑘰𑘮𑘲 𑘫𑘤𑘿𑘟 𑘪𑘰𑘓𑘜𑘹 𑘀𑘪𑘑𑘚 𑘕𑘰𑘝𑘹.,136
data/synthetic/images/line_0136_v003.png,काही शब्द वाचणे अवघड जाते.,𑘎𑘰𑘮𑘲 𑘫𑘤𑘿𑘟 𑘪𑘰𑘓𑘜𑘹 𑘀𑘪𑘑𑘚 𑘕𑘰𑘝𑘹.,136
data/synthetic/images/line_0136_v004.png,काही शब्द वाचणे अवघड जाते.,𑘎𑘰𑘮𑘲 𑘫𑘤𑘿𑘟 𑘪𑘰𑘓𑘜𑘹 𑘀𑘪𑘑𑘚 𑘕𑘰𑘝𑘹.,136
data/synthetic/images/line_0136_v005.png,काही शब्द वाचणे अवघड जाते.,𑘎𑘰𑘮𑘲 𑘫𑘤𑘿𑘟 𑘪𑘰𑘓𑘜𑘹 𑘀𑘪𑘑𑘚 𑘕𑘰𑘝𑘹.,136
data/synthetic/images/line_0136_v006.png,काही शब्द वाचणे अवघड जाते.,𑘎𑘰𑘮𑘲 𑘫𑘤𑘿𑘟 𑘪𑘰𑘓𑘜𑘹 𑘀𑘪𑘑𑘚 𑘕𑘰𑘝𑘹.,136
data/synthetic/images/line_0136_v007.png,काही शब्द वाचणे अवघड जाते.,𑘎𑘰𑘮𑘲 𑘫𑘤𑘿𑘟 𑘪𑘰𑘓𑘜𑘹 𑘀𑘪𑘑𑘚 𑘕𑘰𑘝𑘹.,136
data/synthetic/images/line_0136_v008.png,काही शब्द वाचणे अवघड जाते.,𑘎𑘰𑘮𑘲 𑘫𑘤𑘿𑘟 𑘪𑘰𑘓𑘜𑘹 𑘀𑘪𑘑𑘚 𑘕𑘰𑘝𑘹.,136
data/synthetic/images/line_0136_v009.png,काही शब्द वाचणे अवघड जाते.,𑘎𑘰𑘮𑘲 𑘫𑘤𑘿𑘟 𑘪𑘰𑘓𑘜𑘹 𑘀𑘪𑘑𑘚 𑘕𑘰𑘝𑘹.,136
data/synthetic/images/line_0136_v010.png,काही शब्द वाचणे अवघड जाते.,𑘎𑘰𑘮𑘲 𑘫𑘤𑘿𑘟 𑘪𑘰𑘓𑘜𑘹 𑘀𑘪𑘑𑘚 𑘕𑘰𑘝𑘹.,136
data/synthetic/images/line_0136_v011.png,काही शब्द वाचणे अवघड जाते.,𑘎𑘰𑘮𑘲 𑘫𑘤𑘿𑘟 𑘪𑘰𑘓𑘜𑘹 𑘀𑘪𑘑𑘚 𑘕𑘰𑘝𑘹.,136
data/synthetic/images/line_0136_v012.png,काही शब्द वाचणे अवघड जाते.,𑘎𑘰𑘮𑘲 𑘫𑘤𑘿𑘟 𑘪𑘰𑘓𑘜𑘹 𑘀𑘪𑘑𑘚 𑘕𑘰𑘝𑘹.,136
data/synthetic/images/line_0136_v013.png,काही शब्द वाचणे अवघड जाते.,𑘎𑘰𑘮𑘲 𑘫𑘤𑘿𑘟 𑘪𑘰𑘓𑘜𑘹 𑘀𑘪𑘑𑘚 𑘕𑘰𑘝𑘹.,136
data/synthetic/images/line_0136_v014.png,काही शब्द वाचणे अवघड जाते.,𑘎𑘰𑘮𑘲 𑘫𑘤𑘿𑘟 𑘪𑘰𑘓𑘜𑘹 𑘀𑘪𑘑𑘚 𑘕𑘰𑘝𑘹.,136
data/synthetic/images/line_0136_v015.png,काही शब्द वाचणे अवघड जाते.,𑘎𑘰𑘮𑘲 𑘫𑘤𑘿𑘟 𑘪𑘰𑘓𑘜𑘹 𑘀𑘪𑘑𑘚 𑘕𑘰𑘝𑘹.,136
data/synthetic/images/line_0136_v016.png,काही शब्द वाचणे अवघड जाते.,𑘎𑘰𑘮𑘲 𑘫𑘤𑘿𑘟 𑘪𑘰𑘓𑘜𑘹 𑘀𑘪𑘑𑘚 𑘕𑘰𑘝𑘹.,136
data/synthetic/images/line_0136_v017.png,काही शब्द वाचणे अवघड जाते.,𑘎𑘰𑘮𑘲 𑘫𑘤𑘿𑘟 𑘪𑘰𑘓𑘜𑘹 𑘀𑘪𑘑𑘚 𑘕𑘰𑘝𑘹.,136
data/synthetic/images/line_0136_v018.png,काही शब्द वाचणे अवघड जाते.,𑘎𑘰𑘮𑘲 𑘫𑘤𑘿𑘟 𑘪𑘰𑘓𑘜𑘹 𑘀𑘪𑘑𑘚 𑘕𑘰𑘝𑘹.,136
data/synthetic/images/line_0136_v019.png,काही शब्द वाचणे अवघड जाते.,𑘎𑘰𑘮𑘲 𑘫𑘤𑘿𑘟 𑘪𑘰𑘓𑘜𑘹 𑘀𑘪𑘑𑘚 𑘕𑘰𑘝𑘹.,136
data/synthetic/images/line_0136_v020.png,काही शब्द वाचणे अवघड जाते.,𑘎𑘰𑘮𑘲 𑘫𑘤𑘿𑘟 𑘪𑘰𑘓𑘜𑘹 𑘀𑘪𑘑𑘚 𑘕𑘰𑘝𑘹.,136
data/synthetic/images/line_0136_v021.png,काही शब्द वाचणे अवघड जाते.,𑘎𑘰𑘮𑘲 𑘫𑘤𑘿𑘟 𑘪𑘰𑘓𑘜𑘹 𑘀𑘪𑘑𑘚 𑘕𑘰𑘝𑘹.,136
data/synthetic/images/line_0136_v022.png,काही शब्द वाचणे अवघड जाते.,𑘎𑘰𑘮𑘲 𑘫𑘤𑘿𑘟 𑘪𑘰𑘓𑘜𑘹 𑘀𑘪𑘑𑘚 𑘕𑘰𑘝𑘹.,136
data/synthetic/images/line_0136_v023.png,काही शब्द वाचणे अवघड जाते.,𑘎𑘰𑘮𑘲 𑘫𑘤𑘿𑘟 𑘪𑘰𑘓𑘜𑘹 𑘀𑘪𑘑𑘚 𑘕𑘰𑘝𑘹.,136
data/synthetic/images/line_0136_v024.png,काही शब्द वाचणे अवघड जाते.,𑘎𑘰𑘮𑘲 𑘫𑘤𑘿𑘟 𑘪𑘰𑘓𑘜𑘹 𑘀𑘪𑘑𑘚 𑘕𑘰𑘝𑘹.,136
data/synthetic/images/line_0136_v025.png,काही शब्द वाचणे अवघड जाते.,𑘎𑘰𑘮𑘲 𑘫𑘤𑘿𑘟 𑘪𑘰𑘓𑘜𑘹 𑘀𑘪𑘑𑘚 𑘕𑘰𑘝𑘹.,136
data/synthetic/images/line_0136_v026.png,काही शब्द वाचणे अवघड जाते.,𑘎𑘰𑘮𑘲 𑘫𑘤𑘿𑘟 𑘪𑘰𑘓𑘜𑘹 𑘀𑘪𑘑𑘚 𑘕𑘰𑘝𑘹.,136
data/synthetic/images/line_0136_v027.png,काही शब्द वाचणे अवघड जाते.,𑘎𑘰𑘮𑘲 𑘫𑘤𑘿𑘟 𑘪𑘰𑘓𑘜𑘹 𑘀𑘪𑘑𑘚 𑘕𑘰𑘝𑘹.,136
data/synthetic/images/line_0136_v028.png,काही शब्द वाचणे अवघड जाते.,𑘎𑘰𑘮𑘲 𑘫𑘤𑘿𑘟 𑘪𑘰𑘓𑘜𑘹 𑘀𑘪𑘑𑘚 𑘕𑘰𑘝𑘹.,136
data/synthetic/images/line_0136_v029.png,काही शब्द वाचणे अवघड जाते.,𑘎𑘰𑘮𑘲 𑘫𑘤𑘿𑘟 𑘪𑘰𑘓𑘜𑘹 𑘀𑘪𑘑𑘚 𑘕𑘰𑘝𑘹.,136
data/synthetic/images/line_0136_v030.png,काही शब्द वाचणे अवघड जाते.,𑘎𑘰𑘮𑘲 𑘫𑘤𑘿𑘟 𑘪𑘰𑘓𑘜𑘹 𑘀𑘪𑘑𑘚 𑘕𑘰𑘝𑘹.,136
data/synthetic/images/line_0136_v031.png,काही शब्द वाचणे अवघड जाते.,𑘎𑘰𑘮𑘲 𑘫𑘤𑘿𑘟 𑘪𑘰𑘓𑘜𑘹 𑘀𑘪𑘑𑘚 𑘕𑘰𑘝𑘹.,136
data/synthetic/images/line_0136_v032.png,काही शब्द वाचणे अवघड जाते.,𑘎𑘰𑘮𑘲 𑘫𑘤𑘿𑘟 𑘪𑘰𑘓𑘜𑘹 𑘀𑘪𑘑𑘚 𑘕𑘰𑘝𑘹.,136
data/synthetic/images/line_0136_v033.png,काही शब्द वाचणे अवघड जाते.,𑘎𑘰𑘮𑘲 𑘫𑘤𑘿𑘟 𑘪𑘰𑘓𑘜𑘹 𑘀𑘪𑘑𑘚 𑘕𑘰𑘝𑘹.,136
data/synthetic/images/line_0136_v034.png,काही शब्द वाचणे अवघड जाते.,𑘎𑘰𑘮𑘲 𑘫𑘤𑘿𑘟 𑘪𑘰𑘓𑘜𑘹 𑘀𑘪𑘑𑘚 𑘕𑘰𑘝𑘹.,136
data/synthetic/images/line_0136_v035.png,काही शब्द वाचणे अवघड जाते.,𑘎𑘰𑘮𑘲 𑘫𑘤𑘿𑘟 𑘪𑘰𑘓𑘜𑘹 𑘀𑘪𑘑𑘚 𑘕𑘰𑘝𑘹.,136
data/synthetic/images/line_0136_v036.png,काही शब्द वाचणे अवघड जाते.,𑘎𑘰𑘮𑘲 𑘫𑘤𑘿𑘟 𑘪𑘰𑘓𑘜𑘹 𑘀𑘪𑘑𑘚 𑘕𑘰𑘝𑘹.,136
data/synthetic/images/line_0136_v037.png,काही शब्द वाचणे अवघड जाते.,𑘎𑘰𑘮𑘲 𑘫𑘤𑘿𑘟 𑘪𑘰𑘓𑘜𑘹 𑘀𑘪𑘑𑘚 𑘕𑘰𑘝𑘹.,136
data/synthetic/images/line_0136_v038.png,काही शब्द वाचणे अवघड जाते.,𑘎𑘰𑘮𑘲 𑘫𑘤𑘿𑘟 𑘪𑘰𑘓𑘜𑘹 𑘀𑘪𑘑𑘚 𑘕𑘰𑘝𑘹.,136
data/synthetic/images/line_0136_v039.png,काही शब्द वाचणे अवघड जाते.,𑘎𑘰𑘮𑘲 𑘫𑘤𑘿𑘟 𑘪𑘰𑘓𑘜𑘹 𑘀𑘪𑘑𑘚 𑘕𑘰𑘝𑘹.,136
data/synthetic/images/line_0137_v000.png,तज्ज्ञांच्या मदतीने मजकूर उलगडला जातो.,𑘝𑘕𑘿𑘕𑘿𑘗𑘰𑘽𑘓𑘿𑘧𑘰 𑘦𑘟𑘝𑘲𑘡𑘹 𑘦𑘕𑘎𑘴𑘨 𑘄𑘩𑘐𑘚𑘩𑘰 𑘕𑘰𑘝𑘻.,137
data/synthetic/images/line_0137_v001.png,तज्ज्ञांच्या मदतीने मजकूर उलगडला जातो.,𑘝𑘕𑘿𑘕𑘿𑘗𑘰𑘽𑘓𑘿𑘧𑘰 𑘦𑘟𑘝𑘲𑘡𑘹 𑘦𑘕𑘎𑘴𑘨 𑘄𑘩𑘐𑘚𑘩𑘰 𑘕𑘰𑘝𑘻.,137
data/synthetic/images/line_0137_v002.png,तज्ज्ञांच्या मदतीने मजकूर उलगडला जातो.,𑘝𑘕𑘿𑘕𑘿𑘗𑘰𑘽𑘓𑘿𑘧𑘰 𑘦𑘟𑘝𑘲𑘡𑘹 𑘦𑘕𑘎𑘴𑘨 𑘄𑘩𑘐𑘚𑘩𑘰 𑘕𑘰𑘝𑘻.,137
data/synthetic/images/line_0137_v003.png,तज्ज्ञांच्या मदतीने मजकूर उलगडला जातो.,𑘝𑘕𑘿𑘕𑘿𑘗𑘰𑘽𑘓𑘿𑘧𑘰 𑘦𑘟𑘝𑘲𑘡𑘹 𑘦𑘕𑘎𑘴𑘨 𑘄𑘩𑘐𑘚𑘩𑘰 𑘕𑘰𑘝𑘻.,137
data/synthetic/images/line_0137_v004.png,तज्ज्ञांच्या मदतीने मजकूर उलगडला जातो.,𑘝𑘕𑘿𑘕𑘿𑘗𑘰𑘽𑘓𑘿𑘧𑘰 𑘦𑘟𑘝𑘲𑘡𑘹 𑘦𑘕𑘎𑘴𑘨 𑘄𑘩𑘐𑘚𑘩𑘰 𑘕𑘰𑘝𑘻.,137
data/synthetic/images/line_0137_v005.png,तज्ज्ञांच्या मदतीने मजकूर उलगडला जातो.,𑘝𑘕𑘿𑘕𑘿𑘗𑘰𑘽𑘓𑘿𑘧𑘰 𑘦𑘟𑘝𑘲𑘡𑘹 𑘦𑘕𑘎𑘴𑘨 𑘄𑘩𑘐𑘚𑘩𑘰 𑘕𑘰𑘝𑘻.,137
data/synthetic/images/line_0137_v006.png,तज्ज्ञांच्या मदतीने मजकूर उलगडला जातो.,𑘝𑘕𑘿𑘕𑘿𑘗𑘰𑘽𑘓𑘿𑘧𑘰 𑘦𑘟𑘝𑘲𑘡𑘹 𑘦𑘕𑘎𑘴𑘨 𑘄𑘩𑘐𑘚𑘩𑘰 𑘕𑘰𑘝𑘻.,137
data/synthetic/images/line_0137_v007.png,तज्ज्ञांच्या मदतीने मजकूर उलगडला जातो.,𑘝𑘕𑘿𑘕𑘿𑘗𑘰𑘽𑘓𑘿𑘧𑘰 𑘦𑘟𑘝𑘲𑘡𑘹 𑘦𑘕𑘎𑘴𑘨 𑘄𑘩𑘐𑘚𑘩𑘰 𑘕𑘰𑘝𑘻.,137
data/synthetic/images/line_0137_v008.png,तज्ज्ञांच्या मदतीने मजकूर उलगडला जातो.,𑘝𑘕𑘿𑘕𑘿𑘗𑘰𑘽𑘓𑘿𑘧𑘰 𑘦𑘟𑘝𑘲𑘡𑘹 𑘦𑘕𑘎𑘴𑘨 𑘄𑘩𑘐𑘚𑘩𑘰 𑘕𑘰𑘝𑘻.,137
data/synthetic/images/line_0137_v009.png,तज्ज्ञांच्या मदतीने मजकूर उलगडला जातो.,𑘝𑘕𑘿𑘕𑘿𑘗𑘰𑘽𑘓𑘿𑘧𑘰 𑘦𑘟𑘝𑘲𑘡𑘹 𑘦𑘕𑘎𑘴𑘨 𑘄𑘩𑘐𑘚𑘩𑘰 𑘕𑘰𑘝𑘻.,137
data/synthetic/images/line_0137_v010.png,तज्ज्ञांच्या मदतीने मजकूर उलगडला जातो.,𑘝𑘕𑘿𑘕𑘿𑘗𑘰𑘽𑘓𑘿𑘧𑘰 𑘦𑘟𑘝𑘲𑘡𑘹 𑘦𑘕𑘎𑘴𑘨 𑘄𑘩𑘐𑘚𑘩𑘰 𑘕𑘰𑘝𑘻.,137
data/synthetic/images/line_0137_v011.png,तज्ज्ञांच्या मदतीने मजकूर उलगडला जातो.,𑘝𑘕𑘿𑘕𑘿𑘗𑘰𑘽𑘓𑘿𑘧𑘰 𑘦𑘟𑘝𑘲𑘡𑘹 𑘦𑘕𑘎𑘴𑘨 𑘄𑘩𑘐𑘚𑘩𑘰 𑘕𑘰𑘝𑘻.,137
data/synthetic/images/line_0137_v012.png,तज्ज्ञांच्या मदतीने मजकूर उलगडला जातो.,𑘝𑘕𑘿𑘕𑘿𑘗𑘰𑘽𑘓𑘿𑘧𑘰 𑘦𑘟𑘝𑘲𑘡𑘹 𑘦𑘕𑘎𑘴𑘨 𑘄𑘩𑘐𑘚𑘩𑘰 𑘕𑘰𑘝𑘻.,137
data/synthetic/images/line_0137_v013.png,तज्ज्ञांच्या मदतीने मजकूर उलगडला जातो.,𑘝𑘕𑘿𑘕𑘿𑘗𑘰𑘽𑘓𑘿𑘧𑘰 𑘦𑘟𑘝𑘲𑘡𑘹 𑘦𑘕𑘎𑘴𑘨 𑘄𑘩𑘐𑘚𑘩𑘰 𑘕𑘰𑘝𑘻.,137
data/synthetic/images/line_0137_v014.png,तज्ज्ञांच्या मदतीने मजकूर उलगडला जातो.,𑘝𑘕𑘿𑘕𑘿𑘗𑘰𑘽𑘓𑘿𑘧𑘰 𑘦𑘟𑘝𑘲𑘡𑘹 𑘦𑘕𑘎𑘴𑘨 𑘄𑘩𑘐𑘚𑘩𑘰 𑘕𑘰𑘝𑘻.,137
data/synthetic/images/line_0137_v015.png,तज्ज्ञांच्या मदतीने मजकूर उलगडला जातो.,𑘝𑘕𑘿𑘕𑘿𑘗𑘰𑘽𑘓𑘿𑘧𑘰 𑘦𑘟𑘝𑘲𑘡𑘹 𑘦𑘕𑘎𑘴𑘨 𑘄𑘩𑘐𑘚𑘩𑘰 𑘕𑘰𑘝𑘻.,137
data/synthetic/images/line_0137_v016.png,तज्ज्ञांच्या मदतीने मजकूर उलगडला जातो.,𑘝𑘕𑘿𑘕𑘿𑘗𑘰𑘽𑘓𑘿𑘧𑘰 𑘦𑘟𑘝𑘲𑘡𑘹 𑘦𑘕𑘎𑘴𑘨 𑘄𑘩𑘐𑘚𑘩𑘰 𑘕𑘰𑘝𑘻.,137
data/synthetic/images/line_0137_v017.png,तज्ज्ञांच्या मदतीने मजकूर उलगडला जातो.,𑘝𑘕𑘿𑘕𑘿𑘗𑘰𑘽𑘓𑘿𑘧𑘰 𑘦𑘟𑘝𑘲𑘡𑘹 𑘦𑘕𑘎𑘴𑘨 𑘄𑘩𑘐𑘚𑘩𑘰 𑘕𑘰𑘝𑘻.,137
data/synthetic/images/line_0137_v018.png,तज्ज्ञांच्या मदतीने मजकूर उलगडला जातो.,𑘝𑘕𑘿𑘕𑘿𑘗𑘰𑘽𑘓𑘿𑘧𑘰 𑘦𑘟𑘝𑘲𑘡𑘹 𑘦𑘕𑘎𑘴𑘨 𑘄𑘩𑘐𑘚𑘩𑘰 𑘕𑘰𑘝𑘻.,137
data/synthetic/images/line_0137_v019.png,तज्ज्ञांच्या मदतीने मजकूर उलगडला जातो.,𑘝𑘕𑘿𑘕𑘿𑘗𑘰𑘽𑘓𑘿𑘧𑘰 𑘦𑘟𑘝𑘲𑘡𑘹 𑘦𑘕𑘎𑘴𑘨 𑘄𑘩𑘐𑘚𑘩𑘰 𑘕𑘰𑘝𑘻.,137
data/synthetic/images/line_0137_v020.png,तज्ज्ञांच्या मदतीने मजकूर उलगडला जातो.,𑘝𑘕𑘿𑘕𑘿𑘗𑘰𑘽𑘓𑘿𑘧𑘰 𑘦𑘟𑘝𑘲𑘡𑘹 𑘦𑘕𑘎𑘴𑘨 𑘄𑘩𑘐𑘚𑘩𑘰 𑘕𑘰𑘝𑘻.,137
data/synthetic/images/line_0137_v021.png,तज्ज्ञांच्या मदतीने मजकूर उलगडला जातो.,𑘝𑘕𑘿𑘕𑘿𑘗𑘰𑘽𑘓𑘿𑘧𑘰 𑘦𑘟𑘝𑘲𑘡𑘹 𑘦𑘕𑘎𑘴𑘨 𑘄𑘩𑘐𑘚𑘩𑘰 𑘕𑘰𑘝𑘻.,137
data/synthetic/images/line_0137_v022.png,तज्ज्ञांच्या मदतीने मजकूर उलगडला जातो.,𑘝𑘕𑘿𑘕𑘿𑘗𑘰𑘽𑘓𑘿𑘧𑘰 𑘦𑘟𑘝𑘲𑘡𑘹 𑘦𑘕𑘎𑘴𑘨 𑘄𑘩𑘐𑘚𑘩𑘰 𑘕𑘰𑘝𑘻.,137
data/synthetic/images/line_0137_v023.png,तज्ज्ञांच्या मदतीने मजकूर उलगडला जातो.,𑘝𑘕𑘿𑘕𑘿𑘗𑘰𑘽𑘓𑘿𑘧𑘰 𑘦𑘟𑘝𑘲𑘡𑘹 𑘦𑘕𑘎𑘴𑘨 𑘄𑘩𑘐𑘚𑘩𑘰 𑘕𑘰𑘝𑘻.,137
data/synthetic/images/line_0137_v024.png,तज्ज्ञांच्या मदतीने मजकूर उलगडला जातो.,𑘝𑘕𑘿𑘕𑘿𑘗𑘰𑘽𑘓𑘿𑘧𑘰 𑘦𑘟𑘝𑘲𑘡𑘹 𑘦𑘕𑘎𑘴𑘨 𑘄𑘩𑘐𑘚𑘩𑘰 𑘕𑘰𑘝𑘻.,137
data/synthetic/images/line_0137_v025.png,तज्ज्ञांच्या मदतीने मजकूर उलगडला जातो.,𑘝𑘕𑘿𑘕𑘿𑘗𑘰𑘽𑘓𑘿𑘧𑘰 𑘦𑘟𑘝𑘲𑘡𑘹 𑘦𑘕𑘎𑘴𑘨 𑘄𑘩𑘐𑘚𑘩𑘰 𑘕𑘰𑘝𑘻.,137
data/synthetic/images/line_0137_v026.png,तज्ज्ञांच्या मदतीने मजकूर उलगडला जातो.,𑘝𑘕𑘿𑘕𑘿𑘗𑘰𑘽𑘓𑘿𑘧𑘰 𑘦𑘟𑘝𑘲𑘡𑘹 𑘦𑘕𑘎𑘴𑘨 𑘄𑘩𑘐𑘚𑘩𑘰 𑘕𑘰𑘝𑘻.,137
data/synthetic/images/line_0137_v027.png,तज्ज्ञांच्या मदतीने मजकूर उलगडला जातो.,𑘝𑘕𑘿𑘕𑘿𑘗𑘰𑘽𑘓𑘿𑘧𑘰 𑘦𑘟𑘝𑘲𑘡𑘹 𑘦𑘕𑘎𑘴𑘨 𑘄𑘩𑘐𑘚𑘩𑘰 𑘕𑘰𑘝𑘻.,137
data/synthetic/images/line_0137_v028.png,तज्ज्ञांच्या मदतीने मजकूर उलगडला जातो.,𑘝𑘕𑘿𑘕𑘿𑘗𑘰𑘽𑘓𑘿𑘧𑘰 𑘦𑘟𑘝𑘲𑘡𑘹 𑘦𑘕𑘎𑘴𑘨 𑘄𑘩𑘐𑘚𑘩𑘰 𑘕𑘰𑘝𑘻.,137
data/synthetic/images/line_0137_v029.png,तज्ज्ञांच्या मदतीने मजकूर उलगडला जातो.,𑘝𑘕𑘿𑘕𑘿𑘗𑘰𑘽𑘓𑘿𑘧𑘰 𑘦𑘟𑘝𑘲𑘡𑘹 𑘦𑘕𑘎𑘴𑘨 𑘄𑘩𑘐𑘚𑘩𑘰 𑘕𑘰𑘝𑘻.,137
data/synthetic/images/line_0137_v030.png,तज्ज्ञांच्या मदतीने मजकूर उलगडला जातो.,𑘝𑘕𑘿𑘕𑘿𑘗𑘰𑘽𑘓𑘿𑘧𑘰 𑘦𑘟𑘝𑘲𑘡𑘹 𑘦𑘕𑘎𑘴𑘨 𑘄𑘩𑘐𑘚𑘩𑘰 𑘕𑘰𑘝𑘻.,137
data/synthetic/images/line_0137_v031.png,तज्ज्ञांच्या मदतीने मजकूर उलगडला जातो.,𑘝𑘕𑘿𑘕𑘿𑘗𑘰𑘽𑘓𑘿𑘧𑘰 𑘦𑘟𑘝𑘲𑘡𑘹 𑘦𑘕𑘎𑘴𑘨 𑘄𑘩𑘐𑘚𑘩𑘰 𑘕𑘰𑘝𑘻.,137
data/synthetic/images/line_0137_v032.png,तज्ज्ञांच्या मदतीने मजकूर उलगडला जातो.,𑘝𑘕𑘿𑘕𑘿𑘗𑘰𑘽𑘓𑘿𑘧𑘰 𑘦𑘟𑘝𑘲𑘡𑘹 𑘦𑘕𑘎𑘴𑘨 𑘄𑘩𑘐𑘚𑘩𑘰 𑘕𑘰𑘝𑘻.,137
data/synthetic/images/line_0137_v033.png,तज्ज्ञांच्या मदतीने मजकूर उलगडला जातो.,𑘝𑘕𑘿𑘕𑘿𑘗𑘰𑘽𑘓𑘿𑘧𑘰 𑘦𑘟𑘝𑘲𑘡𑘹 𑘦𑘕𑘎𑘴𑘨 𑘄𑘩𑘐𑘚𑘩𑘰 𑘕𑘰𑘝𑘻.,137
data/synthetic/images/line_0137_v034.png,तज्ज्ञांच्या मदतीने मजकूर उलगडला जातो.,𑘝𑘕𑘿𑘕𑘿𑘗𑘰𑘽𑘓𑘿𑘧𑘰 𑘦𑘟𑘝𑘲𑘡𑘹 𑘦𑘕𑘎𑘴𑘨 𑘄𑘩𑘐𑘚𑘩𑘰 𑘕𑘰𑘝𑘻.,137
data/synthetic/images/line_0137_v035.png,तज्ज्ञांच्या मदतीने मजकूर उलगडला जातो.,𑘝𑘕𑘿𑘕𑘿𑘗𑘰𑘽𑘓𑘿𑘧𑘰 𑘦𑘟𑘝𑘲𑘡𑘹 𑘦𑘕𑘎𑘴𑘨 𑘄𑘩𑘐𑘚𑘩𑘰 𑘕𑘰𑘝𑘻.,137
data/synthetic/images/line_0137_v036.png,तज्ज्ञांच्या मदतीने मजकूर उलगडला जातो.,𑘝𑘕𑘿𑘕𑘿𑘗𑘰𑘽𑘓𑘿𑘧𑘰 𑘦𑘟𑘝𑘲𑘡𑘹 𑘦𑘕𑘎𑘴𑘨 𑘄𑘩𑘐𑘚𑘩𑘰 𑘕𑘰𑘝𑘻.,137
data/synthetic/images/line_0137_v037.png,तज्ज्ञांच्या मदतीने मजकूर उलगडला जातो.,𑘝𑘕𑘿𑘕𑘿𑘗𑘰𑘽𑘓𑘿𑘧𑘰 𑘦𑘟𑘝𑘲𑘡𑘹 𑘦𑘕𑘎𑘴𑘨 𑘄𑘩𑘐𑘚𑘩𑘰 𑘕𑘰𑘝𑘻.,137
data/synthetic/images/line_0137_v038.png,तज्ज्ञांच्या मदतीने मजकूर उलगडला जातो.,𑘝𑘕𑘿𑘕𑘿𑘗𑘰𑘽𑘓𑘿𑘧𑘰 𑘦𑘟𑘝𑘲𑘡𑘹 𑘦𑘕𑘎𑘴𑘨 𑘄𑘩𑘐𑘚𑘩𑘰 𑘕𑘰𑘝𑘻.,137
data/synthetic/images/line_0137_v039.png,तज्ज्ञांच्या मदतीने मजकूर उलगडला जातो.,𑘝𑘕𑘿𑘕𑘿𑘗𑘰𑘽𑘓𑘿𑘧𑘰 𑘦𑘟𑘝𑘲𑘡𑘹 𑘦𑘕𑘎𑘴𑘨 𑘄𑘩𑘐𑘚𑘩𑘰 𑘕𑘰𑘝𑘻.,137
data/synthetic/images/line_0138_v000.png,भाषातज्ज्ञ या लिपीचा अभ्यास करतात.,𑘥𑘰𑘬𑘰𑘝𑘕𑘿𑘕𑘿𑘗 𑘧𑘰 𑘩𑘱𑘢𑘲𑘓𑘰 𑘀𑘥𑘿𑘧𑘰𑘭 𑘎𑘨𑘝𑘰𑘝.,138
data/synthetic/images/line_0138_v001.png,भाषातज्ज्ञ या लिपीचा अभ्यास करतात.,𑘥𑘰𑘬𑘰𑘝𑘕𑘿𑘕𑘿𑘗 𑘧𑘰 𑘩𑘱𑘢𑘲𑘓𑘰 𑘀𑘥𑘿𑘧𑘰𑘭 𑘎𑘨𑘝𑘰𑘝.,138
data/synthetic/images/line_0138_v002.png,भाषातज्ज्ञ या लिपीचा अभ्यास करतात.,𑘥𑘰𑘬𑘰𑘝𑘕𑘿𑘕𑘿𑘗 𑘧𑘰 𑘩𑘱𑘢𑘲𑘓𑘰 𑘀𑘥𑘿𑘧𑘰𑘭 𑘎𑘨𑘝𑘰𑘝.,138
data/synthetic/images/line_0138_v003.png,भाषातज्ज्ञ या लिपीचा अभ्यास करतात.,𑘥𑘰𑘬𑘰𑘝𑘕𑘿𑘕𑘿𑘗 𑘧𑘰 𑘩𑘱𑘢𑘲𑘓𑘰 𑘀𑘥𑘿𑘧𑘰𑘭 𑘎𑘨𑘝𑘰𑘝.,138
data/synthetic/images/line_0138_v004.png,भाषातज्ज्ञ या लिपीचा अभ्यास करतात.,𑘥𑘰𑘬𑘰𑘝𑘕𑘿𑘕𑘿𑘗 𑘧𑘰 𑘩𑘱𑘢𑘲𑘓𑘰 𑘀𑘥𑘿𑘧𑘰𑘭 𑘎𑘨𑘝𑘰𑘝.,138
data/synthetic/images/line_0138_v005.png,भाषातज्ज्ञ या लिपीचा अभ्यास करतात.,𑘥𑘰𑘬𑘰𑘝𑘕𑘿𑘕𑘿𑘗 𑘧𑘰 𑘩𑘱𑘢𑘲𑘓𑘰 𑘀𑘥𑘿𑘧𑘰𑘭 𑘎𑘨𑘝𑘰𑘝.,138
data/synthetic/images/line_0138_v006.png,भाषातज्ज्ञ या लिपीचा अभ्यास करतात.,𑘥𑘰𑘬𑘰𑘝𑘕𑘿𑘕𑘿𑘗 𑘧𑘰 𑘩𑘱𑘢𑘲𑘓𑘰 𑘀𑘥𑘿𑘧𑘰𑘭 𑘎𑘨𑘝𑘰𑘝.,138
data/synthetic/images/line_0138_v007.png,भाषातज्ज्ञ या लिपीचा अभ्यास करतात.,𑘥𑘰𑘬𑘰𑘝𑘕𑘿𑘕𑘿𑘗 𑘧𑘰 𑘩𑘱𑘢𑘲𑘓𑘰 𑘀𑘥𑘿𑘧𑘰𑘭 𑘎𑘨𑘝𑘰𑘝.,138
data/synthetic/images/line_0138_v008.png,भाषातज्ज्ञ या लिपीचा अभ्यास करतात.,𑘥𑘰𑘬𑘰𑘝𑘕𑘿𑘕𑘿𑘗 𑘧𑘰 𑘩𑘱𑘢𑘲𑘓𑘰 𑘀𑘥𑘿𑘧𑘰𑘭 𑘎𑘨𑘝𑘰𑘝.,138
data/synthetic/images/line_0138_v009.png,भाषातज्ज्ञ या लिपीचा अभ्यास करतात.,𑘥𑘰𑘬𑘰𑘝𑘕𑘿𑘕𑘿𑘗 𑘧𑘰 𑘩𑘱𑘢𑘲𑘓𑘰 𑘀𑘥𑘿𑘧𑘰𑘭 𑘎𑘨𑘝𑘰𑘝.,138
data/synthetic/images/line_0138_v010.png,भाषातज्ज्ञ या लिपीचा अभ्यास करतात.,𑘥𑘰𑘬𑘰𑘝𑘕𑘿𑘕𑘿𑘗 𑘧𑘰 𑘩𑘱𑘢𑘲𑘓𑘰 𑘀𑘥𑘿𑘧𑘰𑘭 𑘎𑘨𑘝𑘰𑘝.,138
data/synthetic/images/line_0138_v011.png,भाषातज्ज्ञ या लिपीचा अभ्यास करतात.,𑘥𑘰𑘬𑘰𑘝𑘕𑘿𑘕𑘿𑘗 𑘧𑘰 𑘩𑘱𑘢𑘲𑘓𑘰 𑘀𑘥𑘿𑘧𑘰𑘭 𑘎𑘨𑘝𑘰𑘝.,138
data/synthetic/images/line_0138_v012.png,भाषातज्ज्ञ या लिपीचा अभ्यास करतात.,𑘥𑘰𑘬𑘰𑘝𑘕𑘿𑘕𑘿𑘗 𑘧𑘰 𑘩𑘱𑘢𑘲𑘓𑘰 𑘀𑘥𑘿𑘧𑘰𑘭 𑘎𑘨𑘝𑘰𑘝.,138
data/synthetic/images/line_0138_v013.png,भाषातज्ज्ञ या लिपीचा अभ्यास करतात.,𑘥𑘰𑘬𑘰𑘝𑘕𑘿𑘕𑘿𑘗 𑘧𑘰 𑘩𑘱𑘢𑘲𑘓𑘰 𑘀𑘥𑘿𑘧𑘰𑘭 𑘎𑘨𑘝𑘰𑘝.,138
data/synthetic/images/line_0138_v014.png,भाषातज्ज्ञ या लिपीचा अभ्यास करतात.,𑘥𑘰𑘬𑘰𑘝𑘕𑘿𑘕𑘿𑘗 𑘧𑘰 𑘩𑘱𑘢𑘲𑘓𑘰 𑘀𑘥𑘿𑘧𑘰𑘭 𑘎𑘨𑘝𑘰𑘝.,138
data/synthetic/images/line_0138_v015.png,भाषातज्ज्ञ या लिपीचा अभ्यास करतात.,𑘥𑘰𑘬𑘰𑘝𑘕𑘿𑘕𑘿𑘗 𑘧𑘰 𑘩𑘱𑘢𑘲𑘓𑘰 𑘀𑘥𑘿𑘧𑘰𑘭 𑘎𑘨𑘝𑘰𑘝.,138
data/synthetic/images/line_0138_v016.png,भाषातज्ज्ञ या लिपीचा अभ्यास करतात.,𑘥𑘰𑘬𑘰𑘝𑘕𑘿𑘕𑘿𑘗 𑘧𑘰 𑘩𑘱𑘢𑘲𑘓𑘰 𑘀𑘥𑘿𑘧𑘰𑘭 𑘎𑘨𑘝𑘰𑘝.,138
data/synthetic/images/line_0138_v017.png,भाषातज्ज्ञ या लिपीचा अभ्यास करतात.,𑘥𑘰𑘬𑘰𑘝𑘕𑘿𑘕𑘿𑘗 𑘧𑘰 𑘩𑘱𑘢𑘲𑘓𑘰 𑘀𑘥𑘿𑘧𑘰𑘭 𑘎𑘨𑘝𑘰𑘝.,138
data/synthetic/images/line_0138_v018.png,भाषातज्ज्ञ या लिपीचा अभ्यास करतात.,𑘥𑘰𑘬𑘰𑘝𑘕𑘿𑘕𑘿𑘗 𑘧𑘰 𑘩𑘱𑘢𑘲𑘓𑘰 𑘀𑘥𑘿𑘧𑘰𑘭 𑘎𑘨𑘝𑘰𑘝.,138
data/synthetic/images/line_0138_v019.png,भाषातज्ज्ञ या लिपीचा अभ्यास करतात.,𑘥𑘰𑘬𑘰𑘝𑘕𑘿𑘕𑘿𑘗 𑘧𑘰 𑘩𑘱𑘢𑘲𑘓𑘰 𑘀𑘥𑘿𑘧𑘰𑘭 𑘎𑘨𑘝𑘰𑘝.,138
data/synthetic/images/line_0138_v020.png,भाषातज्ज्ञ या लिपीचा अभ्यास करतात.,𑘥𑘰𑘬𑘰𑘝𑘕𑘿𑘕𑘿𑘗 𑘧𑘰 𑘩𑘱𑘢𑘲𑘓𑘰 𑘀𑘥𑘿𑘧𑘰𑘭 𑘎𑘨𑘝𑘰𑘝.,138
data/synthetic/images/line_0138_v021.png,भाषातज्ज्ञ या लिपीचा अभ्यास करतात.,𑘥𑘰𑘬𑘰𑘝𑘕𑘿𑘕𑘿𑘗 𑘧𑘰 𑘩𑘱𑘢𑘲𑘓𑘰 𑘀𑘥𑘿𑘧𑘰𑘭 𑘎𑘨𑘝𑘰𑘝.,138
data/synthetic/images/line_0138_v022.png,भाषातज्ज्ञ या लिपीचा अभ्यास करतात.,𑘥𑘰𑘬𑘰𑘝𑘕𑘿𑘕𑘿𑘗 𑘧𑘰 𑘩𑘱𑘢𑘲𑘓𑘰 𑘀𑘥𑘿𑘧𑘰𑘭 𑘎𑘨𑘝𑘰𑘝.,138
data/synthetic/images/line_0138_v023.png,भाषातज्ज्ञ या लिपीचा अभ्यास करतात.,𑘥𑘰𑘬𑘰𑘝𑘕𑘿𑘕𑘿𑘗 𑘧𑘰 𑘩𑘱𑘢𑘲𑘓𑘰 𑘀𑘥𑘿𑘧𑘰𑘭 𑘎𑘨𑘝𑘰𑘝.,138
data/synthetic/images/line_0138_v024.png,भाषातज्ज्ञ या लिपीचा अभ्यास करतात.,𑘥𑘰𑘬𑘰𑘝𑘕𑘿𑘕𑘿𑘗 𑘧𑘰 𑘩𑘱𑘢𑘲𑘓𑘰 𑘀𑘥𑘿𑘧𑘰𑘭 𑘎𑘨𑘝𑘰𑘝.,138
data/synthetic/images/line_0138_v025.png,भाषातज्ज्ञ या लिपीचा अभ्यास करतात.,𑘥𑘰𑘬𑘰𑘝𑘕𑘿𑘕𑘿𑘗 𑘧𑘰 𑘩𑘱𑘢𑘲𑘓𑘰 𑘀𑘥𑘿𑘧𑘰𑘭 𑘎𑘨𑘝𑘰𑘝.,138
data/synthetic/images/line_0138_v026.png,भाषातज्ज्ञ या लिपीचा अभ्यास करतात.,𑘥𑘰𑘬𑘰𑘝𑘕𑘿𑘕𑘿𑘗 𑘧𑘰 𑘩𑘱𑘢𑘲𑘓𑘰 𑘀𑘥𑘿𑘧𑘰𑘭 𑘎𑘨𑘝𑘰𑘝.,138
data/synthetic/images/line_0138_v027.png,भाषातज्ज्ञ या लिपीचा अभ्यास करतात.,𑘥𑘰𑘬𑘰𑘝𑘕𑘿𑘕𑘿𑘗 𑘧𑘰 𑘩𑘱𑘢𑘲𑘓𑘰 𑘀𑘥𑘿𑘧𑘰𑘭 𑘎𑘨𑘝𑘰𑘝.,138
data/synthetic/images/line_0138_v028.png,भाषातज्ज्ञ या लिपीचा अभ्यास करतात.,𑘥𑘰𑘬𑘰𑘝𑘕𑘿𑘕𑘿𑘗 𑘧𑘰 𑘩𑘱𑘢𑘲𑘓𑘰 𑘀𑘥𑘿𑘧𑘰𑘭 𑘎𑘨𑘝𑘰𑘝.,138
data/synthetic/images/line_0138_v029.png,भाषातज्ज्ञ या लिपीचा अभ्यास करतात.,𑘥𑘰𑘬𑘰𑘝𑘕𑘿𑘕𑘿𑘗 𑘧𑘰 𑘩𑘱𑘢𑘲𑘓𑘰 𑘀𑘥𑘿𑘧𑘰𑘭 𑘎𑘨𑘝𑘰𑘝.,138
data/synthetic/images/line_0138_v030.png,भाषातज्ज्ञ या लिपीचा अभ्यास करतात.,𑘥𑘰𑘬𑘰𑘝𑘕𑘿𑘕𑘿𑘗 𑘧𑘰 𑘩𑘱𑘢𑘲𑘓𑘰 𑘀𑘥𑘿𑘧𑘰𑘭 𑘎𑘨𑘝𑘰𑘝.,138
data/synthetic/images/line_0138_v031.png,भाषातज्ज्ञ या लिपीचा अभ्यास करतात.,𑘥𑘰𑘬𑘰𑘝𑘕𑘿𑘕𑘿𑘗 𑘧𑘰 𑘩𑘱𑘢𑘲𑘓𑘰 𑘀𑘥𑘿𑘧𑘰𑘭 𑘎𑘨𑘝𑘰𑘝.,138
data/synthetic/images/line_0138_v032.png,भाषातज्ज्ञ या लिपीचा अभ्यास करतात.,𑘥𑘰𑘬𑘰𑘝𑘕𑘿𑘕𑘿𑘗 𑘧𑘰 𑘩𑘱𑘢𑘲𑘓𑘰 𑘀𑘥𑘿𑘧𑘰𑘭 𑘎𑘨𑘝𑘰𑘝.,138
data/synthetic/images/line_0138_v033.png,भाषातज्ज्ञ या लिपीचा अभ्यास करतात.,𑘥𑘰𑘬𑘰𑘝𑘕𑘿𑘕𑘿𑘗 𑘧𑘰 𑘩𑘱𑘢𑘲𑘓𑘰 𑘀𑘥𑘿𑘧𑘰𑘭 𑘎𑘨𑘝𑘰𑘝.,138
data/synthetic/images/line_0138_v034.png,भाषातज्ज्ञ या लिपीचा अभ्यास करतात.,𑘥𑘰𑘬𑘰𑘝𑘕𑘿𑘕𑘿𑘗 𑘧𑘰 𑘩𑘱𑘢𑘲𑘓𑘰 𑘀𑘥𑘿𑘧𑘰𑘭 𑘎𑘨𑘝𑘰𑘝.,138
data/synthetic/images/line_0138_v035.png,भाषातज्ज्ञ या लिपीचा अभ्यास करतात.,𑘥𑘰𑘬𑘰𑘝𑘕𑘿𑘕𑘿𑘗 𑘧𑘰 𑘩𑘱𑘢𑘲𑘓𑘰 𑘀𑘥𑘿𑘧𑘰𑘭 𑘎𑘨𑘝𑘰𑘝.,138
data/synthetic/images/line_0138_v036.png,भाषातज्ज्ञ या लिपीचा अभ्यास करतात.,𑘥𑘰𑘬𑘰𑘝𑘕𑘿𑘕𑘿𑘗 𑘧𑘰 𑘩𑘱𑘢𑘲𑘓𑘰 𑘀𑘥𑘿𑘧𑘰𑘭 𑘎𑘨𑘝𑘰𑘝.,138
data/synthetic/images/line_0138_v037.png,भाषातज्ज्ञ या लिपीचा अभ्यास करतात.,𑘥𑘰𑘬𑘰𑘝𑘕𑘿𑘕𑘿𑘗 𑘧𑘰 𑘩𑘱𑘢𑘲𑘓𑘰 𑘀𑘥𑘿𑘧𑘰𑘭 𑘎𑘨𑘝𑘰𑘝.,138
data/synthetic/images/line_0138_v038.png,भाषातज्ज्ञ या लिपीचा अभ्यास करतात.,𑘥𑘰𑘬𑘰𑘝𑘕𑘿𑘕𑘿𑘗 𑘧𑘰 𑘩𑘱𑘢𑘲𑘓𑘰 𑘀𑘥𑘿𑘧𑘰𑘭 𑘎𑘨𑘝𑘰𑘝.,138
data/synthetic/images/line_0138_v039.png,भाषातज्ज्ञ या लिपीचा अभ्यास करतात.,𑘥𑘰𑘬𑘰𑘝𑘕𑘿𑘕𑘿𑘗 𑘧𑘰 𑘩𑘱𑘢𑘲𑘓𑘰 𑘀𑘥𑘿𑘧𑘰𑘭 𑘎𑘨𑘝𑘰𑘝.,138
data/synthetic/images/line_0139_v000.png,विद्यार्थी या प्रकल्पावर काम करत आहेत.,𑘪𑘱𑘟𑘿𑘧𑘰𑘨𑘿𑘞𑘲 𑘧𑘰 𑘢𑘿𑘨𑘎𑘩𑘿𑘢𑘰𑘪𑘨 𑘎𑘰𑘦 𑘎𑘨𑘝 𑘁𑘮𑘹𑘝.,139
data/synthetic/images/line_0139_v001.png,विद्यार्थी या प्रकल्पावर काम करत आहेत.,𑘪𑘱𑘟𑘿𑘧𑘰𑘨𑘿𑘞𑘲 𑘧𑘰 𑘢𑘿𑘨𑘎𑘩𑘿𑘢𑘰𑘪𑘨 𑘎𑘰𑘦 𑘎𑘨𑘝 𑘁𑘮𑘹𑘝.,139
data/synthetic/images/line_0139_v002.png,विद्यार्थी या प्रकल्पावर काम करत आहेत.,𑘪𑘱𑘟𑘿𑘧𑘰𑘨𑘿𑘞𑘲 𑘧𑘰 𑘢𑘿𑘨𑘎𑘩𑘿𑘢𑘰𑘪𑘨 𑘎𑘰𑘦 𑘎𑘨𑘝 𑘁𑘮𑘹𑘝.,139
data/synthetic/images/line_0139_v003.png,विद्यार्थी या प्रकल्पावर काम करत आहेत.,𑘪𑘱𑘟𑘿𑘧𑘰𑘨𑘿𑘞𑘲 𑘧𑘰 𑘢𑘿𑘨𑘎𑘩𑘿𑘢𑘰𑘪𑘨 𑘎𑘰𑘦 𑘎𑘨𑘝 𑘁𑘮𑘹𑘝.,139
data/synthetic/images/line_0139_v004.png,विद्यार्थी या प्रकल्पावर काम करत आहेत.,𑘪𑘱𑘟𑘿𑘧𑘰𑘨𑘿𑘞𑘲 𑘧𑘰 𑘢𑘿𑘨𑘎𑘩𑘿𑘢𑘰𑘪𑘨 𑘎𑘰𑘦 𑘎𑘨𑘝 𑘁𑘮𑘹𑘝.,139
data/synthetic/images/line_0139_v005.png,विद्यार्थी या प्रकल्पावर काम करत आहेत.,𑘪𑘱𑘟𑘿𑘧𑘰𑘨𑘿𑘞𑘲 𑘧𑘰 𑘢𑘿𑘨𑘎𑘩𑘿𑘢𑘰𑘪𑘨 𑘎𑘰𑘦 𑘎𑘨𑘝 𑘁𑘮𑘹𑘝.,139
data/synthetic/images/line_0139_v006.png,विद्यार्थी या प्रकल्पावर काम करत आहेत.,𑘪𑘱𑘟𑘿𑘧𑘰𑘨𑘿𑘞𑘲 𑘧𑘰 𑘢𑘿𑘨𑘎𑘩𑘿𑘢𑘰𑘪𑘨 𑘎𑘰𑘦 𑘎𑘨𑘝 𑘁𑘮𑘹𑘝.,139
data/synthetic/images/line_0139_v007.png,विद्यार्थी या प्रकल्पावर काम करत आहेत.,𑘪𑘱𑘟𑘿𑘧𑘰𑘨𑘿𑘞𑘲 𑘧𑘰 𑘢𑘿𑘨𑘎𑘩𑘿𑘢𑘰𑘪𑘨 𑘎𑘰𑘦 𑘎𑘨𑘝 𑘁𑘮𑘹𑘝.,139
data/synthetic/images/line_0139_v008.png,विद्यार्थी या प्रकल्पावर काम करत आहेत.,𑘪𑘱𑘟𑘿𑘧𑘰𑘨𑘿𑘞𑘲 𑘧𑘰 𑘢𑘿𑘨𑘎𑘩𑘿𑘢𑘰𑘪𑘨 𑘎𑘰𑘦 𑘎𑘨𑘝 𑘁𑘮𑘹𑘝.,139
data/synthetic/images/line_0139_v009.png,विद्यार्थी या प्रकल्पावर काम करत आहेत.,𑘪𑘱𑘟𑘿𑘧𑘰𑘨𑘿𑘞𑘲 𑘧𑘰 𑘢𑘿𑘨𑘎𑘩𑘿𑘢𑘰𑘪𑘨 𑘎𑘰𑘦 𑘎𑘨𑘝 𑘁𑘮𑘹𑘝.,139
data/synthetic/images/line_0139_v010.png,विद्यार्थी या प्रकल्पावर काम करत आहेत.,𑘪𑘱𑘟𑘿𑘧𑘰𑘨𑘿𑘞𑘲 𑘧𑘰 𑘢𑘿𑘨𑘎𑘩𑘿𑘢𑘰𑘪𑘨 𑘎𑘰𑘦 𑘎𑘨𑘝 𑘁𑘮𑘹𑘝.,139
data/synthetic/images/line_0139_v011.png,विद्यार्थी या प्रकल्पावर काम करत आहेत.,𑘪𑘱𑘟𑘿𑘧𑘰𑘨𑘿𑘞𑘲 𑘧𑘰 𑘢𑘿𑘨𑘎𑘩𑘿𑘢𑘰𑘪𑘨 𑘎𑘰𑘦 𑘎𑘨𑘝 𑘁𑘮𑘹𑘝.,139
data/synthetic/images/line_0139_v012.png,विद्यार्थी या प्रकल्पावर काम करत आहेत.,𑘪𑘱𑘟𑘿𑘧𑘰𑘨𑘿𑘞𑘲 𑘧𑘰 𑘢𑘿𑘨𑘎𑘩𑘿𑘢𑘰𑘪𑘨 𑘎𑘰𑘦 𑘎𑘨𑘝 𑘁𑘮𑘹𑘝.,139
data/synthetic/images/line_0139_v013.png,विद्यार्थी या प्रकल्पावर काम करत आहेत.,𑘪𑘱𑘟𑘿𑘧𑘰𑘨𑘿𑘞𑘲 𑘧𑘰 𑘢𑘿𑘨𑘎𑘩𑘿𑘢𑘰𑘪𑘨 𑘎𑘰𑘦 𑘎𑘨𑘝 𑘁𑘮𑘹𑘝.,139
data/synthetic/images/line_0139_v014.png,विद्यार्थी या प्रकल्पावर काम करत आहेत.,𑘪𑘱𑘟𑘿𑘧𑘰𑘨𑘿𑘞𑘲 𑘧𑘰 𑘢𑘿𑘨𑘎𑘩𑘿𑘢𑘰𑘪𑘨 𑘎𑘰𑘦 𑘎𑘨𑘝 𑘁𑘮𑘹𑘝.,139
data/synthetic/images/line_0139_v015.png,विद्यार्थी या प्रकल्पावर काम करत आहेत.,𑘪𑘱𑘟𑘿𑘧𑘰𑘨𑘿𑘞𑘲 𑘧𑘰 𑘢𑘿𑘨𑘎𑘩𑘿𑘢𑘰𑘪𑘨 𑘎𑘰𑘦 𑘎𑘨𑘝 𑘁𑘮𑘹𑘝.,139
data/synthetic/images/line_0139_v016.png,विद्यार्थी या प्रकल्पावर काम करत आहेत.,𑘪𑘱𑘟𑘿𑘧𑘰𑘨𑘿𑘞𑘲 𑘧𑘰 𑘢𑘿𑘨𑘎𑘩𑘿𑘢𑘰𑘪𑘨 𑘎𑘰𑘦 𑘎𑘨𑘝 𑘁𑘮𑘹𑘝.,139
data/synthetic/images/line_0139_v017.png,विद्यार्थी या प्रकल्पावर काम करत आहेत.,𑘪𑘱𑘟𑘿𑘧𑘰𑘨𑘿𑘞𑘲 𑘧𑘰 𑘢𑘿𑘨𑘎𑘩𑘿𑘢𑘰𑘪𑘨 𑘎𑘰𑘦 𑘎𑘨𑘝 𑘁𑘮𑘹𑘝.,139
data/synthetic/images/line_0139_v018.png,विद्यार्थी या प्रकल्पावर काम करत आहेत.,𑘪𑘱𑘟𑘿𑘧𑘰𑘨𑘿𑘞𑘲 𑘧𑘰 𑘢𑘿𑘨𑘎𑘩𑘿𑘢𑘰𑘪𑘨 𑘎𑘰𑘦 𑘎𑘨𑘝 𑘁𑘮𑘹𑘝.,139
data/synthetic/images/line_0139_v019.png,विद्यार्थी या प्रकल्पावर काम करत आहेत.,𑘪𑘱𑘟𑘿𑘧𑘰𑘨𑘿𑘞𑘲 𑘧𑘰 𑘢𑘿𑘨𑘎𑘩𑘿𑘢𑘰𑘪𑘨 𑘎𑘰𑘦 𑘎𑘨𑘝 𑘁𑘮𑘹𑘝.,139
data/synthetic/images/line_0139_v020.png,विद्यार्थी या प्रकल्पावर काम करत आहेत.,𑘪𑘱𑘟𑘿𑘧𑘰𑘨𑘿𑘞𑘲 𑘧𑘰 𑘢𑘿𑘨𑘎𑘩𑘿𑘢𑘰𑘪𑘨 𑘎𑘰𑘦 𑘎𑘨𑘝 𑘁𑘮𑘹𑘝.,139
data/synthetic/images/line_0139_v021.png,विद्यार्थी या प्रकल्पावर काम करत आहेत.,𑘪𑘱𑘟𑘿𑘧𑘰𑘨𑘿𑘞𑘲 𑘧𑘰 𑘢𑘿𑘨𑘎𑘩𑘿𑘢𑘰𑘪𑘨 𑘎𑘰𑘦 𑘎𑘨𑘝 𑘁𑘮𑘹𑘝.,139
data/synthetic/images/line_0139_v022.png,विद्यार्थी या प्रकल्पावर काम करत आहेत.,𑘪𑘱𑘟𑘿𑘧𑘰𑘨𑘿𑘞𑘲 𑘧𑘰 𑘢𑘿𑘨𑘎𑘩𑘿𑘢𑘰𑘪𑘨 𑘎𑘰𑘦 𑘎𑘨𑘝 𑘁𑘮𑘹𑘝.,139
data/synthetic/images/line_0139_v023.png,विद्यार्थी या प्रकल्पावर काम करत आहेत.,𑘪𑘱𑘟𑘿𑘧𑘰𑘨𑘿𑘞𑘲 𑘧𑘰 𑘢𑘿𑘨𑘎𑘩𑘿𑘢𑘰𑘪𑘨 𑘎𑘰𑘦 𑘎𑘨𑘝 𑘁𑘮𑘹𑘝.,139
data/synthetic/images/line_0139_v024.png,विद्यार्थी या प्रकल्पावर काम करत आहेत.,𑘪𑘱𑘟𑘿𑘧𑘰𑘨𑘿𑘞𑘲 𑘧𑘰 𑘢𑘿𑘨𑘎𑘩𑘿𑘢𑘰𑘪𑘨 𑘎𑘰𑘦 𑘎𑘨𑘝 𑘁𑘮𑘹𑘝.,139
data/synthetic/images/line_0139_v025.png,विद्यार्थी या प्रकल्पावर काम करत आहेत.,𑘪𑘱𑘟𑘿𑘧𑘰𑘨𑘿𑘞𑘲 𑘧𑘰 𑘢𑘿𑘨𑘎𑘩𑘿𑘢𑘰𑘪𑘨 𑘎𑘰𑘦 𑘎𑘨𑘝 𑘁𑘮𑘹𑘝.,139
data/synthetic/images/line_0139_v026.png,विद्यार्थी या प्रकल्पावर काम करत आहेत.,𑘪𑘱𑘟𑘿𑘧𑘰𑘨𑘿𑘞𑘲 𑘧𑘰 𑘢𑘿𑘨𑘎𑘩𑘿𑘢𑘰𑘪𑘨 𑘎𑘰𑘦 𑘎𑘨𑘝 𑘁𑘮𑘹𑘝.,139
data/synthetic/images/line_0139_v027.png,विद्यार्थी या प्रकल्पावर काम करत आहेत.,𑘪𑘱𑘟𑘿𑘧𑘰𑘨𑘿𑘞𑘲 𑘧𑘰 𑘢𑘿𑘨𑘎𑘩𑘿𑘢𑘰𑘪𑘨 𑘎𑘰𑘦 𑘎𑘨𑘝 𑘁𑘮𑘹𑘝.,139
data/synthetic/images/line_0139_v028.png,विद्यार्थी या प्रकल्पावर काम करत आहेत.,𑘪𑘱𑘟𑘿𑘧𑘰𑘨𑘿𑘞𑘲 𑘧𑘰 𑘢𑘿𑘨𑘎𑘩𑘿𑘢𑘰𑘪𑘨 𑘎𑘰𑘦 𑘎𑘨𑘝 𑘁𑘮𑘹𑘝.,139
data/synthetic/images/line_0139_v029.png,विद्यार्थी या प्रकल्पावर काम करत आहेत.,𑘪𑘱𑘟𑘿𑘧𑘰𑘨𑘿𑘞𑘲 𑘧𑘰 𑘢𑘿𑘨𑘎𑘩𑘿𑘢𑘰𑘪𑘨 𑘎𑘰𑘦 𑘎𑘨𑘝 𑘁𑘮𑘹𑘝.,139
data/synthetic/images/line_0139_v030.png,विद्यार्थी या प्रकल्पावर काम करत आहेत.,𑘪𑘱𑘟𑘿𑘧𑘰𑘨𑘿𑘞𑘲 𑘧𑘰 𑘢𑘿𑘨𑘎𑘩𑘿𑘢𑘰𑘪𑘨 𑘎𑘰𑘦 𑘎𑘨𑘝 𑘁𑘮𑘹𑘝.,139
data/synthetic/images/line_0139_v031.png,विद्यार्थी या प्रकल्पावर काम करत आहेत.,𑘪𑘱𑘟𑘿𑘧𑘰𑘨𑘿𑘞𑘲 𑘧𑘰 𑘢𑘿𑘨𑘎𑘩𑘿𑘢𑘰𑘪𑘨 𑘎𑘰𑘦 𑘎𑘨𑘝 𑘁𑘮𑘹𑘝.,139
data/synthetic/images/line_0139_v032.png,विद्यार्थी या प्रकल्पावर काम करत आहेत.,𑘪𑘱𑘟𑘿𑘧𑘰𑘨𑘿𑘞𑘲 𑘧𑘰 𑘢𑘿𑘨𑘎𑘩𑘿𑘢𑘰𑘪𑘨 𑘎𑘰𑘦 𑘎𑘨𑘝 𑘁𑘮𑘹𑘝.,139
data/synthetic/images/line_0139_v033.png,विद्यार्थी या प्रकल्पावर काम करत आहेत.,𑘪𑘱𑘟𑘿𑘧𑘰𑘨𑘿𑘞𑘲 𑘧𑘰 𑘢𑘿𑘨𑘎𑘩𑘿𑘢𑘰𑘪𑘨 𑘎𑘰𑘦 𑘎𑘨𑘝 𑘁𑘮𑘹𑘝.,139
data/synthetic/images/line_0139_v034.png,विद्यार्थी या प्रकल्पावर काम करत आहेत.,𑘪𑘱𑘟𑘿𑘧𑘰𑘨𑘿𑘞𑘲 𑘧𑘰 𑘢𑘿𑘨𑘎𑘩𑘿𑘢𑘰𑘪𑘨 𑘎𑘰𑘦 𑘎𑘨𑘝 𑘁𑘮𑘹𑘝.,139
data/synthetic/images/line_0139_v035.png,विद्यार्थी या प्रकल्पावर काम करत आहेत.,𑘪𑘱𑘟𑘿𑘧𑘰𑘨𑘿𑘞𑘲 𑘧𑘰 𑘢𑘿𑘨𑘎𑘩𑘿𑘢𑘰𑘪𑘨 𑘎𑘰𑘦 𑘎𑘨𑘝 𑘁𑘮𑘹𑘝.,139
data/synthetic/images/line_0139_v036.png,विद्यार्थी या प्रकल्पावर काम करत आहेत.,𑘪𑘱𑘟𑘿𑘧𑘰𑘨𑘿𑘞𑘲 𑘧𑘰 𑘢𑘿𑘨𑘎𑘩𑘿𑘢𑘰𑘪𑘨 𑘎𑘰𑘦 𑘎𑘨𑘝 𑘁𑘮𑘹𑘝.,139
data/synthetic/images/line_0139_v037.png,विद्यार्थी या प्रकल्पावर काम करत आहेत.,𑘪𑘱𑘟𑘿𑘧𑘰𑘨𑘿𑘞𑘲 𑘧𑘰 𑘢𑘿𑘨𑘎𑘩𑘿𑘢𑘰𑘪𑘨 𑘎𑘰𑘦 𑘎𑘨𑘝 𑘁𑘮𑘹𑘝.,139
data/synthetic/images/line_0139_v038.png,विद्यार्थी या प्रकल्पावर काम करत आहेत.,𑘪𑘱𑘟𑘿𑘧𑘰𑘨𑘿𑘞𑘲 𑘧𑘰 𑘢𑘿𑘨𑘎𑘩𑘿𑘢𑘰𑘪𑘨 𑘎𑘰𑘦 𑘎𑘨𑘝 𑘁𑘮𑘹𑘝.,139
data/synthetic/images/line_0139_v039.png,विद्यार्थी या प्रकल्पावर काम करत आहेत.,𑘪𑘱𑘟𑘿𑘧𑘰𑘨𑘿𑘞𑘲 𑘧𑘰 𑘢𑘿𑘨𑘎𑘩𑘿𑘢𑘰𑘪𑘨 𑘎𑘰𑘦 𑘎𑘨𑘝 𑘁𑘮𑘹𑘝.,139
data/synthetic/images/line_0140_v000.png,स्पर्धेसाठी हा प्रकल्प तयार केला आहे.,𑘭𑘿𑘢𑘨𑘿𑘠𑘹𑘭𑘰𑘙𑘲 𑘮𑘰 𑘢𑘿𑘨𑘎𑘩𑘿𑘢 𑘝𑘧𑘰𑘨 𑘎𑘹𑘩𑘰 𑘁𑘮𑘹.,140
data/synthetic/images/line_0140_v001.png,स्पर्धेसाठी हा प्रकल्प तयार केला आहे.,𑘭𑘿𑘢𑘨𑘿𑘠𑘹𑘭𑘰𑘙𑘲 𑘮𑘰 𑘢𑘿𑘨𑘎𑘩𑘿𑘢 𑘝𑘧𑘰𑘨 𑘎𑘹𑘩𑘰 𑘁𑘮𑘹.,140
data/synthetic/images/line_0140_v002.png,स्पर्धेसाठी हा प्रकल्प तयार केला आहे.,𑘭𑘿𑘢𑘨𑘿𑘠𑘹𑘭𑘰𑘙𑘲 𑘮𑘰 𑘢𑘿𑘨𑘎𑘩𑘿𑘢 𑘝𑘧𑘰𑘨 𑘎𑘹𑘩𑘰 𑘁𑘮𑘹.,140
data/synthetic/images/line_0140_v003.png,स्पर्धेसाठी हा प्रकल्प तयार केला आहे.,𑘭𑘿𑘢𑘨𑘿𑘠𑘹𑘭𑘰𑘙𑘲 𑘮𑘰 𑘢𑘿𑘨𑘎𑘩𑘿𑘢 𑘝𑘧𑘰𑘨 𑘎𑘹𑘩𑘰 𑘁𑘮𑘹.,140
data/synthetic/images/line_0140_v004.png,स्पर्धेसाठी हा प्रकल्प तयार केला आहे.,𑘭𑘿𑘢𑘨𑘿𑘠𑘹𑘭𑘰𑘙𑘲 𑘮𑘰 𑘢𑘿𑘨𑘎𑘩𑘿𑘢 𑘝𑘧𑘰𑘨 𑘎𑘹𑘩𑘰 𑘁𑘮𑘹.,140
data/synthetic/images/line_0140_v005.png,स्पर्धेसाठी हा प्रकल्प तयार केला आहे.,𑘭𑘿𑘢𑘨𑘿𑘠𑘹𑘭𑘰𑘙𑘲 𑘮𑘰 𑘢𑘿𑘨𑘎𑘩𑘿𑘢 𑘝𑘧𑘰𑘨 𑘎𑘹𑘩𑘰 𑘁𑘮𑘹.,140
data/synthetic/images/line_0140_v006.png,स्पर्धेसाठी हा प्रकल्प तयार केला आहे.,𑘭𑘿𑘢𑘨𑘿𑘠𑘹𑘭𑘰𑘙𑘲 𑘮𑘰 𑘢𑘿𑘨𑘎𑘩𑘿𑘢 𑘝𑘧𑘰𑘨 𑘎𑘹𑘩𑘰 𑘁𑘮𑘹.,140
data/synthetic/images/line_0140_v007.png,स्पर्धेसाठी हा प्रकल्प तयार केला आहे.,𑘭𑘿𑘢𑘨𑘿𑘠𑘹𑘭𑘰𑘙𑘲 𑘮𑘰 𑘢𑘿𑘨𑘎𑘩𑘿𑘢 𑘝𑘧𑘰𑘨 𑘎𑘹𑘩𑘰 𑘁𑘮𑘹.,140
data/synthetic/images/line_0140_v008.png,स्पर्धेसाठी हा प्रकल्प तयार केला आहे.,𑘭𑘿𑘢𑘨𑘿𑘠𑘹𑘭𑘰𑘙𑘲 𑘮𑘰 𑘢𑘿𑘨𑘎𑘩𑘿𑘢 𑘝𑘧𑘰𑘨 𑘎𑘹𑘩𑘰 𑘁𑘮𑘹.,140
data/synthetic/images/line_0140_v009.png,स्पर्धेसाठी हा प्रकल्प तयार केला आहे.,𑘭𑘿𑘢𑘨𑘿𑘠𑘹𑘭𑘰𑘙𑘲 𑘮𑘰 𑘢𑘿𑘨𑘎𑘩𑘿𑘢 𑘝𑘧𑘰𑘨 𑘎𑘹𑘩𑘰 𑘁𑘮𑘹.,140
data/synthetic/images/line_0140_v010.png,स्पर्धेसाठी हा प्रकल्प तयार केला आहे.,𑘭𑘿𑘢𑘨𑘿𑘠𑘹𑘭𑘰𑘙𑘲 𑘮𑘰 𑘢𑘿𑘨𑘎𑘩𑘿𑘢 𑘝𑘧𑘰𑘨 𑘎𑘹𑘩𑘰 𑘁𑘮𑘹.,140
data/synthetic/images/line_0140_v011.png,स्पर्धेसाठी हा प्रकल्प तयार केला आहे.,𑘭𑘿𑘢𑘨𑘿𑘠𑘹𑘭𑘰𑘙𑘲 𑘮𑘰 𑘢𑘿𑘨𑘎𑘩𑘿𑘢 𑘝𑘧𑘰𑘨 𑘎𑘹𑘩𑘰 𑘁𑘮𑘹.,140
data/synthetic/images/line_0140_v012.png,स्पर्धेसाठी हा प्रकल्प तयार केला आहे.,𑘭𑘿𑘢𑘨𑘿𑘠𑘹𑘭𑘰𑘙𑘲 𑘮𑘰 𑘢𑘿𑘨𑘎𑘩𑘿𑘢 𑘝𑘧𑘰𑘨 𑘎𑘹𑘩𑘰 𑘁𑘮𑘹.,140
data/synthetic/images/line_0140_v013.png,स्पर्धेसाठी हा प्रकल्प तयार केला आहे.,𑘭𑘿𑘢𑘨𑘿𑘠𑘹𑘭𑘰𑘙𑘲 𑘮𑘰 𑘢𑘿𑘨𑘎𑘩𑘿𑘢 𑘝𑘧𑘰𑘨 𑘎𑘹𑘩𑘰 𑘁𑘮𑘹.,140
data/synthetic/images/line_0140_v014.png,स्पर्धेसाठी हा प्रकल्प तयार केला आहे.,𑘭𑘿𑘢𑘨𑘿𑘠𑘹𑘭𑘰𑘙𑘲 𑘮𑘰 𑘢𑘿𑘨𑘎𑘩𑘿𑘢 𑘝𑘧𑘰𑘨 𑘎𑘹𑘩𑘰 𑘁𑘮𑘹.,140
data/synthetic/images/line_0140_v015.png,स्पर्धेसाठी हा प्रकल्प तयार केला आहे.,𑘭𑘿𑘢𑘨𑘿𑘠𑘹𑘭𑘰𑘙𑘲 𑘮𑘰 𑘢𑘿𑘨𑘎𑘩𑘿𑘢 𑘝𑘧𑘰𑘨 𑘎𑘹𑘩𑘰 𑘁𑘮𑘹.,140
data/synthetic/images/line_0140_v016.png,स्पर्धेसाठी हा प्रकल्प तयार केला आहे.,𑘭𑘿𑘢𑘨𑘿𑘠𑘹𑘭𑘰𑘙𑘲 𑘮𑘰 𑘢𑘿𑘨𑘎𑘩𑘿𑘢 𑘝𑘧𑘰𑘨 𑘎𑘹𑘩𑘰 𑘁𑘮𑘹.,140
data/synthetic/images/line_0140_v017.png,स्पर्धेसाठी हा प्रकल्प तयार केला आहे.,𑘭𑘿𑘢𑘨𑘿𑘠𑘹𑘭𑘰𑘙𑘲 𑘮𑘰 𑘢𑘿𑘨𑘎𑘩𑘿𑘢 𑘝𑘧𑘰𑘨 𑘎𑘹𑘩𑘰 𑘁𑘮𑘹.,140
data/synthetic/images/line_0140_v018.png,स्पर्धेसाठी हा प्रकल्प तयार केला आहे.,𑘭𑘿𑘢𑘨𑘿𑘠𑘹𑘭𑘰𑘙𑘲 𑘮𑘰 𑘢𑘿𑘨𑘎𑘩𑘿𑘢 𑘝𑘧𑘰𑘨 𑘎𑘹𑘩𑘰 𑘁𑘮𑘹.,140
data/synthetic/images/line_0140_v019.png,स्पर्धेसाठी हा प्रकल्प तयार केला आहे.,𑘭𑘿𑘢𑘨𑘿𑘠𑘹𑘭𑘰𑘙𑘲 𑘮𑘰 𑘢𑘿𑘨𑘎𑘩𑘿𑘢 𑘝𑘧𑘰𑘨 𑘎𑘹𑘩𑘰 𑘁𑘮𑘹.,140
data/synthetic/images/line_0140_v020.png,स्पर्धेसाठी हा प्रकल्प तयार केला आहे.,𑘭𑘿𑘢𑘨𑘿𑘠𑘹𑘭𑘰𑘙𑘲 𑘮𑘰 𑘢𑘿𑘨𑘎𑘩𑘿𑘢 𑘝𑘧𑘰𑘨 𑘎𑘹𑘩𑘰 𑘁𑘮𑘹.,140
data/synthetic/images/line_0140_v021.png,स्पर्धेसाठी हा प्रकल्प तयार केला आहे.,𑘭𑘿𑘢𑘨𑘿𑘠𑘹𑘭𑘰𑘙𑘲 𑘮𑘰 𑘢𑘿𑘨𑘎𑘩𑘿𑘢 𑘝𑘧𑘰𑘨 𑘎𑘹𑘩𑘰 𑘁𑘮𑘹.,140
data/synthetic/images/line_0140_v022.png,स्पर्धेसाठी हा प्रकल्प तयार केला आहे.,𑘭𑘿𑘢𑘨𑘿𑘠𑘹𑘭𑘰𑘙𑘲 𑘮𑘰 𑘢𑘿𑘨𑘎𑘩𑘿𑘢 𑘝𑘧𑘰𑘨 𑘎𑘹𑘩𑘰 𑘁𑘮𑘹.,140
data/synthetic/images/line_0140_v023.png,स्पर्धेसाठी हा प्रकल्प तयार केला आहे.,𑘭𑘿𑘢𑘨𑘿𑘠𑘹𑘭𑘰𑘙𑘲 𑘮𑘰 𑘢𑘿𑘨𑘎𑘩𑘿𑘢 𑘝𑘧𑘰𑘨 𑘎𑘹𑘩𑘰 𑘁𑘮𑘹.,140
data/synthetic/images/line_0140_v024.png,स्पर्धेसाठी हा प्रकल्प तयार केला आहे.,𑘭𑘿𑘢𑘨𑘿𑘠𑘹𑘭𑘰𑘙𑘲 𑘮𑘰 𑘢𑘿𑘨𑘎𑘩𑘿𑘢 𑘝𑘧𑘰𑘨 𑘎𑘹𑘩𑘰 𑘁𑘮𑘹.,140
data/synthetic/images/line_0140_v025.png,स्पर्धेसाठी हा प्रकल्प तयार केला आहे.,𑘭𑘿𑘢𑘨𑘿𑘠𑘹𑘭𑘰𑘙𑘲 𑘮𑘰 𑘢𑘿𑘨𑘎𑘩𑘿𑘢 𑘝𑘧𑘰𑘨 𑘎𑘹𑘩𑘰 𑘁𑘮𑘹.,140
data/synthetic/images/line_0140_v026.png,स्पर्धेसाठी हा प्रकल्प तयार केला आहे.,𑘭𑘿𑘢𑘨𑘿𑘠𑘹𑘭𑘰𑘙𑘲 𑘮𑘰 𑘢𑘿𑘨𑘎𑘩𑘿𑘢 𑘝𑘧𑘰𑘨 𑘎𑘹𑘩𑘰 𑘁𑘮𑘹.,140
data/synthetic/images/line_0140_v027.png,स्पर्धेसाठी हा प्रकल्प तयार केला आहे.,𑘭𑘿𑘢𑘨𑘿𑘠𑘹𑘭𑘰𑘙𑘲 𑘮𑘰 𑘢𑘿𑘨𑘎𑘩𑘿𑘢 𑘝𑘧𑘰𑘨 𑘎𑘹𑘩𑘰 𑘁𑘮𑘹.,140
data/synthetic/images/line_0140_v028.png,स्पर्धेसाठी हा प्रकल्प तयार केला आहे.,𑘭𑘿𑘢𑘨𑘿𑘠𑘹𑘭𑘰𑘙𑘲 𑘮𑘰 𑘢𑘿𑘨𑘎𑘩𑘿𑘢 𑘝𑘧𑘰𑘨 𑘎𑘹𑘩𑘰 𑘁𑘮𑘹.,140
data/synthetic/images/line_0140_v029.png,स्पर्धेसाठी हा प्रकल्प तयार केला आहे.,𑘭𑘿𑘢𑘨𑘿𑘠𑘹𑘭𑘰𑘙𑘲 𑘮𑘰 𑘢𑘿𑘨𑘎𑘩𑘿𑘢 𑘝𑘧𑘰𑘨 𑘎𑘹𑘩𑘰 𑘁𑘮𑘹.,140
data/synthetic/images/line_0140_v030.png,स्पर्धेसाठी हा प्रकल्प तयार केला आहे.,𑘭𑘿𑘢𑘨𑘿𑘠𑘹𑘭𑘰𑘙𑘲 𑘮𑘰 𑘢𑘿𑘨𑘎𑘩𑘿𑘢 𑘝𑘧𑘰𑘨 𑘎𑘹𑘩𑘰 𑘁𑘮𑘹.,140
data/synthetic/images/line_0140_v031.png,स्पर्धेसाठी हा प्रकल्प तयार केला आहे.,𑘭𑘿𑘢𑘨𑘿𑘠𑘹𑘭𑘰𑘙𑘲 𑘮𑘰 𑘢𑘿𑘨𑘎𑘩𑘿𑘢 𑘝𑘧𑘰𑘨 𑘎𑘹𑘩𑘰 𑘁𑘮𑘹.,140
data/synthetic/images/line_0140_v032.png,स्पर्धेसाठी हा प्रकल्प तयार केला आहे.,𑘭𑘿𑘢𑘨𑘿𑘠𑘹𑘭𑘰𑘙𑘲 𑘮𑘰 𑘢𑘿𑘨𑘎𑘩𑘿𑘢 𑘝𑘧𑘰𑘨 𑘎𑘹𑘩𑘰 𑘁𑘮𑘹.,140
data/synthetic/images/line_0140_v033.png,स्पर्धेसाठी हा प्रकल्प तयार केला आहे.,𑘭𑘿𑘢𑘨𑘿𑘠𑘹𑘭𑘰𑘙𑘲 𑘮𑘰 𑘢𑘿𑘨𑘎𑘩𑘿𑘢 𑘝𑘧𑘰𑘨 𑘎𑘹𑘩𑘰 𑘁𑘮𑘹.,140
data/synthetic/images/line_0140_v034.png,स्पर्धेसाठी हा प्रकल्प तयार केला आहे.,𑘭𑘿𑘢𑘨𑘿𑘠𑘹𑘭𑘰𑘙𑘲 𑘮𑘰 𑘢𑘿𑘨𑘎𑘩𑘿𑘢 𑘝𑘧𑘰𑘨 𑘎𑘹𑘩𑘰 𑘁𑘮𑘹.,140
data/synthetic/images/line_0140_v035.png,स्पर्धेसाठी हा प्रकल्प तयार केला आहे.,𑘭𑘿𑘢𑘨𑘿𑘠𑘹𑘭𑘰𑘙𑘲 𑘮𑘰 𑘢𑘿𑘨𑘎𑘩𑘿𑘢 𑘝𑘧𑘰𑘨 𑘎𑘹𑘩𑘰 𑘁𑘮𑘹.,140
data/synthetic/images/line_0140_v036.png,स्पर्धेसाठी हा प्रकल्प तयार केला आहे.,𑘭𑘿𑘢𑘨𑘿𑘠𑘹𑘭𑘰𑘙𑘲 𑘮𑘰 𑘢𑘿𑘨𑘎𑘩𑘿𑘢 𑘝𑘧𑘰𑘨 𑘎𑘹𑘩𑘰 𑘁𑘮𑘹.,140
data/synthetic/images/line_0140_v037.png,स्पर्धेसाठी हा प्रकल्प तयार केला आहे.,𑘭𑘿𑘢𑘨𑘿𑘠𑘹𑘭𑘰𑘙𑘲 𑘮𑘰 𑘢𑘿𑘨𑘎𑘩𑘿𑘢 𑘝𑘧𑘰𑘨 𑘎𑘹𑘩𑘰 𑘁𑘮𑘹.,140
data/synthetic/images/line_0140_v038.png,स्पर्धेसाठी हा प्रकल्प तयार केला आहे.,𑘭𑘿𑘢𑘨𑘿𑘠𑘹𑘭𑘰𑘙𑘲 𑘮𑘰 𑘢𑘿𑘨𑘎𑘩𑘿𑘢 𑘝𑘧𑘰𑘨 𑘎𑘹𑘩𑘰 𑘁𑘮𑘹.,140
data/synthetic/images/line_0140_v039.png,स्पर्धेसाठी हा प्रकल्प तयार केला आहे.,𑘭𑘿𑘢𑘨𑘿𑘠𑘹𑘭𑘰𑘙𑘲 𑘮𑘰 𑘢𑘿𑘨𑘎𑘩𑘿𑘢 𑘝𑘧𑘰𑘨 𑘎𑘹𑘩𑘰 𑘁𑘮𑘹.,140
data/synthetic/images/line_0141_v000.png,वेळेचे नियोजन करणे महत्त्वाचे आहे.,𑘪𑘹𑘯𑘹𑘓𑘹 𑘡𑘱𑘧𑘻𑘕𑘡 𑘎𑘨𑘜𑘹 𑘦𑘮𑘝𑘿𑘝𑘿𑘪𑘰𑘓𑘹 𑘁𑘮𑘹.,141
data/synthetic/images/line_0141_v001.png,वेळेचे नियोजन करणे महत्त्वाचे आहे.,𑘪𑘹𑘯𑘹𑘓𑘹 𑘡𑘱𑘧𑘻𑘕𑘡 𑘎𑘨𑘜𑘹 𑘦𑘮𑘝𑘿𑘝𑘿𑘪𑘰𑘓𑘹 𑘁𑘮𑘹.,141
data/synthetic/images/line_0141_v002.png,वेळेचे नियोजन करणे महत्त्वाचे आहे.,𑘪𑘹𑘯𑘹𑘓𑘹 𑘡𑘱𑘧𑘻𑘕𑘡 𑘎𑘨𑘜𑘹 𑘦𑘮𑘝𑘿𑘝𑘿𑘪𑘰𑘓𑘹 𑘁𑘮𑘹.,141
data/synthetic/images/line_0141_v003.png,वेळेचे नियोजन करणे महत्त्वाचे आहे.,𑘪𑘹𑘯𑘹𑘓𑘹 𑘡𑘱𑘧𑘻𑘕𑘡 𑘎𑘨𑘜𑘹 𑘦𑘮𑘝𑘿𑘝𑘿𑘪𑘰𑘓𑘹 𑘁𑘮𑘹.,141
data/synthetic/images/line_0141_v004.png,वेळेचे नियोजन करणे महत्त्वाचे आहे.,𑘪𑘹𑘯𑘹𑘓𑘹 𑘡𑘱𑘧𑘻𑘕𑘡 𑘎𑘨𑘜𑘹 𑘦𑘮𑘝𑘿𑘝𑘿𑘪𑘰𑘓𑘹 𑘁𑘮𑘹.,141
data/synthetic/images/line_0141_v005.png,वेळेचे नियोजन करणे महत्त्वाचे आहे.,𑘪𑘹𑘯𑘹𑘓𑘹 𑘡𑘱𑘧𑘻𑘕𑘡 𑘎𑘨𑘜𑘹 𑘦𑘮𑘝𑘿𑘝𑘿𑘪𑘰𑘓𑘹 𑘁𑘮𑘹.,141
data/synthetic/images/line_0141_v006.png,वेळेचे नियोजन करणे महत्त्वाचे आहे.,𑘪𑘹𑘯𑘹𑘓𑘹 𑘡𑘱𑘧𑘻𑘕𑘡 𑘎𑘨𑘜𑘹 𑘦𑘮𑘝𑘿𑘝𑘿𑘪𑘰𑘓𑘹 𑘁𑘮𑘹.,141
data/synthetic/images/line_0141_v007.png,वेळेचे नियोजन करणे महत्त्वाचे आहे.,𑘪𑘹𑘯𑘹𑘓𑘹 𑘡𑘱𑘧𑘻𑘕𑘡 𑘎𑘨𑘜𑘹 𑘦𑘮𑘝𑘿𑘝𑘿𑘪𑘰𑘓𑘹 𑘁𑘮𑘹.,141
data/synthetic/images/line_0141_v008.png,वेळेचे नियोजन करणे महत्त्वाचे आहे.,𑘪𑘹𑘯𑘹𑘓𑘹 𑘡𑘱𑘧𑘻𑘕𑘡 𑘎𑘨𑘜𑘹 𑘦𑘮𑘝𑘿𑘝𑘿𑘪𑘰𑘓𑘹 𑘁𑘮𑘹.,141
data/synthetic/images/line_0141_v009.png,वेळेचे नियोजन करणे महत्त्वाचे आहे.,𑘪𑘹𑘯𑘹𑘓𑘹 𑘡𑘱𑘧𑘻𑘕𑘡 𑘎𑘨𑘜𑘹 𑘦𑘮𑘝𑘿𑘝𑘿𑘪𑘰𑘓𑘹 𑘁𑘮𑘹.,141
data/synthetic/images/line_0141_v010.png,वेळेचे नियोजन करणे महत्त्वाचे आहे.,𑘪𑘹𑘯𑘹𑘓𑘹 𑘡𑘱𑘧𑘻𑘕𑘡 𑘎𑘨𑘜𑘹 𑘦𑘮𑘝𑘿𑘝𑘿𑘪𑘰𑘓𑘹 𑘁𑘮𑘹.,141
data/synthetic/images/line_0141_v011.png,वेळेचे नियोजन करणे महत्त्वाचे आहे.,𑘪𑘹𑘯𑘹𑘓𑘹 𑘡𑘱𑘧𑘻𑘕𑘡 𑘎𑘨𑘜𑘹 𑘦𑘮𑘝𑘿𑘝𑘿𑘪𑘰𑘓𑘹 𑘁𑘮𑘹.,141
data/synthetic/images/line_0141_v012.png,वेळेचे नियोजन करणे महत्त्वाचे आहे.,𑘪𑘹𑘯𑘹𑘓𑘹 𑘡𑘱𑘧𑘻𑘕𑘡 𑘎𑘨𑘜𑘹 𑘦𑘮𑘝𑘿𑘝𑘿𑘪𑘰𑘓𑘹 𑘁𑘮𑘹.,141
data/synthetic/images/line_0141_v013.png,वेळेचे नियोजन करणे महत्त्वाचे आहे.,𑘪𑘹𑘯𑘹𑘓𑘹 𑘡𑘱𑘧𑘻𑘕𑘡 𑘎𑘨𑘜𑘹 𑘦𑘮𑘝𑘿𑘝𑘿𑘪𑘰𑘓𑘹 𑘁𑘮𑘹.,141
data/synthetic/images/line_0141_v014.png,वेळेचे नियोजन करणे महत्त्वाचे आहे.,𑘪𑘹𑘯𑘹𑘓𑘹 𑘡𑘱𑘧𑘻𑘕𑘡 𑘎𑘨𑘜𑘹 𑘦𑘮𑘝𑘿𑘝𑘿𑘪𑘰𑘓𑘹 𑘁𑘮𑘹.,141
data/synthetic/images/line_0141_v015.png,वेळेचे नियोजन करणे महत्त्वाचे आहे.,𑘪𑘹𑘯𑘹𑘓𑘹 𑘡𑘱𑘧𑘻𑘕𑘡 𑘎𑘨𑘜𑘹 𑘦𑘮𑘝𑘿𑘝𑘿𑘪𑘰𑘓𑘹 𑘁𑘮𑘹.,141
data/synthetic/images/line_0141_v016.png,वेळेचे नियोजन करणे महत्त्वाचे आहे.,𑘪𑘹𑘯𑘹𑘓𑘹 𑘡𑘱𑘧𑘻𑘕𑘡 𑘎𑘨𑘜𑘹 𑘦𑘮𑘝𑘿𑘝𑘿𑘪𑘰𑘓𑘹 𑘁𑘮𑘹.,141
data/synthetic/images/line_0141_v017.png,वेळेचे नियोजन करणे महत्त्वाचे आहे.,𑘪𑘹𑘯𑘹𑘓𑘹 𑘡𑘱𑘧𑘻𑘕𑘡 𑘎𑘨𑘜𑘹 𑘦𑘮𑘝𑘿𑘝𑘿𑘪𑘰𑘓𑘹 𑘁𑘮𑘹.,141
data/synthetic/images/line_0141_v018.png,वेळेचे नियोजन करणे महत्त्वाचे आहे.,𑘪𑘹𑘯𑘹𑘓𑘹 𑘡𑘱𑘧𑘻𑘕𑘡 𑘎𑘨𑘜𑘹 𑘦𑘮𑘝𑘿𑘝𑘿𑘪𑘰𑘓𑘹 𑘁𑘮𑘹.,141
data/synthetic/images/line_0141_v019.png,वेळेचे नियोजन करणे महत्त्वाचे आहे.,𑘪𑘹𑘯𑘹𑘓𑘹 𑘡𑘱𑘧𑘻𑘕𑘡 𑘎𑘨𑘜𑘹 𑘦𑘮𑘝𑘿𑘝𑘿𑘪𑘰𑘓𑘹 𑘁𑘮𑘹.,141
data/synthetic/images/line_0141_v020.png,वेळेचे नियोजन करणे महत्त्वाचे आहे.,𑘪𑘹𑘯𑘹𑘓𑘹 𑘡𑘱𑘧𑘻𑘕𑘡 𑘎𑘨𑘜𑘹 𑘦𑘮𑘝𑘿𑘝𑘿𑘪𑘰𑘓𑘹 𑘁𑘮𑘹.,141
data/synthetic/images/line_0141_v021.png,वेळेचे नियोजन करणे महत्त्वाचे आहे.,𑘪𑘹𑘯𑘹𑘓𑘹 𑘡𑘱𑘧𑘻𑘕𑘡 𑘎𑘨𑘜𑘹 𑘦𑘮𑘝𑘿𑘝𑘿𑘪𑘰𑘓𑘹 𑘁𑘮𑘹.,141
data/synthetic/images/line_0141_v022.png,वेळेचे नियोजन करणे महत्त्वाचे आहे.,𑘪𑘹𑘯𑘹𑘓𑘹 𑘡𑘱𑘧𑘻𑘕𑘡 𑘎𑘨𑘜𑘹 𑘦𑘮𑘝𑘿𑘝𑘿𑘪𑘰𑘓𑘹 𑘁𑘮𑘹.,141
data/synthetic/images/line_0141_v023.png,वेळेचे नियोजन करणे महत्त्वाचे आहे.,𑘪𑘹𑘯𑘹𑘓𑘹 𑘡𑘱𑘧𑘻𑘕𑘡 𑘎𑘨𑘜𑘹 𑘦𑘮𑘝𑘿𑘝𑘿𑘪𑘰𑘓𑘹 𑘁𑘮𑘹.,141
data/synthetic/images/line_0141_v024.png,वेळेचे नियोजन करणे महत्त्वाचे आहे.,𑘪𑘹𑘯𑘹𑘓𑘹 𑘡𑘱𑘧𑘻𑘕𑘡 𑘎𑘨𑘜𑘹 𑘦𑘮𑘝𑘿𑘝𑘿𑘪𑘰𑘓𑘹 𑘁𑘮𑘹.,141
data/synthetic/images/line_0141_v025.png,वेळेचे नियोजन करणे महत्त्वाचे आहे.,𑘪𑘹𑘯𑘹𑘓𑘹 𑘡𑘱𑘧𑘻𑘕𑘡 𑘎𑘨𑘜𑘹 𑘦𑘮𑘝𑘿𑘝𑘿𑘪𑘰𑘓𑘹 𑘁𑘮𑘹.,141
data/synthetic/images/line_0141_v026.png,वेळेचे नियोजन करणे महत्त्वाचे आहे.,𑘪𑘹𑘯𑘹𑘓𑘹 𑘡𑘱𑘧𑘻𑘕𑘡 𑘎𑘨𑘜𑘹 𑘦𑘮𑘝𑘿𑘝𑘿𑘪𑘰𑘓𑘹 𑘁𑘮𑘹.,141
data/synthetic/images/line_0141_v027.png,वेळेचे नियोजन करणे महत्त्वाचे आहे.,𑘪𑘹𑘯𑘹𑘓𑘹 𑘡𑘱𑘧𑘻𑘕𑘡 𑘎𑘨𑘜𑘹 𑘦𑘮𑘝𑘿𑘝𑘿𑘪𑘰𑘓𑘹 𑘁𑘮𑘹.,141
data/synthetic/images/line_0141_v028.png,वेळेचे नियोजन करणे महत्त्वाचे आहे.,𑘪𑘹𑘯𑘹𑘓𑘹 𑘡𑘱𑘧𑘻𑘕𑘡 𑘎𑘨𑘜𑘹 𑘦𑘮𑘝𑘿𑘝𑘿𑘪𑘰𑘓𑘹 𑘁𑘮𑘹.,141
data/synthetic/images/line_0141_v029.png,वेळेचे नियोजन करणे महत्त्वाचे आहे.,𑘪𑘹𑘯𑘹𑘓𑘹 𑘡𑘱𑘧𑘻𑘕𑘡 𑘎𑘨𑘜𑘹 𑘦𑘮𑘝𑘿𑘝𑘿𑘪𑘰𑘓𑘹 𑘁𑘮𑘹.,141
data/synthetic/images/line_0141_v030.png,वेळेचे नियोजन करणे महत्त्वाचे आहे.,𑘪𑘹𑘯𑘹𑘓𑘹 𑘡𑘱𑘧𑘻𑘕𑘡 𑘎𑘨𑘜𑘹 𑘦𑘮𑘝𑘿𑘝𑘿𑘪𑘰𑘓𑘹 𑘁𑘮𑘹.,141
data/synthetic/images/line_0141_v031.png,वेळेचे नियोजन करणे महत्त्वाचे आहे.,𑘪𑘹𑘯𑘹𑘓𑘹 𑘡𑘱𑘧𑘻𑘕𑘡 𑘎𑘨𑘜𑘹 𑘦𑘮𑘝𑘿𑘝𑘿𑘪𑘰𑘓𑘹 𑘁𑘮𑘹.,141
data/synthetic/images/line_0141_v032.png,वेळेचे नियोजन करणे महत्त्वाचे आहे.,𑘪𑘹𑘯𑘹𑘓𑘹 𑘡𑘱𑘧𑘻𑘕𑘡 𑘎𑘨𑘜𑘹 𑘦𑘮𑘝𑘿𑘝𑘿𑘪𑘰𑘓𑘹 𑘁𑘮𑘹.,141
data/synthetic/images/line_0141_v033.png,वेळेचे नियोजन करणे महत्त्वाचे आहे.,𑘪𑘹𑘯𑘹𑘓𑘹 𑘡𑘱𑘧𑘻𑘕𑘡 𑘎𑘨𑘜𑘹 𑘦𑘮𑘝𑘿𑘝𑘿𑘪𑘰𑘓𑘹 𑘁𑘮𑘹.,141
data/synthetic/images/line_0141_v034.png,वेळेचे नियोजन करणे महत्त्वाचे आहे.,𑘪𑘹𑘯𑘹𑘓𑘹 𑘡𑘱𑘧𑘻𑘕𑘡 𑘎𑘨𑘜𑘹 𑘦𑘮𑘝𑘿𑘝𑘿𑘪𑘰𑘓𑘹 𑘁𑘮𑘹.,141
data/synthetic/images/line_0141_v035.png,वेळेचे नियोजन करणे महत्त्वाचे आहे.,𑘪𑘹𑘯𑘹𑘓𑘹 𑘡𑘱𑘧𑘻𑘕𑘡 𑘎𑘨𑘜𑘹 𑘦𑘮𑘝𑘿𑘝𑘿𑘪𑘰𑘓𑘹 𑘁𑘮𑘹.,141
data/synthetic/images/line_0141_v036.png,वेळेचे नियोजन करणे महत्त्वाचे आहे.,𑘪𑘹𑘯𑘹𑘓𑘹 𑘡𑘱𑘧𑘻𑘕𑘡 𑘎𑘨𑘜𑘹 𑘦𑘮𑘝𑘿𑘝𑘿𑘪𑘰𑘓𑘹 𑘁𑘮𑘹.,141
data/synthetic/images/line_0141_v037.png,वेळेचे नियोजन करणे महत्त्वाचे आहे.,𑘪𑘹𑘯𑘹𑘓𑘹 𑘡𑘱𑘧𑘻𑘕𑘡 𑘎𑘨𑘜𑘹 𑘦𑘮𑘝𑘿𑘝𑘿𑘪𑘰𑘓𑘹 𑘁𑘮𑘹.,141
data/synthetic/images/line_0141_v038.png,वेळेचे नियोजन करणे महत्त्वाचे आहे.,𑘪𑘹𑘯𑘹𑘓𑘹 𑘡𑘱𑘧𑘻𑘕𑘡 𑘎𑘨𑘜𑘹 𑘦𑘮𑘝𑘿𑘝𑘿𑘪𑘰𑘓𑘹 𑘁𑘮𑘹.,141
data/synthetic/images/line_0141_v039.png,वेळेचे नियोजन करणे महत्त्वाचे आहे.,𑘪𑘹𑘯𑘹𑘓𑘹 𑘡𑘱𑘧𑘻𑘕𑘡 𑘎𑘨𑘜𑘹 𑘦𑘮𑘝𑘿𑘝𑘿𑘪𑘰𑘓𑘹 𑘁𑘮𑘹.,141
data/synthetic/images/line_0142_v000.png,कमी वेळात चांगले काम करणे आव्हान आहे.,𑘎𑘦𑘲 𑘪𑘹𑘯𑘰𑘝 𑘓𑘰𑘽𑘐𑘩𑘹 𑘎𑘰𑘦 𑘎𑘨𑘜𑘹 𑘁𑘪𑘿𑘮𑘰𑘡 𑘁𑘮𑘹.,142
data/synthetic/images/line_0142_v001.png,कमी वेळात चांगले काम करणे आव्हान आहे.,𑘎𑘦𑘲 𑘪𑘹𑘯𑘰𑘝 𑘓𑘰𑘽𑘐𑘩𑘹 𑘎𑘰𑘦 𑘎𑘨𑘜𑘹 𑘁𑘪𑘿𑘮𑘰𑘡 𑘁𑘮𑘹.,142
data/synthetic/images/line_0142_v002.png,कमी वेळात चांगले काम करणे आव्हान आहे.,𑘎𑘦𑘲 𑘪𑘹𑘯𑘰𑘝 𑘓𑘰𑘽𑘐𑘩𑘹 𑘎𑘰𑘦 𑘎𑘨𑘜𑘹 𑘁𑘪𑘿𑘮𑘰𑘡 𑘁𑘮𑘹.,142
data/synthetic/images/line_0142_v003.png,कमी वेळात चांगले काम करणे आव्हान आहे.,𑘎𑘦𑘲 𑘪𑘹𑘯𑘰𑘝 𑘓𑘰𑘽𑘐𑘩𑘹 𑘎𑘰𑘦 𑘎𑘨𑘜𑘹 𑘁𑘪𑘿𑘮𑘰𑘡 𑘁𑘮𑘹.,142
data/synthetic/images/line_0142_v004.png,कमी वेळात चांगले काम करणे आव्हान आहे.,𑘎𑘦𑘲 𑘪𑘹𑘯𑘰𑘝 𑘓𑘰𑘽𑘐𑘩𑘹 𑘎𑘰𑘦 𑘎𑘨𑘜𑘹 𑘁𑘪𑘿𑘮𑘰𑘡 𑘁𑘮𑘹.,142
data/synthetic/images/line_0142_v005.png,कमी वेळात चांगले काम करणे आव्हान आहे.,𑘎𑘦𑘲 𑘪𑘹𑘯𑘰𑘝 𑘓𑘰𑘽𑘐𑘩𑘹 𑘎𑘰𑘦 𑘎𑘨𑘜𑘹 𑘁𑘪𑘿𑘮𑘰𑘡 𑘁𑘮𑘹.,142
data/synthetic/images/line_0142_v006.png,कमी वेळात चांगले काम करणे आव्हान आहे.,𑘎𑘦𑘲 𑘪𑘹𑘯𑘰𑘝 𑘓𑘰𑘽𑘐𑘩𑘹 𑘎𑘰𑘦 𑘎𑘨𑘜𑘹 𑘁𑘪𑘿𑘮𑘰𑘡 𑘁𑘮𑘹.,142
data/synthetic/images/line_0142_v007.png,कमी वेळात चांगले काम करणे आव्हान आहे.,𑘎𑘦𑘲 𑘪𑘹𑘯𑘰𑘝 𑘓𑘰𑘽𑘐𑘩𑘹 𑘎𑘰𑘦 𑘎𑘨𑘜𑘹 𑘁𑘪𑘿𑘮𑘰𑘡 𑘁𑘮𑘹.,142
data/synthetic/images/line_0142_v008.png,कमी वेळात चांगले काम करणे आव्हान आहे.,𑘎𑘦𑘲 𑘪𑘹𑘯𑘰𑘝 𑘓𑘰𑘽𑘐𑘩𑘹 𑘎𑘰𑘦 𑘎𑘨𑘜𑘹 𑘁𑘪𑘿𑘮𑘰𑘡 𑘁𑘮𑘹.,142
data/synthetic/images/line_0142_v009.png,कमी वेळात चांगले काम करणे आव्हान आहे.,𑘎𑘦𑘲 𑘪𑘹𑘯𑘰𑘝 𑘓𑘰𑘽𑘐𑘩𑘹 𑘎𑘰𑘦 𑘎𑘨𑘜𑘹 𑘁𑘪𑘿𑘮𑘰𑘡 𑘁𑘮𑘹.,142
data/synthetic/images/line_0142_v010.png,कमी वेळात चांगले काम करणे आव्हान आहे.,𑘎𑘦𑘲 𑘪𑘹𑘯𑘰𑘝 𑘓𑘰𑘽𑘐𑘩𑘹 𑘎𑘰𑘦 𑘎𑘨𑘜𑘹 𑘁𑘪𑘿𑘮𑘰𑘡 𑘁𑘮𑘹.,142
data/synthetic/images/line_0142_v011.png,कमी वेळात चांगले काम करणे आव्हान आहे.,𑘎𑘦𑘲 𑘪𑘹𑘯𑘰𑘝 𑘓𑘰𑘽𑘐𑘩𑘹 𑘎𑘰𑘦 𑘎𑘨𑘜𑘹 𑘁𑘪𑘿𑘮𑘰𑘡 𑘁𑘮𑘹.,142
data/synthetic/images/line_0142_v012.png,कमी वेळात चांगले काम करणे आव्हान आहे.,𑘎𑘦𑘲 𑘪𑘹𑘯𑘰𑘝 𑘓𑘰𑘽𑘐𑘩𑘹 𑘎𑘰𑘦 𑘎𑘨𑘜𑘹 𑘁𑘪𑘿𑘮𑘰𑘡 𑘁𑘮𑘹.,142
data/synthetic/images/line_0142_v013.png,कमी वेळात चांगले काम करणे आव्हान आहे.,𑘎𑘦𑘲 𑘪𑘹𑘯𑘰𑘝 𑘓𑘰𑘽𑘐𑘩𑘹 𑘎𑘰𑘦 𑘎𑘨𑘜𑘹 𑘁𑘪𑘿𑘮𑘰𑘡 𑘁𑘮𑘹.,142
data/synthetic/images/line_0142_v014.png,कमी वेळात चांगले काम करणे आव्हान आहे.,𑘎𑘦𑘲 𑘪𑘹𑘯𑘰𑘝 𑘓𑘰𑘽𑘐𑘩𑘹 𑘎𑘰𑘦 𑘎𑘨𑘜𑘹 𑘁𑘪𑘿𑘮𑘰𑘡 𑘁𑘮𑘹.,142
data/synthetic/images/line_0142_v015.png,कमी वेळात चांगले काम करणे आव्हान आहे.,𑘎𑘦𑘲 𑘪𑘹𑘯𑘰𑘝 𑘓𑘰𑘽𑘐𑘩𑘹 𑘎𑘰𑘦 𑘎𑘨𑘜𑘹 𑘁𑘪𑘿𑘮𑘰𑘡 𑘁𑘮𑘹.,142
data/synthetic/images/line_0142_v016.png,कमी वेळात चांगले काम करणे आव्हान आहे.,𑘎𑘦𑘲 𑘪𑘹𑘯𑘰𑘝 𑘓𑘰𑘽𑘐𑘩𑘹 𑘎𑘰𑘦 𑘎𑘨𑘜𑘹 𑘁𑘪𑘿𑘮𑘰𑘡 𑘁𑘮𑘹.,142
data/synthetic/images/line_0142_v017.png,कमी वेळात चांगले काम करणे आव्हान आहे.,𑘎𑘦𑘲 𑘪𑘹𑘯𑘰𑘝 𑘓𑘰𑘽𑘐𑘩𑘹 𑘎𑘰𑘦 𑘎𑘨𑘜𑘹 𑘁𑘪𑘿𑘮𑘰𑘡 𑘁𑘮𑘹.,142
data/synthetic/images/line_0142_v018.png,कमी वेळात चांगले काम करणे आव्हान आहे.,𑘎𑘦𑘲 𑘪𑘹𑘯𑘰𑘝 𑘓𑘰𑘽𑘐𑘩𑘹 𑘎𑘰𑘦 𑘎𑘨𑘜𑘹 𑘁𑘪𑘿𑘮𑘰𑘡 𑘁𑘮𑘹.,142
data/synthetic/images/line_0142_v019.png,कमी वेळात चांगले काम करणे आव्हान आहे.,𑘎𑘦𑘲 𑘪𑘹𑘯𑘰𑘝 𑘓𑘰𑘽𑘐𑘩𑘹 𑘎𑘰𑘦 𑘎𑘨𑘜𑘹 𑘁𑘪𑘿𑘮𑘰𑘡 𑘁𑘮𑘹.,142
data/synthetic/images/line_0142_v020.png,कमी वेळात चांगले काम करणे आव्हान आहे.,𑘎𑘦𑘲 𑘪𑘹𑘯𑘰𑘝 𑘓𑘰𑘽𑘐𑘩𑘹 𑘎𑘰𑘦 𑘎𑘨𑘜𑘹 𑘁𑘪𑘿𑘮𑘰𑘡 𑘁𑘮𑘹.,142
data/synthetic/images/line_0142_v021.png,कमी वेळात चांगले काम करणे आव्हान आहे.,𑘎𑘦𑘲 𑘪𑘹𑘯𑘰𑘝 𑘓𑘰𑘽𑘐𑘩𑘹 𑘎𑘰𑘦 𑘎𑘨𑘜𑘹 𑘁𑘪𑘿𑘮𑘰𑘡 𑘁𑘮𑘹.,142
data/synthetic/images/line_0142_v022.png,कमी वेळात चांगले काम करणे आव्हान आहे.,𑘎𑘦𑘲 𑘪𑘹𑘯𑘰𑘝 𑘓𑘰𑘽𑘐𑘩𑘹 𑘎𑘰𑘦 𑘎𑘨𑘜𑘹 𑘁𑘪𑘿𑘮𑘰𑘡 𑘁𑘮𑘹.,142
data/synthetic/images/line_0142_v023.png,कमी वेळात चांगले काम करणे आव्हान आहे.,𑘎𑘦𑘲 𑘪𑘹𑘯𑘰𑘝 𑘓𑘰𑘽𑘐𑘩𑘹 𑘎𑘰𑘦 𑘎𑘨𑘜𑘹 𑘁𑘪𑘿𑘮𑘰𑘡 𑘁𑘮𑘹.,142
data/synthetic/images/line_0142_v024.png,कमी वेळात चांगले काम करणे आव्हान आहे.,𑘎𑘦𑘲 𑘪𑘹𑘯𑘰𑘝 𑘓𑘰𑘽𑘐𑘩𑘹 𑘎𑘰𑘦 𑘎𑘨𑘜𑘹 𑘁𑘪𑘿𑘮𑘰𑘡 𑘁𑘮𑘹.,142
data/synthetic/images/line_0142_v025.png,कमी वेळात चांगले काम करणे आव्हान आहे.,𑘎𑘦𑘲 𑘪𑘹𑘯𑘰𑘝 𑘓𑘰𑘽𑘐𑘩𑘹 𑘎𑘰𑘦 𑘎𑘨𑘜𑘹 𑘁𑘪𑘿𑘮𑘰𑘡 𑘁𑘮𑘹.,142
data/synthetic/images/line_0142_v026.png,कमी वेळात चांगले काम करणे आव्हान आहे.,𑘎𑘦𑘲 𑘪𑘹𑘯𑘰𑘝 𑘓𑘰𑘽𑘐𑘩𑘹 𑘎𑘰𑘦 𑘎𑘨𑘜𑘹 𑘁𑘪𑘿𑘮𑘰𑘡 𑘁𑘮𑘹.,142
data/synthetic/images/line_0142_v027.png,कमी वेळात चांगले काम करणे आव्हान आहे.,𑘎𑘦𑘲 𑘪𑘹𑘯𑘰𑘝 𑘓𑘰𑘽𑘐𑘩𑘹 𑘎𑘰𑘦 𑘎𑘨𑘜𑘹 𑘁𑘪𑘿𑘮𑘰𑘡 𑘁𑘮𑘹.,142
data/synthetic/images/line_0142_v028.png,कमी वेळात चांगले काम करणे आव्हान आहे.,𑘎𑘦𑘲 𑘪𑘹𑘯𑘰𑘝 𑘓𑘰𑘽𑘐𑘩𑘹 𑘎𑘰𑘦 𑘎𑘨𑘜𑘹 𑘁𑘪𑘿𑘮𑘰𑘡 𑘁𑘮𑘹.,142
data/synthetic/images/line_0142_v029.png,कमी वेळात चांगले काम करणे आव्हान आहे.,𑘎𑘦𑘲 𑘪𑘹𑘯𑘰𑘝 𑘓𑘰𑘽𑘐𑘩𑘹 𑘎𑘰𑘦 𑘎𑘨𑘜𑘹 𑘁𑘪𑘿𑘮𑘰𑘡 𑘁𑘮𑘹.,142
data/synthetic/images/line_0142_v030.png,कमी वेळात चांगले काम करणे आव्हान आहे.,𑘎𑘦𑘲 𑘪𑘹𑘯𑘰𑘝 𑘓𑘰𑘽𑘐𑘩𑘹 𑘎𑘰𑘦 𑘎𑘨𑘜𑘹 𑘁𑘪𑘿𑘮𑘰𑘡 𑘁𑘮𑘹.,142
data/synthetic/images/line_0142_v031.png,कमी वेळात चांगले काम करणे आव्हान आहे.,𑘎𑘦𑘲 𑘪𑘹𑘯𑘰𑘝 𑘓𑘰𑘽𑘐𑘩𑘹 𑘎𑘰𑘦 𑘎𑘨𑘜𑘹 𑘁𑘪𑘿𑘮𑘰𑘡 𑘁𑘮𑘹.,142
data/synthetic/images/line_0142_v032.png,कमी वेळात चांगले काम करणे आव्हान आहे.,𑘎𑘦𑘲 𑘪𑘹𑘯𑘰𑘝 𑘓𑘰𑘽𑘐𑘩𑘹 𑘎𑘰𑘦 𑘎𑘨𑘜𑘹 𑘁𑘪𑘿𑘮𑘰𑘡 𑘁𑘮𑘹.,142
data/synthetic/images/line_0142_v033.png,कमी वेळात चांगले काम करणे आव्हान आहे.,𑘎𑘦𑘲 𑘪𑘹𑘯𑘰𑘝 𑘓𑘰𑘽𑘐𑘩𑘹 𑘎𑘰𑘦 𑘎𑘨𑘜𑘹 𑘁𑘪𑘿𑘮𑘰𑘡 𑘁𑘮𑘹.,142
data/synthetic/images/line_0142_v034.png,कमी वेळात चांगले काम करणे आव्हान आहे.,𑘎𑘦𑘲 𑘪𑘹𑘯𑘰𑘝 𑘓𑘰𑘽𑘐𑘩𑘹 𑘎𑘰𑘦 𑘎𑘨𑘜𑘹 𑘁𑘪𑘿𑘮𑘰𑘡 𑘁𑘮𑘹.,142
data/synthetic/images/line_0142_v035.png,कमी वेळात चांगले काम करणे आव्हान आहे.,𑘎𑘦𑘲 𑘪𑘹𑘯𑘰𑘝 𑘓𑘰𑘽𑘐𑘩𑘹 𑘎𑘰𑘦 𑘎𑘨𑘜𑘹 𑘁𑘪𑘿𑘮𑘰𑘡 𑘁𑘮𑘹.,142
data/synthetic/images/line_0142_v036.png,कमी वेळात चांगले काम करणे आव्हान आहे.,𑘎𑘦𑘲 𑘪𑘹𑘯𑘰𑘝 𑘓𑘰𑘽𑘐𑘩𑘹 𑘎𑘰𑘦 𑘎𑘨𑘜𑘹 𑘁𑘪𑘿𑘮𑘰𑘡 𑘁𑘮𑘹.,142
data/synthetic/images/line_0142_v037.png,कमी वेळात चांगले काम करणे आव्हान आहे.,𑘎𑘦𑘲 𑘪𑘹𑘯𑘰𑘝 𑘓𑘰𑘽𑘐𑘩𑘹 𑘎𑘰𑘦 𑘎𑘨𑘜𑘹 𑘁𑘪𑘿𑘮𑘰𑘡 𑘁𑘮𑘹.,142
data/synthetic/images/line_0142_v038.png,कमी वेळात चांगले काम करणे आव्हान आहे.,𑘎𑘦𑘲 𑘪𑘹𑘯𑘰𑘝 𑘓𑘰𑘽𑘐𑘩𑘹 𑘎𑘰𑘦 𑘎𑘨𑘜𑘹 𑘁𑘪𑘿𑘮𑘰𑘡 𑘁𑘮𑘹.,142
data/synthetic/images/line_0142_v039.png,कमी वेळात चांगले काम करणे आव्हान आहे.,𑘎𑘦𑘲 𑘪𑘹𑘯𑘰𑘝 𑘓𑘰𑘽𑘐𑘩𑘹 𑘎𑘰𑘦 𑘎𑘨𑘜𑘹 𑘁𑘪𑘿𑘮𑘰𑘡 𑘁𑘮𑘹.,142
data/synthetic/images/line_0143_v000.png,संघकार्य यशाची गुरुकिल्ली आहे.,𑘭𑘽𑘑𑘎𑘰𑘨𑘿𑘧 𑘧𑘫𑘰𑘓𑘲 𑘐𑘳𑘨𑘳𑘎𑘱𑘩𑘿𑘩𑘲 𑘁𑘮𑘹.,143
data/synthetic/images/line_0143_v001.png,संघकार्य यशाची गुरुकिल्ली आहे.,𑘭𑘽𑘑𑘎𑘰𑘨𑘿𑘧 𑘧𑘫𑘰𑘓𑘲 𑘐𑘳𑘨𑘳𑘎𑘱𑘩𑘿𑘩𑘲 𑘁𑘮𑘹.,143
data/synthetic/images/line_0143_v002.png,संघकार्य यशाची गुरुकिल्ली आहे.,𑘭𑘽𑘑𑘎𑘰𑘨𑘿𑘧 𑘧𑘫𑘰𑘓𑘲 𑘐𑘳𑘨𑘳𑘎𑘱𑘩𑘿𑘩𑘲 𑘁𑘮𑘹.,143
data/synthetic/images/line_0143_v003.png,संघकार्य यशाची गुरुकिल्ली आहे.,𑘭𑘽𑘑𑘎𑘰𑘨𑘿𑘧 𑘧𑘫𑘰𑘓𑘲 𑘐𑘳𑘨𑘳𑘎𑘱𑘩𑘿𑘩𑘲 𑘁𑘮𑘹.,143
data/synthetic/images/line_0143_v004.png,संघकार्य यशाची गुरुकिल्ली आहे.,𑘭𑘽𑘑𑘎𑘰𑘨𑘿𑘧 𑘧𑘫𑘰𑘓𑘲 𑘐𑘳𑘨𑘳𑘎𑘱𑘩𑘿𑘩𑘲 𑘁𑘮𑘹.,143
data/synthetic/images/line_0143_v005.png,संघकार्य यशाची गुरुकिल्ली आहे.,𑘭𑘽𑘑𑘎𑘰𑘨𑘿𑘧 𑘧𑘫𑘰𑘓𑘲 𑘐𑘳𑘨𑘳𑘎𑘱𑘩𑘿𑘩𑘲 𑘁𑘮𑘹.,143
data/synthetic/images/line_0143_v006.png,संघकार्य यशाची गुरुकिल्ली आहे.,𑘭𑘽𑘑𑘎𑘰𑘨𑘿𑘧 𑘧𑘫𑘰𑘓𑘲 𑘐𑘳𑘨𑘳𑘎𑘱𑘩𑘿𑘩𑘲 𑘁𑘮𑘹.,143
data/synthetic/images/line_0143_v007.png,संघकार्य यशाची गुरुकिल्ली आहे.,𑘭𑘽𑘑𑘎𑘰𑘨𑘿𑘧 𑘧𑘫𑘰𑘓𑘲 𑘐𑘳𑘨𑘳𑘎𑘱𑘩𑘿𑘩𑘲 𑘁𑘮𑘹.,143
data/synthetic/images/line_0143_v008.png,संघकार्य यशाची गुरुकिल्ली आहे.,𑘭𑘽𑘑𑘎𑘰𑘨𑘿𑘧 𑘧𑘫𑘰𑘓𑘲 𑘐𑘳𑘨𑘳𑘎𑘱𑘩𑘿𑘩𑘲 𑘁𑘮𑘹.,143
data/synthetic/images/line_0143_v009.png,संघकार्य यशाची गुरुकिल्ली आहे.,𑘭𑘽𑘑𑘎𑘰𑘨𑘿𑘧 𑘧𑘫𑘰𑘓𑘲 𑘐𑘳𑘨𑘳𑘎𑘱𑘩𑘿𑘩𑘲 𑘁𑘮𑘹.,143
data/synthetic/images/line_0143_v010.png,संघकार्य यशाची गुरुकिल्ली आहे.,𑘭𑘽𑘑𑘎𑘰𑘨𑘿𑘧 𑘧𑘫𑘰𑘓𑘲 𑘐𑘳𑘨𑘳𑘎𑘱𑘩𑘿𑘩𑘲 𑘁𑘮𑘹.,143
data/synthetic/images/line_0143_v011.png,संघकार्य यशाची गुरुकिल्ली आहे.,𑘭𑘽𑘑𑘎𑘰𑘨𑘿𑘧 𑘧𑘫𑘰𑘓𑘲 𑘐𑘳𑘨𑘳𑘎𑘱𑘩𑘿𑘩𑘲 𑘁𑘮𑘹.,143
data/synthetic/images/line_0143_v012.png,संघकार्य यशाची गुरुकिल्ली आहे.,𑘭𑘽𑘑𑘎𑘰𑘨𑘿𑘧 𑘧𑘫𑘰𑘓𑘲 𑘐𑘳𑘨𑘳𑘎𑘱𑘩𑘿𑘩𑘲 𑘁𑘮𑘹.,143
data/synthetic/images/line_0143_v013.png,संघकार्य यशाची गुरुकिल्ली आहे.,𑘭𑘽𑘑𑘎𑘰𑘨𑘿𑘧 𑘧𑘫𑘰𑘓𑘲 𑘐𑘳𑘨𑘳𑘎𑘱𑘩𑘿𑘩𑘲 𑘁𑘮𑘹.,143
data/synthetic/images/line_0143_v014.png,संघकार्य यशाची गुरुकिल्ली आहे.,𑘭𑘽𑘑𑘎𑘰𑘨𑘿𑘧 𑘧𑘫𑘰𑘓𑘲 𑘐𑘳𑘨𑘳𑘎𑘱𑘩𑘿𑘩𑘲 𑘁𑘮𑘹.,143
data/synthetic/images/line_0143_v015.png,संघकार्य यशाची गुरुकिल्ली आहे.,𑘭𑘽𑘑𑘎𑘰𑘨𑘿𑘧 𑘧𑘫𑘰𑘓𑘲 𑘐𑘳𑘨𑘳𑘎𑘱𑘩𑘿𑘩𑘲 𑘁𑘮𑘹.,143
data/synthetic/images/line_0143_v016.png,संघकार्य यशाची गुरुकिल्ली आहे.,𑘭𑘽𑘑𑘎𑘰𑘨𑘿𑘧 𑘧𑘫𑘰𑘓𑘲 𑘐𑘳𑘨𑘳𑘎𑘱𑘩𑘿𑘩𑘲 𑘁𑘮𑘹.,143
data/synthetic/images/line_0143_v017.png,संघकार्य यशाची गुरुकिल्ली आहे.,𑘭𑘽𑘑𑘎𑘰𑘨𑘿𑘧 𑘧𑘫𑘰𑘓𑘲 𑘐𑘳𑘨𑘳𑘎𑘱𑘩𑘿𑘩𑘲 𑘁𑘮𑘹.,143
data/synthetic/images/line_0143_v018.png,संघकार्य यशाची गुरुकिल्ली आहे.,𑘭𑘽𑘑𑘎𑘰𑘨𑘿𑘧 𑘧𑘫𑘰𑘓𑘲 𑘐𑘳𑘨𑘳𑘎𑘱𑘩𑘿𑘩𑘲 𑘁𑘮𑘹.,143
data/synthetic/images/line_0143_v019.png,संघकार्य यशाची गुरुकिल्ली आहे.,𑘭𑘽𑘑𑘎𑘰𑘨𑘿𑘧 𑘧𑘫𑘰𑘓𑘲 𑘐𑘳𑘨𑘳𑘎𑘱𑘩𑘿𑘩𑘲 𑘁𑘮𑘹.,143
data/synthetic/images/line_0143_v020.png,संघकार्य यशाची गुरुकिल्ली आहे.,𑘭𑘽𑘑𑘎𑘰𑘨𑘿𑘧 𑘧𑘫𑘰𑘓𑘲 𑘐𑘳𑘨𑘳𑘎𑘱𑘩𑘿𑘩𑘲 𑘁𑘮𑘹.,143
data/synthetic/images/line_0143_v021.png,संघकार्य यशाची गुरुकिल्ली आहे.,𑘭𑘽𑘑𑘎𑘰𑘨𑘿𑘧 𑘧𑘫𑘰𑘓𑘲 𑘐𑘳𑘨𑘳𑘎𑘱𑘩𑘿𑘩𑘲 𑘁𑘮𑘹.,143
data/synthetic/images/line_0143_v022.png,संघकार्य यशाची गुरुकिल्ली आहे.,𑘭𑘽𑘑𑘎𑘰𑘨𑘿𑘧 𑘧𑘫𑘰𑘓𑘲 𑘐𑘳𑘨𑘳𑘎𑘱𑘩𑘿𑘩𑘲 𑘁𑘮𑘹.,143
data/synthetic/images/line_0143_v023.png,संघकार्य यशाची गुरुकिल्ली आहे.,𑘭𑘽𑘑𑘎𑘰𑘨𑘿𑘧 𑘧𑘫𑘰𑘓𑘲 𑘐𑘳𑘨𑘳𑘎𑘱𑘩𑘿𑘩𑘲 𑘁𑘮𑘹.,143
data/synthetic/images/line_0143_v024.png,संघकार्य यशाची गुरुकिल्ली आहे.,𑘭𑘽𑘑𑘎𑘰𑘨𑘿𑘧 𑘧𑘫𑘰𑘓𑘲 𑘐𑘳𑘨𑘳𑘎𑘱𑘩𑘿𑘩𑘲 𑘁𑘮𑘹.,143
data/synthetic/images/line_0143_v025.png,संघकार्य यशाची गुरुकिल्ली आहे.,𑘭𑘽𑘑𑘎𑘰𑘨𑘿𑘧 𑘧𑘫𑘰𑘓𑘲 𑘐𑘳𑘨𑘳𑘎𑘱𑘩𑘿𑘩𑘲 𑘁𑘮𑘹.,143
data/synthetic/images/line_0143_v026.png,संघकार्य यशाची गुरुकिल्ली आहे.,𑘭𑘽𑘑𑘎𑘰𑘨𑘿𑘧 𑘧𑘫𑘰𑘓𑘲 𑘐𑘳𑘨𑘳𑘎𑘱𑘩𑘿𑘩𑘲 𑘁𑘮𑘹.,143
data/synthetic/images/line_0143_v027.png,संघकार्य यशाची गुरुकिल्ली आहे.,𑘭𑘽𑘑𑘎𑘰𑘨𑘿𑘧 𑘧𑘫𑘰𑘓𑘲 𑘐𑘳𑘨𑘳𑘎𑘱𑘩𑘿𑘩𑘲 𑘁𑘮𑘹.,143
data/synthetic/images/line_0143_v028.png,संघकार्य यशाची गुरुकिल्ली आहे.,𑘭𑘽𑘑𑘎𑘰𑘨𑘿𑘧 𑘧𑘫𑘰𑘓𑘲 𑘐𑘳𑘨𑘳𑘎𑘱𑘩𑘿𑘩𑘲 𑘁𑘮𑘹.,143
data/synthetic/images/line_0143_v029.png,संघकार्य यशाची गुरुकिल्ली आहे.,𑘭𑘽𑘑𑘎𑘰𑘨𑘿𑘧 𑘧𑘫𑘰𑘓𑘲 𑘐𑘳𑘨𑘳𑘎𑘱𑘩𑘿𑘩𑘲 𑘁𑘮𑘹.,143
data/synthetic/images/line_0143_v030.png,संघकार्य यशाची गुरुकिल्ली आहे.,𑘭𑘽𑘑𑘎𑘰𑘨𑘿𑘧 𑘧𑘫𑘰𑘓𑘲 𑘐𑘳𑘨𑘳𑘎𑘱𑘩𑘿𑘩𑘲 𑘁𑘮𑘹.,143
data/synthetic/images/line_0143_v031.png,संघकार्य यशाची गुरुकिल्ली आहे.,𑘭𑘽𑘑𑘎𑘰𑘨𑘿𑘧 𑘧𑘫𑘰𑘓𑘲 𑘐𑘳𑘨𑘳𑘎𑘱𑘩𑘿𑘩𑘲 𑘁𑘮𑘹.,143
data/synthetic/images/line_0143_v032.png,संघकार्य यशाची गुरुकिल्ली आहे.,𑘭𑘽𑘑𑘎𑘰𑘨𑘿𑘧 𑘧𑘫𑘰𑘓𑘲 𑘐𑘳𑘨𑘳𑘎𑘱𑘩𑘿𑘩𑘲 𑘁𑘮𑘹.,143
data/synthetic/images/line_0143_v033.png,संघकार्य यशाची गुरुकिल्ली आहे.,𑘭𑘽𑘑𑘎𑘰𑘨𑘿𑘧 𑘧𑘫𑘰𑘓𑘲 𑘐𑘳𑘨𑘳𑘎𑘱𑘩𑘿𑘩𑘲 𑘁𑘮𑘹.,143
data/synthetic/images/line_0143_v034.png,संघकार्य यशाची गुरुकिल्ली आहे.,𑘭𑘽𑘑𑘎𑘰𑘨𑘿𑘧 𑘧𑘫𑘰𑘓𑘲 𑘐𑘳𑘨𑘳𑘎𑘱𑘩𑘿𑘩𑘲 𑘁𑘮𑘹.,143
data/synthetic/images/line_0143_v035.png,संघकार्य यशाची गुरुकिल्ली आहे.,𑘭𑘽𑘑𑘎𑘰𑘨𑘿𑘧 𑘧𑘫𑘰𑘓𑘲 𑘐𑘳𑘨𑘳𑘎𑘱𑘩𑘿𑘩𑘲 𑘁𑘮𑘹.,143
data/synthetic/images/line_0143_v036.png,संघकार्य यशाची गुरुकिल्ली आहे.,𑘭𑘽𑘑𑘎𑘰𑘨𑘿𑘧 𑘧𑘫𑘰𑘓𑘲 𑘐𑘳𑘨𑘳𑘎𑘱𑘩𑘿𑘩𑘲 𑘁𑘮𑘹.,143
data/synthetic/images/line_0143_v037.png,संघकार्य यशाची गुरुकिल्ली आहे.,𑘭𑘽𑘑𑘎𑘰𑘨𑘿𑘧 𑘧𑘫𑘰𑘓𑘲 𑘐𑘳𑘨𑘳𑘎𑘱𑘩𑘿𑘩𑘲 𑘁𑘮𑘹.,143
data/synthetic/images/line_0143_v038.png,संघकार्य यशाची गुरुकिल्ली आहे.,𑘭𑘽𑘑𑘎𑘰𑘨𑘿𑘧 𑘧𑘫𑘰𑘓𑘲 𑘐𑘳𑘨𑘳𑘎𑘱𑘩𑘿𑘩𑘲 𑘁𑘮𑘹.,143
data/synthetic/images/line_0143_v039.png,संघकार्य यशाची गुरुकिल्ली आहे.,𑘭𑘽𑘑𑘎𑘰𑘨𑘿𑘧 𑘧𑘫𑘰𑘓𑘲 𑘐𑘳𑘨𑘳𑘎𑘱𑘩𑘿𑘩𑘲 𑘁𑘮𑘹.,143
data/synthetic/images/line_0144_v000.png,प्रत्येकाने आपली जबाबदारी पार पाडावी.,𑘢𑘿𑘨𑘝𑘿𑘧𑘹𑘎𑘰𑘡𑘹 𑘁𑘢𑘩𑘲 𑘕𑘤𑘰𑘤𑘟𑘰𑘨𑘲 𑘢𑘰𑘨 𑘢𑘰𑘚𑘰𑘪𑘲.,144
data/synthetic/images/line_0144_v001.png,प्रत्येकाने आपली जबाबदारी पार पाडावी.,𑘢𑘿𑘨𑘝𑘿𑘧𑘹𑘎𑘰𑘡𑘹 𑘁𑘢𑘩𑘲 𑘕𑘤𑘰𑘤𑘟𑘰𑘨𑘲 𑘢𑘰𑘨 𑘢𑘰𑘚𑘰𑘪𑘲.,144
data/synthetic/images/line_0144_v002.png,प्रत्येकाने आपली जबाबदारी पार पाडावी.,𑘢𑘿𑘨𑘝𑘿𑘧𑘹𑘎𑘰𑘡𑘹 𑘁𑘢𑘩𑘲 𑘕𑘤𑘰𑘤𑘟𑘰𑘨𑘲 𑘢𑘰𑘨 𑘢𑘰𑘚𑘰𑘪𑘲.,144
data/synthetic/images/line_0144_v003.png,प्रत्येकाने आपली जबाबदारी पार पाडावी.,𑘢𑘿𑘨𑘝𑘿𑘧𑘹𑘎𑘰𑘡𑘹 𑘁𑘢𑘩𑘲 𑘕𑘤𑘰𑘤𑘟𑘰𑘨𑘲 𑘢𑘰𑘨 𑘢𑘰𑘚𑘰𑘪𑘲.,144
data/synthetic/images/line_0144_v004.png,प्रत्येकाने आपली जबाबदारी पार पाडावी.,𑘢𑘿𑘨𑘝𑘿𑘧𑘹𑘎𑘰𑘡𑘹 𑘁𑘢𑘩𑘲 𑘕𑘤𑘰𑘤𑘟𑘰𑘨𑘲 𑘢𑘰𑘨 𑘢𑘰𑘚𑘰𑘪𑘲.,144
data/synthetic/images/line_0144_v005.png,प्रत्येकाने आपली जबाबदारी पार पाडावी.,𑘢𑘿𑘨𑘝𑘿𑘧𑘹𑘎𑘰𑘡𑘹 𑘁𑘢𑘩𑘲 𑘕𑘤𑘰𑘤𑘟𑘰𑘨𑘲 𑘢𑘰𑘨 𑘢𑘰𑘚𑘰𑘪𑘲.,144
data/synthetic/images/line_0144_v006.png,प्रत्येकाने आपली जबाबदारी पार पाडावी.,𑘢𑘿𑘨𑘝𑘿𑘧𑘹𑘎𑘰𑘡𑘹 𑘁𑘢𑘩𑘲 𑘕𑘤𑘰𑘤𑘟𑘰𑘨𑘲 𑘢𑘰𑘨 𑘢𑘰𑘚𑘰𑘪𑘲.,144
data/synthetic/images/line_0144_v007.png,प्रत्येकाने आपली जबाबदारी पार पाडावी.,𑘢𑘿𑘨𑘝𑘿𑘧𑘹𑘎𑘰𑘡𑘹 𑘁𑘢𑘩𑘲 𑘕𑘤𑘰𑘤𑘟𑘰𑘨𑘲 𑘢𑘰𑘨 𑘢𑘰𑘚𑘰𑘪𑘲.,144
data/synthetic/images/line_0144_v008.png,प्रत्येकाने आपली जबाबदारी पार पाडावी.,𑘢𑘿𑘨𑘝𑘿𑘧𑘹𑘎𑘰𑘡𑘹 𑘁𑘢𑘩𑘲 𑘕𑘤𑘰𑘤𑘟𑘰𑘨𑘲 𑘢𑘰𑘨 𑘢𑘰𑘚𑘰𑘪𑘲.,144
data/synthetic/images/line_0144_v009.png,प्रत्येकाने आपली जबाबदारी पार पाडावी.,𑘢𑘿𑘨𑘝𑘿𑘧𑘹𑘎𑘰𑘡𑘹 𑘁𑘢𑘩𑘲 𑘕𑘤𑘰𑘤𑘟𑘰𑘨𑘲 𑘢𑘰𑘨 𑘢𑘰𑘚𑘰𑘪𑘲.,144
data/synthetic/images/line_0144_v010.png,प्रत्येकाने आपली जबाबदारी पार पाडावी.,𑘢𑘿𑘨𑘝𑘿𑘧𑘹𑘎𑘰𑘡𑘹 𑘁𑘢𑘩𑘲 𑘕𑘤𑘰𑘤𑘟𑘰𑘨𑘲 𑘢𑘰𑘨 𑘢𑘰𑘚𑘰𑘪𑘲.,144
data/synthetic/images/line_0144_v011.png,प्रत्येकाने आपली जबाबदारी पार पाडावी.,𑘢𑘿𑘨𑘝𑘿𑘧𑘹𑘎𑘰𑘡𑘹 𑘁𑘢𑘩𑘲 𑘕𑘤𑘰𑘤𑘟𑘰𑘨𑘲 𑘢𑘰𑘨 𑘢𑘰𑘚𑘰𑘪𑘲.,144
data/synthetic/images/line_0144_v012.png,प्रत्येकाने आपली जबाबदारी पार पाडावी.,𑘢𑘿𑘨𑘝𑘿𑘧𑘹𑘎𑘰𑘡𑘹 𑘁𑘢𑘩𑘲 𑘕𑘤𑘰𑘤𑘟𑘰𑘨𑘲 𑘢𑘰𑘨 𑘢𑘰𑘚𑘰𑘪𑘲.,144
data/synthetic/images/line_0144_v013.png,प्रत्येकाने आपली जबाबदारी पार पाडावी.,𑘢𑘿𑘨𑘝𑘿𑘧𑘹𑘎𑘰𑘡𑘹 𑘁𑘢𑘩𑘲 𑘕𑘤𑘰𑘤𑘟𑘰𑘨𑘲 𑘢𑘰𑘨 𑘢𑘰𑘚𑘰𑘪𑘲.,144
data/synthetic/images/line_0144_v014.png,प्रत्येकाने आपली जबाबदारी पार पाडावी.,𑘢𑘿𑘨𑘝𑘿𑘧𑘹𑘎𑘰𑘡𑘹 𑘁𑘢𑘩𑘲 𑘕𑘤𑘰𑘤𑘟𑘰𑘨𑘲 𑘢𑘰𑘨 𑘢𑘰𑘚𑘰𑘪𑘲.,144
data/synthetic/images/line_0144_v015.png,प्रत्येकाने आपली जबाबदारी पार पाडावी.,𑘢𑘿𑘨𑘝𑘿𑘧𑘹𑘎𑘰𑘡𑘹 𑘁𑘢𑘩𑘲 𑘕𑘤𑘰𑘤𑘟𑘰𑘨𑘲 𑘢𑘰𑘨 𑘢𑘰𑘚𑘰𑘪𑘲.,144
data/synthetic/images/line_0144_v016.png,प्रत्येकाने आपली जबाबदारी पार पाडावी.,𑘢𑘿𑘨𑘝𑘿𑘧𑘹𑘎𑘰𑘡𑘹 𑘁𑘢𑘩𑘲 𑘕𑘤𑘰𑘤𑘟𑘰𑘨𑘲 𑘢𑘰𑘨 𑘢𑘰𑘚𑘰𑘪𑘲.,144
data/synthetic/images/line_0144_v017.png,प्रत्येकाने आपली जबाबदारी पार पाडावी.,𑘢𑘿𑘨𑘝𑘿𑘧𑘹𑘎𑘰𑘡𑘹 𑘁𑘢𑘩𑘲 𑘕𑘤𑘰𑘤𑘟𑘰𑘨𑘲 𑘢𑘰𑘨 𑘢𑘰𑘚𑘰𑘪𑘲.,144
data/synthetic/images/line_0144_v018.png,प्रत्येकाने आपली जबाबदारी पार पाडावी.,𑘢𑘿𑘨𑘝𑘿𑘧𑘹𑘎𑘰𑘡𑘹 𑘁𑘢𑘩𑘲 𑘕𑘤𑘰𑘤𑘟𑘰𑘨𑘲 𑘢𑘰𑘨 𑘢𑘰𑘚𑘰𑘪𑘲.,144
data/synthetic/images/line_0144_v019.png,प्रत्येकाने आपली जबाबदारी पार पाडावी.,𑘢𑘿𑘨𑘝𑘿𑘧𑘹𑘎𑘰𑘡𑘹 𑘁𑘢𑘩𑘲 𑘕𑘤𑘰𑘤𑘟𑘰𑘨𑘲 𑘢𑘰𑘨 𑘢𑘰𑘚𑘰𑘪𑘲.,144
data/synthetic/images/line_0144_v020.png,प्रत्येकाने आपली जबाबदारी पार पाडावी.,𑘢𑘿𑘨𑘝𑘿𑘧𑘹𑘎𑘰𑘡𑘹 𑘁𑘢𑘩𑘲 𑘕𑘤𑘰𑘤𑘟𑘰𑘨𑘲 𑘢𑘰𑘨 𑘢𑘰𑘚𑘰𑘪𑘲.,144
data/synthetic/images/line_0144_v021.png,प्रत्येकाने आपली जबाबदारी पार पाडावी.,𑘢𑘿𑘨𑘝𑘿𑘧𑘹𑘎𑘰𑘡𑘹 𑘁𑘢𑘩𑘲 𑘕𑘤𑘰𑘤𑘟𑘰𑘨𑘲 𑘢𑘰𑘨 𑘢𑘰𑘚𑘰𑘪𑘲.,144
data/synthetic/images/line_0144_v022.png,प्रत्येकाने आपली जबाबदारी पार पाडावी.,𑘢𑘿𑘨𑘝𑘿𑘧𑘹𑘎𑘰𑘡𑘹 𑘁𑘢𑘩𑘲 𑘕𑘤𑘰𑘤𑘟𑘰𑘨𑘲 𑘢𑘰𑘨 𑘢𑘰𑘚𑘰𑘪𑘲.,144
data/synthetic/images/line_0144_v023.png,प्रत्येकाने आपली जबाबदारी पार पाडावी.,𑘢𑘿𑘨𑘝𑘿𑘧𑘹𑘎𑘰𑘡𑘹 𑘁𑘢𑘩𑘲 𑘕𑘤𑘰𑘤𑘟𑘰𑘨𑘲 𑘢𑘰𑘨 𑘢𑘰𑘚𑘰𑘪𑘲.,144
data/synthetic/images/line_0144_v024.png,प्रत्येकाने आपली जबाबदारी पार पाडावी.,𑘢𑘿𑘨𑘝𑘿𑘧𑘹𑘎𑘰𑘡𑘹 𑘁𑘢𑘩𑘲 𑘕𑘤𑘰𑘤𑘟𑘰𑘨𑘲 𑘢𑘰𑘨 𑘢𑘰𑘚𑘰𑘪𑘲.,144
data/synthetic/images/line_0144_v025.png,प्रत्येकाने आपली जबाबदारी पार पाडावी.,𑘢𑘿𑘨𑘝𑘿𑘧𑘹𑘎𑘰𑘡𑘹 𑘁𑘢𑘩𑘲 𑘕𑘤𑘰𑘤𑘟𑘰𑘨𑘲 𑘢𑘰𑘨 𑘢𑘰𑘚𑘰𑘪𑘲.,144
data/synthetic/images/line_0144_v026.png,प्रत्येकाने आपली जबाबदारी पार पाडावी.,𑘢𑘿𑘨𑘝𑘿𑘧𑘹𑘎𑘰𑘡𑘹 𑘁𑘢𑘩𑘲 𑘕𑘤𑘰𑘤𑘟𑘰𑘨𑘲 𑘢𑘰𑘨 𑘢𑘰𑘚𑘰𑘪𑘲.,144
data/synthetic/images/line_0144_v027.png,प्रत्येकाने आपली जबाबदारी पार पाडावी.,𑘢𑘿𑘨𑘝𑘿𑘧𑘹𑘎𑘰𑘡𑘹 𑘁𑘢𑘩𑘲 𑘕𑘤𑘰𑘤𑘟𑘰𑘨𑘲 𑘢𑘰𑘨 𑘢𑘰𑘚𑘰𑘪𑘲.,144
data/synthetic/images/line_0144_v028.png,प्रत्येकाने आपली जबाबदारी पार पाडावी.,𑘢𑘿𑘨𑘝𑘿𑘧𑘹𑘎𑘰𑘡𑘹 𑘁𑘢𑘩𑘲 𑘕𑘤𑘰𑘤𑘟𑘰𑘨𑘲 𑘢𑘰𑘨 𑘢𑘰𑘚𑘰𑘪𑘲.,144
data/synthetic/images/line_0144_v029.png,प्रत्येकाने आपली जबाबदारी पार पाडावी.,𑘢𑘿𑘨𑘝𑘿𑘧𑘹𑘎𑘰𑘡𑘹 𑘁𑘢𑘩𑘲 𑘕𑘤𑘰𑘤𑘟𑘰𑘨𑘲 𑘢𑘰𑘨 𑘢𑘰𑘚𑘰𑘪𑘲.,144
data/synthetic/images/line_0144_v030.png,प्रत्येकाने आपली जबाबदारी पार पाडावी.,𑘢𑘿𑘨𑘝𑘿𑘧𑘹𑘎𑘰𑘡𑘹 𑘁𑘢𑘩𑘲 𑘕𑘤𑘰𑘤𑘟𑘰𑘨𑘲 𑘢𑘰𑘨 𑘢𑘰𑘚𑘰𑘪𑘲.,144
data/synthetic/images/line_0144_v031.png,प्रत्येकाने आपली जबाबदारी पार पाडावी.,𑘢𑘿𑘨𑘝𑘿𑘧𑘹𑘎𑘰𑘡𑘹 𑘁𑘢𑘩𑘲 𑘕𑘤𑘰𑘤𑘟𑘰𑘨𑘲 𑘢𑘰𑘨 𑘢𑘰𑘚𑘰𑘪𑘲.,144
data/synthetic/images/line_0144_v032.png,प्रत्येकाने आपली जबाबदारी पार पाडावी.,𑘢𑘿𑘨𑘝𑘿𑘧𑘹𑘎𑘰𑘡𑘹 𑘁𑘢𑘩𑘲 𑘕𑘤𑘰𑘤𑘟𑘰𑘨𑘲 𑘢𑘰𑘨 𑘢𑘰𑘚𑘰𑘪𑘲.,144
data/synthetic/images/line_0144_v033.png,प्रत्येकाने आपली जबाबदारी पार पाडावी.,𑘢𑘿𑘨𑘝𑘿𑘧𑘹𑘎𑘰𑘡𑘹 𑘁𑘢𑘩𑘲 𑘕𑘤𑘰𑘤𑘟𑘰𑘨𑘲 𑘢𑘰𑘨 𑘢𑘰𑘚𑘰𑘪𑘲.,144
data/synthetic/images/line_0144_v034.png,प्रत्येकाने आपली जबाबदारी पार पाडावी.,𑘢𑘿𑘨𑘝𑘿𑘧𑘹𑘎𑘰𑘡𑘹 𑘁𑘢𑘩𑘲 𑘕𑘤𑘰𑘤𑘟𑘰𑘨𑘲 𑘢𑘰𑘨 𑘢𑘰𑘚𑘰𑘪𑘲.,144
data/synthetic/images/line_0144_v035.png,प्रत्येकाने आपली जबाबदारी पार पाडावी.,𑘢𑘿𑘨𑘝𑘿𑘧𑘹𑘎𑘰𑘡𑘹 𑘁𑘢𑘩𑘲 𑘕𑘤𑘰𑘤𑘟𑘰𑘨𑘲 𑘢𑘰𑘨 𑘢𑘰𑘚𑘰𑘪𑘲.,144
data/synthetic/images/line_0144_v036.png,प्रत्येकाने आपली जबाबदारी पार पाडावी.,𑘢𑘿𑘨𑘝𑘿𑘧𑘹𑘎𑘰𑘡𑘹 𑘁𑘢𑘩𑘲 𑘕𑘤𑘰𑘤𑘟𑘰𑘨𑘲 𑘢𑘰𑘨 𑘢𑘰𑘚𑘰𑘪𑘲.,144
data/synthetic/images/line_0144_v037.png,प्रत्येकाने आपली जबाबदारी पार पाडावी.,𑘢𑘿𑘨𑘝𑘿𑘧𑘹𑘎𑘰𑘡𑘹 𑘁𑘢𑘩𑘲 𑘕𑘤𑘰𑘤𑘟𑘰𑘨𑘲 𑘢𑘰𑘨 𑘢𑘰𑘚𑘰𑘪𑘲.,144
data/synthetic/images/line_0144_v038.png,प्रत्येकाने आपली जबाबदारी पार पाडावी.,𑘢𑘿𑘨𑘝𑘿𑘧𑘹𑘎𑘰𑘡𑘹 𑘁𑘢𑘩𑘲 𑘕𑘤𑘰𑘤𑘟𑘰𑘨𑘲 𑘢𑘰𑘨 𑘢𑘰𑘚𑘰𑘪𑘲.,144
data/synthetic/images/line_0144_v039.png,प्रत्येकाने आपली जबाबदारी पार पाडावी.,𑘢𑘿𑘨𑘝𑘿𑘧𑘹𑘎𑘰𑘡𑘹 𑘁𑘢𑘩𑘲 𑘕𑘤𑘰𑘤𑘟𑘰𑘨𑘲 𑘢𑘰𑘨 𑘢𑘰𑘚𑘰𑘪𑘲.,144
data/synthetic/images/line_0145_v000.png,अंतिम सादरीकरण उत्तम व्हावे यासाठी सराव करावा.,𑘀𑘽𑘝𑘱𑘦 𑘭𑘰𑘟𑘨𑘲𑘎𑘨𑘜 𑘄𑘝𑘿𑘝𑘦 𑘪𑘿𑘮𑘰𑘪𑘹 𑘧𑘰𑘭𑘰𑘙𑘲 𑘭𑘨𑘰𑘪 𑘎𑘨𑘰𑘪𑘰.,145
data/synthetic/images/line_0145_v001.png,अंतिम सादरीकरण उत्तम व्हावे यासाठी सराव करावा.,𑘀𑘽𑘝𑘱𑘦 𑘭𑘰𑘟𑘨𑘲𑘎𑘨𑘜 𑘄𑘝𑘿𑘝𑘦 𑘪𑘿𑘮𑘰𑘪𑘹 𑘧𑘰𑘭𑘰𑘙𑘲 𑘭𑘨𑘰𑘪 𑘎𑘨𑘰𑘪𑘰.,145
data/synthetic/images/line_0145_v002.png,अंतिम सादरीकरण उत्तम व्हावे यासाठी सराव करावा.,𑘀𑘽𑘝𑘱𑘦 𑘭𑘰𑘟𑘨𑘲𑘎𑘨𑘜 𑘄𑘝𑘿𑘝𑘦 𑘪𑘿𑘮𑘰𑘪𑘹 𑘧𑘰𑘭𑘰𑘙𑘲 𑘭𑘨𑘰𑘪 𑘎𑘨𑘰𑘪𑘰.,145
data/synthetic/images/line_0145_v003.png,अंतिम सादरीकरण उत्तम व्हावे यासाठी सराव करावा.,𑘀𑘽𑘝𑘱𑘦 𑘭𑘰𑘟𑘨𑘲𑘎𑘨𑘜 𑘄𑘝𑘿𑘝𑘦 𑘪𑘿𑘮𑘰𑘪𑘹 𑘧𑘰𑘭𑘰𑘙𑘲 𑘭𑘨𑘰𑘪 𑘎𑘨𑘰𑘪𑘰.,145
data/synthetic/images/line_0145_v004.png,अंतिम सादरीकरण उत्तम व्हावे यासाठी सराव करावा.,𑘀𑘽𑘝𑘱𑘦 𑘭𑘰𑘟𑘨𑘲𑘎𑘨𑘜 𑘄𑘝𑘿𑘝𑘦 𑘪𑘿𑘮𑘰𑘪𑘹 𑘧𑘰𑘭𑘰𑘙𑘲 𑘭𑘨𑘰𑘪 𑘎𑘨𑘰𑘪𑘰.,145
data/synthetic/images/line_0145_v005.png,अंतिम सादरीकरण उत्तम व्हावे यासाठी सराव करावा.,𑘀𑘽𑘝𑘱𑘦 𑘭𑘰𑘟𑘨𑘲𑘎𑘨𑘜 𑘄𑘝𑘿𑘝𑘦 𑘪𑘿𑘮𑘰𑘪𑘹 𑘧𑘰𑘭𑘰𑘙𑘲 𑘭𑘨𑘰𑘪 𑘎𑘨𑘰𑘪𑘰.,145
data/synthetic/images/line_0145_v006.png,अंतिम सादरीकरण उत्तम व्हावे यासाठी सराव करावा.,𑘀𑘽𑘝𑘱𑘦 𑘭𑘰𑘟𑘨𑘲𑘎𑘨𑘜 𑘄𑘝𑘿𑘝𑘦 𑘪𑘿𑘮𑘰𑘪𑘹 𑘧𑘰𑘭𑘰𑘙𑘲 𑘭𑘨𑘰𑘪 𑘎𑘨𑘰𑘪𑘰.,145
data/synthetic/images/line_0145_v007.png,अंतिम सादरीकरण उत्तम व्हावे यासाठी सराव करावा.,𑘀𑘽𑘝𑘱𑘦 𑘭𑘰𑘟𑘨𑘲𑘎𑘨𑘜 𑘄𑘝𑘿𑘝𑘦 𑘪𑘿𑘮𑘰𑘪𑘹 𑘧𑘰𑘭𑘰𑘙𑘲 𑘭𑘨𑘰𑘪 𑘎𑘨𑘰𑘪𑘰.,145
data/synthetic/images/line_0145_v008.png,अंतिम सादरीकरण उत्तम व्हावे यासाठी सराव करावा.,𑘀𑘽𑘝𑘱𑘦 𑘭𑘰𑘟𑘨𑘲𑘎𑘨𑘜 𑘄𑘝𑘿𑘝𑘦 𑘪𑘿𑘮𑘰𑘪𑘹 𑘧𑘰𑘭𑘰𑘙𑘲 𑘭𑘨𑘰𑘪 𑘎𑘨𑘰𑘪𑘰.,145
data/synthetic/images/line_0145_v009.png,अंतिम सादरीकरण उत्तम व्हावे यासाठी सराव करावा.,𑘀𑘽𑘝𑘱𑘦 𑘭𑘰𑘟𑘨𑘲𑘎𑘨𑘜 𑘄𑘝𑘿𑘝𑘦 𑘪𑘿𑘮𑘰𑘪𑘹 𑘧𑘰𑘭𑘰𑘙𑘲 𑘭𑘨𑘰𑘪 𑘎𑘨𑘰𑘪𑘰.,145
data/synthetic/images/line_0145_v010.png,अंतिम सादरीकरण उत्तम व्हावे यासाठी सराव करावा.,𑘀𑘽𑘝𑘱𑘦 𑘭𑘰𑘟𑘨𑘲𑘎𑘨𑘜 𑘄𑘝𑘿𑘝𑘦 𑘪𑘿𑘮𑘰𑘪𑘹 𑘧𑘰𑘭𑘰𑘙𑘲 𑘭𑘨𑘰𑘪 𑘎𑘨𑘰𑘪𑘰.,145
data/synthetic/images/line_0145_v011.png,अंतिम सादरीकरण उत्तम व्हावे यासाठी सराव करावा.,𑘀𑘽𑘝𑘱𑘦 𑘭𑘰𑘟𑘨𑘲𑘎𑘨𑘜 𑘄𑘝𑘿𑘝𑘦 𑘪𑘿𑘮𑘰𑘪𑘹 𑘧𑘰𑘭𑘰𑘙𑘲 𑘭𑘨𑘰𑘪 𑘎𑘨𑘰𑘪𑘰.,145
data/synthetic/images/line_0145_v012.png,अंतिम सादरीकरण उत्तम व्हावे यासाठी सराव करावा.,𑘀𑘽𑘝𑘱𑘦 𑘭𑘰𑘟𑘨𑘲𑘎𑘨𑘜 𑘄𑘝𑘿𑘝𑘦 𑘪𑘿𑘮𑘰𑘪𑘹 𑘧𑘰𑘭𑘰𑘙𑘲 𑘭𑘨𑘰𑘪 𑘎𑘨𑘰𑘪𑘰.,145
data/synthetic/images/line_0145_v013.png,अंतिम सादरीकरण उत्तम व्हावे यासाठी सराव करावा.,𑘀𑘽𑘝𑘱𑘦 𑘭𑘰𑘟𑘨𑘲𑘎𑘨𑘜 𑘄𑘝𑘿𑘝𑘦 𑘪𑘿𑘮𑘰𑘪𑘹 𑘧𑘰𑘭𑘰𑘙𑘲 𑘭𑘨𑘰𑘪 𑘎𑘨𑘰𑘪𑘰.,145
data/synthetic/images/line_0145_v014.png,अंतिम सादरीकरण उत्तम व्हावे यासाठी सराव करावा.,𑘀𑘽𑘝𑘱𑘦 𑘭𑘰𑘟𑘨𑘲𑘎𑘨𑘜 𑘄𑘝𑘿𑘝𑘦 𑘪𑘿𑘮𑘰𑘪𑘹 𑘧𑘰𑘭𑘰𑘙𑘲 𑘭𑘨𑘰𑘪 𑘎𑘨𑘰𑘪𑘰.,145
data/synthetic/images/line_0145_v015.png,अंतिम सादरीकरण उत्तम व्हावे यासाठी सराव करावा.,𑘀𑘽𑘝𑘱𑘦 𑘭𑘰𑘟𑘨𑘲𑘎𑘨𑘜 𑘄𑘝𑘿𑘝𑘦 𑘪𑘿𑘮𑘰𑘪𑘹 𑘧𑘰𑘭𑘰𑘙𑘲 𑘭𑘨𑘰𑘪 𑘎𑘨𑘰𑘪𑘰.,145
data/synthetic/images/line_0145_v016.png,अंतिम सादरीकरण उत्तम व्हावे यासाठी सराव करावा.,𑘀𑘽𑘝𑘱𑘦 𑘭𑘰𑘟𑘨𑘲𑘎𑘨𑘜 𑘄𑘝𑘿𑘝𑘦 𑘪𑘿𑘮𑘰𑘪𑘹 𑘧𑘰𑘭𑘰𑘙𑘲 𑘭𑘨𑘰𑘪 𑘎𑘨𑘰𑘪𑘰.,145
data/synthetic/images/line_0145_v017.png,अंतिम सादरीकरण उत्तम व्हावे यासाठी सराव करावा.,𑘀𑘽𑘝𑘱𑘦 𑘭𑘰𑘟𑘨𑘲𑘎𑘨𑘜 𑘄𑘝𑘿𑘝𑘦 𑘪𑘿𑘮𑘰𑘪𑘹 𑘧𑘰𑘭𑘰𑘙𑘲 𑘭𑘨𑘰𑘪 𑘎𑘨𑘰𑘪𑘰.,145
data/synthetic/images/line_0145_v018.png,अंतिम सादरीकरण उत्तम व्हावे यासाठी सराव करावा.,𑘀𑘽𑘝𑘱𑘦 𑘭𑘰𑘟𑘨𑘲𑘎𑘨𑘜 𑘄𑘝𑘿𑘝𑘦 𑘪𑘿𑘮𑘰𑘪𑘹 𑘧𑘰𑘭𑘰𑘙𑘲 𑘭𑘨𑘰𑘪 𑘎𑘨𑘰𑘪𑘰.,145
data/synthetic/images/line_0145_v019.png,अंतिम सादरीकरण उत्तम व्हावे यासाठी सराव करावा.,𑘀𑘽𑘝𑘱𑘦 𑘭𑘰𑘟𑘨𑘲𑘎𑘨𑘜 𑘄𑘝𑘿𑘝𑘦 𑘪𑘿𑘮𑘰𑘪𑘹 𑘧𑘰𑘭𑘰𑘙𑘲 𑘭𑘨𑘰𑘪 𑘎𑘨𑘰𑘪𑘰.,145
data/synthetic/images/line_0145_v020.png,अंतिम सादरीकरण उत्तम व्हावे यासाठी सराव करावा.,𑘀𑘽𑘝𑘱𑘦 𑘭𑘰𑘟𑘨𑘲𑘎𑘨𑘜 𑘄𑘝𑘿𑘝𑘦 𑘪𑘿𑘮𑘰𑘪𑘹 𑘧𑘰𑘭𑘰𑘙𑘲 𑘭𑘨𑘰𑘪 𑘎𑘨𑘰𑘪𑘰.,145
data/synthetic/images/line_0145_v021.png,अंतिम सादरीकरण उत्तम व्हावे यासाठी सराव करावा.,𑘀𑘽𑘝𑘱𑘦 𑘭𑘰𑘟𑘨𑘲𑘎𑘨𑘜 𑘄𑘝𑘿𑘝𑘦 𑘪𑘿𑘮𑘰𑘪𑘹 𑘧𑘰𑘭𑘰𑘙𑘲 𑘭𑘨𑘰𑘪 𑘎𑘨𑘰𑘪𑘰.,145
data/synthetic/images/line_0145_v022.png,अंतिम सादरीकरण उत्तम व्हावे यासाठी सराव करावा.,𑘀𑘽𑘝𑘱𑘦 𑘭𑘰𑘟𑘨𑘲𑘎𑘨𑘜 𑘄𑘝𑘿𑘝𑘦 𑘪𑘿𑘮𑘰𑘪𑘹 𑘧𑘰𑘭𑘰𑘙𑘲 𑘭𑘨𑘰𑘪 𑘎𑘨𑘰𑘪𑘰.,145
data/synthetic/images/line_0145_v023.png,अंतिम सादरीकरण उत्तम व्हावे यासाठी सराव करावा.,𑘀𑘽𑘝𑘱𑘦 𑘭𑘰𑘟𑘨𑘲𑘎𑘨𑘜 𑘄𑘝𑘿𑘝𑘦 𑘪𑘿𑘮𑘰𑘪𑘹 𑘧𑘰𑘭𑘰𑘙𑘲 𑘭𑘨𑘰𑘪 𑘎𑘨𑘰𑘪𑘰.,145
data/synthetic/images/line_0145_v024.png,अंतिम सादरीकरण उत्तम व्हावे यासाठी सराव करावा.,𑘀𑘽𑘝𑘱𑘦 𑘭𑘰𑘟𑘨𑘲𑘎𑘨𑘜 𑘄𑘝𑘿𑘝𑘦 𑘪𑘿𑘮𑘰𑘪𑘹 𑘧𑘰𑘭𑘰𑘙𑘲 𑘭𑘨𑘰𑘪 𑘎𑘨𑘰𑘪𑘰.,145
data/synthetic/images/line_0145_v025.png,अंतिम सादरीकरण उत्तम व्हावे यासाठी सराव करावा.,𑘀𑘽𑘝𑘱𑘦 𑘭𑘰𑘟𑘨𑘲𑘎𑘨𑘜 𑘄𑘝𑘿𑘝𑘦 𑘪𑘿𑘮𑘰𑘪𑘹 𑘧𑘰𑘭𑘰𑘙𑘲 𑘭𑘨𑘰𑘪 𑘎𑘨𑘰𑘪𑘰.,145
data/synthetic/images/line_0145_v026.png,अंतिम सादरीकरण उत्तम व्हावे यासाठी सराव करावा.,𑘀𑘽𑘝𑘱𑘦 𑘭𑘰𑘟𑘨𑘲𑘎𑘨𑘜 𑘄𑘝𑘿𑘝𑘦 𑘪𑘿𑘮𑘰𑘪𑘹 𑘧𑘰𑘭𑘰𑘙𑘲 𑘭𑘨𑘰𑘪 𑘎𑘨𑘰𑘪𑘰.,145
data/synthetic/images/line_0145_v027.png,अंतिम सादरीकरण उत्तम व्हावे यासाठी सराव करावा.,𑘀𑘽𑘝𑘱𑘦 𑘭𑘰𑘟𑘨𑘲𑘎𑘨𑘜 𑘄𑘝𑘿𑘝𑘦 𑘪𑘿𑘮𑘰𑘪𑘹 𑘧𑘰𑘭𑘰𑘙𑘲 𑘭𑘨𑘰𑘪 𑘎𑘨𑘰𑘪𑘰.,145
data/synthetic/images/line_0145_v028.png,अंतिम सादरीकरण उत्तम व्हावे यासाठी सराव करावा.,𑘀𑘽𑘝𑘱𑘦 𑘭𑘰𑘟𑘨𑘲𑘎𑘨𑘜 𑘄𑘝𑘿𑘝𑘦 𑘪𑘿𑘮𑘰𑘪𑘹 𑘧𑘰𑘭𑘰𑘙𑘲 𑘭𑘨𑘰𑘪 𑘎𑘨𑘰𑘪𑘰.,145
data/synthetic/images/line_0145_v029.png,अंतिम सादरीकरण उत्तम व्हावे यासाठी सराव करावा.,𑘀𑘽𑘝𑘱𑘦 𑘭𑘰𑘟𑘨𑘲𑘎𑘨𑘜 𑘄𑘝𑘿𑘝𑘦 𑘪𑘿𑘮𑘰𑘪𑘹 𑘧𑘰𑘭𑘰𑘙𑘲 𑘭𑘨𑘰𑘪 𑘎𑘨𑘰𑘪𑘰.,145
data/synthetic/images/line_0145_v030.png,अंतिम सादरीकरण उत्तम व्हावे यासाठी सराव करावा.,𑘀𑘽𑘝𑘱𑘦 𑘭𑘰𑘟𑘨𑘲𑘎𑘨𑘜 𑘄𑘝𑘿𑘝𑘦 𑘪𑘿𑘮𑘰𑘪𑘹 𑘧𑘰𑘭𑘰𑘙𑘲 𑘭𑘨𑘰𑘪 𑘎𑘨𑘰𑘪𑘰.,145
data/synthetic/images/line_0145_v031.png,अंतिम सादरीकरण उत्तम व्हावे यासाठी सराव करावा.,𑘀𑘽𑘝𑘱𑘦 𑘭𑘰𑘟𑘨𑘲𑘎𑘨𑘜 𑘄𑘝𑘿𑘝𑘦 𑘪𑘿𑘮𑘰𑘪𑘹 𑘧𑘰𑘭𑘰𑘙𑘲 𑘭𑘨𑘰𑘪 𑘎𑘨𑘰𑘪𑘰.,145
data/synthetic/images/line_0145_v032.png,अंतिम सादरीकरण उत्तम व्हावे यासाठी सराव करावा.,𑘀𑘽𑘝𑘱𑘦 𑘭𑘰𑘟𑘨𑘲𑘎𑘨𑘜 𑘄𑘝𑘿𑘝𑘦 𑘪𑘿𑘮𑘰𑘪𑘹 𑘧𑘰𑘭𑘰𑘙𑘲 𑘭𑘨𑘰𑘪 𑘎𑘨𑘰𑘪𑘰.,145
data/synthetic/images/line_0145_v033.png,अंतिम सादरीकरण उत्तम व्हावे यासाठी सराव करावा.,𑘀𑘽𑘝𑘱𑘦 𑘭𑘰𑘟𑘨𑘲𑘎𑘨𑘜 𑘄𑘝𑘿𑘝𑘦 𑘪𑘿𑘮𑘰𑘪𑘹 𑘧𑘰𑘭𑘰𑘙𑘲 𑘭𑘨𑘰𑘪 𑘎𑘨𑘰𑘪𑘰.,145
data/synthetic/images/line_0145_v034.png,अंतिम सादरीकरण उत्तम व्हावे यासाठी सराव करावा.,𑘀𑘽𑘝𑘱𑘦 𑘭𑘰𑘟𑘨𑘲𑘎𑘨𑘜 𑘄𑘝𑘿𑘝𑘦 𑘪𑘿𑘮𑘰𑘪𑘹 𑘧𑘰𑘭𑘰𑘙𑘲 𑘭𑘨𑘰𑘪 𑘎𑘨𑘰𑘪𑘰.,145
data/synthetic/images/line_0145_v035.png,अंतिम सादरीकरण उत्तम व्हावे यासाठी सराव करावा.,𑘀𑘽𑘝𑘱𑘦 𑘭𑘰𑘟𑘨𑘲𑘎𑘨𑘜 𑘄𑘝𑘿𑘝𑘦 𑘪𑘿𑘮𑘰𑘪𑘹 𑘧𑘰𑘭𑘰𑘙𑘲 𑘭𑘨𑘰𑘪 𑘎𑘨𑘰𑘪𑘰.,145
data/synthetic/images/line_0145_v036.png,अंतिम सादरीकरण उत्तम व्हावे यासाठी सराव करावा.,𑘀𑘽𑘝𑘱𑘦 𑘭𑘰𑘟𑘨𑘲𑘎𑘨𑘜 𑘄𑘝𑘿𑘝𑘦 𑘪𑘿𑘮𑘰𑘪𑘹 𑘧𑘰𑘭𑘰𑘙𑘲 𑘭𑘨𑘰𑘪 𑘎𑘨𑘰𑘪𑘰.,145
data/synthetic/images/line_0145_v037.png,अंतिम सादरीकरण उत्तम व्हावे यासाठी सराव करावा.,𑘀𑘽𑘝𑘱𑘦 𑘭𑘰𑘟𑘨𑘲𑘎𑘨𑘜 𑘄𑘝𑘿𑘝𑘦 𑘪𑘿𑘮𑘰𑘪𑘹 𑘧𑘰𑘭𑘰𑘙𑘲 𑘭𑘨𑘰𑘪 𑘎𑘨𑘰𑘪𑘰.,145
data/synthetic/images/line_0145_v038.png,अंतिम सादरीकरण उत्तम व्हावे यासाठी सराव करावा.,𑘀𑘽𑘝𑘱𑘦 𑘭𑘰𑘟𑘨𑘲𑘎𑘨𑘜 𑘄𑘝𑘿𑘝𑘦 𑘪𑘿𑘮𑘰𑘪𑘹 𑘧𑘰𑘭𑘰𑘙𑘲 𑘭𑘨𑘰𑘪 𑘎𑘨𑘰𑘪𑘰.,145
data/synthetic/images/line_0145_v039.png,अंतिम सादरीकरण उत्तम व्हावे यासाठी सराव करावा.,𑘀𑘽𑘝𑘱𑘦 𑘭𑘰𑘟𑘨𑘲𑘎𑘨𑘜 𑘄𑘝𑘿𑘝𑘦 𑘪𑘿𑘮𑘰𑘪𑘹 𑘧𑘰𑘭𑘰𑘙𑘲 𑘭𑘨𑘰𑘪 𑘎𑘨𑘰𑘪𑘰.,145
data/synthetic/images/line_0146_v000.png,प्रश्न विचारण्यास संकोच करू नये.,𑘢𑘿𑘨𑘫𑘿𑘡 𑘪𑘱𑘓𑘰𑘨𑘜𑘿𑘧𑘰𑘭 𑘭𑘽𑘎𑘻𑘓 𑘎𑘨𑘴 𑘡𑘧𑘹.,146
data/synthetic/images/line_0146_v001.png,प्रश्न विचारण्यास संकोच करू नये.,𑘢𑘿𑘨𑘫𑘿𑘡 𑘪𑘱𑘓𑘰𑘨𑘜𑘿𑘧𑘰𑘭 𑘭𑘽𑘎𑘻𑘓 𑘎𑘨𑘴 𑘡𑘧𑘹.,146
data/synthetic/images/line_0146_v002.png,प्रश्न विचारण्यास संकोच करू नये.,𑘢𑘿𑘨𑘫𑘿𑘡 𑘪𑘱𑘓𑘰𑘨𑘜𑘿𑘧𑘰𑘭 𑘭𑘽𑘎𑘻𑘓 𑘎𑘨𑘴 𑘡𑘧𑘹.,146
data/synthetic/images/line_0146_v003.png,प्रश्न विचारण्यास संकोच करू नये.,𑘢𑘿𑘨𑘫𑘿𑘡 𑘪𑘱𑘓𑘰𑘨𑘜𑘿𑘧𑘰𑘭 𑘭𑘽𑘎𑘻𑘓 𑘎𑘨𑘴 𑘡𑘧𑘹.,146
data/synthetic/images/line_0146_v004.png,प्रश्न विचारण्यास संकोच करू नये.,𑘢𑘿𑘨𑘫𑘿𑘡 𑘪𑘱𑘓𑘰𑘨𑘜𑘿𑘧𑘰𑘭 𑘭𑘽𑘎𑘻𑘓 𑘎𑘨𑘴 𑘡𑘧𑘹.,146
data/synthetic/images/line_0146_v005.png,प्रश्न विचारण्यास संकोच करू नये.,𑘢𑘿𑘨𑘫𑘿𑘡 𑘪𑘱𑘓𑘰𑘨𑘜𑘿𑘧𑘰𑘭 𑘭𑘽𑘎𑘻𑘓 𑘎𑘨𑘴 𑘡𑘧𑘹.,146
data/synthetic/images/line_0146_v006.png,प्रश्न विचारण्यास संकोच करू नये.,𑘢𑘿𑘨𑘫𑘿𑘡 𑘪𑘱𑘓𑘰𑘨𑘜𑘿𑘧𑘰𑘭 𑘭𑘽𑘎𑘻𑘓 𑘎𑘨𑘴 𑘡𑘧𑘹.,146
data/synthetic/images/line_0146_v007.png,प्रश्न विचारण्यास संकोच करू नये.,𑘢𑘿𑘨𑘫𑘿𑘡 𑘪𑘱𑘓𑘰𑘨𑘜𑘿𑘧𑘰𑘭 𑘭𑘽𑘎𑘻𑘓 𑘎𑘨𑘴 𑘡𑘧𑘹.,146
data/synthetic/images/line_0146_v008.png,प्रश्न विचारण्यास संकोच करू नये.,𑘢𑘿𑘨𑘫𑘿𑘡 𑘪𑘱𑘓𑘰𑘨𑘜𑘿𑘧𑘰𑘭 𑘭𑘽𑘎𑘻𑘓 𑘎𑘨𑘴 𑘡𑘧𑘹.,146
data/synthetic/images/line_0146_v009.png,प्रश्न विचारण्यास संकोच करू नये.,𑘢𑘿𑘨𑘫𑘿𑘡 𑘪𑘱𑘓𑘰𑘨𑘜𑘿𑘧𑘰𑘭 𑘭𑘽𑘎𑘻𑘓 𑘎𑘨𑘴 𑘡𑘧𑘹.,146
data/synthetic/images/line_0146_v010.png,प्रश्न विचारण्यास संकोच करू नये.,𑘢𑘿𑘨𑘫𑘿𑘡 𑘪𑘱𑘓𑘰𑘨𑘜𑘿𑘧𑘰𑘭 𑘭𑘽𑘎𑘻𑘓 𑘎𑘨𑘴 𑘡𑘧𑘹.,146
data/synthetic/images/line_0146_v011.png,प्रश्न विचारण्यास संकोच करू नये.,𑘢𑘿𑘨𑘫𑘿𑘡 𑘪𑘱𑘓𑘰𑘨𑘜𑘿𑘧𑘰𑘭 𑘭𑘽𑘎𑘻𑘓 𑘎𑘨𑘴 𑘡𑘧𑘹.,146
data/synthetic/images/line_0146_v012.png,प्रश्न विचारण्यास संकोच करू नये.,𑘢𑘿𑘨𑘫𑘿𑘡 𑘪𑘱𑘓𑘰𑘨𑘜𑘿𑘧𑘰𑘭 𑘭𑘽𑘎𑘻𑘓 𑘎𑘨𑘴 𑘡𑘧𑘹.,146
data/synthetic/images/line_0146_v013.png,प्रश्न विचारण्यास संकोच करू नये.,𑘢𑘿𑘨𑘫𑘿𑘡 𑘪𑘱𑘓𑘰𑘨𑘜𑘿𑘧𑘰𑘭 𑘭𑘽𑘎𑘻𑘓 𑘎𑘨𑘴 𑘡𑘧𑘹.,146
data/synthetic/images/line_0146_v014.png,प्रश्न विचारण्यास संकोच करू नये.,𑘢𑘿𑘨𑘫𑘿𑘡 𑘪𑘱𑘓𑘰𑘨𑘜𑘿𑘧𑘰𑘭 𑘭𑘽𑘎𑘻𑘓 𑘎𑘨𑘴 𑘡𑘧𑘹.,146
data/synthetic/images/line_0146_v015.png,प्रश्न विचारण्यास संकोच करू नये.,𑘢𑘿𑘨𑘫𑘿𑘡 𑘪𑘱𑘓𑘰𑘨𑘜𑘿𑘧𑘰𑘭 𑘭𑘽𑘎𑘻𑘓 𑘎𑘨𑘴 𑘡𑘧𑘹.,146
data/synthetic/images/line_0146_v016.png,प्रश्न विचारण्यास संकोच करू नये.,𑘢𑘿𑘨𑘫𑘿𑘡 𑘪𑘱𑘓𑘰𑘨𑘜𑘿𑘧𑘰𑘭 𑘭𑘽𑘎𑘻𑘓 𑘎𑘨𑘴 𑘡𑘧𑘹.,146
data/synthetic/images/line_0146_v017.png,प्रश्न विचारण्यास संकोच करू नये.,𑘢𑘿𑘨𑘫𑘿𑘡 𑘪𑘱𑘓𑘰𑘨𑘜𑘿𑘧𑘰𑘭 𑘭𑘽𑘎𑘻𑘓 𑘎𑘨𑘴 𑘡𑘧𑘹.,146
data/synthetic/images/line_0146_v018.png,प्रश्न विचारण्यास संकोच करू नये.,𑘢𑘿𑘨𑘫𑘿𑘡 𑘪𑘱𑘓𑘰𑘨𑘜𑘿𑘧𑘰𑘭 𑘭𑘽𑘎𑘻𑘓 𑘎𑘨𑘴 𑘡𑘧𑘹.,146
data/synthetic/images/line_0146_v019.png,प्रश्न विचारण्यास संकोच करू नये.,𑘢𑘿𑘨𑘫𑘿𑘡 𑘪𑘱𑘓𑘰𑘨𑘜𑘿𑘧𑘰𑘭 𑘭𑘽𑘎𑘻𑘓 𑘎𑘨𑘴 𑘡𑘧𑘹.,146
data/synthetic/images/line_0146_v020.png,प्रश्न विचारण्यास संकोच करू नये.,𑘢𑘿𑘨𑘫𑘿𑘡 𑘪𑘱𑘓𑘰𑘨𑘜𑘿𑘧𑘰𑘭 𑘭𑘽𑘎𑘻𑘓 𑘎𑘨𑘴 𑘡𑘧𑘹.,146
data/synthetic/images/line_0146_v021.png,प्रश्न विचारण्यास संकोच करू नये.,𑘢𑘿𑘨𑘫𑘿𑘡 𑘪𑘱𑘓𑘰𑘨𑘜𑘿𑘧𑘰𑘭 𑘭𑘽𑘎𑘻𑘓 𑘎𑘨𑘴 𑘡𑘧𑘹.,146
data/synthetic/images/line_0146_v022.png,प्रश्न विचारण्यास संकोच करू नये.,𑘢𑘿𑘨𑘫𑘿𑘡 𑘪𑘱𑘓𑘰𑘨𑘜𑘿𑘧𑘰𑘭 𑘭𑘽𑘎𑘻𑘓 𑘎𑘨𑘴 𑘡𑘧𑘹.,146
data/synthetic/images/line_0146_v023.png,प्रश्न विचारण्यास संकोच करू नये.,𑘢𑘿𑘨𑘫𑘿𑘡 𑘪𑘱𑘓𑘰𑘨𑘜𑘿𑘧𑘰𑘭 𑘭𑘽𑘎𑘻𑘓 𑘎𑘨𑘴 𑘡𑘧𑘹.,146
data/synthetic/images/line_0146_v024.png,प्रश्न विचारण्यास संकोच करू नये.,𑘢𑘿𑘨𑘫𑘿𑘡 𑘪𑘱𑘓𑘰𑘨𑘜𑘿𑘧𑘰𑘭 𑘭𑘽𑘎𑘻𑘓 𑘎𑘨𑘴 𑘡𑘧𑘹.,146
data/synthetic/images/line_0146_v025.png,प्रश्न विचारण्यास संकोच करू नये.,𑘢𑘿𑘨𑘫𑘿𑘡 𑘪𑘱𑘓𑘰𑘨𑘜𑘿𑘧𑘰𑘭 𑘭𑘽𑘎𑘻𑘓 𑘎𑘨𑘴 𑘡𑘧𑘹.,146
data/synthetic/images/line_0146_v026.png,प्रश्न विचारण्यास संकोच करू नये.,𑘢𑘿𑘨𑘫𑘿𑘡 𑘪𑘱𑘓𑘰𑘨𑘜𑘿𑘧𑘰𑘭 𑘭𑘽𑘎𑘻𑘓 𑘎𑘨𑘴 𑘡𑘧𑘹.,146
data/synthetic/images/line_0146_v027.png,प्रश्न विचारण्यास संकोच करू नये.,𑘢𑘿𑘨𑘫𑘿𑘡 𑘪𑘱𑘓𑘰𑘨𑘜𑘿𑘧𑘰𑘭 𑘭𑘽𑘎𑘻𑘓 𑘎𑘨𑘴 𑘡𑘧𑘹.,146
data/synthetic/images/line_0146_v028.png,प्रश्न विचारण्यास संकोच करू नये.,𑘢𑘿𑘨𑘫𑘿𑘡 𑘪𑘱𑘓𑘰𑘨𑘜𑘿𑘧𑘰𑘭 𑘭𑘽𑘎𑘻𑘓 𑘎𑘨𑘴 𑘡𑘧𑘹.,146
data/synthetic/images/line_0146_v029.png,प्रश्न विचारण्यास संकोच करू नये.,𑘢𑘿𑘨𑘫𑘿𑘡 𑘪𑘱𑘓𑘰𑘨𑘜𑘿𑘧𑘰𑘭 𑘭𑘽𑘎𑘻𑘓 𑘎𑘨𑘴 𑘡𑘧𑘹.,146
data/synthetic/images/line_0146_v030.png,प्रश्न विचारण्यास संकोच करू नये.,𑘢𑘿𑘨𑘫𑘿𑘡 𑘪𑘱𑘓𑘰𑘨𑘜𑘿𑘧𑘰𑘭 𑘭𑘽𑘎𑘻𑘓 𑘎𑘨𑘴 𑘡𑘧𑘹.,146
data/synthetic/images/line_0146_v031.png,प्रश्न विचारण्यास संकोच करू नये.,𑘢𑘿𑘨𑘫𑘿𑘡 𑘪𑘱𑘓𑘰𑘨𑘜𑘿𑘧𑘰𑘭 𑘭𑘽𑘎𑘻𑘓 𑘎𑘨𑘴 𑘡𑘧𑘹.,146
data/synthetic/images/line_0146_v032.png,प्रश्न विचारण्यास संकोच करू नये.,𑘢𑘿𑘨𑘫𑘿𑘡 𑘪𑘱𑘓𑘰𑘨𑘜𑘿𑘧𑘰𑘭 𑘭𑘽𑘎𑘻𑘓 𑘎𑘨𑘴 𑘡𑘧𑘹.,146
data/synthetic/images/line_0146_v033.png,प्रश्न विचारण्यास संकोच करू नये.,𑘢𑘿𑘨𑘫𑘿𑘡 𑘪𑘱𑘓𑘰𑘨𑘜𑘿𑘧𑘰𑘭 𑘭𑘽𑘎𑘻𑘓 𑘎𑘨𑘴 𑘡𑘧𑘹.,146
data/synthetic/images/line_0146_v034.png,प्रश्न विचारण्यास संकोच करू नये.,𑘢𑘿𑘨𑘫𑘿𑘡 𑘪𑘱𑘓𑘰𑘨𑘜𑘿𑘧𑘰𑘭 𑘭𑘽𑘎𑘻𑘓 𑘎𑘨𑘴 𑘡𑘧𑘹.,146
data/synthetic/images/line_0146_v035.png,प्रश्न विचारण्यास संकोच करू नये.,𑘢𑘿𑘨𑘫𑘿𑘡 𑘪𑘱𑘓𑘰𑘨𑘜𑘿𑘧𑘰𑘭 𑘭𑘽𑘎𑘻𑘓 𑘎𑘨𑘴 𑘡𑘧𑘹.,146
data/synthetic/images/line_0146_v036.png,प्रश्न विचारण्यास संकोच करू नये.,𑘢𑘿𑘨𑘫𑘿𑘡 𑘪𑘱𑘓𑘰𑘨𑘜𑘿𑘧𑘰𑘭 𑘭𑘽𑘎𑘻𑘓 𑘎𑘨𑘴 𑘡𑘧𑘹.,146
data/synthetic/images/line_0146_v037.png,प्रश्न विचारण्यास संकोच करू नये.,𑘢𑘿𑘨𑘫𑘿𑘡 𑘪𑘱𑘓𑘰𑘨𑘜𑘿𑘧𑘰𑘭 𑘭𑘽𑘎𑘻𑘓 𑘎𑘨𑘴 𑘡𑘧𑘹.,146
data/synthetic/images/line_0146_v038.png,प्रश्न विचारण्यास संकोच करू नये.,𑘢𑘿𑘨𑘫𑘿𑘡 𑘪𑘱𑘓𑘰𑘨𑘜𑘿𑘧𑘰𑘭 𑘭𑘽𑘎𑘻𑘓 𑘎𑘨𑘴 𑘡𑘧𑘹.,146
data/synthetic/images/line_0146_v039.png,प्रश्न विचारण्यास संकोच करू नये.,𑘢𑘿𑘨𑘫𑘿𑘡 𑘪𑘱𑘓𑘰𑘨𑘜𑘿𑘧𑘰𑘭 𑘭𑘽𑘎𑘻𑘓 𑘎𑘨𑘴 𑘡𑘧𑘹.,146
data/synthetic/images/line_0147_v000.png,शिकण्याची तयारी असावी.,𑘫𑘱𑘎𑘜𑘿𑘧𑘰𑘓𑘲 𑘝𑘧𑘰𑘨𑘲 𑘀𑘭𑘰𑘪𑘲.,147
data/synthetic/images/line_0147_v001.png,शिकण्याची तयारी असावी.,𑘫𑘱𑘎𑘜𑘿𑘧𑘰𑘓𑘲 𑘝𑘧𑘰𑘨𑘲 𑘀𑘭𑘰𑘪𑘲.,147
data/synthetic/images/line_0147_v002.png,शिकण्याची तयारी असावी.,𑘫𑘱𑘎𑘜𑘿𑘧𑘰𑘓𑘲 𑘝𑘧𑘰𑘨𑘲 𑘀𑘭𑘰𑘪𑘲.,147
data/synthetic/images/line_0147_v003.png,शिकण्याची तयारी असावी.,𑘫𑘱𑘎𑘜𑘿𑘧𑘰𑘓𑘲 𑘝𑘧𑘰𑘨𑘲 𑘀𑘭𑘰𑘪𑘲.,147
data/synthetic/images/line_0147_v004.png,शिकण्याची तयारी असावी.,𑘫𑘱𑘎𑘜𑘿𑘧𑘰𑘓𑘲 𑘝𑘧𑘰𑘨𑘲 𑘀𑘭𑘰𑘪𑘲.,147
data/synthetic/images/line_0147_v005.png,शिकण्याची तयारी असावी.,𑘫𑘱𑘎𑘜𑘿𑘧𑘰𑘓𑘲 𑘝𑘧𑘰𑘨𑘲 𑘀𑘭𑘰𑘪𑘲.,147
data/synthetic/images/line_0147_v006.png,शिकण्याची तयारी असावी.,𑘫𑘱𑘎𑘜𑘿𑘧𑘰𑘓𑘲 𑘝𑘧𑘰𑘨𑘲 𑘀𑘭𑘰𑘪𑘲.,147
data/synthetic/images/line_0147_v007.png,शिकण्याची तयारी असावी.,𑘫𑘱𑘎𑘜𑘿𑘧𑘰𑘓𑘲 𑘝𑘧𑘰𑘨𑘲 𑘀𑘭𑘰𑘪𑘲.,147
data/synthetic/images/line_0147_v008.png,शिकण्याची तयारी असावी.,𑘫𑘱𑘎𑘜𑘿𑘧𑘰𑘓𑘲 𑘝𑘧𑘰𑘨𑘲 𑘀𑘭𑘰𑘪𑘲.,147
data/synthetic/images/line_0147_v009.png,शिकण्याची तयारी असावी.,𑘫𑘱𑘎𑘜𑘿𑘧𑘰𑘓𑘲 𑘝𑘧𑘰𑘨𑘲 𑘀𑘭𑘰𑘪𑘲.,147
data/synthetic/images/line_0147_v010.png,शिकण्याची तयारी असावी.,𑘫𑘱𑘎𑘜𑘿𑘧𑘰𑘓𑘲 𑘝𑘧𑘰𑘨𑘲 𑘀𑘭𑘰𑘪𑘲.,147
data/synthetic/images/line_0147_v011.png,शिकण्याची तयारी असावी.,𑘫𑘱𑘎𑘜𑘿𑘧𑘰𑘓𑘲 𑘝𑘧𑘰𑘨𑘲 𑘀𑘭𑘰𑘪𑘲.,147
data/synthetic/images/line_0147_v012.png,शिकण्याची तयारी असावी.,𑘫𑘱𑘎𑘜𑘿𑘧𑘰𑘓𑘲 𑘝𑘧𑘰𑘨𑘲 𑘀𑘭𑘰𑘪𑘲.,147
data/synthetic/images/line_0147_v013.png,शिकण्याची तयारी असावी.,𑘫𑘱𑘎𑘜𑘿𑘧𑘰𑘓𑘲 𑘝𑘧𑘰𑘨𑘲 𑘀𑘭𑘰𑘪𑘲.,147
data/synthetic/images/line_0147_v014.png,शिकण्याची तयारी असावी.,𑘫𑘱𑘎𑘜𑘿𑘧𑘰𑘓𑘲 𑘝𑘧𑘰𑘨𑘲 𑘀𑘭𑘰𑘪𑘲.,147
data/synthetic/images/line_0147_v015.png,शिकण्याची तयारी असावी.,𑘫𑘱𑘎𑘜𑘿𑘧𑘰𑘓𑘲 𑘝𑘧𑘰𑘨𑘲 𑘀𑘭𑘰𑘪𑘲.,147
data/synthetic/images/line_0147_v016.png,शिकण्याची तयारी असावी.,𑘫𑘱𑘎𑘜𑘿𑘧𑘰𑘓𑘲 𑘝𑘧𑘰𑘨𑘲 𑘀𑘭𑘰𑘪𑘲.,147
data/synthetic/images/line_0147_v017.png,शिकण्याची तयारी असावी.,𑘫𑘱𑘎𑘜𑘿𑘧𑘰𑘓𑘲 𑘝𑘧𑘰𑘨𑘲 𑘀𑘭𑘰𑘪𑘲.,147
data/synthetic/images/line_0147_v018.png,शिकण्याची तयारी असावी.,𑘫𑘱𑘎𑘜𑘿𑘧𑘰𑘓𑘲 𑘝𑘧𑘰𑘨𑘲 𑘀𑘭𑘰𑘪𑘲.,147
data/synthetic/images/line_0147_v019.png,शिकण्याची तयारी असावी.,𑘫𑘱𑘎𑘜𑘿𑘧𑘰𑘓𑘲 𑘝𑘧𑘰𑘨𑘲 𑘀𑘭𑘰𑘪𑘲.,147
data/synthetic/images/line_0147_v020.png,शिकण्याची तयारी असावी.,𑘫𑘱𑘎𑘜𑘿𑘧𑘰𑘓𑘲 𑘝𑘧𑘰𑘨𑘲 𑘀𑘭𑘰𑘪𑘲.,147
data/synthetic/images/line_0147_v021.png,शिकण्याची तयारी असावी.,𑘫𑘱𑘎𑘜𑘿𑘧𑘰𑘓𑘲 𑘝𑘧𑘰𑘨𑘲 𑘀𑘭𑘰𑘪𑘲.,147
data/synthetic/images/line_0147_v022.png,शिकण्याची तयारी असावी.,𑘫𑘱𑘎𑘜𑘿𑘧𑘰𑘓𑘲 𑘝𑘧𑘰𑘨𑘲 𑘀𑘭𑘰𑘪𑘲.,147
data/synthetic/images/line_0147_v023.png,शिकण्याची तयारी असावी.,𑘫𑘱𑘎𑘜𑘿𑘧𑘰𑘓𑘲 𑘝𑘧𑘰𑘨𑘲 𑘀𑘭𑘰𑘪𑘲.,147
data/synthetic/images/line_0147_v024.png,शिकण्याची तयारी असावी.,𑘫𑘱𑘎𑘜𑘿𑘧𑘰𑘓𑘲 𑘝𑘧𑘰𑘨𑘲 𑘀𑘭𑘰𑘪𑘲.,147
data/synthetic/images/line_0147_v025.png,शिकण्याची तयारी असावी.,𑘫𑘱𑘎𑘜𑘿𑘧𑘰𑘓𑘲 𑘝𑘧𑘰𑘨𑘲 𑘀𑘭𑘰𑘪𑘲.,147
data/synthetic/images/line_0147_v026.png,शिकण्याची तयारी असावी.,𑘫𑘱𑘎𑘜𑘿𑘧𑘰𑘓𑘲 𑘝𑘧𑘰𑘨𑘲 𑘀𑘭𑘰𑘪𑘲.,147
data/synthetic/images/line_0147_v027.png,शिकण्याची तयारी असावी.,𑘫𑘱𑘎𑘜𑘿𑘧𑘰𑘓𑘲 𑘝𑘧𑘰𑘨𑘲 𑘀𑘭𑘰𑘪𑘲.,147
data/synthetic/images/line_0147_v028.png,शिकण्याची तयारी असावी.,𑘫𑘱𑘎𑘜𑘿𑘧𑘰𑘓𑘲 𑘝𑘧𑘰𑘨𑘲 𑘀𑘭𑘰𑘪𑘲.,147
data/synthetic/images/line_0147_v029.png,शिकण्याची तयारी असावी.,𑘫𑘱𑘎𑘜𑘿𑘧𑘰𑘓𑘲 𑘝𑘧𑘰𑘨𑘲 𑘀𑘭𑘰𑘪𑘲.,147
data/synthetic/images/line_0147_v030.png,शिकण्याची तयारी असावी.,𑘫𑘱𑘎𑘜𑘿𑘧𑘰𑘓𑘲 𑘝𑘧𑘰𑘨𑘲 𑘀𑘭𑘰𑘪𑘲.,147
data/synthetic/images/line_0147_v031.png,शिकण्याची तयारी असावी.,𑘫𑘱𑘎𑘜𑘿𑘧𑘰𑘓𑘲 𑘝𑘧𑘰𑘨𑘲 𑘀𑘭𑘰𑘪𑘲.,147
data/synthetic/images/line_0147_v032.png,शिकण्याची तयारी असावी.,𑘫𑘱𑘎𑘜𑘿𑘧𑘰𑘓𑘲 𑘝𑘧𑘰𑘨𑘲 𑘀𑘭𑘰𑘪𑘲.,147
data/synthetic/images/line_0147_v033.png,शिकण्याची तयारी असावी.,𑘫𑘱𑘎𑘜𑘿𑘧𑘰𑘓𑘲 𑘝𑘧𑘰𑘨𑘲 𑘀𑘭𑘰𑘪𑘲.,147
data/synthetic/images/line_0147_v034.png,शिकण्याची तयारी असावी.,𑘫𑘱𑘎𑘜𑘿𑘧𑘰𑘓𑘲 𑘝𑘧𑘰𑘨𑘲 𑘀𑘭𑘰𑘪𑘲.,147
data/synthetic/images/line_0147_v035.png,शिकण्याची तयारी असावी.,𑘫𑘱𑘎𑘜𑘿𑘧𑘰𑘓𑘲 𑘝𑘧𑘰𑘨𑘲 𑘀𑘭𑘰𑘪𑘲.,147
data/synthetic/images/line_0147_v036.png,शिकण्याची तयारी असावी.,𑘫𑘱𑘎𑘜𑘿𑘧𑘰𑘓𑘲 𑘝𑘧𑘰𑘨𑘲 𑘀𑘭𑘰𑘪𑘲.,147
data/synthetic/images/line_0147_v037.png,शिकण्याची तयारी असावी.,𑘫𑘱𑘎𑘜𑘿𑘧𑘰𑘓𑘲 𑘝𑘧𑘰𑘨𑘲 𑘀𑘭𑘰𑘪𑘲.,147
data/synthetic/images/line_0147_v038.png,शिकण्याची तयारी असावी.,𑘫𑘱𑘎𑘜𑘿𑘧𑘰𑘓𑘲 𑘝𑘧𑘰𑘨𑘲 𑘀𑘭𑘰𑘪𑘲.,147
data/synthetic/images/line_0147_v039.png,शिकण्याची तयारी असावी.,𑘫𑘱𑘎𑘜𑘿𑘧𑘰𑘓𑘲 𑘝𑘧𑘰𑘨𑘲 𑘀𑘭𑘰𑘪𑘲.,147
data/synthetic/images/line_0148_v000.png,चुकांमधून शिकणे महत्त्वाचे आहे.,𑘓𑘳𑘎𑘰𑘽𑘦𑘠𑘴𑘡 𑘫𑘱𑘎𑘜𑘹 𑘦𑘮𑘝𑘿𑘝𑘿𑘪𑘰𑘓𑘹 𑘁𑘮𑘹.,148
data/synthetic/images/line_0148_v001.png,चुकांमधून शिकणे महत्त्वाचे आहे.,𑘓𑘳𑘎𑘰𑘽𑘦𑘠𑘴𑘡 𑘫𑘱𑘎𑘜𑘹 𑘦𑘮𑘝𑘿𑘝𑘿𑘪𑘰𑘓𑘹 𑘁𑘮𑘹.,148
data/synthetic/images/line_0148_v002.png,चुकांमधून शिकणे महत्त्वाचे आहे.,𑘓𑘳𑘎𑘰𑘽𑘦𑘠𑘴𑘡 𑘫𑘱𑘎𑘜𑘹 𑘦𑘮𑘝𑘿𑘝𑘿𑘪𑘰𑘓𑘹 𑘁𑘮𑘹.,148
data/synthetic/images/line_0148_v003.png,चुकांमधून शिकणे महत्त्वाचे आहे.,𑘓𑘳𑘎𑘰𑘽𑘦𑘠𑘴𑘡 𑘫𑘱𑘎𑘜𑘹 𑘦𑘮𑘝𑘿𑘝𑘿𑘪𑘰𑘓𑘹 𑘁𑘮𑘹.,148
data/synthetic/images/line_0148_v004.png,चुकांमधून शिकणे महत्त्वाचे आहे.,𑘓𑘳𑘎𑘰𑘽𑘦𑘠𑘴𑘡 𑘫𑘱𑘎𑘜𑘹 𑘦𑘮𑘝𑘿𑘝𑘿𑘪𑘰𑘓𑘹 𑘁𑘮𑘹.,148
data/synthetic/images/line_0148_v005.png,चुकांमधून शिकणे महत्त्वाचे आहे.,𑘓𑘳𑘎𑘰𑘽𑘦𑘠𑘴𑘡 𑘫𑘱𑘎𑘜𑘹 𑘦𑘮𑘝𑘿𑘝𑘿𑘪𑘰𑘓𑘹 𑘁𑘮𑘹.,148
data/synthetic/images/line_0148_v006.png,चुकांमधून शिकणे महत्त्वाचे आहे.,𑘓𑘳𑘎𑘰𑘽𑘦𑘠𑘴𑘡 𑘫𑘱𑘎𑘜𑘹 𑘦𑘮𑘝𑘿𑘝𑘿𑘪𑘰𑘓𑘹 𑘁𑘮𑘹.,148
data/synthetic/images/line_0148_v007.png,चुकांमधून शिकणे महत्त्वाचे आहे.,𑘓𑘳𑘎𑘰𑘽𑘦𑘠𑘴𑘡 𑘫𑘱𑘎𑘜𑘹 𑘦𑘮𑘝𑘿𑘝𑘿𑘪𑘰𑘓𑘹 𑘁𑘮𑘹.,148
data/synthetic/images/line_0148_v008.png,चुकांमधून शिकणे महत्त्वाचे आहे.,𑘓𑘳𑘎𑘰𑘽𑘦𑘠𑘴𑘡 𑘫𑘱𑘎𑘜𑘹 𑘦𑘮𑘝𑘿𑘝𑘿𑘪𑘰𑘓𑘹 𑘁𑘮𑘹.,148
data/synthetic/images/line_0148_v009.png,चुकांमधून शिकणे महत्त्वाचे आहे.,𑘓𑘳𑘎𑘰𑘽𑘦𑘠𑘴𑘡 𑘫𑘱𑘎𑘜𑘹 𑘦𑘮𑘝𑘿𑘝𑘿𑘪𑘰𑘓𑘹 𑘁𑘮𑘹.,148
data/synthetic/images/line_0148_v010.png,चुकांमधून शिकणे महत्त्वाचे आहे.,𑘓𑘳𑘎𑘰𑘽𑘦𑘠𑘴𑘡 𑘫𑘱𑘎𑘜𑘹 𑘦𑘮𑘝𑘿𑘝𑘿𑘪𑘰𑘓𑘹 𑘁𑘮𑘹.,148
data/synthetic/images/line_0148_v011.png,चुकांमधून शिकणे महत्त्वाचे आहे.,𑘓𑘳𑘎𑘰𑘽𑘦𑘠𑘴𑘡 𑘫𑘱𑘎𑘜𑘹 𑘦𑘮𑘝𑘿𑘝𑘿𑘪𑘰𑘓𑘹 𑘁𑘮𑘹.,148
data/synthetic/images/line_0148_v012.png,चुकांमधून शिकणे महत्त्वाचे आहे.,𑘓𑘳𑘎𑘰𑘽𑘦𑘠𑘴𑘡 𑘫𑘱𑘎𑘜𑘹 𑘦𑘮𑘝𑘿𑘝𑘿𑘪𑘰𑘓𑘹 𑘁𑘮𑘹.,148
data/synthetic/images/line_0148_v013.png,चुकांमधून शिकणे महत्त्वाचे आहे.,𑘓𑘳𑘎𑘰𑘽𑘦𑘠𑘴𑘡 𑘫𑘱𑘎𑘜𑘹 𑘦𑘮𑘝𑘿𑘝𑘿𑘪𑘰𑘓𑘹 𑘁𑘮𑘹.,148
data/synthetic/images/line_0148_v014.png,चुकांमधून शिकणे महत्त्वाचे आहे.,𑘓𑘳𑘎𑘰𑘽𑘦𑘠𑘴𑘡 𑘫𑘱𑘎𑘜𑘹 𑘦𑘮𑘝𑘿𑘝𑘿𑘪𑘰𑘓𑘹 𑘁𑘮𑘹.,148
data/synthetic/images/line_0148_v015.png,चुकांमधून शिकणे महत्त्वाचे आहे.,𑘓𑘳𑘎𑘰𑘽𑘦𑘠𑘴𑘡 𑘫𑘱𑘎𑘜𑘹 𑘦𑘮𑘝𑘿𑘝𑘿𑘪𑘰𑘓𑘹 𑘁𑘮𑘹.,148
data/synthetic/images/line_0148_v016.png,चुकांमधून शिकणे महत्त्वाचे आहे.,𑘓𑘳𑘎𑘰𑘽𑘦𑘠𑘴𑘡 𑘫𑘱𑘎𑘜𑘹 𑘦𑘮𑘝𑘿𑘝𑘿𑘪𑘰𑘓𑘹 𑘁𑘮𑘹.,148
data/synthetic/images/line_0148_v017.png,चुकांमधून शिकणे महत्त्वाचे आहे.,𑘓𑘳𑘎𑘰𑘽𑘦𑘠𑘴𑘡 𑘫𑘱𑘎𑘜𑘹 𑘦𑘮𑘝𑘿𑘝𑘿𑘪𑘰𑘓𑘹 𑘁𑘮𑘹.,148
data/synthetic/images/line_0148_v018.png,चुकांमधून शिकणे महत्त्वाचे आहे.,𑘓𑘳𑘎𑘰𑘽𑘦𑘠𑘴𑘡 𑘫𑘱𑘎𑘜𑘹 𑘦𑘮𑘝𑘿𑘝𑘿𑘪𑘰𑘓𑘹 𑘁𑘮𑘹.,148
data/synthetic/images/line_0148_v019.png,चुकांमधून शिकणे महत्त्वाचे आहे.,𑘓𑘳𑘎𑘰𑘽𑘦𑘠𑘴𑘡 𑘫𑘱𑘎𑘜𑘹 𑘦𑘮𑘝𑘿𑘝𑘿𑘪𑘰𑘓𑘹 𑘁𑘮𑘹.,148
data/synthetic/images/line_0148_v020.png,चुकांमधून शिकणे महत्त्वाचे आहे.,𑘓𑘳𑘎𑘰𑘽𑘦𑘠𑘴𑘡 𑘫𑘱𑘎𑘜𑘹 𑘦𑘮𑘝𑘿𑘝𑘿𑘪𑘰𑘓𑘹 𑘁𑘮𑘹.,148
data/synthetic/images/line_0148_v021.png,चुकांमधून शिकणे महत्त्वाचे आहे.,𑘓𑘳𑘎𑘰𑘽𑘦𑘠𑘴𑘡 𑘫𑘱𑘎𑘜𑘹 𑘦𑘮𑘝𑘿𑘝𑘿𑘪𑘰𑘓𑘹 𑘁𑘮𑘹.,148
data/synthetic/images/line_0148_v022.png,चुकांमधून शिकणे महत्त्वाचे आहे.,𑘓𑘳𑘎𑘰𑘽𑘦𑘠𑘴𑘡 𑘫𑘱𑘎𑘜𑘹 𑘦𑘮𑘝𑘿𑘝𑘿𑘪𑘰𑘓𑘹 𑘁𑘮𑘹.,148
data/synthetic/images/line_0148_v023.png,चुकांमधून शिकणे महत्त्वाचे आहे.,𑘓𑘳𑘎𑘰𑘽𑘦𑘠𑘴𑘡 𑘫𑘱𑘎𑘜𑘹 𑘦𑘮𑘝𑘿𑘝𑘿𑘪𑘰𑘓𑘹 𑘁𑘮𑘹.,148
data/synthetic/images/line_0148_v024.png,चुकांमधून शिकणे महत्त्वाचे आहे.,𑘓𑘳𑘎𑘰𑘽𑘦𑘠𑘴𑘡 𑘫𑘱𑘎𑘜𑘹 𑘦𑘮𑘝𑘿𑘝𑘿𑘪𑘰𑘓𑘹 𑘁𑘮𑘹.,148
data/synthetic/images/line_0148_v025.png,चुकांमधून शिकणे महत्त्वाचे आहे.,𑘓𑘳𑘎𑘰𑘽𑘦𑘠𑘴𑘡 𑘫𑘱𑘎𑘜𑘹 𑘦𑘮𑘝𑘿𑘝𑘿𑘪𑘰𑘓𑘹 𑘁𑘮𑘹.,148
data/synthetic/images/line_0148_v026.png,चुकांमधून शिकणे महत्त्वाचे आहे.,𑘓𑘳𑘎𑘰𑘽𑘦𑘠𑘴𑘡 𑘫𑘱𑘎𑘜𑘹 𑘦𑘮𑘝𑘿𑘝𑘿𑘪𑘰𑘓𑘹 𑘁𑘮𑘹.,148
data/synthetic/images/line_0148_v027.png,चुकांमधून शिकणे महत्त्वाचे आहे.,𑘓𑘳𑘎𑘰𑘽𑘦𑘠𑘴𑘡 𑘫𑘱𑘎𑘜𑘹 𑘦𑘮𑘝𑘿𑘝𑘿𑘪𑘰𑘓𑘹 𑘁𑘮𑘹.,148
data/synthetic/images/line_0148_v028.png,चुकांमधून शिकणे महत्त्वाचे आहे.,𑘓𑘳𑘎𑘰𑘽𑘦𑘠𑘴𑘡 𑘫𑘱𑘎𑘜𑘹 𑘦𑘮𑘝𑘿𑘝𑘿𑘪𑘰𑘓𑘹 𑘁𑘮𑘹.,148
data/synthetic/images/line_0148_v029.png,चुकांमधून शिकणे महत्त्वाचे आहे.,𑘓𑘳𑘎𑘰𑘽𑘦𑘠𑘴𑘡 𑘫𑘱𑘎𑘜𑘹 𑘦𑘮𑘝𑘿𑘝𑘿𑘪𑘰𑘓𑘹 𑘁𑘮𑘹.,148
data/synthetic/images/line_0148_v030.png,चुकांमधून शिकणे महत्त्वाचे आहे.,𑘓𑘳𑘎𑘰𑘽𑘦𑘠𑘴𑘡 𑘫𑘱𑘎𑘜𑘹 𑘦𑘮𑘝𑘿𑘝𑘿𑘪𑘰𑘓𑘹 𑘁𑘮𑘹.,148
data/synthetic/images/line_0148_v031.png,चुकांमधून शिकणे महत्त्वाचे आहे.,𑘓𑘳𑘎𑘰𑘽𑘦𑘠𑘴𑘡 𑘫𑘱𑘎𑘜𑘹 𑘦𑘮𑘝𑘿𑘝𑘿𑘪𑘰𑘓𑘹 𑘁𑘮𑘹.,148
data/synthetic/images/line_0148_v032.png,चुकांमधून शिकणे महत्त्वाचे आहे.,𑘓𑘳𑘎𑘰𑘽𑘦𑘠𑘴𑘡 𑘫𑘱𑘎𑘜𑘹 𑘦𑘮𑘝𑘿𑘝𑘿𑘪𑘰𑘓𑘹 𑘁𑘮𑘹.,148
data/synthetic/images/line_0148_v033.png,चुकांमधून शिकणे महत्त्वाचे आहे.,𑘓𑘳𑘎𑘰𑘽𑘦𑘠𑘴𑘡 𑘫𑘱𑘎𑘜𑘹 𑘦𑘮𑘝𑘿𑘝𑘿𑘪𑘰𑘓𑘹 𑘁𑘮𑘹.,148
data/synthetic/images/line_0148_v034.png,चुकांमधून शिकणे महत्त्वाचे आहे.,𑘓𑘳𑘎𑘰𑘽𑘦𑘠𑘴𑘡 𑘫𑘱𑘎𑘜𑘹 𑘦𑘮𑘝𑘿𑘝𑘿𑘪𑘰𑘓𑘹 𑘁𑘮𑘹.,148
data/synthetic/images/line_0148_v035.png,चुकांमधून शिकणे महत्त्वाचे आहे.,𑘓𑘳𑘎𑘰𑘽𑘦𑘠𑘴𑘡 𑘫𑘱𑘎𑘜𑘹 𑘦𑘮𑘝𑘿𑘝𑘿𑘪𑘰𑘓𑘹 𑘁𑘮𑘹.,148
data/synthetic/images/line_0148_v036.png,चुकांमधून शिकणे महत्त्वाचे आहे.,𑘓𑘳𑘎𑘰𑘽𑘦𑘠𑘴𑘡 𑘫𑘱𑘎𑘜𑘹 𑘦𑘮𑘝𑘿𑘝𑘿𑘪𑘰𑘓𑘹 𑘁𑘮𑘹.,148
data/synthetic/images/line_0148_v037.png,चुकांमधून शिकणे महत्त्वाचे आहे.,𑘓𑘳𑘎𑘰𑘽𑘦𑘠𑘴𑘡 𑘫𑘱𑘎𑘜𑘹 𑘦𑘮𑘝𑘿𑘝𑘿𑘪𑘰𑘓𑘹 𑘁𑘮𑘹.,148
data/synthetic/images/line_0148_v038.png,चुकांमधून शिकणे महत्त्वाचे आहे.,𑘓𑘳𑘎𑘰𑘽𑘦𑘠𑘴𑘡 𑘫𑘱𑘎𑘜𑘹 𑘦𑘮𑘝𑘿𑘝𑘿𑘪𑘰𑘓𑘹 𑘁𑘮𑘹.,148
data/synthetic/images/line_0148_v039.png,चुकांमधून शिकणे महत्त्वाचे आहे.,𑘓𑘳𑘎𑘰𑘽𑘦𑘠𑘴𑘡 𑘫𑘱𑘎𑘜𑘹 𑘦𑘮𑘝𑘿𑘝𑘿𑘪𑘰𑘓𑘹 𑘁𑘮𑘹.,148
data/synthetic/images/line_0149_v000.png,सतत प्रयत्न केल्याने यश मिळते.,𑘭𑘝𑘝 𑘢𑘿𑘨𑘧𑘝𑘿𑘡 𑘎𑘹𑘩𑘿𑘧𑘰𑘡𑘹 𑘧𑘫 𑘦𑘱𑘯𑘝𑘹.,149
data/synthetic/images/line_0149_v001.png,सतत प्रयत्न केल्याने यश मिळते.,𑘭𑘝𑘝 𑘢𑘿𑘨𑘧𑘝𑘿𑘡 𑘎𑘹𑘩𑘿𑘧𑘰𑘡𑘹 𑘧𑘫 𑘦𑘱𑘯𑘝𑘹.,149
data/synthetic/images/line_0149_v002.png,सतत प्रयत्न केल्याने यश मिळते.,𑘭𑘝𑘝 𑘢𑘿𑘨𑘧𑘝𑘿𑘡 𑘎𑘹𑘩𑘿𑘧𑘰𑘡𑘹 𑘧𑘫 𑘦𑘱𑘯𑘝𑘹.,149
data/synthetic/images/line_0149_v003.png,सतत प्रयत्न केल्याने यश मिळते.,𑘭𑘝𑘝 𑘢𑘿𑘨𑘧𑘝𑘿𑘡 𑘎𑘹𑘩𑘿𑘧𑘰𑘡𑘹 𑘧𑘫 𑘦𑘱𑘯𑘝𑘹.,149
data/synthetic/images/line_0149_v004.png,सतत प्रयत्न केल्याने यश मिळते.,𑘭𑘝𑘝 𑘢𑘿𑘨𑘧𑘝𑘿𑘡 𑘎𑘹𑘩𑘿𑘧𑘰𑘡𑘹 𑘧𑘫 𑘦𑘱𑘯𑘝𑘹.,149
data/synthetic/images/line_0149_v005.png,सतत प्रयत्न केल्याने यश मिळते.,𑘭𑘝𑘝 𑘢𑘿𑘨𑘧𑘝𑘿𑘡 𑘎𑘹𑘩𑘿𑘧𑘰𑘡𑘹 𑘧𑘫 𑘦𑘱𑘯𑘝𑘹.,149
data/synthetic/images/line_0149_v006.png,सतत प्रयत्न केल्याने यश मिळते.,𑘭𑘝𑘝 𑘢𑘿𑘨𑘧𑘝𑘿𑘡 𑘎𑘹𑘩𑘿𑘧𑘰𑘡𑘹 𑘧𑘫 𑘦𑘱𑘯𑘝𑘹.,149
data/synthetic/images/line_0149_v007.png,सतत प्रयत्न केल्याने यश मिळते.,𑘭𑘝𑘝 𑘢𑘿𑘨𑘧𑘝𑘿𑘡 𑘎𑘹𑘩𑘿𑘧𑘰𑘡𑘹 𑘧𑘫 𑘦𑘱𑘯𑘝𑘹.,149
data/synthetic/images/line_0149_v008.png,सतत प्रयत्न केल्याने यश मिळते.,𑘭𑘝𑘝 𑘢𑘿𑘨𑘧𑘝𑘿𑘡 𑘎𑘹𑘩𑘿𑘧𑘰𑘡𑘹 𑘧𑘫 𑘦𑘱𑘯𑘝𑘹.,149
data/synthetic/images/line_0149_v009.png,सतत प्रयत्न केल्याने यश मिळते.,𑘭𑘝𑘝 𑘢𑘿𑘨𑘧𑘝𑘿𑘡 𑘎𑘹𑘩𑘿𑘧𑘰𑘡𑘹 𑘧𑘫 𑘦𑘱𑘯𑘝𑘹.,149
data/synthetic/images/line_0149_v010.png,सतत प्रयत्न केल्याने यश मिळते.,𑘭𑘝𑘝 𑘢𑘿𑘨𑘧𑘝𑘿𑘡 𑘎𑘹𑘩𑘿𑘧𑘰𑘡𑘹 𑘧𑘫 𑘦𑘱𑘯𑘝𑘹.,149
data/synthetic/images/line_0149_v011.png,सतत प्रयत्न केल्याने यश मिळते.,𑘭𑘝𑘝 𑘢𑘿𑘨𑘧𑘝𑘿𑘡 𑘎𑘹𑘩𑘿𑘧𑘰𑘡𑘹 𑘧𑘫 𑘦𑘱𑘯𑘝𑘹.,149
data/synthetic/images/line_0149_v012.png,सतत प्रयत्न केल्याने यश मिळते.,𑘭𑘝𑘝 𑘢𑘿𑘨𑘧𑘝𑘿𑘡 𑘎𑘹𑘩𑘿𑘧𑘰𑘡𑘹 𑘧𑘫 𑘦𑘱𑘯𑘝𑘹.,149
data/synthetic/images/line_0149_v013.png,सतत प्रयत्न केल्याने यश मिळते.,𑘭𑘝𑘝 𑘢𑘿𑘨𑘧𑘝𑘿𑘡 𑘎𑘹𑘩𑘿𑘧𑘰𑘡𑘹 𑘧𑘫 𑘦𑘱𑘯𑘝𑘹.,149
data/synthetic/images/line_0149_v014.png,सतत प्रयत्न केल्याने यश मिळते.,𑘭𑘝𑘝 𑘢𑘿𑘨𑘧𑘝𑘿𑘡 𑘎𑘹𑘩𑘿𑘧𑘰𑘡𑘹 𑘧𑘫 𑘦𑘱𑘯𑘝𑘹.,149
data/synthetic/images/line_0149_v015.png,सतत प्रयत्न केल्याने यश मिळते.,𑘭𑘝𑘝 𑘢𑘿𑘨𑘧𑘝𑘿𑘡 𑘎𑘹𑘩𑘿𑘧𑘰𑘡𑘹 𑘧𑘫 𑘦𑘱𑘯𑘝𑘹.,149
data/synthetic/images/line_0149_v016.png,सतत प्रयत्न केल्याने यश मिळते.,𑘭𑘝𑘝 𑘢𑘿𑘨𑘧𑘝𑘿𑘡 𑘎𑘹𑘩𑘿𑘧𑘰𑘡𑘹 𑘧𑘫 𑘦𑘱𑘯𑘝𑘹.,149
data/synthetic/images/line_0149_v017.png,सतत प्रयत्न केल्याने यश मिळते.,𑘭𑘝𑘝 𑘢𑘿𑘨𑘧𑘝𑘿𑘡 𑘎𑘹𑘩𑘿𑘧𑘰𑘡𑘹 𑘧𑘫 𑘦𑘱𑘯𑘝𑘹.,149
data/synthetic/images/line_0149_v018.png,सतत प्रयत्न केल्याने यश मिळते.,𑘭𑘝𑘝 𑘢𑘿𑘨𑘧𑘝𑘿𑘡 𑘎𑘹𑘩𑘿𑘧𑘰𑘡𑘹 𑘧𑘫 𑘦𑘱𑘯𑘝𑘹.,149
data/synthetic/images/line_0149_v019.png,सतत प्रयत्न केल्याने यश मिळते.,𑘭𑘝𑘝 𑘢𑘿𑘨𑘧𑘝𑘿𑘡 𑘎𑘹𑘩𑘿𑘧𑘰𑘡𑘹 𑘧𑘫 𑘦𑘱𑘯𑘝𑘹.,149
data/synthetic/images/line_0149_v020.png,सतत प्रयत्न केल्याने यश मिळते.,𑘭𑘝𑘝 𑘢𑘿𑘨𑘧𑘝𑘿𑘡 𑘎𑘹𑘩𑘿𑘧𑘰𑘡𑘹 𑘧𑘫 𑘦𑘱𑘯𑘝𑘹.,149
data/synthetic/images/line_0149_v021.png,सतत प्रयत्न केल्याने यश मिळते.,𑘭𑘝𑘝 𑘢𑘿𑘨𑘧𑘝𑘿𑘡 𑘎𑘹𑘩𑘿𑘧𑘰𑘡𑘹 𑘧𑘫 𑘦𑘱𑘯𑘝𑘹.,149
data/synthetic/images/line_0149_v022.png,सतत प्रयत्न केल्याने यश मिळते.,𑘭𑘝𑘝 𑘢𑘿𑘨𑘧𑘝𑘿𑘡 𑘎𑘹𑘩𑘿𑘧𑘰𑘡𑘹 𑘧𑘫 𑘦𑘱𑘯𑘝𑘹.,149
data/synthetic/images/line_0149_v023.png,सतत प्रयत्न केल्याने यश मिळते.,𑘭𑘝𑘝 𑘢𑘿𑘨𑘧𑘝𑘿𑘡 𑘎𑘹𑘩𑘿𑘧𑘰𑘡𑘹 𑘧𑘫 𑘦𑘱𑘯𑘝𑘹.,149
data/synthetic/images/line_0149_v024.png,सतत प्रयत्न केल्याने यश मिळते.,𑘭𑘝𑘝 𑘢𑘿𑘨𑘧𑘝𑘿𑘡 𑘎𑘹𑘩𑘿𑘧𑘰𑘡𑘹 𑘧𑘫 𑘦𑘱𑘯𑘝𑘹.,149
data/synthetic/images/line_0149_v025.png,सतत प्रयत्न केल्याने यश मिळते.,𑘭𑘝𑘝 𑘢𑘿𑘨𑘧𑘝𑘿𑘡 𑘎𑘹𑘩𑘿𑘧𑘰𑘡𑘹 𑘧𑘫 𑘦𑘱𑘯𑘝𑘹.,149
data/synthetic/images/line_0149_v026.png,सतत प्रयत्न केल्याने यश मिळते.,𑘭𑘝𑘝 𑘢𑘿𑘨𑘧𑘝𑘿𑘡 𑘎𑘹𑘩𑘿𑘧𑘰𑘡𑘹 𑘧𑘫 𑘦𑘱𑘯𑘝𑘹.,149
data/synthetic/images/line_0149_v027.png,सतत प्रयत्न केल्याने यश मिळते.,𑘭𑘝𑘝 𑘢𑘿𑘨𑘧𑘝𑘿𑘡 𑘎𑘹𑘩𑘿𑘧𑘰𑘡𑘹 𑘧𑘫 𑘦𑘱𑘯𑘝𑘹.,149
data/synthetic/images/line_0149_v028.png,सतत प्रयत्न केल्याने यश मिळते.,𑘭𑘝𑘝 𑘢𑘿𑘨𑘧𑘝𑘿𑘡 𑘎𑘹𑘩𑘿𑘧𑘰𑘡𑘹 𑘧𑘫 𑘦𑘱𑘯𑘝𑘹.,149
data/synthetic/images/line_0149_v029.png,सतत प्रयत्न केल्याने यश मिळते.,𑘭𑘝𑘝 𑘢𑘿𑘨𑘧𑘝𑘿𑘡 𑘎𑘹𑘩𑘿𑘧𑘰𑘡𑘹 𑘧𑘫 𑘦𑘱𑘯𑘝𑘹.,149
data/synthetic/images/line_0149_v030.png,सतत प्रयत्न केल्याने यश मिळते.,𑘭𑘝𑘝 𑘢𑘿𑘨𑘧𑘝𑘿𑘡 𑘎𑘹𑘩𑘿𑘧𑘰𑘡𑘹 𑘧𑘫 𑘦𑘱𑘯𑘝𑘹.,149
data/synthetic/images/line_0149_v031.png,सतत प्रयत्न केल्याने यश मिळते.,𑘭𑘝𑘝 𑘢𑘿𑘨𑘧𑘝𑘿𑘡 𑘎𑘹𑘩𑘿𑘧𑘰𑘡𑘹 𑘧𑘫 𑘦𑘱𑘯𑘝𑘹.,149
data/synthetic/images/line_0149_v032.png,सतत प्रयत्न केल्याने यश मिळते.,𑘭𑘝𑘝 𑘢𑘿𑘨𑘧𑘝𑘿𑘡 𑘎𑘹𑘩𑘿𑘧𑘰𑘡𑘹 𑘧𑘫 𑘦𑘱𑘯𑘝𑘹.,149
data/synthetic/images/line_0149_v033.png,सतत प्रयत्न केल्याने यश मिळते.,𑘭𑘝𑘝 𑘢𑘿𑘨𑘧𑘝𑘿𑘡 𑘎𑘹𑘩𑘿𑘧𑘰𑘡𑘹 𑘧𑘫 𑘦𑘱𑘯𑘝𑘹.,149
data/synthetic/images/line_0149_v034.png,सतत प्रयत्न केल्याने यश मिळते.,𑘭𑘝𑘝 𑘢𑘿𑘨𑘧𑘝𑘿𑘡 𑘎𑘹𑘩𑘿𑘧𑘰𑘡𑘹 𑘧𑘫 𑘦𑘱𑘯𑘝𑘹.,149
data/synthetic/images/line_0149_v035.png,सतत प्रयत्न केल्याने यश मिळते.,𑘭𑘝𑘝 𑘢𑘿𑘨𑘧𑘝𑘿𑘡 𑘎𑘹𑘩𑘿𑘧𑘰𑘡𑘹 𑘧𑘫 𑘦𑘱𑘯𑘝𑘹.,149
data/synthetic/images/line_0149_v036.png,सतत प्रयत्न केल्याने यश मिळते.,𑘭𑘝𑘝 𑘢𑘿𑘨𑘧𑘝𑘿𑘡 𑘎𑘹𑘩𑘿𑘧𑘰𑘡𑘹 𑘧𑘫 𑘦𑘱𑘯𑘝𑘹.,149
data/synthetic/images/line_0149_v037.png,सतत प्रयत्न केल्याने यश मिळते.,𑘭𑘝𑘝 𑘢𑘿𑘨𑘧𑘝𑘿𑘡 𑘎𑘹𑘩𑘿𑘧𑘰𑘡𑘹 𑘧𑘫 𑘦𑘱𑘯𑘝𑘹.,149
data/synthetic/images/line_0149_v038.png,सतत प्रयत्न केल्याने यश मिळते.,𑘭𑘝𑘝 𑘢𑘿𑘨𑘧𑘝𑘿𑘡 𑘎𑘹𑘩𑘿𑘧𑘰𑘡𑘹 𑘧𑘫 𑘦𑘱𑘯𑘝𑘹.,149
data/synthetic/images/line_0149_v039.png,सतत प्रयत्न केल्याने यश मिळते.,𑘭𑘝𑘝 𑘢𑘿𑘨𑘧𑘝𑘿𑘡 𑘎𑘹𑘩𑘿𑘧𑘰𑘡𑘹 𑘧𑘫 𑘦𑘱𑘯𑘝𑘹.,149
data/synthetic/images/line_0150_v000.png,हार मानू नये.,𑘮𑘰𑘨 𑘦𑘰𑘡𑘴 𑘡𑘧𑘹.,150
data/synthetic/images/line_0150_v001.png,हार मानू नये.,𑘮𑘰𑘨 𑘦𑘰𑘡𑘴 𑘡𑘧𑘹.,150
data/synthetic/images/line_0150_v002.png,हार मानू नये.,𑘮𑘰𑘨 𑘦𑘰𑘡𑘴 𑘡𑘧𑘹.,150
data/synthetic/images/line_0150_v003.png,हार मानू नये.,𑘮𑘰𑘨 𑘦𑘰𑘡𑘴 𑘡𑘧𑘹.,150
data/synthetic/images/line_0150_v004.png,हार मानू नये.,𑘮𑘰𑘨 𑘦𑘰𑘡𑘴 𑘡𑘧𑘹.,150
data/synthetic/images/line_0150_v005.png,हार मानू नये.,𑘮𑘰𑘨 𑘦𑘰𑘡𑘴 𑘡𑘧𑘹.,150
data/synthetic/images/line_0150_v006.png,हार मानू नये.,𑘮𑘰𑘨 𑘦𑘰𑘡𑘴 𑘡𑘧𑘹.,150
data/synthetic/images/line_0150_v007.png,हार मानू नये.,𑘮𑘰𑘨 𑘦𑘰𑘡𑘴 𑘡𑘧𑘹.,150
data/synthetic/images/line_0150_v008.png,हार मानू नये.,𑘮𑘰𑘨 𑘦𑘰𑘡𑘴 𑘡𑘧𑘹.,150
data/synthetic/images/line_0150_v009.png,हार मानू नये.,𑘮𑘰𑘨 𑘦𑘰𑘡𑘴 𑘡𑘧𑘹.,150
data/synthetic/images/line_0150_v010.png,हार मानू नये.,𑘮𑘰𑘨 𑘦𑘰𑘡𑘴 𑘡𑘧𑘹.,150
data/synthetic/images/line_0150_v011.png,हार मानू नये.,𑘮𑘰𑘨 𑘦𑘰𑘡𑘴 𑘡𑘧𑘹.,150
data/synthetic/images/line_0150_v012.png,हार मानू नये.,𑘮𑘰𑘨 𑘦𑘰𑘡𑘴 𑘡𑘧𑘹.,150
data/synthetic/images/line_0150_v013.png,हार मानू नये.,𑘮𑘰𑘨 𑘦𑘰𑘡𑘴 𑘡𑘧𑘹.,150
data/synthetic/images/line_0150_v014.png,हार मानू नये.,𑘮𑘰𑘨 𑘦𑘰𑘡𑘴 𑘡𑘧𑘹.,150
data/synthetic/images/line_0150_v015.png,हार मानू नये.,𑘮𑘰𑘨 𑘦𑘰𑘡𑘴 𑘡𑘧𑘹.,150
data/synthetic/images/line_0150_v016.png,हार मानू नये.,𑘮𑘰𑘨 𑘦𑘰𑘡𑘴 𑘡𑘧𑘹.,150
data/synthetic/images/line_0150_v017.png,हार मानू नये.,𑘮𑘰𑘨 𑘦𑘰𑘡𑘴 𑘡𑘧𑘹.,150
data/synthetic/images/line_0150_v018.png,हार मानू नये.,𑘮𑘰𑘨 𑘦𑘰𑘡𑘴 𑘡𑘧𑘹.,150
data/synthetic/images/line_0150_v019.png,हार मानू नये.,𑘮𑘰𑘨 𑘦𑘰𑘡𑘴 𑘡𑘧𑘹.,150
data/synthetic/images/line_0150_v020.png,हार मानू नये.,𑘮𑘰𑘨 𑘦𑘰𑘡𑘴 𑘡𑘧𑘹.,150
data/synthetic/images/line_0150_v021.png,हार मानू नये.,𑘮𑘰𑘨 𑘦𑘰𑘡𑘴 𑘡𑘧𑘹.,150
data/synthetic/images/line_0150_v022.png,हार मानू नये.,𑘮𑘰𑘨 𑘦𑘰𑘡𑘴 𑘡𑘧𑘹.,150
data/synthetic/images/line_0150_v023.png,हार मानू नये.,𑘮𑘰𑘨 𑘦𑘰𑘡𑘴 𑘡𑘧𑘹.,150
data/synthetic/images/line_0150_v024.png,हार मानू नये.,𑘮𑘰𑘨 𑘦𑘰𑘡𑘴 𑘡𑘧𑘹.,150
data/synthetic/images/line_0150_v025.png,हार मानू नये.,𑘮𑘰𑘨 𑘦𑘰𑘡𑘴 𑘡𑘧𑘹.,150
data/synthetic/images/line_0150_v026.png,हार मानू नये.,𑘮𑘰𑘨 𑘦𑘰𑘡𑘴 𑘡𑘧𑘹.,150
data/synthetic/images/line_0150_v027.png,हार मानू नये.,𑘮𑘰𑘨 𑘦𑘰𑘡𑘴 𑘡𑘧𑘹.,150
data/synthetic/images/line_0150_v028.png,हार मानू नये.,𑘮𑘰𑘨 𑘦𑘰𑘡𑘴 𑘡𑘧𑘹.,150
data/synthetic/images/line_0150_v029.png,हार मानू नये.,𑘮𑘰𑘨 𑘦𑘰𑘡𑘴 𑘡𑘧𑘹.,150
data/synthetic/images/line_0150_v030.png,हार मानू नये.,𑘮𑘰𑘨 𑘦𑘰𑘡𑘴 𑘡𑘧𑘹.,150
data/synthetic/images/line_0150_v031.png,हार मानू नये.,𑘮𑘰𑘨 𑘦𑘰𑘡𑘴 𑘡𑘧𑘹.,150
data/synthetic/images/line_0150_v032.png,हार मानू नये.,𑘮𑘰𑘨 𑘦𑘰𑘡𑘴 𑘡𑘧𑘹.,150
data/synthetic/images/line_0150_v033.png,हार मानू नये.,𑘮𑘰𑘨 𑘦𑘰𑘡𑘴 𑘡𑘧𑘹.,150
data/synthetic/images/line_0150_v034.png,हार मानू नये.,𑘮𑘰𑘨 𑘦𑘰𑘡𑘴 𑘡𑘧𑘹.,150
data/synthetic/images/line_0150_v035.png,हार मानू नये.,𑘮𑘰𑘨 𑘦𑘰𑘡𑘴 𑘡𑘧𑘹.,150
data/synthetic/images/line_0150_v036.png,हार मानू नये.,𑘮𑘰𑘨 𑘦𑘰𑘡𑘴 𑘡𑘧𑘹.,150
data/synthetic/images/line_0150_v037.png,हार मानू नये.,𑘮𑘰𑘨 𑘦𑘰𑘡𑘴 𑘡𑘧𑘹.,150
data/synthetic/images/line_0150_v038.png,हार मानू नये.,𑘮𑘰𑘨 𑘦𑘰𑘡𑘴 𑘡𑘧𑘹.,150
data/synthetic/images/line_0150_v039.png,हार मानू नये.,𑘮𑘰𑘨 𑘦𑘰𑘡𑘴 𑘡𑘧𑘹.,150
data/synthetic/images/line_0151_v000.png,आत्मपरीक्षण करणे आवश्यक आहे.,𑘁𑘝𑘿𑘦𑘢𑘨𑘲𑘎𑘿𑘬𑘜 𑘎𑘨𑘜𑘹 𑘁𑘪𑘫𑘿𑘧𑘎 𑘁𑘮𑘹.,151
data/synthetic/images/line_0151_v001.png,आत्मपरीक्षण करणे आवश्यक आहे.,𑘁𑘝𑘿𑘦𑘢𑘨𑘲𑘎𑘿𑘬𑘜 𑘎𑘨𑘜𑘹 𑘁𑘪𑘫𑘿𑘧𑘎 𑘁𑘮𑘹.,151
data/synthetic/images/line_0151_v002.png,आत्मपरीक्षण करणे आवश्यक आहे.,𑘁𑘝𑘿𑘦𑘢𑘨𑘲𑘎𑘿𑘬𑘜 𑘎𑘨𑘜𑘹 𑘁𑘪𑘫𑘿𑘧𑘎 𑘁𑘮𑘹.,151
data/synthetic/images/line_0151_v003.png,आत्मपरीक्षण करणे आवश्यक आहे.,𑘁𑘝𑘿𑘦𑘢𑘨𑘲𑘎𑘿𑘬𑘜 𑘎𑘨𑘜𑘹 𑘁𑘪𑘫𑘿𑘧𑘎 𑘁𑘮𑘹.,151
data/synthetic/images/line_0151_v004.png,आत्मपरीक्षण करणे आवश्यक आहे.,𑘁𑘝𑘿𑘦𑘢𑘨𑘲𑘎𑘿𑘬𑘜 𑘎𑘨𑘜𑘹 𑘁𑘪𑘫𑘿𑘧𑘎 𑘁𑘮𑘹.,151
data/synthetic/images/line_0151_v005.png,आत्मपरीक्षण करणे आवश्यक आहे.,𑘁𑘝𑘿𑘦𑘢𑘨𑘲𑘎𑘿𑘬𑘜 𑘎𑘨𑘜𑘹 𑘁𑘪𑘫𑘿𑘧𑘎 𑘁𑘮𑘹.,151
data/synthetic/images/line_0151_v006.png,आत्मपरीक्षण करणे आवश्यक आहे.,𑘁𑘝𑘿𑘦𑘢𑘨𑘲𑘎𑘿𑘬𑘜 𑘎𑘨𑘜𑘹 𑘁𑘪𑘫𑘿𑘧𑘎 𑘁𑘮𑘹.,151
data/synthetic/images/line_0151_v007.png,आत्मपरीक्षण करणे आवश्यक आहे.,𑘁𑘝𑘿𑘦𑘢𑘨𑘲𑘎𑘿𑘬𑘜 𑘎𑘨𑘜𑘹 𑘁𑘪𑘫𑘿𑘧𑘎 𑘁𑘮𑘹.,151
data/synthetic/images/line_0151_v008.png,आत्मपरीक्षण करणे आवश्यक आहे.,𑘁𑘝𑘿𑘦𑘢𑘨𑘲𑘎𑘿𑘬𑘜 𑘎𑘨𑘜𑘹 𑘁𑘪𑘫𑘿𑘧𑘎 𑘁𑘮𑘹.,151
data/synthetic/images/line_0151_v009.png,आत्मपरीक्षण करणे आवश्यक आहे.,𑘁𑘝𑘿𑘦𑘢𑘨𑘲𑘎𑘿𑘬𑘜 𑘎𑘨𑘜𑘹 𑘁𑘪𑘫𑘿𑘧𑘎 𑘁𑘮𑘹.,151
data/synthetic/images/line_0151_v010.png,आत्मपरीक्षण करणे आवश्यक आहे.,𑘁𑘝𑘿𑘦𑘢𑘨𑘲𑘎𑘿𑘬𑘜 𑘎𑘨𑘜𑘹 𑘁𑘪𑘫𑘿𑘧𑘎 𑘁𑘮𑘹.,151
data/synthetic/images/line_0151_v011.png,आत्मपरीक्षण करणे आवश्यक आहे.,𑘁𑘝𑘿𑘦𑘢𑘨𑘲𑘎𑘿𑘬𑘜 𑘎𑘨𑘜𑘹 𑘁𑘪𑘫𑘿𑘧𑘎 𑘁𑘮𑘹.,151
data/synthetic/images/line_0151_v012.png,आत्मपरीक्षण करणे आवश्यक आहे.,𑘁𑘝𑘿𑘦𑘢𑘨𑘲𑘎𑘿𑘬𑘜 𑘎𑘨𑘜𑘹 𑘁𑘪𑘫𑘿𑘧𑘎 𑘁𑘮𑘹.,151
data/synthetic/images/line_0151_v013.png,आत्मपरीक्षण करणे आवश्यक आहे.,𑘁𑘝𑘿𑘦𑘢𑘨𑘲𑘎𑘿𑘬𑘜 𑘎𑘨𑘜𑘹 𑘁𑘪𑘫𑘿𑘧𑘎 𑘁𑘮𑘹.,151
data/synthetic/images/line_0151_v014.png,आत्मपरीक्षण करणे आवश्यक आहे.,𑘁𑘝𑘿𑘦𑘢𑘨𑘲𑘎𑘿𑘬𑘜 𑘎𑘨𑘜𑘹 𑘁𑘪𑘫𑘿𑘧𑘎 𑘁𑘮𑘹.,151
data/synthetic/images/line_0151_v015.png,आत्मपरीक्षण करणे आवश्यक आहे.,𑘁𑘝𑘿𑘦𑘢𑘨𑘲𑘎𑘿𑘬𑘜 𑘎𑘨𑘜𑘹 𑘁𑘪𑘫𑘿𑘧𑘎 𑘁𑘮𑘹.,151
data/synthetic/images/line_0151_v016.png,आत्मपरीक्षण करणे आवश्यक आहे.,𑘁𑘝𑘿𑘦𑘢𑘨𑘲𑘎𑘿𑘬𑘜 𑘎𑘨𑘜𑘹 𑘁𑘪𑘫𑘿𑘧𑘎 𑘁𑘮𑘹.,151
data/synthetic/images/line_0151_v017.png,आत्मपरीक्षण करणे आवश्यक आहे.,𑘁𑘝𑘿𑘦𑘢𑘨𑘲𑘎𑘿𑘬𑘜 𑘎𑘨𑘜𑘹 𑘁𑘪𑘫𑘿𑘧𑘎 𑘁𑘮𑘹.,151
data/synthetic/images/line_0151_v018.png,आत्मपरीक्षण करणे आवश्यक आहे.,𑘁𑘝𑘿𑘦𑘢𑘨𑘲𑘎𑘿𑘬𑘜 𑘎𑘨𑘜𑘹 𑘁𑘪𑘫𑘿𑘧𑘎 𑘁𑘮𑘹.,151
data/synthetic/images/line_0151_v019.png,आत्मपरीक्षण करणे आवश्यक आहे.,𑘁𑘝𑘿𑘦𑘢𑘨𑘲𑘎𑘿𑘬𑘜 𑘎𑘨𑘜𑘹 𑘁𑘪𑘫𑘿𑘧𑘎 𑘁𑘮𑘹.,151
data/synthetic/images/line_0151_v020.png,आत्मपरीक्षण करणे आवश्यक आहे.,𑘁𑘝𑘿𑘦𑘢𑘨𑘲𑘎𑘿𑘬𑘜 𑘎𑘨𑘜𑘹 𑘁𑘪𑘫𑘿𑘧𑘎 𑘁𑘮𑘹.,151
data/synthetic/images/line_0151_v021.png,आत्मपरीक्षण करणे आवश्यक आहे.,𑘁𑘝𑘿𑘦𑘢𑘨𑘲𑘎𑘿𑘬𑘜 𑘎𑘨𑘜𑘹 𑘁𑘪𑘫𑘿𑘧𑘎 𑘁𑘮𑘹.,151
data/synthetic/images/line_0151_v022.png,आत्मपरीक्षण करणे आवश्यक आहे.,𑘁𑘝𑘿𑘦𑘢𑘨𑘲𑘎𑘿𑘬𑘜 𑘎𑘨𑘜𑘹 𑘁𑘪𑘫𑘿𑘧𑘎 𑘁𑘮𑘹.,151
data/synthetic/images/line_0151_v023.png,आत्मपरीक्षण करणे आवश्यक आहे.,𑘁𑘝𑘿𑘦𑘢𑘨𑘲𑘎𑘿𑘬𑘜 𑘎𑘨𑘜𑘹 𑘁𑘪𑘫𑘿𑘧𑘎 𑘁𑘮𑘹.,151
data/synthetic/images/line_0151_v024.png,आत्मपरीक्षण करणे आवश्यक आहे.,𑘁𑘝𑘿𑘦𑘢𑘨𑘲𑘎𑘿𑘬𑘜 𑘎𑘨𑘜𑘹 𑘁𑘪𑘫𑘿𑘧𑘎 𑘁𑘮𑘹.,151
data/synthetic/images/line_0151_v025.png,आत्मपरीक्षण करणे आवश्यक आहे.,𑘁𑘝𑘿𑘦𑘢𑘨𑘲𑘎𑘿𑘬𑘜 𑘎𑘨𑘜𑘹 𑘁𑘪𑘫𑘿𑘧𑘎 𑘁𑘮𑘹.,151
data/synthetic/images/line_0151_v026.png,आत्मपरीक्षण करणे आवश्यक आहे.,𑘁𑘝𑘿𑘦𑘢𑘨𑘲𑘎𑘿𑘬𑘜 𑘎𑘨𑘜𑘹 𑘁𑘪𑘫𑘿𑘧𑘎 𑘁𑘮𑘹.,151
data/synthetic/images/line_0151_v027.png,आत्मपरीक्षण करणे आवश्यक आहे.,𑘁𑘝𑘿𑘦𑘢𑘨𑘲𑘎𑘿𑘬𑘜 𑘎𑘨𑘜𑘹 𑘁𑘪𑘫𑘿𑘧𑘎 𑘁𑘮𑘹.,151
data/synthetic/images/line_0151_v028.png,आत्मपरीक्षण करणे आवश्यक आहे.,𑘁𑘝𑘿𑘦𑘢𑘨𑘲𑘎𑘿𑘬𑘜 𑘎𑘨𑘜𑘹 𑘁𑘪𑘫𑘿𑘧𑘎 𑘁𑘮𑘹.,151
data/synthetic/images/line_0151_v029.png,आत्मपरीक्षण करणे आवश्यक आहे.,𑘁𑘝𑘿𑘦𑘢𑘨𑘲𑘎𑘿𑘬𑘜 𑘎𑘨𑘜𑘹 𑘁𑘪𑘫𑘿𑘧𑘎 𑘁𑘮𑘹.,151
data/synthetic/images/line_0151_v030.png,आत्मपरीक्षण करणे आवश्यक आहे.,𑘁𑘝𑘿𑘦𑘢𑘨𑘲𑘎𑘿𑘬𑘜 𑘎𑘨𑘜𑘹 𑘁𑘪𑘫𑘿𑘧𑘎 𑘁𑘮𑘹.,151
data/synthetic/images/line_0151_v031.png,आत्मपरीक्षण करणे आवश्यक आहे.,𑘁𑘝𑘿𑘦𑘢𑘨𑘲𑘎𑘿𑘬𑘜 𑘎𑘨𑘜𑘹 𑘁𑘪𑘫𑘿𑘧𑘎 𑘁𑘮𑘹.,151
data/synthetic/images/line_0151_v032.png,आत्मपरीक्षण करणे आवश्यक आहे.,𑘁𑘝𑘿𑘦𑘢𑘨𑘲𑘎𑘿𑘬𑘜 𑘎𑘨𑘜𑘹 𑘁𑘪𑘫𑘿𑘧𑘎 𑘁𑘮𑘹.,151
data/synthetic/images/line_0151_v033.png,आत्मपरीक्षण करणे आवश्यक आहे.,𑘁𑘝𑘿𑘦𑘢𑘨𑘲𑘎𑘿𑘬𑘜 𑘎𑘨𑘜𑘹 𑘁𑘪𑘫𑘿𑘧𑘎 𑘁𑘮𑘹.,151
data/synthetic/images/line_0151_v034.png,आत्मपरीक्षण करणे आवश्यक आहे.,𑘁𑘝𑘿𑘦𑘢𑘨𑘲𑘎𑘿𑘬𑘜 𑘎𑘨𑘜𑘹 𑘁𑘪𑘫𑘿𑘧𑘎 𑘁𑘮𑘹.,151
data/synthetic/images/line_0151_v035.png,आत्मपरीक्षण करणे आवश्यक आहे.,𑘁𑘝𑘿𑘦𑘢𑘨𑘲𑘎𑘿𑘬𑘜 𑘎𑘨𑘜𑘹 𑘁𑘪𑘫𑘿𑘧𑘎 𑘁𑘮𑘹.,151
data/synthetic/images/line_0151_v036.png,आत्मपरीक्षण करणे आवश्यक आहे.,𑘁𑘝𑘿𑘦𑘢𑘨𑘲𑘎𑘿𑘬𑘜 𑘎𑘨𑘜𑘹 𑘁𑘪𑘫𑘿𑘧𑘎 𑘁𑘮𑘹.,151
data/synthetic/images/line_0151_v037.png,आत्मपरीक्षण करणे आवश्यक आहे.,𑘁𑘝𑘿𑘦𑘢𑘨𑘲𑘎𑘿𑘬𑘜 𑘎𑘨𑘜𑘹 𑘁𑘪𑘫𑘿𑘧𑘎 𑘁𑘮𑘹.,151
data/synthetic/images/line_0151_v038.png,आत्मपरीक्षण करणे आवश्यक आहे.,𑘁𑘝𑘿𑘦𑘢𑘨𑘲𑘎𑘿𑘬𑘜 𑘎𑘨𑘜𑘹 𑘁𑘪𑘫𑘿𑘧𑘎 𑘁𑘮𑘹.,151
data/synthetic/images/line_0151_v039.png,आत्मपरीक्षण करणे आवश्यक आहे.,𑘁𑘝𑘿𑘦𑘢𑘨𑘲𑘎𑘿𑘬𑘜 𑘎𑘨𑘜𑘹 𑘁𑘪𑘫𑘿𑘧𑘎 𑘁𑘮𑘹.,151
data/synthetic/images/line_0152_v000.png,नवीन गोष्टी शिकत राहावे.,𑘡𑘪𑘲𑘡 𑘐𑘻𑘬𑘿𑘘𑘲 𑘫𑘱𑘎𑘝 𑘨𑘰𑘮𑘰𑘪𑘹.,152
data/synthetic/images/line_0152_v001.png,नवीन गोष्टी शिकत राहावे.,𑘡𑘪𑘲𑘡 𑘐𑘻𑘬𑘿𑘘𑘲 𑘫𑘱𑘎𑘝 𑘨𑘰𑘮𑘰𑘪𑘹.,152
data/synthetic/images/line_0152_v002.png,नवीन गोष्टी शिकत राहावे.,𑘡𑘪𑘲𑘡 𑘐𑘻𑘬𑘿𑘘𑘲 𑘫𑘱𑘎𑘝 𑘨𑘰𑘮𑘰𑘪𑘹.,152
data/synthetic/images/line_0152_v003.png,नवीन गोष्टी शिकत राहावे.,𑘡𑘪𑘲𑘡 𑘐𑘻𑘬𑘿𑘘𑘲 𑘫𑘱𑘎𑘝 𑘨𑘰𑘮𑘰𑘪𑘹.,152
data/synthetic/images/line_0152_v004.png,नवीन गोष्टी शिकत राहावे.,𑘡𑘪𑘲𑘡 𑘐𑘻𑘬𑘿𑘘𑘲 𑘫𑘱𑘎𑘝 𑘨𑘰𑘮𑘰𑘪𑘹.,152
data/synthetic/images/line_0152_v005.png,नवीन गोष्टी शिकत राहावे.,𑘡𑘪𑘲𑘡 𑘐𑘻𑘬𑘿𑘘𑘲 𑘫𑘱𑘎𑘝 𑘨𑘰𑘮𑘰𑘪𑘹.,152
data/synthetic/images/line_0152_v006.png,नवीन गोष्टी शिकत राहावे.,𑘡𑘪𑘲𑘡 𑘐𑘻𑘬𑘿𑘘𑘲 𑘫𑘱𑘎𑘝 𑘨𑘰𑘮𑘰𑘪𑘹.,152
data/synthetic/images/line_0152_v007.png,नवीन गोष्टी शिकत राहावे.,𑘡𑘪𑘲𑘡 𑘐𑘻𑘬𑘿𑘘𑘲 𑘫𑘱𑘎𑘝 𑘨𑘰𑘮𑘰𑘪𑘹.,152
data/synthetic/images/line_0152_v008.png,नवीन गोष्टी शिकत राहावे.,𑘡𑘪𑘲𑘡 𑘐𑘻𑘬𑘿𑘘𑘲 𑘫𑘱𑘎𑘝 𑘨𑘰𑘮𑘰𑘪𑘹.,152
data/synthetic/images/line_0152_v009.png,नवीन गोष्टी शिकत राहावे.,𑘡𑘪𑘲𑘡 𑘐𑘻𑘬𑘿𑘘𑘲 𑘫𑘱𑘎𑘝 𑘨𑘰𑘮𑘰𑘪𑘹.,152
data/synthetic/images/line_0152_v010.png,नवीन गोष्टी शिकत राहावे.,𑘡𑘪𑘲𑘡 𑘐𑘻𑘬𑘿𑘘𑘲 𑘫𑘱𑘎𑘝 𑘨𑘰𑘮𑘰𑘪𑘹.,152
data/synthetic/images/line_0152_v011.png,नवीन गोष्टी शिकत राहावे.,𑘡𑘪𑘲𑘡 𑘐𑘻𑘬𑘿𑘘𑘲 𑘫𑘱𑘎𑘝 𑘨𑘰𑘮𑘰𑘪𑘹.,152
data/synthetic/images/line_0152_v012.png,नवीन गोष्टी शिकत राहावे.,𑘡𑘪𑘲𑘡 𑘐𑘻𑘬𑘿𑘘𑘲 𑘫𑘱𑘎𑘝 𑘨𑘰𑘮𑘰𑘪𑘹.,152
data/synthetic/images/line_0152_v013.png,नवीन गोष्टी शिकत राहावे.,𑘡𑘪𑘲𑘡 𑘐𑘻𑘬𑘿𑘘𑘲 𑘫𑘱𑘎𑘝 𑘨𑘰𑘮𑘰𑘪𑘹.,152
data/synthetic/images/line_0152_v014.png,नवीन गोष्टी शिकत राहावे.,𑘡𑘪𑘲𑘡 𑘐𑘻𑘬𑘿𑘘𑘲 𑘫𑘱𑘎𑘝 𑘨𑘰𑘮𑘰𑘪𑘹.,152
data/synthetic/images/line_0152_v015.png,नवीन गोष्टी शिकत राहावे.,𑘡𑘪𑘲𑘡 𑘐𑘻𑘬𑘿𑘘𑘲 𑘫𑘱𑘎𑘝 𑘨𑘰𑘮𑘰𑘪𑘹.,152
data/synthetic/images/line_0152_v016.png,नवीन गोष्टी शिकत राहावे.,𑘡𑘪𑘲𑘡 𑘐𑘻𑘬𑘿𑘘𑘲 𑘫𑘱𑘎𑘝 𑘨𑘰𑘮𑘰𑘪𑘹.,152
data/synthetic/images/line_0152_v017.png,नवीन गोष्टी शिकत राहावे.,𑘡𑘪𑘲𑘡 𑘐𑘻𑘬𑘿𑘘𑘲 𑘫𑘱𑘎𑘝 𑘨𑘰𑘮𑘰𑘪𑘹.,152
data/synthetic/images/line_0152_v018.png,नवीन गोष्टी शिकत राहावे.,𑘡𑘪𑘲𑘡 𑘐𑘻𑘬𑘿𑘘𑘲 𑘫𑘱𑘎𑘝 𑘨𑘰𑘮𑘰𑘪𑘹.,152
data/synthetic/images/line_0152_v019.png,नवीन गोष्टी शिकत राहावे.,𑘡𑘪𑘲𑘡 𑘐𑘻𑘬𑘿𑘘𑘲 𑘫𑘱𑘎𑘝 𑘨𑘰𑘮𑘰𑘪𑘹.,152
data/synthetic/images/line_0152_v020.png,नवीन गोष्टी शिकत राहावे.,𑘡𑘪𑘲𑘡 𑘐𑘻𑘬𑘿𑘘𑘲 𑘫𑘱𑘎𑘝 𑘨𑘰𑘮𑘰𑘪𑘹.,152
data/synthetic/images/line_0152_v021.png,नवीन गोष्टी शिकत राहावे.,𑘡𑘪𑘲𑘡 𑘐𑘻𑘬𑘿𑘘𑘲 𑘫𑘱𑘎𑘝 𑘨𑘰𑘮𑘰𑘪𑘹.,152
data/synthetic/images/line_0152_v022.png,नवीन गोष्टी शिकत राहावे.,𑘡𑘪𑘲𑘡 𑘐𑘻𑘬𑘿𑘘𑘲 𑘫𑘱𑘎𑘝 𑘨𑘰𑘮𑘰𑘪𑘹.,152
data/synthetic/images/line_0152_v023.png,नवीन गोष्टी शिकत राहावे.,𑘡𑘪𑘲𑘡 𑘐𑘻𑘬𑘿𑘘𑘲 𑘫𑘱𑘎𑘝 𑘨𑘰𑘮𑘰𑘪𑘹.,152
data/synthetic/images/line_0152_v024.png,नवीन गोष्टी शिकत राहावे.,𑘡𑘪𑘲𑘡 𑘐𑘻𑘬𑘿𑘘𑘲 𑘫𑘱𑘎𑘝 𑘨𑘰𑘮𑘰𑘪𑘹.,152
data/synthetic/images/line_0152_v025.png,नवीन गोष्टी शिकत राहावे.,𑘡𑘪𑘲𑘡 𑘐𑘻𑘬𑘿𑘘𑘲 𑘫𑘱𑘎𑘝 𑘨𑘰𑘮𑘰𑘪𑘹.,152
data/synthetic/images/line_0152_v026.png,नवीन गोष्टी शिकत राहावे.,𑘡𑘪𑘲𑘡 𑘐𑘻𑘬𑘿𑘘𑘲 𑘫𑘱𑘎𑘝 𑘨𑘰𑘮𑘰𑘪𑘹.,152
data/synthetic/images/line_0152_v027.png,नवीन गोष्टी शिकत राहावे.,𑘡𑘪𑘲𑘡 𑘐𑘻𑘬𑘿𑘘𑘲 𑘫𑘱𑘎𑘝 𑘨𑘰𑘮𑘰𑘪𑘹.,152
data/synthetic/images/line_0152_v028.png,नवीन गोष्टी शिकत राहावे.,𑘡𑘪𑘲𑘡 𑘐𑘻𑘬𑘿𑘘𑘲 𑘫𑘱𑘎𑘝 𑘨𑘰𑘮𑘰𑘪𑘹.,152
data/synthetic/images/line_0152_v029.png,नवीन गोष्टी शिकत राहावे.,𑘡𑘪𑘲𑘡 𑘐𑘻𑘬𑘿𑘘𑘲 𑘫𑘱𑘎𑘝 𑘨𑘰𑘮𑘰𑘪𑘹.,152
data/synthetic/images/line_0152_v030.png,नवीन गोष्टी शिकत राहावे.,𑘡𑘪𑘲𑘡 𑘐𑘻𑘬𑘿𑘘𑘲 𑘫𑘱𑘎𑘝 𑘨𑘰𑘮𑘰𑘪𑘹.,152
data/synthetic/images/line_0152_v031.png,नवीन गोष्टी शिकत राहावे.,𑘡𑘪𑘲𑘡 𑘐𑘻𑘬𑘿𑘘𑘲 𑘫𑘱𑘎𑘝 𑘨𑘰𑘮𑘰𑘪𑘹.,152
data/synthetic/images/line_0152_v032.png,नवीन गोष्टी शिकत राहावे.,𑘡𑘪𑘲𑘡 𑘐𑘻𑘬𑘿𑘘𑘲 𑘫𑘱𑘎𑘝 𑘨𑘰𑘮𑘰𑘪𑘹.,152
data/synthetic/images/line_0152_v033.png,नवीन गोष्टी शिकत राहावे.,𑘡𑘪𑘲𑘡 𑘐𑘻𑘬𑘿𑘘𑘲 𑘫𑘱𑘎𑘝 𑘨𑘰𑘮𑘰𑘪𑘹.,152
data/synthetic/images/line_0152_v034.png,नवीन गोष्टी शिकत राहावे.,𑘡𑘪𑘲𑘡 𑘐𑘻𑘬𑘿𑘘𑘲 𑘫𑘱𑘎𑘝 𑘨𑘰𑘮𑘰𑘪𑘹.,152
data/synthetic/images/line_0152_v035.png,नवीन गोष्टी शिकत राहावे.,𑘡𑘪𑘲𑘡 𑘐𑘻𑘬𑘿𑘘𑘲 𑘫𑘱𑘎𑘝 𑘨𑘰𑘮𑘰𑘪𑘹.,152
data/synthetic/images/line_0152_v036.png,नवीन गोष्टी शिकत राहावे.,𑘡𑘪𑘲𑘡 𑘐𑘻𑘬𑘿𑘘𑘲 𑘫𑘱𑘎𑘝 𑘨𑘰𑘮𑘰𑘪𑘹.,152
data/synthetic/images/line_0152_v037.png,नवीन गोष्टी शिकत राहावे.,𑘡𑘪𑘲𑘡 𑘐𑘻𑘬𑘿𑘘𑘲 𑘫𑘱𑘎𑘝 𑘨𑘰𑘮𑘰𑘪𑘹.,152
data/synthetic/images/line_0152_v038.png,नवीन गोष्टी शिकत राहावे.,𑘡𑘪𑘲𑘡 𑘐𑘻𑘬𑘿𑘘𑘲 𑘫𑘱𑘎𑘝 𑘨𑘰𑘮𑘰𑘪𑘹.,152
data/synthetic/images/line_0152_v039.png,नवीन गोष्टी शिकत राहावे.,𑘡𑘪𑘲𑘡 𑘐𑘻𑘬𑘿𑘘𑘲 𑘫𑘱𑘎𑘝 𑘨𑘰𑘮𑘰𑘪𑘹.,152
data/synthetic/images/line_0153_v000.png,काळाबरोबर बदलणे गरजेचे आहे.,𑘎𑘰𑘯𑘰𑘤𑘨𑘻𑘤𑘨 𑘤𑘟𑘩𑘜𑘹 𑘐𑘨𑘕𑘹𑘓𑘹 𑘁𑘮𑘹.,153
data/synthetic/images/line_0153_v001.png,काळाबरोबर बदलणे गरजेचे आहे.,𑘎𑘰𑘯𑘰𑘤𑘨𑘻𑘤𑘨 𑘤𑘟𑘩𑘜𑘹 𑘐𑘨𑘕𑘹𑘓𑘹 𑘁𑘮𑘹.,153
data/synthetic/images/line_0153_v002.png,काळाबरोबर बदलणे गरजेचे आहे.,𑘎𑘰𑘯𑘰𑘤𑘨𑘻𑘤𑘨 𑘤𑘟𑘩𑘜𑘹 𑘐𑘨𑘕𑘹𑘓𑘹 𑘁𑘮𑘹.,153
data/synthetic/images/line_0153_v003.png,काळाबरोबर बदलणे गरजेचे आहे.,𑘎𑘰𑘯𑘰𑘤𑘨𑘻𑘤𑘨 𑘤𑘟𑘩𑘜𑘹 𑘐𑘨𑘕𑘹𑘓𑘹 𑘁𑘮𑘹.,153
data/synthetic/images/line_0153_v004.png,काळाबरोबर बदलणे गरजेचे आहे.,𑘎𑘰𑘯𑘰𑘤𑘨𑘻𑘤𑘨 𑘤𑘟𑘩𑘜𑘹 𑘐𑘨𑘕𑘹𑘓𑘹 𑘁𑘮𑘹.,153
data/synthetic/images/line_0153_v005.png,काळाबरोबर बदलणे गरजेचे आहे.,𑘎𑘰𑘯𑘰𑘤𑘨𑘻𑘤𑘨 𑘤𑘟𑘩𑘜𑘹 𑘐𑘨𑘕𑘹𑘓𑘹 𑘁𑘮𑘹.,153
data/synthetic/images/line_0153_v006.png,काळाबरोबर बदलणे गरजेचे आहे.,𑘎𑘰𑘯𑘰𑘤𑘨𑘻𑘤𑘨 𑘤𑘟𑘩𑘜𑘹 𑘐𑘨𑘕𑘹𑘓𑘹 𑘁𑘮𑘹.,153
data/synthetic/images/line_0153_v007.png,काळाबरोबर बदलणे गरजेचे आहे.,𑘎𑘰𑘯𑘰𑘤𑘨𑘻𑘤𑘨 𑘤𑘟𑘩𑘜𑘹 𑘐𑘨𑘕𑘹𑘓𑘹 𑘁𑘮𑘹.,153
data/synthetic/images/line_0153_v008.png,काळाबरोबर बदलणे गरजेचे आहे.,𑘎𑘰𑘯𑘰𑘤𑘨𑘻𑘤𑘨 𑘤𑘟𑘩𑘜𑘹 𑘐𑘨𑘕𑘹𑘓𑘹 𑘁𑘮𑘹.,153
data/synthetic/images/line_0153_v009.png,काळाबरोबर बदलणे गरजेचे आहे.,𑘎𑘰𑘯𑘰𑘤𑘨𑘻𑘤𑘨 𑘤𑘟𑘩𑘜𑘹 𑘐𑘨𑘕𑘹𑘓𑘹 𑘁𑘮𑘹.,153
data/synthetic/images/line_0153_v010.png,काळाबरोबर बदलणे गरजेचे आहे.,𑘎𑘰𑘯𑘰𑘤𑘨𑘻𑘤𑘨 𑘤𑘟𑘩𑘜𑘹 𑘐𑘨𑘕𑘹𑘓𑘹 𑘁𑘮𑘹.,153
data/synthetic/images/line_0153_v011.png,काळाबरोबर बदलणे गरजेचे आहे.,𑘎𑘰𑘯𑘰𑘤𑘨𑘻𑘤𑘨 𑘤𑘟𑘩𑘜𑘹 𑘐𑘨𑘕𑘹𑘓𑘹 𑘁𑘮𑘹.,153
data/synthetic/images/line_0153_v012.png,काळाबरोबर बदलणे गरजेचे आहे.,𑘎𑘰𑘯𑘰𑘤𑘨𑘻𑘤𑘨 𑘤𑘟𑘩𑘜𑘹 𑘐𑘨𑘕𑘹𑘓𑘹 𑘁𑘮𑘹.,153
data/synthetic/images/line_0153_v013.png,काळाबरोबर बदलणे गरजेचे आहे.,𑘎𑘰𑘯𑘰𑘤𑘨𑘻𑘤𑘨 𑘤𑘟𑘩𑘜𑘹 𑘐𑘨𑘕𑘹𑘓𑘹 𑘁𑘮𑘹.,153
data/synthetic/images/line_0153_v014.png,काळाबरोबर बदलणे गरजेचे आहे.,𑘎𑘰𑘯𑘰𑘤𑘨𑘻𑘤𑘨 𑘤𑘟𑘩𑘜𑘹 𑘐𑘨𑘕𑘹𑘓𑘹 𑘁𑘮𑘹.,153
data/synthetic/images/line_0153_v015.png,काळाबरोबर बदलणे गरजेचे आहे.,𑘎𑘰𑘯𑘰𑘤𑘨𑘻𑘤𑘨 𑘤𑘟𑘩𑘜𑘹 𑘐𑘨𑘕𑘹𑘓𑘹 𑘁𑘮𑘹.,153
data/synthetic/images/line_0153_v016.png,काळाबरोबर बदलणे गरजेचे आहे.,𑘎𑘰𑘯𑘰𑘤𑘨𑘻𑘤𑘨 𑘤𑘟𑘩𑘜𑘹 𑘐𑘨𑘕𑘹𑘓𑘹 𑘁𑘮𑘹.,153
data/synthetic/images/line_0153_v017.png,काळाबरोबर बदलणे गरजेचे आहे.,𑘎𑘰𑘯𑘰𑘤𑘨𑘻𑘤𑘨 𑘤𑘟𑘩𑘜𑘹 𑘐𑘨𑘕𑘹𑘓𑘹 𑘁𑘮𑘹.,153
data/synthetic/images/line_0153_v018.png,काळाबरोबर बदलणे गरजेचे आहे.,𑘎𑘰𑘯𑘰𑘤𑘨𑘻𑘤𑘨 𑘤𑘟𑘩𑘜𑘹 𑘐𑘨𑘕𑘹𑘓𑘹 𑘁𑘮𑘹.,153
data/synthetic/images/line_0153_v019.png,काळाबरोबर बदलणे गरजेचे आहे.,𑘎𑘰𑘯𑘰𑘤𑘨𑘻𑘤𑘨 𑘤𑘟𑘩𑘜𑘹 𑘐𑘨𑘕𑘹𑘓𑘹 𑘁𑘮𑘹.,153
data/synthetic/images/line_0153_v020.png,काळाबरोबर बदलणे गरजेचे आहे.,𑘎𑘰𑘯𑘰𑘤𑘨𑘻𑘤𑘨 𑘤𑘟𑘩𑘜𑘹 𑘐𑘨𑘕𑘹𑘓𑘹 𑘁𑘮𑘹.,153
data/synthetic/images/line_0153_v021.png,काळाबरोबर बदलणे गरजेचे आहे.,𑘎𑘰𑘯𑘰𑘤𑘨𑘻𑘤𑘨 𑘤𑘟𑘩𑘜𑘹 𑘐𑘨𑘕𑘹𑘓𑘹 𑘁𑘮𑘹.,153
data/synthetic/images/line_0153_v022.png,काळाबरोबर बदलणे गरजेचे आहे.,𑘎𑘰𑘯𑘰𑘤𑘨𑘻𑘤𑘨 𑘤𑘟𑘩𑘜𑘹 𑘐𑘨𑘕𑘹𑘓𑘹 𑘁𑘮𑘹.,153
data/synthetic/images/line_0153_v023.png,काळाबरोबर बदलणे गरजेचे आहे.,𑘎𑘰𑘯𑘰𑘤𑘨𑘻𑘤𑘨 𑘤𑘟𑘩𑘜𑘹 𑘐𑘨𑘕𑘹𑘓𑘹 𑘁𑘮𑘹.,153
data/synthetic/images/line_0153_v024.png,काळाबरोबर बदलणे गरजेचे आहे.,𑘎𑘰𑘯𑘰𑘤𑘨𑘻𑘤𑘨 𑘤𑘟𑘩𑘜𑘹 𑘐𑘨𑘕𑘹𑘓𑘹 𑘁𑘮𑘹.,153
data/synthetic/images/line_0153_v025.png,काळाबरोबर बदलणे गरजेचे आहे.,𑘎𑘰𑘯𑘰𑘤𑘨𑘻𑘤𑘨 𑘤𑘟𑘩𑘜𑘹 𑘐𑘨𑘕𑘹𑘓𑘹 𑘁𑘮𑘹.,153
data/synthetic/images/line_0153_v026.png,काळाबरोबर बदलणे गरजेचे आहे.,𑘎𑘰𑘯𑘰𑘤𑘨𑘻𑘤𑘨 𑘤𑘟𑘩𑘜𑘹 𑘐𑘨𑘕𑘹𑘓𑘹 𑘁𑘮𑘹.,153
data/synthetic/images/line_0153_v027.png,काळाबरोबर बदलणे गरजेचे आहे.,𑘎𑘰𑘯𑘰𑘤𑘨𑘻𑘤𑘨 𑘤𑘟𑘩𑘜𑘹 𑘐𑘨𑘕𑘹𑘓𑘹 𑘁𑘮𑘹.,153
data/synthetic/images/line_0153_v028.png,काळाबरोबर बदलणे गरजेचे आहे.,𑘎𑘰𑘯𑘰𑘤𑘨𑘻𑘤𑘨 𑘤𑘟𑘩𑘜𑘹 𑘐𑘨𑘕𑘹𑘓𑘹 𑘁𑘮𑘹.,153
data/synthetic/images/line_0153_v029.png,काळाबरोबर बदलणे गरजेचे आहे.,𑘎𑘰𑘯𑘰𑘤𑘨𑘻𑘤𑘨 𑘤𑘟𑘩𑘜𑘹 𑘐𑘨𑘕𑘹𑘓𑘹 𑘁𑘮𑘹.,153
data/synthetic/images/line_0153_v030.png,काळाबरोबर बदलणे गरजेचे आहे.,𑘎𑘰𑘯𑘰𑘤𑘨𑘻𑘤𑘨 𑘤𑘟𑘩𑘜𑘹 𑘐𑘨𑘕𑘹𑘓𑘹 𑘁𑘮𑘹.,153
data/synthetic/images/line_0153_v031.png,काळाबरोबर बदलणे गरजेचे आहे.,𑘎𑘰𑘯𑘰𑘤𑘨𑘻𑘤𑘨 𑘤𑘟𑘩𑘜𑘹 𑘐𑘨𑘕𑘹𑘓𑘹 𑘁𑘮𑘹.,153
data/synthetic/images/line_0153_v032.png,काळाबरोबर बदलणे गरजेचे आहे.,𑘎𑘰𑘯𑘰𑘤𑘨𑘻𑘤𑘨 𑘤𑘟𑘩𑘜𑘹 𑘐𑘨𑘕𑘹𑘓𑘹 𑘁𑘮𑘹.,153
data/synthetic/images/line_0153_v033.png,काळाबरोबर बदलणे गरजेचे आहे.,𑘎𑘰𑘯𑘰𑘤𑘨𑘻𑘤𑘨 𑘤𑘟𑘩𑘜𑘹 𑘐𑘨𑘕𑘹𑘓𑘹 𑘁𑘮𑘹.,153
data/synthetic/images/line_0153_v034.png,काळाबरोबर बदलणे गरजेचे आहे.,𑘎𑘰𑘯𑘰𑘤𑘨𑘻𑘤𑘨 𑘤𑘟𑘩𑘜𑘹 𑘐𑘨𑘕𑘹𑘓𑘹 𑘁𑘮𑘹.,153
data/synthetic/images/line_0153_v035.png,काळाबरोबर बदलणे गरजेचे आहे.,𑘎𑘰𑘯𑘰𑘤𑘨𑘻𑘤𑘨 𑘤𑘟𑘩𑘜𑘹 𑘐𑘨𑘕𑘹𑘓𑘹 𑘁𑘮𑘹.,153
data/synthetic/images/line_0153_v036.png,काळाबरोबर बदलणे गरजेचे आहे.,𑘎𑘰𑘯𑘰𑘤𑘨𑘻𑘤𑘨 𑘤𑘟𑘩𑘜𑘹 𑘐𑘨𑘕𑘹𑘓𑘹 𑘁𑘮𑘹.,153
data/synthetic/images/line_0153_v037.png,काळाबरोबर बदलणे गरजेचे आहे.,𑘎𑘰𑘯𑘰𑘤𑘨𑘻𑘤𑘨 𑘤𑘟𑘩𑘜𑘹 𑘐𑘨𑘕𑘹𑘓𑘹 𑘁𑘮𑘹.,153
data/synthetic/images/line_0153_v038.png,काळाबरोबर बदलणे गरजेचे आहे.,𑘎𑘰𑘯𑘰𑘤𑘨𑘻𑘤𑘨 𑘤𑘟𑘩𑘜𑘹 𑘐𑘨𑘕𑘹𑘓𑘹 𑘁𑘮𑘹.,153
data/synthetic/images/line_0153_v039.png,काळाबरोबर बदलणे गरजेचे आहे.,𑘎𑘰𑘯𑘰𑘤𑘨𑘻𑘤𑘨 𑘤𑘟𑘩𑘜𑘹 𑘐𑘨𑘕𑘹𑘓𑘹 𑘁𑘮𑘹.,153
data/synthetic/images/line_0154_v000.png,जुने ज्ञान जपून नवीन तंत्रज्ञान वापरावे.,𑘕𑘳𑘡𑘹 𑘕𑘿𑘗𑘰𑘡 𑘕𑘢𑘴𑘡 𑘡𑘪𑘲𑘡 𑘝𑘽𑘝𑘿𑘨𑘕𑘿𑘗𑘰𑘡 𑘪𑘰𑘢𑘨𑘰𑘪𑘹.,154
data/synthetic/images/line_0154_v001.png,जुने ज्ञान जपून नवीन तंत्रज्ञान वापरावे.,𑘕𑘳𑘡𑘹 𑘕𑘿𑘗𑘰𑘡 𑘕𑘢𑘴𑘡 𑘡𑘪𑘲𑘡 𑘝𑘽𑘝𑘿𑘨𑘕𑘿𑘗𑘰𑘡 𑘪𑘰𑘢𑘨𑘰𑘪𑘹.,154
data/synthetic/images/line_0154_v002.png,जुने ज्ञान जपून नवीन तंत्रज्ञान वापरावे.,𑘕𑘳𑘡𑘹 𑘕𑘿𑘗𑘰𑘡 𑘕𑘢𑘴𑘡 𑘡𑘪𑘲𑘡 𑘝𑘽𑘝𑘿𑘨𑘕𑘿𑘗𑘰𑘡 𑘪𑘰𑘢𑘨𑘰𑘪𑘹.,154
data/synthetic/images/line_0154_v003.png,जुने ज्ञान जपून नवीन तंत्रज्ञान वापरावे.,𑘕𑘳𑘡𑘹 𑘕𑘿𑘗𑘰𑘡 𑘕𑘢𑘴𑘡 𑘡𑘪𑘲𑘡 𑘝𑘽𑘝𑘿𑘨𑘕𑘿𑘗𑘰𑘡 𑘪𑘰𑘢𑘨𑘰𑘪𑘹.,154
data/synthetic/images/line_0154_v004.png,जुने ज्ञान जपून नवीन तंत्रज्ञान वापरावे.,𑘕𑘳𑘡𑘹 𑘕𑘿𑘗𑘰𑘡 𑘕𑘢𑘴𑘡 𑘡𑘪𑘲𑘡 𑘝𑘽𑘝𑘿𑘨𑘕𑘿𑘗𑘰𑘡 𑘪𑘰𑘢𑘨𑘰𑘪𑘹.,154
data/synthetic/images/line_0154_v005.png,जुने ज्ञान जपून नवीन तंत्रज्ञान वापरावे.,𑘕𑘳𑘡𑘹 𑘕𑘿𑘗𑘰𑘡 𑘕𑘢𑘴𑘡 𑘡𑘪𑘲𑘡 𑘝𑘽𑘝𑘿𑘨𑘕𑘿𑘗𑘰𑘡 𑘪𑘰𑘢𑘨𑘰𑘪𑘹.,154
data/synthetic/images/line_0154_v006.png,जुने ज्ञान जपून नवीन तंत्रज्ञान वापरावे.,𑘕𑘳𑘡𑘹 𑘕𑘿𑘗𑘰𑘡 𑘕𑘢𑘴𑘡 𑘡𑘪𑘲𑘡 𑘝𑘽𑘝𑘿𑘨𑘕𑘿𑘗𑘰𑘡 𑘪𑘰𑘢𑘨𑘰𑘪𑘹.,154
data/synthetic/images/line_0154_v007.png,जुने ज्ञान जपून नवीन तंत्रज्ञान वापरावे.,𑘕𑘳𑘡𑘹 𑘕𑘿𑘗𑘰𑘡 𑘕𑘢𑘴𑘡 𑘡𑘪𑘲𑘡 𑘝𑘽𑘝𑘿𑘨𑘕𑘿𑘗𑘰𑘡 𑘪𑘰𑘢𑘨𑘰𑘪𑘹.,154
data/synthetic/images/line_0154_v008.png,जुने ज्ञान जपून नवीन तंत्रज्ञान वापरावे.,𑘕𑘳𑘡𑘹 𑘕𑘿𑘗𑘰𑘡 𑘕𑘢𑘴𑘡 𑘡𑘪𑘲𑘡 𑘝𑘽𑘝𑘿𑘨𑘕𑘿𑘗𑘰𑘡 𑘪𑘰𑘢𑘨𑘰𑘪𑘹.,154
data/synthetic/images/line_0154_v009.png,जुने ज्ञान जपून नवीन तंत्रज्ञान वापरावे.,𑘕𑘳𑘡𑘹 𑘕𑘿𑘗𑘰𑘡 𑘕𑘢𑘴𑘡 𑘡𑘪𑘲𑘡 𑘝𑘽𑘝𑘿𑘨𑘕𑘿𑘗𑘰𑘡 𑘪𑘰𑘢𑘨𑘰𑘪𑘹.,154
data/synthetic/images/line_0154_v010.png,जुने ज्ञान जपून नवीन तंत्रज्ञान वापरावे.,𑘕𑘳𑘡𑘹 𑘕𑘿𑘗𑘰𑘡 𑘕𑘢𑘴𑘡 𑘡𑘪𑘲𑘡 𑘝𑘽𑘝𑘿𑘨𑘕𑘿𑘗𑘰𑘡 𑘪𑘰𑘢𑘨𑘰𑘪𑘹.,154
data/synthetic/images/line_0154_v011.png,जुने ज्ञान जपून नवीन तंत्रज्ञान वापरावे.,𑘕𑘳𑘡𑘹 𑘕𑘿𑘗𑘰𑘡 𑘕𑘢𑘴𑘡 𑘡𑘪𑘲𑘡 𑘝𑘽𑘝𑘿𑘨𑘕𑘿𑘗𑘰𑘡 𑘪𑘰𑘢𑘨𑘰𑘪𑘹.,154
data/synthetic/images/line_0154_v012.png,जुने ज्ञान जपून नवीन तंत्रज्ञान वापरावे.,𑘕𑘳𑘡𑘹 𑘕𑘿𑘗𑘰𑘡 𑘕𑘢𑘴𑘡 𑘡𑘪𑘲𑘡 𑘝𑘽𑘝𑘿𑘨𑘕𑘿𑘗𑘰𑘡 𑘪𑘰𑘢𑘨𑘰𑘪𑘹.,154
data/synthetic/images/line_0154_v013.png,जुने ज्ञान जपून नवीन तंत्रज्ञान वापरावे.,𑘕𑘳𑘡𑘹 𑘕𑘿𑘗𑘰𑘡 𑘕𑘢𑘴𑘡 𑘡𑘪𑘲𑘡 𑘝𑘽𑘝𑘿𑘨𑘕𑘿𑘗𑘰𑘡 𑘪𑘰𑘢𑘨𑘰𑘪𑘹.,154
data/synthetic/images/line_0154_v014.png,जुने ज्ञान जपून नवीन तंत्रज्ञान वापरावे.,𑘕𑘳𑘡𑘹 𑘕𑘿𑘗𑘰𑘡 𑘕𑘢𑘴𑘡 𑘡𑘪𑘲𑘡 𑘝𑘽𑘝𑘿𑘨𑘕𑘿𑘗𑘰𑘡 𑘪𑘰𑘢𑘨𑘰𑘪𑘹.,154
data/synthetic/images/line_0154_v015.png,जुने ज्ञान जपून नवीन तंत्रज्ञान वापरावे.,𑘕𑘳𑘡𑘹 𑘕𑘿𑘗𑘰𑘡 𑘕𑘢𑘴𑘡 𑘡𑘪𑘲𑘡 𑘝𑘽𑘝𑘿𑘨𑘕𑘿𑘗𑘰𑘡 𑘪𑘰𑘢𑘨𑘰𑘪𑘹.,154
data/synthetic/images/line_0154_v016.png,जुने ज्ञान जपून नवीन तंत्रज्ञान वापरावे.,𑘕𑘳𑘡𑘹 𑘕𑘿𑘗𑘰𑘡 𑘕𑘢𑘴𑘡 𑘡𑘪𑘲𑘡 𑘝𑘽𑘝𑘿𑘨𑘕𑘿𑘗𑘰𑘡 𑘪𑘰𑘢𑘨𑘰𑘪𑘹.,154
data/synthetic/images/line_0154_v017.png,जुने ज्ञान जपून नवीन तंत्रज्ञान वापरावे.,𑘕𑘳𑘡𑘹 𑘕𑘿𑘗𑘰𑘡 𑘕𑘢𑘴𑘡 𑘡𑘪𑘲𑘡 𑘝𑘽𑘝𑘿𑘨𑘕𑘿𑘗𑘰𑘡 𑘪𑘰𑘢𑘨𑘰𑘪𑘹.,154
data/synthetic/images/line_0154_v018.png,जुने ज्ञान जपून नवीन तंत्रज्ञान वापरावे.,𑘕𑘳𑘡𑘹 𑘕𑘿𑘗𑘰𑘡 𑘕𑘢𑘴𑘡 𑘡𑘪𑘲𑘡 𑘝𑘽𑘝𑘿𑘨𑘕𑘿𑘗𑘰𑘡 𑘪𑘰𑘢𑘨𑘰𑘪𑘹.,154
data/synthetic/images/line_0154_v019.png,जुने ज्ञान जपून नवीन तंत्रज्ञान वापरावे.,𑘕𑘳𑘡𑘹 𑘕𑘿𑘗𑘰𑘡 𑘕𑘢𑘴𑘡 𑘡𑘪𑘲𑘡 𑘝𑘽𑘝𑘿𑘨𑘕𑘿𑘗𑘰𑘡 𑘪𑘰𑘢𑘨𑘰𑘪𑘹.,154
data/synthetic/images/line_0154_v020.png,जुने ज्ञान जपून नवीन तंत्रज्ञान वापरावे.,𑘕𑘳𑘡𑘹 𑘕𑘿𑘗𑘰𑘡 𑘕𑘢𑘴𑘡 𑘡𑘪𑘲𑘡 𑘝𑘽𑘝𑘿𑘨𑘕𑘿𑘗𑘰𑘡 𑘪𑘰𑘢𑘨𑘰𑘪𑘹.,154
data/synthetic/images/line_0154_v021.png,जुने ज्ञान जपून नवीन तंत्रज्ञान वापरावे.,𑘕𑘳𑘡𑘹 𑘕𑘿𑘗𑘰𑘡 𑘕𑘢𑘴𑘡 𑘡𑘪𑘲𑘡 𑘝𑘽𑘝𑘿𑘨𑘕𑘿𑘗𑘰𑘡 𑘪𑘰𑘢𑘨𑘰𑘪𑘹.,154
data/synthetic/images/line_0154_v022.png,जुने ज्ञान जपून नवीन तंत्रज्ञान वापरावे.,𑘕𑘳𑘡𑘹 𑘕𑘿𑘗𑘰𑘡 𑘕𑘢𑘴𑘡 𑘡𑘪𑘲𑘡 𑘝𑘽𑘝𑘿𑘨𑘕𑘿𑘗𑘰𑘡 𑘪𑘰𑘢𑘨𑘰𑘪𑘹.,154
data/synthetic/images/line_0154_v023.png,जुने ज्ञान जपून नवीन तंत्रज्ञान वापरावे.,𑘕𑘳𑘡𑘹 𑘕𑘿𑘗𑘰𑘡 𑘕𑘢𑘴𑘡 𑘡𑘪𑘲𑘡 𑘝𑘽𑘝𑘿𑘨𑘕𑘿𑘗𑘰𑘡 𑘪𑘰𑘢𑘨𑘰𑘪𑘹.,154
data/synthetic/images/line_0154_v024.png,जुने ज्ञान जपून नवीन तंत्रज्ञान वापरावे.,𑘕𑘳𑘡𑘹 𑘕𑘿𑘗𑘰𑘡 𑘕𑘢𑘴𑘡 𑘡𑘪𑘲𑘡 𑘝𑘽𑘝𑘿𑘨𑘕𑘿𑘗𑘰𑘡 𑘪𑘰𑘢𑘨𑘰𑘪𑘹.,154
data/synthetic/images/line_0154_v025.png,जुने ज्ञान जपून नवीन तंत्रज्ञान वापरावे.,𑘕𑘳𑘡𑘹 𑘕𑘿𑘗𑘰𑘡 𑘕𑘢𑘴𑘡 𑘡𑘪𑘲𑘡 𑘝𑘽𑘝𑘿𑘨𑘕𑘿𑘗𑘰𑘡 𑘪𑘰𑘢𑘨𑘰𑘪𑘹.,154
data/synthetic/images/line_0154_v026.png,जुने ज्ञान जपून नवीन तंत्रज्ञान वापरावे.,𑘕𑘳𑘡𑘹 𑘕𑘿𑘗𑘰𑘡 𑘕𑘢𑘴𑘡 𑘡𑘪𑘲𑘡 𑘝𑘽𑘝𑘿𑘨𑘕𑘿𑘗𑘰𑘡 𑘪𑘰𑘢𑘨𑘰𑘪𑘹.,154
data/synthetic/images/line_0154_v027.png,जुने ज्ञान जपून नवीन तंत्रज्ञान वापरावे.,𑘕𑘳𑘡𑘹 𑘕𑘿𑘗𑘰𑘡 𑘕𑘢𑘴𑘡 𑘡𑘪𑘲𑘡 𑘝𑘽𑘝𑘿𑘨𑘕𑘿𑘗𑘰𑘡 𑘪𑘰𑘢𑘨𑘰𑘪𑘹.,154
data/synthetic/images/line_0154_v028.png,जुने ज्ञान जपून नवीन तंत्रज्ञान वापरावे.,𑘕𑘳𑘡𑘹 𑘕𑘿𑘗𑘰𑘡 𑘕𑘢𑘴𑘡 𑘡𑘪𑘲𑘡 𑘝𑘽𑘝𑘿𑘨𑘕𑘿𑘗𑘰𑘡 𑘪𑘰𑘢𑘨𑘰𑘪𑘹.,154
data/synthetic/images/line_0154_v029.png,जुने ज्ञान जपून नवीन तंत्रज्ञान वापरावे.,𑘕𑘳𑘡𑘹 𑘕𑘿𑘗𑘰𑘡 𑘕𑘢𑘴𑘡 𑘡𑘪𑘲𑘡 𑘝𑘽𑘝𑘿𑘨𑘕𑘿𑘗𑘰𑘡 𑘪𑘰𑘢𑘨𑘰𑘪𑘹.,154
data/synthetic/images/line_0154_v030.png,जुने ज्ञान जपून नवीन तंत्रज्ञान वापरावे.,𑘕𑘳𑘡𑘹 𑘕𑘿𑘗𑘰𑘡 𑘕𑘢𑘴𑘡 𑘡𑘪𑘲𑘡 𑘝𑘽𑘝𑘿𑘨𑘕𑘿𑘗𑘰𑘡 𑘪𑘰𑘢𑘨𑘰𑘪𑘹.,154
data/synthetic/images/line_0154_v031.png,जुने ज्ञान जपून नवीन तंत्रज्ञान वापरावे.,𑘕𑘳𑘡𑘹 𑘕𑘿𑘗𑘰𑘡 𑘕𑘢𑘴𑘡 𑘡𑘪𑘲𑘡 𑘝𑘽𑘝𑘿𑘨𑘕𑘿𑘗𑘰𑘡 𑘪𑘰𑘢𑘨𑘰𑘪𑘹.,154
data/synthetic/images/line_0154_v032.png,जुने ज्ञान जपून नवीन तंत्रज्ञान वापरावे.,𑘕𑘳𑘡𑘹 𑘕𑘿𑘗𑘰𑘡 𑘕𑘢𑘴𑘡 𑘡𑘪𑘲𑘡 𑘝𑘽𑘝𑘿𑘨𑘕𑘿𑘗𑘰𑘡 𑘪𑘰𑘢𑘨𑘰𑘪𑘹.,154
data/synthetic/images/line_0154_v033.png,जुने ज्ञान जपून नवीन तंत्रज्ञान वापरावे.,𑘕𑘳𑘡𑘹 𑘕𑘿𑘗𑘰𑘡 𑘕𑘢𑘴𑘡 𑘡𑘪𑘲𑘡 𑘝𑘽𑘝𑘿𑘨𑘕𑘿𑘗𑘰𑘡 𑘪𑘰𑘢𑘨𑘰𑘪𑘹.,154
data/synthetic/images/line_0154_v034.png,जुने ज्ञान जपून नवीन तंत्रज्ञान वापरावे.,𑘕𑘳𑘡𑘹 𑘕𑘿𑘗𑘰𑘡 𑘕𑘢𑘴𑘡 𑘡𑘪𑘲𑘡 𑘝𑘽𑘝𑘿𑘨𑘕𑘿𑘗𑘰𑘡 𑘪𑘰𑘢𑘨𑘰𑘪𑘹.,154
data/synthetic/images/line_0154_v035.png,जुने ज्ञान जपून नवीन तंत्रज्ञान वापरावे.,𑘕𑘳𑘡𑘹 𑘕𑘿𑘗𑘰𑘡 𑘕𑘢𑘴𑘡 𑘡𑘪𑘲𑘡 𑘝𑘽𑘝𑘿𑘨𑘕𑘿𑘗𑘰𑘡 𑘪𑘰𑘢𑘨𑘰𑘪𑘹.,154
data/synthetic/images/line_0154_v036.png,जुने ज्ञान जपून नवीन तंत्रज्ञान वापरावे.,𑘕𑘳𑘡𑘹 𑘕𑘿𑘗𑘰𑘡 𑘕𑘢𑘴𑘡 𑘡𑘪𑘲𑘡 𑘝𑘽𑘝𑘿𑘨𑘕𑘿𑘗𑘰𑘡 𑘪𑘰𑘢𑘨𑘰𑘪𑘹.,154
data/synthetic/images/line_0154_v037.png,जुने ज्ञान जपून नवीन तंत्रज्ञान वापरावे.,𑘕𑘳𑘡𑘹 𑘕𑘿𑘗𑘰𑘡 𑘕𑘢𑘴𑘡 𑘡𑘪𑘲𑘡 𑘝𑘽𑘝𑘿𑘨𑘕𑘿𑘗𑘰𑘡 𑘪𑘰𑘢𑘨𑘰𑘪𑘹.,154
data/synthetic/images/line_0154_v038.png,जुने ज्ञान जपून नवीन तंत्रज्ञान वापरावे.,𑘕𑘳𑘡𑘹 𑘕𑘿𑘗𑘰𑘡 𑘕𑘢𑘴𑘡 𑘡𑘪𑘲𑘡 𑘝𑘽𑘝𑘿𑘨𑘕𑘿𑘗𑘰𑘡 𑘪𑘰𑘢𑘨𑘰𑘪𑘹.,154
data/synthetic/images/line_0154_v039.png,जुने ज्ञान जपून नवीन तंत्रज्ञान वापरावे.,𑘕𑘳𑘡𑘹 𑘕𑘿𑘗𑘰𑘡 𑘕𑘢𑘴𑘡 𑘡𑘪𑘲𑘡 𑘝𑘽𑘝𑘿𑘨𑘕𑘿𑘗𑘰𑘡 𑘪𑘰𑘢𑘨𑘰𑘪𑘹.,154
data/synthetic/images/line_0155_v000.png,इतिहास आणि तंत्रज्ञान यांचा संगम रंजक आहे.,𑘂𑘝𑘱𑘮𑘰𑘭 𑘁𑘜𑘱 𑘝𑘽𑘝𑘿𑘨𑘕𑘿𑘗𑘰𑘡 𑘧𑘰𑘽𑘓𑘰 𑘭𑘽𑘐𑘦 𑘨𑘽𑘕𑘎 𑘁𑘮𑘹.,155
data/synthetic/images/line_0155_v001.png,इतिहास आणि तंत्रज्ञान यांचा संगम रंजक आहे.,𑘂𑘝𑘱𑘮𑘰𑘭 𑘁𑘜𑘱 𑘝𑘽𑘝𑘿𑘨𑘕𑘿𑘗𑘰𑘡 𑘧𑘰𑘽𑘓𑘰 𑘭𑘽𑘐𑘦 𑘨𑘽𑘕𑘎 𑘁𑘮𑘹.,155
data/synthetic/images/line_0155_v002.png,इतिहास आणि तंत्रज्ञान यांचा संगम रंजक आहे.,𑘂𑘝𑘱𑘮𑘰𑘭 𑘁𑘜𑘱 𑘝𑘽𑘝𑘿𑘨𑘕𑘿𑘗𑘰𑘡 𑘧𑘰𑘽𑘓𑘰 𑘭𑘽𑘐𑘦 𑘨𑘽𑘕𑘎 𑘁𑘮𑘹.,155
data/synthetic/images/line_0155_v003.png,इतिहास आणि तंत्रज्ञान यांचा संगम रंजक आहे.,𑘂𑘝𑘱𑘮𑘰𑘭 𑘁𑘜𑘱 𑘝𑘽𑘝𑘿𑘨𑘕𑘿𑘗𑘰𑘡 𑘧𑘰𑘽𑘓𑘰 𑘭𑘽𑘐𑘦 𑘨𑘽𑘕𑘎 𑘁𑘮𑘹.,155
data/synthetic/images/line_0155_v004.png,इतिहास आणि तंत्रज्ञान यांचा संगम रंजक आहे.,𑘂𑘝𑘱𑘮𑘰𑘭 𑘁𑘜𑘱 𑘝𑘽𑘝𑘿𑘨𑘕𑘿𑘗𑘰𑘡 𑘧𑘰𑘽𑘓𑘰 𑘭𑘽𑘐𑘦 𑘨𑘽𑘕𑘎 𑘁𑘮𑘹.,155
data/synthetic/images/line_0155_v005.png,इतिहास आणि तंत्रज्ञान यांचा संगम रंजक आहे.,𑘂𑘝𑘱𑘮𑘰𑘭 𑘁𑘜𑘱 𑘝𑘽𑘝𑘿𑘨𑘕𑘿𑘗𑘰𑘡 𑘧𑘰𑘽𑘓𑘰 𑘭𑘽𑘐𑘦 𑘨𑘽𑘕𑘎 𑘁𑘮𑘹.,155
data/synthetic/images/line_0155_v006.png,इतिहास आणि तंत्रज्ञान यांचा संगम रंजक आहे.,𑘂𑘝𑘱𑘮𑘰𑘭 𑘁𑘜𑘱 𑘝𑘽𑘝𑘿𑘨𑘕𑘿𑘗𑘰𑘡 𑘧𑘰𑘽𑘓𑘰 𑘭𑘽𑘐𑘦 𑘨𑘽𑘕𑘎 𑘁𑘮𑘹.,155
data/synthetic/images/line_0155_v007.png,इतिहास आणि तंत्रज्ञान यांचा संगम रंजक आहे.,𑘂𑘝𑘱𑘮𑘰𑘭 𑘁𑘜𑘱 𑘝𑘽𑘝𑘿𑘨𑘕𑘿𑘗𑘰𑘡 𑘧𑘰𑘽𑘓𑘰 𑘭𑘽𑘐𑘦 𑘨𑘽𑘕𑘎 𑘁𑘮𑘹.,155
data/synthetic/images/line_0155_v008.png,इतिहास आणि तंत्रज्ञान यांचा संगम रंजक आहे.,𑘂𑘝𑘱𑘮𑘰𑘭 𑘁𑘜𑘱 𑘝𑘽𑘝𑘿𑘨𑘕𑘿𑘗𑘰𑘡 𑘧𑘰𑘽𑘓𑘰 𑘭𑘽𑘐𑘦 𑘨𑘽𑘕𑘎 𑘁𑘮𑘹.,155
data/synthetic/images/line_0155_v009.png,इतिहास आणि तंत्रज्ञान यांचा संगम रंजक आहे.,𑘂𑘝𑘱𑘮𑘰𑘭 𑘁𑘜𑘱 𑘝𑘽𑘝𑘿𑘨𑘕𑘿𑘗𑘰𑘡 𑘧𑘰𑘽𑘓𑘰 𑘭𑘽𑘐𑘦 𑘨𑘽𑘕𑘎 𑘁𑘮𑘹.,155
data/synthetic/images/line_0155_v010.png,इतिहास आणि तंत्रज्ञान यांचा संगम रंजक आहे.,𑘂𑘝𑘱𑘮𑘰𑘭 𑘁𑘜𑘱 𑘝𑘽𑘝𑘿𑘨𑘕𑘿𑘗𑘰𑘡 𑘧𑘰𑘽𑘓𑘰 𑘭𑘽𑘐𑘦 𑘨𑘽𑘕𑘎 𑘁𑘮𑘹.,155
data/synthetic/images/line_0155_v011.png,इतिहास आणि तंत्रज्ञान यांचा संगम रंजक आहे.,𑘂𑘝𑘱𑘮𑘰𑘭 𑘁𑘜𑘱 𑘝𑘽𑘝𑘿𑘨𑘕𑘿𑘗𑘰𑘡 𑘧𑘰𑘽𑘓𑘰 𑘭𑘽𑘐𑘦 𑘨𑘽𑘕𑘎 𑘁𑘮𑘹.,155
data/synthetic/images/line_0155_v012.png,इतिहास आणि तंत्रज्ञान यांचा संगम रंजक आहे.,𑘂𑘝𑘱𑘮𑘰𑘭 𑘁𑘜𑘱 𑘝𑘽𑘝𑘿𑘨𑘕𑘿𑘗𑘰𑘡 𑘧𑘰𑘽𑘓𑘰 𑘭𑘽𑘐𑘦 𑘨𑘽𑘕𑘎 𑘁𑘮𑘹.,155
data/synthetic/images/line_0155_v013.png,इतिहास आणि तंत्रज्ञान यांचा संगम रंजक आहे.,𑘂𑘝𑘱𑘮𑘰𑘭 𑘁𑘜𑘱 𑘝𑘽𑘝𑘿𑘨𑘕𑘿𑘗𑘰𑘡 𑘧𑘰𑘽𑘓𑘰 𑘭𑘽𑘐𑘦 𑘨𑘽𑘕𑘎 𑘁𑘮𑘹.,155
data/synthetic/images/line_0155_v014.png,इतिहास आणि तंत्रज्ञान यांचा संगम रंजक आहे.,𑘂𑘝𑘱𑘮𑘰𑘭 𑘁𑘜𑘱 𑘝𑘽𑘝𑘿𑘨𑘕𑘿𑘗𑘰𑘡 𑘧𑘰𑘽𑘓𑘰 𑘭𑘽𑘐𑘦 𑘨𑘽𑘕𑘎 𑘁𑘮𑘹.,155
data/synthetic/images/line_0155_v015.png,इतिहास आणि तंत्रज्ञान यांचा संगम रंजक आहे.,𑘂𑘝𑘱𑘮𑘰𑘭 𑘁𑘜𑘱 𑘝𑘽𑘝𑘿𑘨𑘕𑘿𑘗𑘰𑘡 𑘧𑘰𑘽𑘓𑘰 𑘭𑘽𑘐𑘦 𑘨𑘽𑘕𑘎 𑘁𑘮𑘹.,155
data/synthetic/images/line_0155_v016.png,इतिहास आणि तंत्रज्ञान यांचा संगम रंजक आहे.,𑘂𑘝𑘱𑘮𑘰𑘭 𑘁𑘜𑘱 𑘝𑘽𑘝𑘿𑘨𑘕𑘿𑘗𑘰𑘡 𑘧𑘰𑘽𑘓𑘰 𑘭𑘽𑘐𑘦 𑘨𑘽𑘕𑘎 𑘁𑘮𑘹.,155
data/synthetic/images/line_0155_v017.png,इतिहास आणि तंत्रज्ञान यांचा संगम रंजक आहे.,𑘂𑘝𑘱𑘮𑘰𑘭 𑘁𑘜𑘱 𑘝𑘽𑘝𑘿𑘨𑘕𑘿𑘗𑘰𑘡 𑘧𑘰𑘽𑘓𑘰 𑘭𑘽𑘐𑘦 𑘨𑘽𑘕𑘎 𑘁𑘮𑘹.,155
data/synthetic/images/line_0155_v018.png,इतिहास आणि तंत्रज्ञान यांचा संगम रंजक आहे.,𑘂𑘝𑘱𑘮𑘰𑘭 𑘁𑘜𑘱 𑘝𑘽𑘝𑘿𑘨𑘕𑘿𑘗𑘰𑘡 𑘧𑘰𑘽𑘓𑘰 𑘭𑘽𑘐𑘦 𑘨𑘽𑘕𑘎 𑘁𑘮𑘹.,155
data/synthetic/images/line_0155_v019.png,इतिहास आणि तंत्रज्ञान यांचा संगम रंजक आहे.,𑘂𑘝𑘱𑘮𑘰𑘭 𑘁𑘜𑘱 𑘝𑘽𑘝𑘿𑘨𑘕𑘿𑘗𑘰𑘡 𑘧𑘰𑘽𑘓𑘰 𑘭𑘽𑘐𑘦 𑘨𑘽𑘕𑘎 𑘁𑘮𑘹.,155
data/synthetic/images/line_0155_v020.png,इतिहास आणि तंत्रज्ञान यांचा संगम रंजक आहे.,𑘂𑘝𑘱𑘮𑘰𑘭 𑘁𑘜𑘱 𑘝𑘽𑘝𑘿𑘨𑘕𑘿𑘗𑘰𑘡 𑘧𑘰𑘽𑘓𑘰 𑘭𑘽𑘐𑘦 𑘨𑘽𑘕𑘎 𑘁𑘮𑘹.,155
data/synthetic/images/line_0155_v021.png,इतिहास आणि तंत्रज्ञान यांचा संगम रंजक आहे.,𑘂𑘝𑘱𑘮𑘰𑘭 𑘁𑘜𑘱 𑘝𑘽𑘝𑘿𑘨𑘕𑘿𑘗𑘰𑘡 𑘧𑘰𑘽𑘓𑘰 𑘭𑘽𑘐𑘦 𑘨𑘽𑘕𑘎 𑘁𑘮𑘹.,155
data/synthetic/images/line_0155_v022.png,इतिहास आणि तंत्रज्ञान यांचा संगम रंजक आहे.,𑘂𑘝𑘱𑘮𑘰𑘭 𑘁𑘜𑘱 𑘝𑘽𑘝𑘿𑘨𑘕𑘿𑘗𑘰𑘡 𑘧𑘰𑘽𑘓𑘰 𑘭𑘽𑘐𑘦 𑘨𑘽𑘕𑘎 𑘁𑘮𑘹.,155
data/synthetic/images/line_0155_v023.png,इतिहास आणि तंत्रज्ञान यांचा संगम रंजक आहे.,𑘂𑘝𑘱𑘮𑘰𑘭 𑘁𑘜𑘱 𑘝𑘽𑘝𑘿𑘨𑘕𑘿𑘗𑘰𑘡 𑘧𑘰𑘽𑘓𑘰 𑘭𑘽𑘐𑘦 𑘨𑘽𑘕𑘎 𑘁𑘮𑘹.,155
data/synthetic/images/line_0155_v024.png,इतिहास आणि तंत्रज्ञान यांचा संगम रंजक आहे.,𑘂𑘝𑘱𑘮𑘰𑘭 𑘁𑘜𑘱 𑘝𑘽𑘝𑘿𑘨𑘕𑘿𑘗𑘰𑘡 𑘧𑘰𑘽𑘓𑘰 𑘭𑘽𑘐𑘦 𑘨𑘽𑘕𑘎 𑘁𑘮𑘹.,155
data/synthetic/images/line_0155_v025.png,इतिहास आणि तंत्रज्ञान यांचा संगम रंजक आहे.,𑘂𑘝𑘱𑘮𑘰𑘭 𑘁𑘜𑘱 𑘝𑘽𑘝𑘿𑘨𑘕𑘿𑘗𑘰𑘡 𑘧𑘰𑘽𑘓𑘰 𑘭𑘽𑘐𑘦 𑘨𑘽𑘕𑘎 𑘁𑘮𑘹.,155
data/synthetic/images/line_0155_v026.png,इतिहास आणि तंत्रज्ञान यांचा संगम रंजक आहे.,𑘂𑘝𑘱𑘮𑘰𑘭 𑘁𑘜𑘱 𑘝𑘽𑘝𑘿𑘨𑘕𑘿𑘗𑘰𑘡 𑘧𑘰𑘽𑘓𑘰 𑘭𑘽𑘐𑘦 𑘨𑘽𑘕𑘎 𑘁𑘮𑘹.,155
data/synthetic/images/line_0155_v027.png,इतिहास आणि तंत्रज्ञान यांचा संगम रंजक आहे.,𑘂𑘝𑘱𑘮𑘰𑘭 𑘁𑘜𑘱 𑘝𑘽𑘝𑘿𑘨𑘕𑘿𑘗𑘰𑘡 𑘧𑘰𑘽𑘓𑘰 𑘭𑘽𑘐𑘦 𑘨𑘽𑘕𑘎 𑘁𑘮𑘹.,155
data/synthetic/images/line_0155_v028.png,इतिहास आणि तंत्रज्ञान यांचा संगम रंजक आहे.,𑘂𑘝𑘱𑘮𑘰𑘭 𑘁𑘜𑘱 𑘝𑘽𑘝𑘿𑘨𑘕𑘿𑘗𑘰𑘡 𑘧𑘰𑘽𑘓𑘰 𑘭𑘽𑘐𑘦 𑘨𑘽𑘕𑘎 𑘁𑘮𑘹.,155
data/synthetic/images/line_0155_v029.png,इतिहास आणि तंत्रज्ञान यांचा संगम रंजक आहे.,𑘂𑘝𑘱𑘮𑘰𑘭 𑘁𑘜𑘱 𑘝𑘽𑘝𑘿𑘨𑘕𑘿𑘗𑘰𑘡 𑘧𑘰𑘽𑘓𑘰 𑘭𑘽𑘐𑘦 𑘨𑘽𑘕𑘎 𑘁𑘮𑘹.,155
data/synthetic/images/line_0155_v030.png,इतिहास आणि तंत्रज्ञान यांचा संगम रंजक आहे.,𑘂𑘝𑘱𑘮𑘰𑘭 𑘁𑘜𑘱 𑘝𑘽𑘝𑘿𑘨𑘕𑘿𑘗𑘰𑘡 𑘧𑘰𑘽𑘓𑘰 𑘭𑘽𑘐𑘦 𑘨𑘽𑘕𑘎 𑘁𑘮𑘹.,155
data/synthetic/images/line_0155_v031.png,इतिहास आणि तंत्रज्ञान यांचा संगम रंजक आहे.,𑘂𑘝𑘱𑘮𑘰𑘭 𑘁𑘜𑘱 𑘝𑘽𑘝𑘿𑘨𑘕𑘿𑘗𑘰𑘡 𑘧𑘰𑘽𑘓𑘰 𑘭𑘽𑘐𑘦 𑘨𑘽𑘕𑘎 𑘁𑘮𑘹.,155
data/synthetic/images/line_0155_v032.png,इतिहास आणि तंत्रज्ञान यांचा संगम रंजक आहे.,𑘂𑘝𑘱𑘮𑘰𑘭 𑘁𑘜𑘱 𑘝𑘽𑘝𑘿𑘨𑘕𑘿𑘗𑘰𑘡 𑘧𑘰𑘽𑘓𑘰 𑘭𑘽𑘐𑘦 𑘨𑘽𑘕𑘎 𑘁𑘮𑘹.,155
data/synthetic/images/line_0155_v033.png,इतिहास आणि तंत्रज्ञान यांचा संगम रंजक आहे.,𑘂𑘝𑘱𑘮𑘰𑘭 𑘁𑘜𑘱 𑘝𑘽𑘝𑘿𑘨𑘕𑘿𑘗𑘰𑘡 𑘧𑘰𑘽𑘓𑘰 𑘭𑘽𑘐𑘦 𑘨𑘽𑘕𑘎 𑘁𑘮𑘹.,155
data/synthetic/images/line_0155_v034.png,इतिहास आणि तंत्रज्ञान यांचा संगम रंजक आहे.,𑘂𑘝𑘱𑘮𑘰𑘭 𑘁𑘜𑘱 𑘝𑘽𑘝𑘿𑘨𑘕𑘿𑘗𑘰𑘡 𑘧𑘰𑘽𑘓𑘰 𑘭𑘽𑘐𑘦 𑘨𑘽𑘕𑘎 𑘁𑘮𑘹.,155
data/synthetic/images/line_0155_v035.png,इतिहास आणि तंत्रज्ञान यांचा संगम रंजक आहे.,𑘂𑘝𑘱𑘮𑘰𑘭 𑘁𑘜𑘱 𑘝𑘽𑘝𑘿𑘨𑘕𑘿𑘗𑘰𑘡 𑘧𑘰𑘽𑘓𑘰 𑘭𑘽𑘐𑘦 𑘨𑘽𑘕𑘎 𑘁𑘮𑘹.,155
data/synthetic/images/line_0155_v036.png,इतिहास आणि तंत्रज्ञान यांचा संगम रंजक आहे.,𑘂𑘝𑘱𑘮𑘰𑘭 𑘁𑘜𑘱 𑘝𑘽𑘝𑘿𑘨𑘕𑘿𑘗𑘰𑘡 𑘧𑘰𑘽𑘓𑘰 𑘭𑘽𑘐𑘦 𑘨𑘽𑘕𑘎 𑘁𑘮𑘹.,155
data/synthetic/images/line_0155_v037.png,इतिहास आणि तंत्रज्ञान यांचा संगम रंजक आहे.,𑘂𑘝𑘱𑘮𑘰𑘭 𑘁𑘜𑘱 𑘝𑘽𑘝𑘿𑘨𑘕𑘿𑘗𑘰𑘡 𑘧𑘰𑘽𑘓𑘰 𑘭𑘽𑘐𑘦 𑘨𑘽𑘕𑘎 𑘁𑘮𑘹.,155
data/synthetic/images/line_0155_v038.png,इतिहास आणि तंत्रज्ञान यांचा संगम रंजक आहे.,𑘂𑘝𑘱𑘮𑘰𑘭 𑘁𑘜𑘱 𑘝𑘽𑘝𑘿𑘨𑘕𑘿𑘗𑘰𑘡 𑘧𑘰𑘽𑘓𑘰 𑘭𑘽𑘐𑘦 𑘨𑘽𑘕𑘎 𑘁𑘮𑘹.,155
data/synthetic/images/line_0155_v039.png,इतिहास आणि तंत्रज्ञान यांचा संगम रंजक आहे.,𑘂𑘝𑘱𑘮𑘰𑘭 𑘁𑘜𑘱 𑘝𑘽𑘝𑘿𑘨𑘕𑘿𑘗𑘰𑘡 𑘧𑘰𑘽𑘓𑘰 𑘭𑘽𑘐𑘦 𑘨𑘽𑘕𑘎 𑘁𑘮𑘹.,155
data/synthetic/images/line_0156_v000.png,या प्रकल्पामुळे मोडी लिपी नव्या पिढीला समजेल.,𑘧𑘰 𑘢𑘿𑘨𑘎𑘩𑘿𑘢𑘰𑘦𑘳𑘯𑘹 𑘦𑘻𑘚𑘲 𑘩𑘱𑘢𑘲 𑘡𑘪𑘿𑘧𑘰 𑘢𑘱𑘛𑘲𑘩𑘰 𑘭𑘦𑘕𑘹𑘩.,156
data/synthetic/images/line_0156_v001.png,या प्रकल्पामुळे मोडी लिपी नव्या पिढीला समजेल.,𑘧𑘰 𑘢𑘿𑘨𑘎𑘩𑘿𑘢𑘰𑘦𑘳𑘯𑘹 𑘦𑘻𑘚𑘲 𑘩𑘱𑘢𑘲 𑘡𑘪𑘿𑘧𑘰 𑘢𑘱𑘛𑘲𑘩𑘰 𑘭𑘦𑘕𑘹𑘩.,156
data/synthetic/images/line_0156_v002.png,या प्रकल्पामुळे मोडी लिपी नव्या पिढीला समजेल.,𑘧𑘰 𑘢𑘿𑘨𑘎𑘩𑘿𑘢𑘰𑘦𑘳𑘯𑘹 𑘦𑘻𑘚𑘲 𑘩𑘱𑘢𑘲 𑘡𑘪𑘿𑘧𑘰 𑘢𑘱𑘛𑘲𑘩𑘰 𑘭𑘦𑘕𑘹𑘩.,156
data/synthetic/images/line_0156_v003.png,या प्रकल्पामुळे मोडी लिपी नव्या पिढीला समजेल.,𑘧𑘰 𑘢𑘿𑘨𑘎𑘩𑘿𑘢𑘰𑘦𑘳𑘯𑘹 𑘦𑘻𑘚𑘲 𑘩𑘱𑘢𑘲 𑘡𑘪𑘿𑘧𑘰 𑘢𑘱𑘛𑘲𑘩𑘰 𑘭𑘦𑘕𑘹𑘩.,156
data/synthetic/images/line_0156_v004.png,या प्रकल्पामुळे मोडी लिपी नव्या पिढीला समजेल.,𑘧𑘰 𑘢𑘿𑘨𑘎𑘩𑘿𑘢𑘰𑘦𑘳𑘯𑘹 𑘦𑘻𑘚𑘲 𑘩𑘱𑘢𑘲 𑘡𑘪𑘿𑘧𑘰 𑘢𑘱𑘛𑘲𑘩𑘰 𑘭𑘦𑘕𑘹𑘩.,156
data/synthetic/images/line_0156_v005.png,या प्रकल्पामुळे मोडी लिपी नव्या पिढीला समजेल.,𑘧𑘰 𑘢𑘿𑘨𑘎𑘩𑘿𑘢𑘰𑘦𑘳𑘯𑘹 𑘦𑘻𑘚𑘲 𑘩𑘱𑘢𑘲 𑘡𑘪𑘿𑘧𑘰 𑘢𑘱𑘛𑘲𑘩𑘰 𑘭𑘦𑘕𑘹𑘩.,156
data/synthetic/images/line_0156_v006.png,या प्रकल्पामुळे मोडी लिपी नव्या पिढीला समजेल.,𑘧𑘰 𑘢𑘿𑘨𑘎𑘩𑘿𑘢𑘰𑘦𑘳𑘯𑘹 𑘦𑘻𑘚𑘲 𑘩𑘱𑘢𑘲 𑘡𑘪𑘿𑘧𑘰 𑘢𑘱𑘛𑘲𑘩𑘰 𑘭𑘦𑘕𑘹𑘩.,156
data/synthetic/images/line_0156_v007.png,या प्रकल्पामुळे मोडी लिपी नव्या पिढीला समजेल.,𑘧𑘰 𑘢𑘿𑘨𑘎𑘩𑘿𑘢𑘰𑘦𑘳𑘯𑘹 𑘦𑘻𑘚𑘲 𑘩𑘱𑘢𑘲 𑘡𑘪𑘿𑘧𑘰 𑘢𑘱𑘛𑘲𑘩𑘰 𑘭𑘦𑘕𑘹𑘩.,156
data/synthetic/images/line_0156_v008.png,या प्रकल्पामुळे मोडी लिपी नव्या पिढीला समजेल.,𑘧𑘰 𑘢𑘿𑘨𑘎𑘩𑘿𑘢𑘰𑘦𑘳𑘯𑘹 𑘦𑘻𑘚𑘲 𑘩𑘱𑘢𑘲 𑘡𑘪𑘿𑘧𑘰 𑘢𑘱𑘛𑘲𑘩𑘰 𑘭𑘦𑘕𑘹𑘩.,156
data/synthetic/images/line_0156_v009.png,या प्रकल्पामुळे मोडी लिपी नव्या पिढीला समजेल.,𑘧𑘰 𑘢𑘿𑘨𑘎𑘩𑘿𑘢𑘰𑘦𑘳𑘯𑘹 𑘦𑘻𑘚𑘲 𑘩𑘱𑘢𑘲 𑘡𑘪𑘿𑘧𑘰 𑘢𑘱𑘛𑘲𑘩𑘰 𑘭𑘦𑘕𑘹𑘩.,156
data/synthetic/images/line_0156_v010.png,या प्रकल्पामुळे मोडी लिपी नव्या पिढीला समजेल.,𑘧𑘰 𑘢𑘿𑘨𑘎𑘩𑘿𑘢𑘰𑘦𑘳𑘯𑘹 𑘦𑘻𑘚𑘲 𑘩𑘱𑘢𑘲 𑘡𑘪𑘿𑘧𑘰 𑘢𑘱𑘛𑘲𑘩𑘰 𑘭𑘦𑘕𑘹𑘩.,156
data/synthetic/images/line_0156_v011.png,या प्रकल्पामुळे मोडी लिपी नव्या पिढीला समजेल.,𑘧𑘰 𑘢𑘿𑘨𑘎𑘩𑘿𑘢𑘰𑘦𑘳𑘯𑘹 𑘦𑘻𑘚𑘲 𑘩𑘱𑘢𑘲 𑘡𑘪𑘿𑘧𑘰 𑘢𑘱𑘛𑘲𑘩𑘰 𑘭𑘦𑘕𑘹𑘩.,156
data/synthetic/images/line_0156_v012.png,या प्रकल्पामुळे मोडी लिपी नव्या पिढीला समजेल.,𑘧𑘰 𑘢𑘿𑘨𑘎𑘩𑘿𑘢𑘰𑘦𑘳𑘯𑘹 𑘦𑘻𑘚𑘲 𑘩𑘱𑘢𑘲 𑘡𑘪𑘿𑘧𑘰 𑘢𑘱𑘛𑘲𑘩𑘰 𑘭𑘦𑘕𑘹𑘩.,156
data/synthetic/images/line_0156_v013.png,या प्रकल्पामुळे मोडी लिपी नव्या पिढीला समजेल.,𑘧𑘰 𑘢𑘿𑘨𑘎𑘩𑘿𑘢𑘰𑘦𑘳𑘯𑘹 𑘦𑘻𑘚𑘲 𑘩𑘱𑘢𑘲 𑘡𑘪𑘿𑘧𑘰 𑘢𑘱𑘛𑘲𑘩𑘰 𑘭𑘦𑘕𑘹𑘩.,156
data/synthetic/images/line_0156_v014.png,या प्रकल्पामुळे मोडी लिपी नव्या पिढीला समजेल.,𑘧𑘰 𑘢𑘿𑘨𑘎𑘩𑘿𑘢𑘰𑘦𑘳𑘯𑘹 𑘦𑘻𑘚𑘲 𑘩𑘱𑘢𑘲 𑘡𑘪𑘿𑘧𑘰 𑘢𑘱𑘛𑘲𑘩𑘰 𑘭𑘦𑘕𑘹𑘩.,156
data/synthetic/images/line_0156_v015.png,या प्रकल्पामुळे मोडी लिपी नव्या पिढीला समजेल.,𑘧𑘰 𑘢𑘿𑘨𑘎𑘩𑘿𑘢𑘰𑘦𑘳𑘯𑘹 𑘦𑘻𑘚𑘲 𑘩𑘱𑘢𑘲 𑘡𑘪𑘿𑘧𑘰 𑘢𑘱𑘛𑘲𑘩𑘰 𑘭𑘦𑘕𑘹𑘩.,156
data/synthetic/images/line_0156_v016.png,या प्रकल्पामुळे मोडी लिपी नव्या पिढीला समजेल.,𑘧𑘰 𑘢𑘿𑘨𑘎𑘩𑘿𑘢𑘰𑘦𑘳𑘯𑘹 𑘦𑘻𑘚𑘲 𑘩𑘱𑘢𑘲 𑘡𑘪𑘿𑘧𑘰 𑘢𑘱𑘛𑘲𑘩𑘰 𑘭𑘦𑘕𑘹𑘩.,156
data/synthetic/images/line_0156_v017.png,या प्रकल्पामुळे मोडी लिपी नव्या पिढीला समजेल.,𑘧𑘰 𑘢𑘿𑘨𑘎𑘩𑘿𑘢𑘰𑘦𑘳𑘯𑘹 𑘦𑘻𑘚𑘲 𑘩𑘱𑘢𑘲 𑘡𑘪𑘿𑘧𑘰 𑘢𑘱𑘛𑘲𑘩𑘰 𑘭𑘦𑘕𑘹𑘩.,156
data/synthetic/images/line_0156_v018.png,या प्रकल्पामुळे मोडी लिपी नव्या पिढीला समजेल.,𑘧𑘰 𑘢𑘿𑘨𑘎𑘩𑘿𑘢𑘰𑘦𑘳𑘯𑘹 𑘦𑘻𑘚𑘲 𑘩𑘱𑘢𑘲 𑘡𑘪𑘿𑘧𑘰 𑘢𑘱𑘛𑘲𑘩𑘰 𑘭𑘦𑘕𑘹𑘩.,156
data/synthetic/images/line_0156_v019.png,या प्रकल्पामुळे मोडी लिपी नव्या पिढीला समजेल.,𑘧𑘰 𑘢𑘿𑘨𑘎𑘩𑘿𑘢𑘰𑘦𑘳𑘯𑘹 𑘦𑘻𑘚𑘲 𑘩𑘱𑘢𑘲 𑘡𑘪𑘿𑘧𑘰 𑘢𑘱𑘛𑘲𑘩𑘰 𑘭𑘦𑘕𑘹𑘩.,156
data/synthetic/images/line_0156_v020.png,या प्रकल्पामुळे मोडी लिपी नव्या पिढीला समजेल.,𑘧𑘰 𑘢𑘿𑘨𑘎𑘩𑘿𑘢𑘰𑘦𑘳𑘯𑘹 𑘦𑘻𑘚𑘲 𑘩𑘱𑘢𑘲 𑘡𑘪𑘿𑘧𑘰 𑘢𑘱𑘛𑘲𑘩𑘰 𑘭𑘦𑘕𑘹𑘩.,156
data/synthetic/images/line_0156_v021.png,या प्रकल्पामुळे मोडी लिपी नव्या पिढीला समजेल.,𑘧𑘰 𑘢𑘿𑘨𑘎𑘩𑘿𑘢𑘰𑘦𑘳𑘯𑘹 𑘦𑘻𑘚𑘲 𑘩𑘱𑘢𑘲 𑘡𑘪𑘿𑘧𑘰 𑘢𑘱𑘛𑘲𑘩𑘰 𑘭𑘦𑘕𑘹𑘩.,156
data/synthetic/images/line_0156_v022.png,या प्रकल्पामुळे मोडी लिपी नव्या पिढीला समजेल.,𑘧𑘰 𑘢𑘿𑘨𑘎𑘩𑘿𑘢𑘰𑘦𑘳𑘯𑘹 𑘦𑘻𑘚𑘲 𑘩𑘱𑘢𑘲 𑘡𑘪𑘿𑘧𑘰 𑘢𑘱𑘛𑘲𑘩𑘰 𑘭𑘦𑘕𑘹𑘩.,156
data/synthetic/images/line_0156_v023.png,या प्रकल्पामुळे मोडी लिपी नव्या पिढीला समजेल.,𑘧𑘰 𑘢𑘿𑘨𑘎𑘩𑘿𑘢𑘰𑘦𑘳𑘯𑘹 𑘦𑘻𑘚𑘲 𑘩𑘱𑘢𑘲 𑘡𑘪𑘿𑘧𑘰 𑘢𑘱𑘛𑘲𑘩𑘰 𑘭𑘦𑘕𑘹𑘩.,156
data/synthetic/images/line_0156_v024.png,या प्रकल्पामुळे मोडी लिपी नव्या पिढीला समजेल.,𑘧𑘰 𑘢𑘿𑘨𑘎𑘩𑘿𑘢𑘰𑘦𑘳𑘯𑘹 𑘦𑘻𑘚𑘲 𑘩𑘱𑘢𑘲 𑘡𑘪𑘿𑘧𑘰 𑘢𑘱𑘛𑘲𑘩𑘰 𑘭𑘦𑘕𑘹𑘩.,156
data/synthetic/images/line_0156_v025.png,या प्रकल्पामुळे मोडी लिपी नव्या पिढीला समजेल.,𑘧𑘰 𑘢𑘿𑘨𑘎𑘩𑘿𑘢𑘰𑘦𑘳𑘯𑘹 𑘦𑘻𑘚𑘲 𑘩𑘱𑘢𑘲 𑘡𑘪𑘿𑘧𑘰 𑘢𑘱𑘛𑘲𑘩𑘰 𑘭𑘦𑘕𑘹𑘩.,156
data/synthetic/images/line_0156_v026.png,या प्रकल्पामुळे मोडी लिपी नव्या पिढीला समजेल.,𑘧𑘰 𑘢𑘿𑘨𑘎𑘩𑘿𑘢𑘰𑘦𑘳𑘯𑘹 𑘦𑘻𑘚𑘲 𑘩𑘱𑘢𑘲 𑘡𑘪𑘿𑘧𑘰 𑘢𑘱𑘛𑘲𑘩𑘰 𑘭𑘦𑘕𑘹𑘩.,156
data/synthetic/images/line_0156_v027.png,या प्रकल्पामुळे मोडी लिपी नव्या पिढीला समजेल.,𑘧𑘰 𑘢𑘿𑘨𑘎𑘩𑘿𑘢𑘰𑘦𑘳𑘯𑘹 𑘦𑘻𑘚𑘲 𑘩𑘱𑘢𑘲 𑘡𑘪𑘿𑘧𑘰 𑘢𑘱𑘛𑘲𑘩𑘰 𑘭𑘦𑘕𑘹𑘩.,156
data/synthetic/images/line_0156_v028.png,या प्रकल्पामुळे मोडी लिपी नव्या पिढीला समजेल.,𑘧𑘰 𑘢𑘿𑘨𑘎𑘩𑘿𑘢𑘰𑘦𑘳𑘯𑘹 𑘦𑘻𑘚𑘲 𑘩𑘱𑘢𑘲 𑘡𑘪𑘿𑘧𑘰 𑘢𑘱𑘛𑘲𑘩𑘰 𑘭𑘦𑘕𑘹𑘩.,156
data/synthetic/images/line_0156_v029.png,या प्रकल्पामुळे मोडी लिपी नव्या पिढीला समजेल.,𑘧𑘰 𑘢𑘿𑘨𑘎𑘩𑘿𑘢𑘰𑘦𑘳𑘯𑘹 𑘦𑘻𑘚𑘲 𑘩𑘱𑘢𑘲 𑘡𑘪𑘿𑘧𑘰 𑘢𑘱𑘛𑘲𑘩𑘰 𑘭𑘦𑘕𑘹𑘩.,156
data/synthetic/images/line_0156_v030.png,या प्रकल्पामुळे मोडी लिपी नव्या पिढीला समजेल.,𑘧𑘰 𑘢𑘿𑘨𑘎𑘩𑘿𑘢𑘰𑘦𑘳𑘯𑘹 𑘦𑘻𑘚𑘲 𑘩𑘱𑘢𑘲 𑘡𑘪𑘿𑘧𑘰 𑘢𑘱𑘛𑘲𑘩𑘰 𑘭𑘦𑘕𑘹𑘩.,156
data/synthetic/images/line_0156_v031.png,या प्रकल्पामुळे मोडी लिपी नव्या पिढीला समजेल.,𑘧𑘰 𑘢𑘿𑘨𑘎𑘩𑘿𑘢𑘰𑘦𑘳𑘯𑘹 𑘦𑘻𑘚𑘲 𑘩𑘱𑘢𑘲 𑘡𑘪𑘿𑘧𑘰 𑘢𑘱𑘛𑘲𑘩𑘰 𑘭𑘦𑘕𑘹𑘩.,156
data/synthetic/images/line_0156_v032.png,या प्रकल्पामुळे मोडी लिपी नव्या पिढीला समजेल.,𑘧𑘰 𑘢𑘿𑘨𑘎𑘩𑘿𑘢𑘰𑘦𑘳𑘯𑘹 𑘦𑘻𑘚𑘲 𑘩𑘱𑘢𑘲 𑘡𑘪𑘿𑘧𑘰 𑘢𑘱𑘛𑘲𑘩𑘰 𑘭𑘦𑘕𑘹𑘩.,156
data/synthetic/images/line_0156_v033.png,या प्रकल्पामुळे मोडी लिपी नव्या पिढीला समजेल.,𑘧𑘰 𑘢𑘿𑘨𑘎𑘩𑘿𑘢𑘰𑘦𑘳𑘯𑘹 𑘦𑘻𑘚𑘲 𑘩𑘱𑘢𑘲 𑘡𑘪𑘿𑘧𑘰 𑘢𑘱𑘛𑘲𑘩𑘰 𑘭𑘦𑘕𑘹𑘩.,156
data/synthetic/images/line_0156_v034.png,या प्रकल्पामुळे मोडी लिपी नव्या पिढीला समजेल.,𑘧𑘰 𑘢𑘿𑘨𑘎𑘩𑘿𑘢𑘰𑘦𑘳𑘯𑘹 𑘦𑘻𑘚𑘲 𑘩𑘱𑘢𑘲 𑘡𑘪𑘿𑘧𑘰 𑘢𑘱𑘛𑘲𑘩𑘰 𑘭𑘦𑘕𑘹𑘩.,156
data/synthetic/images/line_0156_v035.png,या प्रकल्पामुळे मोडी लिपी नव्या पिढीला समजेल.,𑘧𑘰 𑘢𑘿𑘨𑘎𑘩𑘿𑘢𑘰𑘦𑘳𑘯𑘹 𑘦𑘻𑘚𑘲 𑘩𑘱𑘢𑘲 𑘡𑘪𑘿𑘧𑘰 𑘢𑘱𑘛𑘲𑘩𑘰 𑘭𑘦𑘕𑘹𑘩.,156
data/synthetic/images/line_0156_v036.png,या प्रकल्पामुळे मोडी लिपी नव्या पिढीला समजेल.,𑘧𑘰 𑘢𑘿𑘨𑘎𑘩𑘿𑘢𑘰𑘦𑘳𑘯𑘹 𑘦𑘻𑘚𑘲 𑘩𑘱𑘢𑘲 𑘡𑘪𑘿𑘧𑘰 𑘢𑘱𑘛𑘲𑘩𑘰 𑘭𑘦𑘕𑘹𑘩.,156
data/synthetic/images/line_0156_v037.png,या प्रकल्पामुळे मोडी लिपी नव्या पिढीला समजेल.,𑘧𑘰 𑘢𑘿𑘨𑘎𑘩𑘿𑘢𑘰𑘦𑘳𑘯𑘹 𑘦𑘻𑘚𑘲 𑘩𑘱𑘢𑘲 𑘡𑘪𑘿𑘧𑘰 𑘢𑘱𑘛𑘲𑘩𑘰 𑘭𑘦𑘕𑘹𑘩.,156
data/synthetic/images/line_0156_v038.png,या प्रकल्पामुळे मोडी लिपी नव्या पिढीला समजेल.,𑘧𑘰 𑘢𑘿𑘨𑘎𑘩𑘿𑘢𑘰𑘦𑘳𑘯𑘹 𑘦𑘻𑘚𑘲 𑘩𑘱𑘢𑘲 𑘡𑘪𑘿𑘧𑘰 𑘢𑘱𑘛𑘲𑘩𑘰 𑘭𑘦𑘕𑘹𑘩.,156
data/synthetic/images/line_0156_v039.png,या प्रकल्पामुळे मोडी लिपी नव्या पिढीला समजेल.,𑘧𑘰 𑘢𑘿𑘨𑘎𑘩𑘿𑘢𑘰𑘦𑘳𑘯𑘹 𑘦𑘻𑘚𑘲 𑘩𑘱𑘢𑘲 𑘡𑘪𑘿𑘧𑘰 𑘢𑘱𑘛𑘲𑘩𑘰 𑘭𑘦𑘕𑘹𑘩.,156
data/synthetic/images/line_0157_v000.png,डिजिटल स्वरूपात दस्तऐवज जपले जातील.,𑘚𑘱𑘕𑘱𑘘𑘩 𑘭𑘿𑘪𑘨𑘴𑘢𑘰𑘝 𑘟𑘭𑘿𑘝𑘋𑘪𑘕 𑘕𑘢𑘩𑘹 𑘕𑘰𑘝𑘲𑘩.,157
data/synthetic/images/line_0157_v001.png,डिजिटल स्वरूपात दस्तऐवज जपले जातील.,𑘚𑘱𑘕𑘱𑘘𑘩 𑘭𑘿𑘪𑘨𑘴𑘢𑘰𑘝 𑘟𑘭𑘿𑘝𑘋𑘪𑘕 𑘕𑘢𑘩𑘹 𑘕𑘰𑘝𑘲𑘩.,157
data/synthetic/images/line_0157_v002.png,डिजिटल स्वरूपात दस्तऐवज जपले जातील.,𑘚𑘱𑘕𑘱𑘘𑘩 𑘭𑘿𑘪𑘨𑘴𑘢𑘰𑘝 𑘟𑘭𑘿𑘝𑘋𑘪𑘕 𑘕𑘢𑘩𑘹 𑘕𑘰𑘝𑘲𑘩.,157
data/synthetic/images/line_0157_v003.png,डिजिटल स्वरूपात दस्तऐवज जपले जातील.,𑘚𑘱𑘕𑘱𑘘𑘩 𑘭𑘿𑘪𑘨𑘴𑘢𑘰𑘝 𑘟𑘭𑘿𑘝𑘋𑘪𑘕 𑘕𑘢𑘩𑘹 𑘕𑘰𑘝𑘲𑘩.,157
data/synthetic/images/line_0157_v004.png,डिजिटल स्वरूपात दस्तऐवज जपले जातील.,𑘚𑘱𑘕𑘱𑘘𑘩 𑘭𑘿𑘪𑘨𑘴𑘢𑘰𑘝 𑘟𑘭𑘿𑘝𑘋𑘪𑘕 𑘕𑘢𑘩𑘹 𑘕𑘰𑘝𑘲𑘩.,157
data/synthetic/images/line_0157_v005.png,डिजिटल स्वरूपात दस्तऐवज जपले जातील.,𑘚𑘱𑘕𑘱𑘘𑘩 𑘭𑘿𑘪𑘨𑘴𑘢𑘰𑘝 𑘟𑘭𑘿𑘝𑘋𑘪𑘕 𑘕𑘢𑘩𑘹 𑘕𑘰𑘝𑘲𑘩.,157
data/synthetic/images/line_0157_v006.png,डिजिटल स्वरूपात दस्तऐवज जपले जातील.,𑘚𑘱𑘕𑘱𑘘𑘩 𑘭𑘿𑘪𑘨𑘴𑘢𑘰𑘝 𑘟𑘭𑘿𑘝𑘋𑘪𑘕 𑘕𑘢𑘩𑘹 𑘕𑘰𑘝𑘲𑘩.,157
data/synthetic/images/line_0157_v007.png,डिजिटल स्वरूपात दस्तऐवज जपले जातील.,𑘚𑘱𑘕𑘱𑘘𑘩 𑘭𑘿𑘪𑘨𑘴𑘢𑘰𑘝 𑘟𑘭𑘿𑘝𑘋𑘪𑘕 𑘕𑘢𑘩𑘹 𑘕𑘰𑘝𑘲𑘩.,157
data/synthetic/images/line_0157_v008.png,डिजिटल स्वरूपात दस्तऐवज जपले जातील.,𑘚𑘱𑘕𑘱𑘘𑘩 𑘭𑘿𑘪𑘨𑘴𑘢𑘰𑘝 𑘟𑘭𑘿𑘝𑘋𑘪𑘕 𑘕𑘢𑘩𑘹 𑘕𑘰𑘝𑘲𑘩.,157
data/synthetic/images/line_0157_v009.png,डिजिटल स्वरूपात दस्तऐवज जपले जातील.,𑘚𑘱𑘕𑘱𑘘𑘩 𑘭𑘿𑘪𑘨𑘴𑘢𑘰𑘝 𑘟𑘭𑘿𑘝𑘋𑘪𑘕 𑘕𑘢𑘩𑘹 𑘕𑘰𑘝𑘲𑘩.,157
data/synthetic/images/line_0157_v010.png,डिजिटल स्वरूपात दस्तऐवज जपले जातील.,𑘚𑘱𑘕𑘱𑘘𑘩 𑘭𑘿𑘪𑘨𑘴𑘢𑘰𑘝 𑘟𑘭𑘿𑘝𑘋𑘪𑘕 𑘕𑘢𑘩𑘹 𑘕𑘰𑘝𑘲𑘩.,157
data/synthetic/images/line_0157_v011.png,डिजिटल स्वरूपात दस्तऐवज जपले जातील.,𑘚𑘱𑘕𑘱𑘘𑘩 𑘭𑘿𑘪𑘨𑘴𑘢𑘰𑘝 𑘟𑘭𑘿𑘝𑘋𑘪𑘕 𑘕𑘢𑘩𑘹 𑘕𑘰𑘝𑘲𑘩.,157
data/synthetic/images/line_0157_v012.png,डिजिटल स्वरूपात दस्तऐवज जपले जातील.,𑘚𑘱𑘕𑘱𑘘𑘩 𑘭𑘿𑘪𑘨𑘴𑘢𑘰𑘝 𑘟𑘭𑘿𑘝𑘋𑘪𑘕 𑘕𑘢𑘩𑘹 𑘕𑘰𑘝𑘲𑘩.,157
data/synthetic/images/line_0157_v013.png,डिजिटल स्वरूपात दस्तऐवज जपले जातील.,𑘚𑘱𑘕𑘱𑘘𑘩 𑘭𑘿𑘪𑘨𑘴𑘢𑘰𑘝 𑘟𑘭𑘿𑘝𑘋𑘪𑘕 𑘕𑘢𑘩𑘹 𑘕𑘰𑘝𑘲𑘩.,157
data/synthetic/images/line_0157_v014.png,डिजिटल स्वरूपात दस्तऐवज जपले जातील.,𑘚𑘱𑘕𑘱𑘘𑘩 𑘭𑘿𑘪𑘨𑘴𑘢𑘰𑘝 𑘟𑘭𑘿𑘝𑘋𑘪𑘕 𑘕𑘢𑘩𑘹 𑘕𑘰𑘝𑘲𑘩.,157
data/synthetic/images/line_0157_v015.png,डिजिटल स्वरूपात दस्तऐवज जपले जातील.,𑘚𑘱𑘕𑘱𑘘𑘩 𑘭𑘿𑘪𑘨𑘴𑘢𑘰𑘝 𑘟𑘭𑘿𑘝𑘋𑘪𑘕 𑘕𑘢𑘩𑘹 𑘕𑘰𑘝𑘲𑘩.,157
data/synthetic/images/line_0157_v016.png,डिजिटल स्वरूपात दस्तऐवज जपले जातील.,𑘚𑘱𑘕𑘱𑘘𑘩 𑘭𑘿𑘪𑘨𑘴𑘢𑘰𑘝 𑘟𑘭𑘿𑘝𑘋𑘪𑘕 𑘕𑘢𑘩𑘹 𑘕𑘰𑘝𑘲𑘩.,157
data/synthetic/images/line_0157_v017.png,डिजिटल स्वरूपात दस्तऐवज जपले जातील.,𑘚𑘱𑘕𑘱𑘘𑘩 𑘭𑘿𑘪𑘨𑘴𑘢𑘰𑘝 𑘟𑘭𑘿𑘝𑘋𑘪𑘕 𑘕𑘢𑘩𑘹 𑘕𑘰𑘝𑘲𑘩.,157
data/synthetic/images/line_0157_v018.png,डिजिटल स्वरूपात दस्तऐवज जपले जातील.,𑘚𑘱𑘕𑘱𑘘𑘩 𑘭𑘿𑘪𑘨𑘴𑘢𑘰𑘝 𑘟𑘭𑘿𑘝𑘋𑘪𑘕 𑘕𑘢𑘩𑘹 𑘕𑘰𑘝𑘲𑘩.,157
data/synthetic/images/line_0157_v019.png,डिजिटल स्वरूपात दस्तऐवज जपले जातील.,𑘚𑘱𑘕𑘱𑘘𑘩 𑘭𑘿𑘪𑘨𑘴𑘢𑘰𑘝 𑘟𑘭𑘿𑘝𑘋𑘪𑘕 𑘕𑘢𑘩𑘹 𑘕𑘰𑘝𑘲𑘩.,157
data/synthetic/images/line_0157_v020.png,डिजिटल स्वरूपात दस्तऐवज जपले जातील.,𑘚𑘱𑘕𑘱𑘘𑘩 𑘭𑘿𑘪𑘨𑘴𑘢𑘰𑘝 𑘟𑘭𑘿𑘝𑘋𑘪𑘕 𑘕𑘢𑘩𑘹 𑘕𑘰𑘝𑘲𑘩.,157
data/synthetic/images/line_0157_v021.png,डिजिटल स्वरूपात दस्तऐवज जपले जातील.,𑘚𑘱𑘕𑘱𑘘𑘩 𑘭𑘿𑘪𑘨𑘴𑘢𑘰𑘝 𑘟𑘭𑘿𑘝𑘋𑘪𑘕 𑘕𑘢𑘩𑘹 𑘕𑘰𑘝𑘲𑘩.,157
data/synthetic/images/line_0157_v022.png,डिजिटल स्वरूपात दस्तऐवज जपले जातील.,𑘚𑘱𑘕𑘱𑘘𑘩 𑘭𑘿𑘪𑘨𑘴𑘢𑘰𑘝 𑘟𑘭𑘿𑘝𑘋𑘪𑘕 𑘕𑘢𑘩𑘹 𑘕𑘰𑘝𑘲𑘩.,157
data/synthetic/images/line_0157_v023.png,डिजिटल स्वरूपात दस्तऐवज जपले जातील.,𑘚𑘱𑘕𑘱𑘘𑘩 𑘭𑘿𑘪𑘨𑘴𑘢𑘰𑘝 𑘟𑘭𑘿𑘝𑘋𑘪𑘕 𑘕𑘢𑘩𑘹 𑘕𑘰𑘝𑘲𑘩.,157
data/synthetic/images/line_0157_v024.png,डिजिटल स्वरूपात दस्तऐवज जपले जातील.,𑘚𑘱𑘕𑘱𑘘𑘩 𑘭𑘿𑘪𑘨𑘴𑘢𑘰𑘝 𑘟𑘭𑘿𑘝𑘋𑘪𑘕 𑘕𑘢𑘩𑘹 𑘕𑘰𑘝𑘲𑘩.,157
data/synthetic/images/line_0157_v025.png,डिजिटल स्वरूपात दस्तऐवज जपले जातील.,𑘚𑘱𑘕𑘱𑘘𑘩 𑘭𑘿𑘪𑘨𑘴𑘢𑘰𑘝 𑘟𑘭𑘿𑘝𑘋𑘪𑘕 𑘕𑘢𑘩𑘹 𑘕𑘰𑘝𑘲𑘩.,157
data/synthetic/images/line_0157_v026.png,डिजिटल स्वरूपात दस्तऐवज जपले जातील.,𑘚𑘱𑘕𑘱𑘘𑘩 𑘭𑘿𑘪𑘨𑘴𑘢𑘰𑘝 𑘟𑘭𑘿𑘝𑘋𑘪𑘕 𑘕𑘢𑘩𑘹 𑘕𑘰𑘝𑘲𑘩.,157
data/synthetic/images/line_0157_v027.png,डिजिटल स्वरूपात दस्तऐवज जपले जातील.,𑘚𑘱𑘕𑘱𑘘𑘩 𑘭𑘿𑘪𑘨𑘴𑘢𑘰𑘝 𑘟𑘭𑘿𑘝𑘋𑘪𑘕 𑘕𑘢𑘩𑘹 𑘕𑘰𑘝𑘲𑘩.,157
data/synthetic/images/line_0157_v028.png,डिजिटल स्वरूपात दस्तऐवज जपले जातील.,𑘚𑘱𑘕𑘱𑘘𑘩 𑘭𑘿𑘪𑘨𑘴𑘢𑘰𑘝 𑘟𑘭𑘿𑘝𑘋𑘪𑘕 𑘕𑘢𑘩𑘹 𑘕𑘰𑘝𑘲𑘩.,157
data/synthetic/images/line_0157_v029.png,डिजिटल स्वरूपात दस्तऐवज जपले जातील.,𑘚𑘱𑘕𑘱𑘘𑘩 𑘭𑘿𑘪𑘨𑘴𑘢𑘰𑘝 𑘟𑘭𑘿𑘝𑘋𑘪𑘕 𑘕𑘢𑘩𑘹 𑘕𑘰𑘝𑘲𑘩.,157
data/synthetic/images/line_0157_v030.png,डिजिटल स्वरूपात दस्तऐवज जपले जातील.,𑘚𑘱𑘕𑘱𑘘𑘩 𑘭𑘿𑘪𑘨𑘴𑘢𑘰𑘝 𑘟𑘭𑘿𑘝𑘋𑘪𑘕 𑘕𑘢𑘩𑘹 𑘕𑘰𑘝𑘲𑘩.,157
data/synthetic/images/line_0157_v031.png,डिजिटल स्वरूपात दस्तऐवज जपले जातील.,𑘚𑘱𑘕𑘱𑘘𑘩 𑘭𑘿𑘪𑘨𑘴𑘢𑘰𑘝 𑘟𑘭𑘿𑘝𑘋𑘪𑘕 𑘕𑘢𑘩𑘹 𑘕𑘰𑘝𑘲𑘩.,157
data/synthetic/images/line_0157_v032.png,डिजिटल स्वरूपात दस्तऐवज जपले जातील.,𑘚𑘱𑘕𑘱𑘘𑘩 𑘭𑘿𑘪𑘨𑘴𑘢𑘰𑘝 𑘟𑘭𑘿𑘝𑘋𑘪𑘕 𑘕𑘢𑘩𑘹 𑘕𑘰𑘝𑘲𑘩.,157
data/synthetic/images/line_0157_v033.png,डिजिटल स्वरूपात दस्तऐवज जपले जातील.,𑘚𑘱𑘕𑘱𑘘𑘩 𑘭𑘿𑘪𑘨𑘴𑘢𑘰𑘝 𑘟𑘭𑘿𑘝𑘋𑘪𑘕 𑘕𑘢𑘩𑘹 𑘕𑘰𑘝𑘲𑘩.,157
data/synthetic/images/line_0157_v034.png,डिजिटल स्वरूपात दस्तऐवज जपले जातील.,𑘚𑘱𑘕𑘱𑘘𑘩 𑘭𑘿𑘪𑘨𑘴𑘢𑘰𑘝 𑘟𑘭𑘿𑘝𑘋𑘪𑘕 𑘕𑘢𑘩𑘹 𑘕𑘰𑘝𑘲𑘩.,157
data/synthetic/images/line_0157_v035.png,डिजिटल स्वरूपात दस्तऐवज जपले जातील.,𑘚𑘱𑘕𑘱𑘘𑘩 𑘭𑘿𑘪𑘨𑘴𑘢𑘰𑘝 𑘟𑘭𑘿𑘝𑘋𑘪𑘕 𑘕𑘢𑘩𑘹 𑘕𑘰𑘝𑘲𑘩.,157
data/synthetic/images/line_0157_v036.png,डिजिटल स्वरूपात दस्तऐवज जपले जातील.,𑘚𑘱𑘕𑘱𑘘𑘩 𑘭𑘿𑘪𑘨𑘴𑘢𑘰𑘝 𑘟𑘭𑘿𑘝𑘋𑘪𑘕 𑘕𑘢𑘩𑘹 𑘕𑘰𑘝𑘲𑘩.,157
data/synthetic/images/line_0157_v037.png,डिजिटल स्वरूपात दस्तऐवज जपले जातील.,𑘚𑘱𑘕𑘱𑘘𑘩 𑘭𑘿𑘪𑘨𑘴𑘢𑘰𑘝 𑘟𑘭𑘿𑘝𑘋𑘪𑘕 𑘕𑘢𑘩𑘹 𑘕𑘰𑘝𑘲𑘩.,157
data/synthetic/images/line_0157_v038.png,डिजिटल स्वरूपात दस्तऐवज जपले जातील.,𑘚𑘱𑘕𑘱𑘘𑘩 𑘭𑘿𑘪𑘨𑘴𑘢𑘰𑘝 𑘟𑘭𑘿𑘝𑘋𑘪𑘕 𑘕𑘢𑘩𑘹 𑘕𑘰𑘝𑘲𑘩.,157
data/synthetic/images/line_0157_v039.png,डिजिटल स्वरूपात दस्तऐवज जपले जातील.,𑘚𑘱𑘕𑘱𑘘𑘩 𑘭𑘿𑘪𑘨𑘴𑘢𑘰𑘝 𑘟𑘭𑘿𑘝𑘋𑘪𑘕 𑘕𑘢𑘩𑘹 𑘕𑘰𑘝𑘲𑘩.,157
data/synthetic/images/line_0158_v000.png,संकेतस्थळावर प्रतिमा आणि मजकूर पाहता येईल.,𑘭𑘽𑘎𑘹𑘝𑘭𑘿𑘞𑘯𑘰𑘪𑘨 𑘢𑘿𑘨𑘝𑘱𑘦𑘰 𑘁𑘜𑘱 𑘦𑘕𑘎𑘴𑘨 𑘢𑘰𑘮𑘝𑘰 𑘧𑘹𑘃𑘩.,158
data/synthetic/images/line_0158_v001.png,संकेतस्थळावर प्रतिमा आणि मजकूर पाहता येईल.,𑘭𑘽𑘎𑘹𑘝𑘭𑘿𑘞𑘯𑘰𑘪𑘨 𑘢𑘿𑘨𑘝𑘱𑘦𑘰 𑘁𑘜𑘱 𑘦𑘕𑘎𑘴𑘨 𑘢𑘰𑘮𑘝𑘰 𑘧𑘹𑘃𑘩.,158
data/synthetic/images/line_0158_v002.png,संकेतस्थळावर प्रतिमा आणि मजकूर पाहता येईल.,𑘭𑘽𑘎𑘹𑘝𑘭𑘿𑘞𑘯𑘰𑘪𑘨 𑘢𑘿𑘨𑘝𑘱𑘦𑘰 𑘁𑘜𑘱 𑘦𑘕𑘎𑘴𑘨 𑘢𑘰𑘮𑘝𑘰 𑘧𑘹𑘃𑘩.,158
data/synthetic/images/line_0158_v003.png,संकेतस्थळावर प्रतिमा आणि मजकूर पाहता येईल.,𑘭𑘽𑘎𑘹𑘝𑘭𑘿𑘞𑘯𑘰𑘪𑘨 𑘢𑘿𑘨𑘝𑘱𑘦𑘰 𑘁𑘜𑘱 𑘦𑘕𑘎𑘴𑘨 𑘢𑘰𑘮𑘝𑘰 𑘧𑘹𑘃𑘩.,158
data/synthetic/images/line_0158_v004.png,संकेतस्थळावर प्रतिमा आणि मजकूर पाहता येईल.,𑘭𑘽𑘎𑘹𑘝𑘭𑘿𑘞𑘯𑘰𑘪𑘨 𑘢𑘿𑘨𑘝𑘱𑘦𑘰 𑘁𑘜𑘱 𑘦𑘕𑘎𑘴𑘨 𑘢𑘰𑘮𑘝𑘰 𑘧𑘹𑘃𑘩.,158
data/synthetic/images/line_0158_v005.png,संकेतस्थळावर प्रतिमा आणि मजकूर पाहता येईल.,𑘭𑘽𑘎𑘹𑘝𑘭𑘿𑘞𑘯𑘰𑘪𑘨 𑘢𑘿𑘨𑘝𑘱𑘦𑘰 𑘁𑘜𑘱 𑘦𑘕𑘎𑘴𑘨 𑘢𑘰𑘮𑘝𑘰 𑘧𑘹𑘃𑘩.,158
data/synthetic/images/line_0158_v006.png,संकेतस्थळावर प्रतिमा आणि मजकूर पाहता येईल.,𑘭𑘽𑘎𑘹𑘝𑘭𑘿𑘞𑘯𑘰𑘪𑘨 𑘢𑘿𑘨𑘝𑘱𑘦𑘰 𑘁𑘜𑘱 𑘦𑘕𑘎𑘴𑘨 𑘢𑘰𑘮𑘝𑘰 𑘧𑘹𑘃𑘩.,158
data/synthetic/images/line_0158_v007.png,संकेतस्थळावर प्रतिमा आणि मजकूर पाहता येईल.,𑘭𑘽𑘎𑘹𑘝𑘭𑘿𑘞𑘯𑘰𑘪𑘨 𑘢𑘿𑘨𑘝𑘱𑘦𑘰 𑘁𑘜𑘱 𑘦𑘕𑘎𑘴𑘨 𑘢𑘰𑘮𑘝𑘰 𑘧𑘹𑘃𑘩.,158
data/synthetic/images/line_0158_v008.png,संकेतस्थळावर प्रतिमा आणि मजकूर पाहता येईल.,𑘭𑘽𑘎𑘹𑘝𑘭𑘿𑘞𑘯𑘰𑘪𑘨 𑘢𑘿𑘨𑘝𑘱𑘦𑘰 𑘁𑘜𑘱 𑘦𑘕𑘎𑘴𑘨 𑘢𑘰𑘮𑘝𑘰 𑘧𑘹𑘃𑘩.,158
data/synthetic/images/line_0158_v009.png,संकेतस्थळावर प्रतिमा आणि मजकूर पाहता येईल.,𑘭𑘽𑘎𑘹𑘝𑘭𑘿𑘞𑘯𑘰𑘪𑘨 𑘢𑘿𑘨𑘝𑘱𑘦𑘰 𑘁𑘜𑘱 𑘦𑘕𑘎𑘴𑘨 𑘢𑘰𑘮𑘝𑘰 𑘧𑘹𑘃𑘩.,158
data/synthetic/images/line_0158_v010.png,संकेतस्थळावर प्रतिमा आणि मजकूर पाहता येईल.,𑘭𑘽𑘎𑘹𑘝𑘭𑘿𑘞𑘯𑘰𑘪𑘨 𑘢𑘿𑘨𑘝𑘱𑘦𑘰 𑘁𑘜𑘱 𑘦𑘕𑘎𑘴𑘨 𑘢𑘰𑘮𑘝𑘰 𑘧𑘹𑘃𑘩.,158
data/synthetic/images/line_0158_v011.png,संकेतस्थळावर प्रतिमा आणि मजकूर पाहता येईल.,𑘭𑘽𑘎𑘹𑘝𑘭𑘿𑘞𑘯𑘰𑘪𑘨 𑘢𑘿𑘨𑘝𑘱𑘦𑘰 𑘁𑘜𑘱 𑘦𑘕𑘎𑘴𑘨 𑘢𑘰𑘮𑘝𑘰 𑘧𑘹𑘃𑘩.,158
data/synthetic/images/line_0158_v012.png,संकेतस्थळावर प्रतिमा आणि मजकूर पाहता येईल.,𑘭𑘽𑘎𑘹𑘝𑘭𑘿𑘞𑘯𑘰𑘪𑘨 𑘢𑘿𑘨𑘝𑘱𑘦𑘰 𑘁𑘜𑘱 𑘦𑘕𑘎𑘴𑘨 𑘢𑘰𑘮𑘝𑘰 𑘧𑘹𑘃𑘩.,158
data/synthetic/images/line_0158_v013.png,संकेतस्थळावर प्रतिमा आणि मजकूर पाहता येईल.,𑘭𑘽𑘎𑘹𑘝𑘭𑘿𑘞𑘯𑘰𑘪𑘨 𑘢𑘿𑘨𑘝𑘱𑘦𑘰 𑘁𑘜𑘱 𑘦𑘕𑘎𑘴𑘨 𑘢𑘰𑘮𑘝𑘰 𑘧𑘹𑘃𑘩.,158
data/synthetic/images/line_0158_v014.png,संकेतस्थळावर प्रतिमा आणि मजकूर पाहता येईल.,𑘭𑘽𑘎𑘹𑘝𑘭𑘿𑘞𑘯𑘰𑘪𑘨 𑘢𑘿𑘨𑘝𑘱𑘦𑘰 𑘁𑘜𑘱 𑘦𑘕𑘎𑘴𑘨 𑘢𑘰𑘮𑘝𑘰 𑘧𑘹𑘃𑘩.,158
data/synthetic/images/line_0158_v015.png,संकेतस्थळावर प्रतिमा आणि मजकूर पाहता येईल.,𑘭𑘽𑘎𑘹𑘝𑘭𑘿𑘞𑘯𑘰𑘪𑘨 𑘢𑘿𑘨𑘝𑘱𑘦𑘰 𑘁𑘜𑘱 𑘦𑘕𑘎𑘴𑘨 𑘢𑘰𑘮𑘝𑘰 𑘧𑘹𑘃𑘩.,158
data/synthetic/images/line_0158_v016.png,संकेतस्थळावर प्रतिमा आणि मजकूर पाहता येईल.,𑘭𑘽𑘎𑘹𑘝𑘭𑘿𑘞𑘯𑘰𑘪𑘨 𑘢𑘿𑘨𑘝𑘱𑘦𑘰 𑘁𑘜𑘱 𑘦𑘕𑘎𑘴𑘨 𑘢𑘰𑘮𑘝𑘰 𑘧𑘹𑘃𑘩.,158
data/synthetic/images/line_0158_v017.png,संकेतस्थळावर प्रतिमा आणि मजकूर पाहता येईल.,𑘭𑘽𑘎𑘹𑘝𑘭𑘿𑘞𑘯𑘰𑘪𑘨 𑘢𑘿𑘨𑘝𑘱𑘦𑘰 𑘁𑘜𑘱 𑘦𑘕𑘎𑘴𑘨 𑘢𑘰𑘮𑘝𑘰 𑘧𑘹𑘃𑘩.,158
data/synthetic/images/line_0158_v018.png,संकेतस्थळावर प्रतिमा आणि मजकूर पाहता येईल.,𑘭𑘽𑘎𑘹𑘝𑘭𑘿𑘞𑘯𑘰𑘪𑘨 𑘢𑘿𑘨𑘝𑘱𑘦𑘰 𑘁𑘜𑘱 𑘦𑘕𑘎𑘴𑘨 𑘢𑘰𑘮𑘝𑘰 𑘧𑘹𑘃𑘩.,158
data/synthetic/images/line_0158_v019.png,संकेतस्थळावर प्रतिमा आणि मजकूर पाहता येईल.,𑘭𑘽𑘎𑘹𑘝𑘭𑘿𑘞𑘯𑘰𑘪𑘨 𑘢𑘿𑘨𑘝𑘱𑘦𑘰 𑘁𑘜𑘱 𑘦𑘕𑘎𑘴𑘨 𑘢𑘰𑘮𑘝𑘰 𑘧𑘹𑘃𑘩.,158
data/synthetic/images/line_0158_v020.png,संकेतस्थळावर प्रतिमा आणि मजकूर पाहता येईल.,𑘭𑘽𑘎𑘹𑘝𑘭𑘿𑘞𑘯𑘰𑘪𑘨 𑘢𑘿𑘨𑘝𑘱𑘦𑘰 𑘁𑘜𑘱 𑘦𑘕𑘎𑘴𑘨 𑘢𑘰𑘮𑘝𑘰 𑘧𑘹𑘃𑘩.,158
data/synthetic/images/line_0158_v021.png,संकेतस्थळावर प्रतिमा आणि मजकूर पाहता येईल.,𑘭𑘽𑘎𑘹𑘝𑘭𑘿𑘞𑘯𑘰𑘪𑘨 𑘢𑘿𑘨𑘝𑘱𑘦𑘰 𑘁𑘜𑘱 𑘦𑘕𑘎𑘴𑘨 𑘢𑘰𑘮𑘝𑘰 𑘧𑘹𑘃𑘩.,158
data/synthetic/images/line_0158_v022.png,संकेतस्थळावर प्रतिमा आणि मजकूर पाहता येईल.,𑘭𑘽𑘎𑘹𑘝𑘭𑘿𑘞𑘯𑘰𑘪𑘨 𑘢𑘿𑘨𑘝𑘱𑘦𑘰 𑘁𑘜𑘱 𑘦𑘕𑘎𑘴𑘨 𑘢𑘰𑘮𑘝𑘰 𑘧𑘹𑘃𑘩.,158
data/synthetic/images/line_0158_v023.png,संकेतस्थळावर प्रतिमा आणि मजकूर पाहता येईल.,𑘭𑘽𑘎𑘹𑘝𑘭𑘿𑘞𑘯𑘰𑘪𑘨 𑘢𑘿𑘨𑘝𑘱𑘦𑘰 𑘁𑘜𑘱 𑘦𑘕𑘎𑘴𑘨 𑘢𑘰𑘮𑘝𑘰 𑘧𑘹𑘃𑘩.,158
data/synthetic/images/line_0158_v024.png,संकेतस्थळावर प्रतिमा आणि मजकूर पाहता येईल.,𑘭𑘽𑘎𑘹𑘝𑘭𑘿𑘞𑘯𑘰𑘪𑘨 𑘢𑘿𑘨𑘝𑘱𑘦𑘰 𑘁𑘜𑘱 𑘦𑘕𑘎𑘴𑘨 𑘢𑘰𑘮𑘝𑘰 𑘧𑘹𑘃𑘩.,158
data/synthetic/images/line_0158_v025.png,संकेतस्थळावर प्रतिमा आणि मजकूर पाहता येईल.,𑘭𑘽𑘎𑘹𑘝𑘭𑘿𑘞𑘯𑘰𑘪𑘨 𑘢𑘿𑘨𑘝𑘱𑘦𑘰 𑘁𑘜𑘱 𑘦𑘕𑘎𑘴𑘨 𑘢𑘰𑘮𑘝𑘰 𑘧𑘹𑘃𑘩.,158
data/synthetic/images/line_0158_v026.png,संकेतस्थळावर प्रतिमा आणि मजकूर पाहता येईल.,𑘭𑘽𑘎𑘹𑘝𑘭𑘿𑘞𑘯𑘰𑘪𑘨 𑘢𑘿𑘨𑘝𑘱𑘦𑘰 𑘁𑘜𑘱 𑘦𑘕𑘎𑘴𑘨 𑘢𑘰𑘮𑘝𑘰 𑘧𑘹𑘃𑘩.,158
data/synthetic/images/line_0158_v027.png,संकेतस्थळावर प्रतिमा आणि मजकूर पाहता येईल.,𑘭𑘽𑘎𑘹𑘝𑘭𑘿𑘞𑘯𑘰𑘪𑘨 𑘢𑘿𑘨𑘝𑘱𑘦𑘰 𑘁𑘜𑘱 𑘦𑘕𑘎𑘴𑘨 𑘢𑘰𑘮𑘝𑘰 𑘧𑘹𑘃𑘩.,158
data/synthetic/images/line_0158_v028.png,संकेतस्थळावर प्रतिमा आणि मजकूर पाहता येईल.,𑘭𑘽𑘎𑘹𑘝𑘭𑘿𑘞𑘯𑘰𑘪𑘨 𑘢𑘿𑘨𑘝𑘱𑘦𑘰 𑘁𑘜𑘱 𑘦𑘕𑘎𑘴𑘨 𑘢𑘰𑘮𑘝𑘰 𑘧𑘹𑘃𑘩.,158
data/synthetic/images/line_0158_v029.png,संकेतस्थळावर प्रतिमा आणि मजकूर पाहता येईल.,𑘭𑘽𑘎𑘹𑘝𑘭𑘿𑘞𑘯𑘰𑘪𑘨 𑘢𑘿𑘨𑘝𑘱𑘦𑘰 𑘁𑘜𑘱 𑘦𑘕𑘎𑘴𑘨 𑘢𑘰𑘮𑘝𑘰 𑘧𑘹𑘃𑘩.,158
data/synthetic/images/line_0158_v030.png,संकेतस्थळावर प्रतिमा आणि मजकूर पाहता येईल.,𑘭𑘽𑘎𑘹𑘝𑘭𑘿𑘞𑘯𑘰𑘪𑘨 𑘢𑘿𑘨𑘝𑘱𑘦𑘰 𑘁𑘜𑘱 𑘦𑘕𑘎𑘴𑘨 𑘢𑘰𑘮𑘝𑘰 𑘧𑘹𑘃𑘩.,158
data/synthetic/images/line_0158_v031.png,संकेतस्थळावर प्रतिमा आणि मजकूर पाहता येईल.,𑘭𑘽𑘎𑘹𑘝𑘭𑘿𑘞𑘯𑘰𑘪𑘨 𑘢𑘿𑘨𑘝𑘱𑘦𑘰 𑘁𑘜𑘱 𑘦𑘕𑘎𑘴𑘨 𑘢𑘰𑘮𑘝𑘰 𑘧𑘹𑘃𑘩.,158
data/synthetic/images/line_0158_v032.png,संकेतस्थळावर प्रतिमा आणि मजकूर पाहता येईल.,𑘭𑘽𑘎𑘹𑘝𑘭𑘿𑘞𑘯𑘰𑘪𑘨 𑘢𑘿𑘨𑘝𑘱𑘦𑘰 𑘁𑘜𑘱 𑘦𑘕𑘎𑘴𑘨 𑘢𑘰𑘮𑘝𑘰 𑘧𑘹𑘃𑘩.,158
data/synthetic/images/line_0158_v033.png,संकेतस्थळावर प्रतिमा आणि मजकूर पाहता येईल.,𑘭𑘽𑘎𑘹𑘝𑘭𑘿𑘞𑘯𑘰𑘪𑘨 𑘢𑘿𑘨𑘝𑘱𑘦𑘰 𑘁𑘜𑘱 𑘦𑘕𑘎𑘴𑘨 𑘢𑘰𑘮𑘝𑘰 𑘧𑘹𑘃𑘩.,158
data/synthetic/images/line_0158_v034.png,संकेतस्थळावर प्रतिमा आणि मजकूर पाहता येईल.,𑘭𑘽𑘎𑘹𑘝𑘭𑘿𑘞𑘯𑘰𑘪𑘨 𑘢𑘿𑘨𑘝𑘱𑘦𑘰 𑘁𑘜𑘱 𑘦𑘕𑘎𑘴𑘨 𑘢𑘰𑘮𑘝𑘰 𑘧𑘹𑘃𑘩.,158
data/synthetic/images/line_0158_v035.png,संकेतस्थळावर प्रतिमा आणि मजकूर पाहता येईल.,𑘭𑘽𑘎𑘹𑘝𑘭𑘿𑘞𑘯𑘰𑘪𑘨 𑘢𑘿𑘨𑘝𑘱𑘦𑘰 𑘁𑘜𑘱 𑘦𑘕𑘎𑘴𑘨 𑘢𑘰𑘮𑘝𑘰 𑘧𑘹𑘃𑘩.,158
data/synthetic/images/line_0158_v036.png,संकेतस्थळावर प्रतिमा आणि मजकूर पाहता येईल.,𑘭𑘽𑘎𑘹𑘝𑘭𑘿𑘞𑘯𑘰𑘪𑘨 𑘢𑘿𑘨𑘝𑘱𑘦𑘰 𑘁𑘜𑘱 𑘦𑘕𑘎𑘴𑘨 𑘢𑘰𑘮𑘝𑘰 𑘧𑘹𑘃𑘩.,158
data/synthetic/images/line_0158_v037.png,संकेतस्थळावर प्रतिमा आणि मजकूर पाहता येईल.,𑘭𑘽𑘎𑘹𑘝𑘭𑘿𑘞𑘯𑘰𑘪𑘨 𑘢𑘿𑘨𑘝𑘱𑘦𑘰 𑘁𑘜𑘱 𑘦𑘕𑘎𑘴𑘨 𑘢𑘰𑘮𑘝𑘰 𑘧𑘹𑘃𑘩.,158
data/synthetic/images/line_0158_v038.png,संकेतस्थळावर प्रतिमा आणि मजकूर पाहता येईल.,𑘭𑘽𑘎𑘹𑘝𑘭𑘿𑘞𑘯𑘰𑘪𑘨 𑘢𑘿𑘨𑘝𑘱𑘦𑘰 𑘁𑘜𑘱 𑘦𑘕𑘎𑘴𑘨 𑘢𑘰𑘮𑘝𑘰 𑘧𑘹𑘃𑘩.,158
data/synthetic/images/line_0158_v039.png,संकेतस्थळावर प्रतिमा आणि मजकूर पाहता येईल.,𑘭𑘽𑘎𑘹𑘝𑘭𑘿𑘞𑘯𑘰𑘪𑘨 𑘢𑘿𑘨𑘝𑘱𑘦𑘰 𑘁𑘜𑘱 𑘦𑘕𑘎𑘴𑘨 𑘢𑘰𑘮𑘝𑘰 𑘧𑘹𑘃𑘩.,158
data/synthetic/images/line_0159_v000.png,वापरकर्ता प्रतिमा अपलोड करू शकतो.,𑘪𑘰𑘢𑘨𑘎𑘨𑘿𑘝𑘰 𑘢𑘿𑘨𑘝𑘱𑘦𑘰 𑘀𑘢𑘩𑘻𑘚 𑘎𑘨𑘴 𑘫𑘎𑘝𑘻.,159
data/synthetic/images/line_0159_v001.png,वापरकर्ता प्रतिमा अपलोड करू शकतो.,𑘪𑘰𑘢𑘨𑘎𑘨𑘿𑘝𑘰 𑘢𑘿𑘨𑘝𑘱𑘦𑘰 𑘀𑘢𑘩𑘻𑘚 𑘎𑘨𑘴 𑘫𑘎𑘝𑘻.,159
data/synthetic/images/line_0159_v002.png,वापरकर्ता प्रतिमा अपलोड करू शकतो.,𑘪𑘰𑘢𑘨𑘎𑘨𑘿𑘝𑘰 𑘢𑘿𑘨𑘝𑘱𑘦𑘰 𑘀𑘢𑘩𑘻𑘚 𑘎𑘨𑘴 𑘫𑘎𑘝𑘻.,159
data/synthetic/images/line_0159_v003.png,वापरकर्ता प्रतिमा अपलोड करू शकतो.,𑘪𑘰𑘢𑘨𑘎𑘨𑘿𑘝𑘰 𑘢𑘿𑘨𑘝𑘱𑘦𑘰 𑘀𑘢𑘩𑘻𑘚 𑘎𑘨𑘴 𑘫𑘎𑘝𑘻.,159
data/synthetic/images/line_0159_v004.png,वापरकर्ता प्रतिमा अपलोड करू शकतो.,𑘪𑘰𑘢𑘨𑘎𑘨𑘿𑘝𑘰 𑘢𑘿𑘨𑘝𑘱𑘦𑘰 𑘀𑘢𑘩𑘻𑘚 𑘎𑘨𑘴 𑘫𑘎𑘝𑘻.,159
data/synthetic/images/line_0159_v005.png,वापरकर्ता प्रतिमा अपलोड करू शकतो.,𑘪𑘰𑘢𑘨𑘎𑘨𑘿𑘝𑘰 𑘢𑘿𑘨𑘝𑘱𑘦𑘰 𑘀𑘢𑘩𑘻𑘚 𑘎𑘨𑘴 𑘫𑘎𑘝𑘻.,159
data/synthetic/images/line_0159_v006.png,वापरकर्ता प्रतिमा अपलोड करू शकतो.,𑘪𑘰𑘢𑘨𑘎𑘨𑘿𑘝𑘰 𑘢𑘿𑘨𑘝𑘱𑘦𑘰 𑘀𑘢𑘩𑘻𑘚 𑘎𑘨𑘴 𑘫𑘎𑘝𑘻.,159
data/synthetic/images/line_0159_v007.png,वापरकर्ता प्रतिमा अपलोड करू शकतो.,𑘪𑘰𑘢𑘨𑘎𑘨𑘿𑘝𑘰 𑘢𑘿𑘨𑘝𑘱𑘦𑘰 𑘀𑘢𑘩𑘻𑘚 𑘎𑘨𑘴 𑘫𑘎𑘝𑘻.,159
data/synthetic/images/line_0159_v008.png,वापरकर्ता प्रतिमा अपलोड करू शकतो.,𑘪𑘰𑘢𑘨𑘎𑘨𑘿𑘝𑘰 𑘢𑘿𑘨𑘝𑘱𑘦𑘰 𑘀𑘢𑘩𑘻𑘚 𑘎𑘨𑘴 𑘫𑘎𑘝𑘻.,159
data/synthetic/images/line_0159_v009.png,वापरकर्ता प्रतिमा अपलोड करू शकतो.,𑘪𑘰𑘢𑘨𑘎𑘨𑘿𑘝𑘰 𑘢𑘿𑘨𑘝𑘱𑘦𑘰 𑘀𑘢𑘩𑘻𑘚 𑘎𑘨𑘴 𑘫𑘎𑘝𑘻.,159
data/synthetic/images/line_0159_v010.png,वापरकर्ता प्रतिमा अपलोड करू शकतो.,𑘪𑘰𑘢𑘨𑘎𑘨𑘿𑘝𑘰 𑘢𑘿𑘨𑘝𑘱𑘦𑘰 𑘀𑘢𑘩𑘻𑘚 𑘎𑘨𑘴 𑘫𑘎𑘝𑘻.,159
data/synthetic/images/line_0159_v011.png,वापरकर्ता प्रतिमा अपलोड करू शकतो.,𑘪𑘰𑘢𑘨𑘎𑘨𑘿𑘝𑘰 𑘢𑘿𑘨𑘝𑘱𑘦𑘰 𑘀𑘢𑘩𑘻𑘚 𑘎𑘨𑘴 𑘫𑘎𑘝𑘻.,159
data/synthetic/images/line_0159_v012.png,वापरकर्ता प्रतिमा अपलोड करू शकतो.,𑘪𑘰𑘢𑘨𑘎𑘨𑘿𑘝𑘰 𑘢𑘿𑘨𑘝𑘱𑘦𑘰 𑘀𑘢𑘩𑘻𑘚 𑘎𑘨𑘴 𑘫𑘎𑘝𑘻.,159
data/synthetic/images/line_0159_v013.png,वापरकर्ता प्रतिमा अपलोड करू शकतो.,𑘪𑘰𑘢𑘨𑘎𑘨𑘿𑘝𑘰 𑘢𑘿𑘨𑘝𑘱𑘦𑘰 𑘀𑘢𑘩𑘻𑘚 𑘎𑘨𑘴 𑘫𑘎𑘝𑘻.,159
data/synthetic/images/line_0159_v014.png,वापरकर्ता प्रतिमा अपलोड करू शकतो.,𑘪𑘰𑘢𑘨𑘎𑘨𑘿𑘝𑘰 𑘢𑘿𑘨𑘝𑘱𑘦𑘰 𑘀𑘢𑘩𑘻𑘚 𑘎𑘨𑘴 𑘫𑘎𑘝𑘻.,159
data/synthetic/images/line_0159_v015.png,वापरकर्ता प्रतिमा अपलोड करू शकतो.,𑘪𑘰𑘢𑘨𑘎𑘨𑘿𑘝𑘰 𑘢𑘿𑘨𑘝𑘱𑘦𑘰 𑘀𑘢𑘩𑘻𑘚 𑘎𑘨𑘴 𑘫𑘎𑘝𑘻.,159
data/synthetic/images/line_0159_v016.png,वापरकर्ता प्रतिमा अपलोड करू शकतो.,𑘪𑘰𑘢𑘨𑘎𑘨𑘿𑘝𑘰 𑘢𑘿𑘨𑘝𑘱𑘦𑘰 𑘀𑘢𑘩𑘻𑘚 𑘎𑘨𑘴 𑘫𑘎𑘝𑘻.,159
data/synthetic/images/line_0159_v017.png,वापरकर्ता प्रतिमा अपलोड करू शकतो.,𑘪𑘰𑘢𑘨𑘎𑘨𑘿𑘝𑘰 𑘢𑘿𑘨𑘝𑘱𑘦𑘰 𑘀𑘢𑘩𑘻𑘚 𑘎𑘨𑘴 𑘫𑘎𑘝𑘻.,159
data/synthetic/images/line_0159_v018.png,वापरकर्ता प्रतिमा अपलोड करू शकतो.,𑘪𑘰𑘢𑘨𑘎𑘨𑘿𑘝𑘰 𑘢𑘿𑘨𑘝𑘱𑘦𑘰 𑘀𑘢𑘩𑘻𑘚 𑘎𑘨𑘴 𑘫𑘎𑘝𑘻.,159
data/synthetic/images/line_0159_v019.png,वापरकर्ता प्रतिमा अपलोड करू शकतो.,𑘪𑘰𑘢𑘨𑘎𑘨𑘿𑘝𑘰 𑘢𑘿𑘨𑘝𑘱𑘦𑘰 𑘀𑘢𑘩𑘻𑘚 𑘎𑘨𑘴 𑘫𑘎𑘝𑘻.,159
data/synthetic/images/line_0159_v020.png,वापरकर्ता प्रतिमा अपलोड करू शकतो.,𑘪𑘰𑘢𑘨𑘎𑘨𑘿𑘝𑘰 𑘢𑘿𑘨𑘝𑘱𑘦𑘰 𑘀𑘢𑘩𑘻𑘚 𑘎𑘨𑘴 𑘫𑘎𑘝𑘻.,159
data/synthetic/images/line_0159_v021.png,वापरकर्ता प्रतिमा अपलोड करू शकतो.,𑘪𑘰𑘢𑘨𑘎𑘨𑘿𑘝𑘰 𑘢𑘿𑘨𑘝𑘱𑘦𑘰 𑘀𑘢𑘩𑘻𑘚 𑘎𑘨𑘴 𑘫𑘎𑘝𑘻.,159
data/synthetic/images/line_0159_v022.png,वापरकर्ता प्रतिमा अपलोड करू शकतो.,𑘪𑘰𑘢𑘨𑘎𑘨𑘿𑘝𑘰 𑘢𑘿𑘨𑘝𑘱𑘦𑘰 𑘀𑘢𑘩𑘻𑘚 𑘎𑘨𑘴 𑘫𑘎𑘝𑘻.,159
data/synthetic/images/line_0159_v023.png,वापरकर्ता प्रतिमा अपलोड करू शकतो.,𑘪𑘰𑘢𑘨𑘎𑘨𑘿𑘝𑘰 𑘢𑘿𑘨𑘝𑘱𑘦𑘰 𑘀𑘢𑘩𑘻𑘚 𑘎𑘨𑘴 𑘫𑘎𑘝𑘻.,159
data/synthetic/images/line_0159_v024.png,वापरकर्ता प्रतिमा अपलोड करू शकतो.,𑘪𑘰𑘢𑘨𑘎𑘨𑘿𑘝𑘰 𑘢𑘿𑘨𑘝𑘱𑘦𑘰 𑘀𑘢𑘩𑘻𑘚 𑘎𑘨𑘴 𑘫𑘎𑘝𑘻.,159
data/synthetic/images/line_0159_v025.png,वापरकर्ता प्रतिमा अपलोड करू शकतो.,𑘪𑘰𑘢𑘨𑘎𑘨𑘿𑘝𑘰 𑘢𑘿𑘨𑘝𑘱𑘦𑘰 𑘀𑘢𑘩𑘻𑘚 𑘎𑘨𑘴 𑘫𑘎𑘝𑘻.,159
data/synthetic/images/line_0159_v026.png,वापरकर्ता प्रतिमा अपलोड करू शकतो.,𑘪𑘰𑘢𑘨𑘎𑘨𑘿𑘝𑘰 𑘢𑘿𑘨𑘝𑘱𑘦𑘰 𑘀𑘢𑘩𑘻𑘚 𑘎𑘨𑘴 𑘫𑘎𑘝𑘻.,159
data/synthetic/images/line_0159_v027.png,वापरकर्ता प्रतिमा अपलोड करू शकतो.,𑘪𑘰𑘢𑘨𑘎𑘨𑘿𑘝𑘰 𑘢𑘿𑘨𑘝𑘱𑘦𑘰 𑘀𑘢𑘩𑘻𑘚 𑘎𑘨𑘴 𑘫𑘎𑘝𑘻.,159
data/synthetic/images/line_0159_v028.png,वापरकर्ता प्रतिमा अपलोड करू शकतो.,𑘪𑘰𑘢𑘨𑘎𑘨𑘿𑘝𑘰 𑘢𑘿𑘨𑘝𑘱𑘦𑘰 𑘀𑘢𑘩𑘻𑘚 𑘎𑘨𑘴 𑘫𑘎𑘝𑘻.,159
data/synthetic/images/line_0159_v029.png,वापरकर्ता प्रतिमा अपलोड करू शकतो.,𑘪𑘰𑘢𑘨𑘎𑘨𑘿𑘝𑘰 𑘢𑘿𑘨𑘝𑘱𑘦𑘰 𑘀𑘢𑘩𑘻𑘚 𑘎𑘨𑘴 𑘫𑘎𑘝𑘻.,159
data/synthetic/images/line_0159_v030.png,वापरकर्ता प्रतिमा अपलोड करू शकतो.,𑘪𑘰𑘢𑘨𑘎𑘨𑘿𑘝𑘰 𑘢𑘿𑘨𑘝𑘱𑘦𑘰 𑘀𑘢𑘩𑘻𑘚 𑘎𑘨𑘴 𑘫𑘎𑘝𑘻.,159
data/synthetic/images/line_0159_v031.png,वापरकर्ता प्रतिमा अपलोड करू शकतो.,𑘪𑘰𑘢𑘨𑘎𑘨𑘿𑘝𑘰 𑘢𑘿𑘨𑘝𑘱𑘦𑘰 𑘀𑘢𑘩𑘻𑘚 𑘎𑘨𑘴 𑘫𑘎𑘝𑘻.,159
data/synthetic/images/line_0159_v032.png,वापरकर्ता प्रतिमा अपलोड करू शकतो.,𑘪𑘰𑘢𑘨𑘎𑘨𑘿𑘝𑘰 𑘢𑘿𑘨𑘝𑘱𑘦𑘰 𑘀𑘢𑘩𑘻𑘚 𑘎𑘨𑘴 𑘫𑘎𑘝𑘻.,159
data/synthetic/images/line_0159_v033.png,वापरकर्ता प्रतिमा अपलोड करू शकतो.,𑘪𑘰𑘢𑘨𑘎𑘨𑘿𑘝𑘰 𑘢𑘿𑘨𑘝𑘱𑘦𑘰 𑘀𑘢𑘩𑘻𑘚 𑘎𑘨𑘴 𑘫𑘎𑘝𑘻.,159
data/synthetic/images/line_0159_v034.png,वापरकर्ता प्रतिमा अपलोड करू शकतो.,𑘪𑘰𑘢𑘨𑘎𑘨𑘿𑘝𑘰 𑘢𑘿𑘨𑘝𑘱𑘦𑘰 𑘀𑘢𑘩𑘻𑘚 𑘎𑘨𑘴 𑘫𑘎𑘝𑘻.,159
data/synthetic/images/line_0159_v035.png,वापरकर्ता प्रतिमा अपलोड करू शकतो.,𑘪𑘰𑘢𑘨𑘎𑘨𑘿𑘝𑘰 𑘢𑘿𑘨𑘝𑘱𑘦𑘰 𑘀𑘢𑘩𑘻𑘚 𑘎𑘨𑘴 𑘫𑘎𑘝𑘻.,159
data/synthetic/images/line_0159_v036.png,वापरकर्ता प्रतिमा अपलोड करू शकतो.,𑘪𑘰𑘢𑘨𑘎𑘨𑘿𑘝𑘰 𑘢𑘿𑘨𑘝𑘱𑘦𑘰 𑘀𑘢𑘩𑘻𑘚 𑘎𑘨𑘴 𑘫𑘎𑘝𑘻.,159
data/synthetic/images/line_0159_v037.png,वापरकर्ता प्रतिमा अपलोड करू शकतो.,𑘪𑘰𑘢𑘨𑘎𑘨𑘿𑘝𑘰 𑘢𑘿𑘨𑘝𑘱𑘦𑘰 𑘀𑘢𑘩𑘻𑘚 𑘎𑘨𑘴 𑘫𑘎𑘝𑘻.,159
data/synthetic/images/line_0159_v038.png,वापरकर्ता प्रतिमा अपलोड करू शकतो.,𑘪𑘰𑘢𑘨𑘎𑘨𑘿𑘝𑘰 𑘢𑘿𑘨𑘝𑘱𑘦𑘰 𑘀𑘢𑘩𑘻𑘚 𑘎𑘨𑘴 𑘫𑘎𑘝𑘻.,159
data/synthetic/images/line_0159_v039.png,वापरकर्ता प्रतिमा अपलोड करू शकतो.,𑘪𑘰𑘢𑘨𑘎𑘨𑘿𑘝𑘰 𑘢𑘿𑘨𑘝𑘱𑘦𑘰 𑘀𑘢𑘩𑘻𑘚 𑘎𑘨𑘴 𑘫𑘎𑘝𑘻.,159
data/synthetic/images/line_0160_v000.png,प्रणाली आपोआप मजकूर ओळखेल.,𑘢𑘿𑘨𑘜𑘰𑘩𑘲 𑘁𑘢𑘻𑘁𑘢 𑘦𑘕𑘎𑘴𑘨 𑘌𑘯𑘏𑘹𑘩.,160
data/synthetic/images/line_0160_v001.png,प्रणाली आपोआप मजकूर ओळखेल.,𑘢𑘿𑘨𑘜𑘰𑘩𑘲 𑘁𑘢𑘻𑘁𑘢 𑘦𑘕𑘎𑘴𑘨 𑘌𑘯𑘏𑘹𑘩.,160
data/synthetic/images/line_0160_v002.png,प्रणाली आपोआप मजकूर ओळखेल.,𑘢𑘿𑘨𑘜𑘰𑘩𑘲 𑘁𑘢𑘻𑘁𑘢 𑘦𑘕𑘎𑘴𑘨 𑘌𑘯𑘏𑘹𑘩.,160
data/synthetic/images/line_0160_v003.png,प्रणाली आपोआप मजकूर ओळखेल.,𑘢𑘿𑘨𑘜𑘰𑘩𑘲 𑘁𑘢𑘻𑘁𑘢 𑘦𑘕𑘎𑘴𑘨 𑘌𑘯𑘏𑘹𑘩.,160
data/synthetic/images/line_0160_v004.png,प्रणाली आपोआप मजकूर ओळखेल.,𑘢𑘿𑘨𑘜𑘰𑘩𑘲 𑘁𑘢𑘻𑘁𑘢 𑘦𑘕𑘎𑘴𑘨 𑘌𑘯𑘏𑘹𑘩.,160
data/synthetic/images/line_0160_v005.png,प्रणाली आपोआप मजकूर ओळखेल.,𑘢𑘿𑘨𑘜𑘰𑘩𑘲 𑘁𑘢𑘻𑘁𑘢 𑘦𑘕𑘎𑘴𑘨 𑘌𑘯𑘏𑘹𑘩.,160
data/synthetic/images/line_0160_v006.png,प्रणाली आपोआप मजकूर ओळखेल.,𑘢𑘿𑘨𑘜𑘰𑘩𑘲 𑘁𑘢𑘻𑘁𑘢 𑘦𑘕𑘎𑘴𑘨 𑘌𑘯𑘏𑘹𑘩.,160
data/synthetic/images/line_0160_v007.png,प्रणाली आपोआप मजकूर ओळखेल.,𑘢𑘿𑘨𑘜𑘰𑘩𑘲 𑘁𑘢𑘻𑘁𑘢 𑘦𑘕𑘎𑘴𑘨 𑘌𑘯𑘏𑘹𑘩.,160
data/synthetic/images/line_0160_v008.png,प्रणाली आपोआप मजकूर ओळखेल.,𑘢𑘿𑘨𑘜𑘰𑘩𑘲 𑘁𑘢𑘻𑘁𑘢 𑘦𑘕𑘎𑘴𑘨 𑘌𑘯𑘏𑘹𑘩.,160
data/synthetic/images/line_0160_v009.png,प्रणाली आपोआप मजकूर ओळखेल.,𑘢𑘿𑘨𑘜𑘰𑘩𑘲 𑘁𑘢𑘻𑘁𑘢 𑘦𑘕𑘎𑘴𑘨 𑘌𑘯𑘏𑘹𑘩.,160
data/synthetic/images/line_0160_v010.png,प्रणाली आपोआप मजकूर ओळखेल.,𑘢𑘿𑘨𑘜𑘰𑘩𑘲 𑘁𑘢𑘻𑘁𑘢 𑘦𑘕𑘎𑘴𑘨 𑘌𑘯𑘏𑘹𑘩.,160
data/synthetic/images/line_0160_v011.png,प्रणाली आपोआप मजकूर ओळखेल.,𑘢𑘿𑘨𑘜𑘰𑘩𑘲 𑘁𑘢𑘻𑘁𑘢 𑘦𑘕𑘎𑘴𑘨 𑘌𑘯𑘏𑘹𑘩.,160
data/synthetic/images/line_0160_v012.png,प्रणाली आपोआप मजकूर ओळखेल.,𑘢𑘿𑘨𑘜𑘰𑘩𑘲 𑘁𑘢𑘻𑘁𑘢 𑘦𑘕𑘎𑘴𑘨 𑘌𑘯𑘏𑘹𑘩.,160
data/synthetic/images/line_0160_v013.png,प्रणाली आपोआप मजकूर ओळखेल.,𑘢𑘿𑘨𑘜𑘰𑘩𑘲 𑘁𑘢𑘻𑘁𑘢 𑘦𑘕𑘎𑘴𑘨 𑘌𑘯𑘏𑘹𑘩.,160
data/synthetic/images/line_0160_v014.png,प्रणाली आपोआप मजकूर ओळखेल.,𑘢𑘿𑘨𑘜𑘰𑘩𑘲 𑘁𑘢𑘻𑘁𑘢 𑘦𑘕𑘎𑘴𑘨 𑘌𑘯𑘏𑘹𑘩.,160
data/synthetic/images/line_0160_v015.png,प्रणाली आपोआप मजकूर ओळखेल.,𑘢𑘿𑘨𑘜𑘰𑘩𑘲 𑘁𑘢𑘻𑘁𑘢 𑘦𑘕𑘎𑘴𑘨 𑘌𑘯𑘏𑘹𑘩.,160
data/synthetic/images/line_0160_v016.png,प्रणाली आपोआप मजकूर ओळखेल.,𑘢𑘿𑘨𑘜𑘰𑘩𑘲 𑘁𑘢𑘻𑘁𑘢 𑘦𑘕𑘎𑘴𑘨 𑘌𑘯𑘏𑘹𑘩.,160
data/synthetic/images/line_0160_v017.png,प्रणाली आपोआप मजकूर ओळखेल.,𑘢𑘿𑘨𑘜𑘰𑘩𑘲 𑘁𑘢𑘻𑘁𑘢 𑘦𑘕𑘎𑘴𑘨 𑘌𑘯𑘏𑘹𑘩.,160
data/synthetic/images/line_0160_v018.png,प्रणाली आपोआप मजकूर ओळखेल.,𑘢𑘿𑘨𑘜𑘰𑘩𑘲 𑘁𑘢𑘻𑘁𑘢 𑘦𑘕𑘎𑘴𑘨 𑘌𑘯𑘏𑘹𑘩.,160
data/synthetic/images/line_0160_v019.png,प्रणाली आपोआप मजकूर ओळखेल.,𑘢𑘿𑘨𑘜𑘰𑘩𑘲 𑘁𑘢𑘻𑘁𑘢 𑘦𑘕𑘎𑘴𑘨 𑘌𑘯𑘏𑘹𑘩.,160
data/synthetic/images/line_0160_v020.png,प्रणाली आपोआप मजकूर ओळखेल.,𑘢𑘿𑘨𑘜𑘰𑘩𑘲 𑘁𑘢𑘻𑘁𑘢 𑘦𑘕𑘎𑘴𑘨 𑘌𑘯𑘏𑘹𑘩.,160
data/synthetic/images/line_0160_v021.png,प्रणाली आपोआप मजकूर ओळखेल.,𑘢𑘿𑘨𑘜𑘰𑘩𑘲 𑘁𑘢𑘻𑘁𑘢 𑘦𑘕𑘎𑘴𑘨 𑘌𑘯𑘏𑘹𑘩.,160
data/synthetic/images/line_0160_v022.png,प्रणाली आपोआप मजकूर ओळखेल.,𑘢𑘿𑘨𑘜𑘰𑘩𑘲 𑘁𑘢𑘻𑘁𑘢 𑘦𑘕𑘎𑘴𑘨 𑘌𑘯𑘏𑘹𑘩.,160
data/synthetic/images/line_0160_v023.png,प्रणाली आपोआप मजकूर ओळखेल.,𑘢𑘿𑘨𑘜𑘰𑘩𑘲 𑘁𑘢𑘻𑘁𑘢 𑘦𑘕𑘎𑘴𑘨 𑘌𑘯𑘏𑘹𑘩.,160
data/synthetic/images/line_0160_v024.png,प्रणाली आपोआप मजकूर ओळखेल.,𑘢𑘿𑘨𑘜𑘰𑘩𑘲 𑘁𑘢𑘻𑘁𑘢 𑘦𑘕𑘎𑘴𑘨 𑘌𑘯𑘏𑘹𑘩.,160
data/synthetic/images/line_0160_v025.png,प्रणाली आपोआप मजकूर ओळखेल.,𑘢𑘿𑘨𑘜𑘰𑘩𑘲 𑘁𑘢𑘻𑘁𑘢 𑘦𑘕𑘎𑘴𑘨 𑘌𑘯𑘏𑘹𑘩.,160
data/synthetic/images/line_0160_v026.png,प्रणाली आपोआप मजकूर ओळखेल.,𑘢𑘿𑘨𑘜𑘰𑘩𑘲 𑘁𑘢𑘻𑘁𑘢 𑘦𑘕𑘎𑘴𑘨 𑘌𑘯𑘏𑘹𑘩.,160
data/synthetic/images/line_0160_v027.png,प्रणाली आपोआप मजकूर ओळखेल.,𑘢𑘿𑘨𑘜𑘰𑘩𑘲 𑘁𑘢𑘻𑘁𑘢 𑘦𑘕𑘎𑘴𑘨 𑘌𑘯𑘏𑘹𑘩.,160
data/synthetic/images/line_0160_v028.png,प्रणाली आपोआप मजकूर ओळखेल.,𑘢𑘿𑘨𑘜𑘰𑘩𑘲 𑘁𑘢𑘻𑘁𑘢 𑘦𑘕𑘎𑘴𑘨 𑘌𑘯𑘏𑘹𑘩.,160
data/synthetic/images/line_0160_v029.png,प्रणाली आपोआप मजकूर ओळखेल.,𑘢𑘿𑘨𑘜𑘰𑘩𑘲 𑘁𑘢𑘻𑘁𑘢 𑘦𑘕𑘎𑘴𑘨 𑘌𑘯𑘏𑘹𑘩.,160
data/synthetic/images/line_0160_v030.png,प्रणाली आपोआप मजकूर ओळखेल.,𑘢𑘿𑘨𑘜𑘰𑘩𑘲 𑘁𑘢𑘻𑘁𑘢 𑘦𑘕𑘎𑘴𑘨 𑘌𑘯𑘏𑘹𑘩.,160
data/synthetic/images/line_0160_v031.png,प्रणाली आपोआप मजकूर ओळखेल.,𑘢𑘿𑘨𑘜𑘰𑘩𑘲 𑘁𑘢𑘻𑘁𑘢 𑘦𑘕𑘎𑘴𑘨 𑘌𑘯𑘏𑘹𑘩.,160
data/synthetic/images/line_0160_v032.png,प्रणाली आपोआप मजकूर ओळखेल.,𑘢𑘿𑘨𑘜𑘰𑘩𑘲 𑘁𑘢𑘻𑘁𑘢 𑘦𑘕𑘎𑘴𑘨 𑘌𑘯𑘏𑘹𑘩.,160
data/synthetic/images/line_0160_v033.png,प्रणाली आपोआप मजकूर ओळखेल.,𑘢𑘿𑘨𑘜𑘰𑘩𑘲 𑘁𑘢𑘻𑘁𑘢 𑘦𑘕𑘎𑘴𑘨 𑘌𑘯𑘏𑘹𑘩.,160
data/synthetic/images/line_0160_v034.png,प्रणाली आपोआप मजकूर ओळखेल.,𑘢𑘿𑘨𑘜𑘰𑘩𑘲 𑘁𑘢𑘻𑘁𑘢 𑘦𑘕𑘎𑘴𑘨 𑘌𑘯𑘏𑘹𑘩.,160
data/synthetic/images/line_0160_v035.png,प्रणाली आपोआप मजकूर ओळखेल.,𑘢𑘿𑘨𑘜𑘰𑘩𑘲 𑘁𑘢𑘻𑘁𑘢 𑘦𑘕𑘎𑘴𑘨 𑘌𑘯𑘏𑘹𑘩.,160
data/synthetic/images/line_0160_v036.png,प्रणाली आपोआप मजकूर ओळखेल.,𑘢𑘿𑘨𑘜𑘰𑘩𑘲 𑘁𑘢𑘻𑘁𑘢 𑘦𑘕𑘎𑘴𑘨 𑘌𑘯𑘏𑘹𑘩.,160
data/synthetic/images/line_0160_v037.png,प्रणाली आपोआप मजकूर ओळखेल.,𑘢𑘿𑘨𑘜𑘰𑘩𑘲 𑘁𑘢𑘻𑘁𑘢 𑘦𑘕𑘎𑘴𑘨 𑘌𑘯𑘏𑘹𑘩.,160
data/synthetic/images/line_0160_v038.png,प्रणाली आपोआप मजकूर ओळखेल.,𑘢𑘿𑘨𑘜𑘰𑘩𑘲 𑘁𑘢𑘻𑘁𑘢 𑘦𑘕𑘎𑘴𑘨 𑘌𑘯𑘏𑘹𑘩.,160
data/synthetic/images/line_0160_v039.png,प्रणाली आपोआप मजकूर ओळखेल.,𑘢𑘿𑘨𑘜𑘰𑘩𑘲 𑘁𑘢𑘻𑘁𑘢 𑘦𑘕𑘎𑘴𑘨 𑘌𑘯𑘏𑘹𑘩.,160
data/synthetic/images/line_0161_v000.png,निकाल स्क्रीनवर दाखवला जाईल.,𑘡𑘱𑘎𑘰𑘩 𑘭𑘿𑘎𑘿𑘨𑘲𑘡𑘪𑘨 𑘟𑘰𑘏𑘪𑘩𑘰 𑘕𑘰𑘃𑘩.,161
data/synthetic/images/line_0161_v001.png,निकाल स्क्रीनवर दाखवला जाईल.,𑘡𑘱𑘎𑘰𑘩 𑘭𑘿𑘎𑘿𑘨𑘲𑘡𑘪𑘨 𑘟𑘰𑘏𑘪𑘩𑘰 𑘕𑘰𑘃𑘩.,161
data/synthetic/images/line_0161_v002.png,निकाल स्क्रीनवर दाखवला जाईल.,𑘡𑘱𑘎𑘰𑘩 𑘭𑘿𑘎𑘿𑘨𑘲𑘡𑘪𑘨 𑘟𑘰𑘏𑘪𑘩𑘰 𑘕𑘰𑘃𑘩.,161
data/synthetic/images/line_0161_v003.png,निकाल स्क्रीनवर दाखवला जाईल.,𑘡𑘱𑘎𑘰𑘩 𑘭𑘿𑘎𑘿𑘨𑘲𑘡𑘪𑘨 𑘟𑘰𑘏𑘪𑘩𑘰 𑘕𑘰𑘃𑘩.,161
data/synthetic/images/line_0161_v004.png,निकाल स्क्रीनवर दाखवला जाईल.,𑘡𑘱𑘎𑘰𑘩 𑘭𑘿𑘎𑘿𑘨𑘲𑘡𑘪𑘨 𑘟𑘰𑘏𑘪𑘩𑘰 𑘕𑘰𑘃𑘩.,161
data/synthetic/images/line_0161_v005.png,निकाल स्क्रीनवर दाखवला जाईल.,𑘡𑘱𑘎𑘰𑘩 𑘭𑘿𑘎𑘿𑘨𑘲𑘡𑘪𑘨 𑘟𑘰𑘏𑘪𑘩𑘰 𑘕𑘰𑘃𑘩.,161
data/synthetic/images/line_0161_v006.png,निकाल स्क्रीनवर दाखवला जाईल.,𑘡𑘱𑘎𑘰𑘩 𑘭𑘿𑘎𑘿𑘨𑘲𑘡𑘪𑘨 𑘟𑘰𑘏𑘪𑘩𑘰 𑘕𑘰𑘃𑘩.,161
data/synthetic/images/line_0161_v007.png,निकाल स्क्रीनवर दाखवला जाईल.,𑘡𑘱𑘎𑘰𑘩 𑘭𑘿𑘎𑘿𑘨𑘲𑘡𑘪𑘨 𑘟𑘰𑘏𑘪𑘩𑘰 𑘕𑘰𑘃𑘩.,161
data/synthetic/images/line_0161_v008.png,निकाल स्क्रीनवर दाखवला जाईल.,𑘡𑘱𑘎𑘰𑘩 𑘭𑘿𑘎𑘿𑘨𑘲𑘡𑘪𑘨 𑘟𑘰𑘏𑘪𑘩𑘰 𑘕𑘰𑘃𑘩.,161
data/synthetic/images/line_0161_v009.png,निकाल स्क्रीनवर दाखवला जाईल.,𑘡𑘱𑘎𑘰𑘩 𑘭𑘿𑘎𑘿𑘨𑘲𑘡𑘪𑘨 𑘟𑘰𑘏𑘪𑘩𑘰 𑘕𑘰𑘃𑘩.,161
data/synthetic/images/line_0161_v010.png,निकाल स्क्रीनवर दाखवला जाईल.,𑘡𑘱𑘎𑘰𑘩 𑘭𑘿𑘎𑘿𑘨𑘲𑘡𑘪𑘨 𑘟𑘰𑘏𑘪𑘩𑘰 𑘕𑘰𑘃𑘩.,161
data/synthetic/images/line_0161_v011.png,निकाल स्क्रीनवर दाखवला जाईल.,𑘡𑘱𑘎𑘰𑘩 𑘭𑘿𑘎𑘿𑘨𑘲𑘡𑘪𑘨 𑘟𑘰𑘏𑘪𑘩𑘰 𑘕𑘰𑘃𑘩.,161
data/synthetic/images/line_0161_v012.png,निकाल स्क्रीनवर दाखवला जाईल.,𑘡𑘱𑘎𑘰𑘩 𑘭𑘿𑘎𑘿𑘨𑘲𑘡𑘪𑘨 𑘟𑘰𑘏𑘪𑘩𑘰 𑘕𑘰𑘃𑘩.,161
data/synthetic/images/line_0161_v013.png,निकाल स्क्रीनवर दाखवला जाईल.,𑘡𑘱𑘎𑘰𑘩 𑘭𑘿𑘎𑘿𑘨𑘲𑘡𑘪𑘨 𑘟𑘰𑘏𑘪𑘩𑘰 𑘕𑘰𑘃𑘩.,161
data/synthetic/images/line_0161_v014.png,निकाल स्क्रीनवर दाखवला जाईल.,𑘡𑘱𑘎𑘰𑘩 𑘭𑘿𑘎𑘿𑘨𑘲𑘡𑘪𑘨 𑘟𑘰𑘏𑘪𑘩𑘰 𑘕𑘰𑘃𑘩.,161
data/synthetic/images/line_0161_v015.png,निकाल स्क्रीनवर दाखवला जाईल.,𑘡𑘱𑘎𑘰𑘩 𑘭𑘿𑘎𑘿𑘨𑘲𑘡𑘪𑘨 𑘟𑘰𑘏𑘪𑘩𑘰 𑘕𑘰𑘃𑘩.,161
data/synthetic/images/line_0161_v016.png,निकाल स्क्रीनवर दाखवला जाईल.,𑘡𑘱𑘎𑘰𑘩 𑘭𑘿𑘎𑘿𑘨𑘲𑘡𑘪𑘨 𑘟𑘰𑘏𑘪𑘩𑘰 𑘕𑘰𑘃𑘩.,161
data/synthetic/images/line_0161_v017.png,निकाल स्क्रीनवर दाखवला जाईल.,𑘡𑘱𑘎𑘰𑘩 𑘭𑘿𑘎𑘿𑘨𑘲𑘡𑘪𑘨 𑘟𑘰𑘏𑘪𑘩𑘰 𑘕𑘰𑘃𑘩.,161
data/synthetic/images/line_0161_v018.png,निकाल स्क्रीनवर दाखवला जाईल.,𑘡𑘱𑘎𑘰𑘩 𑘭𑘿𑘎𑘿𑘨𑘲𑘡𑘪𑘨 𑘟𑘰𑘏𑘪𑘩𑘰 𑘕𑘰𑘃𑘩.,161
data/synthetic/images/line_0161_v019.png,निकाल स्क्रीनवर दाखवला जाईल.,𑘡𑘱𑘎𑘰𑘩 𑘭𑘿𑘎𑘿𑘨𑘲𑘡𑘪𑘨 𑘟𑘰𑘏𑘪𑘩𑘰 𑘕𑘰𑘃𑘩.,161
data/synthetic/images/line_0161_v020.png,निकाल स्क्रीनवर दाखवला जाईल.,𑘡𑘱𑘎𑘰𑘩 𑘭𑘿𑘎𑘿𑘨𑘲𑘡𑘪𑘨 𑘟𑘰𑘏𑘪𑘩𑘰 𑘕𑘰𑘃𑘩.,161
data/synthetic/images/line_0161_v021.png,निकाल स्क्रीनवर दाखवला जाईल.,𑘡𑘱𑘎𑘰𑘩 𑘭𑘿𑘎𑘿𑘨𑘲𑘡𑘪𑘨 𑘟𑘰𑘏𑘪𑘩𑘰 𑘕𑘰𑘃𑘩.,161
data/synthetic/images/line_0161_v022.png,निकाल स्क्रीनवर दाखवला जाईल.,𑘡𑘱𑘎𑘰𑘩 𑘭𑘿𑘎𑘿𑘨𑘲𑘡𑘪𑘨 𑘟𑘰𑘏𑘪𑘩𑘰 𑘕𑘰𑘃𑘩.,161
data/synthetic/images/line_0161_v023.png,निकाल स्क्रीनवर दाखवला जाईल.,𑘡𑘱𑘎𑘰𑘩 𑘭𑘿𑘎𑘿𑘨𑘲𑘡𑘪𑘨 𑘟𑘰𑘏𑘪𑘩𑘰 𑘕𑘰𑘃𑘩.,161
data/synthetic/images/line_0161_v024.png,निकाल स्क्रीनवर दाखवला जाईल.,𑘡𑘱𑘎𑘰𑘩 𑘭𑘿𑘎𑘿𑘨𑘲𑘡𑘪𑘨 𑘟𑘰𑘏𑘪𑘩𑘰 𑘕𑘰𑘃𑘩.,161
data/synthetic/images/line_0161_v025.png,निकाल स्क्रीनवर दाखवला जाईल.,𑘡𑘱𑘎𑘰𑘩 𑘭𑘿𑘎𑘿𑘨𑘲𑘡𑘪𑘨 𑘟𑘰𑘏𑘪𑘩𑘰 𑘕𑘰𑘃𑘩.,161
data/synthetic/images/line_0161_v026.png,निकाल स्क्रीनवर दाखवला जाईल.,𑘡𑘱𑘎𑘰𑘩 𑘭𑘿𑘎𑘿𑘨𑘲𑘡𑘪𑘨 𑘟𑘰𑘏𑘪𑘩𑘰 𑘕𑘰𑘃𑘩.,161
data/synthetic/images/line_0161_v027.png,निकाल स्क्रीनवर दाखवला जाईल.,𑘡𑘱𑘎𑘰𑘩 𑘭𑘿𑘎𑘿𑘨𑘲𑘡𑘪𑘨 𑘟𑘰𑘏𑘪𑘩𑘰 𑘕𑘰𑘃𑘩.,161
data/synthetic/images/line_0161_v028.png,निकाल स्क्रीनवर दाखवला जाईल.,𑘡𑘱𑘎𑘰𑘩 𑘭𑘿𑘎𑘿𑘨𑘲𑘡𑘪𑘨 𑘟𑘰𑘏𑘪𑘩𑘰 𑘕𑘰𑘃𑘩.,161
data/synthetic/images/line_0161_v029.png,निकाल स्क्रीनवर दाखवला जाईल.,𑘡𑘱𑘎𑘰𑘩 𑘭𑘿𑘎𑘿𑘨𑘲𑘡𑘪𑘨 𑘟𑘰𑘏𑘪𑘩𑘰 𑘕𑘰𑘃𑘩.,161
data/synthetic/images/line_0161_v030.png,निकाल स्क्रीनवर दाखवला जाईल.,𑘡𑘱𑘎𑘰𑘩 𑘭𑘿𑘎𑘿𑘨𑘲𑘡𑘪𑘨 𑘟𑘰𑘏𑘪𑘩𑘰 𑘕𑘰𑘃𑘩.,161
data/synthetic/images/line_0161_v031.png,निकाल स्क्रीनवर दाखवला जाईल.,𑘡𑘱𑘎𑘰𑘩 𑘭𑘿𑘎𑘿𑘨𑘲𑘡𑘪𑘨 𑘟𑘰𑘏𑘪𑘩𑘰 𑘕𑘰𑘃𑘩.,161
data/synthetic/images/line_0161_v032.png,निकाल स्क्रीनवर दाखवला जाईल.,𑘡𑘱𑘎𑘰𑘩 𑘭𑘿𑘎𑘿𑘨𑘲𑘡𑘪𑘨 𑘟𑘰𑘏𑘪𑘩𑘰 𑘕𑘰𑘃𑘩.,161
data/synthetic/images/line_0161_v033.png,निकाल स्क्रीनवर दाखवला जाईल.,𑘡𑘱𑘎𑘰𑘩 𑘭𑘿𑘎𑘿𑘨𑘲𑘡𑘪𑘨 𑘟𑘰𑘏𑘪𑘩𑘰 𑘕𑘰𑘃𑘩.,161
data/synthetic/images/line_0161_v034.png,निकाल स्क्रीनवर दाखवला जाईल.,𑘡𑘱𑘎𑘰𑘩 𑘭𑘿𑘎𑘿𑘨𑘲𑘡𑘪𑘨 𑘟𑘰𑘏𑘪𑘩𑘰 𑘕𑘰𑘃𑘩.,161
data/synthetic/images/line_0161_v035.png,निकाल स्क्रीनवर दाखवला जाईल.,𑘡𑘱𑘎𑘰𑘩 𑘭𑘿𑘎𑘿𑘨𑘲𑘡𑘪𑘨 𑘟𑘰𑘏𑘪𑘩𑘰 𑘕𑘰𑘃𑘩.,161
data/synthetic/images/line_0161_v036.png,निकाल स्क्रीनवर दाखवला जाईल.,𑘡𑘱𑘎𑘰𑘩 𑘭𑘿𑘎𑘿𑘨𑘲𑘡𑘪𑘨 𑘟𑘰𑘏𑘪𑘩𑘰 𑘕𑘰𑘃𑘩.,161
data/synthetic/images/line_0161_v037.png,निकाल स्क्रीनवर दाखवला जाईल.,𑘡𑘱𑘎𑘰𑘩 𑘭𑘿𑘎𑘿𑘨𑘲𑘡𑘪𑘨 𑘟𑘰𑘏𑘪𑘩𑘰 𑘕𑘰𑘃𑘩.,161
data/synthetic/images/line_0161_v038.png,निकाल स्क्रीनवर दाखवला जाईल.,𑘡𑘱𑘎𑘰𑘩 𑘭𑘿𑘎𑘿𑘨𑘲𑘡𑘪𑘨 𑘟𑘰𑘏𑘪𑘩𑘰 𑘕𑘰𑘃𑘩.,161
data/synthetic/images/line_0161_v039.png,निकाल स्क्रीनवर दाखवला जाईल.,𑘡𑘱𑘎𑘰𑘩 𑘭𑘿𑘎𑘿𑘨𑘲𑘡𑘪𑘨 𑘟𑘰𑘏𑘪𑘩𑘰 𑘕𑘰𑘃𑘩.,161
data/synthetic/images/line_0162_v000.png,वापरकर्ता निकाल जतन करू शकतो.,𑘪𑘰𑘢𑘨𑘎𑘨𑘿𑘝𑘰 𑘡𑘱𑘎𑘰𑘩 𑘕𑘝𑘡 𑘎𑘨𑘴 𑘫𑘎𑘝𑘻.,162
data/synthetic/images/line_0162_v001.png,वापरकर्ता निकाल जतन करू शकतो.,𑘪𑘰𑘢𑘨𑘎𑘨𑘿𑘝𑘰 𑘡𑘱𑘎𑘰𑘩 𑘕𑘝𑘡 𑘎𑘨𑘴 𑘫𑘎𑘝𑘻.,162
data/synthetic/images/line_0162_v002.png,वापरकर्ता निकाल जतन करू शकतो.,𑘪𑘰𑘢𑘨𑘎𑘨𑘿𑘝𑘰 𑘡𑘱𑘎𑘰𑘩 𑘕𑘝𑘡 𑘎𑘨𑘴 𑘫𑘎𑘝𑘻.,162
data/synthetic/images/line_0162_v003.png,वापरकर्ता निकाल जतन करू शकतो.,𑘪𑘰𑘢𑘨𑘎𑘨𑘿𑘝𑘰 𑘡𑘱𑘎𑘰𑘩 𑘕𑘝𑘡 𑘎𑘨𑘴 𑘫𑘎𑘝𑘻.,162
data/synthetic/images/line_0162_v004.png,वापरकर्ता निकाल जतन करू शकतो.,𑘪𑘰𑘢𑘨𑘎𑘨𑘿𑘝𑘰 𑘡𑘱𑘎𑘰𑘩 𑘕𑘝𑘡 𑘎𑘨𑘴 𑘫𑘎𑘝𑘻.,162
data/synthetic/images/line_0162_v005.png,वापरकर्ता निकाल जतन करू शकतो.,𑘪𑘰𑘢𑘨𑘎𑘨𑘿𑘝𑘰 𑘡𑘱𑘎𑘰𑘩 𑘕𑘝𑘡 𑘎𑘨𑘴 𑘫𑘎𑘝𑘻.,162
data/synthetic/images/line_0162_v006.png,वापरकर्ता निकाल जतन करू शकतो.,𑘪𑘰𑘢𑘨𑘎𑘨𑘿𑘝𑘰 𑘡𑘱𑘎𑘰𑘩 𑘕𑘝𑘡 𑘎𑘨𑘴 𑘫𑘎𑘝𑘻.,162
data/synthetic/images/line_0162_v007.png,वापरकर्ता निकाल जतन करू शकतो.,𑘪𑘰𑘢𑘨𑘎𑘨𑘿𑘝𑘰 𑘡𑘱𑘎𑘰𑘩 𑘕𑘝𑘡 𑘎𑘨𑘴 𑘫𑘎𑘝𑘻.,162
data/synthetic/images/line_0162_v008.png,वापरकर्ता निकाल जतन करू शकतो.,𑘪𑘰𑘢𑘨𑘎𑘨𑘿𑘝𑘰 𑘡𑘱𑘎𑘰𑘩 𑘕𑘝𑘡 𑘎𑘨𑘴 𑘫𑘎𑘝𑘻.,162
data/synthetic/images/line_0162_v009.png,वापरकर्ता निकाल जतन करू शकतो.,𑘪𑘰𑘢𑘨𑘎𑘨𑘿𑘝𑘰 𑘡𑘱𑘎𑘰𑘩 𑘕𑘝𑘡 𑘎𑘨𑘴 𑘫𑘎𑘝𑘻.,162
data/synthetic/images/line_0162_v010.png,वापरकर्ता निकाल जतन करू शकतो.,𑘪𑘰𑘢𑘨𑘎𑘨𑘿𑘝𑘰 𑘡𑘱𑘎𑘰𑘩 𑘕𑘝𑘡 𑘎𑘨𑘴 𑘫𑘎𑘝𑘻.,162
data/synthetic/images/line_0162_v011.png,वापरकर्ता निकाल जतन करू शकतो.,𑘪𑘰𑘢𑘨𑘎𑘨𑘿𑘝𑘰 𑘡𑘱𑘎𑘰𑘩 𑘕𑘝𑘡 𑘎𑘨𑘴 𑘫𑘎𑘝𑘻.,162
data/synthetic/images/line_0162_v012.png,वापरकर्ता निकाल जतन करू शकतो.,𑘪𑘰𑘢𑘨𑘎𑘨𑘿𑘝𑘰 𑘡𑘱𑘎𑘰𑘩 𑘕𑘝𑘡 𑘎𑘨𑘴 𑘫𑘎𑘝𑘻.,162
data/synthetic/images/line_0162_v013.png,वापरकर्ता निकाल जतन करू शकतो.,𑘪𑘰𑘢𑘨𑘎𑘨𑘿𑘝𑘰 𑘡𑘱𑘎𑘰𑘩 𑘕𑘝𑘡 𑘎𑘨𑘴 𑘫𑘎𑘝𑘻.,162
data/synthetic/images/line_0162_v014.png,वापरकर्ता निकाल जतन करू शकतो.,𑘪𑘰𑘢𑘨𑘎𑘨𑘿𑘝𑘰 𑘡𑘱𑘎𑘰𑘩 𑘕𑘝𑘡 𑘎𑘨𑘴 𑘫𑘎𑘝𑘻.,162
data/synthetic/images/line_0162_v015.png,वापरकर्ता निकाल जतन करू शकतो.,𑘪𑘰𑘢𑘨𑘎𑘨𑘿𑘝𑘰 𑘡𑘱𑘎𑘰𑘩 𑘕𑘝𑘡 𑘎𑘨𑘴 𑘫𑘎𑘝𑘻.,162
data/synthetic/images/line_0162_v016.png,वापरकर्ता निकाल जतन करू शकतो.,𑘪𑘰𑘢𑘨𑘎𑘨𑘿𑘝𑘰 𑘡𑘱𑘎𑘰𑘩 𑘕𑘝𑘡 𑘎𑘨𑘴 𑘫𑘎𑘝𑘻.,162
data/synthetic/images/line_0162_v017.png,वापरकर्ता निकाल जतन करू शकतो.,𑘪𑘰𑘢𑘨𑘎𑘨𑘿𑘝𑘰 𑘡𑘱𑘎𑘰𑘩 𑘕𑘝𑘡 𑘎𑘨𑘴 𑘫𑘎𑘝𑘻.,162
data/synthetic/images/line_0162_v018.png,वापरकर्ता निकाल जतन करू शकतो.,𑘪𑘰𑘢𑘨𑘎𑘨𑘿𑘝𑘰 𑘡𑘱𑘎𑘰𑘩 𑘕𑘝𑘡 𑘎𑘨𑘴 𑘫𑘎𑘝𑘻.,162
data/synthetic/images/line_0162_v019.png,वापरकर्ता निकाल जतन करू शकतो.,𑘪𑘰𑘢𑘨𑘎𑘨𑘿𑘝𑘰 𑘡𑘱𑘎𑘰𑘩 𑘕𑘝𑘡 𑘎𑘨𑘴 𑘫𑘎𑘝𑘻.,162
data/synthetic/images/line_0162_v020.png,वापरकर्ता निकाल जतन करू शकतो.,𑘪𑘰𑘢𑘨𑘎𑘨𑘿𑘝𑘰 𑘡𑘱𑘎𑘰𑘩 𑘕𑘝𑘡 𑘎𑘨𑘴 𑘫𑘎𑘝𑘻.,162
data/synthetic/images/line_0162_v021.png,वापरकर्ता निकाल जतन करू शकतो.,𑘪𑘰𑘢𑘨𑘎𑘨𑘿𑘝𑘰 𑘡𑘱𑘎𑘰𑘩 𑘕𑘝𑘡 𑘎𑘨𑘴 𑘫𑘎𑘝𑘻.,162
data/synthetic/images/line_0162_v022.png,वापरकर्ता निकाल जतन करू शकतो.,𑘪𑘰𑘢𑘨𑘎𑘨𑘿𑘝𑘰 𑘡𑘱𑘎𑘰𑘩 𑘕𑘝𑘡 𑘎𑘨𑘴 𑘫𑘎𑘝𑘻.,162
data/synthetic/images/line_0162_v023.png,वापरकर्ता निकाल जतन करू शकतो.,𑘪𑘰𑘢𑘨𑘎𑘨𑘿𑘝𑘰 𑘡𑘱𑘎𑘰𑘩 𑘕𑘝𑘡 𑘎𑘨𑘴 𑘫𑘎𑘝𑘻.,162
data/synthetic/images/line_0162_v024.png,वापरकर्ता निकाल जतन करू शकतो.,𑘪𑘰𑘢𑘨𑘎𑘨𑘿𑘝𑘰 𑘡𑘱𑘎𑘰𑘩 𑘕𑘝𑘡 𑘎𑘨𑘴 𑘫𑘎𑘝𑘻.,162
data/synthetic/images/line_0162_v025.png,वापरकर्ता निकाल जतन करू शकतो.,𑘪𑘰𑘢𑘨𑘎𑘨𑘿𑘝𑘰 𑘡𑘱𑘎𑘰𑘩 𑘕𑘝𑘡 𑘎𑘨𑘴 𑘫𑘎𑘝𑘻.,162
data/synthetic/images/line_0162_v026.png,वापरकर्ता निकाल जतन करू शकतो.,𑘪𑘰𑘢𑘨𑘎𑘨𑘿𑘝𑘰 𑘡𑘱𑘎𑘰𑘩 𑘕𑘝𑘡 𑘎𑘨𑘴 𑘫𑘎𑘝𑘻.,162
data/synthetic/images/line_0162_v027.png,वापरकर्ता निकाल जतन करू शकतो.,𑘪𑘰𑘢𑘨𑘎𑘨𑘿𑘝𑘰 𑘡𑘱𑘎𑘰𑘩 𑘕𑘝𑘡 𑘎𑘨𑘴 𑘫𑘎𑘝𑘻.,162
data/synthetic/images/line_0162_v028.png,वापरकर्ता निकाल जतन करू शकतो.,𑘪𑘰𑘢𑘨𑘎𑘨𑘿𑘝𑘰 𑘡𑘱𑘎𑘰𑘩 𑘕𑘝𑘡 𑘎𑘨𑘴 𑘫𑘎𑘝𑘻.,162
data/synthetic/images/line_0162_v029.png,वापरकर्ता निकाल जतन करू शकतो.,𑘪𑘰𑘢𑘨𑘎𑘨𑘿𑘝𑘰 𑘡𑘱𑘎𑘰𑘩 𑘕𑘝𑘡 𑘎𑘨𑘴 𑘫𑘎𑘝𑘻.,162
data/synthetic/images/line_0162_v030.png,वापरकर्ता निकाल जतन करू शकतो.,𑘪𑘰𑘢𑘨𑘎𑘨𑘿𑘝𑘰 𑘡𑘱𑘎𑘰𑘩 𑘕𑘝𑘡 𑘎𑘨𑘴 𑘫𑘎𑘝𑘻.,162
data/synthetic/images/line_0162_v031.png,वापरकर्ता निकाल जतन करू शकतो.,𑘪𑘰𑘢𑘨𑘎𑘨𑘿𑘝𑘰 𑘡𑘱𑘎𑘰𑘩 𑘕𑘝𑘡 𑘎𑘨𑘴 𑘫𑘎𑘝𑘻.,162
data/synthetic/images/line_0162_v032.png,वापरकर्ता निकाल जतन करू शकतो.,𑘪𑘰𑘢𑘨𑘎𑘨𑘿𑘝𑘰 𑘡𑘱𑘎𑘰𑘩 𑘕𑘝𑘡 𑘎𑘨𑘴 𑘫𑘎𑘝𑘻.,162
data/synthetic/images/line_0162_v033.png,वापरकर्ता निकाल जतन करू शकतो.,𑘪𑘰𑘢𑘨𑘎𑘨𑘿𑘝𑘰 𑘡𑘱𑘎𑘰𑘩 𑘕𑘝𑘡 𑘎𑘨𑘴 𑘫𑘎𑘝𑘻.,162
data/synthetic/images/line_0162_v034.png,वापरकर्ता निकाल जतन करू शकतो.,𑘪𑘰𑘢𑘨𑘎𑘨𑘿𑘝𑘰 𑘡𑘱𑘎𑘰𑘩 𑘕𑘝𑘡 𑘎𑘨𑘴 𑘫𑘎𑘝𑘻.,162
data/synthetic/images/line_0162_v035.png,वापरकर्ता निकाल जतन करू शकतो.,𑘪𑘰𑘢𑘨𑘎𑘨𑘿𑘝𑘰 𑘡𑘱𑘎𑘰𑘩 𑘕𑘝𑘡 𑘎𑘨𑘴 𑘫𑘎𑘝𑘻.,162
data/synthetic/images/line_0162_v036.png,वापरकर्ता निकाल जतन करू शकतो.,𑘪𑘰𑘢𑘨𑘎𑘨𑘿𑘝𑘰 𑘡𑘱𑘎𑘰𑘩 𑘕𑘝𑘡 𑘎𑘨𑘴 𑘫𑘎𑘝𑘻.,162
data/synthetic/images/line_0162_v037.png,वापरकर्ता निकाल जतन करू शकतो.,𑘪𑘰𑘢𑘨𑘎𑘨𑘿𑘝𑘰 𑘡𑘱𑘎𑘰𑘩 𑘕𑘝𑘡 𑘎𑘨𑘴 𑘫𑘎𑘝𑘻.,162
data/synthetic/images/line_0162_v038.png,वापरकर्ता निकाल जतन करू शकतो.,𑘪𑘰𑘢𑘨𑘎𑘨𑘿𑘝𑘰 𑘡𑘱𑘎𑘰𑘩 𑘕𑘝𑘡 𑘎𑘨𑘴 𑘫𑘎𑘝𑘻.,162
data/synthetic/images/line_0162_v039.png,वापरकर्ता निकाल जतन करू शकतो.,𑘪𑘰𑘢𑘨𑘎𑘨𑘿𑘝𑘰 𑘡𑘱𑘎𑘰𑘩 𑘕𑘝𑘡 𑘎𑘨𑘴 𑘫𑘎𑘝𑘻.,162
data/synthetic/images/line_0163_v000.png,ही प्रणाली सर्वांसाठी उपयुक्त ठरेल.,𑘮𑘲 𑘢𑘿𑘨𑘜𑘰𑘩𑘲 𑘭𑘨𑘿𑘪𑘰𑘽𑘭𑘰𑘙𑘲 𑘄𑘢𑘧𑘳𑘎𑘿𑘝 𑘙𑘨𑘹𑘩.,163
data/synthetic/images/line_0163_v001.png,ही प्रणाली सर्वांसाठी उपयुक्त ठरेल.,𑘮𑘲 𑘢𑘿𑘨𑘜𑘰𑘩𑘲 𑘭𑘨𑘿𑘪𑘰𑘽𑘭𑘰𑘙𑘲 𑘄𑘢𑘧𑘳𑘎𑘿𑘝 𑘙𑘨𑘹𑘩.,163
data/synthetic/images/line_0163_v002.png,ही प्रणाली सर्वांसाठी उपयुक्त ठरेल.,𑘮𑘲 𑘢𑘿𑘨𑘜𑘰𑘩𑘲 𑘭𑘨𑘿𑘪𑘰𑘽𑘭𑘰𑘙𑘲 𑘄𑘢𑘧𑘳𑘎𑘿𑘝 𑘙𑘨𑘹𑘩.,163
data/synthetic/images/line_0163_v003.png,ही प्रणाली सर्वांसाठी उपयुक्त ठरेल.,𑘮𑘲 𑘢𑘿𑘨𑘜𑘰𑘩𑘲 𑘭𑘨𑘿𑘪𑘰𑘽𑘭𑘰𑘙𑘲 𑘄𑘢𑘧𑘳𑘎𑘿𑘝 𑘙𑘨𑘹𑘩.,163
data/synthetic/images/line_0163_v004.png,ही प्रणाली सर्वांसाठी उपयुक्त ठरेल.,𑘮𑘲 𑘢𑘿𑘨𑘜𑘰𑘩𑘲 𑘭𑘨𑘿𑘪𑘰𑘽𑘭𑘰𑘙𑘲 𑘄𑘢𑘧𑘳𑘎𑘿𑘝 𑘙𑘨𑘹𑘩.,163
data/synthetic/images/line_0163_v005.png,ही प्रणाली सर्वांसाठी उपयुक्त ठरेल.,𑘮𑘲 𑘢𑘿𑘨𑘜𑘰𑘩𑘲 𑘭𑘨𑘿𑘪𑘰𑘽𑘭𑘰𑘙𑘲 𑘄𑘢𑘧𑘳𑘎𑘿𑘝 𑘙𑘨𑘹𑘩.,163
data/synthetic/images/line_0163_v006.png,ही प्रणाली सर्वांसाठी उपयुक्त ठरेल.,𑘮𑘲 𑘢𑘿𑘨𑘜𑘰𑘩𑘲 𑘭𑘨𑘿𑘪𑘰𑘽𑘭𑘰𑘙𑘲 𑘄𑘢𑘧𑘳𑘎𑘿𑘝 𑘙𑘨𑘹𑘩.,163
data/synthetic/images/line_0163_v007.png,ही प्रणाली सर्वांसाठी उपयुक्त ठरेल.,𑘮𑘲 𑘢𑘿𑘨𑘜𑘰𑘩𑘲 𑘭𑘨𑘿𑘪𑘰𑘽𑘭𑘰𑘙𑘲 𑘄𑘢𑘧𑘳𑘎𑘿𑘝 𑘙𑘨𑘹𑘩.,163
data/synthetic/images/line_0163_v008.png,ही प्रणाली सर्वांसाठी उपयुक्त ठरेल.,𑘮𑘲 𑘢𑘿𑘨𑘜𑘰𑘩𑘲 𑘭𑘨𑘿𑘪𑘰𑘽𑘭𑘰𑘙𑘲 𑘄𑘢𑘧𑘳𑘎𑘿𑘝 𑘙𑘨𑘹𑘩.,163
data/synthetic/images/line_0163_v009.png,ही प्रणाली सर्वांसाठी उपयुक्त ठरेल.,𑘮𑘲 𑘢𑘿𑘨𑘜𑘰𑘩𑘲 𑘭𑘨𑘿𑘪𑘰𑘽𑘭𑘰𑘙𑘲 𑘄𑘢𑘧𑘳𑘎𑘿𑘝 𑘙𑘨𑘹𑘩.,163
data/synthetic/images/line_0163_v010.png,ही प्रणाली सर्वांसाठी उपयुक्त ठरेल.,𑘮𑘲 𑘢𑘿𑘨𑘜𑘰𑘩𑘲 𑘭𑘨𑘿𑘪𑘰𑘽𑘭𑘰𑘙𑘲 𑘄𑘢𑘧𑘳𑘎𑘿𑘝 𑘙𑘨𑘹𑘩.,163
data/synthetic/images/line_0163_v011.png,ही प्रणाली सर्वांसाठी उपयुक्त ठरेल.,𑘮𑘲 𑘢𑘿𑘨𑘜𑘰𑘩𑘲 𑘭𑘨𑘿𑘪𑘰𑘽𑘭𑘰𑘙𑘲 𑘄𑘢𑘧𑘳𑘎𑘿𑘝 𑘙𑘨𑘹𑘩.,163
data/synthetic/images/line_0163_v012.png,ही प्रणाली सर्वांसाठी उपयुक्त ठरेल.,𑘮𑘲 𑘢𑘿𑘨𑘜𑘰𑘩𑘲 𑘭𑘨𑘿𑘪𑘰𑘽𑘭𑘰𑘙𑘲 𑘄𑘢𑘧𑘳𑘎𑘿𑘝 𑘙𑘨𑘹𑘩.,163
data/synthetic/images/line_0163_v013.png,ही प्रणाली सर्वांसाठी उपयुक्त ठरेल.,𑘮𑘲 𑘢𑘿𑘨𑘜𑘰𑘩𑘲 𑘭𑘨𑘿𑘪𑘰𑘽𑘭𑘰𑘙𑘲 𑘄𑘢𑘧𑘳𑘎𑘿𑘝 𑘙𑘨𑘹𑘩.,163
data/synthetic/images/line_0163_v014.png,ही प्रणाली सर्वांसाठी उपयुक्त ठरेल.,𑘮𑘲 𑘢𑘿𑘨𑘜𑘰𑘩𑘲 𑘭𑘨𑘿𑘪𑘰𑘽𑘭𑘰𑘙𑘲 𑘄𑘢𑘧𑘳𑘎𑘿𑘝 𑘙𑘨𑘹𑘩.,163
data/synthetic/images/line_0163_v015.png,ही प्रणाली सर्वांसाठी उपयुक्त ठरेल.,𑘮𑘲 𑘢𑘿𑘨𑘜𑘰𑘩𑘲 𑘭𑘨𑘿𑘪𑘰𑘽𑘭𑘰𑘙𑘲 𑘄𑘢𑘧𑘳𑘎𑘿𑘝 𑘙𑘨𑘹𑘩.,163
data/synthetic/images/line_0163_v016.png,ही प्रणाली सर्वांसाठी उपयुक्त ठरेल.,𑘮𑘲 𑘢𑘿𑘨𑘜𑘰𑘩𑘲 𑘭𑘨𑘿𑘪𑘰𑘽𑘭𑘰𑘙𑘲 𑘄𑘢𑘧𑘳𑘎𑘿𑘝 𑘙𑘨𑘹𑘩.,163
data/synthetic/images/line_0163_v017.png,ही प्रणाली सर्वांसाठी उपयुक्त ठरेल.,𑘮𑘲 𑘢𑘿𑘨𑘜𑘰𑘩𑘲 𑘭𑘨𑘿𑘪𑘰𑘽𑘭𑘰𑘙𑘲 𑘄𑘢𑘧𑘳𑘎𑘿𑘝 𑘙𑘨𑘹𑘩.,163
data/synthetic/images/line_0163_v018.png,ही प्रणाली सर्वांसाठी उपयुक्त ठरेल.,𑘮𑘲 𑘢𑘿𑘨𑘜𑘰𑘩𑘲 𑘭𑘨𑘿𑘪𑘰𑘽𑘭𑘰𑘙𑘲 𑘄𑘢𑘧𑘳𑘎𑘿𑘝 𑘙𑘨𑘹𑘩.,163
data/synthetic/images/line_0163_v019.png,ही प्रणाली सर्वांसाठी उपयुक्त ठरेल.,𑘮𑘲 𑘢𑘿𑘨𑘜𑘰𑘩𑘲 𑘭𑘨𑘿𑘪𑘰𑘽𑘭𑘰𑘙𑘲 𑘄𑘢𑘧𑘳𑘎𑘿𑘝 𑘙𑘨𑘹𑘩.,163
data/synthetic/images/line_0163_v020.png,ही प्रणाली सर्वांसाठी उपयुक्त ठरेल.,𑘮𑘲 𑘢𑘿𑘨𑘜𑘰𑘩𑘲 𑘭𑘨𑘿𑘪𑘰𑘽𑘭𑘰𑘙𑘲 𑘄𑘢𑘧𑘳𑘎𑘿𑘝 𑘙𑘨𑘹𑘩.,163
data/synthetic/images/line_0163_v021.png,ही प्रणाली सर्वांसाठी उपयुक्त ठरेल.,𑘮𑘲 𑘢𑘿𑘨𑘜𑘰𑘩𑘲 𑘭𑘨𑘿𑘪𑘰𑘽𑘭𑘰𑘙𑘲 𑘄𑘢𑘧𑘳𑘎𑘿𑘝 𑘙𑘨𑘹𑘩.,163
data/synthetic/images/line_0163_v022.png,ही प्रणाली सर्वांसाठी उपयुक्त ठरेल.,𑘮𑘲 𑘢𑘿𑘨𑘜𑘰𑘩𑘲 𑘭𑘨𑘿𑘪𑘰𑘽𑘭𑘰𑘙𑘲 𑘄𑘢𑘧𑘳𑘎𑘿𑘝 𑘙𑘨𑘹𑘩.,163
data/synthetic/images/line_0163_v023.png,ही प्रणाली सर्वांसाठी उपयुक्त ठरेल.,𑘮𑘲 𑘢𑘿𑘨𑘜𑘰𑘩𑘲 𑘭𑘨𑘿𑘪𑘰𑘽𑘭𑘰𑘙𑘲 𑘄𑘢𑘧𑘳𑘎𑘿𑘝 𑘙𑘨𑘹𑘩.,163
data/synthetic/images/line_0163_v024.png,ही प्रणाली सर्वांसाठी उपयुक्त ठरेल.,𑘮𑘲 𑘢𑘿𑘨𑘜𑘰𑘩𑘲 𑘭𑘨𑘿𑘪𑘰𑘽𑘭𑘰𑘙𑘲 𑘄𑘢𑘧𑘳𑘎𑘿𑘝 𑘙𑘨𑘹𑘩.,163
data/synthetic/images/line_0163_v025.png,ही प्रणाली सर्वांसाठी उपयुक्त ठरेल.,𑘮𑘲 𑘢𑘿𑘨𑘜𑘰𑘩𑘲 𑘭𑘨𑘿𑘪𑘰𑘽𑘭𑘰𑘙𑘲 𑘄𑘢𑘧𑘳𑘎𑘿𑘝 𑘙𑘨𑘹𑘩.,163
data/synthetic/images/line_0163_v026.png,ही प्रणाली सर्वांसाठी उपयुक्त ठरेल.,𑘮𑘲 𑘢𑘿𑘨𑘜𑘰𑘩𑘲 𑘭𑘨𑘿𑘪𑘰𑘽𑘭𑘰𑘙𑘲 𑘄𑘢𑘧𑘳𑘎𑘿𑘝 𑘙𑘨𑘹𑘩.,163
data/synthetic/images/line_0163_v027.png,ही प्रणाली सर्वांसाठी उपयुक्त ठरेल.,𑘮𑘲 𑘢𑘿𑘨𑘜𑘰𑘩𑘲 𑘭𑘨𑘿𑘪𑘰𑘽𑘭𑘰𑘙𑘲 𑘄𑘢𑘧𑘳𑘎𑘿𑘝 𑘙𑘨𑘹𑘩.,163
data/synthetic/images/line_0163_v028.png,ही प्रणाली सर्वांसाठी उपयुक्त ठरेल.,𑘮𑘲 𑘢𑘿𑘨𑘜𑘰𑘩𑘲 𑘭𑘨𑘿𑘪𑘰𑘽𑘭𑘰𑘙𑘲 𑘄𑘢𑘧𑘳𑘎𑘿𑘝 𑘙𑘨𑘹𑘩.,163
data/synthetic/images/line_0163_v029.png,ही प्रणाली सर्वांसाठी उपयुक्त ठरेल.,𑘮𑘲 𑘢𑘿𑘨𑘜𑘰𑘩𑘲 𑘭𑘨𑘿𑘪𑘰𑘽𑘭𑘰𑘙𑘲 𑘄𑘢𑘧𑘳𑘎𑘿𑘝 𑘙𑘨𑘹𑘩.,163
data/synthetic/images/line_0163_v030.png,ही प्रणाली सर्वांसाठी उपयुक्त ठरेल.,𑘮𑘲 𑘢𑘿𑘨𑘜𑘰𑘩𑘲 𑘭𑘨𑘿𑘪𑘰𑘽𑘭𑘰𑘙𑘲 𑘄𑘢𑘧𑘳𑘎𑘿𑘝 𑘙𑘨𑘹𑘩.,163
data/synthetic/images/line_0163_v031.png,ही प्रणाली सर्वांसाठी उपयुक्त ठरेल.,𑘮𑘲 𑘢𑘿𑘨𑘜𑘰𑘩𑘲 𑘭𑘨𑘿𑘪𑘰𑘽𑘭𑘰𑘙𑘲 𑘄𑘢𑘧𑘳𑘎𑘿𑘝 𑘙𑘨𑘹𑘩.,163
data/synthetic/images/line_0163_v032.png,ही प्रणाली सर्वांसाठी उपयुक्त ठरेल.,𑘮𑘲 𑘢𑘿𑘨𑘜𑘰𑘩𑘲 𑘭𑘨𑘿𑘪𑘰𑘽𑘭𑘰𑘙𑘲 𑘄𑘢𑘧𑘳𑘎𑘿𑘝 𑘙𑘨𑘹𑘩.,163
data/synthetic/images/line_0163_v033.png,ही प्रणाली सर्वांसाठी उपयुक्त ठरेल.,𑘮𑘲 𑘢𑘿𑘨𑘜𑘰𑘩𑘲 𑘭𑘨𑘿𑘪𑘰𑘽𑘭𑘰𑘙𑘲 𑘄𑘢𑘧𑘳𑘎𑘿𑘝 𑘙𑘨𑘹𑘩.,163
data/synthetic/images/line_0163_v034.png,ही प्रणाली सर्वांसाठी उपयुक्त ठरेल.,𑘮𑘲 𑘢𑘿𑘨𑘜𑘰𑘩𑘲 𑘭𑘨𑘿𑘪𑘰𑘽𑘭𑘰𑘙𑘲 𑘄𑘢𑘧𑘳𑘎𑘿𑘝 𑘙𑘨𑘹𑘩.,163
data/synthetic/images/line_0163_v035.png,ही प्रणाली सर्वांसाठी उपयुक्त ठरेल.,𑘮𑘲 𑘢𑘿𑘨𑘜𑘰𑘩𑘲 𑘭𑘨𑘿𑘪𑘰𑘽𑘭𑘰𑘙𑘲 𑘄𑘢𑘧𑘳𑘎𑘿𑘝 𑘙𑘨𑘹𑘩.,163
data/synthetic/images/line_0163_v036.png,ही प्रणाली सर्वांसाठी उपयुक्त ठरेल.,𑘮𑘲 𑘢𑘿𑘨𑘜𑘰𑘩𑘲 𑘭𑘨𑘿𑘪𑘰𑘽𑘭𑘰𑘙𑘲 𑘄𑘢𑘧𑘳𑘎𑘿𑘝 𑘙𑘨𑘹𑘩.,163
data/synthetic/images/line_0163_v037.png,ही प्रणाली सर्वांसाठी उपयुक्त ठरेल.,𑘮𑘲 𑘢𑘿𑘨𑘜𑘰𑘩𑘲 𑘭𑘨𑘿𑘪𑘰𑘽𑘭𑘰𑘙𑘲 𑘄𑘢𑘧𑘳𑘎𑘿𑘝 𑘙𑘨𑘹𑘩.,163
data/synthetic/images/line_0163_v038.png,ही प्रणाली सर्वांसाठी उपयुक्त ठरेल.,𑘮𑘲 𑘢𑘿𑘨𑘜𑘰𑘩𑘲 𑘭𑘨𑘿𑘪𑘰𑘽𑘭𑘰𑘙𑘲 𑘄𑘢𑘧𑘳𑘎𑘿𑘝 𑘙𑘨𑘹𑘩.,163
data/synthetic/images/line_0163_v039.png,ही प्रणाली सर्वांसाठी उपयुक्त ठरेल.,𑘮𑘲 𑘢𑘿𑘨𑘜𑘰𑘩𑘲 𑘭𑘨𑘿𑘪𑘰𑘽𑘭𑘰𑘙𑘲 𑘄𑘢𑘧𑘳𑘎𑘿𑘝 𑘙𑘨𑘹𑘩.,163
data/synthetic/images/line_0164_v000.png,संशोधक आणि विद्यार्थी दोघांनाही याचा फायदा होईल.,𑘭𑘽𑘫𑘻𑘠𑘎 𑘁𑘜𑘱 𑘪𑘱𑘟𑘿𑘧𑘰𑘨𑘿𑘞𑘲 𑘟𑘻𑘑𑘰𑘽𑘡𑘰𑘮𑘲 𑘧𑘰𑘓𑘰 𑘣𑘰𑘧𑘟𑘰 𑘮𑘻𑘃𑘩.,164
data/synthetic/images/line_0164_v001.png,संशोधक आणि विद्यार्थी दोघांनाही याचा फायदा होईल.,𑘭𑘽𑘫𑘻𑘠𑘎 𑘁𑘜𑘱 𑘪𑘱𑘟𑘿𑘧𑘰𑘨𑘿𑘞𑘲 𑘟𑘻𑘑𑘰𑘽𑘡𑘰𑘮𑘲 𑘧𑘰𑘓𑘰 𑘣𑘰𑘧𑘟𑘰 𑘮𑘻𑘃𑘩.,164
data/synthetic/images/line_0164_v002.png,संशोधक आणि विद्यार्थी दोघांनाही याचा फायदा होईल.,𑘭𑘽𑘫𑘻𑘠𑘎 𑘁𑘜𑘱 𑘪𑘱𑘟𑘿𑘧𑘰𑘨𑘿𑘞𑘲 𑘟𑘻𑘑𑘰𑘽𑘡𑘰𑘮𑘲 𑘧𑘰𑘓𑘰 𑘣𑘰𑘧𑘟𑘰 𑘮𑘻𑘃𑘩.,164
data/synthetic/images/line_0164_v003.png,संशोधक आणि विद्यार्थी दोघांनाही याचा फायदा होईल.,𑘭𑘽𑘫𑘻𑘠𑘎 𑘁𑘜𑘱 𑘪𑘱𑘟𑘿𑘧𑘰𑘨𑘿𑘞𑘲 𑘟𑘻𑘑𑘰𑘽𑘡𑘰𑘮𑘲 𑘧𑘰𑘓𑘰 𑘣𑘰𑘧𑘟𑘰 𑘮𑘻𑘃𑘩.,164
data/synthetic/images/line_0164_v004.png,संशोधक आणि विद्यार्थी दोघांनाही याचा फायदा होईल.,𑘭𑘽𑘫𑘻𑘠𑘎 𑘁𑘜𑘱 𑘪𑘱𑘟𑘿𑘧𑘰𑘨𑘿𑘞𑘲 𑘟𑘻𑘑𑘰𑘽𑘡𑘰𑘮𑘲 𑘧𑘰𑘓𑘰 𑘣𑘰𑘧𑘟𑘰 𑘮𑘻𑘃𑘩.,164
data/synthetic/images/line_0164_v005.png,संशोधक आणि विद्यार्थी दोघांनाही याचा फायदा होईल.,𑘭𑘽𑘫𑘻𑘠𑘎 𑘁𑘜𑘱 𑘪𑘱𑘟𑘿𑘧𑘰𑘨𑘿𑘞𑘲 𑘟𑘻𑘑𑘰𑘽𑘡𑘰𑘮𑘲 𑘧𑘰𑘓𑘰 𑘣𑘰𑘧𑘟𑘰 𑘮𑘻𑘃𑘩.,164
data/synthetic/images/line_0164_v006.png,संशोधक आणि विद्यार्थी दोघांनाही याचा फायदा होईल.,𑘭𑘽𑘫𑘻𑘠𑘎 𑘁𑘜𑘱 𑘪𑘱𑘟𑘿𑘧𑘰𑘨𑘿𑘞𑘲 𑘟𑘻𑘑𑘰𑘽𑘡𑘰𑘮𑘲 𑘧𑘰𑘓𑘰 𑘣𑘰𑘧𑘟𑘰 𑘮𑘻𑘃𑘩.,164
data/synthetic/images/line_0164_v007.png,संशोधक आणि विद्यार्थी दोघांनाही याचा फायदा होईल.,𑘭𑘽𑘫𑘻𑘠𑘎 𑘁𑘜𑘱 𑘪𑘱𑘟𑘿𑘧𑘰𑘨𑘿𑘞𑘲 𑘟𑘻𑘑𑘰𑘽𑘡𑘰𑘮𑘲 𑘧𑘰𑘓𑘰 𑘣𑘰𑘧𑘟𑘰 𑘮𑘻𑘃𑘩.,164
data/synthetic/images/line_0164_v008.png,संशोधक आणि विद्यार्थी दोघांनाही याचा फायदा होईल.,𑘭𑘽𑘫𑘻𑘠𑘎 𑘁𑘜𑘱 𑘪𑘱𑘟𑘿𑘧𑘰𑘨𑘿𑘞𑘲 𑘟𑘻𑘑𑘰𑘽𑘡𑘰𑘮𑘲 𑘧𑘰𑘓𑘰 𑘣𑘰𑘧𑘟𑘰 𑘮𑘻𑘃𑘩.,164
data/synthetic/images/line_0164_v009.png,संशोधक आणि विद्यार्थी दोघांनाही याचा फायदा होईल.,𑘭𑘽𑘫𑘻𑘠𑘎 𑘁𑘜𑘱 𑘪𑘱𑘟𑘿𑘧𑘰𑘨𑘿𑘞𑘲 𑘟𑘻𑘑𑘰𑘽𑘡𑘰𑘮𑘲 𑘧𑘰𑘓𑘰 𑘣𑘰𑘧𑘟𑘰 𑘮𑘻𑘃𑘩.,164
data/synthetic/images/line_0164_v010.png,संशोधक आणि विद्यार्थी दोघांनाही याचा फायदा होईल.,𑘭𑘽𑘫𑘻𑘠𑘎 𑘁𑘜𑘱 𑘪𑘱𑘟𑘿𑘧𑘰𑘨𑘿𑘞𑘲 𑘟𑘻𑘑𑘰𑘽𑘡𑘰𑘮𑘲 𑘧𑘰𑘓𑘰 𑘣𑘰𑘧𑘟𑘰 𑘮𑘻𑘃𑘩.,164
data/synthetic/images/line_0164_v011.png,संशोधक आणि विद्यार्थी दोघांनाही याचा फायदा होईल.,𑘭𑘽𑘫𑘻𑘠𑘎 𑘁𑘜𑘱 𑘪𑘱𑘟𑘿𑘧𑘰𑘨𑘿𑘞𑘲 𑘟𑘻𑘑𑘰𑘽𑘡𑘰𑘮𑘲 𑘧𑘰𑘓𑘰 𑘣𑘰𑘧𑘟𑘰 𑘮𑘻𑘃𑘩.,164
data/synthetic/images/line_0164_v012.png,संशोधक आणि विद्यार्थी दोघांनाही याचा फायदा होईल.,𑘭𑘽𑘫𑘻𑘠𑘎 𑘁𑘜𑘱 𑘪𑘱𑘟𑘿𑘧𑘰𑘨𑘿𑘞𑘲 𑘟𑘻𑘑𑘰𑘽𑘡𑘰𑘮𑘲 𑘧𑘰𑘓𑘰 𑘣𑘰𑘧𑘟𑘰 𑘮𑘻𑘃𑘩.,164
data/synthetic/images/line_0164_v013.png,संशोधक आणि विद्यार्थी दोघांनाही याचा फायदा होईल.,𑘭𑘽𑘫𑘻𑘠𑘎 𑘁𑘜𑘱 𑘪𑘱𑘟𑘿𑘧𑘰𑘨𑘿𑘞𑘲 𑘟𑘻𑘑𑘰𑘽𑘡𑘰𑘮𑘲 𑘧𑘰𑘓𑘰 𑘣𑘰𑘧𑘟𑘰 𑘮𑘻𑘃𑘩.,164
data/synthetic/images/line_0164_v014.png,संशोधक आणि विद्यार्थी दोघांनाही याचा फायदा होईल.,𑘭𑘽𑘫𑘻𑘠𑘎 𑘁𑘜𑘱 𑘪𑘱𑘟𑘿𑘧𑘰𑘨𑘿𑘞𑘲 𑘟𑘻𑘑𑘰𑘽𑘡𑘰𑘮𑘲 𑘧𑘰𑘓𑘰 𑘣𑘰𑘧𑘟𑘰 𑘮𑘻𑘃𑘩.,164
data/synthetic/images/line_0164_v015.png,संशोधक आणि विद्यार्थी दोघांनाही याचा फायदा होईल.,𑘭𑘽𑘫𑘻𑘠𑘎 𑘁𑘜𑘱 𑘪𑘱𑘟𑘿𑘧𑘰𑘨𑘿𑘞𑘲 𑘟𑘻𑘑𑘰𑘽𑘡𑘰𑘮𑘲 𑘧𑘰𑘓𑘰 𑘣𑘰𑘧𑘟𑘰 𑘮𑘻𑘃𑘩.,164
data/synthetic/images/line_0164_v016.png,संशोधक आणि विद्यार्थी दोघांनाही याचा फायदा होईल.,𑘭𑘽𑘫𑘻𑘠𑘎 𑘁𑘜𑘱 𑘪𑘱𑘟𑘿𑘧𑘰𑘨𑘿𑘞𑘲 𑘟𑘻𑘑𑘰𑘽𑘡𑘰𑘮𑘲 𑘧𑘰𑘓𑘰 𑘣𑘰𑘧𑘟𑘰 𑘮𑘻𑘃𑘩.,164
data/synthetic/images/line_0164_v017.png,संशोधक आणि विद्यार्थी दोघांनाही याचा फायदा होईल.,𑘭𑘽𑘫𑘻𑘠𑘎 𑘁𑘜𑘱 𑘪𑘱𑘟𑘿𑘧𑘰𑘨𑘿𑘞𑘲 𑘟𑘻𑘑𑘰𑘽𑘡𑘰𑘮𑘲 𑘧𑘰𑘓𑘰 𑘣𑘰𑘧𑘟𑘰 𑘮𑘻𑘃𑘩.,164
data/synthetic/images/line_0164_v018.png,संशोधक आणि विद्यार्थी दोघांनाही याचा फायदा होईल.,𑘭𑘽𑘫𑘻𑘠𑘎 𑘁𑘜𑘱 𑘪𑘱𑘟𑘿𑘧𑘰𑘨𑘿𑘞𑘲 𑘟𑘻𑘑𑘰𑘽𑘡𑘰𑘮𑘲 𑘧𑘰𑘓𑘰 𑘣𑘰𑘧𑘟𑘰 𑘮𑘻𑘃𑘩.,164
data/synthetic/images/line_0164_v019.png,संशोधक आणि विद्यार्थी दोघांनाही याचा फायदा होईल.,𑘭𑘽𑘫𑘻𑘠𑘎 𑘁𑘜𑘱 𑘪𑘱𑘟𑘿𑘧𑘰𑘨𑘿𑘞𑘲 𑘟𑘻𑘑𑘰𑘽𑘡𑘰𑘮𑘲 𑘧𑘰𑘓𑘰 𑘣𑘰𑘧𑘟𑘰 𑘮𑘻𑘃𑘩.,164
data/synthetic/images/line_0164_v020.png,संशोधक आणि विद्यार्थी दोघांनाही याचा फायदा होईल.,𑘭𑘽𑘫𑘻𑘠𑘎 𑘁𑘜𑘱 𑘪𑘱𑘟𑘿𑘧𑘰𑘨𑘿𑘞𑘲 𑘟𑘻𑘑𑘰𑘽𑘡𑘰𑘮𑘲 𑘧𑘰𑘓𑘰 𑘣𑘰𑘧𑘟𑘰 𑘮𑘻𑘃𑘩.,164
data/synthetic/images/line_0164_v021.png,संशोधक आणि विद्यार्थी दोघांनाही याचा फायदा होईल.,𑘭𑘽𑘫𑘻𑘠𑘎 𑘁𑘜𑘱 𑘪𑘱𑘟𑘿𑘧𑘰𑘨𑘿𑘞𑘲 𑘟𑘻𑘑𑘰𑘽𑘡𑘰𑘮𑘲 𑘧𑘰𑘓𑘰 𑘣𑘰𑘧𑘟𑘰 𑘮𑘻𑘃𑘩.,164
data/synthetic/images/line_0164_v022.png,संशोधक आणि विद्यार्थी दोघांनाही याचा फायदा होईल.,𑘭𑘽𑘫𑘻𑘠𑘎 𑘁𑘜𑘱 𑘪𑘱𑘟𑘿𑘧𑘰𑘨𑘿𑘞𑘲 𑘟𑘻𑘑𑘰𑘽𑘡𑘰𑘮𑘲 𑘧𑘰𑘓𑘰 𑘣𑘰𑘧𑘟𑘰 𑘮𑘻𑘃𑘩.,164
data/synthetic/images/line_0164_v023.png,संशोधक आणि विद्यार्थी दोघांनाही याचा फायदा होईल.,𑘭𑘽𑘫𑘻𑘠𑘎 𑘁𑘜𑘱 𑘪𑘱𑘟𑘿𑘧𑘰𑘨𑘿𑘞𑘲 𑘟𑘻𑘑𑘰𑘽𑘡𑘰𑘮𑘲 𑘧𑘰𑘓𑘰 𑘣𑘰𑘧𑘟𑘰 𑘮𑘻𑘃𑘩.,164
data/synthetic/images/line_0164_v024.png,संशोधक आणि विद्यार्थी दोघांनाही याचा फायदा होईल.,𑘭𑘽𑘫𑘻𑘠𑘎 𑘁𑘜𑘱 𑘪𑘱𑘟𑘿𑘧𑘰𑘨𑘿𑘞𑘲 𑘟𑘻𑘑𑘰𑘽𑘡𑘰𑘮𑘲 𑘧𑘰𑘓𑘰 𑘣𑘰𑘧𑘟𑘰 𑘮𑘻𑘃𑘩.,164
data/synthetic/images/line_0164_v025.png,संशोधक आणि विद्यार्थी दोघांनाही याचा फायदा होईल.,𑘭𑘽𑘫𑘻𑘠𑘎 𑘁𑘜𑘱 𑘪𑘱𑘟𑘿𑘧𑘰𑘨𑘿𑘞𑘲 𑘟𑘻𑘑𑘰𑘽𑘡𑘰𑘮𑘲 𑘧𑘰𑘓𑘰 𑘣𑘰𑘧𑘟𑘰 𑘮𑘻𑘃𑘩.,164
data/synthetic/images/line_0164_v026.png,संशोधक आणि विद्यार्थी दोघांनाही याचा फायदा होईल.,𑘭𑘽𑘫𑘻𑘠𑘎 𑘁𑘜𑘱 𑘪𑘱𑘟𑘿𑘧𑘰𑘨𑘿𑘞𑘲 𑘟𑘻𑘑𑘰𑘽𑘡𑘰𑘮𑘲 𑘧𑘰𑘓𑘰 𑘣𑘰𑘧𑘟𑘰 𑘮𑘻𑘃𑘩.,164
data/synthetic/images/line_0164_v027.png,संशोधक आणि विद्यार्थी दोघांनाही याचा फायदा होईल.,𑘭𑘽𑘫𑘻𑘠𑘎 𑘁𑘜𑘱 𑘪𑘱𑘟𑘿𑘧𑘰𑘨𑘿𑘞𑘲 𑘟𑘻𑘑𑘰𑘽𑘡𑘰𑘮𑘲 𑘧𑘰𑘓𑘰 𑘣𑘰𑘧𑘟𑘰 𑘮𑘻𑘃𑘩.,164
data/synthetic/images/line_0164_v028.png,संशोधक आणि विद्यार्थी दोघांनाही याचा फायदा होईल.,𑘭𑘽𑘫𑘻𑘠𑘎 𑘁𑘜𑘱 𑘪𑘱𑘟𑘿𑘧𑘰𑘨𑘿𑘞𑘲 𑘟𑘻𑘑𑘰𑘽𑘡𑘰𑘮𑘲 𑘧𑘰𑘓𑘰 𑘣𑘰𑘧𑘟𑘰 𑘮𑘻𑘃𑘩.,164
data/synthetic/images/line_0164_v029.png,संशोधक आणि विद्यार्थी दोघांनाही याचा फायदा होईल.,𑘭𑘽𑘫𑘻𑘠𑘎 𑘁𑘜𑘱 𑘪𑘱𑘟𑘿𑘧𑘰𑘨𑘿𑘞𑘲 𑘟𑘻𑘑𑘰𑘽𑘡𑘰𑘮𑘲 𑘧𑘰𑘓𑘰 𑘣𑘰𑘧𑘟𑘰 𑘮𑘻𑘃𑘩.,164
data/synthetic/images/line_0164_v030.png,संशोधक आणि विद्यार्थी दोघांनाही याचा फायदा होईल.,𑘭𑘽𑘫𑘻𑘠𑘎 𑘁𑘜𑘱 𑘪𑘱𑘟𑘿𑘧𑘰𑘨𑘿𑘞𑘲 𑘟𑘻𑘑𑘰𑘽𑘡𑘰𑘮𑘲 𑘧𑘰𑘓𑘰 𑘣𑘰𑘧𑘟𑘰 𑘮𑘻𑘃𑘩.,164
data/synthetic/images/line_0164_v031.png,संशोधक आणि विद्यार्थी दोघांनाही याचा फायदा होईल.,𑘭𑘽𑘫𑘻𑘠𑘎 𑘁𑘜𑘱 𑘪𑘱𑘟𑘿𑘧𑘰𑘨𑘿𑘞𑘲 𑘟𑘻𑘑𑘰𑘽𑘡𑘰𑘮𑘲 𑘧𑘰𑘓𑘰 𑘣𑘰𑘧𑘟𑘰 𑘮𑘻𑘃𑘩.,164
data/synthetic/images/line_0164_v032.png,संशोधक आणि विद्यार्थी दोघांनाही याचा फायदा होईल.,𑘭𑘽𑘫𑘻𑘠𑘎 𑘁𑘜𑘱 𑘪𑘱𑘟𑘿𑘧𑘰𑘨𑘿𑘞𑘲 𑘟𑘻𑘑𑘰𑘽𑘡𑘰𑘮𑘲 𑘧𑘰𑘓𑘰 𑘣𑘰𑘧𑘟𑘰 𑘮𑘻𑘃𑘩.,164
data/synthetic/images/line_0164_v033.png,संशोधक आणि विद्यार्थी दोघांनाही याचा फायदा होईल.,𑘭𑘽𑘫𑘻𑘠𑘎 𑘁𑘜𑘱 𑘪𑘱𑘟𑘿𑘧𑘰𑘨𑘿𑘞𑘲 𑘟𑘻𑘑𑘰𑘽𑘡𑘰𑘮𑘲 𑘧𑘰𑘓𑘰 𑘣𑘰𑘧𑘟𑘰 𑘮𑘻𑘃𑘩.,164
data/synthetic/images/line_0164_v034.png,संशोधक आणि विद्यार्थी दोघांनाही याचा फायदा होईल.,𑘭𑘽𑘫𑘻𑘠𑘎 𑘁𑘜𑘱 𑘪𑘱𑘟𑘿𑘧𑘰𑘨𑘿𑘞𑘲 𑘟𑘻𑘑𑘰𑘽𑘡𑘰𑘮𑘲 𑘧𑘰𑘓𑘰 𑘣𑘰𑘧𑘟𑘰 𑘮𑘻𑘃𑘩.,164
data/synthetic/images/line_0164_v035.png,संशोधक आणि विद्यार्थी दोघांनाही याचा फायदा होईल.,𑘭𑘽𑘫𑘻𑘠𑘎 𑘁𑘜𑘱 𑘪𑘱𑘟𑘿𑘧𑘰𑘨𑘿𑘞𑘲 𑘟𑘻𑘑𑘰𑘽𑘡𑘰𑘮𑘲 𑘧𑘰𑘓𑘰 𑘣𑘰𑘧𑘟𑘰 𑘮𑘻𑘃𑘩.,164
data/synthetic/images/line_0164_v036.png,संशोधक आणि विद्यार्थी दोघांनाही याचा फायदा होईल.,𑘭𑘽𑘫𑘻𑘠𑘎 𑘁𑘜𑘱 𑘪𑘱𑘟𑘿𑘧𑘰𑘨𑘿𑘞𑘲 𑘟𑘻𑘑𑘰𑘽𑘡𑘰𑘮𑘲 𑘧𑘰𑘓𑘰 𑘣𑘰𑘧𑘟𑘰 𑘮𑘻𑘃𑘩.,164
data/synthetic/images/line_0164_v037.png,संशोधक आणि विद्यार्थी दोघांनाही याचा फायदा होईल.,𑘭𑘽𑘫𑘻𑘠𑘎 𑘁𑘜𑘱 𑘪𑘱𑘟𑘿𑘧𑘰𑘨𑘿𑘞𑘲 𑘟𑘻𑘑𑘰𑘽𑘡𑘰𑘮𑘲 𑘧𑘰𑘓𑘰 𑘣𑘰𑘧𑘟𑘰 𑘮𑘻𑘃𑘩.,164
data/synthetic/images/line_0164_v038.png,संशोधक आणि विद्यार्थी दोघांनाही याचा फायदा होईल.,𑘭𑘽𑘫𑘻𑘠𑘎 𑘁𑘜𑘱 𑘪𑘱𑘟𑘿𑘧𑘰𑘨𑘿𑘞𑘲 𑘟𑘻𑘑𑘰𑘽𑘡𑘰𑘮𑘲 𑘧𑘰𑘓𑘰 𑘣𑘰𑘧𑘟𑘰 𑘮𑘻𑘃𑘩.,164
data/synthetic/images/line_0164_v039.png,संशोधक आणि विद्यार्थी दोघांनाही याचा फायदा होईल.,𑘭𑘽𑘫𑘻𑘠𑘎 𑘁𑘜𑘱 𑘪𑘱𑘟𑘿𑘧𑘰𑘨𑘿𑘞𑘲 𑘟𑘻𑘑𑘰𑘽𑘡𑘰𑘮𑘲 𑘧𑘰𑘓𑘰 𑘣𑘰𑘧𑘟𑘰 𑘮𑘻𑘃𑘩.,164
data/synthetic/images/line_0165_v000.png,भविष्यात अधिक दस्तऐवज समाविष्ट केले जातील.,𑘥𑘪𑘱𑘬𑘿𑘧𑘰𑘝 𑘀𑘠𑘱𑘎 𑘟𑘭𑘿𑘝𑘋𑘪𑘕 𑘭𑘦𑘰𑘪𑘱𑘬𑘿𑘘 𑘎𑘹𑘩𑘹 𑘕𑘰𑘝𑘲𑘩.,165
data/synthetic/images/line_0165_v001.png,भविष्यात अधिक दस्तऐवज समाविष्ट केले जातील.,𑘥𑘪𑘱𑘬𑘿𑘧𑘰𑘝 𑘀𑘠𑘱𑘎 𑘟𑘭𑘿𑘝𑘋𑘪𑘕 𑘭𑘦𑘰𑘪𑘱𑘬𑘿𑘘 𑘎𑘹𑘩𑘹 𑘕𑘰𑘝𑘲𑘩.,165
data/synthetic/images/line_0165_v002.png,भविष्यात अधिक दस्तऐवज समाविष्ट केले जातील.,𑘥𑘪𑘱𑘬𑘿𑘧𑘰𑘝 𑘀𑘠𑘱𑘎 𑘟𑘭𑘿𑘝𑘋𑘪𑘕 𑘭𑘦𑘰𑘪𑘱𑘬𑘿𑘘 𑘎𑘹𑘩𑘹 𑘕𑘰𑘝𑘲𑘩.,165
data/synthetic/images/line_0165_v003.png,भविष्यात अधिक दस्तऐवज समाविष्ट केले जातील.,𑘥𑘪𑘱𑘬𑘿𑘧𑘰𑘝 𑘀𑘠𑘱𑘎 𑘟𑘭𑘿𑘝𑘋𑘪𑘕 𑘭𑘦𑘰𑘪𑘱𑘬𑘿𑘘 𑘎𑘹𑘩𑘹 𑘕𑘰𑘝𑘲𑘩.,165
data/synthetic/images/line_0165_v004.png,भविष्यात अधिक दस्तऐवज समाविष्ट केले जातील.,𑘥𑘪𑘱𑘬𑘿𑘧𑘰𑘝 𑘀𑘠𑘱𑘎 𑘟𑘭𑘿𑘝𑘋𑘪𑘕 𑘭𑘦𑘰𑘪𑘱𑘬𑘿𑘘 𑘎𑘹𑘩𑘹 𑘕𑘰𑘝𑘲𑘩.,165
data/synthetic/images/line_0165_v005.png,भविष्यात अधिक दस्तऐवज समाविष्ट केले जातील.,𑘥𑘪𑘱𑘬𑘿𑘧𑘰𑘝 𑘀𑘠𑘱𑘎 𑘟𑘭𑘿𑘝𑘋𑘪𑘕 𑘭𑘦𑘰𑘪𑘱𑘬𑘿𑘘 𑘎𑘹𑘩𑘹 𑘕𑘰𑘝𑘲𑘩.,165
data/synthetic/images/line_0165_v006.png,भविष्यात अधिक दस्तऐवज समाविष्ट केले जातील.,𑘥𑘪𑘱𑘬𑘿𑘧𑘰𑘝 𑘀𑘠𑘱𑘎 𑘟𑘭𑘿𑘝𑘋𑘪𑘕 𑘭𑘦𑘰𑘪𑘱𑘬𑘿𑘘 𑘎𑘹𑘩𑘹 𑘕𑘰𑘝𑘲𑘩.,165
data/synthetic/images/line_0165_v007.png,भविष्यात अधिक दस्तऐवज समाविष्ट केले जातील.,𑘥𑘪𑘱𑘬𑘿𑘧𑘰𑘝 𑘀𑘠𑘱𑘎 𑘟𑘭𑘿𑘝𑘋𑘪𑘕 𑘭𑘦𑘰𑘪𑘱𑘬𑘿𑘘 𑘎𑘹𑘩𑘹 𑘕𑘰𑘝𑘲𑘩.,165
data/synthetic/images/line_0165_v008.png,भविष्यात अधिक दस्तऐवज समाविष्ट केले जातील.,𑘥𑘪𑘱𑘬𑘿𑘧𑘰𑘝 𑘀𑘠𑘱𑘎 𑘟𑘭𑘿𑘝𑘋𑘪𑘕 𑘭𑘦𑘰𑘪𑘱𑘬𑘿𑘘 𑘎𑘹𑘩𑘹 𑘕𑘰𑘝𑘲𑘩.,165
data/synthetic/images/line_0165_v009.png,भविष्यात अधिक दस्तऐवज समाविष्ट केले जातील.,𑘥𑘪𑘱𑘬𑘿𑘧𑘰𑘝 𑘀𑘠𑘱𑘎 𑘟𑘭𑘿𑘝𑘋𑘪𑘕 𑘭𑘦𑘰𑘪𑘱𑘬𑘿𑘘 𑘎𑘹𑘩𑘹 𑘕𑘰𑘝𑘲𑘩.,165
data/synthetic/images/line_0165_v010.png,भविष्यात अधिक दस्तऐवज समाविष्ट केले जातील.,𑘥𑘪𑘱𑘬𑘿𑘧𑘰𑘝 𑘀𑘠𑘱𑘎 𑘟𑘭𑘿𑘝𑘋𑘪𑘕 𑘭𑘦𑘰𑘪𑘱𑘬𑘿𑘘 𑘎𑘹𑘩𑘹 𑘕𑘰𑘝𑘲𑘩.,165
data/synthetic/images/line_0165_v011.png,भविष्यात अधिक दस्तऐवज समाविष्ट केले जातील.,𑘥𑘪𑘱𑘬𑘿𑘧𑘰𑘝 𑘀𑘠𑘱𑘎 𑘟𑘭𑘿𑘝𑘋𑘪𑘕 𑘭𑘦𑘰𑘪𑘱𑘬𑘿𑘘 𑘎𑘹𑘩𑘹 𑘕𑘰𑘝𑘲𑘩.,165
data/synthetic/images/line_0165_v012.png,भविष्यात अधिक दस्तऐवज समाविष्ट केले जातील.,𑘥𑘪𑘱𑘬𑘿𑘧𑘰𑘝 𑘀𑘠𑘱𑘎 𑘟𑘭𑘿𑘝𑘋𑘪𑘕 𑘭𑘦𑘰𑘪𑘱𑘬𑘿𑘘 𑘎𑘹𑘩𑘹 𑘕𑘰𑘝𑘲𑘩.,165
data/synthetic/images/line_0165_v013.png,भविष्यात अधिक दस्तऐवज समाविष्ट केले जातील.,𑘥𑘪𑘱𑘬𑘿𑘧𑘰𑘝 𑘀𑘠𑘱𑘎 𑘟𑘭𑘿𑘝𑘋𑘪𑘕 𑘭𑘦𑘰𑘪𑘱𑘬𑘿𑘘 𑘎𑘹𑘩𑘹 𑘕𑘰𑘝𑘲𑘩.,165
data/synthetic/images/line_0165_v014.png,भविष्यात अधिक दस्तऐवज समाविष्ट केले जातील.,𑘥𑘪𑘱𑘬𑘿𑘧𑘰𑘝 𑘀𑘠𑘱𑘎 𑘟𑘭𑘿𑘝𑘋𑘪𑘕 𑘭𑘦𑘰𑘪𑘱𑘬𑘿𑘘 𑘎𑘹𑘩𑘹 𑘕𑘰𑘝𑘲𑘩.,165
data/synthetic/images/line_0165_v015.png,भविष्यात अधिक दस्तऐवज समाविष्ट केले जातील.,𑘥𑘪𑘱𑘬𑘿𑘧𑘰𑘝 𑘀𑘠𑘱𑘎 𑘟𑘭𑘿𑘝𑘋𑘪𑘕 𑘭𑘦𑘰𑘪𑘱𑘬𑘿𑘘 𑘎𑘹𑘩𑘹 𑘕𑘰𑘝𑘲𑘩.,165
data/synthetic/images/line_0165_v016.png,भविष्यात अधिक दस्तऐवज समाविष्ट केले जातील.,𑘥𑘪𑘱𑘬𑘿𑘧𑘰𑘝 𑘀𑘠𑘱𑘎 𑘟𑘭𑘿𑘝𑘋𑘪𑘕 𑘭𑘦𑘰𑘪𑘱𑘬𑘿𑘘 𑘎𑘹𑘩𑘹 𑘕𑘰𑘝𑘲𑘩.,165
data/synthetic/images/line_0165_v017.png,भविष्यात अधिक दस्तऐवज समाविष्ट केले जातील.,𑘥𑘪𑘱𑘬𑘿𑘧𑘰𑘝 𑘀𑘠𑘱𑘎 𑘟𑘭𑘿𑘝𑘋𑘪𑘕 𑘭𑘦𑘰𑘪𑘱𑘬𑘿𑘘 𑘎𑘹𑘩𑘹 𑘕𑘰𑘝𑘲𑘩.,165
data/synthetic/images/line_0165_v018.png,भविष्यात अधिक दस्तऐवज समाविष्ट केले जातील.,𑘥𑘪𑘱𑘬𑘿𑘧𑘰𑘝 𑘀𑘠𑘱𑘎 𑘟𑘭𑘿𑘝𑘋𑘪𑘕 𑘭𑘦𑘰𑘪𑘱𑘬𑘿𑘘 𑘎𑘹𑘩𑘹 𑘕𑘰𑘝𑘲𑘩.,165
data/synthetic/images/line_0165_v019.png,भविष्यात अधिक दस्तऐवज समाविष्ट केले जातील.,𑘥𑘪𑘱𑘬𑘿𑘧𑘰𑘝 𑘀𑘠𑘱𑘎 𑘟𑘭𑘿𑘝𑘋𑘪𑘕 𑘭𑘦𑘰𑘪𑘱𑘬𑘿𑘘 𑘎𑘹𑘩𑘹 𑘕𑘰𑘝𑘲𑘩.,165
data/synthetic/images/line_0165_v020.png,भविष्यात अधिक दस्तऐवज समाविष्ट केले जातील.,𑘥𑘪𑘱𑘬𑘿𑘧𑘰𑘝 𑘀𑘠𑘱𑘎 𑘟𑘭𑘿𑘝𑘋𑘪𑘕 𑘭𑘦𑘰𑘪𑘱𑘬𑘿𑘘 𑘎𑘹𑘩𑘹 𑘕𑘰𑘝𑘲𑘩.,165
data/synthetic/images/line_0165_v021.png,भविष्यात अधिक दस्तऐवज समाविष्ट केले जातील.,𑘥𑘪𑘱𑘬𑘿𑘧𑘰𑘝 𑘀𑘠𑘱𑘎 𑘟𑘭𑘿𑘝𑘋𑘪𑘕 𑘭𑘦𑘰𑘪𑘱𑘬𑘿𑘘 𑘎𑘹𑘩𑘹 𑘕𑘰𑘝𑘲𑘩.,165
data/synthetic/images/line_0165_v022.png,भविष्यात अधिक दस्तऐवज समाविष्ट केले जातील.,𑘥𑘪𑘱𑘬𑘿𑘧𑘰𑘝 𑘀𑘠𑘱𑘎 𑘟𑘭𑘿𑘝𑘋𑘪𑘕 𑘭𑘦𑘰𑘪𑘱𑘬𑘿𑘘 𑘎𑘹𑘩𑘹 𑘕𑘰𑘝𑘲𑘩.,165
data/synthetic/images/line_0165_v023.png,भविष्यात अधिक दस्तऐवज समाविष्ट केले जातील.,𑘥𑘪𑘱𑘬𑘿𑘧𑘰𑘝 𑘀𑘠𑘱𑘎 𑘟𑘭𑘿𑘝𑘋𑘪𑘕 𑘭𑘦𑘰𑘪𑘱𑘬𑘿𑘘 𑘎𑘹𑘩𑘹 𑘕𑘰𑘝𑘲𑘩.,165
data/synthetic/images/line_0165_v024.png,भविष्यात अधिक दस्तऐवज समाविष्ट केले जातील.,𑘥𑘪𑘱𑘬𑘿𑘧𑘰𑘝 𑘀𑘠𑘱𑘎 𑘟𑘭𑘿𑘝𑘋𑘪𑘕 𑘭𑘦𑘰𑘪𑘱𑘬𑘿𑘘 𑘎𑘹𑘩𑘹 𑘕𑘰𑘝𑘲𑘩.,165
data/synthetic/images/line_0165_v025.png,भविष्यात अधिक दस्तऐवज समाविष्ट केले जातील.,𑘥𑘪𑘱𑘬𑘿𑘧𑘰𑘝 𑘀𑘠𑘱𑘎 𑘟𑘭𑘿𑘝𑘋𑘪𑘕 𑘭𑘦𑘰𑘪𑘱𑘬𑘿𑘘 𑘎𑘹𑘩𑘹 𑘕𑘰𑘝𑘲𑘩.,165
data/synthetic/images/line_0165_v026.png,भविष्यात अधिक दस्तऐवज समाविष्ट केले जातील.,𑘥𑘪𑘱𑘬𑘿𑘧𑘰𑘝 𑘀𑘠𑘱𑘎 𑘟𑘭𑘿𑘝𑘋𑘪𑘕 𑘭𑘦𑘰𑘪𑘱𑘬𑘿𑘘 𑘎𑘹𑘩𑘹 𑘕𑘰𑘝𑘲𑘩.,165
data/synthetic/images/line_0165_v027.png,भविष्यात अधिक दस्तऐवज समाविष्ट केले जातील.,𑘥𑘪𑘱𑘬𑘿𑘧𑘰𑘝 𑘀𑘠𑘱𑘎 𑘟𑘭𑘿𑘝𑘋𑘪𑘕 𑘭𑘦𑘰𑘪𑘱𑘬𑘿𑘘 𑘎𑘹𑘩𑘹 𑘕𑘰𑘝𑘲𑘩.,165
data/synthetic/images/line_0165_v028.png,भविष्यात अधिक दस्तऐवज समाविष्ट केले जातील.,𑘥𑘪𑘱𑘬𑘿𑘧𑘰𑘝 𑘀𑘠𑘱𑘎 𑘟𑘭𑘿𑘝𑘋𑘪𑘕 𑘭𑘦𑘰𑘪𑘱𑘬𑘿𑘘 𑘎𑘹𑘩𑘹 𑘕𑘰𑘝𑘲𑘩.,165
data/synthetic/images/line_0165_v029.png,भविष्यात अधिक दस्तऐवज समाविष्ट केले जातील.,𑘥𑘪𑘱𑘬𑘿𑘧𑘰𑘝 𑘀𑘠𑘱𑘎 𑘟𑘭𑘿𑘝𑘋𑘪𑘕 𑘭𑘦𑘰𑘪𑘱𑘬𑘿𑘘 𑘎𑘹𑘩𑘹 𑘕𑘰𑘝𑘲𑘩.,165
data/synthetic/images/line_0165_v030.png,भविष्यात अधिक दस्तऐवज समाविष्ट केले जातील.,𑘥𑘪𑘱𑘬𑘿𑘧𑘰𑘝 𑘀𑘠𑘱𑘎 𑘟𑘭𑘿𑘝𑘋𑘪𑘕 𑘭𑘦𑘰𑘪𑘱𑘬𑘿𑘘 𑘎𑘹𑘩𑘹 𑘕𑘰𑘝𑘲𑘩.,165
data/synthetic/images/line_0165_v031.png,भविष्यात अधिक दस्तऐवज समाविष्ट केले जातील.,𑘥𑘪𑘱𑘬𑘿𑘧𑘰𑘝 𑘀𑘠𑘱𑘎 𑘟𑘭𑘿𑘝𑘋𑘪𑘕 𑘭𑘦𑘰𑘪𑘱𑘬𑘿𑘘 𑘎𑘹𑘩𑘹 𑘕𑘰𑘝𑘲𑘩.,165
data/synthetic/images/line_0165_v032.png,भविष्यात अधिक दस्तऐवज समाविष्ट केले जातील.,𑘥𑘪𑘱𑘬𑘿𑘧𑘰𑘝 𑘀𑘠𑘱𑘎 𑘟𑘭𑘿𑘝𑘋𑘪𑘕 𑘭𑘦𑘰𑘪𑘱𑘬𑘿𑘘 𑘎𑘹𑘩𑘹 𑘕𑘰𑘝𑘲𑘩.,165
data/synthetic/images/line_0165_v033.png,भविष्यात अधिक दस्तऐवज समाविष्ट केले जातील.,𑘥𑘪𑘱𑘬𑘿𑘧𑘰𑘝 𑘀𑘠𑘱𑘎 𑘟𑘭𑘿𑘝𑘋𑘪𑘕 𑘭𑘦𑘰𑘪𑘱𑘬𑘿𑘘 𑘎𑘹𑘩𑘹 𑘕𑘰𑘝𑘲𑘩.,165
data/synthetic/images/line_0165_v034.png,भविष्यात अधिक दस्तऐवज समाविष्ट केले जातील.,𑘥𑘪𑘱𑘬𑘿𑘧𑘰𑘝 𑘀𑘠𑘱𑘎 𑘟𑘭𑘿𑘝𑘋𑘪𑘕 𑘭𑘦𑘰𑘪𑘱𑘬𑘿𑘘 𑘎𑘹𑘩𑘹 𑘕𑘰𑘝𑘲𑘩.,165
data/synthetic/images/line_0165_v035.png,भविष्यात अधिक दस्तऐवज समाविष्ट केले जातील.,𑘥𑘪𑘱𑘬𑘿𑘧𑘰𑘝 𑘀𑘠𑘱𑘎 𑘟𑘭𑘿𑘝𑘋𑘪𑘕 𑘭𑘦𑘰𑘪𑘱𑘬𑘿𑘘 𑘎𑘹𑘩𑘹 𑘕𑘰𑘝𑘲𑘩.,165
data/synthetic/images/line_0165_v036.png,भविष्यात अधिक दस्तऐवज समाविष्ट केले जातील.,𑘥𑘪𑘱𑘬𑘿𑘧𑘰𑘝 𑘀𑘠𑘱𑘎 𑘟𑘭𑘿𑘝𑘋𑘪𑘕 𑘭𑘦𑘰𑘪𑘱𑘬𑘿𑘘 𑘎𑘹𑘩𑘹 𑘕𑘰𑘝𑘲𑘩.,165
data/synthetic/images/line_0165_v037.png,भविष्यात अधिक दस्तऐवज समाविष्ट केले जातील.,𑘥𑘪𑘱𑘬𑘿𑘧𑘰𑘝 𑘀𑘠𑘱𑘎 𑘟𑘭𑘿𑘝𑘋𑘪𑘕 𑘭𑘦𑘰𑘪𑘱𑘬𑘿𑘘 𑘎𑘹𑘩𑘹 𑘕𑘰𑘝𑘲𑘩.,165
data/synthetic/images/line_0165_v038.png,भविष्यात अधिक दस्तऐवज समाविष्ट केले जातील.,𑘥𑘪𑘱𑘬𑘿𑘧𑘰𑘝 𑘀𑘠𑘱𑘎 𑘟𑘭𑘿𑘝𑘋𑘪𑘕 𑘭𑘦𑘰𑘪𑘱𑘬𑘿𑘘 𑘎𑘹𑘩𑘹 𑘕𑘰𑘝𑘲𑘩.,165
data/synthetic/images/line_0165_v039.png,भविष्यात अधिक दस्तऐवज समाविष्ट केले जातील.,𑘥𑘪𑘱𑘬𑘿𑘧𑘰𑘝 𑘀𑘠𑘱𑘎 𑘟𑘭𑘿𑘝𑘋𑘪𑘕 𑘭𑘦𑘰𑘪𑘱𑘬𑘿𑘘 𑘎𑘹𑘩𑘹 𑘕𑘰𑘝𑘲𑘩.,165
data/synthetic/images/line_0166_v000.png,प्रकल्पाचा उद्देश वारसा जतन करणे आहे.,𑘢𑘿𑘨𑘎𑘩𑘿𑘢𑘰𑘓𑘰 𑘄𑘟𑘿𑘟𑘹𑘫 𑘪𑘰𑘨𑘭𑘰 𑘕𑘝𑘡 𑘎𑘨𑘜𑘹 𑘁𑘮𑘹.,166
data/synthetic/images/line_0166_v001.png,प्रकल्पाचा उद्देश वारसा जतन करणे आहे.,𑘢𑘿𑘨𑘎𑘩𑘿𑘢𑘰𑘓𑘰 𑘄𑘟𑘿𑘟𑘹𑘫 𑘪𑘰𑘨𑘭𑘰 𑘕𑘝𑘡 𑘎𑘨𑘜𑘹 𑘁𑘮𑘹.,166
data/synthetic/images/line_0166_v002.png,प्रकल्पाचा उद्देश वारसा जतन करणे आहे.,𑘢𑘿𑘨𑘎𑘩𑘿𑘢𑘰𑘓𑘰 𑘄𑘟𑘿𑘟𑘹𑘫 𑘪𑘰𑘨𑘭𑘰 𑘕𑘝𑘡 𑘎𑘨𑘜𑘹 𑘁𑘮𑘹.,166
data/synthetic/images/line_0166_v003.png,प्रकल्पाचा उद्देश वारसा जतन करणे आहे.,𑘢𑘿𑘨𑘎𑘩𑘿𑘢𑘰𑘓𑘰 𑘄𑘟𑘿𑘟𑘹𑘫 𑘪𑘰𑘨𑘭𑘰 𑘕𑘝𑘡 𑘎𑘨𑘜𑘹 𑘁𑘮𑘹.,166
data/synthetic/images/line_0166_v004.png,प्रकल्पाचा उद्देश वारसा जतन करणे आहे.,𑘢𑘿𑘨𑘎𑘩𑘿𑘢𑘰𑘓𑘰 𑘄𑘟𑘿𑘟𑘹𑘫 𑘪𑘰𑘨𑘭𑘰 𑘕𑘝𑘡 𑘎𑘨𑘜𑘹 𑘁𑘮𑘹.,166
data/synthetic/images/line_0166_v005.png,प्रकल्पाचा उद्देश वारसा जतन करणे आहे.,𑘢𑘿𑘨𑘎𑘩𑘿𑘢𑘰𑘓𑘰 𑘄𑘟𑘿𑘟𑘹𑘫 𑘪𑘰𑘨𑘭𑘰 𑘕𑘝𑘡 𑘎𑘨𑘜𑘹 𑘁𑘮𑘹.,166
data/synthetic/images/line_0166_v006.png,प्रकल्पाचा उद्देश वारसा जतन करणे आहे.,𑘢𑘿𑘨𑘎𑘩𑘿𑘢𑘰𑘓𑘰 𑘄𑘟𑘿𑘟𑘹𑘫 𑘪𑘰𑘨𑘭𑘰 𑘕𑘝𑘡 𑘎𑘨𑘜𑘹 𑘁𑘮𑘹.,166
data/synthetic/images/line_0166_v007.png,प्रकल्पाचा उद्देश वारसा जतन करणे आहे.,𑘢𑘿𑘨𑘎𑘩𑘿𑘢𑘰𑘓𑘰 𑘄𑘟𑘿𑘟𑘹𑘫 𑘪𑘰𑘨𑘭𑘰 𑘕𑘝𑘡 𑘎𑘨𑘜𑘹 𑘁𑘮𑘹.,166
data/synthetic/images/line_0166_v008.png,प्रकल्पाचा उद्देश वारसा जतन करणे आहे.,𑘢𑘿𑘨𑘎𑘩𑘿𑘢𑘰𑘓𑘰 𑘄𑘟𑘿𑘟𑘹𑘫 𑘪𑘰𑘨𑘭𑘰 𑘕𑘝𑘡 𑘎𑘨𑘜𑘹 𑘁𑘮𑘹.,166
data/synthetic/images/line_0166_v009.png,प्रकल्पाचा उद्देश वारसा जतन करणे आहे.,𑘢𑘿𑘨𑘎𑘩𑘿𑘢𑘰𑘓𑘰 𑘄𑘟𑘿𑘟𑘹𑘫 𑘪𑘰𑘨𑘭𑘰 𑘕𑘝𑘡 𑘎𑘨𑘜𑘹 𑘁𑘮𑘹.,166
data/synthetic/images/line_0166_v010.png,प्रकल्पाचा उद्देश वारसा जतन करणे आहे.,𑘢𑘿𑘨𑘎𑘩𑘿𑘢𑘰𑘓𑘰 𑘄𑘟𑘿𑘟𑘹𑘫 𑘪𑘰𑘨𑘭𑘰 𑘕𑘝𑘡 𑘎𑘨𑘜𑘹 𑘁𑘮𑘹.,166
data/synthetic/images/line_0166_v011.png,प्रकल्पाचा उद्देश वारसा जतन करणे आहे.,𑘢𑘿𑘨𑘎𑘩𑘿𑘢𑘰𑘓𑘰 𑘄𑘟𑘿𑘟𑘹𑘫 𑘪𑘰𑘨𑘭𑘰 𑘕𑘝𑘡 𑘎𑘨𑘜𑘹 𑘁𑘮𑘹.,166
data/synthetic/images/line_0166_v012.png,प्रकल्पाचा उद्देश वारसा जतन करणे आहे.,𑘢𑘿𑘨𑘎𑘩𑘿𑘢𑘰𑘓𑘰 𑘄𑘟𑘿𑘟𑘹𑘫 𑘪𑘰𑘨𑘭𑘰 𑘕𑘝𑘡 𑘎𑘨𑘜𑘹 𑘁𑘮𑘹.,166
data/synthetic/images/line_0166_v013.png,प्रकल्पाचा उद्देश वारसा जतन करणे आहे.,𑘢𑘿𑘨𑘎𑘩𑘿𑘢𑘰𑘓𑘰 𑘄𑘟𑘿𑘟𑘹𑘫 𑘪𑘰𑘨𑘭𑘰 𑘕𑘝𑘡 𑘎𑘨𑘜𑘹 𑘁𑘮𑘹.,166
data/synthetic/images/line_0166_v014.png,प्रकल्पाचा उद्देश वारसा जतन करणे आहे.,𑘢𑘿𑘨𑘎𑘩𑘿𑘢𑘰𑘓𑘰 𑘄𑘟𑘿𑘟𑘹𑘫 𑘪𑘰𑘨𑘭𑘰 𑘕𑘝𑘡 𑘎𑘨𑘜𑘹 𑘁𑘮𑘹.,166
data/synthetic/images/line_0166_v015.png,प्रकल्पाचा उद्देश वारसा जतन करणे आहे.,𑘢𑘿𑘨𑘎𑘩𑘿𑘢𑘰𑘓𑘰 𑘄𑘟𑘿𑘟𑘹𑘫 𑘪𑘰𑘨𑘭𑘰 𑘕𑘝𑘡 𑘎𑘨𑘜𑘹 𑘁𑘮𑘹.,166
data/synthetic/images/line_0166_v016.png,प्रकल्पाचा उद्देश वारसा जतन करणे आहे.,𑘢𑘿𑘨𑘎𑘩𑘿𑘢𑘰𑘓𑘰 𑘄𑘟𑘿𑘟𑘹𑘫 𑘪𑘰𑘨𑘭𑘰 𑘕𑘝𑘡 𑘎𑘨𑘜𑘹 𑘁𑘮𑘹.,166
data/synthetic/images/line_0166_v017.png,प्रकल्पाचा उद्देश वारसा जतन करणे आहे.,𑘢𑘿𑘨𑘎𑘩𑘿𑘢𑘰𑘓𑘰 𑘄𑘟𑘿𑘟𑘹𑘫 𑘪𑘰𑘨𑘭𑘰 𑘕𑘝𑘡 𑘎𑘨𑘜𑘹 𑘁𑘮𑘹.,166
data/synthetic/images/line_0166_v018.png,प्रकल्पाचा उद्देश वारसा जतन करणे आहे.,𑘢𑘿𑘨𑘎𑘩𑘿𑘢𑘰𑘓𑘰 𑘄𑘟𑘿𑘟𑘹𑘫 𑘪𑘰𑘨𑘭𑘰 𑘕𑘝𑘡 𑘎𑘨𑘜𑘹 𑘁𑘮𑘹.,166
data/synthetic/images/line_0166_v019.png,प्रकल्पाचा उद्देश वारसा जतन करणे आहे.,𑘢𑘿𑘨𑘎𑘩𑘿𑘢𑘰𑘓𑘰 𑘄𑘟𑘿𑘟𑘹𑘫 𑘪𑘰𑘨𑘭𑘰 𑘕𑘝𑘡 𑘎𑘨𑘜𑘹 𑘁𑘮𑘹.,166
data/synthetic/images/line_0166_v020.png,प्रकल्पाचा उद्देश वारसा जतन करणे आहे.,𑘢𑘿𑘨𑘎𑘩𑘿𑘢𑘰𑘓𑘰 𑘄𑘟𑘿𑘟𑘹𑘫 𑘪𑘰𑘨𑘭𑘰 𑘕𑘝𑘡 𑘎𑘨𑘜𑘹 𑘁𑘮𑘹.,166
data/synthetic/images/line_0166_v021.png,प्रकल्पाचा उद्देश वारसा जतन करणे आहे.,𑘢𑘿𑘨𑘎𑘩𑘿𑘢𑘰𑘓𑘰 𑘄𑘟𑘿𑘟𑘹𑘫 𑘪𑘰𑘨𑘭𑘰 𑘕𑘝𑘡 𑘎𑘨𑘜𑘹 𑘁𑘮𑘹.,166
data/synthetic/images/line_0166_v022.png,प्रकल्पाचा उद्देश वारसा जतन करणे आहे.,𑘢𑘿𑘨𑘎𑘩𑘿𑘢𑘰𑘓𑘰 𑘄𑘟𑘿𑘟𑘹𑘫 𑘪𑘰𑘨𑘭𑘰 𑘕𑘝𑘡 𑘎𑘨𑘜𑘹 𑘁𑘮𑘹.,166
data/synthetic/images/line_0166_v023.png,प्रकल्पाचा उद्देश वारसा जतन करणे आहे.,𑘢𑘿𑘨𑘎𑘩𑘿𑘢𑘰𑘓𑘰 𑘄𑘟𑘿𑘟𑘹𑘫 𑘪𑘰𑘨𑘭𑘰 𑘕𑘝𑘡 𑘎𑘨𑘜𑘹 𑘁𑘮𑘹.,166
data/synthetic/images/line_0166_v024.png,प्रकल्पाचा उद्देश वारसा जतन करणे आहे.,𑘢𑘿𑘨𑘎𑘩𑘿𑘢𑘰𑘓𑘰 𑘄𑘟𑘿𑘟𑘹𑘫 𑘪𑘰𑘨𑘭𑘰 𑘕𑘝𑘡 𑘎𑘨𑘜𑘹 𑘁𑘮𑘹.,166
data/synthetic/images/line_0166_v025.png,प्रकल्पाचा उद्देश वारसा जतन करणे आहे.,𑘢𑘿𑘨𑘎𑘩𑘿𑘢𑘰𑘓𑘰 𑘄𑘟𑘿𑘟𑘹𑘫 𑘪𑘰𑘨𑘭𑘰 𑘕𑘝𑘡 𑘎𑘨𑘜𑘹 𑘁𑘮𑘹.,166
data/synthetic/images/line_0166_v026.png,प्रकल्पाचा उद्देश वारसा जतन करणे आहे.,𑘢𑘿𑘨𑘎𑘩𑘿𑘢𑘰𑘓𑘰 𑘄𑘟𑘿𑘟𑘹𑘫 𑘪𑘰𑘨𑘭𑘰 𑘕𑘝𑘡 𑘎𑘨𑘜𑘹 𑘁𑘮𑘹.,166
data/synthetic/images/line_0166_v027.png,प्रकल्पाचा उद्देश वारसा जतन करणे आहे.,𑘢𑘿𑘨𑘎𑘩𑘿𑘢𑘰𑘓𑘰 𑘄𑘟𑘿𑘟𑘹𑘫 𑘪𑘰𑘨𑘭𑘰 𑘕𑘝𑘡 𑘎𑘨𑘜𑘹 𑘁𑘮𑘹.,166
data/synthetic/images/line_0166_v028.png,प्रकल्पाचा उद्देश वारसा जतन करणे आहे.,𑘢𑘿𑘨𑘎𑘩𑘿𑘢𑘰𑘓𑘰 𑘄𑘟𑘿𑘟𑘹𑘫 𑘪𑘰𑘨𑘭𑘰 𑘕𑘝𑘡 𑘎𑘨𑘜𑘹 𑘁𑘮𑘹.,166
data/synthetic/images/line_0166_v029.png,प्रकल्पाचा उद्देश वारसा जतन करणे आहे.,𑘢𑘿𑘨𑘎𑘩𑘿𑘢𑘰𑘓𑘰 𑘄𑘟𑘿𑘟𑘹𑘫 𑘪𑘰𑘨𑘭𑘰 𑘕𑘝𑘡 𑘎𑘨𑘜𑘹 𑘁𑘮𑘹.,166
data/synthetic/images/line_0166_v030.png,प्रकल्पाचा उद्देश वारसा जतन करणे आहे.,𑘢𑘿𑘨𑘎𑘩𑘿𑘢𑘰𑘓𑘰 𑘄𑘟𑘿𑘟𑘹𑘫 𑘪𑘰𑘨𑘭𑘰 𑘕𑘝𑘡 𑘎𑘨𑘜𑘹 𑘁𑘮𑘹.,166
data/synthetic/images/line_0166_v031.png,प्रकल्पाचा उद्देश वारसा जतन करणे आहे.,𑘢𑘿𑘨𑘎𑘩𑘿𑘢𑘰𑘓𑘰 𑘄𑘟𑘿𑘟𑘹𑘫 𑘪𑘰𑘨𑘭𑘰 𑘕𑘝𑘡 𑘎𑘨𑘜𑘹 𑘁𑘮𑘹.,166
data/synthetic/images/line_0166_v032.png,प्रकल्पाचा उद्देश वारसा जतन करणे आहे.,𑘢𑘿𑘨𑘎𑘩𑘿𑘢𑘰𑘓𑘰 𑘄𑘟𑘿𑘟𑘹𑘫 𑘪𑘰𑘨𑘭𑘰 𑘕𑘝𑘡 𑘎𑘨𑘜𑘹 𑘁𑘮𑘹.,166
data/synthetic/images/line_0166_v033.png,प्रकल्पाचा उद्देश वारसा जतन करणे आहे.,𑘢𑘿𑘨𑘎𑘩𑘿𑘢𑘰𑘓𑘰 𑘄𑘟𑘿𑘟𑘹𑘫 𑘪𑘰𑘨𑘭𑘰 𑘕𑘝𑘡 𑘎𑘨𑘜𑘹 𑘁𑘮𑘹.,166
data/synthetic/images/line_0166_v034.png,प्रकल्पाचा उद्देश वारसा जतन करणे आहे.,𑘢𑘿𑘨𑘎𑘩𑘿𑘢𑘰𑘓𑘰 𑘄𑘟𑘿𑘟𑘹𑘫 𑘪𑘰𑘨𑘭𑘰 𑘕𑘝𑘡 𑘎𑘨𑘜𑘹 𑘁𑘮𑘹.,166
data/synthetic/images/line_0166_v035.png,प्रकल्पाचा उद्देश वारसा जतन करणे आहे.,𑘢𑘿𑘨𑘎𑘩𑘿𑘢𑘰𑘓𑘰 𑘄𑘟𑘿𑘟𑘹𑘫 𑘪𑘰𑘨𑘭𑘰 𑘕𑘝𑘡 𑘎𑘨𑘜𑘹 𑘁𑘮𑘹.,166
data/synthetic/images/line_0166_v036.png,प्रकल्पाचा उद्देश वारसा जतन करणे आहे.,𑘢𑘿𑘨𑘎𑘩𑘿𑘢𑘰𑘓𑘰 𑘄𑘟𑘿𑘟𑘹𑘫 𑘪𑘰𑘨𑘭𑘰 𑘕𑘝𑘡 𑘎𑘨𑘜𑘹 𑘁𑘮𑘹.,166
data/synthetic/images/line_0166_v037.png,प्रकल्पाचा उद्देश वारसा जतन करणे आहे.,𑘢𑘿𑘨𑘎𑘩𑘿𑘢𑘰𑘓𑘰 𑘄𑘟𑘿𑘟𑘹𑘫 𑘪𑘰𑘨𑘭𑘰 𑘕𑘝𑘡 𑘎𑘨𑘜𑘹 𑘁𑘮𑘹.,166
data/synthetic/images/line_0166_v038.png,प्रकल्पाचा उद्देश वारसा जतन करणे आहे.,𑘢𑘿𑘨𑘎𑘩𑘿𑘢𑘰𑘓𑘰 𑘄𑘟𑘿𑘟𑘹𑘫 𑘪𑘰𑘨𑘭𑘰 𑘕𑘝𑘡 𑘎𑘨𑘜𑘹 𑘁𑘮𑘹.,166
data/synthetic/images/line_0166_v039.png,प्रकल्पाचा उद्देश वारसा जतन करणे आहे.,𑘢𑘿𑘨𑘎𑘩𑘿𑘢𑘰𑘓𑘰 𑘄𑘟𑘿𑘟𑘹𑘫 𑘪𑘰𑘨𑘭𑘰 𑘕𑘝𑘡 𑘎𑘨𑘜𑘹 𑘁𑘮𑘹.,166
data/synthetic/images/line_0167_v000.png,आपली संस्कृती पुढील पिढीपर्यंत पोहोचवणे गरजेचे आहे.,𑘁𑘢𑘩𑘲 𑘭𑘽𑘭𑘿𑘎𑘵𑘝𑘲 𑘢𑘳𑘛𑘲𑘩 𑘢𑘱𑘛𑘲𑘢𑘨𑘿𑘧𑘽𑘝 𑘢𑘻𑘮𑘻𑘓𑘪𑘜𑘹 𑘐𑘨𑘕𑘹𑘓𑘹 𑘁𑘮𑘹.,167
data/synthetic/images/line_0167_v001.png,आपली संस्कृती पुढील पिढीपर्यंत पोहोचवणे गरजेचे आहे.,𑘁𑘢𑘩𑘲 𑘭𑘽𑘭𑘿𑘎𑘵𑘝𑘲 𑘢𑘳𑘛𑘲𑘩 𑘢𑘱𑘛𑘲𑘢𑘨𑘿𑘧𑘽𑘝 𑘢𑘻𑘮𑘻𑘓𑘪𑘜𑘹 𑘐𑘨𑘕𑘹𑘓𑘹 𑘁𑘮𑘹.,167
data/synthetic/images/line_0167_v002.png,आपली संस्कृती पुढील पिढीपर्यंत पोहोचवणे गरजेचे आहे.,𑘁𑘢𑘩𑘲 𑘭𑘽𑘭𑘿𑘎𑘵𑘝𑘲 𑘢𑘳𑘛𑘲𑘩 𑘢𑘱𑘛𑘲𑘢𑘨𑘿𑘧𑘽𑘝 𑘢𑘻𑘮𑘻𑘓𑘪𑘜𑘹 𑘐𑘨𑘕𑘹𑘓𑘹 𑘁𑘮𑘹.,167
data/synthetic/images/line_0167_v003.png,आपली संस्कृती पुढील पिढीपर्यंत पोहोचवणे गरजेचे आहे.,𑘁𑘢𑘩𑘲 𑘭𑘽𑘭𑘿𑘎𑘵𑘝𑘲 𑘢𑘳𑘛𑘲𑘩 𑘢𑘱𑘛𑘲𑘢𑘨𑘿𑘧𑘽𑘝 𑘢𑘻𑘮𑘻𑘓𑘪𑘜𑘹 𑘐𑘨𑘕𑘹𑘓𑘹 𑘁𑘮𑘹.,167
data/synthetic/images/line_0167_v004.png,आपली संस्कृती पुढील पिढीपर्यंत पोहोचवणे गरजेचे आहे.,𑘁𑘢𑘩𑘲 𑘭𑘽𑘭𑘿𑘎𑘵𑘝𑘲 𑘢𑘳𑘛𑘲𑘩 𑘢𑘱𑘛𑘲𑘢𑘨𑘿𑘧𑘽𑘝 𑘢𑘻𑘮𑘻𑘓𑘪𑘜𑘹 𑘐𑘨𑘕𑘹𑘓𑘹 𑘁𑘮𑘹.,167
data/synthetic/images/line_0167_v005.png,आपली संस्कृती पुढील पिढीपर्यंत पोहोचवणे गरजेचे आहे.,𑘁𑘢𑘩𑘲 𑘭𑘽𑘭𑘿𑘎𑘵𑘝𑘲 𑘢𑘳𑘛𑘲𑘩 𑘢𑘱𑘛𑘲𑘢𑘨𑘿𑘧𑘽𑘝 𑘢𑘻𑘮𑘻𑘓𑘪𑘜𑘹 𑘐𑘨𑘕𑘹𑘓𑘹 𑘁𑘮𑘹.,167
data/synthetic/images/line_0167_v006.png,आपली संस्कृती पुढील पिढीपर्यंत पोहोचवणे गरजेचे आहे.,𑘁𑘢𑘩𑘲 𑘭𑘽𑘭𑘿𑘎𑘵𑘝𑘲 𑘢𑘳𑘛𑘲𑘩 𑘢𑘱𑘛𑘲𑘢𑘨𑘿𑘧𑘽𑘝 𑘢𑘻𑘮𑘻𑘓𑘪𑘜𑘹 𑘐𑘨𑘕𑘹𑘓𑘹 𑘁𑘮𑘹.,167
data/synthetic/images/line_0167_v007.png,आपली संस्कृती पुढील पिढीपर्यंत पोहोचवणे गरजेचे आहे.,𑘁𑘢𑘩𑘲 𑘭𑘽𑘭𑘿𑘎𑘵𑘝𑘲 𑘢𑘳𑘛𑘲𑘩 𑘢𑘱𑘛𑘲𑘢𑘨𑘿𑘧𑘽𑘝 𑘢𑘻𑘮𑘻𑘓𑘪𑘜𑘹 𑘐𑘨𑘕𑘹𑘓𑘹 𑘁𑘮𑘹.,167
data/synthetic/images/line_0167_v008.png,आपली संस्कृती पुढील पिढीपर्यंत पोहोचवणे गरजेचे आहे.,𑘁𑘢𑘩𑘲 𑘭𑘽𑘭𑘿𑘎𑘵𑘝𑘲 𑘢𑘳𑘛𑘲𑘩 𑘢𑘱𑘛𑘲𑘢𑘨𑘿𑘧𑘽𑘝 𑘢𑘻𑘮𑘻𑘓𑘪𑘜𑘹 𑘐𑘨𑘕𑘹𑘓𑘹 𑘁𑘮𑘹.,167
data/synthetic/images/line_0167_v009.png,आपली संस्कृती पुढील पिढीपर्यंत पोहोचवणे गरजेचे आहे.,𑘁𑘢𑘩𑘲 𑘭𑘽𑘭𑘿𑘎𑘵𑘝𑘲 𑘢𑘳𑘛𑘲𑘩 𑘢𑘱𑘛𑘲𑘢𑘨𑘿𑘧𑘽𑘝 𑘢𑘻𑘮𑘻𑘓𑘪𑘜𑘹 𑘐𑘨𑘕𑘹𑘓𑘹 𑘁𑘮𑘹.,167
data/synthetic/images/line_0167_v010.png,आपली संस्कृती पुढील पिढीपर्यंत पोहोचवणे गरजेचे आहे.,𑘁𑘢𑘩𑘲 𑘭𑘽𑘭𑘿𑘎𑘵𑘝𑘲 𑘢𑘳𑘛𑘲𑘩 𑘢𑘱𑘛𑘲𑘢𑘨𑘿𑘧𑘽𑘝 𑘢𑘻𑘮𑘻𑘓𑘪𑘜𑘹 𑘐𑘨𑘕𑘹𑘓𑘹 𑘁𑘮𑘹.,167
data/synthetic/images/line_0167_v011.png,आपली संस्कृती पुढील पिढीपर्यंत पोहोचवणे गरजेचे आहे.,𑘁𑘢𑘩𑘲 𑘭𑘽𑘭𑘿𑘎𑘵𑘝𑘲 𑘢𑘳𑘛𑘲𑘩 𑘢𑘱𑘛𑘲𑘢𑘨𑘿𑘧𑘽𑘝 𑘢𑘻𑘮𑘻𑘓𑘪𑘜𑘹 𑘐𑘨𑘕𑘹𑘓𑘹 𑘁𑘮𑘹.,167
data/synthetic/images/line_0167_v012.png,आपली संस्कृती पुढील पिढीपर्यंत पोहोचवणे गरजेचे आहे.,𑘁𑘢𑘩𑘲 𑘭𑘽𑘭𑘿𑘎𑘵𑘝𑘲 𑘢𑘳𑘛𑘲𑘩 𑘢𑘱𑘛𑘲𑘢𑘨𑘿𑘧𑘽𑘝 𑘢𑘻𑘮𑘻𑘓𑘪𑘜𑘹 𑘐𑘨𑘕𑘹𑘓𑘹 𑘁𑘮𑘹.,167
data/synthetic/images/line_0167_v013.png,आपली संस्कृती पुढील पिढीपर्यंत पोहोचवणे गरजेचे आहे.,𑘁𑘢𑘩𑘲 𑘭𑘽𑘭𑘿𑘎𑘵𑘝𑘲 𑘢𑘳𑘛𑘲𑘩 𑘢𑘱𑘛𑘲𑘢𑘨𑘿𑘧𑘽𑘝 𑘢𑘻𑘮𑘻𑘓𑘪𑘜𑘹 𑘐𑘨𑘕𑘹𑘓𑘹 𑘁𑘮𑘹.,167
data/synthetic/images/line_0167_v014.png,आपली संस्कृती पुढील पिढीपर्यंत पोहोचवणे गरजेचे आहे.,𑘁𑘢𑘩𑘲 𑘭𑘽𑘭𑘿𑘎𑘵𑘝𑘲 𑘢𑘳𑘛𑘲𑘩 𑘢𑘱𑘛𑘲𑘢𑘨𑘿𑘧𑘽𑘝 𑘢𑘻𑘮𑘻𑘓𑘪𑘜𑘹 𑘐𑘨𑘕𑘹𑘓𑘹 𑘁𑘮𑘹.,167
data/synthetic/images/line_0167_v015.png,आपली संस्कृती पुढील पिढीपर्यंत पोहोचवणे गरजेचे आहे.,𑘁𑘢𑘩𑘲 𑘭𑘽𑘭𑘿𑘎𑘵𑘝𑘲 𑘢𑘳𑘛𑘲𑘩 𑘢𑘱𑘛𑘲𑘢𑘨𑘿𑘧𑘽𑘝 𑘢𑘻𑘮𑘻𑘓𑘪𑘜𑘹 𑘐𑘨𑘕𑘹𑘓𑘹 𑘁𑘮𑘹.,167
data/synthetic/images/line_0167_v016.png,आपली संस्कृती पुढील पिढीपर्यंत पोहोचवणे गरजेचे आहे.,𑘁𑘢𑘩𑘲 𑘭𑘽𑘭𑘿𑘎𑘵𑘝𑘲 𑘢𑘳𑘛𑘲𑘩 𑘢𑘱𑘛𑘲𑘢𑘨𑘿𑘧𑘽𑘝 𑘢𑘻𑘮𑘻𑘓𑘪𑘜𑘹 𑘐𑘨𑘕𑘹𑘓𑘹 𑘁𑘮𑘹.,167
data/synthetic/images/line_0167_v017.png,आपली संस्कृती पुढील पिढीपर्यंत पोहोचवणे गरजेचे आहे.,𑘁𑘢𑘩𑘲 𑘭𑘽𑘭𑘿𑘎𑘵𑘝𑘲 𑘢𑘳𑘛𑘲𑘩 𑘢𑘱𑘛𑘲𑘢𑘨𑘿𑘧𑘽𑘝 𑘢𑘻𑘮𑘻𑘓𑘪𑘜𑘹 𑘐𑘨𑘕𑘹𑘓𑘹 𑘁𑘮𑘹.,167
data/synthetic/images/line_0167_v018.png,आपली संस्कृती पुढील पिढीपर्यंत पोहोचवणे गरजेचे आहे.,𑘁𑘢𑘩𑘲 𑘭𑘽𑘭𑘿𑘎𑘵𑘝𑘲 𑘢𑘳𑘛𑘲𑘩 𑘢𑘱𑘛𑘲𑘢𑘨𑘿𑘧𑘽𑘝 𑘢𑘻𑘮𑘻𑘓𑘪𑘜𑘹 𑘐𑘨𑘕𑘹𑘓𑘹 𑘁𑘮𑘹.,167
data/synthetic/images/line_0167_v019.png,आपली संस्कृती पुढील पिढीपर्यंत पोहोचवणे गरजेचे आहे.,𑘁𑘢𑘩𑘲 𑘭𑘽𑘭𑘿𑘎𑘵𑘝𑘲 𑘢𑘳𑘛𑘲𑘩 𑘢𑘱𑘛𑘲𑘢𑘨𑘿𑘧𑘽𑘝 𑘢𑘻𑘮𑘻𑘓𑘪𑘜𑘹 𑘐𑘨𑘕𑘹𑘓𑘹 𑘁𑘮𑘹.,167
data/synthetic/images/line_0167_v020.png,आपली संस्कृती पुढील पिढीपर्यंत पोहोचवणे गरजेचे आहे.,𑘁𑘢𑘩𑘲 𑘭𑘽𑘭𑘿𑘎𑘵𑘝𑘲 𑘢𑘳𑘛𑘲𑘩 𑘢𑘱𑘛𑘲𑘢𑘨𑘿𑘧𑘽𑘝 𑘢𑘻𑘮𑘻𑘓𑘪𑘜𑘹 𑘐𑘨𑘕𑘹𑘓𑘹 𑘁𑘮𑘹.,167
data/synthetic/images/line_0167_v021.png,आपली संस्कृती पुढील पिढीपर्यंत पोहोचवणे गरजेचे आहे.,𑘁𑘢𑘩𑘲 𑘭𑘽𑘭𑘿𑘎𑘵𑘝𑘲 𑘢𑘳𑘛𑘲𑘩 𑘢𑘱𑘛𑘲𑘢𑘨𑘿𑘧𑘽𑘝 𑘢𑘻𑘮𑘻𑘓𑘪𑘜𑘹 𑘐𑘨𑘕𑘹𑘓𑘹 𑘁𑘮𑘹.,167
data/synthetic/images/line_0167_v022.png,आपली संस्कृती पुढील पिढीपर्यंत पोहोचवणे गरजेचे आहे.,𑘁𑘢𑘩𑘲 𑘭𑘽𑘭𑘿𑘎𑘵𑘝𑘲 𑘢𑘳𑘛𑘲𑘩 𑘢𑘱𑘛𑘲𑘢𑘨𑘿𑘧𑘽𑘝 𑘢𑘻𑘮𑘻𑘓𑘪𑘜𑘹 𑘐𑘨𑘕𑘹𑘓𑘹 𑘁𑘮𑘹.,167
data/synthetic/images/line_0167_v023.png,आपली संस्कृती पुढील पिढीपर्यंत पोहोचवणे गरजेचे आहे.,𑘁𑘢𑘩𑘲 𑘭𑘽𑘭𑘿𑘎𑘵𑘝𑘲 𑘢𑘳𑘛𑘲𑘩 𑘢𑘱𑘛𑘲𑘢𑘨𑘿𑘧𑘽𑘝 𑘢𑘻𑘮𑘻𑘓𑘪𑘜𑘹 𑘐𑘨𑘕𑘹𑘓𑘹 𑘁𑘮𑘹.,167
data/synthetic/images/line_0167_v024.png,आपली संस्कृती पुढील पिढीपर्यंत पोहोचवणे गरजेचे आहे.,𑘁𑘢𑘩𑘲 𑘭𑘽𑘭𑘿𑘎𑘵𑘝𑘲 𑘢𑘳𑘛𑘲𑘩 𑘢𑘱𑘛𑘲𑘢𑘨𑘿𑘧𑘽𑘝 𑘢𑘻𑘮𑘻𑘓𑘪𑘜𑘹 𑘐𑘨𑘕𑘹𑘓𑘹 𑘁𑘮𑘹.,167
data/synthetic/images/line_0167_v025.png,आपली संस्कृती पुढील पिढीपर्यंत पोहोचवणे गरजेचे आहे.,𑘁𑘢𑘩𑘲 𑘭𑘽𑘭𑘿𑘎𑘵𑘝𑘲 𑘢𑘳𑘛𑘲𑘩 𑘢𑘱𑘛𑘲𑘢𑘨𑘿𑘧𑘽𑘝 𑘢𑘻𑘮𑘻𑘓𑘪𑘜𑘹 𑘐𑘨𑘕𑘹𑘓𑘹 𑘁𑘮𑘹.,167
data/synthetic/images/line_0167_v026.png,आपली संस्कृती पुढील पिढीपर्यंत पोहोचवणे गरजेचे आहे.,𑘁𑘢𑘩𑘲 𑘭𑘽𑘭𑘿𑘎𑘵𑘝𑘲 𑘢𑘳𑘛𑘲𑘩 𑘢𑘱𑘛𑘲𑘢𑘨𑘿𑘧𑘽𑘝 𑘢𑘻𑘮𑘻𑘓𑘪𑘜𑘹 𑘐𑘨𑘕𑘹𑘓𑘹 𑘁𑘮𑘹.,167
data/synthetic/images/line_0167_v027.png,आपली संस्कृती पुढील पिढीपर्यंत पोहोचवणे गरजेचे आहे.,𑘁𑘢𑘩𑘲 𑘭𑘽𑘭𑘿𑘎𑘵𑘝𑘲 𑘢𑘳𑘛𑘲𑘩 𑘢𑘱𑘛𑘲𑘢𑘨𑘿𑘧𑘽𑘝 𑘢𑘻𑘮𑘻𑘓𑘪𑘜𑘹 𑘐𑘨𑘕𑘹𑘓𑘹 𑘁𑘮𑘹.,167
data/synthetic/images/line_0167_v028.png,आपली संस्कृती पुढील पिढीपर्यंत पोहोचवणे गरजेचे आहे.,𑘁𑘢𑘩𑘲 𑘭𑘽𑘭𑘿𑘎𑘵𑘝𑘲 𑘢𑘳𑘛𑘲𑘩 𑘢𑘱𑘛𑘲𑘢𑘨𑘿𑘧𑘽𑘝 𑘢𑘻𑘮𑘻𑘓𑘪𑘜𑘹 𑘐𑘨𑘕𑘹𑘓𑘹 𑘁𑘮𑘹.,167
data/synthetic/images/line_0167_v029.png,आपली संस्कृती पुढील पिढीपर्यंत पोहोचवणे गरजेचे आहे.,𑘁𑘢𑘩𑘲 𑘭𑘽𑘭𑘿𑘎𑘵𑘝𑘲 𑘢𑘳𑘛𑘲𑘩 𑘢𑘱𑘛𑘲𑘢𑘨𑘿𑘧𑘽𑘝 𑘢𑘻𑘮𑘻𑘓𑘪𑘜𑘹 𑘐𑘨𑘕𑘹𑘓𑘹 𑘁𑘮𑘹.,167
data/synthetic/images/line_0167_v030.png,आपली संस्कृती पुढील पिढीपर्यंत पोहोचवणे गरजेचे आहे.,𑘁𑘢𑘩𑘲 𑘭𑘽𑘭𑘿𑘎𑘵𑘝𑘲 𑘢𑘳𑘛𑘲𑘩 𑘢𑘱𑘛𑘲𑘢𑘨𑘿𑘧𑘽𑘝 𑘢𑘻𑘮𑘻𑘓𑘪𑘜𑘹 𑘐𑘨𑘕𑘹𑘓𑘹 𑘁𑘮𑘹.,167
data/synthetic/images/line_0167_v031.png,आपली संस्कृती पुढील पिढीपर्यंत पोहोचवणे गरजेचे आहे.,𑘁𑘢𑘩𑘲 𑘭𑘽𑘭𑘿𑘎𑘵𑘝𑘲 𑘢𑘳𑘛𑘲𑘩 𑘢𑘱𑘛𑘲𑘢𑘨𑘿𑘧𑘽𑘝 𑘢𑘻𑘮𑘻𑘓𑘪𑘜𑘹 𑘐𑘨𑘕𑘹𑘓𑘹 𑘁𑘮𑘹.,167
data/synthetic/images/line_0167_v032.png,आपली संस्कृती पुढील पिढीपर्यंत पोहोचवणे गरजेचे आहे.,𑘁𑘢𑘩𑘲 𑘭𑘽𑘭𑘿𑘎𑘵𑘝𑘲 𑘢𑘳𑘛𑘲𑘩 𑘢𑘱𑘛𑘲𑘢𑘨𑘿𑘧𑘽𑘝 𑘢𑘻𑘮𑘻𑘓𑘪𑘜𑘹 𑘐𑘨𑘕𑘹𑘓𑘹 𑘁𑘮𑘹.,167
data/synthetic/images/line_0167_v033.png,आपली संस्कृती पुढील पिढीपर्यंत पोहोचवणे गरजेचे आहे.,𑘁𑘢𑘩𑘲 𑘭𑘽𑘭𑘿𑘎𑘵𑘝𑘲 𑘢𑘳𑘛𑘲𑘩 𑘢𑘱𑘛𑘲𑘢𑘨𑘿𑘧𑘽𑘝 𑘢𑘻𑘮𑘻𑘓𑘪𑘜𑘹 𑘐𑘨𑘕𑘹𑘓𑘹 𑘁𑘮𑘹.,167
data/synthetic/images/line_0167_v034.png,आपली संस्कृती पुढील पिढीपर्यंत पोहोचवणे गरजेचे आहे.,𑘁𑘢𑘩𑘲 𑘭𑘽𑘭𑘿𑘎𑘵𑘝𑘲 𑘢𑘳𑘛𑘲𑘩 𑘢𑘱𑘛𑘲𑘢𑘨𑘿𑘧𑘽𑘝 𑘢𑘻𑘮𑘻𑘓𑘪𑘜𑘹 𑘐𑘨𑘕𑘹𑘓𑘹 𑘁𑘮𑘹.,167
data/synthetic/images/line_0167_v035.png,आपली संस्कृती पुढील पिढीपर्यंत पोहोचवणे गरजेचे आहे.,𑘁𑘢𑘩𑘲 𑘭𑘽𑘭𑘿𑘎𑘵𑘝𑘲 𑘢𑘳𑘛𑘲𑘩 𑘢𑘱𑘛𑘲𑘢𑘨𑘿𑘧𑘽𑘝 𑘢𑘻𑘮𑘻𑘓𑘪𑘜𑘹 𑘐𑘨𑘕𑘹𑘓𑘹 𑘁𑘮𑘹.,167
data/synthetic/images/line_0167_v036.png,आपली संस्कृती पुढील पिढीपर्यंत पोहोचवणे गरजेचे आहे.,𑘁𑘢𑘩𑘲 𑘭𑘽𑘭𑘿𑘎𑘵𑘝𑘲 𑘢𑘳𑘛𑘲𑘩 𑘢𑘱𑘛𑘲𑘢𑘨𑘿𑘧𑘽𑘝 𑘢𑘻𑘮𑘻𑘓𑘪𑘜𑘹 𑘐𑘨𑘕𑘹𑘓𑘹 𑘁𑘮𑘹.,167
data/synthetic/images/line_0167_v037.png,आपली संस्कृती पुढील पिढीपर्यंत पोहोचवणे गरजेचे आहे.,𑘁𑘢𑘩𑘲 𑘭𑘽𑘭𑘿𑘎𑘵𑘝𑘲 𑘢𑘳𑘛𑘲𑘩 𑘢𑘱𑘛𑘲𑘢𑘨𑘿𑘧𑘽𑘝 𑘢𑘻𑘮𑘻𑘓𑘪𑘜𑘹 𑘐𑘨𑘕𑘹𑘓𑘹 𑘁𑘮𑘹.,167
data/synthetic/images/line_0167_v038.png,आपली संस्कृती पुढील पिढीपर्यंत पोहोचवणे गरजेचे आहे.,𑘁𑘢𑘩𑘲 𑘭𑘽𑘭𑘿𑘎𑘵𑘝𑘲 𑘢𑘳𑘛𑘲𑘩 𑘢𑘱𑘛𑘲𑘢𑘨𑘿𑘧𑘽𑘝 𑘢𑘻𑘮𑘻𑘓𑘪𑘜𑘹 𑘐𑘨𑘕𑘹𑘓𑘹 𑘁𑘮𑘹.,167
data/synthetic/images/line_0167_v039.png,आपली संस्कृती पुढील पिढीपर्यंत पोहोचवणे गरजेचे आहे.,𑘁𑘢𑘩𑘲 𑘭𑘽𑘭𑘿𑘎𑘵𑘝𑘲 𑘢𑘳𑘛𑘲𑘩 𑘢𑘱𑘛𑘲𑘢𑘨𑘿𑘧𑘽𑘝 𑘢𑘻𑘮𑘻𑘓𑘪𑘜𑘹 𑘐𑘨𑘕𑘹𑘓𑘹 𑘁𑘮𑘹.,167
data/synthetic/images/line_0168_v000.png,"एक, दोन, तीन, चार, पाच.","𑘊𑘎, 𑘟𑘻𑘡, 𑘝𑘲𑘡, 𑘓𑘰𑘨, 𑘢𑘰𑘓.",168
data/synthetic/images/line_0168_v001.png,"एक, दोन, तीन, चार, पाच.","𑘊𑘎, 𑘟𑘻𑘡, 𑘝𑘲𑘡, 𑘓𑘰𑘨, 𑘢𑘰𑘓.",168
data/synthetic/images/line_0168_v002.png,"एक, दोन, तीन, चार, पाच.","𑘊𑘎, 𑘟𑘻𑘡, 𑘝𑘲𑘡, 𑘓𑘰𑘨, 𑘢𑘰𑘓.",168
data/synthetic/images/line_0168_v003.png,"एक, दोन, तीन, चार, पाच.","𑘊𑘎, 𑘟𑘻𑘡, 𑘝𑘲𑘡, 𑘓𑘰𑘨, 𑘢𑘰𑘓.",168
data/synthetic/images/line_0168_v004.png,"एक, दोन, तीन, चार, पाच.","𑘊𑘎, 𑘟𑘻𑘡, 𑘝𑘲𑘡, 𑘓𑘰𑘨, 𑘢𑘰𑘓.",168
data/synthetic/images/line_0168_v005.png,"एक, दोन, तीन, चार, पाच.","𑘊𑘎, 𑘟𑘻𑘡, 𑘝𑘲𑘡, 𑘓𑘰𑘨, 𑘢𑘰𑘓.",168
data/synthetic/images/line_0168_v006.png,"एक, दोन, तीन, चार, पाच.","𑘊𑘎, 𑘟𑘻𑘡, 𑘝𑘲𑘡, 𑘓𑘰𑘨, 𑘢𑘰𑘓.",168
data/synthetic/images/line_0168_v007.png,"एक, दोन, तीन, चार, पाच.","𑘊𑘎, 𑘟𑘻𑘡, 𑘝𑘲𑘡, 𑘓𑘰𑘨, 𑘢𑘰𑘓.",168
data/synthetic/images/line_0168_v008.png,"एक, दोन, तीन, चार, पाच.","𑘊𑘎, 𑘟𑘻𑘡, 𑘝𑘲𑘡, 𑘓𑘰𑘨, 𑘢𑘰𑘓.",168
data/synthetic/images/line_0168_v009.png,"एक, दोन, तीन, चार, पाच.","𑘊𑘎, 𑘟𑘻𑘡, 𑘝𑘲𑘡, 𑘓𑘰𑘨, 𑘢𑘰𑘓.",168
data/synthetic/images/line_0168_v010.png,"एक, दोन, तीन, चार, पाच.","𑘊𑘎, 𑘟𑘻𑘡, 𑘝𑘲𑘡, 𑘓𑘰𑘨, 𑘢𑘰𑘓.",168
data/synthetic/images/line_0168_v011.png,"एक, दोन, तीन, चार, पाच.","𑘊𑘎, 𑘟𑘻𑘡, 𑘝𑘲𑘡, 𑘓𑘰𑘨, 𑘢𑘰𑘓.",168
data/synthetic/images/line_0168_v012.png,"एक, दोन, तीन, चार, पाच.","𑘊𑘎, 𑘟𑘻𑘡, 𑘝𑘲𑘡, 𑘓𑘰𑘨, 𑘢𑘰𑘓.",168
data/synthetic/images/line_0168_v013.png,"एक, दोन, तीन, चार, पाच.","𑘊𑘎, 𑘟𑘻𑘡, 𑘝𑘲𑘡, 𑘓𑘰𑘨, 𑘢𑘰𑘓.",168
data/synthetic/images/line_0168_v014.png,"एक, दोन, तीन, चार, पाच.","𑘊𑘎, 𑘟𑘻𑘡, 𑘝𑘲𑘡, 𑘓𑘰𑘨, 𑘢𑘰𑘓.",168
data/synthetic/images/line_0168_v015.png,"एक, दोन, तीन, चार, पाच.","𑘊𑘎, 𑘟𑘻𑘡, 𑘝𑘲𑘡, 𑘓𑘰𑘨, 𑘢𑘰𑘓.",168
data/synthetic/images/line_0168_v016.png,"एक, दोन, तीन, चार, पाच.","𑘊𑘎, 𑘟𑘻𑘡, 𑘝𑘲𑘡, 𑘓𑘰𑘨, 𑘢𑘰𑘓.",168
data/synthetic/images/line_0168_v017.png,"एक, दोन, तीन, चार, पाच.","𑘊𑘎, 𑘟𑘻𑘡, 𑘝𑘲𑘡, 𑘓𑘰𑘨, 𑘢𑘰𑘓.",168
data/synthetic/images/line_0168_v018.png,"एक, दोन, तीन, चार, पाच.","𑘊𑘎, 𑘟𑘻𑘡, 𑘝𑘲𑘡, 𑘓𑘰𑘨, 𑘢𑘰𑘓.",168
data/synthetic/images/line_0168_v019.png,"एक, दोन, तीन, चार, पाच.","𑘊𑘎, 𑘟𑘻𑘡, 𑘝𑘲𑘡, 𑘓𑘰𑘨, 𑘢𑘰𑘓.",168
data/synthetic/images/line_0168_v020.png,"एक, दोन, तीन, चार, पाच.","𑘊𑘎, 𑘟𑘻𑘡, 𑘝𑘲𑘡, 𑘓𑘰𑘨, 𑘢𑘰𑘓.",168
data/synthetic/images/line_0168_v021.png,"एक, दोन, तीन, चार, पाच.","𑘊𑘎, 𑘟𑘻𑘡, 𑘝𑘲𑘡, 𑘓𑘰𑘨, 𑘢𑘰𑘓.",168
data/synthetic/images/line_0168_v022.png,"एक, दोन, तीन, चार, पाच.","𑘊𑘎, 𑘟𑘻𑘡, 𑘝𑘲𑘡, 𑘓𑘰𑘨, 𑘢𑘰𑘓.",168
data/synthetic/images/line_0168_v023.png,"एक, दोन, तीन, चार, पाच.","𑘊𑘎, 𑘟𑘻𑘡, 𑘝𑘲𑘡, 𑘓𑘰𑘨, 𑘢𑘰𑘓.",168
data/synthetic/images/line_0168_v024.png,"एक, दोन, तीन, चार, पाच.","𑘊𑘎, 𑘟𑘻𑘡, 𑘝𑘲𑘡, 𑘓𑘰𑘨, 𑘢𑘰𑘓.",168
data/synthetic/images/line_0168_v025.png,"एक, दोन, तीन, चार, पाच.","𑘊𑘎, 𑘟𑘻𑘡, 𑘝𑘲𑘡, 𑘓𑘰𑘨, 𑘢𑘰𑘓.",168
data/synthetic/images/line_0168_v026.png,"एक, दोन, तीन, चार, पाच.","𑘊𑘎, 𑘟𑘻𑘡, 𑘝𑘲𑘡, 𑘓𑘰𑘨, 𑘢𑘰𑘓.",168
data/synthetic/images/line_0168_v027.png,"एक, दोन, तीन, चार, पाच.","𑘊𑘎, 𑘟𑘻𑘡, 𑘝𑘲𑘡, 𑘓𑘰𑘨, 𑘢𑘰𑘓.",168
data/synthetic/images/line_0168_v028.png,"एक, दोन, तीन, चार, पाच.","𑘊𑘎, 𑘟𑘻𑘡, 𑘝𑘲𑘡, 𑘓𑘰𑘨, 𑘢𑘰𑘓.",168
data/synthetic/images/line_0168_v029.png,"एक, दोन, तीन, चार, पाच.","𑘊𑘎, 𑘟𑘻𑘡, 𑘝𑘲𑘡, 𑘓𑘰𑘨, 𑘢𑘰𑘓.",168
data/synthetic/images/line_0168_v030.png,"एक, दोन, तीन, चार, पाच.","𑘊𑘎, 𑘟𑘻𑘡, 𑘝𑘲𑘡, 𑘓𑘰𑘨, 𑘢𑘰𑘓.",168
data/synthetic/images/line_0168_v031.png,"एक, दोन, तीन, चार, पाच.","𑘊𑘎, 𑘟𑘻𑘡, 𑘝𑘲𑘡, 𑘓𑘰𑘨, 𑘢𑘰𑘓.",168
data/synthetic/images/line_0168_v032.png,"एक, दोन, तीन, चार, पाच.","𑘊𑘎, 𑘟𑘻𑘡, 𑘝𑘲𑘡, 𑘓𑘰𑘨, 𑘢𑘰𑘓.",168
data/synthetic/images/line_0168_v033.png,"एक, दोन, तीन, चार, पाच.","𑘊𑘎, 𑘟𑘻𑘡, 𑘝𑘲𑘡, 𑘓𑘰𑘨, 𑘢𑘰𑘓.",168
data/synthetic/images/line_0168_v034.png,"एक, दोन, तीन, चार, पाच.","𑘊𑘎, 𑘟𑘻𑘡, 𑘝𑘲𑘡, 𑘓𑘰𑘨, 𑘢𑘰𑘓.",168
data/synthetic/images/line_0168_v035.png,"एक, दोन, तीन, चार, पाच.","𑘊𑘎, 𑘟𑘻𑘡, 𑘝𑘲𑘡, 𑘓𑘰𑘨, 𑘢𑘰𑘓.",168
data/synthetic/images/line_0168_v036.png,"एक, दोन, तीन, चार, पाच.","𑘊𑘎, 𑘟𑘻𑘡, 𑘝𑘲𑘡, 𑘓𑘰𑘨, 𑘢𑘰𑘓.",168
data/synthetic/images/line_0168_v037.png,"एक, दोन, तीन, चार, पाच.","𑘊𑘎, 𑘟𑘻𑘡, 𑘝𑘲𑘡, 𑘓𑘰𑘨, 𑘢𑘰𑘓.",168
data/synthetic/images/line_0168_v038.png,"एक, दोन, तीन, चार, पाच.","𑘊𑘎, 𑘟𑘻𑘡, 𑘝𑘲𑘡, 𑘓𑘰𑘨, 𑘢𑘰𑘓.",168
data/synthetic/images/line_0168_v039.png,"एक, दोन, तीन, चार, पाच.","𑘊𑘎, 𑘟𑘻𑘡, 𑘝𑘲𑘡, 𑘓𑘰𑘨, 𑘢𑘰𑘓.",168
data/synthetic/images/line_0169_v000.png,"सहा, सात, आठ, नऊ, दहा.","𑘭𑘮𑘰, 𑘭𑘰𑘝, 𑘁𑘙, 𑘡𑘅, 𑘟𑘮𑘰.",169
data/synthetic/images/line_0169_v001.png,"सहा, सात, आठ, नऊ, दहा.","𑘭𑘮𑘰, 𑘭𑘰𑘝, 𑘁𑘙, 𑘡𑘅, 𑘟𑘮𑘰.",169
data/synthetic/images/line_0169_v002.png,"सहा, सात, आठ, नऊ, दहा.","𑘭𑘮𑘰, 𑘭𑘰𑘝, 𑘁𑘙, 𑘡𑘅, 𑘟𑘮𑘰.",169
data/synthetic/images/line_0169_v003.png,"सहा, सात, आठ, नऊ, दहा.","𑘭𑘮𑘰, 𑘭𑘰𑘝, 𑘁𑘙, 𑘡𑘅, 𑘟𑘮𑘰.",169
data/synthetic/images/line_0169_v004.png,"सहा, सात, आठ, नऊ, दहा.","𑘭𑘮𑘰, 𑘭𑘰𑘝, 𑘁𑘙, 𑘡𑘅, 𑘟𑘮𑘰.",169
data/synthetic/images/line_0169_v005.png,"सहा, सात, आठ, नऊ, दहा.","𑘭𑘮𑘰, 𑘭𑘰𑘝, 𑘁𑘙, 𑘡𑘅, 𑘟𑘮𑘰.",169
data/synthetic/images/line_0169_v006.png,"सहा, सात, आठ, नऊ, दहा.","𑘭𑘮𑘰, 𑘭𑘰𑘝, 𑘁𑘙, 𑘡𑘅, 𑘟𑘮𑘰.",169
data/synthetic/images/line_0169_v007.png,"सहा, सात, आठ, नऊ, दहा.","𑘭𑘮𑘰, 𑘭𑘰𑘝, 𑘁𑘙, 𑘡𑘅, 𑘟𑘮𑘰.",169
data/synthetic/images/line_0169_v008.png,"सहा, सात, आठ, नऊ, दहा.","𑘭𑘮𑘰, 𑘭𑘰𑘝, 𑘁𑘙, 𑘡𑘅, 𑘟𑘮𑘰.",169
data/synthetic/images/line_0169_v009.png,"सहा, सात, आठ, नऊ, दहा.","𑘭𑘮𑘰, 𑘭𑘰𑘝, 𑘁𑘙, 𑘡𑘅, 𑘟𑘮𑘰.",169
data/synthetic/images/line_0169_v010.png,"सहा, सात, आठ, नऊ, दहा.","𑘭𑘮𑘰, 𑘭𑘰𑘝, 𑘁𑘙, 𑘡𑘅, 𑘟𑘮𑘰.",169
data/synthetic/images/line_0169_v011.png,"सहा, सात, आठ, नऊ, दहा.","𑘭𑘮𑘰, 𑘭𑘰𑘝, 𑘁𑘙, 𑘡𑘅, 𑘟𑘮𑘰.",169
data/synthetic/images/line_0169_v012.png,"सहा, सात, आठ, नऊ, दहा.","𑘭𑘮𑘰, 𑘭𑘰𑘝, 𑘁𑘙, 𑘡𑘅, 𑘟𑘮𑘰.",169
data/synthetic/images/line_0169_v013.png,"सहा, सात, आठ, नऊ, दहा.","𑘭𑘮𑘰, 𑘭𑘰𑘝, 𑘁𑘙, 𑘡𑘅, 𑘟𑘮𑘰.",169
data/synthetic/images/line_0169_v014.png,"सहा, सात, आठ, नऊ, दहा.","𑘭𑘮𑘰, 𑘭𑘰𑘝, 𑘁𑘙, 𑘡𑘅, 𑘟𑘮𑘰.",169
data/synthetic/images/line_0169_v015.png,"सहा, सात, आठ, नऊ, दहा.","𑘭𑘮𑘰, 𑘭𑘰𑘝, 𑘁𑘙, 𑘡𑘅, 𑘟𑘮𑘰.",169
data/synthetic/images/line_0169_v016.png,"सहा, सात, आठ, नऊ, दहा.","𑘭𑘮𑘰, 𑘭𑘰𑘝, 𑘁𑘙, 𑘡𑘅, 𑘟𑘮𑘰.",169
data/synthetic/images/line_0169_v017.png,"सहा, सात, आठ, नऊ, दहा.","𑘭𑘮𑘰, 𑘭𑘰𑘝, 𑘁𑘙, 𑘡𑘅, 𑘟𑘮𑘰.",169
data/synthetic/images/line_0169_v018.png,"सहा, सात, आठ, नऊ, दहा.","𑘭𑘮𑘰, 𑘭𑘰𑘝, 𑘁𑘙, 𑘡𑘅, 𑘟𑘮𑘰.",169
data/synthetic/images/line_0169_v019.png,"सहा, सात, आठ, नऊ, दहा.","𑘭𑘮𑘰, 𑘭𑘰𑘝, 𑘁𑘙, 𑘡𑘅, 𑘟𑘮𑘰.",169
data/synthetic/images/line_0169_v020.png,"सहा, सात, आठ, नऊ, दहा.","𑘭𑘮𑘰, 𑘭𑘰𑘝, 𑘁𑘙, 𑘡𑘅, 𑘟𑘮𑘰.",169
data/synthetic/images/line_0169_v021.png,"सहा, सात, आठ, नऊ, दहा.","𑘭𑘮𑘰, 𑘭𑘰𑘝, 𑘁𑘙, 𑘡𑘅, 𑘟𑘮𑘰.",169
data/synthetic/images/line_0169_v022.png,"सहा, सात, आठ, नऊ, दहा.","𑘭𑘮𑘰, 𑘭𑘰𑘝, 𑘁𑘙, 𑘡𑘅, 𑘟𑘮𑘰.",169
data/synthetic/images/line_0169_v023.png,"सहा, सात, आठ, नऊ, दहा.","𑘭𑘮𑘰, 𑘭𑘰𑘝, 𑘁𑘙, 𑘡𑘅, 𑘟𑘮𑘰.",169
data/synthetic/images/line_0169_v024.png,"सहा, सात, आठ, नऊ, दहा.","𑘭𑘮𑘰, 𑘭𑘰𑘝, 𑘁𑘙, 𑘡𑘅, 𑘟𑘮𑘰.",169
data/synthetic/images/line_0169_v025.png,"सहा, सात, आठ, नऊ, दहा.","𑘭𑘮𑘰, 𑘭𑘰𑘝, 𑘁𑘙, 𑘡𑘅, 𑘟𑘮𑘰.",169
data/synthetic/images/line_0169_v026.png,"सहा, सात, आठ, नऊ, दहा.","𑘭𑘮𑘰, 𑘭𑘰𑘝, 𑘁𑘙, 𑘡𑘅, 𑘟𑘮𑘰.",169
data/synthetic/images/line_0169_v027.png,"सहा, सात, आठ, नऊ, दहा.","𑘭𑘮𑘰, 𑘭𑘰𑘝, 𑘁𑘙, 𑘡𑘅, 𑘟𑘮𑘰.",169
data/synthetic/images/line_0169_v028.png,"सहा, सात, आठ, नऊ, दहा.","𑘭𑘮𑘰, 𑘭𑘰𑘝, 𑘁𑘙, 𑘡𑘅, 𑘟𑘮𑘰.",169
data/synthetic/images/line_0169_v029.png,"सहा, सात, आठ, नऊ, दहा.","𑘭𑘮𑘰, 𑘭𑘰𑘝, 𑘁𑘙, 𑘡𑘅, 𑘟𑘮𑘰.",169
data/synthetic/images/line_0169_v030.png,"सहा, सात, आठ, नऊ, दहा.","𑘭𑘮𑘰, 𑘭𑘰𑘝, 𑘁𑘙, 𑘡𑘅, 𑘟𑘮𑘰.",169
data/synthetic/images/line_0169_v031.png,"सहा, सात, आठ, नऊ, दहा.","𑘭𑘮𑘰, 𑘭𑘰𑘝, 𑘁𑘙, 𑘡𑘅, 𑘟𑘮𑘰.",169
data/synthetic/images/line_0169_v032.png,"सहा, सात, आठ, नऊ, दहा.","𑘭𑘮𑘰, 𑘭𑘰𑘝, 𑘁𑘙, 𑘡𑘅, 𑘟𑘮𑘰.",169
data/synthetic/images/line_0169_v033.png,"सहा, सात, आठ, नऊ, दहा.","𑘭𑘮𑘰, 𑘭𑘰𑘝, 𑘁𑘙, 𑘡𑘅, 𑘟𑘮𑘰.",169
data/synthetic/images/line_0169_v034.png,"सहा, सात, आठ, नऊ, दहा.","𑘭𑘮𑘰, 𑘭𑘰𑘝, 𑘁𑘙, 𑘡𑘅, 𑘟𑘮𑘰.",169
data/synthetic/images/line_0169_v035.png,"सहा, सात, आठ, नऊ, दहा.","𑘭𑘮𑘰, 𑘭𑘰𑘝, 𑘁𑘙, 𑘡𑘅, 𑘟𑘮𑘰.",169
data/synthetic/images/line_0169_v036.png,"सहा, सात, आठ, नऊ, दहा.","𑘭𑘮𑘰, 𑘭𑘰𑘝, 𑘁𑘙, 𑘡𑘅, 𑘟𑘮𑘰.",169
data/synthetic/images/line_0169_v037.png,"सहा, सात, आठ, नऊ, दहा.","𑘭𑘮𑘰, 𑘭𑘰𑘝, 𑘁𑘙, 𑘡𑘅, 𑘟𑘮𑘰.",169
data/synthetic/images/line_0169_v038.png,"सहा, सात, आठ, नऊ, दहा.","𑘭𑘮𑘰, 𑘭𑘰𑘝, 𑘁𑘙, 𑘡𑘅, 𑘟𑘮𑘰.",169
data/synthetic/images/line_0169_v039.png,"सहा, सात, आठ, नऊ, दहा.","𑘭𑘮𑘰, 𑘭𑘰𑘝, 𑘁𑘙, 𑘡𑘅, 𑘟𑘮𑘰.",169
data/synthetic/images/line_0170_v000.png,शंभर वर्षांपूर्वीची ही घटना आहे.,𑘫𑘽𑘥𑘨 𑘪𑘨𑘿𑘬𑘰𑘽𑘢𑘴𑘨𑘿𑘪𑘲𑘓𑘲 𑘮𑘲 𑘑𑘘𑘡𑘰 𑘁𑘮𑘹.,170
data/synthetic/images/line_0170_v001.png,शंभर वर्षांपूर्वीची ही घटना आहे.,𑘫𑘽𑘥𑘨 𑘪𑘨𑘿𑘬𑘰𑘽𑘢𑘴𑘨𑘿𑘪𑘲𑘓𑘲 𑘮𑘲 𑘑𑘘𑘡𑘰 𑘁𑘮𑘹.,170
data/synthetic/images/line_0170_v002.png,शंभर वर्षांपूर्वीची ही घटना आहे.,𑘫𑘽𑘥𑘨 𑘪𑘨𑘿𑘬𑘰𑘽𑘢𑘴𑘨𑘿𑘪𑘲𑘓𑘲 𑘮𑘲 𑘑𑘘𑘡𑘰 𑘁𑘮𑘹.,170
data/synthetic/images/line_0170_v003.png,शंभर वर्षांपूर्वीची ही घटना आहे.,𑘫𑘽𑘥𑘨 𑘪𑘨𑘿𑘬𑘰𑘽𑘢𑘴𑘨𑘿𑘪𑘲𑘓𑘲 𑘮𑘲 𑘑𑘘𑘡𑘰 𑘁𑘮𑘹.,170
data/synthetic/images/line_0170_v004.png,शंभर वर्षांपूर्वीची ही घटना आहे.,𑘫𑘽𑘥𑘨 𑘪𑘨𑘿𑘬𑘰𑘽𑘢𑘴𑘨𑘿𑘪𑘲𑘓𑘲 𑘮𑘲 𑘑𑘘𑘡𑘰 𑘁𑘮𑘹.,170
data/synthetic/images/line_0170_v005.png,शंभर वर्षांपूर्वीची ही घटना आहे.,𑘫𑘽𑘥𑘨 𑘪𑘨𑘿𑘬𑘰𑘽𑘢𑘴𑘨𑘿𑘪𑘲𑘓𑘲 𑘮𑘲 𑘑𑘘𑘡𑘰 𑘁𑘮𑘹.,170
data/synthetic/images/line_0170_v006.png,शंभर वर्षांपूर्वीची ही घटना आहे.,𑘫𑘽𑘥𑘨 𑘪𑘨𑘿𑘬𑘰𑘽𑘢𑘴𑘨𑘿𑘪𑘲𑘓𑘲 𑘮𑘲 𑘑𑘘𑘡𑘰 𑘁𑘮𑘹.,170
data/synthetic/images/line_0170_v007.png,शंभर वर्षांपूर्वीची ही घटना आहे.,𑘫𑘽𑘥𑘨 𑘪𑘨𑘿𑘬𑘰𑘽𑘢𑘴𑘨𑘿𑘪𑘲𑘓𑘲 𑘮𑘲 𑘑𑘘𑘡𑘰 𑘁𑘮𑘹.,170
data/synthetic/images/line_0170_v008.png,शंभर वर्षांपूर्वीची ही घटना आहे.,𑘫𑘽𑘥𑘨 𑘪𑘨𑘿𑘬𑘰𑘽𑘢𑘴𑘨𑘿𑘪𑘲𑘓𑘲 𑘮𑘲 𑘑𑘘𑘡𑘰 𑘁𑘮𑘹.,170
data/synthetic/images/line_0170_v009.png,शंभर वर्षांपूर्वीची ही घटना आहे.,𑘫𑘽𑘥𑘨 𑘪𑘨𑘿𑘬𑘰𑘽𑘢𑘴𑘨𑘿𑘪𑘲𑘓𑘲 𑘮𑘲 𑘑𑘘𑘡𑘰 𑘁𑘮𑘹.,170
data/synthetic/images/line_0170_v010.png,शंभर वर्षांपूर्वीची ही घटना आहे.,𑘫𑘽𑘥𑘨 𑘪𑘨𑘿𑘬𑘰𑘽𑘢𑘴𑘨𑘿𑘪𑘲𑘓𑘲 𑘮𑘲 𑘑𑘘𑘡𑘰 𑘁𑘮𑘹.,170
data/synthetic/images/line_0170_v011.png,शंभर वर्षांपूर्वीची ही घटना आहे.,𑘫𑘽𑘥𑘨 𑘪𑘨𑘿𑘬𑘰𑘽𑘢𑘴𑘨𑘿𑘪𑘲𑘓𑘲 𑘮𑘲 𑘑𑘘𑘡𑘰 𑘁𑘮𑘹.,170
data/synthetic/images/line_0170_v012.png,शंभर वर्षांपूर्वीची ही घटना आहे.,𑘫𑘽𑘥𑘨 𑘪𑘨𑘿𑘬𑘰𑘽𑘢𑘴𑘨𑘿𑘪𑘲𑘓𑘲 𑘮𑘲 𑘑𑘘𑘡𑘰 𑘁𑘮𑘹.,170
data/synthetic/images/line_0170_v013.png,शंभर वर्षांपूर्वीची ही घटना आहे.,𑘫𑘽𑘥𑘨 𑘪𑘨𑘿𑘬𑘰𑘽𑘢𑘴𑘨𑘿𑘪𑘲𑘓𑘲 𑘮𑘲 𑘑𑘘𑘡𑘰 𑘁𑘮𑘹.,170
data/synthetic/images/line_0170_v014.png,शंभर वर्षांपूर्वीची ही घटना आहे.,𑘫𑘽𑘥𑘨 𑘪𑘨𑘿𑘬𑘰𑘽𑘢𑘴𑘨𑘿𑘪𑘲𑘓𑘲 𑘮𑘲 𑘑𑘘𑘡𑘰 𑘁𑘮𑘹.,170
data/synthetic/images/line_0170_v015.png,शंभर वर्षांपूर्वीची ही घटना आहे.,𑘫𑘽𑘥𑘨 𑘪𑘨𑘿𑘬𑘰𑘽𑘢𑘴𑘨𑘿𑘪𑘲𑘓𑘲 𑘮𑘲 𑘑𑘘𑘡𑘰 𑘁𑘮𑘹.,170
data/synthetic/images/line_0170_v016.png,शंभर वर्षांपूर्वीची ही घटना आहे.,𑘫𑘽𑘥𑘨 𑘪𑘨𑘿𑘬𑘰𑘽𑘢𑘴𑘨𑘿𑘪𑘲𑘓𑘲 𑘮𑘲 𑘑𑘘𑘡𑘰 𑘁𑘮𑘹.,170
data/synthetic/images/line_0170_v017.png,शंभर वर्षांपूर्वीची ही घटना आहे.,𑘫𑘽𑘥𑘨 𑘪𑘨𑘿𑘬𑘰𑘽𑘢𑘴𑘨𑘿𑘪𑘲𑘓𑘲 𑘮𑘲 𑘑𑘘𑘡𑘰 𑘁𑘮𑘹.,170
data/synthetic/images/line_0170_v018.png,शंभर वर्षांपूर्वीची ही घटना आहे.,𑘫𑘽𑘥𑘨 𑘪𑘨𑘿𑘬𑘰𑘽𑘢𑘴𑘨𑘿𑘪𑘲𑘓𑘲 𑘮𑘲 𑘑𑘘𑘡𑘰 𑘁𑘮𑘹.,170
data/synthetic/images/line_0170_v019.png,शंभर वर्षांपूर्वीची ही घटना आहे.,𑘫𑘽𑘥𑘨 𑘪𑘨𑘿𑘬𑘰𑘽𑘢𑘴𑘨𑘿𑘪𑘲𑘓𑘲 𑘮𑘲 𑘑𑘘𑘡𑘰 𑘁𑘮𑘹.,170
data/synthetic/images/line_0170_v020.png,शंभर वर्षांपूर्वीची ही घटना आहे.,𑘫𑘽𑘥𑘨 𑘪𑘨𑘿𑘬𑘰𑘽𑘢𑘴𑘨𑘿𑘪𑘲𑘓𑘲 𑘮𑘲 𑘑𑘘𑘡𑘰 𑘁𑘮𑘹.,170
data/synthetic/images/line_0170_v021.png,शंभर वर्षांपूर्वीची ही घटना आहे.,𑘫𑘽𑘥𑘨 𑘪𑘨𑘿𑘬𑘰𑘽𑘢𑘴𑘨𑘿𑘪𑘲𑘓𑘲 𑘮𑘲 𑘑𑘘𑘡𑘰 𑘁𑘮𑘹.,170
data/synthetic/images/line_0170_v022.png,शंभर वर्षांपूर्वीची ही घटना आहे.,𑘫𑘽𑘥𑘨 𑘪𑘨𑘿𑘬𑘰𑘽𑘢𑘴𑘨𑘿𑘪𑘲𑘓𑘲 𑘮𑘲 𑘑𑘘𑘡𑘰 𑘁𑘮𑘹.,170
data/synthetic/images/line_0170_v023.png,शंभर वर्षांपूर्वीची ही घटना आहे.,𑘫𑘽𑘥𑘨 𑘪𑘨𑘿𑘬𑘰𑘽𑘢𑘴𑘨𑘿𑘪𑘲𑘓𑘲 𑘮𑘲 𑘑𑘘𑘡𑘰 𑘁𑘮𑘹.,170
data/synthetic/images/line_0170_v024.png,शंभर वर्षांपूर्वीची ही घटना आहे.,𑘫𑘽𑘥𑘨 𑘪𑘨𑘿𑘬𑘰𑘽𑘢𑘴𑘨𑘿𑘪𑘲𑘓𑘲 𑘮𑘲 𑘑𑘘𑘡𑘰 𑘁𑘮𑘹.,170
data/synthetic/images/line_0170_v025.png,शंभर वर्षांपूर्वीची ही घटना आहे.,𑘫𑘽𑘥𑘨 𑘪𑘨𑘿𑘬𑘰𑘽𑘢𑘴𑘨𑘿𑘪𑘲𑘓𑘲 𑘮𑘲 𑘑𑘘𑘡𑘰 𑘁𑘮𑘹.,170
data/synthetic/images/line_0170_v026.png,शंभर वर्षांपूर्वीची ही घटना आहे.,𑘫𑘽𑘥𑘨 𑘪𑘨𑘿𑘬𑘰𑘽𑘢𑘴𑘨𑘿𑘪𑘲𑘓𑘲 𑘮𑘲 𑘑𑘘𑘡𑘰 𑘁𑘮𑘹.,170
data/synthetic/images/line_0170_v027.png,शंभर वर्षांपूर्वीची ही घटना आहे.,𑘫𑘽𑘥𑘨 𑘪𑘨𑘿𑘬𑘰𑘽𑘢𑘴𑘨𑘿𑘪𑘲𑘓𑘲 𑘮𑘲 𑘑𑘘𑘡𑘰 𑘁𑘮𑘹.,170
data/synthetic/images/line_0170_v028.png,शंभर वर्षांपूर्वीची ही घटना आहे.,𑘫𑘽𑘥𑘨 𑘪𑘨𑘿𑘬𑘰𑘽𑘢𑘴𑘨𑘿𑘪𑘲𑘓𑘲 𑘮𑘲 𑘑𑘘𑘡𑘰 𑘁𑘮𑘹.,170
data/synthetic/images/line_0170_v029.png,शंभर वर्षांपूर्वीची ही घटना आहे.,𑘫𑘽𑘥𑘨 𑘪𑘨𑘿𑘬𑘰𑘽𑘢𑘴𑘨𑘿𑘪𑘲𑘓𑘲 𑘮𑘲 𑘑𑘘𑘡𑘰 𑘁𑘮𑘹.,170
data/synthetic/images/line_0170_v030.png,शंभर वर्षांपूर्वीची ही घटना आहे.,𑘫𑘽𑘥𑘨 𑘪𑘨𑘿𑘬𑘰𑘽𑘢𑘴𑘨𑘿𑘪𑘲𑘓𑘲 𑘮𑘲 𑘑𑘘𑘡𑘰 𑘁𑘮𑘹.,170
data/synthetic/images/line_0170_v031.png,शंभर वर्षांपूर्वीची ही घटना आहे.,𑘫𑘽𑘥𑘨 𑘪𑘨𑘿𑘬𑘰𑘽𑘢𑘴𑘨𑘿𑘪𑘲𑘓𑘲 𑘮𑘲 𑘑𑘘𑘡𑘰 𑘁𑘮𑘹.,170
data/synthetic/images/line_0170_v032.png,शंभर वर्षांपूर्वीची ही घटना आहे.,𑘫𑘽𑘥𑘨 𑘪𑘨𑘿𑘬𑘰𑘽𑘢𑘴𑘨𑘿𑘪𑘲𑘓𑘲 𑘮𑘲 𑘑𑘘𑘡𑘰 𑘁𑘮𑘹.,170
data/synthetic/images/line_0170_v033.png,शंभर वर्षांपूर्वीची ही घटना आहे.,𑘫𑘽𑘥𑘨 𑘪𑘨𑘿𑘬𑘰𑘽𑘢𑘴𑘨𑘿𑘪𑘲𑘓𑘲 𑘮𑘲 𑘑𑘘𑘡𑘰 𑘁𑘮𑘹.,170
data/synthetic/images/line_0170_v034.png,शंभर वर्षांपूर्वीची ही घटना आहे.,𑘫𑘽𑘥𑘨 𑘪𑘨𑘿𑘬𑘰𑘽𑘢𑘴𑘨𑘿𑘪𑘲𑘓𑘲 𑘮𑘲 𑘑𑘘𑘡𑘰 𑘁𑘮𑘹.,170
data/synthetic/images/line_0170_v035.png,शंभर वर्षांपूर्वीची ही घटना आहे.,𑘫𑘽𑘥𑘨 𑘪𑘨𑘿𑘬𑘰𑘽𑘢𑘴𑘨𑘿𑘪𑘲𑘓𑘲 𑘮𑘲 𑘑𑘘𑘡𑘰 𑘁𑘮𑘹.,170
data/synthetic/images/line_0170_v036.png,शंभर वर्षांपूर्वीची ही घटना आहे.,𑘫𑘽𑘥𑘨 𑘪𑘨𑘿𑘬𑘰𑘽𑘢𑘴𑘨𑘿𑘪𑘲𑘓𑘲 𑘮𑘲 𑘑𑘘𑘡𑘰 𑘁𑘮𑘹.,170
data/synthetic/images/line_0170_v037.png,शंभर वर्षांपूर्वीची ही घटना आहे.,𑘫𑘽𑘥𑘨 𑘪𑘨𑘿𑘬𑘰𑘽𑘢𑘴𑘨𑘿𑘪𑘲𑘓𑘲 𑘮𑘲 𑘑𑘘𑘡𑘰 𑘁𑘮𑘹.,170
data/synthetic/images/line_0170_v038.png,शंभर वर्षांपूर्वीची ही घटना आहे.,𑘫𑘽𑘥𑘨 𑘪𑘨𑘿𑘬𑘰𑘽𑘢𑘴𑘨𑘿𑘪𑘲𑘓𑘲 𑘮𑘲 𑘑𑘘𑘡𑘰 𑘁𑘮𑘹.,170
data/synthetic/images/line_0170_v039.png,शंभर वर्षांपूर्वीची ही घटना आहे.,𑘫𑘽𑘥𑘨 𑘪𑘨𑘿𑘬𑘰𑘽𑘢𑘴𑘨𑘿𑘪𑘲𑘓𑘲 𑘮𑘲 𑘑𑘘𑘡𑘰 𑘁𑘮𑘹.,170
data/synthetic/images/line_0171_v000.png,हजार लोक या कार्यक्रमाला उपस्थित होते.,𑘮𑘕𑘰𑘨 𑘩𑘻𑘎 𑘧𑘰 𑘎𑘰𑘨𑘿𑘧𑘎𑘿𑘨𑘦𑘰𑘩𑘰 𑘄𑘢𑘭𑘿𑘞𑘱𑘝 𑘮𑘻𑘝𑘹.,171
data/synthetic/images/line_0171_v001.png,हजार लोक या कार्यक्रमाला उपस्थित होते.,𑘮𑘕𑘰𑘨 𑘩𑘻𑘎 𑘧𑘰 𑘎𑘰𑘨𑘿𑘧𑘎𑘿𑘨𑘦𑘰𑘩𑘰 𑘄𑘢𑘭𑘿𑘞𑘱𑘝 𑘮𑘻𑘝𑘹.,171
data/synthetic/images/line_0171_v002.png,हजार लोक या कार्यक्रमाला उपस्थित होते.,𑘮𑘕𑘰𑘨 𑘩𑘻𑘎 𑘧𑘰 𑘎𑘰𑘨𑘿𑘧𑘎𑘿𑘨𑘦𑘰𑘩𑘰 𑘄𑘢𑘭𑘿𑘞𑘱𑘝 𑘮𑘻𑘝𑘹.,171
data/synthetic/images/line_0171_v003.png,हजार लोक या कार्यक्रमाला उपस्थित होते.,𑘮𑘕𑘰𑘨 𑘩𑘻𑘎 𑘧𑘰 𑘎𑘰𑘨𑘿𑘧𑘎𑘿𑘨𑘦𑘰𑘩𑘰 𑘄𑘢𑘭𑘿𑘞𑘱𑘝 𑘮𑘻𑘝𑘹.,171
data/synthetic/images/line_0171_v004.png,हजार लोक या कार्यक्रमाला उपस्थित होते.,𑘮𑘕𑘰𑘨 𑘩𑘻𑘎 𑘧𑘰 𑘎𑘰𑘨𑘿𑘧𑘎𑘿𑘨𑘦𑘰𑘩𑘰 𑘄𑘢𑘭𑘿𑘞𑘱𑘝 𑘮𑘻𑘝𑘹.,171
data/synthetic/images/line_0171_v005.png,हजार लोक या कार्यक्रमाला उपस्थित होते.,𑘮𑘕𑘰𑘨 𑘩𑘻𑘎 𑘧𑘰 𑘎𑘰𑘨𑘿𑘧𑘎𑘿𑘨𑘦𑘰𑘩𑘰 𑘄𑘢𑘭𑘿𑘞𑘱𑘝 𑘮𑘻𑘝𑘹.,171
data/synthetic/images/line_0171_v006.png,हजार लोक या कार्यक्रमाला उपस्थित होते.,𑘮𑘕𑘰𑘨 𑘩𑘻𑘎 𑘧𑘰 𑘎𑘰𑘨𑘿𑘧𑘎𑘿𑘨𑘦𑘰𑘩𑘰 𑘄𑘢𑘭𑘿𑘞𑘱𑘝 𑘮𑘻𑘝𑘹.,171
data/synthetic/images/line_0171_v007.png,हजार लोक या कार्यक्रमाला उपस्थित होते.,𑘮𑘕𑘰𑘨 𑘩𑘻𑘎 𑘧𑘰 𑘎𑘰𑘨𑘿𑘧𑘎𑘿𑘨𑘦𑘰𑘩𑘰 𑘄𑘢𑘭𑘿𑘞𑘱𑘝 𑘮𑘻𑘝𑘹.,171
data/synthetic/images/line_0171_v008.png,हजार लोक या कार्यक्रमाला उपस्थित होते.,𑘮𑘕𑘰𑘨 𑘩𑘻𑘎 𑘧𑘰 𑘎𑘰𑘨𑘿𑘧𑘎𑘿𑘨𑘦𑘰𑘩𑘰 𑘄𑘢𑘭𑘿𑘞𑘱𑘝 𑘮𑘻𑘝𑘹.,171
data/synthetic/images/line_0171_v009.png,हजार लोक या कार्यक्रमाला उपस्थित होते.,𑘮𑘕𑘰𑘨 𑘩𑘻𑘎 𑘧𑘰 𑘎𑘰𑘨𑘿𑘧𑘎𑘿𑘨𑘦𑘰𑘩𑘰 𑘄𑘢𑘭𑘿𑘞𑘱𑘝 𑘮𑘻𑘝𑘹.,171
data/synthetic/images/line_0171_v010.png,हजार लोक या कार्यक्रमाला उपस्थित होते.,𑘮𑘕𑘰𑘨 𑘩𑘻𑘎 𑘧𑘰 𑘎𑘰𑘨𑘿𑘧𑘎𑘿𑘨𑘦𑘰𑘩𑘰 𑘄𑘢𑘭𑘿𑘞𑘱𑘝 𑘮𑘻𑘝𑘹.,171
data/synthetic/images/line_0171_v011.png,हजार लोक या कार्यक्रमाला उपस्थित होते.,𑘮𑘕𑘰𑘨 𑘩𑘻𑘎 𑘧𑘰 𑘎𑘰𑘨𑘿𑘧𑘎𑘿𑘨𑘦𑘰𑘩𑘰 𑘄𑘢𑘭𑘿𑘞𑘱𑘝 𑘮𑘻𑘝𑘹.,171
data/synthetic/images/line_0171_v012.png,हजार लोक या कार्यक्रमाला उपस्थित होते.,𑘮𑘕𑘰𑘨 𑘩𑘻𑘎 𑘧𑘰 𑘎𑘰𑘨𑘿𑘧𑘎𑘿𑘨𑘦𑘰𑘩𑘰 𑘄𑘢𑘭𑘿𑘞𑘱𑘝 𑘮𑘻𑘝𑘹.,171
data/synthetic/images/line_0171_v013.png,हजार लोक या कार्यक्रमाला उपस्थित होते.,𑘮𑘕𑘰𑘨 𑘩𑘻𑘎 𑘧𑘰 𑘎𑘰𑘨𑘿𑘧𑘎𑘿𑘨𑘦𑘰𑘩𑘰 𑘄𑘢𑘭𑘿𑘞𑘱𑘝 𑘮𑘻𑘝𑘹.,171
data/synthetic/images/line_0171_v014.png,हजार लोक या कार्यक्रमाला उपस्थित होते.,𑘮𑘕𑘰𑘨 𑘩𑘻𑘎 𑘧𑘰 𑘎𑘰𑘨𑘿𑘧𑘎𑘿𑘨𑘦𑘰𑘩𑘰 𑘄𑘢𑘭𑘿𑘞𑘱𑘝 𑘮𑘻𑘝𑘹.,171
data/synthetic/images/line_0171_v015.png,हजार लोक या कार्यक्रमाला उपस्थित होते.,𑘮𑘕𑘰𑘨 𑘩𑘻𑘎 𑘧𑘰 𑘎𑘰𑘨𑘿𑘧𑘎𑘿𑘨𑘦𑘰𑘩𑘰 𑘄𑘢𑘭𑘿𑘞𑘱𑘝 𑘮𑘻𑘝𑘹.,171
data/synthetic/images/line_0171_v016.png,हजार लोक या कार्यक्रमाला उपस्थित होते.,𑘮𑘕𑘰𑘨 𑘩𑘻𑘎 𑘧𑘰 𑘎𑘰𑘨𑘿𑘧𑘎𑘿𑘨𑘦𑘰𑘩𑘰 𑘄𑘢𑘭𑘿𑘞𑘱𑘝 𑘮𑘻𑘝𑘹.,171
data/synthetic/images/line_0171_v017.png,हजार लोक या कार्यक्रमाला उपस्थित होते.,𑘮𑘕𑘰𑘨 𑘩𑘻𑘎 𑘧𑘰 𑘎𑘰𑘨𑘿𑘧𑘎𑘿𑘨𑘦𑘰𑘩𑘰 𑘄𑘢𑘭𑘿𑘞𑘱𑘝 𑘮𑘻𑘝𑘹.,171
data/synthetic/images/line_0171_v018.png,हजार लोक या कार्यक्रमाला उपस्थित होते.,𑘮𑘕𑘰𑘨 𑘩𑘻𑘎 𑘧𑘰 𑘎𑘰𑘨𑘿𑘧𑘎𑘿𑘨𑘦𑘰𑘩𑘰 𑘄𑘢𑘭𑘿𑘞𑘱𑘝 𑘮𑘻𑘝𑘹.,171
data/synthetic/images/line_0171_v019.png,हजार लोक या कार्यक्रमाला उपस्थित होते.,𑘮𑘕𑘰𑘨 𑘩𑘻𑘎 𑘧𑘰 𑘎𑘰𑘨𑘿𑘧𑘎𑘿𑘨𑘦𑘰𑘩𑘰 𑘄𑘢𑘭𑘿𑘞𑘱𑘝 𑘮𑘻𑘝𑘹.,171
data/synthetic/images/line_0171_v020.png,हजार लोक या कार्यक्रमाला उपस्थित होते.,𑘮𑘕𑘰𑘨 𑘩𑘻𑘎 𑘧𑘰 𑘎𑘰𑘨𑘿𑘧𑘎𑘿𑘨𑘦𑘰𑘩𑘰 𑘄𑘢𑘭𑘿𑘞𑘱𑘝 𑘮𑘻𑘝𑘹.,171
data/synthetic/images/line_0171_v021.png,हजार लोक या कार्यक्रमाला उपस्थित होते.,𑘮𑘕𑘰𑘨 𑘩𑘻𑘎 𑘧𑘰 𑘎𑘰𑘨𑘿𑘧𑘎𑘿𑘨𑘦𑘰𑘩𑘰 𑘄𑘢𑘭𑘿𑘞𑘱𑘝 𑘮𑘻𑘝𑘹.,171
data/synthetic/images/line_0171_v022.png,हजार लोक या कार्यक्रमाला उपस्थित होते.,𑘮𑘕𑘰𑘨 𑘩𑘻𑘎 𑘧𑘰 𑘎𑘰𑘨𑘿𑘧𑘎𑘿𑘨𑘦𑘰𑘩𑘰 𑘄𑘢𑘭𑘿𑘞𑘱𑘝 𑘮𑘻𑘝𑘹.,171
data/synthetic/images/line_0171_v023.png,हजार लोक या कार्यक्रमाला उपस्थित होते.,𑘮𑘕𑘰𑘨 𑘩𑘻𑘎 𑘧𑘰 𑘎𑘰𑘨𑘿𑘧𑘎𑘿𑘨𑘦𑘰𑘩𑘰 𑘄𑘢𑘭𑘿𑘞𑘱𑘝 𑘮𑘻𑘝𑘹.,171
data/synthetic/images/line_0171_v024.png,हजार लोक या कार्यक्रमाला उपस्थित होते.,𑘮𑘕𑘰𑘨 𑘩𑘻𑘎 𑘧𑘰 𑘎𑘰𑘨𑘿𑘧𑘎𑘿𑘨𑘦𑘰𑘩𑘰 𑘄𑘢𑘭𑘿𑘞𑘱𑘝 𑘮𑘻𑘝𑘹.,171
data/synthetic/images/line_0171_v025.png,हजार लोक या कार्यक्रमाला उपस्थित होते.,𑘮𑘕𑘰𑘨 𑘩𑘻𑘎 𑘧𑘰 𑘎𑘰𑘨𑘿𑘧𑘎𑘿𑘨𑘦𑘰𑘩𑘰 𑘄𑘢𑘭𑘿𑘞𑘱𑘝 𑘮𑘻𑘝𑘹.,171
data/synthetic/images/line_0171_v026.png,हजार लोक या कार्यक्रमाला उपस्थित होते.,𑘮𑘕𑘰𑘨 𑘩𑘻𑘎 𑘧𑘰 𑘎𑘰𑘨𑘿𑘧𑘎𑘿𑘨𑘦𑘰𑘩𑘰 𑘄𑘢𑘭𑘿𑘞𑘱𑘝 𑘮𑘻𑘝𑘹.,171
data/synthetic/images/line_0171_v027.png,हजार लोक या कार्यक्रमाला उपस्थित होते.,𑘮𑘕𑘰𑘨 𑘩𑘻𑘎 𑘧𑘰 𑘎𑘰𑘨𑘿𑘧𑘎𑘿𑘨𑘦𑘰𑘩𑘰 𑘄𑘢𑘭𑘿𑘞𑘱𑘝 𑘮𑘻𑘝𑘹.,171
data/synthetic/images/line_0171_v028.png,हजार लोक या कार्यक्रमाला उपस्थित होते.,𑘮𑘕𑘰𑘨 𑘩𑘻𑘎 𑘧𑘰 𑘎𑘰𑘨𑘿𑘧𑘎𑘿𑘨𑘦𑘰𑘩𑘰 𑘄𑘢𑘭𑘿𑘞𑘱𑘝 𑘮𑘻𑘝𑘹.,171
data/synthetic/images/line_0171_v029.png,हजार लोक या कार्यक्रमाला उपस्थित होते.,𑘮𑘕𑘰𑘨 𑘩𑘻𑘎 𑘧𑘰 𑘎𑘰𑘨𑘿𑘧𑘎𑘿𑘨𑘦𑘰𑘩𑘰 𑘄𑘢𑘭𑘿𑘞𑘱𑘝 𑘮𑘻𑘝𑘹.,171
data/synthetic/images/line_0171_v030.png,हजार लोक या कार्यक्रमाला उपस्थित होते.,𑘮𑘕𑘰𑘨 𑘩𑘻𑘎 𑘧𑘰 𑘎𑘰𑘨𑘿𑘧𑘎𑘿𑘨𑘦𑘰𑘩𑘰 𑘄𑘢𑘭𑘿𑘞𑘱𑘝 𑘮𑘻𑘝𑘹.,171
data/synthetic/images/line_0171_v031.png,हजार लोक या कार्यक्रमाला उपस्थित होते.,𑘮𑘕𑘰𑘨 𑘩𑘻𑘎 𑘧𑘰 𑘎𑘰𑘨𑘿𑘧𑘎𑘿𑘨𑘦𑘰𑘩𑘰 𑘄𑘢𑘭𑘿𑘞𑘱𑘝 𑘮𑘻𑘝𑘹.,171
data/synthetic/images/line_0171_v032.png,हजार लोक या कार्यक्रमाला उपस्थित होते.,𑘮𑘕𑘰𑘨 𑘩𑘻𑘎 𑘧𑘰 𑘎𑘰𑘨𑘿𑘧𑘎𑘿𑘨𑘦𑘰𑘩𑘰 𑘄𑘢𑘭𑘿𑘞𑘱𑘝 𑘮𑘻𑘝𑘹.,171
data/synthetic/images/line_0171_v033.png,हजार लोक या कार्यक्रमाला उपस्थित होते.,𑘮𑘕𑘰𑘨 𑘩𑘻𑘎 𑘧𑘰 𑘎𑘰𑘨𑘿𑘧𑘎𑘿𑘨𑘦𑘰𑘩𑘰 𑘄𑘢𑘭𑘿𑘞𑘱𑘝 𑘮𑘻𑘝𑘹.,171
data/synthetic/images/line_0171_v034.png,हजार लोक या कार्यक्रमाला उपस्थित होते.,𑘮𑘕𑘰𑘨 𑘩𑘻𑘎 𑘧𑘰 𑘎𑘰𑘨𑘿𑘧𑘎𑘿𑘨𑘦𑘰𑘩𑘰 𑘄𑘢𑘭𑘿𑘞𑘱𑘝 𑘮𑘻𑘝𑘹.,171
data/synthetic/images/line_0171_v035.png,हजार लोक या कार्यक्रमाला उपस्थित होते.,𑘮𑘕𑘰𑘨 𑘩𑘻𑘎 𑘧𑘰 𑘎𑘰𑘨𑘿𑘧𑘎𑘿𑘨𑘦𑘰𑘩𑘰 𑘄𑘢𑘭𑘿𑘞𑘱𑘝 𑘮𑘻𑘝𑘹.,171
data/synthetic/images/line_0171_v036.png,हजार लोक या कार्यक्रमाला उपस्थित होते.,𑘮𑘕𑘰𑘨 𑘩𑘻𑘎 𑘧𑘰 𑘎𑘰𑘨𑘿𑘧𑘎𑘿𑘨𑘦𑘰𑘩𑘰 𑘄𑘢𑘭𑘿𑘞𑘱𑘝 𑘮𑘻𑘝𑘹.,171
data/synthetic/images/line_0171_v037.png,हजार लोक या कार्यक्रमाला उपस्थित होते.,𑘮𑘕𑘰𑘨 𑘩𑘻𑘎 𑘧𑘰 𑘎𑘰𑘨𑘿𑘧𑘎𑘿𑘨𑘦𑘰𑘩𑘰 𑘄𑘢𑘭𑘿𑘞𑘱𑘝 𑘮𑘻𑘝𑘹.,171
data/synthetic/images/line_0171_v038.png,हजार लोक या कार्यक्रमाला उपस्थित होते.,𑘮𑘕𑘰𑘨 𑘩𑘻𑘎 𑘧𑘰 𑘎𑘰𑘨𑘿𑘧𑘎𑘿𑘨𑘦𑘰𑘩𑘰 𑘄𑘢𑘭𑘿𑘞𑘱𑘝 𑘮𑘻𑘝𑘹.,171
data/synthetic/images/line_0171_v039.png,हजार लोक या कार्यक्रमाला उपस्थित होते.,𑘮𑘕𑘰𑘨 𑘩𑘻𑘎 𑘧𑘰 𑘎𑘰𑘨𑘿𑘧𑘎𑘿𑘨𑘦𑘰𑘩𑘰 𑘄𑘢𑘭𑘿𑘞𑘱𑘝 𑘮𑘻𑘝𑘹.,171
data/synthetic/images/line_0172_v000.png,पन्नास गावांचा सर्वे करण्यात आला.,𑘢𑘡𑘿𑘡𑘰𑘭 𑘐𑘰𑘪𑘰𑘽𑘓𑘰 𑘭𑘨𑘿𑘪𑘹 𑘎𑘨𑘜𑘿𑘧𑘰𑘝 𑘁𑘩𑘰.,172
data/synthetic/images/line_0172_v001.png,पन्नास गावांचा सर्वे करण्यात आला.,𑘢𑘡𑘿𑘡𑘰𑘭 𑘐𑘰𑘪𑘰𑘽𑘓𑘰 𑘭𑘨𑘿𑘪𑘹 𑘎𑘨𑘜𑘿𑘧𑘰𑘝 𑘁𑘩𑘰.,172
data/synthetic/images/line_0172_v002.png,पन्नास गावांचा सर्वे करण्यात आला.,𑘢𑘡𑘿𑘡𑘰𑘭 𑘐𑘰𑘪𑘰𑘽𑘓𑘰 𑘭𑘨𑘿𑘪𑘹 𑘎𑘨𑘜𑘿𑘧𑘰𑘝 𑘁𑘩𑘰.,172
data/synthetic/images/line_0172_v003.png,पन्नास गावांचा सर्वे करण्यात आला.,𑘢𑘡𑘿𑘡𑘰𑘭 𑘐𑘰𑘪𑘰𑘽𑘓𑘰 𑘭𑘨𑘿𑘪𑘹 𑘎𑘨𑘜𑘿𑘧𑘰𑘝 𑘁𑘩𑘰.,172
data/synthetic/images/line_0172_v004.png,पन्नास गावांचा सर्वे करण्यात आला.,𑘢𑘡𑘿𑘡𑘰𑘭 𑘐𑘰𑘪𑘰𑘽𑘓𑘰 𑘭𑘨𑘿𑘪𑘹 𑘎𑘨𑘜𑘿𑘧𑘰𑘝 𑘁𑘩𑘰.,172
data/synthetic/images/line_0172_v005.png,पन्नास गावांचा सर्वे करण्यात आला.,𑘢𑘡𑘿𑘡𑘰𑘭 𑘐𑘰𑘪𑘰𑘽𑘓𑘰 𑘭𑘨𑘿𑘪𑘹 𑘎𑘨𑘜𑘿𑘧𑘰𑘝 𑘁𑘩𑘰.,172
data/synthetic/images/line_0172_v006.png,पन्नास गावांचा सर्वे करण्यात आला.,𑘢𑘡𑘿𑘡𑘰𑘭 𑘐𑘰𑘪𑘰𑘽𑘓𑘰 𑘭𑘨𑘿𑘪𑘹 𑘎𑘨𑘜𑘿𑘧𑘰𑘝 𑘁𑘩𑘰.,172
data/synthetic/images/line_0172_v007.png,पन्नास गावांचा सर्वे करण्यात आला.,𑘢𑘡𑘿𑘡𑘰𑘭 𑘐𑘰𑘪𑘰𑘽𑘓𑘰 𑘭𑘨𑘿𑘪𑘹 𑘎𑘨𑘜𑘿𑘧𑘰𑘝 𑘁𑘩𑘰.,172
data/synthetic/images/line_0172_v008.png,पन्नास गावांचा सर्वे करण्यात आला.,𑘢𑘡𑘿𑘡𑘰𑘭 𑘐𑘰𑘪𑘰𑘽𑘓𑘰 𑘭𑘨𑘿𑘪𑘹 𑘎𑘨𑘜𑘿𑘧𑘰𑘝 𑘁𑘩𑘰.,172
data/synthetic/images/line_0172_v009.png,पन्नास गावांचा सर्वे करण्यात आला.,𑘢𑘡𑘿𑘡𑘰𑘭 𑘐𑘰𑘪𑘰𑘽𑘓𑘰 𑘭𑘨𑘿𑘪𑘹 𑘎𑘨𑘜𑘿𑘧𑘰𑘝 𑘁𑘩𑘰.,172
data/synthetic/images/line_0172_v010.png,पन्नास गावांचा सर्वे करण्यात आला.,𑘢𑘡𑘿𑘡𑘰𑘭 𑘐𑘰𑘪𑘰𑘽𑘓𑘰 𑘭𑘨𑘿𑘪𑘹 𑘎𑘨𑘜𑘿𑘧𑘰𑘝 𑘁𑘩𑘰.,172
data/synthetic/images/line_0172_v011.png,पन्नास गावांचा सर्वे करण्यात आला.,𑘢𑘡𑘿𑘡𑘰𑘭 𑘐𑘰𑘪𑘰𑘽𑘓𑘰 𑘭𑘨𑘿𑘪𑘹 𑘎𑘨𑘜𑘿𑘧𑘰𑘝 𑘁𑘩𑘰.,172
data/synthetic/images/line_0172_v012.png,पन्नास गावांचा सर्वे करण्यात आला.,𑘢𑘡𑘿𑘡𑘰𑘭 𑘐𑘰𑘪𑘰𑘽𑘓𑘰 𑘭𑘨𑘿𑘪𑘹 𑘎𑘨𑘜𑘿𑘧𑘰𑘝 𑘁𑘩𑘰.,172
data/synthetic/images/line_0172_v013.png,पन्नास गावांचा सर्वे करण्यात आला.,𑘢𑘡𑘿𑘡𑘰𑘭 𑘐𑘰𑘪𑘰𑘽𑘓𑘰 𑘭𑘨𑘿𑘪𑘹 𑘎𑘨𑘜𑘿𑘧𑘰𑘝 𑘁𑘩𑘰.,172
data/synthetic/images/line_0172_v014.png,पन्नास गावांचा सर्वे करण्यात आला.,𑘢𑘡𑘿𑘡𑘰𑘭 𑘐𑘰𑘪𑘰𑘽𑘓𑘰 𑘭𑘨𑘿𑘪𑘹 𑘎𑘨𑘜𑘿𑘧𑘰𑘝 𑘁𑘩𑘰.,172
data/synthetic/images/line_0172_v015.png,पन्नास गावांचा सर्वे करण्यात आला.,𑘢𑘡𑘿𑘡𑘰𑘭 𑘐𑘰𑘪𑘰𑘽𑘓𑘰 𑘭𑘨𑘿𑘪𑘹 𑘎𑘨𑘜𑘿𑘧𑘰𑘝 𑘁𑘩𑘰.,172
data/synthetic/images/line_0172_v016.png,पन्नास गावांचा सर्वे करण्यात आला.,𑘢𑘡𑘿𑘡𑘰𑘭 𑘐𑘰𑘪𑘰𑘽𑘓𑘰 𑘭𑘨𑘿𑘪𑘹 𑘎𑘨𑘜𑘿𑘧𑘰𑘝 𑘁𑘩𑘰.,172
data/synthetic/images/line_0172_v017.png,पन्नास गावांचा सर्वे करण्यात आला.,𑘢𑘡𑘿𑘡𑘰𑘭 𑘐𑘰𑘪𑘰𑘽𑘓𑘰 𑘭𑘨𑘿𑘪𑘹 𑘎𑘨𑘜𑘿𑘧𑘰𑘝 𑘁𑘩𑘰.,172
data/synthetic/images/line_0172_v018.png,पन्नास गावांचा सर्वे करण्यात आला.,𑘢𑘡𑘿𑘡𑘰𑘭 𑘐𑘰𑘪𑘰𑘽𑘓𑘰 𑘭𑘨𑘿𑘪𑘹 𑘎𑘨𑘜𑘿𑘧𑘰𑘝 𑘁𑘩𑘰.,172
data/synthetic/images/line_0172_v019.png,पन्नास गावांचा सर्वे करण्यात आला.,𑘢𑘡𑘿𑘡𑘰𑘭 𑘐𑘰𑘪𑘰𑘽𑘓𑘰 𑘭𑘨𑘿𑘪𑘹 𑘎𑘨𑘜𑘿𑘧𑘰𑘝 𑘁𑘩𑘰.,172
data/synthetic/images/line_0172_v020.png,पन्नास गावांचा सर्वे करण्यात आला.,𑘢𑘡𑘿𑘡𑘰𑘭 𑘐𑘰𑘪𑘰𑘽𑘓𑘰 𑘭𑘨𑘿𑘪𑘹 𑘎𑘨𑘜𑘿𑘧𑘰𑘝 𑘁𑘩𑘰.,172
data/synthetic/images/line_0172_v021.png,पन्नास गावांचा सर्वे करण्यात आला.,𑘢𑘡𑘿𑘡𑘰𑘭 𑘐𑘰𑘪𑘰𑘽𑘓𑘰 𑘭𑘨𑘿𑘪𑘹 𑘎𑘨𑘜𑘿𑘧𑘰𑘝 𑘁𑘩𑘰.,172
data/synthetic/images/line_0172_v022.png,पन्नास गावांचा सर्वे करण्यात आला.,𑘢𑘡𑘿𑘡𑘰𑘭 𑘐𑘰𑘪𑘰𑘽𑘓𑘰 𑘭𑘨𑘿𑘪𑘹 𑘎𑘨𑘜𑘿𑘧𑘰𑘝 𑘁𑘩𑘰.,172
data/synthetic/images/line_0172_v023.png,पन्नास गावांचा सर्वे करण्यात आला.,𑘢𑘡𑘿𑘡𑘰𑘭 𑘐𑘰𑘪𑘰𑘽𑘓𑘰 𑘭𑘨𑘿𑘪𑘹 𑘎𑘨𑘜𑘿𑘧𑘰𑘝 𑘁𑘩𑘰.,172
data/synthetic/images/line_0172_v024.png,पन्नास गावांचा सर्वे करण्यात आला.,𑘢𑘡𑘿𑘡𑘰𑘭 𑘐𑘰𑘪𑘰𑘽𑘓𑘰 𑘭𑘨𑘿𑘪𑘹 𑘎𑘨𑘜𑘿𑘧𑘰𑘝 𑘁𑘩𑘰.,172
data/synthetic/images/line_0172_v025.png,पन्नास गावांचा सर्वे करण्यात आला.,𑘢𑘡𑘿𑘡𑘰𑘭 𑘐𑘰𑘪𑘰𑘽𑘓𑘰 𑘭𑘨𑘿𑘪𑘹 𑘎𑘨𑘜𑘿𑘧𑘰𑘝 𑘁𑘩𑘰.,172
data/synthetic/images/line_0172_v026.png,पन्नास गावांचा सर्वे करण्यात आला.,𑘢𑘡𑘿𑘡𑘰𑘭 𑘐𑘰𑘪𑘰𑘽𑘓𑘰 𑘭𑘨𑘿𑘪𑘹 𑘎𑘨𑘜𑘿𑘧𑘰𑘝 𑘁𑘩𑘰.,172
data/synthetic/images/line_0172_v027.png,पन्नास गावांचा सर्वे करण्यात आला.,𑘢𑘡𑘿𑘡𑘰𑘭 𑘐𑘰𑘪𑘰𑘽𑘓𑘰 𑘭𑘨𑘿𑘪𑘹 𑘎𑘨𑘜𑘿𑘧𑘰𑘝 𑘁𑘩𑘰.,172
data/synthetic/images/line_0172_v028.png,पन्नास गावांचा सर्वे करण्यात आला.,𑘢𑘡𑘿𑘡𑘰𑘭 𑘐𑘰𑘪𑘰𑘽𑘓𑘰 𑘭𑘨𑘿𑘪𑘹 𑘎𑘨𑘜𑘿𑘧𑘰𑘝 𑘁𑘩𑘰.,172
data/synthetic/images/line_0172_v029.png,पन्नास गावांचा सर्वे करण्यात आला.,𑘢𑘡𑘿𑘡𑘰𑘭 𑘐𑘰𑘪𑘰𑘽𑘓𑘰 𑘭𑘨𑘿𑘪𑘹 𑘎𑘨𑘜𑘿𑘧𑘰𑘝 𑘁𑘩𑘰.,172
data/synthetic/images/line_0172_v030.png,पन्नास गावांचा सर्वे करण्यात आला.,𑘢𑘡𑘿𑘡𑘰𑘭 𑘐𑘰𑘪𑘰𑘽𑘓𑘰 𑘭𑘨𑘿𑘪𑘹 𑘎𑘨𑘜𑘿𑘧𑘰𑘝 𑘁𑘩𑘰.,172
data/synthetic/images/line_0172_v031.png,पन्नास गावांचा सर्वे करण्यात आला.,𑘢𑘡𑘿𑘡𑘰𑘭 𑘐𑘰𑘪𑘰𑘽𑘓𑘰 𑘭𑘨𑘿𑘪𑘹 𑘎𑘨𑘜𑘿𑘧𑘰𑘝 𑘁𑘩𑘰.,172
data/synthetic/images/line_0172_v032.png,पन्नास गावांचा सर्वे करण्यात आला.,𑘢𑘡𑘿𑘡𑘰𑘭 𑘐𑘰𑘪𑘰𑘽𑘓𑘰 𑘭𑘨𑘿𑘪𑘹 𑘎𑘨𑘜𑘿𑘧𑘰𑘝 𑘁𑘩𑘰.,172
data/synthetic/images/line_0172_v033.png,पन्नास गावांचा सर्वे करण्यात आला.,𑘢𑘡𑘿𑘡𑘰𑘭 𑘐𑘰𑘪𑘰𑘽𑘓𑘰 𑘭𑘨𑘿𑘪𑘹 𑘎𑘨𑘜𑘿𑘧𑘰𑘝 𑘁𑘩𑘰.,172
data/synthetic/images/line_0172_v034.png,पन्नास गावांचा सर्वे करण्यात आला.,𑘢𑘡𑘿𑘡𑘰𑘭 𑘐𑘰𑘪𑘰𑘽𑘓𑘰 𑘭𑘨𑘿𑘪𑘹 𑘎𑘨𑘜𑘿𑘧𑘰𑘝 𑘁𑘩𑘰.,172
data/synthetic/images/line_0172_v035.png,पन्नास गावांचा सर्वे करण्यात आला.,𑘢𑘡𑘿𑘡𑘰𑘭 𑘐𑘰𑘪𑘰𑘽𑘓𑘰 𑘭𑘨𑘿𑘪𑘹 𑘎𑘨𑘜𑘿𑘧𑘰𑘝 𑘁𑘩𑘰.,172
data/synthetic/images/line_0172_v036.png,पन्नास गावांचा सर्वे करण्यात आला.,𑘢𑘡𑘿𑘡𑘰𑘭 𑘐𑘰𑘪𑘰𑘽𑘓𑘰 𑘭𑘨𑘿𑘪𑘹 𑘎𑘨𑘜𑘿𑘧𑘰𑘝 𑘁𑘩𑘰.,172
data/synthetic/images/line_0172_v037.png,पन्नास गावांचा सर्वे करण्यात आला.,𑘢𑘡𑘿𑘡𑘰𑘭 𑘐𑘰𑘪𑘰𑘽𑘓𑘰 𑘭𑘨𑘿𑘪𑘹 𑘎𑘨𑘜𑘿𑘧𑘰𑘝 𑘁𑘩𑘰.,172
data/synthetic/images/line_0172_v038.png,पन्नास गावांचा सर्वे करण्यात आला.,𑘢𑘡𑘿𑘡𑘰𑘭 𑘐𑘰𑘪𑘰𑘽𑘓𑘰 𑘭𑘨𑘿𑘪𑘹 𑘎𑘨𑘜𑘿𑘧𑘰𑘝 𑘁𑘩𑘰.,172
data/synthetic/images/line_0172_v039.png,पन्नास गावांचा सर्वे करण्यात आला.,𑘢𑘡𑘿𑘡𑘰𑘭 𑘐𑘰𑘪𑘰𑘽𑘓𑘰 𑘭𑘨𑘿𑘪𑘹 𑘎𑘨𑘜𑘿𑘧𑘰𑘝 𑘁𑘩𑘰.,172
data/synthetic/images/line_0173_v000.png,गावाची लोकसंख्या पाच हजार आहे.,𑘐𑘰𑘪𑘰𑘓𑘲 𑘩𑘻𑘎𑘭𑘽𑘏𑘿𑘧𑘰 𑘢𑘰𑘓 𑘮𑘕𑘰𑘨 𑘁𑘮𑘹.,173
data/synthetic/images/line_0173_v001.png,गावाची लोकसंख्या पाच हजार आहे.,𑘐𑘰𑘪𑘰𑘓𑘲 𑘩𑘻𑘎𑘭𑘽𑘏𑘿𑘧𑘰 𑘢𑘰𑘓 𑘮𑘕𑘰𑘨 𑘁𑘮𑘹.,173
data/synthetic/images/line_0173_v002.png,गावाची लोकसंख्या पाच हजार आहे.,𑘐𑘰𑘪𑘰𑘓𑘲 𑘩𑘻𑘎𑘭𑘽𑘏𑘿𑘧𑘰 𑘢𑘰𑘓 𑘮𑘕𑘰𑘨 𑘁𑘮𑘹.,173
data/synthetic/images/line_0173_v003.png,गावाची लोकसंख्या पाच हजार आहे.,𑘐𑘰𑘪𑘰𑘓𑘲 𑘩𑘻𑘎𑘭𑘽𑘏𑘿𑘧𑘰 𑘢𑘰𑘓 𑘮𑘕𑘰𑘨 𑘁𑘮𑘹.,173
data/synthetic/images/line_0173_v004.png,गावाची लोकसंख्या पाच हजार आहे.,𑘐𑘰𑘪𑘰𑘓𑘲 𑘩𑘻𑘎𑘭𑘽𑘏𑘿𑘧𑘰 𑘢𑘰𑘓 𑘮𑘕𑘰𑘨 𑘁𑘮𑘹.,173
data/synthetic/images/line_0173_v005.png,गावाची लोकसंख्या पाच हजार आहे.,𑘐𑘰𑘪𑘰𑘓𑘲 𑘩𑘻𑘎𑘭𑘽𑘏𑘿𑘧𑘰 𑘢𑘰𑘓 𑘮𑘕𑘰𑘨 𑘁𑘮𑘹.,173
data/synthetic/images/line_0173_v006.png,गावाची लोकसंख्या पाच हजार आहे.,𑘐𑘰𑘪𑘰𑘓𑘲 𑘩𑘻𑘎𑘭𑘽𑘏𑘿𑘧𑘰 𑘢𑘰𑘓 𑘮𑘕𑘰𑘨 𑘁𑘮𑘹.,173
data/synthetic/images/line_0173_v007.png,गावाची लोकसंख्या पाच हजार आहे.,𑘐𑘰𑘪𑘰𑘓𑘲 𑘩𑘻𑘎𑘭𑘽𑘏𑘿𑘧𑘰 𑘢𑘰𑘓 𑘮𑘕𑘰𑘨 𑘁𑘮𑘹.,173
data/synthetic/images/line_0173_v008.png,गावाची लोकसंख्या पाच हजार आहे.,𑘐𑘰𑘪𑘰𑘓𑘲 𑘩𑘻𑘎𑘭𑘽𑘏𑘿𑘧𑘰 𑘢𑘰𑘓 𑘮𑘕𑘰𑘨 𑘁𑘮𑘹.,173
data/synthetic/images/line_0173_v009.png,गावाची लोकसंख्या पाच हजार आहे.,𑘐𑘰𑘪𑘰𑘓𑘲 𑘩𑘻𑘎𑘭𑘽𑘏𑘿𑘧𑘰 𑘢𑘰𑘓 𑘮𑘕𑘰𑘨 𑘁𑘮𑘹.,173
data/synthetic/images/line_0173_v010.png,गावाची लोकसंख्या पाच हजार आहे.,𑘐𑘰𑘪𑘰𑘓𑘲 𑘩𑘻𑘎𑘭𑘽𑘏𑘿𑘧𑘰 𑘢𑘰𑘓 𑘮𑘕𑘰𑘨 𑘁𑘮𑘹.,173
data/synthetic/images/line_0173_v011.png,गावाची लोकसंख्या पाच हजार आहे.,𑘐𑘰𑘪𑘰𑘓𑘲 𑘩𑘻𑘎𑘭𑘽𑘏𑘿𑘧𑘰 𑘢𑘰𑘓 𑘮𑘕𑘰𑘨 𑘁𑘮𑘹.,173
data/synthetic/images/line_0173_v012.png,गावाची लोकसंख्या पाच हजार आहे.,𑘐𑘰𑘪𑘰𑘓𑘲 𑘩𑘻𑘎𑘭𑘽𑘏𑘿𑘧𑘰 𑘢𑘰𑘓 𑘮𑘕𑘰𑘨 𑘁𑘮𑘹.,173
data/synthetic/images/line_0173_v013.png,गावाची लोकसंख्या पाच हजार आहे.,𑘐𑘰𑘪𑘰𑘓𑘲 𑘩𑘻𑘎𑘭𑘽𑘏𑘿𑘧𑘰 𑘢𑘰𑘓 𑘮𑘕𑘰𑘨 𑘁𑘮𑘹.,173
data/synthetic/images/line_0173_v014.png,गावाची लोकसंख्या पाच हजार आहे.,𑘐𑘰𑘪𑘰𑘓𑘲 𑘩𑘻𑘎𑘭𑘽𑘏𑘿𑘧𑘰 𑘢𑘰𑘓 𑘮𑘕𑘰𑘨 𑘁𑘮𑘹.,173
data/synthetic/images/line_0173_v015.png,गावाची लोकसंख्या पाच हजार आहे.,𑘐𑘰𑘪𑘰𑘓𑘲 𑘩𑘻𑘎𑘭𑘽𑘏𑘿𑘧𑘰 𑘢𑘰𑘓 𑘮𑘕𑘰𑘨 𑘁𑘮𑘹.,173
data/synthetic/images/line_0173_v016.png,गावाची लोकसंख्या पाच हजार आहे.,𑘐𑘰𑘪𑘰𑘓𑘲 𑘩𑘻𑘎𑘭𑘽𑘏𑘿𑘧𑘰 𑘢𑘰𑘓 𑘮𑘕𑘰𑘨 𑘁𑘮𑘹.,173
data/synthetic/images/line_0173_v017.png,गावाची लोकसंख्या पाच हजार आहे.,𑘐𑘰𑘪𑘰𑘓𑘲 𑘩𑘻𑘎𑘭𑘽𑘏𑘿𑘧𑘰 𑘢𑘰𑘓 𑘮𑘕𑘰𑘨 𑘁𑘮𑘹.,173
data/synthetic/images/line_0173_v018.png,गावाची लोकसंख्या पाच हजार आहे.,𑘐𑘰𑘪𑘰𑘓𑘲 𑘩𑘻𑘎𑘭𑘽𑘏𑘿𑘧𑘰 𑘢𑘰𑘓 𑘮𑘕𑘰𑘨 𑘁𑘮𑘹.,173
data/synthetic/images/line_0173_v019.png,गावाची लोकसंख्या पाच हजार आहे.,𑘐𑘰𑘪𑘰𑘓𑘲 𑘩𑘻𑘎𑘭𑘽𑘏𑘿𑘧𑘰 𑘢𑘰𑘓 𑘮𑘕𑘰𑘨 𑘁𑘮𑘹.,173
data/synthetic/images/line_0173_v020.png,गावाची लोकसंख्या पाच हजार आहे.,𑘐𑘰𑘪𑘰𑘓𑘲 𑘩𑘻𑘎𑘭𑘽𑘏𑘿𑘧𑘰 𑘢𑘰𑘓 𑘮𑘕𑘰𑘨 𑘁𑘮𑘹.,173
data/synthetic/images/line_0173_v021.png,गावाची लोकसंख्या पाच हजार आहे.,𑘐𑘰𑘪𑘰𑘓𑘲 𑘩𑘻𑘎𑘭𑘽𑘏𑘿𑘧𑘰 𑘢𑘰𑘓 𑘮𑘕𑘰𑘨 𑘁𑘮𑘹.,173
data/synthetic/images/line_0173_v022.png,गावाची लोकसंख्या पाच हजार आहे.,𑘐𑘰𑘪𑘰𑘓𑘲 𑘩𑘻𑘎𑘭𑘽𑘏𑘿𑘧𑘰 𑘢𑘰𑘓 𑘮𑘕𑘰𑘨 𑘁𑘮𑘹.,173
data/synthetic/images/line_0173_v023.png,गावाची लोकसंख्या पाच हजार आहे.,𑘐𑘰𑘪𑘰𑘓𑘲 𑘩𑘻𑘎𑘭𑘽𑘏𑘿𑘧𑘰 𑘢𑘰𑘓 𑘮𑘕𑘰𑘨 𑘁𑘮𑘹.,173
data/synthetic/images/line_0173_v024.png,गावाची लोकसंख्या पाच हजार आहे.,𑘐𑘰𑘪𑘰𑘓𑘲 𑘩𑘻𑘎𑘭𑘽𑘏𑘿𑘧𑘰 𑘢𑘰𑘓 𑘮𑘕𑘰𑘨 𑘁𑘮𑘹.,173
data/synthetic/images/line_0173_v025.png,गावाची लोकसंख्या पाच हजार आहे.,𑘐𑘰𑘪𑘰𑘓𑘲 𑘩𑘻𑘎𑘭𑘽𑘏𑘿𑘧𑘰 𑘢𑘰𑘓 𑘮𑘕𑘰𑘨 𑘁𑘮𑘹.,173
data/synthetic/images/line_0173_v026.png,गावाची लोकसंख्या पाच हजार आहे.,𑘐𑘰𑘪𑘰𑘓𑘲 𑘩𑘻𑘎𑘭𑘽𑘏𑘿𑘧𑘰 𑘢𑘰𑘓 𑘮𑘕𑘰𑘨 𑘁𑘮𑘹.,173
data/synthetic/images/line_0173_v027.png,गावाची लोकसंख्या पाच हजार आहे.,𑘐𑘰𑘪𑘰𑘓𑘲 𑘩𑘻𑘎𑘭𑘽𑘏𑘿𑘧𑘰 𑘢𑘰𑘓 𑘮𑘕𑘰𑘨 𑘁𑘮𑘹.,173
data/synthetic/images/line_0173_v028.png,गावाची लोकसंख्या पाच हजार आहे.,𑘐𑘰𑘪𑘰𑘓𑘲 𑘩𑘻𑘎𑘭𑘽𑘏𑘿𑘧𑘰 𑘢𑘰𑘓 𑘮𑘕𑘰𑘨 𑘁𑘮𑘹.,173
data/synthetic/images/line_0173_v029.png,गावाची लोकसंख्या पाच हजार आहे.,𑘐𑘰𑘪𑘰𑘓𑘲 𑘩𑘻𑘎𑘭𑘽𑘏𑘿𑘧𑘰 𑘢𑘰𑘓 𑘮𑘕𑘰𑘨 𑘁𑘮𑘹.,173
data/synthetic/images/line_0173_v030.png,गावाची लोकसंख्या पाच हजार आहे.,𑘐𑘰𑘪𑘰𑘓𑘲 𑘩𑘻𑘎𑘭𑘽𑘏𑘿𑘧𑘰 𑘢𑘰𑘓 𑘮𑘕𑘰𑘨 𑘁𑘮𑘹.,173
data/synthetic/images/line_0173_v031.png,गावाची लोकसंख्या पाच हजार आहे.,𑘐𑘰𑘪𑘰𑘓𑘲 𑘩𑘻𑘎𑘭𑘽𑘏𑘿𑘧𑘰 𑘢𑘰𑘓 𑘮𑘕𑘰𑘨 𑘁𑘮𑘹.,173
data/synthetic/images/line_0173_v032.png,गावाची लोकसंख्या पाच हजार आहे.,𑘐𑘰𑘪𑘰𑘓𑘲 𑘩𑘻𑘎𑘭𑘽𑘏𑘿𑘧𑘰 𑘢𑘰𑘓 𑘮𑘕𑘰𑘨 𑘁𑘮𑘹.,173
data/synthetic/images/line_0173_v033.png,गावाची लोकसंख्या पाच हजार आहे.,𑘐𑘰𑘪𑘰𑘓𑘲 𑘩𑘻𑘎𑘭𑘽𑘏𑘿𑘧𑘰 𑘢𑘰𑘓 𑘮𑘕𑘰𑘨 𑘁𑘮𑘹.,173
data/synthetic/images/line_0173_v034.png,गावाची लोकसंख्या पाच हजार आहे.,𑘐𑘰𑘪𑘰𑘓𑘲 𑘩𑘻𑘎𑘭𑘽𑘏𑘿𑘧𑘰 𑘢𑘰𑘓 𑘮𑘕𑘰𑘨 𑘁𑘮𑘹.,173
data/synthetic/images/line_0173_v035.png,गावाची लोकसंख्या पाच हजार आहे.,𑘐𑘰𑘪𑘰𑘓𑘲 𑘩𑘻𑘎𑘭𑘽𑘏𑘿𑘧𑘰 𑘢𑘰𑘓 𑘮𑘕𑘰𑘨 𑘁𑘮𑘹.,173
data/synthetic/images/line_0173_v036.png,गावाची लोकसंख्या पाच हजार आहे.,𑘐𑘰𑘪𑘰𑘓𑘲 𑘩𑘻𑘎𑘭𑘽𑘏𑘿𑘧𑘰 𑘢𑘰𑘓 𑘮𑘕𑘰𑘨 𑘁𑘮𑘹.,173
data/synthetic/images/line_0173_v037.png,गावाची लोकसंख्या पाच हजार आहे.,𑘐𑘰𑘪𑘰𑘓𑘲 𑘩𑘻𑘎𑘭𑘽𑘏𑘿𑘧𑘰 𑘢𑘰𑘓 𑘮𑘕𑘰𑘨 𑘁𑘮𑘹.,173
data/synthetic/images/line_0173_v038.png,गावाची लोकसंख्या पाच हजार आहे.,𑘐𑘰𑘪𑘰𑘓𑘲 𑘩𑘻𑘎𑘭𑘽𑘏𑘿𑘧𑘰 𑘢𑘰𑘓 𑘮𑘕𑘰𑘨 𑘁𑘮𑘹.,173
data/synthetic/images/line_0173_v039.png,गावाची लोकसंख्या पाच हजार आहे.,𑘐𑘰𑘪𑘰𑘓𑘲 𑘩𑘻𑘎𑘭𑘽𑘏𑘿𑘧𑘰 𑘢𑘰𑘓 𑘮𑘕𑘰𑘨 𑘁𑘮𑘹.,173
data/synthetic/images/line_0174_v000.png,शाळेत दोनशे विद्यार्थी शिकतात.,𑘫𑘰𑘯𑘹𑘝 𑘟𑘻𑘡𑘫𑘹 𑘪𑘱𑘟𑘿𑘧𑘰𑘨𑘿𑘞𑘲 𑘫𑘱𑘎𑘝𑘰𑘝.,174
data/synthetic/images/line_0174_v001.png,शाळेत दोनशे विद्यार्थी शिकतात.,𑘫𑘰𑘯𑘹𑘝 𑘟𑘻𑘡𑘫𑘹 𑘪𑘱𑘟𑘿𑘧𑘰𑘨𑘿𑘞𑘲 𑘫𑘱𑘎𑘝𑘰𑘝.,174
data/synthetic/images/line_0174_v002.png,शाळेत दोनशे विद्यार्थी शिकतात.,𑘫𑘰𑘯𑘹𑘝 𑘟𑘻𑘡𑘫𑘹 𑘪𑘱𑘟𑘿𑘧𑘰𑘨𑘿𑘞𑘲 𑘫𑘱𑘎𑘝𑘰𑘝.,174
data/synthetic/images/line_0174_v003.png,शाळेत दोनशे विद्यार्थी शिकतात.,𑘫𑘰𑘯𑘹𑘝 𑘟𑘻𑘡𑘫𑘹 𑘪𑘱𑘟𑘿𑘧𑘰𑘨𑘿𑘞𑘲 𑘫𑘱𑘎𑘝𑘰𑘝.,174
data/synthetic/images/line_0174_v004.png,शाळेत दोनशे विद्यार्थी शिकतात.,𑘫𑘰𑘯𑘹𑘝 𑘟𑘻𑘡𑘫𑘹 𑘪𑘱𑘟𑘿𑘧𑘰𑘨𑘿𑘞𑘲 𑘫𑘱𑘎𑘝𑘰𑘝.,174
data/synthetic/images/line_0174_v005.png,शाळेत दोनशे विद्यार्थी शिकतात.,𑘫𑘰𑘯𑘹𑘝 𑘟𑘻𑘡𑘫𑘹 𑘪𑘱𑘟𑘿𑘧𑘰𑘨𑘿𑘞𑘲 𑘫𑘱𑘎𑘝𑘰𑘝.,174
data/synthetic/images/line_0174_v006.png,शाळेत दोनशे विद्यार्थी शिकतात.,𑘫𑘰𑘯𑘹𑘝 𑘟𑘻𑘡𑘫𑘹 𑘪𑘱𑘟𑘿𑘧𑘰𑘨𑘿𑘞𑘲 𑘫𑘱𑘎𑘝𑘰𑘝.,174
data/synthetic/images/line_0174_v007.png,शाळेत दोनशे विद्यार्थी शिकतात.,𑘫𑘰𑘯𑘹𑘝 𑘟𑘻𑘡𑘫𑘹 𑘪𑘱𑘟𑘿𑘧𑘰𑘨𑘿𑘞𑘲 𑘫𑘱𑘎𑘝𑘰𑘝.,174
data/synthetic/images/line_0174_v008.png,शाळेत दोनशे विद्यार्थी शिकतात.,𑘫𑘰𑘯𑘹𑘝 𑘟𑘻𑘡𑘫𑘹 𑘪𑘱𑘟𑘿𑘧𑘰𑘨𑘿𑘞𑘲 𑘫𑘱𑘎𑘝𑘰𑘝.,174
data/synthetic/images/line_0174_v009.png,शाळेत दोनशे विद्यार्थी शिकतात.,𑘫𑘰𑘯𑘹𑘝 𑘟𑘻𑘡𑘫𑘹 𑘪𑘱𑘟𑘿𑘧𑘰𑘨𑘿𑘞𑘲 𑘫𑘱𑘎𑘝𑘰𑘝.,174
data/synthetic/images/line_0174_v010.png,शाळेत दोनशे विद्यार्थी शिकतात.,𑘫𑘰𑘯𑘹𑘝 𑘟𑘻𑘡𑘫𑘹 𑘪𑘱𑘟𑘿𑘧𑘰𑘨𑘿𑘞𑘲 𑘫𑘱𑘎𑘝𑘰𑘝.,174
data/synthetic/images/line_0174_v011.png,शाळेत दोनशे विद्यार्थी शिकतात.,𑘫𑘰𑘯𑘹𑘝 𑘟𑘻𑘡𑘫𑘹 𑘪𑘱𑘟𑘿𑘧𑘰𑘨𑘿𑘞𑘲 𑘫𑘱𑘎𑘝𑘰𑘝.,174
data/synthetic/images/line_0174_v012.png,शाळेत दोनशे विद्यार्थी शिकतात.,𑘫𑘰𑘯𑘹𑘝 𑘟𑘻𑘡𑘫𑘹 𑘪𑘱𑘟𑘿𑘧𑘰𑘨𑘿𑘞𑘲 𑘫𑘱𑘎𑘝𑘰𑘝.,174
data/synthetic/images/line_0174_v013.png,शाळेत दोनशे विद्यार्थी शिकतात.,𑘫𑘰𑘯𑘹𑘝 𑘟𑘻𑘡𑘫𑘹 𑘪𑘱𑘟𑘿𑘧𑘰𑘨𑘿𑘞𑘲 𑘫𑘱𑘎𑘝𑘰𑘝.,174
data/synthetic/images/line_0174_v014.png,शाळेत दोनशे विद्यार्थी शिकतात.,𑘫𑘰𑘯𑘹𑘝 𑘟𑘻𑘡𑘫𑘹 𑘪𑘱𑘟𑘿𑘧𑘰𑘨𑘿𑘞𑘲 𑘫𑘱𑘎𑘝𑘰𑘝.,174
data/synthetic/images/line_0174_v015.png,शाळेत दोनशे विद्यार्थी शिकतात.,𑘫𑘰𑘯𑘹𑘝 𑘟𑘻𑘡𑘫𑘹 𑘪𑘱𑘟𑘿𑘧𑘰𑘨𑘿𑘞𑘲 𑘫𑘱𑘎𑘝𑘰𑘝.,174
data/synthetic/images/line_0174_v016.png,शाळेत दोनशे विद्यार्थी शिकतात.,𑘫𑘰𑘯𑘹𑘝 𑘟𑘻𑘡𑘫𑘹 𑘪𑘱𑘟𑘿𑘧𑘰𑘨𑘿𑘞𑘲 𑘫𑘱𑘎𑘝𑘰𑘝.,174
data/synthetic/images/line_0174_v017.png,शाळेत दोनशे विद्यार्थी शिकतात.,𑘫𑘰𑘯𑘹𑘝 𑘟𑘻𑘡𑘫𑘹 𑘪𑘱𑘟𑘿𑘧𑘰𑘨𑘿𑘞𑘲 𑘫𑘱𑘎𑘝𑘰𑘝.,174
data/synthetic/images/line_0174_v018.png,शाळेत दोनशे विद्यार्थी शिकतात.,𑘫𑘰𑘯𑘹𑘝 𑘟𑘻𑘡𑘫𑘹 𑘪𑘱𑘟𑘿𑘧𑘰𑘨𑘿𑘞𑘲 𑘫𑘱𑘎𑘝𑘰𑘝.,174
data/synthetic/images/line_0174_v019.png,शाळेत दोनशे विद्यार्थी शिकतात.,𑘫𑘰𑘯𑘹𑘝 𑘟𑘻𑘡𑘫𑘹 𑘪𑘱𑘟𑘿𑘧𑘰𑘨𑘿𑘞𑘲 𑘫𑘱𑘎𑘝𑘰𑘝.,174
data/synthetic/images/line_0174_v020.png,शाळेत दोनशे विद्यार्थी शिकतात.,𑘫𑘰𑘯𑘹𑘝 𑘟𑘻𑘡𑘫𑘹 𑘪𑘱𑘟𑘿𑘧𑘰𑘨𑘿𑘞𑘲 𑘫𑘱𑘎𑘝𑘰𑘝.,174
data/synthetic/images/line_0174_v021.png,शाळेत दोनशे विद्यार्थी शिकतात.,𑘫𑘰𑘯𑘹𑘝 𑘟𑘻𑘡𑘫𑘹 𑘪𑘱𑘟𑘿𑘧𑘰𑘨𑘿𑘞𑘲 𑘫𑘱𑘎𑘝𑘰𑘝.,174
data/synthetic/images/line_0174_v022.png,शाळेत दोनशे विद्यार्थी शिकतात.,𑘫𑘰𑘯𑘹𑘝 𑘟𑘻𑘡𑘫𑘹 𑘪𑘱𑘟𑘿𑘧𑘰𑘨𑘿𑘞𑘲 𑘫𑘱𑘎𑘝𑘰𑘝.,174
data/synthetic/images/line_0174_v023.png,शाळेत दोनशे विद्यार्थी शिकतात.,𑘫𑘰𑘯𑘹𑘝 𑘟𑘻𑘡𑘫𑘹 𑘪𑘱𑘟𑘿𑘧𑘰𑘨𑘿𑘞𑘲 𑘫𑘱𑘎𑘝𑘰𑘝.,174
data/synthetic/images/line_0174_v024.png,शाळेत दोनशे विद्यार्थी शिकतात.,𑘫𑘰𑘯𑘹𑘝 𑘟𑘻𑘡𑘫𑘹 𑘪𑘱𑘟𑘿𑘧𑘰𑘨𑘿𑘞𑘲 𑘫𑘱𑘎𑘝𑘰𑘝.,174
data/synthetic/images/line_0174_v025.png,शाळेत दोनशे विद्यार्थी शिकतात.,𑘫𑘰𑘯𑘹𑘝 𑘟𑘻𑘡𑘫𑘹 𑘪𑘱𑘟𑘿𑘧𑘰𑘨𑘿𑘞𑘲 𑘫𑘱𑘎𑘝𑘰𑘝.,174
data/synthetic/images/line_0174_v026.png,शाळेत दोनशे विद्यार्थी शिकतात.,𑘫𑘰𑘯𑘹𑘝 𑘟𑘻𑘡𑘫𑘹 𑘪𑘱𑘟𑘿𑘧𑘰𑘨𑘿𑘞𑘲 𑘫𑘱𑘎𑘝𑘰𑘝.,174
data/synthetic/images/line_0174_v027.png,शाळेत दोनशे विद्यार्थी शिकतात.,𑘫𑘰𑘯𑘹𑘝 𑘟𑘻𑘡𑘫𑘹 𑘪𑘱𑘟𑘿𑘧𑘰𑘨𑘿𑘞𑘲 𑘫𑘱𑘎𑘝𑘰𑘝.,174
data/synthetic/images/line_0174_v028.png,शाळेत दोनशे विद्यार्थी शिकतात.,𑘫𑘰𑘯𑘹𑘝 𑘟𑘻𑘡𑘫𑘹 𑘪𑘱𑘟𑘿𑘧𑘰𑘨𑘿𑘞𑘲 𑘫𑘱𑘎𑘝𑘰𑘝.,174
data/synthetic/images/line_0174_v029.png,शाळेत दोनशे विद्यार्थी शिकतात.,𑘫𑘰𑘯𑘹𑘝 𑘟𑘻𑘡𑘫𑘹 𑘪𑘱𑘟𑘿𑘧𑘰𑘨𑘿𑘞𑘲 𑘫𑘱𑘎𑘝𑘰𑘝.,174
data/synthetic/images/line_0174_v030.png,शाळेत दोनशे विद्यार्थी शिकतात.,𑘫𑘰𑘯𑘹𑘝 𑘟𑘻𑘡𑘫𑘹 𑘪𑘱𑘟𑘿𑘧𑘰𑘨𑘿𑘞𑘲 𑘫𑘱𑘎𑘝𑘰𑘝.,174
data/synthetic/images/line_0174_v031.png,शाळेत दोनशे विद्यार्थी शिकतात.,𑘫𑘰𑘯𑘹𑘝 𑘟𑘻𑘡𑘫𑘹 𑘪𑘱𑘟𑘿𑘧𑘰𑘨𑘿𑘞𑘲 𑘫𑘱𑘎𑘝𑘰𑘝.,174
data/synthetic/images/line_0174_v032.png,शाळेत दोनशे विद्यार्थी शिकतात.,𑘫𑘰𑘯𑘹𑘝 𑘟𑘻𑘡𑘫𑘹 𑘪𑘱𑘟𑘿𑘧𑘰𑘨𑘿𑘞𑘲 𑘫𑘱𑘎𑘝𑘰𑘝.,174
data/synthetic/images/line_0174_v033.png,शाळेत दोनशे विद्यार्थी शिकतात.,𑘫𑘰𑘯𑘹𑘝 𑘟𑘻𑘡𑘫𑘹 𑘪𑘱𑘟𑘿𑘧𑘰𑘨𑘿𑘞𑘲 𑘫𑘱𑘎𑘝𑘰𑘝.,174
data/synthetic/images/line_0174_v034.png,शाळेत दोनशे विद्यार्थी शिकतात.,𑘫𑘰𑘯𑘹𑘝 𑘟𑘻𑘡𑘫𑘹 𑘪𑘱𑘟𑘿𑘧𑘰𑘨𑘿𑘞𑘲 𑘫𑘱𑘎𑘝𑘰𑘝.,174
data/synthetic/images/line_0174_v035.png,शाळेत दोनशे विद्यार्थी शिकतात.,𑘫𑘰𑘯𑘹𑘝 𑘟𑘻𑘡𑘫𑘹 𑘪𑘱𑘟𑘿𑘧𑘰𑘨𑘿𑘞𑘲 𑘫𑘱𑘎𑘝𑘰𑘝.,174
data/synthetic/images/line_0174_v036.png,शाळेत दोनशे विद्यार्थी शिकतात.,𑘫𑘰𑘯𑘹𑘝 𑘟𑘻𑘡𑘫𑘹 𑘪𑘱𑘟𑘿𑘧𑘰𑘨𑘿𑘞𑘲 𑘫𑘱𑘎𑘝𑘰𑘝.,174
data/synthetic/images/line_0174_v037.png,शाळेत दोनशे विद्यार्थी शिकतात.,𑘫𑘰𑘯𑘹𑘝 𑘟𑘻𑘡𑘫𑘹 𑘪𑘱𑘟𑘿𑘧𑘰𑘨𑘿𑘞𑘲 𑘫𑘱𑘎𑘝𑘰𑘝.,174
data/synthetic/images/line_0174_v038.png,शाळेत दोनशे विद्यार्थी शिकतात.,𑘫𑘰𑘯𑘹𑘝 𑘟𑘻𑘡𑘫𑘹 𑘪𑘱𑘟𑘿𑘧𑘰𑘨𑘿𑘞𑘲 𑘫𑘱𑘎𑘝𑘰𑘝.,174
data/synthetic/images/line_0174_v039.png,शाळेत दोनशे विद्यार्थी शिकतात.,𑘫𑘰𑘯𑘹𑘝 𑘟𑘻𑘡𑘫𑘹 𑘪𑘱𑘟𑘿𑘧𑘰𑘨𑘿𑘞𑘲 𑘫𑘱𑘎𑘝𑘰𑘝.,174
data/synthetic/images/line_0175_v000.png,या वर्षी दहा नवीन शिक्षक रुजू झाले.,𑘧𑘰 𑘪𑘨𑘿𑘬𑘲 𑘟𑘮𑘰 𑘡𑘪𑘲𑘡 𑘫𑘱𑘎𑘿𑘬𑘎 𑘨𑘳𑘕𑘴 𑘖𑘰𑘩𑘹.,175
data/synthetic/images/line_0175_v001.png,या वर्षी दहा नवीन शिक्षक रुजू झाले.,𑘧𑘰 𑘪𑘨𑘿𑘬𑘲 𑘟𑘮𑘰 𑘡𑘪𑘲𑘡 𑘫𑘱𑘎𑘿𑘬𑘎 𑘨𑘳𑘕𑘴 𑘖𑘰𑘩𑘹.,175
data/synthetic/images/line_0175_v002.png,या वर्षी दहा नवीन शिक्षक रुजू झाले.,𑘧𑘰 𑘪𑘨𑘿𑘬𑘲 𑘟𑘮𑘰 𑘡𑘪𑘲𑘡 𑘫𑘱𑘎𑘿𑘬𑘎 𑘨𑘳𑘕𑘴 𑘖𑘰𑘩𑘹.,175
data/synthetic/images/line_0175_v003.png,या वर्षी दहा नवीन शिक्षक रुजू झाले.,𑘧𑘰 𑘪𑘨𑘿𑘬𑘲 𑘟𑘮𑘰 𑘡𑘪𑘲𑘡 𑘫𑘱𑘎𑘿𑘬𑘎 𑘨𑘳𑘕𑘴 𑘖𑘰𑘩𑘹.,175
data/synthetic/images/line_0175_v004.png,या वर्षी दहा नवीन शिक्षक रुजू झाले.,𑘧𑘰 𑘪𑘨𑘿𑘬𑘲 𑘟𑘮𑘰 𑘡𑘪𑘲𑘡 𑘫𑘱𑘎𑘿𑘬𑘎 𑘨𑘳𑘕𑘴 𑘖𑘰𑘩𑘹.,175
data/synthetic/images/line_0175_v005.png,या वर्षी दहा नवीन शिक्षक रुजू झाले.,𑘧𑘰 𑘪𑘨𑘿𑘬𑘲 𑘟𑘮𑘰 𑘡𑘪𑘲𑘡 𑘫𑘱𑘎𑘿𑘬𑘎 𑘨𑘳𑘕𑘴 𑘖𑘰𑘩𑘹.,175
data/synthetic/images/line_0175_v006.png,या वर्षी दहा नवीन शिक्षक रुजू झाले.,𑘧𑘰 𑘪𑘨𑘿𑘬𑘲 𑘟𑘮𑘰 𑘡𑘪𑘲𑘡 𑘫𑘱𑘎𑘿𑘬𑘎 𑘨𑘳𑘕𑘴 𑘖𑘰𑘩𑘹.,175
data/synthetic/images/line_0175_v007.png,या वर्षी दहा नवीन शिक्षक रुजू झाले.,𑘧𑘰 𑘪𑘨𑘿𑘬𑘲 𑘟𑘮𑘰 𑘡𑘪𑘲𑘡 𑘫𑘱𑘎𑘿𑘬𑘎 𑘨𑘳𑘕𑘴 𑘖𑘰𑘩𑘹.,175
data/synthetic/images/line_0175_v008.png,या वर्षी दहा नवीन शिक्षक रुजू झाले.,𑘧𑘰 𑘪𑘨𑘿𑘬𑘲 𑘟𑘮𑘰 𑘡𑘪𑘲𑘡 𑘫𑘱𑘎𑘿𑘬𑘎 𑘨𑘳𑘕𑘴 𑘖𑘰𑘩𑘹.,175
data/synthetic/images/line_0175_v009.png,या वर्षी दहा नवीन शिक्षक रुजू झाले.,𑘧𑘰 𑘪𑘨𑘿𑘬𑘲 𑘟𑘮𑘰 𑘡𑘪𑘲𑘡 𑘫𑘱𑘎𑘿𑘬𑘎 𑘨𑘳𑘕𑘴 𑘖𑘰𑘩𑘹.,175
data/synthetic/images/line_0175_v010.png,या वर्षी दहा नवीन शिक्षक रुजू झाले.,𑘧𑘰 𑘪𑘨𑘿𑘬𑘲 𑘟𑘮𑘰 𑘡𑘪𑘲𑘡 𑘫𑘱𑘎𑘿𑘬𑘎 𑘨𑘳𑘕𑘴 𑘖𑘰𑘩𑘹.,175
data/synthetic/images/line_0175_v011.png,या वर्षी दहा नवीन शिक्षक रुजू झाले.,𑘧𑘰 𑘪𑘨𑘿𑘬𑘲 𑘟𑘮𑘰 𑘡𑘪𑘲𑘡 𑘫𑘱𑘎𑘿𑘬𑘎 𑘨𑘳𑘕𑘴 𑘖𑘰𑘩𑘹.,175
data/synthetic/images/line_0175_v012.png,या वर्षी दहा नवीन शिक्षक रुजू झाले.,𑘧𑘰 𑘪𑘨𑘿𑘬𑘲 𑘟𑘮𑘰 𑘡𑘪𑘲𑘡 𑘫𑘱𑘎𑘿𑘬𑘎 𑘨𑘳𑘕𑘴 𑘖𑘰𑘩𑘹.,175
data/synthetic/images/line_0175_v013.png,या वर्षी दहा नवीन शिक्षक रुजू झाले.,𑘧𑘰 𑘪𑘨𑘿𑘬𑘲 𑘟𑘮𑘰 𑘡𑘪𑘲𑘡 𑘫𑘱𑘎𑘿𑘬𑘎 𑘨𑘳𑘕𑘴 𑘖𑘰𑘩𑘹.,175
data/synthetic/images/line_0175_v014.png,या वर्षी दहा नवीन शिक्षक रुजू झाले.,𑘧𑘰 𑘪𑘨𑘿𑘬𑘲 𑘟𑘮𑘰 𑘡𑘪𑘲𑘡 𑘫𑘱𑘎𑘿𑘬𑘎 𑘨𑘳𑘕𑘴 𑘖𑘰𑘩𑘹.,175
data/synthetic/images/line_0175_v015.png,या वर्षी दहा नवीन शिक्षक रुजू झाले.,𑘧𑘰 𑘪𑘨𑘿𑘬𑘲 𑘟𑘮𑘰 𑘡𑘪𑘲𑘡 𑘫𑘱𑘎𑘿𑘬𑘎 𑘨𑘳𑘕𑘴 𑘖𑘰𑘩𑘹.,175
data/synthetic/images/line_0175_v016.png,या वर्षी दहा नवीन शिक्षक रुजू झाले.,𑘧𑘰 𑘪𑘨𑘿𑘬𑘲 𑘟𑘮𑘰 𑘡𑘪𑘲𑘡 𑘫𑘱𑘎𑘿𑘬𑘎 𑘨𑘳𑘕𑘴 𑘖𑘰𑘩𑘹.,175
data/synthetic/images/line_0175_v017.png,या वर्षी दहा नवीन शिक्षक रुजू झाले.,𑘧𑘰 𑘪𑘨𑘿𑘬𑘲 𑘟𑘮𑘰 𑘡𑘪𑘲𑘡 𑘫𑘱𑘎𑘿𑘬𑘎 𑘨𑘳𑘕𑘴 𑘖𑘰𑘩𑘹.,175
data/synthetic/images/line_0175_v018.png,या वर्षी दहा नवीन शिक्षक रुजू झाले.,𑘧𑘰 𑘪𑘨𑘿𑘬𑘲 𑘟𑘮𑘰 𑘡𑘪𑘲𑘡 𑘫𑘱𑘎𑘿𑘬𑘎 𑘨𑘳𑘕𑘴 𑘖𑘰𑘩𑘹.,175
data/synthetic/images/line_0175_v019.png,या वर्षी दहा नवीन शिक्षक रुजू झाले.,𑘧𑘰 𑘪𑘨𑘿𑘬𑘲 𑘟𑘮𑘰 𑘡𑘪𑘲𑘡 𑘫𑘱𑘎𑘿𑘬𑘎 𑘨𑘳𑘕𑘴 𑘖𑘰𑘩𑘹.,175
data/synthetic/images/line_0175_v020.png,या वर्षी दहा नवीन शिक्षक रुजू झाले.,𑘧𑘰 𑘪𑘨𑘿𑘬𑘲 𑘟𑘮𑘰 𑘡𑘪𑘲𑘡 𑘫𑘱𑘎𑘿𑘬𑘎 𑘨𑘳𑘕𑘴 𑘖𑘰𑘩𑘹.,175
data/synthetic/images/line_0175_v021.png,या वर्षी दहा नवीन शिक्षक रुजू झाले.,𑘧𑘰 𑘪𑘨𑘿𑘬𑘲 𑘟𑘮𑘰 𑘡𑘪𑘲𑘡 𑘫𑘱𑘎𑘿𑘬𑘎 𑘨𑘳𑘕𑘴 𑘖𑘰𑘩𑘹.,175
data/synthetic/images/line_0175_v022.png,या वर्षी दहा नवीन शिक्षक रुजू झाले.,𑘧𑘰 𑘪𑘨𑘿𑘬𑘲 𑘟𑘮𑘰 𑘡𑘪𑘲𑘡 𑘫𑘱𑘎𑘿𑘬𑘎 𑘨𑘳𑘕𑘴 𑘖𑘰𑘩𑘹.,175
data/synthetic/images/line_0175_v023.png,या वर्षी दहा नवीन शिक्षक रुजू झाले.,𑘧𑘰 𑘪𑘨𑘿𑘬𑘲 𑘟𑘮𑘰 𑘡𑘪𑘲𑘡 𑘫𑘱𑘎𑘿𑘬𑘎 𑘨𑘳𑘕𑘴 𑘖𑘰𑘩𑘹.,175
data/synthetic/images/line_0175_v024.png,या वर्षी दहा नवीन शिक्षक रुजू झाले.,𑘧𑘰 𑘪𑘨𑘿𑘬𑘲 𑘟𑘮𑘰 𑘡𑘪𑘲𑘡 𑘫𑘱𑘎𑘿𑘬𑘎 𑘨𑘳𑘕𑘴 𑘖𑘰𑘩𑘹.,175
data/synthetic/images/line_0175_v025.png,या वर्षी दहा नवीन शिक्षक रुजू झाले.,𑘧𑘰 𑘪𑘨𑘿𑘬𑘲 𑘟𑘮𑘰 𑘡𑘪𑘲𑘡 𑘫𑘱𑘎𑘿𑘬𑘎 𑘨𑘳𑘕𑘴 𑘖𑘰𑘩𑘹.,175
data/synthetic/images/line_0175_v026.png,या वर्षी दहा नवीन शिक्षक रुजू झाले.,𑘧𑘰 𑘪𑘨𑘿𑘬𑘲 𑘟𑘮𑘰 𑘡𑘪𑘲𑘡 𑘫𑘱𑘎𑘿𑘬𑘎 𑘨𑘳𑘕𑘴 𑘖𑘰𑘩𑘹.,175
data/synthetic/images/line_0175_v027.png,या वर्षी दहा नवीन शिक्षक रुजू झाले.,𑘧𑘰 𑘪𑘨𑘿𑘬𑘲 𑘟𑘮𑘰 𑘡𑘪𑘲𑘡 𑘫𑘱𑘎𑘿𑘬𑘎 𑘨𑘳𑘕𑘴 𑘖𑘰𑘩𑘹.,175
data/synthetic/images/line_0175_v028.png,या वर्षी दहा नवीन शिक्षक रुजू झाले.,𑘧𑘰 𑘪𑘨𑘿𑘬𑘲 𑘟𑘮𑘰 𑘡𑘪𑘲𑘡 𑘫𑘱𑘎𑘿𑘬𑘎 𑘨𑘳𑘕𑘴 𑘖𑘰𑘩𑘹.,175
data/synthetic/images/line_0175_v029.png,या वर्षी दहा नवीन शिक्षक रुजू झाले.,𑘧𑘰 𑘪𑘨𑘿𑘬𑘲 𑘟𑘮𑘰 𑘡𑘪𑘲𑘡 𑘫𑘱𑘎𑘿𑘬𑘎 𑘨𑘳𑘕𑘴 𑘖𑘰𑘩𑘹.,175
data/synthetic/images/line_0175_v030.png,या वर्षी दहा नवीन शिक्षक रुजू झाले.,𑘧𑘰 𑘪𑘨𑘿𑘬𑘲 𑘟𑘮𑘰 𑘡𑘪𑘲𑘡 𑘫𑘱𑘎𑘿𑘬𑘎 𑘨𑘳𑘕𑘴 𑘖𑘰𑘩𑘹.,175
data/synthetic/images/line_0175_v031.png,या वर्षी दहा नवीन शिक्षक रुजू झाले.,𑘧𑘰 𑘪𑘨𑘿𑘬𑘲 𑘟𑘮𑘰 𑘡𑘪𑘲𑘡 𑘫𑘱𑘎𑘿𑘬𑘎 𑘨𑘳𑘕𑘴 𑘖𑘰𑘩𑘹.,175
data/synthetic/images/line_0175_v032.png,या वर्षी दहा नवीन शिक्षक रुजू झाले.,𑘧𑘰 𑘪𑘨𑘿𑘬𑘲 𑘟𑘮𑘰 𑘡𑘪𑘲𑘡 𑘫𑘱𑘎𑘿𑘬𑘎 𑘨𑘳𑘕𑘴 𑘖𑘰𑘩𑘹.,175
data/synthetic/images/line_0175_v033.png,या वर्षी दहा नवीन शिक्षक रुजू झाले.,𑘧𑘰 𑘪𑘨𑘿𑘬𑘲 𑘟𑘮𑘰 𑘡𑘪𑘲𑘡 𑘫𑘱𑘎𑘿𑘬𑘎 𑘨𑘳𑘕𑘴 𑘖𑘰𑘩𑘹.,175
data/synthetic/images/line_0175_v034.png,या वर्षी दहा नवीन शिक्षक रुजू झाले.,𑘧𑘰 𑘪𑘨𑘿𑘬𑘲 𑘟𑘮𑘰 𑘡𑘪𑘲𑘡 𑘫𑘱𑘎𑘿𑘬𑘎 𑘨𑘳𑘕𑘴 𑘖𑘰𑘩𑘹.,175
data/synthetic/images/line_0175_v035.png,या वर्षी दहा नवीन शिक्षक रुजू झाले.,𑘧𑘰 𑘪𑘨𑘿𑘬𑘲 𑘟𑘮𑘰 𑘡𑘪𑘲𑘡 𑘫𑘱𑘎𑘿𑘬𑘎 𑘨𑘳𑘕𑘴 𑘖𑘰𑘩𑘹.,175
data/synthetic/images/line_0175_v036.png,या वर्षी दहा नवीन शिक्षक रुजू झाले.,𑘧𑘰 𑘪𑘨𑘿𑘬𑘲 𑘟𑘮𑘰 𑘡𑘪𑘲𑘡 𑘫𑘱𑘎𑘿𑘬𑘎 𑘨𑘳𑘕𑘴 𑘖𑘰𑘩𑘹.,175
data/synthetic/images/line_0175_v037.png,या वर्षी दहा नवीन शिक्षक रुजू झाले.,𑘧𑘰 𑘪𑘨𑘿𑘬𑘲 𑘟𑘮𑘰 𑘡𑘪𑘲𑘡 𑘫𑘱𑘎𑘿𑘬𑘎 𑘨𑘳𑘕𑘴 𑘖𑘰𑘩𑘹.,175
data/synthetic/images/line_0175_v038.png,या वर्षी दहा नवीन शिक्षक रुजू झाले.,𑘧𑘰 𑘪𑘨𑘿𑘬𑘲 𑘟𑘮𑘰 𑘡𑘪𑘲𑘡 𑘫𑘱𑘎𑘿𑘬𑘎 𑘨𑘳𑘕𑘴 𑘖𑘰𑘩𑘹.,175
data/synthetic/images/line_0175_v039.png,या वर्षी दहा नवीन शिक्षक रुजू झाले.,𑘧𑘰 𑘪𑘨𑘿𑘬𑘲 𑘟𑘮𑘰 𑘡𑘪𑘲𑘡 𑘫𑘱𑘎𑘿𑘬𑘎 𑘨𑘳𑘕𑘴 𑘖𑘰𑘩𑘹.,175
data/synthetic/images/line_0176_v000.png,कार्यक्रमाला तीस मान्यवर उपस्थित होते.,𑘎𑘰𑘨𑘿𑘧𑘎𑘿𑘨𑘦𑘰𑘩𑘰 𑘝𑘲𑘭 𑘦𑘰𑘡𑘿𑘧𑘪𑘨 𑘄𑘢𑘭𑘿𑘞𑘱𑘝 𑘮𑘻𑘝𑘹.,176
data/synthetic/images/line_0176_v001.png,कार्यक्रमाला तीस मान्यवर उपस्थित होते.,𑘎𑘰𑘨𑘿𑘧𑘎𑘿𑘨𑘦𑘰𑘩𑘰 𑘝𑘲𑘭 𑘦𑘰𑘡𑘿𑘧𑘪𑘨 𑘄𑘢𑘭𑘿𑘞𑘱𑘝 𑘮𑘻𑘝𑘹.,176
data/synthetic/images/line_0176_v002.png,कार्यक्रमाला तीस मान्यवर उपस्थित होते.,𑘎𑘰𑘨𑘿𑘧𑘎𑘿𑘨𑘦𑘰𑘩𑘰 𑘝𑘲𑘭 𑘦𑘰𑘡𑘿𑘧𑘪𑘨 𑘄𑘢𑘭𑘿𑘞𑘱𑘝 𑘮𑘻𑘝𑘹.,176
data/synthetic/images/line_0176_v003.png,कार्यक्रमाला तीस मान्यवर उपस्थित होते.,𑘎𑘰𑘨𑘿𑘧𑘎𑘿𑘨𑘦𑘰𑘩𑘰 𑘝𑘲𑘭 𑘦𑘰𑘡𑘿𑘧𑘪𑘨 𑘄𑘢𑘭𑘿𑘞𑘱𑘝 𑘮𑘻𑘝𑘹.,176
data/synthetic/images/line_0176_v004.png,कार्यक्रमाला तीस मान्यवर उपस्थित होते.,𑘎𑘰𑘨𑘿𑘧𑘎𑘿𑘨𑘦𑘰𑘩𑘰 𑘝𑘲𑘭 𑘦𑘰𑘡𑘿𑘧𑘪𑘨 𑘄𑘢𑘭𑘿𑘞𑘱𑘝 𑘮𑘻𑘝𑘹.,176
data/synthetic/images/line_0176_v005.png,कार्यक्रमाला तीस मान्यवर उपस्थित होते.,𑘎𑘰𑘨𑘿𑘧𑘎𑘿𑘨𑘦𑘰𑘩𑘰 𑘝𑘲𑘭 𑘦𑘰𑘡𑘿𑘧𑘪𑘨 𑘄𑘢𑘭𑘿𑘞𑘱𑘝 𑘮𑘻𑘝𑘹.,176
data/synthetic/images/line_0176_v006.png,कार्यक्रमाला तीस मान्यवर उपस्थित होते.,𑘎𑘰𑘨𑘿𑘧𑘎𑘿𑘨𑘦𑘰𑘩𑘰 𑘝𑘲𑘭 𑘦𑘰𑘡𑘿𑘧𑘪𑘨 𑘄𑘢𑘭𑘿𑘞𑘱𑘝 𑘮𑘻𑘝𑘹.,176
data/synthetic/images/line_0176_v007.png,कार्यक्रमाला तीस मान्यवर उपस्थित होते.,𑘎𑘰𑘨𑘿𑘧𑘎𑘿𑘨𑘦𑘰𑘩𑘰 𑘝𑘲𑘭 𑘦𑘰𑘡𑘿𑘧𑘪𑘨 𑘄𑘢𑘭𑘿𑘞𑘱𑘝 𑘮𑘻𑘝𑘹.,176
data/synthetic/images/line_0176_v008.png,कार्यक्रमाला तीस मान्यवर उपस्थित होते.,𑘎𑘰𑘨𑘿𑘧𑘎𑘿𑘨𑘦𑘰𑘩𑘰 𑘝𑘲𑘭 𑘦𑘰𑘡𑘿𑘧𑘪𑘨 𑘄𑘢𑘭𑘿𑘞𑘱𑘝 𑘮𑘻𑘝𑘹.,176
data/synthetic/images/line_0176_v009.png,कार्यक्रमाला तीस मान्यवर उपस्थित होते.,𑘎𑘰𑘨𑘿𑘧𑘎𑘿𑘨𑘦𑘰𑘩𑘰 𑘝𑘲𑘭 𑘦𑘰𑘡𑘿𑘧𑘪𑘨 𑘄𑘢𑘭𑘿𑘞𑘱𑘝 𑘮𑘻𑘝𑘹.,176
data/synthetic/images/line_0176_v010.png,कार्यक्रमाला तीस मान्यवर उपस्थित होते.,𑘎𑘰𑘨𑘿𑘧𑘎𑘿𑘨𑘦𑘰𑘩𑘰 𑘝𑘲𑘭 𑘦𑘰𑘡𑘿𑘧𑘪𑘨 𑘄𑘢𑘭𑘿𑘞𑘱𑘝 𑘮𑘻𑘝𑘹.,176
data/synthetic/images/line_0176_v011.png,कार्यक्रमाला तीस मान्यवर उपस्थित होते.,𑘎𑘰𑘨𑘿𑘧𑘎𑘿𑘨𑘦𑘰𑘩𑘰 𑘝𑘲𑘭 𑘦𑘰𑘡𑘿𑘧𑘪𑘨 𑘄𑘢𑘭𑘿𑘞𑘱𑘝 𑘮𑘻𑘝𑘹.,176
data/synthetic/images/line_0176_v012.png,कार्यक्रमाला तीस मान्यवर उपस्थित होते.,𑘎𑘰𑘨𑘿𑘧𑘎𑘿𑘨𑘦𑘰𑘩𑘰 𑘝𑘲𑘭 𑘦𑘰𑘡𑘿𑘧𑘪𑘨 𑘄𑘢𑘭𑘿𑘞𑘱𑘝 𑘮𑘻𑘝𑘹.,176
data/synthetic/images/line_0176_v013.png,कार्यक्रमाला तीस मान्यवर उपस्थित होते.,𑘎𑘰𑘨𑘿𑘧𑘎𑘿𑘨𑘦𑘰𑘩𑘰 𑘝𑘲𑘭 𑘦𑘰𑘡𑘿𑘧𑘪𑘨 𑘄𑘢𑘭𑘿𑘞𑘱𑘝 𑘮𑘻𑘝𑘹.,176
data/synthetic/images/line_0176_v014.png,कार्यक्रमाला तीस मान्यवर उपस्थित होते.,𑘎𑘰𑘨𑘿𑘧𑘎𑘿𑘨𑘦𑘰𑘩𑘰 𑘝𑘲𑘭 𑘦𑘰𑘡𑘿𑘧𑘪𑘨 𑘄𑘢𑘭𑘿𑘞𑘱𑘝 𑘮𑘻𑘝𑘹.,176
data/synthetic/images/line_0176_v015.png,कार्यक्रमाला तीस मान्यवर उपस्थित होते.,𑘎𑘰𑘨𑘿𑘧𑘎𑘿𑘨𑘦𑘰𑘩𑘰 𑘝𑘲𑘭 𑘦𑘰𑘡𑘿𑘧𑘪𑘨 𑘄𑘢𑘭𑘿𑘞𑘱𑘝 𑘮𑘻𑘝𑘹.,176
data/synthetic/images/line_0176_v016.png,कार्यक्रमाला तीस मान्यवर उपस्थित होते.,𑘎𑘰𑘨𑘿𑘧𑘎𑘿𑘨𑘦𑘰𑘩𑘰 𑘝𑘲𑘭 𑘦𑘰𑘡𑘿𑘧𑘪𑘨 𑘄𑘢𑘭𑘿𑘞𑘱𑘝 𑘮𑘻𑘝𑘹.,176
data/synthetic/images/line_0176_v017.png,कार्यक्रमाला तीस मान्यवर उपस्थित होते.,𑘎𑘰𑘨𑘿𑘧𑘎𑘿𑘨𑘦𑘰𑘩𑘰 𑘝𑘲𑘭 𑘦𑘰𑘡𑘿𑘧𑘪𑘨 𑘄𑘢𑘭𑘿𑘞𑘱𑘝 𑘮𑘻𑘝𑘹.,176
data/synthetic/images/line_0176_v018.png,कार्यक्रमाला तीस मान्यवर उपस्थित होते.,𑘎𑘰𑘨𑘿𑘧𑘎𑘿𑘨𑘦𑘰𑘩𑘰 𑘝𑘲𑘭 𑘦𑘰𑘡𑘿𑘧𑘪𑘨 𑘄𑘢𑘭𑘿𑘞𑘱𑘝 𑘮𑘻𑘝𑘹.,176
data/synthetic/images/line_0176_v019.png,कार्यक्रमाला तीस मान्यवर उपस्थित होते.,𑘎𑘰𑘨𑘿𑘧𑘎𑘿𑘨𑘦𑘰𑘩𑘰 𑘝𑘲𑘭 𑘦𑘰𑘡𑘿𑘧𑘪𑘨 𑘄𑘢𑘭𑘿𑘞𑘱𑘝 𑘮𑘻𑘝𑘹.,176
data/synthetic/images/line_0176_v020.png,कार्यक्रमाला तीस मान्यवर उपस्थित होते.,𑘎𑘰𑘨𑘿𑘧𑘎𑘿𑘨𑘦𑘰𑘩𑘰 𑘝𑘲𑘭 𑘦𑘰𑘡𑘿𑘧𑘪𑘨 𑘄𑘢𑘭𑘿𑘞𑘱𑘝 𑘮𑘻𑘝𑘹.,176
data/synthetic/images/line_0176_v021.png,कार्यक्रमाला तीस मान्यवर उपस्थित होते.,𑘎𑘰𑘨𑘿𑘧𑘎𑘿𑘨𑘦𑘰𑘩𑘰 𑘝𑘲𑘭 𑘦𑘰𑘡𑘿𑘧𑘪𑘨 𑘄𑘢𑘭𑘿𑘞𑘱𑘝 𑘮𑘻𑘝𑘹.,176
data/synthetic/images/line_0176_v022.png,कार्यक्रमाला तीस मान्यवर उपस्थित होते.,𑘎𑘰𑘨𑘿𑘧𑘎𑘿𑘨𑘦𑘰𑘩𑘰 𑘝𑘲𑘭 𑘦𑘰𑘡𑘿𑘧𑘪𑘨 𑘄𑘢𑘭𑘿𑘞𑘱𑘝 𑘮𑘻𑘝𑘹.,176
data/synthetic/images/line_0176_v023.png,कार्यक्रमाला तीस मान्यवर उपस्थित होते.,𑘎𑘰𑘨𑘿𑘧𑘎𑘿𑘨𑘦𑘰𑘩𑘰 𑘝𑘲𑘭 𑘦𑘰𑘡𑘿𑘧𑘪𑘨 𑘄𑘢𑘭𑘿𑘞𑘱𑘝 𑘮𑘻𑘝𑘹.,176
data/synthetic/images/line_0176_v024.png,कार्यक्रमाला तीस मान्यवर उपस्थित होते.,𑘎𑘰𑘨𑘿𑘧𑘎𑘿𑘨𑘦𑘰𑘩𑘰 𑘝𑘲𑘭 𑘦𑘰𑘡𑘿𑘧𑘪𑘨 𑘄𑘢𑘭𑘿𑘞𑘱𑘝 𑘮𑘻𑘝𑘹.,176
data/synthetic/images/line_0176_v025.png,कार्यक्रमाला तीस मान्यवर उपस्थित होते.,𑘎𑘰𑘨𑘿𑘧𑘎𑘿𑘨𑘦𑘰𑘩𑘰 𑘝𑘲𑘭 𑘦𑘰𑘡𑘿𑘧𑘪𑘨 𑘄𑘢𑘭𑘿𑘞𑘱𑘝 𑘮𑘻𑘝𑘹.,176
data/synthetic/images/line_0176_v026.png,कार्यक्रमाला तीस मान्यवर उपस्थित होते.,𑘎𑘰𑘨𑘿𑘧𑘎𑘿𑘨𑘦𑘰𑘩𑘰 𑘝𑘲𑘭 𑘦𑘰𑘡𑘿𑘧𑘪𑘨 𑘄𑘢𑘭𑘿𑘞𑘱𑘝 𑘮𑘻𑘝𑘹.,176
data/synthetic/images/line_0176_v027.png,कार्यक्रमाला तीस मान्यवर उपस्थित होते.,𑘎𑘰𑘨𑘿𑘧𑘎𑘿𑘨𑘦𑘰𑘩𑘰 𑘝𑘲𑘭 𑘦𑘰𑘡𑘿𑘧𑘪𑘨 𑘄𑘢𑘭𑘿𑘞𑘱𑘝 𑘮𑘻𑘝𑘹.,176
data/synthetic/images/line_0176_v028.png,कार्यक्रमाला तीस मान्यवर उपस्थित होते.,𑘎𑘰𑘨𑘿𑘧𑘎𑘿𑘨𑘦𑘰𑘩𑘰 𑘝𑘲𑘭 𑘦𑘰𑘡𑘿𑘧𑘪𑘨 𑘄𑘢𑘭𑘿𑘞𑘱𑘝 𑘮𑘻𑘝𑘹.,176
data/synthetic/images/line_0176_v029.png,कार्यक्रमाला तीस मान्यवर उपस्थित होते.,𑘎𑘰𑘨𑘿𑘧𑘎𑘿𑘨𑘦𑘰𑘩𑘰 𑘝𑘲𑘭 𑘦𑘰𑘡𑘿𑘧𑘪𑘨 𑘄𑘢𑘭𑘿𑘞𑘱𑘝 𑘮𑘻𑘝𑘹.,176
data/synthetic/images/line_0176_v030.png,कार्यक्रमाला तीस मान्यवर उपस्थित होते.,𑘎𑘰𑘨𑘿𑘧𑘎𑘿𑘨𑘦𑘰𑘩𑘰 𑘝𑘲𑘭 𑘦𑘰𑘡𑘿𑘧𑘪𑘨 𑘄𑘢𑘭𑘿𑘞𑘱𑘝 𑘮𑘻𑘝𑘹.,176
data/synthetic/images/line_0176_v031.png,कार्यक्रमाला तीस मान्यवर उपस्थित होते.,𑘎𑘰𑘨𑘿𑘧𑘎𑘿𑘨𑘦𑘰𑘩𑘰 𑘝𑘲𑘭 𑘦𑘰𑘡𑘿𑘧𑘪𑘨 𑘄𑘢𑘭𑘿𑘞𑘱𑘝 𑘮𑘻𑘝𑘹.,176
data/synthetic/images/line_0176_v032.png,कार्यक्रमाला तीस मान्यवर उपस्थित होते.,𑘎𑘰𑘨𑘿𑘧𑘎𑘿𑘨𑘦𑘰𑘩𑘰 𑘝𑘲𑘭 𑘦𑘰𑘡𑘿𑘧𑘪𑘨 𑘄𑘢𑘭𑘿𑘞𑘱𑘝 𑘮𑘻𑘝𑘹.,176
data/synthetic/images/line_0176_v033.png,कार्यक्रमाला तीस मान्यवर उपस्थित होते.,𑘎𑘰𑘨𑘿𑘧𑘎𑘿𑘨𑘦𑘰𑘩𑘰 𑘝𑘲𑘭 𑘦𑘰𑘡𑘿𑘧𑘪𑘨 𑘄𑘢𑘭𑘿𑘞𑘱𑘝 𑘮𑘻𑘝𑘹.,176
data/synthetic/images/line_0176_v034.png,कार्यक्रमाला तीस मान्यवर उपस्थित होते.,𑘎𑘰𑘨𑘿𑘧𑘎𑘿𑘨𑘦𑘰𑘩𑘰 𑘝𑘲𑘭 𑘦𑘰𑘡𑘿𑘧𑘪𑘨 𑘄𑘢𑘭𑘿𑘞𑘱𑘝 𑘮𑘻𑘝𑘹.,176
data/synthetic/images/line_0176_v035.png,कार्यक्रमाला तीस मान्यवर उपस्थित होते.,𑘎𑘰𑘨𑘿𑘧𑘎𑘿𑘨𑘦𑘰𑘩𑘰 𑘝𑘲𑘭 𑘦𑘰𑘡𑘿𑘧𑘪𑘨 𑘄𑘢𑘭𑘿𑘞𑘱𑘝 𑘮𑘻𑘝𑘹.,176
data/synthetic/images/line_0176_v036.png,कार्यक्रमाला तीस मान्यवर उपस्थित होते.,𑘎𑘰𑘨𑘿𑘧𑘎𑘿𑘨𑘦𑘰𑘩𑘰 𑘝𑘲𑘭 𑘦𑘰𑘡𑘿𑘧𑘪𑘨 𑘄𑘢𑘭𑘿𑘞𑘱𑘝 𑘮𑘻𑘝𑘹.,176
data/synthetic/images/line_0176_v037.png,कार्यक्रमाला तीस मान्यवर उपस्थित होते.,𑘎𑘰𑘨𑘿𑘧𑘎𑘿𑘨𑘦𑘰𑘩𑘰 𑘝𑘲𑘭 𑘦𑘰𑘡𑘿𑘧𑘪𑘨 𑘄𑘢𑘭𑘿𑘞𑘱𑘝 𑘮𑘻𑘝𑘹.,176
data/synthetic/images/line_0176_v038.png,कार्यक्रमाला तीस मान्यवर उपस्थित होते.,𑘎𑘰𑘨𑘿𑘧𑘎𑘿𑘨𑘦𑘰𑘩𑘰 𑘝𑘲𑘭 𑘦𑘰𑘡𑘿𑘧𑘪𑘨 𑘄𑘢𑘭𑘿𑘞𑘱𑘝 𑘮𑘻𑘝𑘹.,176
data/synthetic/images/line_0176_v039.png,कार्यक्रमाला तीस मान्यवर उपस्थित होते.,𑘎𑘰𑘨𑘿𑘧𑘎𑘿𑘨𑘦𑘰𑘩𑘰 𑘝𑘲𑘭 𑘦𑘰𑘡𑘿𑘧𑘪𑘨 𑘄𑘢𑘭𑘿𑘞𑘱𑘝 𑘮𑘻𑘝𑘹.,176
data/synthetic/images/line_0177_v000.png,सभेला वीस लोक हजर होते.,𑘭𑘥𑘹𑘩𑘰 𑘪𑘲𑘭 𑘩𑘻𑘎 𑘮𑘕𑘨 𑘮𑘻𑘝𑘹.,177
data/synthetic/images/line_0177_v001.png,सभेला वीस लोक हजर होते.,𑘭𑘥𑘹𑘩𑘰 𑘪𑘲𑘭 𑘩𑘻𑘎 𑘮𑘕𑘨 𑘮𑘻𑘝𑘹.,177
data/synthetic/images/line_0177_v002.png,सभेला वीस लोक हजर होते.,𑘭𑘥𑘹𑘩𑘰 𑘪𑘲𑘭 𑘩𑘻𑘎 𑘮𑘕𑘨 𑘮𑘻𑘝𑘹.,177
data/synthetic/images/line_0177_v003.png,सभेला वीस लोक हजर होते.,𑘭𑘥𑘹𑘩𑘰 𑘪𑘲𑘭 𑘩𑘻𑘎 𑘮𑘕𑘨 𑘮𑘻𑘝𑘹.,177
data/synthetic/images/line_0177_v004.png,सभेला वीस लोक हजर होते.,𑘭𑘥𑘹𑘩𑘰 𑘪𑘲𑘭 𑘩𑘻𑘎 𑘮𑘕𑘨 𑘮𑘻𑘝𑘹.,177
data/synthetic/images/line_0177_v005.png,सभेला वीस लोक हजर होते.,𑘭𑘥𑘹𑘩𑘰 𑘪𑘲𑘭 𑘩𑘻𑘎 𑘮𑘕𑘨 𑘮𑘻𑘝𑘹.,177
data/synthetic/images/line_0177_v006.png,सभेला वीस लोक हजर होते.,𑘭𑘥𑘹𑘩𑘰 𑘪𑘲𑘭 𑘩𑘻𑘎 𑘮𑘕𑘨 𑘮𑘻𑘝𑘹.,177
data/synthetic/images/line_0177_v007.png,सभेला वीस लोक हजर होते.,𑘭𑘥𑘹𑘩𑘰 𑘪𑘲𑘭 𑘩𑘻𑘎 𑘮𑘕𑘨 𑘮𑘻𑘝𑘹.,177
data/synthetic/images/line_0177_v008.png,सभेला वीस लोक हजर होते.,𑘭𑘥𑘹𑘩𑘰 𑘪𑘲𑘭 𑘩𑘻𑘎 𑘮𑘕𑘨 𑘮𑘻𑘝𑘹.,177
data/synthetic/images/line_0177_v009.png,सभेला वीस लोक हजर होते.,𑘭𑘥𑘹𑘩𑘰 𑘪𑘲𑘭 𑘩𑘻𑘎 𑘮𑘕𑘨 𑘮𑘻𑘝𑘹.,177
data/synthetic/images/line_0177_v010.png,सभेला वीस लोक हजर होते.,𑘭𑘥𑘹𑘩𑘰 𑘪𑘲𑘭 𑘩𑘻𑘎 𑘮𑘕𑘨 𑘮𑘻𑘝𑘹.,177
data/synthetic/images/line_0177_v011.png,सभेला वीस लोक हजर होते.,𑘭𑘥𑘹𑘩𑘰 𑘪𑘲𑘭 𑘩𑘻𑘎 𑘮𑘕𑘨 𑘮𑘻𑘝𑘹.,177
data/synthetic/images/line_0177_v012.png,सभेला वीस लोक हजर होते.,𑘭𑘥𑘹𑘩𑘰 𑘪𑘲𑘭 𑘩𑘻𑘎 𑘮𑘕𑘨 𑘮𑘻𑘝𑘹.,177
data/synthetic/images/line_0177_v013.png,सभेला वीस लोक हजर होते.,𑘭𑘥𑘹𑘩𑘰 𑘪𑘲𑘭 𑘩𑘻𑘎 𑘮𑘕𑘨 𑘮𑘻𑘝𑘹.,177
data/synthetic/images/line_0177_v014.png,सभेला वीस लोक हजर होते.,𑘭𑘥𑘹𑘩𑘰 𑘪𑘲𑘭 𑘩𑘻𑘎 𑘮𑘕𑘨 𑘮𑘻𑘝𑘹.,177
data/synthetic/images/line_0177_v015.png,सभेला वीस लोक हजर होते.,𑘭𑘥𑘹𑘩𑘰 𑘪𑘲𑘭 𑘩𑘻𑘎 𑘮𑘕𑘨 𑘮𑘻𑘝𑘹.,177
data/synthetic/images/line_0177_v016.png,सभेला वीस लोक हजर होते.,𑘭𑘥𑘹𑘩𑘰 𑘪𑘲𑘭 𑘩𑘻𑘎 𑘮𑘕𑘨 𑘮𑘻𑘝𑘹.,177
data/synthetic/images/line_0177_v017.png,सभेला वीस लोक हजर होते.,𑘭𑘥𑘹𑘩𑘰 𑘪𑘲𑘭 𑘩𑘻𑘎 𑘮𑘕𑘨 𑘮𑘻𑘝𑘹.,177
data/synthetic/images/line_0177_v018.png,सभेला वीस लोक हजर होते.,𑘭𑘥𑘹𑘩𑘰 𑘪𑘲𑘭 𑘩𑘻𑘎 𑘮𑘕𑘨 𑘮𑘻𑘝𑘹.,177
data/synthetic/images/line_0177_v019.png,सभेला वीस लोक हजर होते.,𑘭𑘥𑘹𑘩𑘰 𑘪𑘲𑘭 𑘩𑘻𑘎 𑘮𑘕𑘨 𑘮𑘻𑘝𑘹.,177
data/synthetic/images/line_0177_v020.png,सभेला वीस लोक हजर होते.,𑘭𑘥𑘹𑘩𑘰 𑘪𑘲𑘭 𑘩𑘻𑘎 𑘮𑘕𑘨 𑘮𑘻𑘝𑘹.,177
data/synthetic/images/line_0177_v021.png,सभेला वीस लोक हजर होते.,𑘭𑘥𑘹𑘩𑘰 𑘪𑘲𑘭 𑘩𑘻𑘎 𑘮𑘕𑘨 𑘮𑘻𑘝𑘹.,177
data/synthetic/images/line_0177_v022.png,सभेला वीस लोक हजर होते.,𑘭𑘥𑘹𑘩𑘰 𑘪𑘲𑘭 𑘩𑘻𑘎 𑘮𑘕𑘨 𑘮𑘻𑘝𑘹.,177
data/synthetic/images/line_0177_v023.png,सभेला वीस लोक हजर होते.,𑘭𑘥𑘹𑘩𑘰 𑘪𑘲𑘭 𑘩𑘻𑘎 𑘮𑘕𑘨 𑘮𑘻𑘝𑘹.,177
data/synthetic/images/line_0177_v024.png,सभेला वीस लोक हजर होते.,𑘭𑘥𑘹𑘩𑘰 𑘪𑘲𑘭 𑘩𑘻𑘎 𑘮𑘕𑘨 𑘮𑘻𑘝𑘹.,177
data/synthetic/images/line_0177_v025.png,सभेला वीस लोक हजर होते.,𑘭𑘥𑘹𑘩𑘰 𑘪𑘲𑘭 𑘩𑘻𑘎 𑘮𑘕𑘨 𑘮𑘻𑘝𑘹.,177
data/synthetic/images/line_0177_v026.png,सभेला वीस लोक हजर होते.,𑘭𑘥𑘹𑘩𑘰 𑘪𑘲𑘭 𑘩𑘻𑘎 𑘮𑘕𑘨 𑘮𑘻𑘝𑘹.,177
data/synthetic/images/line_0177_v027.png,सभेला वीस लोक हजर होते.,𑘭𑘥𑘹𑘩𑘰 𑘪𑘲𑘭 𑘩𑘻𑘎 𑘮𑘕𑘨 𑘮𑘻𑘝𑘹.,177
data/synthetic/images/line_0177_v028.png,सभेला वीस लोक हजर होते.,𑘭𑘥𑘹𑘩𑘰 𑘪𑘲𑘭 𑘩𑘻𑘎 𑘮𑘕𑘨 𑘮𑘻𑘝𑘹.,177
data/synthetic/images/line_0177_v029.png,सभेला वीस लोक हजर होते.,𑘭𑘥𑘹𑘩𑘰 𑘪𑘲𑘭 𑘩𑘻𑘎 𑘮𑘕𑘨 𑘮𑘻𑘝𑘹.,177
data/synthetic/images/line_0177_v030.png,सभेला वीस लोक हजर होते.,𑘭𑘥𑘹𑘩𑘰 𑘪𑘲𑘭 𑘩𑘻𑘎 𑘮𑘕𑘨 𑘮𑘻𑘝𑘹.,177
data/synthetic/images/line_0177_v031.png,सभेला वीस लोक हजर होते.,𑘭𑘥𑘹𑘩𑘰 𑘪𑘲𑘭 𑘩𑘻𑘎 𑘮𑘕𑘨 𑘮𑘻𑘝𑘹.,177
data/synthetic/images/line_0177_v032.png,सभेला वीस लोक हजर होते.,𑘭𑘥𑘹𑘩𑘰 𑘪𑘲𑘭 𑘩𑘻𑘎 𑘮𑘕𑘨 𑘮𑘻𑘝𑘹.,177
data/synthetic/images/line_0177_v033.png,सभेला वीस लोक हजर होते.,𑘭𑘥𑘹𑘩𑘰 𑘪𑘲𑘭 𑘩𑘻𑘎 𑘮𑘕𑘨 𑘮𑘻𑘝𑘹.,177
data/synthetic/images/line_0177_v034.png,सभेला वीस लोक हजर होते.,𑘭𑘥𑘹𑘩𑘰 𑘪𑘲𑘭 𑘩𑘻𑘎 𑘮𑘕𑘨 𑘮𑘻𑘝𑘹.,177
data/synthetic/images/line_0177_v035.png,सभेला वीस लोक हजर होते.,𑘭𑘥𑘹𑘩𑘰 𑘪𑘲𑘭 𑘩𑘻𑘎 𑘮𑘕𑘨 𑘮𑘻𑘝𑘹.,177
data/synthetic/images/line_0177_v036.png,सभेला वीस लोक हजर होते.,𑘭𑘥𑘹𑘩𑘰 𑘪𑘲𑘭 𑘩𑘻𑘎 𑘮𑘕𑘨 𑘮𑘻𑘝𑘹.,177
data/synthetic/images/line_0177_v037.png,सभेला वीस लोक हजर होते.,𑘭𑘥𑘹𑘩𑘰 𑘪𑘲𑘭 𑘩𑘻𑘎 𑘮𑘕𑘨 𑘮𑘻𑘝𑘹.,177
data/synthetic/images/line_0177_v038.png,सभेला वीस लोक हजर होते.,𑘭𑘥𑘹𑘩𑘰 𑘪𑘲𑘭 𑘩𑘻𑘎 𑘮𑘕𑘨 𑘮𑘻𑘝𑘹.,177
data/synthetic/images/line_0177_v039.png,सभेला वीस लोक हजर होते.,𑘭𑘥𑘹𑘩𑘰 𑘪𑘲𑘭 𑘩𑘻𑘎 𑘮𑘕𑘨 𑘮𑘻𑘝𑘹.,177
